id,role,family,sex_analysis,left_out_batch,remaining_batches,batch_term_dropped,formula,component,is_classification_component,status,error,estimate,se,df,df_method,low_df_label,primary_estimate,same_sign_as_primary,n_obs,n_animals,n_cages,rank,singular,converged,fit_messages
SCREEN-CONT-OCC-F,DISCOVERY,SCREEN-CONT,F,B3,2,FALSE,CombZ ~ Batch + x,x,TRUE,OK,,-0.936193190012318,0.232653654610078,3.86114788943878,Satterthwaite (CR2),LOW_DF,-0.583190848156649,TRUE,30,30,8,3,,TRUE,""
SCREEN-CONT-OCC-F,DISCOVERY,SCREEN-CONT,F,B4,2,FALSE,CombZ ~ Batch + x,x,TRUE,OK,,-0.567648203684662,0.424532863269267,4.46014864190988,Satterthwaite (CR2),NOT_LOW_DF,-0.583190848156649,TRUE,31,31,8,3,,TRUE,""
SCREEN-CONT-OCC-F,DISCOVERY,SCREEN-CONT,F,B6,2,FALSE,CombZ ~ Batch + x,x,TRUE,OK,,0.171291992345305,0.543286313998883,4.0875139966135,Satterthwaite (CR2),NOT_LOW_DF,-0.583190848156649,FALSE,31,31,8,3,,TRUE,""
SCREEN-CONT-OCC-M,DISCOVERY,SCREEN-CONT,M,B1,2,FALSE,CombZ ~ Batch + x,x,TRUE,OK,,1.17076780584872,0.496587756792331,5.46416445475046,Satterthwaite (CR2),NOT_LOW_DF,0.714241370638449,TRUE,31,31,8,3,,TRUE,""
SCREEN-CONT-OCC-M,DISCOVERY,SCREEN-CONT,M,B2,2,FALSE,CombZ ~ Batch + x,x,TRUE,OK,,0.61972611776566,0.531862192053651,2.65836465698758,Satterthwaite (CR2),LOW_DF,0.714241370638449,TRUE,25,25,8,3,,TRUE,""
SCREEN-CONT-OCC-M,DISCOVERY,SCREEN-CONT,M,B5,2,FALSE,CombZ ~ Batch + x,x,TRUE,OK,,0.515259510372833,0.284864623695679,3.80216175630964,Satterthwaite (CR2),LOW_DF,0.714241370638449,TRUE,26,26,8,3,,TRUE,""
SCREEN-CONT-OCC-INT,DISCOVERY,SCREEN-CONT,INT,B1,5,FALSE,CombZ ~ Batch + x + x:sex_c,x:sex_c,TRUE,OK,,-1.75395865400541,0.613616135111864,7.01094634454078,Satterthwaite (CR2),NOT_LOW_DF,-1.29743221879508,TRUE,77,77,20,7,,TRUE,""
SCREEN-CONT-OCC-INT,DISCOVERY,SCREEN-CONT,INT,B2,5,FALSE,CombZ ~ Batch + x + x:sex_c,x:sex_c,TRUE,OK,,-1.20291696592231,0.642497278134057,3.6888031889768,Satterthwaite (CR2),LOW_DF,-1.29743221879508,TRUE,71,71,20,7,,TRUE,""
SCREEN-CONT-OCC-INT,DISCOVERY,SCREEN-CONT,INT,B3,5,FALSE,CombZ ~ Batch + x + x:sex_c,x:sex_c,TRUE,OK,,-1.65043456065076,0.437174578130945,8.51048862941189,Satterthwaite (CR2),NOT_LOW_DF,-1.29743221879508,TRUE,71,71,20,7,,TRUE,""
SCREEN-CONT-OCC-INT,DISCOVERY,SCREEN-CONT,INT,B4,5,FALSE,CombZ ~ Batch + x + x:sex_c,x:sex_c,TRUE,OK,,-1.28188957432311,0.563224680528213,8.46909267477424,Satterthwaite (CR2),NOT_LOW_DF,-1.29743221879508,TRUE,72,72,20,7,,TRUE,""
SCREEN-CONT-OCC-INT,DISCOVERY,SCREEN-CONT,INT,B5,5,FALSE,CombZ ~ Batch + x + x:sex_c,x:sex_c,TRUE,OK,,-1.09845035852949,0.45942705069125,5.63882710767945,Satterthwaite (CR2),NOT_LOW_DF,-1.29743221879508,TRUE,72,72,20,7,,TRUE,""
SCREEN-CONT-OCC-INT,DISCOVERY,SCREEN-CONT,INT,B6,5,FALSE,CombZ ~ Batch + x + x:sex_c,x:sex_c,TRUE,OK,,-0.542949378293149,0.657384140163882,9.49730896935927,Satterthwaite (CR2),NOT_LOW_DF,-1.29743221879508,TRUE,72,72,20,7,,TRUE,""
SCREEN-CONT-FRAG-F,DISCOVERY,SCREEN-CONT,F,B3,2,FALSE,CombZ ~ Batch + x,x,TRUE,OK,,0.468609541840244,1.64964359785557,5.05792118499541,Satterthwaite (CR2),NOT_LOW_DF,1.08118460957451,TRUE,30,30,8,3,,TRUE,""
SCREEN-CONT-FRAG-F,DISCOVERY,SCREEN-CONT,F,B4,2,FALSE,CombZ ~ Batch + x,x,TRUE,OK,,1.47321648029318,1.90903611523903,5.23587887170273,Satterthwaite (CR2),NOT_LOW_DF,1.08118460957451,TRUE,31,31,8,3,,TRUE,""
SCREEN-CONT-FRAG-F,DISCOVERY,SCREEN-CONT,F,B6,2,FALSE,CombZ ~ Batch + x,x,TRUE,OK,,1.32738025811752,2.45844394711991,6.25561677678038,Satterthwaite (CR2),NOT_LOW_DF,1.08118460957451,TRUE,31,31,8,3,,TRUE,""
SCREEN-CONT-FRAG-M,DISCOVERY,SCREEN-CONT,M,B1,2,FALSE,CombZ ~ Batch + x,x,TRUE,OK,,-1.11878012208645,0.748812248546297,5.40633112003317,Satterthwaite (CR2),NOT_LOW_DF,-0.611529027992153,TRUE,31,31,8,3,,TRUE,""
SCREEN-CONT-FRAG-M,DISCOVERY,SCREEN-CONT,M,B2,2,FALSE,CombZ ~ Batch + x,x,TRUE,OK,,-0.0269103360552275,1.24099148012233,4.49016805382324,Satterthwaite (CR2),NOT_LOW_DF,-0.611529027992153,TRUE,25,25,8,3,,TRUE,""
SCREEN-CONT-FRAG-M,DISCOVERY,SCREEN-CONT,M,B5,2,FALSE,CombZ ~ Batch + x,x,TRUE,OK,,-0.418905769803494,1.08766764100861,4.37404180971668,Satterthwaite (CR2),NOT_LOW_DF,-0.611529027992153,TRUE,26,26,8,3,,TRUE,""
SCREEN-CONT-FRAG-INT,DISCOVERY,SCREEN-CONT,INT,B1,5,FALSE,CombZ ~ Batch + x + x:sex_c,x:sex_c,TRUE,OK,,2.19996473166095,1.74173387506792,13.8543564430525,Satterthwaite (CR2),NOT_LOW_DF,1.69271363756666,TRUE,77,77,20,7,,TRUE,""
SCREEN-CONT-FRAG-INT,DISCOVERY,SCREEN-CONT,INT,B2,5,FALSE,CombZ ~ Batch + x + x:sex_c,x:sex_c,TRUE,OK,,1.10809494562972,2.00324161341619,11.1449944693019,Satterthwaite (CR2),NOT_LOW_DF,1.69271363756666,TRUE,71,71,20,7,,TRUE,""
SCREEN-CONT-FRAG-INT,DISCOVERY,SCREEN-CONT,INT,B3,5,FALSE,CombZ ~ Batch + x + x:sex_c,x:sex_c,TRUE,OK,,1.08013856983237,1.82898412087741,8.92171921083984,Satterthwaite (CR2),NOT_LOW_DF,1.69271363756666,TRUE,71,71,20,7,,TRUE,""
SCREEN-CONT-FRAG-INT,DISCOVERY,SCREEN-CONT,INT,B4,5,FALSE,CombZ ~ Batch + x + x:sex_c,x:sex_c,TRUE,OK,,2.08474550828533,2.06598107536413,9.32017395847008,Satterthwaite (CR2),NOT_LOW_DF,1.69271363756666,TRUE,72,72,20,7,,TRUE,""
SCREEN-CONT-FRAG-INT,DISCOVERY,SCREEN-CONT,INT,B5,5,FALSE,CombZ ~ Batch + x + x:sex_c,x:sex_c,TRUE,OK,,1.500090379378,1.91205073292614,12.1155818753806,Satterthwaite (CR2),NOT_LOW_DF,1.69271363756666,TRUE,72,72,20,7,,TRUE,""
SCREEN-CONT-FRAG-INT,DISCOVERY,SCREEN-CONT,INT,B6,5,FALSE,CombZ ~ Batch + x + x:sex_c,x:sex_c,TRUE,OK,,1.93890928610967,2.58220943294814,10.178983832525,Satterthwaite (CR2),NOT_LOW_DF,1.69271363756666,TRUE,72,72,20,7,,TRUE,""
SCREEN-CONT-LPCR-F,DISCOVERY,SCREEN-CONT,F,B3,2,FALSE,CombZ ~ Batch + x,x,TRUE,OK,,0.025892478953115,0.0720821050432512,3.99789615717639,Satterthwaite (CR2),LOW_DF,-0.0252533931512868,FALSE,30,30,8,3,,TRUE,""
SCREEN-CONT-LPCR-F,DISCOVERY,SCREEN-CONT,F,B4,2,FALSE,CombZ ~ Batch + x,x,TRUE,OK,,-0.0407481492489854,0.0576670781014567,2.53630432222173,Satterthwaite (CR2),LOW_DF,-0.0252533931512868,TRUE,31,31,8,3,,TRUE,""
SCREEN-CONT-LPCR-F,DISCOVERY,SCREEN-CONT,F,B6,2,FALSE,CombZ ~ Batch + x,x,TRUE,OK,,-0.0442603581918411,0.0693134558278381,2.98995358892224,Satterthwaite (CR2),LOW_DF,-0.0252533931512868,TRUE,31,31,8,3,,TRUE,""
SCREEN-CONT-LPCR-M,DISCOVERY,SCREEN-CONT,M,B1,2,FALSE,CombZ ~ Batch + x,x,TRUE,OK,,0.0761638792509651,0.0634277988644606,4.00803896747072,Satterthwaite (CR2),NOT_LOW_DF,0.0396487552695851,TRUE,31,31,8,3,,TRUE,""
SCREEN-CONT-LPCR-M,DISCOVERY,SCREEN-CONT,M,B2,2,FALSE,CombZ ~ Batch + x,x,TRUE,OK,,0.0593808231633178,0.0701039735142714,4.59827175573089,Satterthwaite (CR2),NOT_LOW_DF,0.0396487552695851,TRUE,25,25,8,3,,TRUE,""
SCREEN-CONT-LPCR-M,DISCOVERY,SCREEN-CONT,M,B5,2,FALSE,CombZ ~ Batch + x,x,TRUE,OK,,-0.0226026558128472,0.056544134101844,3.22320289096476,Satterthwaite (CR2),LOW_DF,0.0396487552695851,FALSE,26,26,8,3,,TRUE,""
SCREEN-CONT-LPCR-INT,DISCOVERY,SCREEN-CONT,INT,B1,5,FALSE,CombZ ~ Batch + x + x:sex_c,x:sex_c,TRUE,OK,,-0.101417272402252,0.080407568207507,6.78169297280734,Satterthwaite (CR2),NOT_LOW_DF,-0.0649021484208722,TRUE,77,77,20,7,,TRUE,""
SCREEN-CONT-LPCR-INT,DISCOVERY,SCREEN-CONT,INT,B2,5,FALSE,CombZ ~ Batch + x + x:sex_c,x:sex_c,TRUE,OK,,-0.0846342163146048,0.0857721310143572,8.32506831512523,Satterthwaite (CR2),NOT_LOW_DF,-0.0649021484208722,TRUE,71,71,20,7,,TRUE,""
SCREEN-CONT-LPCR-INT,DISCOVERY,SCREEN-CONT,INT,B3,5,FALSE,CombZ ~ Batch + x + x:sex_c,x:sex_c,TRUE,OK,,-0.0137562763164705,0.0907765683383405,9.1636104222592,Satterthwaite (CR2),NOT_LOW_DF,-0.0649021484208722,TRUE,71,71,20,7,,TRUE,""
SCREEN-CONT-LPCR-INT,DISCOVERY,SCREEN-CONT,INT,B4,5,FALSE,CombZ ~ Batch + x + x:sex_c,x:sex_c,TRUE,OK,,-0.0803969045185707,0.0798125766316227,7.61842499152039,Satterthwaite (CR2),NOT_LOW_DF,-0.0649021484208722,TRUE,72,72,20,7,,TRUE,""
SCREEN-CONT-LPCR-INT,DISCOVERY,SCREEN-CONT,INT,B5,5,FALSE,CombZ ~ Batch + x + x:sex_c,x:sex_c,TRUE,OK,,-0.00265073733843974,0.0750968072396004,5.6132561014901,Satterthwaite (CR2),NOT_LOW_DF,-0.0649021484208722,TRUE,72,72,20,7,,TRUE,""
SCREEN-CONT-LPCR-INT,DISCOVERY,SCREEN-CONT,INT,B6,5,FALSE,CombZ ~ Batch + x + x:sex_c,x:sex_c,TRUE,OK,,-0.0839091134614265,0.0885940779658371,8.58447452207366,Satterthwaite (CR2),NOT_LOW_DF,-0.0649021484208722,TRUE,72,72,20,7,,TRUE,""
SCREEN-L-PCR-F,DISCOVERY,SCREEN-L,F,B3,2,FALSE,y ~ Batch + CombZ_wb + c2 + c3 + c4 + CombZ_wb:(c2 + c3 + c4) + (1 + cc1 || AnimalID) + (1 | CageEpisodeID),CombZ_wb:c2,TRUE,OK,,4.65729551280368,1.96309703847696,,none (KR-adjusted SE only),"",3.40780434340709,TRUE,120,30,32,9,FALSE,TRUE,""
SCREEN-L-PCR-F,DISCOVERY,SCREEN-L,F,B3,2,FALSE,y ~ Batch + CombZ_wb + c2 + c3 + c4 + CombZ_wb:(c2 + c3 + c4) + (1 + cc1 || AnimalID) + (1 | CageEpisodeID),CombZ_wb:c3,FALSE,OK,,3.80507049828831,2.31122530182531,,none (KR-adjusted SE only),"",2.12130396352223,TRUE,120,30,32,9,FALSE,TRUE,""
SCREEN-L-PCR-F,DISCOVERY,SCREEN-L,F,B3,2,FALSE,y ~ Batch + CombZ_wb + c2 + c3 + c4 + CombZ_wb:(c2 + c3 + c4) + (1 + cc1 || AnimalID) + (1 | CageEpisodeID),CombZ_wb:c4,FALSE,OK,,1.29722484170348,2.85696910086741,,none (KR-adjusted SE only),"",-0.558478599462198,FALSE,120,30,32,9,FALSE,TRUE,""
SCREEN-L-PCR-F,DISCOVERY,SCREEN-L,F,B4,2,FALSE,y ~ Batch + CombZ_wb + c2 + c3 + c4 + CombZ_wb:(c2 + c3 + c4) + (1 + cc1 || AnimalID) + (1 | CageEpisodeID),CombZ_wb:c2,TRUE,OK,,3.50379141965261,1.50957409660275,,none (KR-adjusted SE only),"",3.40780434340709,TRUE,124,31,32,9,FALSE,TRUE,""
SCREEN-L-PCR-F,DISCOVERY,SCREEN-L,F,B4,2,FALSE,y ~ Batch + CombZ_wb + c2 + c3 + c4 + CombZ_wb:(c2 + c3 + c4) + (1 + cc1 || AnimalID) + (1 | CageEpisodeID),CombZ_wb:c3,FALSE,OK,,0.886051348183842,1.8766402933557,,none (KR-adjusted SE only),"",2.12130396352223,TRUE,124,31,32,9,FALSE,TRUE,""
SCREEN-L-PCR-F,DISCOVERY,SCREEN-L,F,B4,2,FALSE,y ~ Batch + CombZ_wb + c2 + c3 + c4 + CombZ_wb:(c2 + c3 + c4) + (1 + cc1 || AnimalID) + (1 | CageEpisodeID),CombZ_wb:c4,FALSE,OK,,-0.848869385592566,2.2704976132234,,none (KR-adjusted SE only),"",-0.558478599462198,TRUE,124,31,32,9,FALSE,TRUE,""
SCREEN-L-PCR-F,DISCOVERY,SCREEN-L,F,B6,2,FALSE,y ~ Batch + CombZ_wb + c2 + c3 + c4 + CombZ_wb:(c2 + c3 + c4) + (1 + cc1 || AnimalID) + (1 | CageEpisodeID),CombZ_wb:c2,TRUE,OK,,2.04353072131291,1.82865185138292,,none (KR-adjusted SE only),"",3.40780434340709,TRUE,124,31,32,9,FALSE,TRUE,""
SCREEN-L-PCR-F,DISCOVERY,SCREEN-L,F,B6,2,FALSE,y ~ Batch + CombZ_wb + c2 + c3 + c4 + CombZ_wb:(c2 + c3 + c4) + (1 + cc1 || AnimalID) + (1 | CageEpisodeID),CombZ_wb:c3,FALSE,OK,,2.03656780441157,2.27100799552545,,none (KR-adjusted SE only),"",2.12130396352223,TRUE,124,31,32,9,FALSE,TRUE,""
SCREEN-L-PCR-F,DISCOVERY,SCREEN-L,F,B6,2,FALSE,y ~ Batch + CombZ_wb + c2 + c3 + c4 + CombZ_wb:(c2 + c3 + c4) + (1 + cc1 || AnimalID) + (1 | CageEpisodeID),CombZ_wb:c4,FALSE,OK,,-2.22705904420923,2.652858378699,,none (KR-adjusted SE only),"",-0.558478599462198,TRUE,124,31,32,9,FALSE,TRUE,""
SCREEN-L-PCR-M,DISCOVERY,SCREEN-L,M,B1,2,FALSE,y ~ Batch + CombZ_wb + c2 + c3 + c4 + CombZ_wb:(c2 + c3 + c4) + (1 + cc1 || AnimalID) + (1 | CageEpisodeID),CombZ_wb:c2,FALSE,OK,,-0.970860138317087,1.13090651800896,,none (KR-adjusted SE only),"",-0.391537885866108,TRUE,124,31,32,9,FALSE,TRUE,""
SCREEN-L-PCR-M,DISCOVERY,SCREEN-L,M,B1,2,FALSE,y ~ Batch + CombZ_wb + c2 + c3 + c4 + CombZ_wb:(c2 + c3 + c4) + (1 + cc1 || AnimalID) + (1 | CageEpisodeID),CombZ_wb:c3,FALSE,OK,,-0.795839449308854,1.26305658805009,,none (KR-adjusted SE only),"",-1.33591257865408,TRUE,124,31,32,9,FALSE,TRUE,""
SCREEN-L-PCR-M,DISCOVERY,SCREEN-L,M,B1,2,FALSE,y ~ Batch + CombZ_wb + c2 + c3 + c4 + CombZ_wb:(c2 + c3 + c4) + (1 + cc1 || AnimalID) + (1 | CageEpisodeID),CombZ_wb:c4,TRUE,OK,,-2.17135466507003,1.56367192025366,,none (KR-adjusted SE only),"",-3.00966426721526,TRUE,124,31,32,9,FALSE,TRUE,""
SCREEN-L-PCR-M,DISCOVERY,SCREEN-L,M,B2,2,FALSE,y ~ Batch + CombZ_wb + c2 + c3 + c4 + CombZ_wb:(c2 + c3 + c4) + (1 + cc1 || AnimalID) + (1 | CageEpisodeID),CombZ_wb:c2,FALSE,OK,,-0.512093299070525,1.95795657742886,,none (KR-adjusted SE only),"",-0.391537885866108,TRUE,100,25,32,9,FALSE,TRUE,""
SCREEN-L-PCR-M,DISCOVERY,SCREEN-L,M,B2,2,FALSE,y ~ Batch + CombZ_wb + c2 + c3 + c4 + CombZ_wb:(c2 + c3 + c4) + (1 + cc1 || AnimalID) + (1 | CageEpisodeID),CombZ_wb:c3,FALSE,OK,,-2.70303478655002,1.97895796590142,,none (KR-adjusted SE only),"",-1.33591257865408,TRUE,100,25,32,9,FALSE,TRUE,""
SCREEN-L-PCR-M,DISCOVERY,SCREEN-L,M,B2,2,FALSE,y ~ Batch + CombZ_wb + c2 + c3 + c4 + CombZ_wb:(c2 + c3 + c4) + (1 + cc1 || AnimalID) + (1 | CageEpisodeID),CombZ_wb:c4,TRUE,OK,,-6.53573454343276,2.13537968427838,,none (KR-adjusted SE only),"",-3.00966426721526,TRUE,100,25,32,9,FALSE,TRUE,""
SCREEN-L-PCR-M,DISCOVERY,SCREEN-L,M,B5,2,FALSE,y ~ Batch + CombZ_wb + c2 + c3 + c4 + CombZ_wb:(c2 + c3 + c4) + (1 + cc1 || AnimalID) + (1 | CageEpisodeID),CombZ_wb:c2,FALSE,OK,,0.206553989278541,1.37841066460922,,none (KR-adjusted SE only),"",-0.391537885866108,FALSE,104,26,32,9,FALSE,TRUE,""
SCREEN-L-PCR-M,DISCOVERY,SCREEN-L,M,B5,2,FALSE,y ~ Batch + CombZ_wb + c2 + c3 + c4 + CombZ_wb:(c2 + c3 + c4) + (1 + cc1 || AnimalID) + (1 | CageEpisodeID),CombZ_wb:c3,FALSE,OK,,-1.33366213423924,1.59871071886133,,none (KR-adjusted SE only),"",-1.33591257865408,TRUE,104,26,32,9,FALSE,TRUE,""
SCREEN-L-PCR-M,DISCOVERY,SCREEN-L,M,B5,2,FALSE,y ~ Batch + CombZ_wb + c2 + c3 + c4 + CombZ_wb:(c2 + c3 + c4) + (1 + cc1 || AnimalID) + (1 | CageEpisodeID),CombZ_wb:c4,TRUE,OK,,-1.81840622228087,1.88505592546482,,none (KR-adjusted SE only),"",-3.00966426721526,TRUE,104,26,32,9,FALSE,TRUE,""
SCREEN-L-PCR-INT,DISCOVERY,SCREEN-L,INT,B1,5,FALSE,y ~ Batch + CombZ_wb + c2 + c3 + c4 + CombZ_wb:(c2 + c3 + c4) + CombZ_wb:sex_c + (c2 + c3 + c4):sex_c + CombZ_wb:(c2 + c3 + c4):sex_c + (1 + cc1 || AnimalID) + (1 | CageEpisodeID),CombZ_wb:c2:sex_c,TRUE,OK,,4.41272612072689,2.05463570621045,,none (KR-adjusted SE only),"",3.81589653628467,TRUE,308,77,80,19,FALSE,TRUE,""
SCREEN-L-PCR-INT,DISCOVERY,SCREEN-L,INT,B1,5,FALSE,y ~ Batch + CombZ_wb + c2 + c3 + c4 + CombZ_wb:(c2 + c3 + c4) + CombZ_wb:sex_c + (c2 + c3 + c4):sex_c + CombZ_wb:(c2 + c3 + c4):sex_c + (1 + cc1 || AnimalID) + (1 | CageEpisodeID),CombZ_wb:c3:sex_c,FALSE,OK,,2.94469896525694,2.39469728128067,,none (KR-adjusted SE only),"",3.50175085430808,TRUE,308,77,80,19,FALSE,TRUE,""
SCREEN-L-PCR-INT,DISCOVERY,SCREEN-L,INT,B1,5,FALSE,y ~ Batch + CombZ_wb + c2 + c3 + c4 + CombZ_wb:(c2 + c3 + c4) + CombZ_wb:sex_c + (c2 + c3 + c4):sex_c + CombZ_wb:(c2 + c3 + c4):sex_c + (1 + cc1 || AnimalID) + (1 | CageEpisodeID),CombZ_wb:c4:sex_c,FALSE,OK,,2.00004576838471,2.92906597793399,,none (KR-adjusted SE only),"",2.70273550148288,TRUE,308,77,80,19,FALSE,TRUE,""
SCREEN-L-PCR-INT,DISCOVERY,SCREEN-L,INT,B2,5,FALSE,y ~ Batch + CombZ_wb + c2 + c3 + c4 + CombZ_wb:(c2 + c3 + c4) + CombZ_wb:sex_c + (c2 + c3 + c4):sex_c + CombZ_wb:(c2 + c3 + c4):sex_c + (1 + cc1 || AnimalID) + (1 | CageEpisodeID),CombZ_wb:c2:sex_c,TRUE,OK,,3.84604668660168,2.78809877254998,,none (KR-adjusted SE only),"",3.81589653628467,TRUE,284,71,80,19,FALSE,TRUE,""
SCREEN-L-PCR-INT,DISCOVERY,SCREEN-L,INT,B2,5,FALSE,y ~ Batch + CombZ_wb + c2 + c3 + c4 + CombZ_wb:(c2 + c3 + c4) + CombZ_wb:sex_c + (c2 + c3 + c4):sex_c + CombZ_wb:(c2 + c3 + c4):sex_c + (1 + cc1 || AnimalID) + (1 | CageEpisodeID),CombZ_wb:c3:sex_c,FALSE,OK,,4.86141546442298,3.18269257241652,,none (KR-adjusted SE only),"",3.50175085430808,TRUE,284,71,80,19,FALSE,TRUE,""
SCREEN-L-PCR-INT,DISCOVERY,SCREEN-L,INT,B2,5,FALSE,y ~ Batch + CombZ_wb + c2 + c3 + c4 + CombZ_wb:(c2 + c3 + c4) + CombZ_wb:sex_c + (c2 + c3 + c4):sex_c + CombZ_wb:(c2 + c3 + c4):sex_c + (1 + cc1 || AnimalID) + (1 | CageEpisodeID),CombZ_wb:c4:sex_c,FALSE,OK,,6.4820656403509,3.82381408838936,,none (KR-adjusted SE only),"",2.70273550148288,TRUE,284,71,80,19,FALSE,TRUE,""
SCREEN-L-PCR-INT,DISCOVERY,SCREEN-L,INT,B3,5,FALSE,y ~ Batch + CombZ_wb + c2 + c3 + c4 + CombZ_wb:(c2 + c3 + c4) + CombZ_wb:sex_c + (c2 + c3 + c4):sex_c + CombZ_wb:(c2 + c3 + c4):sex_c + (1 + cc1 || AnimalID) + (1 | CageEpisodeID),CombZ_wb:c2:sex_c,TRUE,OK,,5.10000248521553,2.14630007503851,,none (KR-adjusted SE only),"",3.81589653628467,TRUE,284,71,80,19,FALSE,TRUE,""
SCREEN-L-PCR-INT,DISCOVERY,SCREEN-L,INT,B3,5,FALSE,y ~ Batch + CombZ_wb + c2 + c3 + c4 + CombZ_wb:(c2 + c3 + c4) + CombZ_wb:sex_c + (c2 + c3 + c4):sex_c + CombZ_wb:(c2 + c3 + c4):sex_c + (1 + cc1 || AnimalID) + (1 | CageEpisodeID),CombZ_wb:c3:sex_c,FALSE,OK,,5.2082628797996,2.46195525340106,,none (KR-adjusted SE only),"",3.50175085430808,TRUE,284,71,80,19,FALSE,TRUE,""
SCREEN-L-PCR-INT,DISCOVERY,SCREEN-L,INT,B3,5,FALSE,y ~ Batch + CombZ_wb + c2 + c3 + c4 + CombZ_wb:(c2 + c3 + c4) + CombZ_wb:sex_c + (c2 + c3 + c4):sex_c + CombZ_wb:(c2 + c3 + c4):sex_c + (1 + cc1 || AnimalID) + (1 | CageEpisodeID),CombZ_wb:c4:sex_c,FALSE,OK,,4.70500315831638,2.98671938035252,,none (KR-adjusted SE only),"",2.70273550148288,TRUE,284,71,80,19,FALSE,TRUE,""
SCREEN-L-PCR-INT,DISCOVERY,SCREEN-L,INT,B4,5,FALSE,y ~ Batch + CombZ_wb + c2 + c3 + c4 + CombZ_wb:(c2 + c3 + c4) + CombZ_wb:sex_c + (c2 + c3 + c4):sex_c + CombZ_wb:(c2 + c3 + c4):sex_c + (1 + cc1 || AnimalID) + (1 | CageEpisodeID),CombZ_wb:c2:sex_c,TRUE,OK,,3.92476003728544,1.87716675761217,,none (KR-adjusted SE only),"",3.81589653628467,TRUE,288,72,80,19,FALSE,TRUE,""
SCREEN-L-PCR-INT,DISCOVERY,SCREEN-L,INT,B4,5,FALSE,y ~ Batch + CombZ_wb + c2 + c3 + c4 + CombZ_wb:(c2 + c3 + c4) + CombZ_wb:sex_c + (c2 + c3 + c4):sex_c + CombZ_wb:(c2 + c3 + c4):sex_c + (1 + cc1 || AnimalID) + (1 | CageEpisodeID),CombZ_wb:c3:sex_c,FALSE,OK,,2.24333134996903,2.19439332421496,,none (KR-adjusted SE only),"",3.50175085430808,TRUE,288,72,80,19,FALSE,TRUE,""
SCREEN-L-PCR-INT,DISCOVERY,SCREEN-L,INT,B4,5,FALSE,y ~ Batch + CombZ_wb + c2 + c3 + c4 + CombZ_wb:(c2 + c3 + c4) + CombZ_wb:sex_c + (c2 + c3 + c4):sex_c + CombZ_wb:(c2 + c3 + c4):sex_c + (1 + cc1 || AnimalID) + (1 | CageEpisodeID),CombZ_wb:c4:sex_c,FALSE,OK,,2.49097332277843,2.61052466686645,,none (KR-adjusted SE only),"",2.70273550148288,TRUE,288,72,80,19,FALSE,TRUE,""
SCREEN-L-PCR-INT,DISCOVERY,SCREEN-L,INT,B5,5,FALSE,y ~ Batch + CombZ_wb + c2 + c3 + c4 + CombZ_wb:(c2 + c3 + c4) + CombZ_wb:sex_c + (c2 + c3 + c4):sex_c + CombZ_wb:(c2 + c3 + c4):sex_c + (1 + cc1 || AnimalID) + (1 | CageEpisodeID),CombZ_wb:c2:sex_c,TRUE,OK,,3.21446341298802,2.25348336825981,,none (KR-adjusted SE only),"",3.81589653628467,TRUE,288,72,80,19,FALSE,TRUE,""
SCREEN-L-PCR-INT,DISCOVERY,SCREEN-L,INT,B5,5,FALSE,y ~ Batch + CombZ_wb + c2 + c3 + c4 + CombZ_wb:(c2 + c3 + c4) + CombZ_wb:sex_c + (c2 + c3 + c4):sex_c + CombZ_wb:(c2 + c3 + c4):sex_c + (1 + cc1 || AnimalID) + (1 | CageEpisodeID),CombZ_wb:c3:sex_c,FALSE,OK,,3.49119108422779,2.70647000789705,,none (KR-adjusted SE only),"",3.50175085430808,TRUE,288,72,80,19,FALSE,TRUE,""
SCREEN-L-PCR-INT,DISCOVERY,SCREEN-L,INT,B5,5,FALSE,y ~ Batch + CombZ_wb + c2 + c3 + c4 + CombZ_wb:(c2 + c3 + c4) + CombZ_wb:sex_c + (c2 + c3 + c4):sex_c + CombZ_wb:(c2 + c3 + c4):sex_c + (1 + cc1 || AnimalID) + (1 | CageEpisodeID),CombZ_wb:c4:sex_c,FALSE,OK,,1.28483629368703,3.27603079811974,,none (KR-adjusted SE only),"",2.70273550148288,TRUE,288,72,80,19,FALSE,TRUE,""
SCREEN-L-PCR-INT,DISCOVERY,SCREEN-L,INT,B6,5,FALSE,y ~ Batch + CombZ_wb + c2 + c3 + c4 + CombZ_wb:(c2 + c3 + c4) + CombZ_wb:sex_c + (c2 + c3 + c4):sex_c + CombZ_wb:(c2 + c3 + c4):sex_c + (1 + cc1 || AnimalID) + (1 | CageEpisodeID),CombZ_wb:c2:sex_c,TRUE,OK,,2.4130267019335,2.08397266315679,,none (KR-adjusted SE only),"",3.81589653628467,TRUE,288,72,80,19,FALSE,TRUE,""
SCREEN-L-PCR-INT,DISCOVERY,SCREEN-L,INT,B6,5,FALSE,y ~ Batch + CombZ_wb + c2 + c3 + c4 + CombZ_wb:(c2 + c3 + c4) + CombZ_wb:sex_c + (c2 + c3 + c4):sex_c + CombZ_wb:(c2 + c3 + c4):sex_c + (1 + cc1 || AnimalID) + (1 | CageEpisodeID),CombZ_wb:c3:sex_c,FALSE,OK,,3.39437144792586,2.44640582326446,,none (KR-adjusted SE only),"",3.50175085430808,TRUE,288,72,80,19,FALSE,TRUE,""
SCREEN-L-PCR-INT,DISCOVERY,SCREEN-L,INT,B6,5,FALSE,y ~ Batch + CombZ_wb + c2 + c3 + c4 + CombZ_wb:(c2 + c3 + c4) + CombZ_wb:sex_c + (c2 + c3 + c4):sex_c + CombZ_wb:(c2 + c3 + c4):sex_c + (1 + cc1 || AnimalID) + (1 | CageEpisodeID),CombZ_wb:c4:sex_c,FALSE,OK,,0.864411210952705,2.86081838997259,,none (KR-adjusted SE only),"",2.70273550148288,TRUE,288,72,80,19,FALSE,TRUE,""
SCREEN-L-SPO-F,DISCOVERY,SCREEN-L,F,B3,2,FALSE,y ~ Batch + CombZ_wb + c2 + c3 + c4 + CombZ_wb:(c2 + c3 + c4) + (1 | AnimalID) + (1 | CageEpisodeID),CombZ_wb:c2,TRUE,OK,,-0.0479400716524706,0.0201263782866297,,none (KR-adjusted SE only),"",-0.0340073270384342,TRUE,120,30,32,9,TRUE,TRUE,message: boundary (singular) fit: see help('isSingular')
SCREEN-L-SPO-F,DISCOVERY,SCREEN-L,F,B3,2,FALSE,y ~ Batch + CombZ_wb + c2 + c3 + c4 + CombZ_wb:(c2 + c3 + c4) + (1 | AnimalID) + (1 | CageEpisodeID),CombZ_wb:c3,FALSE,OK,,-0.0331689602150097,0.0198562405424624,,none (KR-adjusted SE only),"",-0.0226219245649145,TRUE,120,30,32,9,TRUE,TRUE,message: boundary (singular) fit: see help('isSingular')
SCREEN-L-SPO-F,DISCOVERY,SCREEN-L,F,B3,2,FALSE,y ~ Batch + CombZ_wb + c2 + c3 + c4 + CombZ_wb:(c2 + c3 + c4) + (1 | AnimalID) + (1 | CageEpisodeID),CombZ_wb:c4,FALSE,OK,,-0.018433344461322,0.0202855881185242,,none (KR-adjusted SE only),"",-0.0196004017741374,TRUE,120,30,32,9,TRUE,TRUE,message: boundary (singular) fit: see help('isSingular')
SCREEN-L-SPO-F,DISCOVERY,SCREEN-L,F,B4,2,FALSE,y ~ Batch + CombZ_wb + c2 + c3 + c4 + CombZ_wb:(c2 + c3 + c4) + (1 | AnimalID) + (1 | CageEpisodeID),CombZ_wb:c2,TRUE,OK,,-0.0344451651780999,0.0174078920577812,,none (KR-adjusted SE only),"",-0.0340073270384342,TRUE,124,31,32,9,TRUE,TRUE,message: boundary (singular) fit: see help('isSingular')
SCREEN-L-SPO-F,DISCOVERY,SCREEN-L,F,B4,2,FALSE,y ~ Batch + CombZ_wb + c2 + c3 + c4 + CombZ_wb:(c2 + c3 + c4) + (1 | AnimalID) + (1 | CageEpisodeID),CombZ_wb:c3,FALSE,OK,,-0.0153690339545761,0.0181745738754777,,none (KR-adjusted SE only),"",-0.0226219245649145,TRUE,124,31,32,9,TRUE,TRUE,message: boundary (singular) fit: see help('isSingular')
SCREEN-L-SPO-F,DISCOVERY,SCREEN-L,F,B4,2,FALSE,y ~ Batch + CombZ_wb + c2 + c3 + c4 + CombZ_wb:(c2 + c3 + c4) + (1 | AnimalID) + (1 | CageEpisodeID),CombZ_wb:c4,FALSE,OK,,-0.0178879113186713,0.0174690378725435,,none (KR-adjusted SE only),"",-0.0196004017741374,TRUE,124,31,32,9,TRUE,TRUE,message: boundary (singular) fit: see help('isSingular')
SCREEN-L-SPO-F,DISCOVERY,SCREEN-L,F,B6,2,FALSE,y ~ Batch + CombZ_wb + c2 + c3 + c4 + CombZ_wb:(c2 + c3 + c4) + (1 | AnimalID) + (1 | CageEpisodeID),CombZ_wb:c2,TRUE,OK,,-0.020293706976385,0.0179384986243428,,none (KR-adjusted SE only),"",-0.0340073270384342,TRUE,124,31,32,9,TRUE,TRUE,message: boundary (singular) fit: see help('isSingular')
SCREEN-L-SPO-F,DISCOVERY,SCREEN-L,F,B6,2,FALSE,y ~ Batch + CombZ_wb + c2 + c3 + c4 + CombZ_wb:(c2 + c3 + c4) + (1 | AnimalID) + (1 | CageEpisodeID),CombZ_wb:c3,FALSE,OK,,-0.0224964478819334,0.0193611307511768,,none (KR-adjusted SE only),"",-0.0226219245649145,TRUE,124,31,32,9,TRUE,TRUE,message: boundary (singular) fit: see help('isSingular')
SCREEN-L-SPO-F,DISCOVERY,SCREEN-L,F,B6,2,FALSE,y ~ Batch + CombZ_wb + c2 + c3 + c4 + CombZ_wb:(c2 + c3 + c4) + (1 | AnimalID) + (1 | CageEpisodeID),CombZ_wb:c4,FALSE,OK,,-0.0242374832432062,0.01867800553639,,none (KR-adjusted SE only),"",-0.0196004017741374,TRUE,124,31,32,9,TRUE,TRUE,message: boundary (singular) fit: see help('isSingular')
SCREEN-L-SPO-M,DISCOVERY,SCREEN-L,M,B1,2,FALSE,y ~ Batch + CombZ_wb + c2 + c3 + c4 + CombZ_wb:(c2 + c3 + c4) + (1 | AnimalID) + (1 | CageEpisodeID),CombZ_wb:c2,FALSE,OK,,0.00712625810079048,0.0229637472097519,,none (KR-adjusted SE only),"",0.0149880994877177,TRUE,124,31,32,9,FALSE,TRUE,""
SCREEN-L-SPO-M,DISCOVERY,SCREEN-L,M,B1,2,FALSE,y ~ Batch + CombZ_wb + c2 + c3 + c4 + CombZ_wb:(c2 + c3 + c4) + (1 | AnimalID) + (1 | CageEpisodeID),CombZ_wb:c3,TRUE,OK,,0.011842556549225,0.0224824955579433,,none (KR-adjusted SE only),"",0.0218246157850057,TRUE,124,31,32,9,FALSE,TRUE,""
SCREEN-L-SPO-M,DISCOVERY,SCREEN-L,M,B1,2,FALSE,y ~ Batch + CombZ_wb + c2 + c3 + c4 + CombZ_wb:(c2 + c3 + c4) + (1 | AnimalID) + (1 | CageEpisodeID),CombZ_wb:c4,FALSE,OK,,-0.000511584272621459,0.0236532726317855,,none (KR-adjusted SE only),"",0.00360906803286818,FALSE,124,31,32,9,FALSE,TRUE,""
SCREEN-L-SPO-M,DISCOVERY,SCREEN-L,M,B2,2,FALSE,y ~ Batch + CombZ_wb + c2 + c3 + c4 + CombZ_wb:(c2 + c3 + c4) + (1 | AnimalID) + (1 | CageEpisodeID),CombZ_wb:c2,FALSE,OK,,-0.00830990407998817,0.032662013987682,,none (KR-adjusted SE only),"",0.0149880994877177,FALSE,98,25,30,9,FALSE,TRUE,""
SCREEN-L-SPO-M,DISCOVERY,SCREEN-L,M,B2,2,FALSE,y ~ Batch + CombZ_wb + c2 + c3 + c4 + CombZ_wb:(c2 + c3 + c4) + (1 | AnimalID) + (1 | CageEpisodeID),CombZ_wb:c3,TRUE,OK,,0.0203453785423262,0.0325908888028203,,none (KR-adjusted SE only),"",0.0218246157850057,TRUE,98,25,30,9,FALSE,TRUE,""
SCREEN-L-SPO-M,DISCOVERY,SCREEN-L,M,B2,2,FALSE,y ~ Batch + CombZ_wb + c2 + c3 + c4 + CombZ_wb:(c2 + c3 + c4) + (1 | AnimalID) + (1 | CageEpisodeID),CombZ_wb:c4,FALSE,OK,,0.00807044236794684,0.0341726779313587,,none (KR-adjusted SE only),"",0.00360906803286818,TRUE,98,25,30,9,FALSE,TRUE,""
SCREEN-L-SPO-M,DISCOVERY,SCREEN-L,M,B5,2,FALSE,y ~ Batch + CombZ_wb + c2 + c3 + c4 + CombZ_wb:(c2 + c3 + c4) + (1 | AnimalID) + (1 | CageEpisodeID),CombZ_wb:c2,FALSE,OK,,0.0359349664408575,0.024446492773693,,none (KR-adjusted SE only),"",0.0149880994877177,TRUE,102,26,30,9,FALSE,TRUE,""
SCREEN-L-SPO-M,DISCOVERY,SCREEN-L,M,B5,2,FALSE,y ~ Batch + CombZ_wb + c2 + c3 + c4 + CombZ_wb:(c2 + c3 + c4) + (1 | AnimalID) + (1 | CageEpisodeID),CombZ_wb:c3,TRUE,OK,,0.0340970124209968,0.0251843789727009,,none (KR-adjusted SE only),"",0.0218246157850057,TRUE,102,26,30,9,FALSE,TRUE,""
SCREEN-L-SPO-M,DISCOVERY,SCREEN-L,M,B5,2,FALSE,y ~ Batch + CombZ_wb + c2 + c3 + c4 + CombZ_wb:(c2 + c3 + c4) + (1 | AnimalID) + (1 | CageEpisodeID),CombZ_wb:c4,FALSE,OK,,0.00423732612319526,0.0254108267465006,,none (KR-adjusted SE only),"",0.00360906803286818,TRUE,102,26,30,9,FALSE,TRUE,""
SCREEN-L-SPO-INT,DISCOVERY,SCREEN-L,INT,B1,5,FALSE,y ~ Batch + CombZ_wb + c2 + c3 + c4 + CombZ_wb:(c2 + c3 + c4) + CombZ_wb:sex_c + (c2 + c3 + c4):sex_c + CombZ_wb:(c2 + c3 + c4):sex_c + (1 | AnimalID) + (1 | CageEpisodeID),CombZ_wb:c2:sex_c,TRUE,OK,,-0.0411625145279922,0.0264805424699849,,none (KR-adjusted SE only),"",-0.0491430710507993,TRUE,308,77,80,19,TRUE,TRUE,message: boundary (singular) fit: see help('isSingular')
SCREEN-L-SPO-INT,DISCOVERY,SCREEN-L,INT,B1,5,FALSE,y ~ Batch + CombZ_wb + c2 + c3 + c4 + CombZ_wb:(c2 + c3 + c4) + CombZ_wb:sex_c + (c2 + c3 + c4):sex_c + CombZ_wb:(c2 + c3 + c4):sex_c + (1 | AnimalID) + (1 | CageEpisodeID),CombZ_wb:c3:sex_c,FALSE,OK,,-0.0344948035359475,0.026481035915657,,none (KR-adjusted SE only),"",-0.0444026218052293,TRUE,308,77,80,19,TRUE,TRUE,message: boundary (singular) fit: see help('isSingular')
SCREEN-L-SPO-INT,DISCOVERY,SCREEN-L,INT,B1,5,FALSE,y ~ Batch + CombZ_wb + c2 + c3 + c4 + CombZ_wb:(c2 + c3 + c4) + CombZ_wb:sex_c + (c2 + c3 + c4):sex_c + CombZ_wb:(c2 + c3 + c4):sex_c + (1 | AnimalID) + (1 | CageEpisodeID),CombZ_wb:c4:sex_c,FALSE,OK,,-0.0185721723760395,0.0271091620354506,,none (KR-adjusted SE only),"",-0.0221543205166888,TRUE,308,77,80,19,TRUE,TRUE,message: boundary (singular) fit: see help('isSingular')
SCREEN-L-SPO-INT,DISCOVERY,SCREEN-L,INT,B2,5,FALSE,y ~ Batch + CombZ_wb + c2 + c3 + c4 + CombZ_wb:(c2 + c3 + c4) + CombZ_wb:sex_c + (c2 + c3 + c4):sex_c + CombZ_wb:(c2 + c3 + c4):sex_c + (1 | AnimalID) + (1 | CageEpisodeID),CombZ_wb:c2:sex_c,TRUE,OK,,-0.0262766197818556,0.0341402388659206,,none (KR-adjusted SE only),"",-0.0491430710507993,TRUE,282,71,78,19,TRUE,TRUE,message: boundary (singular) fit: see help('isSingular')
SCREEN-L-SPO-INT,DISCOVERY,SCREEN-L,INT,B2,5,FALSE,y ~ Batch + CombZ_wb + c2 + c3 + c4 + CombZ_wb:(c2 + c3 + c4) + CombZ_wb:sex_c + (c2 + c3 + c4):sex_c + CombZ_wb:(c2 + c3 + c4):sex_c + (1 | AnimalID) + (1 | CageEpisodeID),CombZ_wb:c3:sex_c,FALSE,OK,,-0.0441940470825776,0.0343821377249007,,none (KR-adjusted SE only),"",-0.0444026218052293,TRUE,282,71,78,19,TRUE,TRUE,message: boundary (singular) fit: see help('isSingular')
SCREEN-L-SPO-INT,DISCOVERY,SCREEN-L,INT,B2,5,FALSE,y ~ Batch + CombZ_wb + c2 + c3 + c4 + CombZ_wb:(c2 + c3 + c4) + CombZ_wb:sex_c + (c2 + c3 + c4):sex_c + CombZ_wb:(c2 + c3 + c4):sex_c + (1 | AnimalID) + (1 | CageEpisodeID),CombZ_wb:c4:sex_c,FALSE,OK,,-0.0285624616528024,0.0354343934739561,,none (KR-adjusted SE only),"",-0.0221543205166888,TRUE,282,71,78,19,TRUE,TRUE,message: boundary (singular) fit: see help('isSingular')
SCREEN-L-SPO-INT,DISCOVERY,SCREEN-L,INT,B3,5,FALSE,y ~ Batch + CombZ_wb + c2 + c3 + c4 + CombZ_wb:(c2 + c3 + c4) + CombZ_wb:sex_c + (c2 + c3 + c4):sex_c + CombZ_wb:(c2 + c3 + c4):sex_c + (1 | AnimalID) + (1 | CageEpisodeID),CombZ_wb:c2:sex_c,TRUE,OK,,-0.0627390048495185,0.0294358034028662,,none (KR-adjusted SE only),"",-0.0491430710507993,TRUE,282,71,78,19,FALSE,TRUE,""
SCREEN-L-SPO-INT,DISCOVERY,SCREEN-L,INT,B3,5,FALSE,y ~ Batch + CombZ_wb + c2 + c3 + c4 + CombZ_wb:(c2 + c3 + c4) + CombZ_wb:sex_c + (c2 + c3 + c4):sex_c + CombZ_wb:(c2 + c3 + c4):sex_c + (1 | AnimalID) + (1 | CageEpisodeID),CombZ_wb:c3:sex_c,FALSE,OK,,-0.0549165322289409,0.0292555253771311,,none (KR-adjusted SE only),"",-0.0444026218052293,TRUE,282,71,78,19,FALSE,TRUE,""
SCREEN-L-SPO-INT,DISCOVERY,SCREEN-L,INT,B3,5,FALSE,y ~ Batch + CombZ_wb + c2 + c3 + c4 + CombZ_wb:(c2 + c3 + c4) + CombZ_wb:sex_c + (c2 + c3 + c4):sex_c + CombZ_wb:(c2 + c3 + c4):sex_c + (1 | AnimalID) + (1 | CageEpisodeID),CombZ_wb:c4:sex_c,FALSE,OK,,-0.0211402779765275,0.0300449166962947,,none (KR-adjusted SE only),"",-0.0221543205166888,TRUE,282,71,78,19,FALSE,TRUE,""
SCREEN-L-SPO-INT,DISCOVERY,SCREEN-L,INT,B4,5,FALSE,y ~ Batch + CombZ_wb + c2 + c3 + c4 + CombZ_wb:(c2 + c3 + c4) + CombZ_wb:sex_c + (c2 + c3 + c4):sex_c + CombZ_wb:(c2 + c3 + c4):sex_c + (1 | AnimalID) + (1 | CageEpisodeID),CombZ_wb:c2:sex_c,TRUE,OK,,-0.0495364077160048,0.0275264284667974,,none (KR-adjusted SE only),"",-0.0491430710507993,TRUE,286,72,78,19,FALSE,TRUE,""
SCREEN-L-SPO-INT,DISCOVERY,SCREEN-L,INT,B4,5,FALSE,y ~ Batch + CombZ_wb + c2 + c3 + c4 + CombZ_wb:(c2 + c3 + c4) + CombZ_wb:sex_c + (c2 + c3 + c4):sex_c + CombZ_wb:(c2 + c3 + c4):sex_c + (1 | AnimalID) + (1 | CageEpisodeID),CombZ_wb:c3:sex_c,FALSE,OK,,-0.0371070778331198,0.0280875489609941,,none (KR-adjusted SE only),"",-0.0444026218052293,TRUE,286,72,78,19,FALSE,TRUE,""
SCREEN-L-SPO-INT,DISCOVERY,SCREEN-L,INT,B4,5,FALSE,y ~ Batch + CombZ_wb + c2 + c3 + c4 + CombZ_wb:(c2 + c3 + c4) + CombZ_wb:sex_c + (c2 + c3 + c4):sex_c + CombZ_wb:(c2 + c3 + c4):sex_c + (1 | AnimalID) + (1 | CageEpisodeID),CombZ_wb:c4:sex_c,FALSE,OK,,-0.0203664511546274,0.0280829435615835,,none (KR-adjusted SE only),"",-0.0221543205166888,TRUE,286,72,78,19,FALSE,TRUE,""
SCREEN-L-SPO-INT,DISCOVERY,SCREEN-L,INT,B5,5,FALSE,y ~ Batch + CombZ_wb + c2 + c3 + c4 + CombZ_wb:(c2 + c3 + c4) + CombZ_wb:sex_c + (c2 + c3 + c4):sex_c + CombZ_wb:(c2 + c3 + c4):sex_c + (1 | AnimalID) + (1 | CageEpisodeID),CombZ_wb:c2:sex_c,TRUE,OK,,-0.0716116595957006,0.0280588487893267,,none (KR-adjusted SE only),"",-0.0491430710507993,TRUE,286,72,78,19,FALSE,TRUE,""
SCREEN-L-SPO-INT,DISCOVERY,SCREEN-L,INT,B5,5,FALSE,y ~ Batch + CombZ_wb + c2 + c3 + c4 + CombZ_wb:(c2 + c3 + c4) + CombZ_wb:sex_c + (c2 + c3 + c4):sex_c + CombZ_wb:(c2 + c3 + c4):sex_c + (1 | AnimalID) + (1 | CageEpisodeID),CombZ_wb:c3:sex_c,FALSE,OK,,-0.0562619007246239,0.0288851879698643,,none (KR-adjusted SE only),"",-0.0444026218052293,TRUE,286,72,78,19,FALSE,TRUE,""
SCREEN-L-SPO-INT,DISCOVERY,SCREEN-L,INT,B5,5,FALSE,y ~ Batch + CombZ_wb + c2 + c3 + c4 + CombZ_wb:(c2 + c3 + c4) + CombZ_wb:sex_c + (c2 + c3 + c4):sex_c + CombZ_wb:(c2 + c3 + c4):sex_c + (1 | AnimalID) + (1 | CageEpisodeID),CombZ_wb:c4:sex_c,FALSE,OK,,-0.0234170976119699,0.0288753898991771,,none (KR-adjusted SE only),"",-0.0221543205166888,TRUE,286,72,78,19,FALSE,TRUE,""
SCREEN-L-SPO-INT,DISCOVERY,SCREEN-L,INT,B6,5,FALSE,y ~ Batch + CombZ_wb + c2 + c3 + c4 + CombZ_wb:(c2 + c3 + c4) + CombZ_wb:sex_c + (c2 + c3 + c4):sex_c + CombZ_wb:(c2 + c3 + c4):sex_c + (1 | AnimalID) + (1 | CageEpisodeID),CombZ_wb:c2:sex_c,TRUE,OK,,-0.0355304726869994,0.0284187726734761,,none (KR-adjusted SE only),"",-0.0491430710507993,TRUE,286,72,78,19,FALSE,TRUE,""
SCREEN-L-SPO-INT,DISCOVERY,SCREEN-L,INT,B6,5,FALSE,y ~ Batch + CombZ_wb + c2 + c3 + c4 + CombZ_wb:(c2 + c3 + c4) + CombZ_wb:sex_c + (c2 + c3 + c4):sex_c + CombZ_wb:(c2 + c3 + c4):sex_c + (1 | AnimalID) + (1 | CageEpisodeID),CombZ_wb:c3:sex_c,FALSE,OK,,-0.0441626686167626,0.0295583361654632,,none (KR-adjusted SE only),"",-0.0444026218052293,TRUE,286,72,78,19,FALSE,TRUE,""
SCREEN-L-SPO-INT,DISCOVERY,SCREEN-L,INT,B6,5,FALSE,y ~ Batch + CombZ_wb + c2 + c3 + c4 + CombZ_wb:(c2 + c3 + c4) + CombZ_wb:sex_c + (c2 + c3 + c4):sex_c + CombZ_wb:(c2 + c3 + c4):sex_c + (1 | AnimalID) + (1 | CageEpisodeID),CombZ_wb:c4:sex_c,FALSE,OK,,-0.0262750461666937,0.0294607067717151,,none (KR-adjusted SE only),"",-0.0221543205166888,TRUE,286,72,78,19,FALSE,TRUE,""
SCREEN-L-OCC-F,DISCOVERY,SCREEN-L,F,B3,2,FALSE,y ~ Batch + CombZ_wb + c2 + c3 + c4 + CombZ_wb:(c2 + c3 + c4) + (1 | AnimalID) + (1 | CageEpisodeID),CombZ_wb:c2,FALSE,OK,,0.229351189773299,0.0986293031085675,,none (KR-adjusted SE only),"",0.133661374730489,TRUE,120,30,32,9,FALSE,TRUE,""
SCREEN-L-OCC-F,DISCOVERY,SCREEN-L,F,B3,2,FALSE,y ~ Batch + CombZ_wb + c2 + c3 + c4 + CombZ_wb:(c2 + c3 + c4) + (1 | AnimalID) + (1 | CageEpisodeID),CombZ_wb:c3,TRUE,OK,,0.40511029834978,0.0976426505811674,,none (KR-adjusted SE only),"",0.229960312747608,TRUE,120,30,32,9,FALSE,TRUE,""
SCREEN-L-OCC-F,DISCOVERY,SCREEN-L,F,B3,2,FALSE,y ~ Batch + CombZ_wb + c2 + c3 + c4 + CombZ_wb:(c2 + c3 + c4) + (1 | AnimalID) + (1 | CageEpisodeID),CombZ_wb:c4,FALSE,OK,,0.221618792660917,0.0991465451522114,,none (KR-adjusted SE only),"",0.131223781787268,TRUE,120,30,32,9,FALSE,TRUE,""
SCREEN-L-OCC-F,DISCOVERY,SCREEN-L,F,B4,2,FALSE,y ~ Batch + CombZ_wb + c2 + c3 + c4 + CombZ_wb:(c2 + c3 + c4) + (1 | AnimalID) + (1 | CageEpisodeID),CombZ_wb:c2,FALSE,OK,,0.179104504323655,0.0859501943868411,,none (KR-adjusted SE only),"",0.133661374730489,TRUE,124,31,32,9,FALSE,TRUE,""
SCREEN-L-OCC-F,DISCOVERY,SCREEN-L,F,B4,2,FALSE,y ~ Batch + CombZ_wb + c2 + c3 + c4 + CombZ_wb:(c2 + c3 + c4) + (1 | AnimalID) + (1 | CageEpisodeID),CombZ_wb:c3,TRUE,OK,,0.240135640469573,0.0883786716680021,,none (KR-adjusted SE only),"",0.229960312747608,TRUE,124,31,32,9,FALSE,TRUE,""
SCREEN-L-OCC-F,DISCOVERY,SCREEN-L,F,B4,2,FALSE,y ~ Batch + CombZ_wb + c2 + c3 + c4 + CombZ_wb:(c2 + c3 + c4) + (1 | AnimalID) + (1 | CageEpisodeID),CombZ_wb:c4,FALSE,OK,,0.156348053037462,0.0861593825911492,,none (KR-adjusted SE only),"",0.131223781787268,TRUE,124,31,32,9,FALSE,TRUE,""
SCREEN-L-OCC-F,DISCOVERY,SCREEN-L,F,B6,2,FALSE,y ~ Batch + CombZ_wb + c2 + c3 + c4 + CombZ_wb:(c2 + c3 + c4) + (1 | AnimalID) + (1 | CageEpisodeID),CombZ_wb:c2,FALSE,OK,,-0.0100550909418701,0.0788647171504925,,none (KR-adjusted SE only),"",0.133661374730489,FALSE,124,31,32,9,FALSE,TRUE,""
SCREEN-L-OCC-F,DISCOVERY,SCREEN-L,F,B6,2,FALSE,y ~ Batch + CombZ_wb + c2 + c3 + c4 + CombZ_wb:(c2 + c3 + c4) + (1 | AnimalID) + (1 | CageEpisodeID),CombZ_wb:c3,TRUE,OK,,0.0430099974315712,0.0839849865344147,,none (KR-adjusted SE only),"",0.229960312747608,TRUE,124,31,32,9,FALSE,TRUE,""
SCREEN-L-OCC-F,DISCOVERY,SCREEN-L,F,B6,2,FALSE,y ~ Batch + CombZ_wb + c2 + c3 + c4 + CombZ_wb:(c2 + c3 + c4) + (1 | AnimalID) + (1 | CageEpisodeID),CombZ_wb:c4,FALSE,OK,,0.0139532324198137,0.0816399681913442,,none (KR-adjusted SE only),"",0.131223781787268,TRUE,124,31,32,9,FALSE,TRUE,""
SCREEN-L-OCC-M,DISCOVERY,SCREEN-L,M,B1,2,FALSE,y ~ Batch + CombZ_wb + c2 + c3 + c4 + CombZ_wb:(c2 + c3 + c4) + (1 | AnimalID) + (1 | CageEpisodeID),CombZ_wb:c2,FALSE,OK,,-0.0553397153915867,0.0862502789643324,,none (KR-adjusted SE only),"",-0.0352166221362318,TRUE,124,31,32,9,FALSE,TRUE,""
SCREEN-L-OCC-M,DISCOVERY,SCREEN-L,M,B1,2,FALSE,y ~ Batch + CombZ_wb + c2 + c3 + c4 + CombZ_wb:(c2 + c3 + c4) + (1 | AnimalID) + (1 | CageEpisodeID),CombZ_wb:c3,TRUE,OK,,-0.14049953181926,0.0855134981119649,,none (KR-adjusted SE only),"",-0.132333051557789,TRUE,124,31,32,9,FALSE,TRUE,""
SCREEN-L-OCC-M,DISCOVERY,SCREEN-L,M,B1,2,FALSE,y ~ Batch + CombZ_wb + c2 + c3 + c4 + CombZ_wb:(c2 + c3 + c4) + (1 | AnimalID) + (1 | CageEpisodeID),CombZ_wb:c4,FALSE,OK,,-0.0832212471308998,0.0871858560229683,,none (KR-adjusted SE only),"",-0.10313249489841,TRUE,124,31,32,9,FALSE,TRUE,""
SCREEN-L-OCC-M,DISCOVERY,SCREEN-L,M,B2,2,FALSE,y ~ Batch + CombZ_wb + c2 + c3 + c4 + CombZ_wb:(c2 + c3 + c4) + (1 | AnimalID) + (1 | CageEpisodeID),CombZ_wb:c2,FALSE,OK,,-0.0536062267257968,0.126245679366938,,none (KR-adjusted SE only),"",-0.0352166221362318,TRUE,100,25,32,9,FALSE,TRUE,""
SCREEN-L-OCC-M,DISCOVERY,SCREEN-L,M,B2,2,FALSE,y ~ Batch + CombZ_wb + c2 + c3 + c4 + CombZ_wb:(c2 + c3 + c4) + (1 | AnimalID) + (1 | CageEpisodeID),CombZ_wb:c3,TRUE,OK,,-0.249926217723579,0.125543175185897,,none (KR-adjusted SE only),"",-0.132333051557789,TRUE,100,25,32,9,FALSE,TRUE,""
SCREEN-L-OCC-M,DISCOVERY,SCREEN-L,M,B2,2,FALSE,y ~ Batch + CombZ_wb + c2 + c3 + c4 + CombZ_wb:(c2 + c3 + c4) + (1 | AnimalID) + (1 | CageEpisodeID),CombZ_wb:c4,FALSE,OK,,-0.251503943826778,0.129257872888844,,none (KR-adjusted SE only),"",-0.10313249489841,TRUE,100,25,32,9,FALSE,TRUE,""
SCREEN-L-OCC-M,DISCOVERY,SCREEN-L,M,B5,2,FALSE,y ~ Batch + CombZ_wb + c2 + c3 + c4 + CombZ_wb:(c2 + c3 + c4) + (1 | AnimalID) + (1 | CageEpisodeID),CombZ_wb:c2,FALSE,OK,,-0.00440875417237693,0.102270113973099,,none (KR-adjusted SE only),"",-0.0352166221362318,TRUE,104,26,32,9,FALSE,TRUE,""
SCREEN-L-OCC-M,DISCOVERY,SCREEN-L,M,B5,2,FALSE,y ~ Batch + CombZ_wb + c2 + c3 + c4 + CombZ_wb:(c2 + c3 + c4) + (1 | AnimalID) + (1 | CageEpisodeID),CombZ_wb:c3,TRUE,OK,,-0.0519618895634218,0.103584290495557,,none (KR-adjusted SE only),"",-0.132333051557789,TRUE,104,26,32,9,FALSE,TRUE,""
SCREEN-L-OCC-M,DISCOVERY,SCREEN-L,M,B5,2,FALSE,y ~ Batch + CombZ_wb + c2 + c3 + c4 + CombZ_wb:(c2 + c3 + c4) + (1 | AnimalID) + (1 | CageEpisodeID),CombZ_wb:c4,FALSE,OK,,-0.0504112302075772,0.104264371714876,,none (KR-adjusted SE only),"",-0.10313249489841,TRUE,104,26,32,9,FALSE,TRUE,""
SCREEN-L-OCC-INT,DISCOVERY,SCREEN-L,INT,B1,5,FALSE,y ~ Batch + CombZ_wb + c2 + c3 + c4 + CombZ_wb:(c2 + c3 + c4) + CombZ_wb:sex_c + (c2 + c3 + c4):sex_c + CombZ_wb:(c2 + c3 + c4):sex_c + (1 | AnimalID) + (1 | CageEpisodeID),CombZ_wb:c2:sex_c,FALSE,OK,,0.188646055642302,0.116195762335666,,none (KR-adjusted SE only),"",0.168697190406267,TRUE,308,77,80,19,FALSE,TRUE,""
SCREEN-L-OCC-INT,DISCOVERY,SCREEN-L,INT,B1,5,FALSE,y ~ Batch + CombZ_wb + c2 + c3 + c4 + CombZ_wb:(c2 + c3 + c4) + CombZ_wb:sex_c + (c2 + c3 + c4):sex_c + CombZ_wb:(c2 + c3 + c4):sex_c + (1 | AnimalID) + (1 | CageEpisodeID),CombZ_wb:c3:sex_c,TRUE,OK,,0.37084969723513,0.116212208494821,,none (KR-adjusted SE only),"",0.361797644407052,TRUE,308,77,80,19,FALSE,TRUE,""
SCREEN-L-OCC-INT,DISCOVERY,SCREEN-L,INT,B1,5,FALSE,y ~ Batch + CombZ_wb + c2 + c3 + c4 + CombZ_wb:(c2 + c3 + c4) + CombZ_wb:sex_c + (c2 + c3 + c4):sex_c + CombZ_wb:(c2 + c3 + c4):sex_c + (1 | AnimalID) + (1 | CageEpisodeID),CombZ_wb:c4:sex_c,FALSE,OK,,0.224440105105601,0.117544841936089,,none (KR-adjusted SE only),"",0.24362092442116,TRUE,308,77,80,19,FALSE,TRUE,""
SCREEN-L-OCC-INT,DISCOVERY,SCREEN-L,INT,B2,5,FALSE,y ~ Batch + CombZ_wb + c2 + c3 + c4 + CombZ_wb:(c2 + c3 + c4) + CombZ_wb:sex_c + (c2 + c3 + c4):sex_c + CombZ_wb:(c2 + c3 + c4):sex_c + (1 | AnimalID) + (1 | CageEpisodeID),CombZ_wb:c2:sex_c,FALSE,OK,,0.189608871432263,0.149256773741601,,none (KR-adjusted SE only),"",0.168697190406267,TRUE,284,71,80,19,FALSE,TRUE,""
SCREEN-L-OCC-INT,DISCOVERY,SCREEN-L,INT,B2,5,FALSE,y ~ Batch + CombZ_wb + c2 + c3 + c4 + CombZ_wb:(c2 + c3 + c4) + CombZ_wb:sex_c + (c2 + c3 + c4):sex_c + CombZ_wb:(c2 + c3 + c4):sex_c + (1 | AnimalID) + (1 | CageEpisodeID),CombZ_wb:c3:sex_c,TRUE,OK,,0.481791300207416,0.149481329480901,,none (KR-adjusted SE only),"",0.361797644407052,TRUE,284,71,80,19,FALSE,TRUE,""
SCREEN-L-OCC-INT,DISCOVERY,SCREEN-L,INT,B2,5,FALSE,y ~ Batch + CombZ_wb + c2 + c3 + c4 + CombZ_wb:(c2 + c3 + c4) + CombZ_wb:sex_c + (c2 + c3 + c4):sex_c + CombZ_wb:(c2 + c3 + c4):sex_c + (1 | AnimalID) + (1 | CageEpisodeID),CombZ_wb:c4:sex_c,FALSE,OK,,0.391234767203209,0.152228738885122,,none (KR-adjusted SE only),"",0.24362092442116,TRUE,284,71,80,19,FALSE,TRUE,""
SCREEN-L-OCC-INT,DISCOVERY,SCREEN-L,INT,B3,5,FALSE,y ~ Batch + CombZ_wb + c2 + c3 + c4 + CombZ_wb:(c2 + c3 + c4) + CombZ_wb:sex_c + (c2 + c3 + c4):sex_c + CombZ_wb:(c2 + c3 + c4):sex_c + (1 | AnimalID) + (1 | CageEpisodeID),CombZ_wb:c2:sex_c,FALSE,OK,,0.265540773326232,0.127574189219031,,none (KR-adjusted SE only),"",0.168697190406267,TRUE,284,71,80,19,FALSE,TRUE,""
SCREEN-L-OCC-INT,DISCOVERY,SCREEN-L,INT,B3,5,FALSE,y ~ Batch + CombZ_wb + c2 + c3 + c4 + CombZ_wb:(c2 + c3 + c4) + CombZ_wb:sex_c + (c2 + c3 + c4):sex_c + CombZ_wb:(c2 + c3 + c4):sex_c + (1 | AnimalID) + (1 | CageEpisodeID),CombZ_wb:c3:sex_c,TRUE,OK,,0.538154161770828,0.12702184654528,,none (KR-adjusted SE only),"",0.361797644407052,TRUE,284,71,80,19,FALSE,TRUE,""
SCREEN-L-OCC-INT,DISCOVERY,SCREEN-L,INT,B3,5,FALSE,y ~ Batch + CombZ_wb + c2 + c3 + c4 + CombZ_wb:(c2 + c3 + c4) + CombZ_wb:sex_c + (c2 + c3 + c4):sex_c + CombZ_wb:(c2 + c3 + c4):sex_c + (1 | AnimalID) + (1 | CageEpisodeID),CombZ_wb:c4:sex_c,FALSE,OK,,0.329184570741617,0.128724098733996,,none (KR-adjusted SE only),"",0.24362092442116,TRUE,284,71,80,19,FALSE,TRUE,""
SCREEN-L-OCC-INT,DISCOVERY,SCREEN-L,INT,B4,5,FALSE,y ~ Batch + CombZ_wb + c2 + c3 + c4 + CombZ_wb:(c2 + c3 + c4) + CombZ_wb:sex_c + (c2 + c3 + c4):sex_c + CombZ_wb:(c2 + c3 + c4):sex_c + (1 | AnimalID) + (1 | CageEpisodeID),CombZ_wb:c2:sex_c,FALSE,OK,,0.213381810192976,0.119997045223404,,none (KR-adjusted SE only),"",0.168697190406267,TRUE,288,72,80,19,FALSE,TRUE,""
SCREEN-L-OCC-INT,DISCOVERY,SCREEN-L,INT,B4,5,FALSE,y ~ Batch + CombZ_wb + c2 + c3 + c4 + CombZ_wb:(c2 + c3 + c4) + CombZ_wb:sex_c + (c2 + c3 + c4):sex_c + CombZ_wb:(c2 + c3 + c4):sex_c + (1 | AnimalID) + (1 | CageEpisodeID),CombZ_wb:c3:sex_c,TRUE,OK,,0.369341243606258,0.120973414617755,,none (KR-adjusted SE only),"",0.361797644407052,TRUE,288,72,80,19,FALSE,TRUE,""
SCREEN-L-OCC-INT,DISCOVERY,SCREEN-L,INT,B4,5,FALSE,y ~ Batch + CombZ_wb + c2 + c3 + c4 + CombZ_wb:(c2 + c3 + c4) + CombZ_wb:sex_c + (c2 + c3 + c4):sex_c + CombZ_wb:(c2 + c3 + c4):sex_c + (1 | AnimalID) + (1 | CageEpisodeID),CombZ_wb:c4:sex_c,FALSE,OK,,0.264481265939383,0.120953996456616,,none (KR-adjusted SE only),"",0.24362092442116,TRUE,288,72,80,19,FALSE,TRUE,""
SCREEN-L-OCC-INT,DISCOVERY,SCREEN-L,INT,B5,5,FALSE,y ~ Batch + CombZ_wb + c2 + c3 + c4 + CombZ_wb:(c2 + c3 + c4) + CombZ_wb:sex_c + (c2 + c3 + c4):sex_c + CombZ_wb:(c2 + c3 + c4):sex_c + (1 | AnimalID) + (1 | CageEpisodeID),CombZ_wb:c2:sex_c,FALSE,OK,,0.137675051012554,0.127098594633872,,none (KR-adjusted SE only),"",0.168697190406267,TRUE,288,72,80,19,FALSE,TRUE,""
SCREEN-L-OCC-INT,DISCOVERY,SCREEN-L,INT,B5,5,FALSE,y ~ Batch + CombZ_wb + c2 + c3 + c4 + CombZ_wb:(c2 + c3 + c4) + CombZ_wb:sex_c + (c2 + c3 + c4):sex_c + CombZ_wb:(c2 + c3 + c4):sex_c + (1 | AnimalID) + (1 | CageEpisodeID),CombZ_wb:c3:sex_c,TRUE,OK,,0.281950551395899,0.128873316097192,,none (KR-adjusted SE only),"",0.361797644407052,TRUE,288,72,80,19,FALSE,TRUE,""
SCREEN-L-OCC-INT,DISCOVERY,SCREEN-L,INT,B5,5,FALSE,y ~ Batch + CombZ_wb + c2 + c3 + c4 + CombZ_wb:(c2 + c3 + c4) + CombZ_wb:sex_c + (c2 + c3 + c4):sex_c + CombZ_wb:(c2 + c3 + c4):sex_c + (1 | AnimalID) + (1 | CageEpisodeID),CombZ_wb:c4:sex_c,FALSE,OK,,0.184730360814475,0.128991648966507,,none (KR-adjusted SE only),"",0.24362092442116,TRUE,288,72,80,19,FALSE,TRUE,""
SCREEN-L-OCC-INT,DISCOVERY,SCREEN-L,INT,B6,5,FALSE,y ~ Batch + CombZ_wb + c2 + c3 + c4 + CombZ_wb:(c2 + c3 + c4) + CombZ_wb:sex_c + (c2 + c3 + c4):sex_c + CombZ_wb:(c2 + c3 + c4):sex_c + (1 | AnimalID) + (1 | CageEpisodeID),CombZ_wb:c2:sex_c,FALSE,OK,,0.0200222560046478,0.116042901412134,,none (KR-adjusted SE only),"",0.168697190406267,TRUE,288,72,80,19,FALSE,TRUE,""
SCREEN-L-OCC-INT,DISCOVERY,SCREEN-L,INT,B6,5,FALSE,y ~ Batch + CombZ_wb + c2 + c3 + c4 + CombZ_wb:(c2 + c3 + c4) + CombZ_wb:sex_c + (c2 + c3 + c4):sex_c + CombZ_wb:(c2 + c3 + c4):sex_c + (1 | AnimalID) + (1 | CageEpisodeID),CombZ_wb:c3:sex_c,TRUE,OK,,0.170381282218624,0.11864884514024,,none (KR-adjusted SE only),"",0.361797644407052,TRUE,288,72,80,19,FALSE,TRUE,""
SCREEN-L-OCC-INT,DISCOVERY,SCREEN-L,INT,B6,5,FALSE,y ~ Batch + CombZ_wb + c2 + c3 + c4 + CombZ_wb:(c2 + c3 + c4) + CombZ_wb:sex_c + (c2 + c3 + c4):sex_c + CombZ_wb:(c2 + c3 + c4):sex_c + (1 | AnimalID) + (1 | CageEpisodeID),CombZ_wb:c4:sex_c,FALSE,OK,,0.134020782655013,0.118500404569704,,none (KR-adjusted SE only),"",0.24362092442116,TRUE,288,72,80,19,FALSE,TRUE,""
SCREEN-L-FRAG-F,DISCOVERY,SCREEN-L,F,B3,2,FALSE,y ~ Batch + CombZ_wb + c2 + c3 + c4 + CombZ_wb:(c2 + c3 + c4) + (1 | AnimalID) + (1 | CageEpisodeID),CombZ_wb:c2,TRUE,OK,,-0.0393426060113725,0.0260555320533823,,none (KR-adjusted SE only),"",-0.0248813286823133,TRUE,120,30,32,9,FALSE,TRUE,""
SCREEN-L-FRAG-F,DISCOVERY,SCREEN-L,F,B3,2,FALSE,y ~ Batch + CombZ_wb + c2 + c3 + c4 + CombZ_wb:(c2 + c3 + c4) + (1 | AnimalID) + (1 | CageEpisodeID),CombZ_wb:c3,FALSE,OK,,-0.0327817471708013,0.0257211383162237,,none (KR-adjusted SE only),"",-0.0213602534867463,TRUE,120,30,32,9,FALSE,TRUE,""
SCREEN-L-FRAG-F,DISCOVERY,SCREEN-L,F,B3,2,FALSE,y ~ Batch + CombZ_wb + c2 + c3 + c4 + CombZ_wb:(c2 + c3 + c4) + (1 | AnimalID) + (1 | CageEpisodeID),CombZ_wb:c4,FALSE,OK,,-0.0163735148892941,0.0262413429645387,,none (KR-adjusted SE only),"",-0.0129684217151689,TRUE,120,30,32,9,FALSE,TRUE,""
SCREEN-L-FRAG-F,DISCOVERY,SCREEN-L,F,B4,2,FALSE,y ~ Batch + CombZ_wb + c2 + c3 + c4 + CombZ_wb:(c2 + c3 + c4) + (1 | AnimalID) + (1 | CageEpisodeID),CombZ_wb:c2,TRUE,OK,,-0.0238826873610071,0.0233540247836376,,none (KR-adjusted SE only),"",-0.0248813286823133,TRUE,124,31,32,9,FALSE,TRUE,""
SCREEN-L-FRAG-F,DISCOVERY,SCREEN-L,F,B4,2,FALSE,y ~ Batch + CombZ_wb + c2 + c3 + c4 + CombZ_wb:(c2 + c3 + c4) + (1 | AnimalID) + (1 | CageEpisodeID),CombZ_wb:c3,FALSE,OK,,-0.0137860791713219,0.0243031640954906,,none (KR-adjusted SE only),"",-0.0213602534867463,TRUE,124,31,32,9,FALSE,TRUE,""
SCREEN-L-FRAG-F,DISCOVERY,SCREEN-L,F,B4,2,FALSE,y ~ Batch + CombZ_wb + c2 + c3 + c4 + CombZ_wb:(c2 + c3 + c4) + (1 | AnimalID) + (1 | CageEpisodeID),CombZ_wb:c4,FALSE,OK,,-0.00551043678892293,0.0234311042859786,,none (KR-adjusted SE only),"",-0.0129684217151689,TRUE,124,31,32,9,FALSE,TRUE,""
SCREEN-L-FRAG-F,DISCOVERY,SCREEN-L,F,B6,2,FALSE,y ~ Batch + CombZ_wb + c2 + c3 + c4 + CombZ_wb:(c2 + c3 + c4) + (1 | AnimalID) + (1 | CageEpisodeID),CombZ_wb:c2,TRUE,OK,,-0.0128017928084823,0.0238485093175331,,none (KR-adjusted SE only),"",-0.0248813286823133,TRUE,124,31,32,9,FALSE,TRUE,""
SCREEN-L-FRAG-F,DISCOVERY,SCREEN-L,F,B6,2,FALSE,y ~ Batch + CombZ_wb + c2 + c3 + c4 + CombZ_wb:(c2 + c3 + c4) + (1 | AnimalID) + (1 | CageEpisodeID),CombZ_wb:c3,FALSE,OK,,-0.0175489790088795,0.0255604177078618,,none (KR-adjusted SE only),"",-0.0213602534867463,TRUE,124,31,32,9,FALSE,TRUE,""
SCREEN-L-FRAG-F,DISCOVERY,SCREEN-L,F,B6,2,FALSE,y ~ Batch + CombZ_wb + c2 + c3 + c4 + CombZ_wb:(c2 + c3 + c4) + (1 | AnimalID) + (1 | CageEpisodeID),CombZ_wb:c4,FALSE,OK,,-0.0195891254192902,0.0247682745080558,,none (KR-adjusted SE only),"",-0.0129684217151689,TRUE,124,31,32,9,FALSE,TRUE,""
SCREEN-L-FRAG-M,DISCOVERY,SCREEN-L,M,B1,2,FALSE,y ~ Batch + CombZ_wb + c2 + c3 + c4 + CombZ_wb:(c2 + c3 + c4) + (1 | AnimalID) + (1 | CageEpisodeID),CombZ_wb:c2,FALSE,OK,,0.0110829272931739,0.0291212767142939,,none (KR-adjusted SE only),"",-0.00268268816084286,FALSE,124,31,32,9,FALSE,TRUE,""
SCREEN-L-FRAG-M,DISCOVERY,SCREEN-L,M,B1,2,FALSE,y ~ Batch + CombZ_wb + c2 + c3 + c4 + CombZ_wb:(c2 + c3 + c4) + (1 | AnimalID) + (1 | CageEpisodeID),CombZ_wb:c3,FALSE,OK,,0.016891095213645,0.0283866371867491,,none (KR-adjusted SE only),"",0.0108972685766331,TRUE,124,31,32,9,FALSE,TRUE,""
SCREEN-L-FRAG-M,DISCOVERY,SCREEN-L,M,B1,2,FALSE,y ~ Batch + CombZ_wb + c2 + c3 + c4 + CombZ_wb:(c2 + c3 + c4) + (1 | AnimalID) + (1 | CageEpisodeID),CombZ_wb:c4,TRUE,OK,,0.0471995029204433,0.0300966526500818,,none (KR-adjusted SE only),"",0.0437195837857657,TRUE,124,31,32,9,FALSE,TRUE,""
SCREEN-L-FRAG-M,DISCOVERY,SCREEN-L,M,B2,2,FALSE,y ~ Batch + CombZ_wb + c2 + c3 + c4 + CombZ_wb:(c2 + c3 + c4) + (1 | AnimalID) + (1 | CageEpisodeID),CombZ_wb:c2,FALSE,OK,,-0.0382355513839266,0.0399575181833648,,none (KR-adjusted SE only),"",-0.00268268816084286,TRUE,100,25,32,9,FALSE,TRUE,""
SCREEN-L-FRAG-M,DISCOVERY,SCREEN-L,M,B2,2,FALSE,y ~ Batch + CombZ_wb + c2 + c3 + c4 + CombZ_wb:(c2 + c3 + c4) + (1 | AnimalID) + (1 | CageEpisodeID),CombZ_wb:c3,FALSE,OK,,-1.62695459518172e-05,0.0398600285699405,,none (KR-adjusted SE only),"",0.0108972685766331,FALSE,100,25,32,9,FALSE,TRUE,""
SCREEN-L-FRAG-M,DISCOVERY,SCREEN-L,M,B2,2,FALSE,y ~ Batch + CombZ_wb + c2 + c3 + c4 + CombZ_wb:(c2 + c3 + c4) + (1 | AnimalID) + (1 | CageEpisodeID),CombZ_wb:c4,TRUE,OK,,0.0647847310016716,0.0421403192140305,,none (KR-adjusted SE only),"",0.0437195837857657,TRUE,100,25,32,9,FALSE,TRUE,""
SCREEN-L-FRAG-M,DISCOVERY,SCREEN-L,M,B5,2,FALSE,y ~ Batch + CombZ_wb + c2 + c3 + c4 + CombZ_wb:(c2 + c3 + c4) + (1 | AnimalID) + (1 | CageEpisodeID),CombZ_wb:c2,FALSE,OK,,0.00650405536341964,0.0313436685508243,,none (KR-adjusted SE only),"",-0.00268268816084286,FALSE,104,26,32,9,FALSE,TRUE,""
SCREEN-L-FRAG-M,DISCOVERY,SCREEN-L,M,B5,2,FALSE,y ~ Batch + CombZ_wb + c2 + c3 + c4 + CombZ_wb:(c2 + c3 + c4) + (1 | AnimalID) + (1 | CageEpisodeID),CombZ_wb:c3,FALSE,OK,,0.0147035090799916,0.0318892211672089,,none (KR-adjusted SE only),"",0.0108972685766331,TRUE,104,26,32,9,FALSE,TRUE,""
SCREEN-L-FRAG-M,DISCOVERY,SCREEN-L,M,B5,2,FALSE,y ~ Batch + CombZ_wb + c2 + c3 + c4 + CombZ_wb:(c2 + c3 + c4) + (1 | AnimalID) + (1 | CageEpisodeID),CombZ_wb:c4,TRUE,OK,,0.0334421422167619,0.0321504833577988,,none (KR-adjusted SE only),"",0.0437195837857657,TRUE,104,26,32,9,FALSE,TRUE,""
SCREEN-L-FRAG-INT,DISCOVERY,SCREEN-L,INT,B1,5,FALSE,y ~ Batch + CombZ_wb + c2 + c3 + c4 + CombZ_wb:(c2 + c3 + c4) + CombZ_wb:sex_c + (c2 + c3 + c4):sex_c + CombZ_wb:(c2 + c3 + c4):sex_c + (1 | AnimalID) + (1 | CageEpisodeID),CombZ_wb:c2:sex_c,FALSE,OK,,-0.0344736258854753,0.0342760848594353,,none (KR-adjusted SE only),"",-0.0216767851104416,TRUE,308,77,80,19,FALSE,TRUE,""
SCREEN-L-FRAG-INT,DISCOVERY,SCREEN-L,INT,B1,5,FALSE,y ~ Batch + CombZ_wb + c2 + c3 + c4 + CombZ_wb:(c2 + c3 + c4) + CombZ_wb:sex_c + (c2 + c3 + c4):sex_c + CombZ_wb:(c2 + c3 + c4):sex_c + (1 | AnimalID) + (1 | CageEpisodeID),CombZ_wb:c3:sex_c,FALSE,OK,,-0.040649573162905,0.0342613568744788,,none (KR-adjusted SE only),"",-0.0334394320232613,TRUE,308,77,80,19,FALSE,TRUE,""
SCREEN-L-FRAG-INT,DISCOVERY,SCREEN-L,INT,B1,5,FALSE,y ~ Batch + CombZ_wb + c2 + c3 + c4 + CombZ_wb:(c2 + c3 + c4) + CombZ_wb:sex_c + (c2 + c3 + c4):sex_c + CombZ_wb:(c2 + c3 + c4):sex_c + (1 | AnimalID) + (1 | CageEpisodeID),CombZ_wb:c4:sex_c,TRUE,OK,,-0.0697768874981293,0.0351023848132803,,none (KR-adjusted SE only),"",-0.062311818313461,TRUE,308,77,80,19,FALSE,TRUE,""
SCREEN-L-FRAG-INT,DISCOVERY,SCREEN-L,INT,B2,5,FALSE,y ~ Batch + CombZ_wb + c2 + c3 + c4 + CombZ_wb:(c2 + c3 + c4) + CombZ_wb:sex_c + (c2 + c3 + c4):sex_c + CombZ_wb:(c2 + c3 + c4):sex_c + (1 | AnimalID) + (1 | CageEpisodeID),CombZ_wb:c2:sex_c,FALSE,OK,,0.014988677361323,0.0430159497496593,,none (KR-adjusted SE only),"",-0.0216767851104416,FALSE,284,71,80,19,FALSE,TRUE,""
SCREEN-L-FRAG-INT,DISCOVERY,SCREEN-L,INT,B2,5,FALSE,y ~ Batch + CombZ_wb + c2 + c3 + c4 + CombZ_wb:(c2 + c3 + c4) + CombZ_wb:sex_c + (c2 + c3 + c4):sex_c + CombZ_wb:(c2 + c3 + c4):sex_c + (1 | AnimalID) + (1 | CageEpisodeID),CombZ_wb:c3:sex_c,FALSE,OK,,-0.0226598657430318,0.043237887353654,,none (KR-adjusted SE only),"",-0.0334394320232613,TRUE,284,71,80,19,FALSE,TRUE,""
SCREEN-L-FRAG-INT,DISCOVERY,SCREEN-L,INT,B2,5,FALSE,y ~ Batch + CombZ_wb + c2 + c3 + c4 + CombZ_wb:(c2 + c3 + c4) + CombZ_wb:sex_c + (c2 + c3 + c4):sex_c + CombZ_wb:(c2 + c3 + c4):sex_c + (1 | AnimalID) + (1 | CageEpisodeID),CombZ_wb:c4:sex_c,TRUE,OK,,-0.086995442017977,0.0446374548751006,,none (KR-adjusted SE only),"",-0.062311818313461,TRUE,284,71,80,19,FALSE,TRUE,""
SCREEN-L-FRAG-INT,DISCOVERY,SCREEN-L,INT,B3,5,FALSE,y ~ Batch + CombZ_wb + c2 + c3 + c4 + CombZ_wb:(c2 + c3 + c4) + CombZ_wb:sex_c + (c2 + c3 + c4):sex_c + CombZ_wb:(c2 + c3 + c4):sex_c + (1 | AnimalID) + (1 | CageEpisodeID),CombZ_wb:c2:sex_c,FALSE,OK,,-0.0366065234217892,0.0372685114131226,,none (KR-adjusted SE only),"",-0.0216767851104416,TRUE,284,71,80,19,FALSE,TRUE,""
SCREEN-L-FRAG-INT,DISCOVERY,SCREEN-L,INT,B3,5,FALSE,y ~ Batch + CombZ_wb + c2 + c3 + c4 + CombZ_wb:(c2 + c3 + c4) + CombZ_wb:sex_c + (c2 + c3 + c4):sex_c + CombZ_wb:(c2 + c3 + c4):sex_c + (1 | AnimalID) + (1 | CageEpisodeID),CombZ_wb:c3:sex_c,FALSE,OK,,-0.0460487717598935,0.0370078786442799,,none (KR-adjusted SE only),"",-0.0334394320232613,TRUE,284,71,80,19,FALSE,TRUE,""
SCREEN-L-FRAG-INT,DISCOVERY,SCREEN-L,INT,B3,5,FALSE,y ~ Batch + CombZ_wb + c2 + c3 + c4 + CombZ_wb:(c2 + c3 + c4) + CombZ_wb:sex_c + (c2 + c3 + c4):sex_c + CombZ_wb:(c2 + c3 + c4):sex_c + (1 | AnimalID) + (1 | CageEpisodeID),CombZ_wb:c4:sex_c,TRUE,OK,,-0.0665764748470967,0.0380344403699832,,none (KR-adjusted SE only),"",-0.062311818313461,TRUE,284,71,80,19,FALSE,TRUE,""
SCREEN-L-FRAG-INT,DISCOVERY,SCREEN-L,INT,B4,5,FALSE,y ~ Batch + CombZ_wb + c2 + c3 + c4 + CombZ_wb:(c2 + c3 + c4) + CombZ_wb:sex_c + (c2 + c3 + c4):sex_c + CombZ_wb:(c2 + c3 + c4):sex_c + (1 | AnimalID) + (1 | CageEpisodeID),CombZ_wb:c2:sex_c,FALSE,OK,,-0.0203096734036499,0.0352161465847191,,none (KR-adjusted SE only),"",-0.0216767851104416,TRUE,288,72,80,19,FALSE,TRUE,""
SCREEN-L-FRAG-INT,DISCOVERY,SCREEN-L,INT,B4,5,FALSE,y ~ Batch + CombZ_wb + c2 + c3 + c4 + CombZ_wb:(c2 + c3 + c4) + CombZ_wb:sex_c + (c2 + c3 + c4):sex_c + CombZ_wb:(c2 + c3 + c4):sex_c + (1 | AnimalID) + (1 | CageEpisodeID),CombZ_wb:c3:sex_c,FALSE,OK,,-0.0249362790510462,0.0359401857447378,,none (KR-adjusted SE only),"",-0.0334394320232613,TRUE,288,72,80,19,FALSE,TRUE,""
SCREEN-L-FRAG-INT,DISCOVERY,SCREEN-L,INT,B4,5,FALSE,y ~ Batch + CombZ_wb + c2 + c3 + c4 + CombZ_wb:(c2 + c3 + c4) + CombZ_wb:sex_c + (c2 + c3 + c4):sex_c + CombZ_wb:(c2 + c3 + c4):sex_c + (1 | AnimalID) + (1 | CageEpisodeID),CombZ_wb:c4:sex_c,TRUE,OK,,-0.0528486861349647,0.0359355425441771,,none (KR-adjusted SE only),"",-0.062311818313461,TRUE,288,72,80,19,FALSE,TRUE,""
SCREEN-L-FRAG-INT,DISCOVERY,SCREEN-L,INT,B5,5,FALSE,y ~ Batch + CombZ_wb + c2 + c3 + c4 + CombZ_wb:(c2 + c3 + c4) + CombZ_wb:sex_c + (c2 + c3 + c4):sex_c + CombZ_wb:(c2 + c3 + c4):sex_c + (1 | AnimalID) + (1 | CageEpisodeID),CombZ_wb:c2:sex_c,FALSE,OK,,-0.0305343166602082,0.0358824604050052,,none (KR-adjusted SE only),"",-0.0216767851104416,TRUE,288,72,80,19,FALSE,TRUE,""
SCREEN-L-FRAG-INT,DISCOVERY,SCREEN-L,INT,B5,5,FALSE,y ~ Batch + CombZ_wb + c2 + c3 + c4 + CombZ_wb:(c2 + c3 + c4) + CombZ_wb:sex_c + (c2 + c3 + c4):sex_c + CombZ_wb:(c2 + c3 + c4):sex_c + (1 | AnimalID) + (1 | CageEpisodeID),CombZ_wb:c3:sex_c,FALSE,OK,,-0.0338795918739777,0.0366809092875477,,none (KR-adjusted SE only),"",-0.0334394320232613,TRUE,288,72,80,19,FALSE,TRUE,""
SCREEN-L-FRAG-INT,DISCOVERY,SCREEN-L,INT,B5,5,FALSE,y ~ Batch + CombZ_wb + c2 + c3 + c4 + CombZ_wb:(c2 + c3 + c4) + CombZ_wb:sex_c + (c2 + c3 + c4):sex_c + CombZ_wb:(c2 + c3 + c4):sex_c + (1 | AnimalID) + (1 | CageEpisodeID),CombZ_wb:c4:sex_c,TRUE,OK,,-0.0412514494945163,0.0367104917012236,,none (KR-adjusted SE only),"",-0.062311818313461,TRUE,288,72,80,19,FALSE,TRUE,""
SCREEN-L-FRAG-INT,DISCOVERY,SCREEN-L,INT,B6,5,FALSE,y ~ Batch + CombZ_wb + c2 + c3 + c4 + CombZ_wb:(c2 + c3 + c4) + CombZ_wb:sex_c + (c2 + c3 + c4):sex_c + CombZ_wb:(c2 + c3 + c4):sex_c + (1 | AnimalID) + (1 | CageEpisodeID),CombZ_wb:c2:sex_c,FALSE,OK,,-0.00935110203996672,0.0356901598205504,,none (KR-adjusted SE only),"",-0.0216767851104416,TRUE,288,72,80,19,FALSE,TRUE,""
SCREEN-L-FRAG-INT,DISCOVERY,SCREEN-L,INT,B6,5,FALSE,y ~ Batch + CombZ_wb + c2 + c3 + c4 + CombZ_wb:(c2 + c3 + c4) + CombZ_wb:sex_c + (c2 + c3 + c4):sex_c + CombZ_wb:(c2 + c3 + c4):sex_c + (1 | AnimalID) + (1 | CageEpisodeID),CombZ_wb:c3:sex_c,FALSE,OK,,-0.0274904831358514,0.0371907091503837,,none (KR-adjusted SE only),"",-0.0334394320232613,TRUE,288,72,80,19,FALSE,TRUE,""
SCREEN-L-FRAG-INT,DISCOVERY,SCREEN-L,INT,B6,5,FALSE,y ~ Batch + CombZ_wb + c2 + c3 + c4 + CombZ_wb:(c2 + c3 + c4) + CombZ_wb:sex_c + (c2 + c3 + c4):sex_c + CombZ_wb:(c2 + c3 + c4):sex_c + (1 | AnimalID) + (1 | CageEpisodeID),CombZ_wb:c4:sex_c,TRUE,OK,,-0.0677828146905601,0.0370768831158929,,none (KR-adjusted SE only),"",-0.062311818313461,TRUE,288,72,80,19,FALSE,TRUE,""
SCREEN-L-LPCR-F,DISCOVERY,SCREEN-L,F,B3,2,FALSE,y ~ Batch + CombZ_wb + c2 + c3 + c4 + CombZ_wb:(c2 + c3 + c4) + (1 | AnimalID) + (1 | CageEpisodeID),CombZ_wb:c2,FALSE,OK,,-0.0935045960834546,0.457767459230858,,none (KR-adjusted SE only),"",-0.252023625951135,TRUE,120,30,32,9,FALSE,TRUE,""
SCREEN-L-LPCR-F,DISCOVERY,SCREEN-L,F,B3,2,FALSE,y ~ Batch + CombZ_wb + c2 + c3 + c4 + CombZ_wb:(c2 + c3 + c4) + (1 | AnimalID) + (1 | CageEpisodeID),CombZ_wb:c3,TRUE,OK,,-0.273478109160735,0.452286055095955,,none (KR-adjusted SE only),"",-0.338713978185473,TRUE,120,30,32,9,FALSE,TRUE,""
SCREEN-L-LPCR-F,DISCOVERY,SCREEN-L,F,B3,2,FALSE,y ~ Batch + CombZ_wb + c2 + c3 + c4 + CombZ_wb:(c2 + c3 + c4) + (1 | AnimalID) + (1 | CageEpisodeID),CombZ_wb:c4,FALSE,OK,,-0.0626519236873133,0.46071274301136,,none (KR-adjusted SE only),"",-0.157482078933614,TRUE,120,30,32,9,FALSE,TRUE,""
SCREEN-L-LPCR-F,DISCOVERY,SCREEN-L,F,B4,2,FALSE,y ~ Batch + CombZ_wb + c2 + c3 + c4 + CombZ_wb:(c2 + c3 + c4) + (1 | AnimalID) + (1 | CageEpisodeID),CombZ_wb:c2,FALSE,OK,,-0.335484195940821,0.35698336432028,,none (KR-adjusted SE only),"",-0.252023625951135,TRUE,124,31,32,9,FALSE,TRUE,""
SCREEN-L-LPCR-F,DISCOVERY,SCREEN-L,F,B4,2,FALSE,y ~ Batch + CombZ_wb + c2 + c3 + c4 + CombZ_wb:(c2 + c3 + c4) + (1 | AnimalID) + (1 | CageEpisodeID),CombZ_wb:c3,TRUE,OK,,-0.297471266423343,0.368670223564833,,none (KR-adjusted SE only),"",-0.338713978185473,TRUE,124,31,32,9,FALSE,TRUE,""
SCREEN-L-LPCR-F,DISCOVERY,SCREEN-L,F,B4,2,FALSE,y ~ Batch + CombZ_wb + c2 + c3 + c4 + CombZ_wb:(c2 + c3 + c4) + (1 | AnimalID) + (1 | CageEpisodeID),CombZ_wb:c4,FALSE,OK,,-0.469613839914677,0.357971972120721,,none (KR-adjusted SE only),"",-0.157482078933614,TRUE,124,31,32,9,FALSE,TRUE,""
SCREEN-L-LPCR-F,DISCOVERY,SCREEN-L,F,B6,2,FALSE,y ~ Batch + CombZ_wb + c2 + c3 + c4 + CombZ_wb:(c2 + c3 + c4) + (1 | AnimalID) + (1 | CageEpisodeID),CombZ_wb:c2,FALSE,OK,,-0.276356752039611,0.343001113942224,,none (KR-adjusted SE only),"",-0.252023625951135,TRUE,124,31,32,9,FALSE,TRUE,""
SCREEN-L-LPCR-F,DISCOVERY,SCREEN-L,F,B6,2,FALSE,y ~ Batch + CombZ_wb + c2 + c3 + c4 + CombZ_wb:(c2 + c3 + c4) + (1 | AnimalID) + (1 | CageEpisodeID),CombZ_wb:c3,TRUE,OK,,-0.473510062068232,0.367899746420567,,none (KR-adjusted SE only),"",-0.338713978185473,TRUE,124,31,32,9,FALSE,TRUE,""
SCREEN-L-LPCR-F,DISCOVERY,SCREEN-L,F,B6,2,FALSE,y ~ Batch + CombZ_wb + c2 + c3 + c4 + CombZ_wb:(c2 + c3 + c4) + (1 | AnimalID) + (1 | CageEpisodeID),CombZ_wb:c4,FALSE,OK,,0.177815435133797,0.356505963703936,,none (KR-adjusted SE only),"",-0.157482078933614,FALSE,124,31,32,9,FALSE,TRUE,""
SCREEN-L-LPCR-M,DISCOVERY,SCREEN-L,M,B1,2,FALSE,y ~ Batch + CombZ_wb + c2 + c3 + c4 + CombZ_wb:(c2 + c3 + c4) + (1 | AnimalID) + (1 | CageEpisodeID),CombZ_wb:c2,FALSE,OK,,-0.105774729329193,0.396100811830917,,none (KR-adjusted SE only),"",-0.0670925558089551,TRUE,124,31,32,9,FALSE,TRUE,""
SCREEN-L-LPCR-M,DISCOVERY,SCREEN-L,M,B1,2,FALSE,y ~ Batch + CombZ_wb + c2 + c3 + c4 + CombZ_wb:(c2 + c3 + c4) + (1 | AnimalID) + (1 | CageEpisodeID),CombZ_wb:c3,FALSE,OK,,-0.0953371067821144,0.387833630174294,,none (KR-adjusted SE only),"",-0.201146297885506,TRUE,124,31,32,9,FALSE,TRUE,""
SCREEN-L-LPCR-M,DISCOVERY,SCREEN-L,M,B1,2,FALSE,y ~ Batch + CombZ_wb + c2 + c3 + c4 + CombZ_wb:(c2 + c3 + c4) + (1 | AnimalID) + (1 | CageEpisodeID),CombZ_wb:c4,TRUE,OK,,-0.163427898619447,0.4069156690419,,none (KR-adjusted SE only),"",-0.275441974918464,TRUE,124,31,32,9,FALSE,TRUE,""
SCREEN-L-LPCR-M,DISCOVERY,SCREEN-L,M,B2,2,FALSE,y ~ Batch + CombZ_wb + c2 + c3 + c4 + CombZ_wb:(c2 + c3 + c4) + (1 | AnimalID) + (1 | CageEpisodeID),CombZ_wb:c2,FALSE,OK,,-0.469937571145409,0.702130659793754,,none (KR-adjusted SE only),"",-0.0670925558089551,TRUE,100,25,32,9,FALSE,TRUE,""
SCREEN-L-LPCR-M,DISCOVERY,SCREEN-L,M,B2,2,FALSE,y ~ Batch + CombZ_wb + c2 + c3 + c4 + CombZ_wb:(c2 + c3 + c4) + (1 | AnimalID) + (1 | CageEpisodeID),CombZ_wb:c3,FALSE,OK,,-1.14344792470542,0.698113916317266,,none (KR-adjusted SE only),"",-0.201146297885506,TRUE,100,25,32,9,FALSE,TRUE,""
SCREEN-L-LPCR-M,DISCOVERY,SCREEN-L,M,B2,2,FALSE,y ~ Batch + CombZ_wb + c2 + c3 + c4 + CombZ_wb:(c2 + c3 + c4) + (1 | AnimalID) + (1 | CageEpisodeID),CombZ_wb:c4,TRUE,OK,,-1.05529428742777,0.72400145653735,,none (KR-adjusted SE only),"",-0.275441974918464,TRUE,100,25,32,9,FALSE,TRUE,""
SCREEN-L-LPCR-M,DISCOVERY,SCREEN-L,M,B5,2,FALSE,y ~ Batch + CombZ_wb + c2 + c3 + c4 + CombZ_wb:(c2 + c3 + c4) + (1 | AnimalID) + (1 | CageEpisodeID),CombZ_wb:c2,FALSE,OK,,0.197558257032186,0.480012905956136,,none (KR-adjusted SE only),"",-0.0670925558089551,FALSE,104,26,32,9,FALSE,TRUE,""
SCREEN-L-LPCR-M,DISCOVERY,SCREEN-L,M,B5,2,FALSE,y ~ Batch + CombZ_wb + c2 + c3 + c4 + CombZ_wb:(c2 + c3 + c4) + (1 | AnimalID) + (1 | CageEpisodeID),CombZ_wb:c3,FALSE,OK,,0.277298232889985,0.493933829994485,,none (KR-adjusted SE only),"",-0.201146297885506,FALSE,104,26,32,9,FALSE,TRUE,""
SCREEN-L-LPCR-M,DISCOVERY,SCREEN-L,M,B5,2,FALSE,y ~ Batch + CombZ_wb + c2 + c3 + c4 + CombZ_wb:(c2 + c3 + c4) + (1 | AnimalID) + (1 | CageEpisodeID),CombZ_wb:c4,TRUE,OK,,0.070230137320216,0.498862597680243,,none (KR-adjusted SE only),"",-0.275441974918464,FALSE,104,26,32,9,FALSE,TRUE,""
SCREEN-L-LPCR-INT,DISCOVERY,SCREEN-L,INT,B1,5,FALSE,y ~ Batch + CombZ_wb + c2 + c3 + c4 + CombZ_wb:(c2 + c3 + c4) + CombZ_wb:sex_c + (c2 + c3 + c4):sex_c + CombZ_wb:(c2 + c3 + c4):sex_c + (1 | AnimalID) + (1 | CageEpisodeID),CombZ_wb:c2:sex_c,TRUE,OK,,-0.12404529894893,0.51170991280755,,none (KR-adjusted SE only),"",-0.181759258763639,TRUE,308,77,80,19,FALSE,TRUE,""
SCREEN-L-LPCR-INT,DISCOVERY,SCREEN-L,INT,B1,5,FALSE,y ~ Batch + CombZ_wb + c2 + c3 + c4 + CombZ_wb:(c2 + c3 + c4) + CombZ_wb:sex_c + (c2 + c3 + c4):sex_c + CombZ_wb:(c2 + c3 + c4):sex_c + (1 | AnimalID) + (1 | CageEpisodeID),CombZ_wb:c3:sex_c,FALSE,OK,,-0.213821162748486,0.511582930746535,,none (KR-adjusted SE only),"",-0.110875243415526,TRUE,308,77,80,19,FALSE,TRUE,""
SCREEN-L-LPCR-INT,DISCOVERY,SCREEN-L,INT,B1,5,FALSE,y ~ Batch + CombZ_wb + c2 + c3 + c4 + CombZ_wb:(c2 + c3 + c4) + CombZ_wb:sex_c + (c2 + c3 + c4):sex_c + CombZ_wb:(c2 + c3 + c4):sex_c + (1 | AnimalID) + (1 | CageEpisodeID),CombZ_wb:c4:sex_c,FALSE,OK,,0.00781620683534563,0.52179643901612,,none (KR-adjusted SE only),"",0.122596670130788,TRUE,308,77,80,19,FALSE,TRUE,""
SCREEN-L-LPCR-INT,DISCOVERY,SCREEN-L,INT,B2,5,FALSE,y ~ Batch + CombZ_wb + c2 + c3 + c4 + CombZ_wb:(c2 + c3 + c4) + CombZ_wb:sex_c + (c2 + c3 + c4):sex_c + CombZ_wb:(c2 + c3 + c4):sex_c + (1 | AnimalID) + (1 | CageEpisodeID),CombZ_wb:c2:sex_c,TRUE,OK,,0.197506288364504,0.709698774946249,,none (KR-adjusted SE only),"",-0.181759258763639,FALSE,284,71,80,19,FALSE,TRUE,""
SCREEN-L-LPCR-INT,DISCOVERY,SCREEN-L,INT,B2,5,FALSE,y ~ Batch + CombZ_wb + c2 + c3 + c4 + CombZ_wb:(c2 + c3 + c4) + CombZ_wb:sex_c + (c2 + c3 + c4):sex_c + CombZ_wb:(c2 + c3 + c4):sex_c + (1 | AnimalID) + (1 | CageEpisodeID),CombZ_wb:c3:sex_c,FALSE,OK,,0.827567672586877,0.711308432394934,,none (KR-adjusted SE only),"",-0.110875243415526,FALSE,284,71,80,19,FALSE,TRUE,""
SCREEN-L-LPCR-INT,DISCOVERY,SCREEN-L,INT,B2,5,FALSE,y ~ Batch + CombZ_wb + c2 + c3 + c4 + CombZ_wb:(c2 + c3 + c4) + CombZ_wb:sex_c + (c2 + c3 + c4):sex_c + CombZ_wb:(c2 + c3 + c4):sex_c + (1 | AnimalID) + (1 | CageEpisodeID),CombZ_wb:c4:sex_c,FALSE,OK,,0.924917842739772,0.728364186288627,,none (KR-adjusted SE only),"",0.122596670130788,TRUE,284,71,80,19,FALSE,TRUE,""
SCREEN-L-LPCR-INT,DISCOVERY,SCREEN-L,INT,B3,5,FALSE,y ~ Batch + CombZ_wb + c2 + c3 + c4 + CombZ_wb:(c2 + c3 + c4) + CombZ_wb:sex_c + (c2 + c3 + c4):sex_c + CombZ_wb:(c2 + c3 + c4):sex_c + (1 | AnimalID) + (1 | CageEpisodeID),CombZ_wb:c2:sex_c,TRUE,OK,,-0.00170030345422136,0.610703163328506,,none (KR-adjusted SE only),"",-0.181759258763639,TRUE,284,71,80,19,FALSE,TRUE,""
SCREEN-L-LPCR-INT,DISCOVERY,SCREEN-L,INT,B3,5,FALSE,y ~ Batch + CombZ_wb + c2 + c3 + c4 + CombZ_wb:(c2 + c3 + c4) + CombZ_wb:sex_c + (c2 + c3 + c4):sex_c + CombZ_wb:(c2 + c3 + c4):sex_c + (1 | AnimalID) + (1 | CageEpisodeID),CombZ_wb:c3:sex_c,FALSE,OK,,-0.0529361779744352,0.606684568038476,,none (KR-adjusted SE only),"",-0.110875243415526,TRUE,284,71,80,19,FALSE,TRUE,""
SCREEN-L-LPCR-INT,DISCOVERY,SCREEN-L,INT,B3,5,FALSE,y ~ Batch + CombZ_wb + c2 + c3 + c4 + CombZ_wb:(c2 + c3 + c4) + CombZ_wb:sex_c + (c2 + c3 + c4):sex_c + CombZ_wb:(c2 + c3 + c4):sex_c + (1 | AnimalID) + (1 | CageEpisodeID),CombZ_wb:c4:sex_c,FALSE,OK,,0.229035255481726,0.620921258890093,,none (KR-adjusted SE only),"",0.122596670130788,TRUE,284,71,80,19,FALSE,TRUE,""
SCREEN-L-LPCR-INT,DISCOVERY,SCREEN-L,INT,B4,5,FALSE,y ~ Batch + CombZ_wb + c2 + c3 + c4 + CombZ_wb:(c2 + c3 + c4) + CombZ_wb:sex_c + (c2 + c3 + c4):sex_c + CombZ_wb:(c2 + c3 + c4):sex_c + (1 | AnimalID) + (1 | CageEpisodeID),CombZ_wb:c2:sex_c,TRUE,OK,,-0.277843251065423,0.54412960362017,,none (KR-adjusted SE only),"",-0.181759258763639,TRUE,288,72,80,19,FALSE,TRUE,""
SCREEN-L-LPCR-INT,DISCOVERY,SCREEN-L,INT,B4,5,FALSE,y ~ Batch + CombZ_wb + c2 + c3 + c4 + CombZ_wb:(c2 + c3 + c4) + CombZ_wb:sex_c + (c2 + c3 + c4):sex_c + CombZ_wb:(c2 + c3 + c4):sex_c + (1 | AnimalID) + (1 | CageEpisodeID),CombZ_wb:c3:sex_c,FALSE,OK,,-0.0620528139847118,0.553287047526732,,none (KR-adjusted SE only),"",-0.110875243415526,TRUE,288,72,80,19,FALSE,TRUE,""
SCREEN-L-LPCR-INT,DISCOVERY,SCREEN-L,INT,B4,5,FALSE,y ~ Batch + CombZ_wb + c2 + c3 + c4 + CombZ_wb:(c2 + c3 + c4) + CombZ_wb:sex_c + (c2 + c3 + c4):sex_c + CombZ_wb:(c2 + c3 + c4):sex_c + (1 | AnimalID) + (1 | CageEpisodeID),CombZ_wb:c4:sex_c,FALSE,OK,,-0.20252810138865,0.553198571682281,,none (KR-adjusted SE only),"",0.122596670130788,FALSE,288,72,80,19,FALSE,TRUE,""
SCREEN-L-LPCR-INT,DISCOVERY,SCREEN-L,INT,B5,5,FALSE,y ~ Batch + CombZ_wb + c2 + c3 + c4 + CombZ_wb:(c2 + c3 + c4) + CombZ_wb:sex_c + (c2 + c3 + c4):sex_c + CombZ_wb:(c2 + c3 + c4):sex_c + (1 | AnimalID) + (1 | CageEpisodeID),CombZ_wb:c2:sex_c,TRUE,OK,,-0.452768062579821,0.561749279808675,,none (KR-adjusted SE only),"",-0.181759258763639,TRUE,288,72,80,19,FALSE,TRUE,""
SCREEN-L-LPCR-INT,DISCOVERY,SCREEN-L,INT,B5,5,FALSE,y ~ Batch + CombZ_wb + c2 + c3 + c4 + CombZ_wb:(c2 + c3 + c4) + CombZ_wb:sex_c + (c2 + c3 + c4):sex_c + CombZ_wb:(c2 + c3 + c4):sex_c + (1 | AnimalID) + (1 | CageEpisodeID),CombZ_wb:c3:sex_c,FALSE,OK,,-0.592102229816775,0.576093086797217,,none (KR-adjusted SE only),"",-0.110875243415526,TRUE,288,72,80,19,FALSE,TRUE,""
SCREEN-L-LPCR-INT,DISCOVERY,SCREEN-L,INT,B5,5,FALSE,y ~ Batch + CombZ_wb + c2 + c3 + c4 + CombZ_wb:(c2 + c3 + c4) + CombZ_wb:sex_c + (c2 + c3 + c4):sex_c + CombZ_wb:(c2 + c3 + c4):sex_c + (1 | AnimalID) + (1 | CageEpisodeID),CombZ_wb:c4:sex_c,FALSE,OK,,-0.219298802563936,0.576573408780922,,none (KR-adjusted SE only),"",0.122596670130788,FALSE,288,72,80,19,FALSE,TRUE,""
SCREEN-L-LPCR-INT,DISCOVERY,SCREEN-L,INT,B6,5,FALSE,y ~ Batch + CombZ_wb + c2 + c3 + c4 + CombZ_wb:(c2 + c3 + c4) + CombZ_wb:sex_c + (c2 + c3 + c4):sex_c + CombZ_wb:(c2 + c3 + c4):sex_c + (1 | AnimalID) + (1 | CageEpisodeID),CombZ_wb:c2:sex_c,TRUE,OK,,-0.219368505336286,0.542924076636022,,none (KR-adjusted SE only),"",-0.181759258763639,TRUE,288,72,80,19,FALSE,TRUE,""
SCREEN-L-LPCR-INT,DISCOVERY,SCREEN-L,INT,B6,5,FALSE,y ~ Batch + CombZ_wb + c2 + c3 + c4 + CombZ_wb:(c2 + c3 + c4) + CombZ_wb:sex_c + (c2 + c3 + c4):sex_c + CombZ_wb:(c2 + c3 + c4):sex_c + (1 | AnimalID) + (1 | CageEpisodeID),CombZ_wb:c3:sex_c,FALSE,OK,,-0.225349094961557,0.56301594014972,,none (KR-adjusted SE only),"",-0.110875243415526,TRUE,288,72,80,19,FALSE,TRUE,""
SCREEN-L-LPCR-INT,DISCOVERY,SCREEN-L,INT,B6,5,FALSE,y ~ Batch + CombZ_wb + c2 + c3 + c4 + CombZ_wb:(c2 + c3 + c4) + CombZ_wb:sex_c + (c2 + c3 + c4):sex_c + CombZ_wb:(c2 + c3 + c4):sex_c + (1 | AnimalID) + (1 | CageEpisodeID),CombZ_wb:c4:sex_c,FALSE,OK,,0.453403751081372,0.561662618350452,,none (KR-adjusted SE only),"",0.122596670130788,TRUE,288,72,80,19,FALSE,TRUE,""
SLEEP-CONT-IA40A-F,DISCOVERY,SLEEP-CONT,F,B3,2,FALSE,CombZ ~ Batch + x,x,TRUE,OK,,13.329042657435,4.33617860621576,3.52390302797123,Satterthwaite (CR2),LOW_DF,11.2266560101344,TRUE,30,30,8,3,,TRUE,""
SLEEP-CONT-IA40A-F,DISCOVERY,SLEEP-CONT,F,B4,2,FALSE,CombZ ~ Batch + x,x,TRUE,OK,,10.7509275393049,5.33940206465382,4.81339563817498,Satterthwaite (CR2),NOT_LOW_DF,11.2266560101344,TRUE,31,31,8,3,,TRUE,""
SLEEP-CONT-IA40A-F,DISCOVERY,SLEEP-CONT,F,B6,2,FALSE,CombZ ~ Batch + x,x,TRUE,OK,,9.88366905422411,9.15226044619447,3.41679771046482,Satterthwaite (CR2),LOW_DF,11.2266560101344,TRUE,31,31,8,3,,TRUE,""
SLEEP-CONT-IA40A-M,DISCOVERY,SLEEP-CONT,M,B1,2,FALSE,CombZ ~ Batch + x,x,TRUE,OK,,-10.3649007027845,6.67426738461854,4.48477000071219,Satterthwaite (CR2),NOT_LOW_DF,-5.3879381796686,TRUE,31,31,8,3,,TRUE,""
SLEEP-CONT-IA40A-M,DISCOVERY,SLEEP-CONT,M,B2,2,FALSE,CombZ ~ Batch + x,x,TRUE,OK,,-4.09773974003854,4.56881396802189,2.63751629492891,Satterthwaite (CR2),LOW_DF,-5.3879381796686,TRUE,25,25,8,3,,TRUE,""
SLEEP-CONT-IA40A-M,DISCOVERY,SLEEP-CONT,M,B5,2,FALSE,CombZ ~ Batch + x,x,TRUE,OK,,-3.47443077309673,5.18362888208654,1.86693946353212,Satterthwaite (CR2),LOW_DF,-5.3879381796686,TRUE,26,26,8,3,,TRUE,""
SLEEP-CONT-IA40A-INT,DISCOVERY,SLEEP-CONT,INT,B1,5,FALSE,CombZ ~ Batch + x + x:sex_c,x:sex_c,TRUE,OK,,21.5915567129191,8.19940086333919,6.47910204888884,Satterthwaite (CR2),NOT_LOW_DF,16.6145941898028,TRUE,77,77,20,7,,TRUE,""
SLEEP-CONT-IA40A-INT,DISCOVERY,SLEEP-CONT,INT,B2,5,FALSE,CombZ ~ Batch + x + x:sex_c,x:sex_c,TRUE,OK,,15.3243957501724,6.59987806486379,4.89360840484249,Satterthwaite (CR2),NOT_LOW_DF,16.6145941898028,TRUE,71,71,20,7,,TRUE,""
SLEEP-CONT-IA40A-INT,DISCOVERY,SLEEP-CONT,INT,B3,5,FALSE,CombZ ~ Batch + x + x:sex_c,x:sex_c,TRUE,OK,,18.7169808371026,6.39114739172905,7.04279472223058,Satterthwaite (CR2),NOT_LOW_DF,16.6145941898028,TRUE,71,71,20,7,,TRUE,""
SLEEP-CONT-IA40A-INT,DISCOVERY,SLEEP-CONT,INT,B4,5,FALSE,CombZ ~ Batch + x + x:sex_c,x:sex_c,TRUE,OK,,16.138865718973,7.11010087732572,6.90955766535921,Satterthwaite (CR2),NOT_LOW_DF,16.6145941898028,TRUE,72,72,20,7,,TRUE,""
SLEEP-CONT-IA40A-INT,DISCOVERY,SLEEP-CONT,INT,B5,5,FALSE,CombZ ~ Batch + x + x:sex_c,x:sex_c,TRUE,OK,,14.70108678323,7.03948419867301,3.09217760839954,Satterthwaite (CR2),LOW_DF,16.6145941898028,TRUE,72,72,20,7,,TRUE,""
SLEEP-CONT-IA40A-INT,DISCOVERY,SLEEP-CONT,INT,B6,5,FALSE,CombZ ~ Batch + x + x:sex_c,x:sex_c,TRUE,OK,,15.271607233892,10.2863108718676,6.95037439561433,Satterthwaite (CR2),NOT_LOW_DF,16.6145941898028,TRUE,72,72,20,7,,TRUE,""
SLEEP-CONT-IA40L-F,DISCOVERY,SLEEP-CONT,F,B3,2,FALSE,CombZ ~ Batch + x,x,TRUE,OK,,8.05119535428296,34.2909494989827,3.93518110647129,Satterthwaite (CR2),LOW_DF,21.9961277296866,TRUE,30,30,8,3,,TRUE,""
SLEEP-CONT-IA40L-F,DISCOVERY,SLEEP-CONT,F,B4,2,FALSE,CombZ ~ Batch + x,x,TRUE,OK,,25.8519914872174,27.3074163030172,2.27908904219115,Satterthwaite (CR2),LOW_DF,21.9961277296866,TRUE,31,31,8,3,,TRUE,""
SLEEP-CONT-IA40L-F,DISCOVERY,SLEEP-CONT,F,B6,2,FALSE,CombZ ~ Batch + x,x,TRUE,OK,,25.7213982311988,28.4155749867038,2.71338232778681,Satterthwaite (CR2),LOW_DF,21.9961277296866,TRUE,31,31,8,3,,TRUE,""
SLEEP-CONT-IA40L-M,DISCOVERY,SLEEP-CONT,M,B1,2,FALSE,CombZ ~ Batch + x,x,TRUE,OK,,-5.69432149953527,29.7890334472152,4.61649226077198,Satterthwaite (CR2),NOT_LOW_DF,-9.05267125911915,TRUE,31,31,8,3,,TRUE,""
SLEEP-CONT-IA40L-M,DISCOVERY,SLEEP-CONT,M,B2,2,FALSE,CombZ ~ Batch + x,x,TRUE,OK,,-26.2969758187087,24.040661029948,5.23680724571493,Satterthwaite (CR2),NOT_LOW_DF,-9.05267125911915,TRUE,25,25,8,3,,TRUE,""
SLEEP-CONT-IA40L-M,DISCOVERY,SLEEP-CONT,M,B5,2,FALSE,CombZ ~ Batch + x,x,TRUE,OK,,9.46496365954852,29.1589797368617,3.79059540560746,Satterthwaite (CR2),LOW_DF,-9.05267125911915,FALSE,26,26,8,3,,TRUE,""
SLEEP-CONT-IA40L-INT,DISCOVERY,SLEEP-CONT,INT,B1,5,FALSE,CombZ ~ Batch + x + x:sex_c,x:sex_c,TRUE,OK,,27.6904492292132,36.5934009404911,7.49699656681874,Satterthwaite (CR2),NOT_LOW_DF,31.048798988804,TRUE,77,77,20,7,,TRUE,""
SLEEP-CONT-IA40L-INT,DISCOVERY,SLEEP-CONT,INT,B2,5,FALSE,CombZ ~ Batch + x + x:sex_c,x:sex_c,TRUE,OK,,48.2931035483917,32.0880641586522,8.74751729968125,Satterthwaite (CR2),NOT_LOW_DF,31.048798988804,TRUE,71,71,20,7,,TRUE,""
SLEEP-CONT-IA40L-INT,DISCOVERY,SLEEP-CONT,INT,B3,5,FALSE,CombZ ~ Batch + x + x:sex_c,x:sex_c,TRUE,OK,,17.1038666133852,40.7525529452832,8.88455206476298,Satterthwaite (CR2),NOT_LOW_DF,31.048798988804,TRUE,71,71,20,7,,TRUE,""
SLEEP-CONT-IA40L-INT,DISCOVERY,SLEEP-CONT,INT,B4,5,FALSE,CombZ ~ Batch + x + x:sex_c,x:sex_c,TRUE,OK,,34.9046627463356,35.0798566011117,7.61865158891416,Satterthwaite (CR2),NOT_LOW_DF,31.048798988804,TRUE,72,72,20,7,,TRUE,""
SLEEP-CONT-IA40L-INT,DISCOVERY,SLEEP-CONT,INT,B5,5,FALSE,CombZ ~ Batch + x + x:sex_c,x:sex_c,TRUE,OK,,12.531164070125,36.0823582653534,6.34505733461379,Satterthwaite (CR2),NOT_LOW_DF,31.048798988804,TRUE,72,72,20,7,,TRUE,""
SLEEP-CONT-IA40L-INT,DISCOVERY,SLEEP-CONT,INT,B6,5,FALSE,CombZ ~ Batch + x + x:sex_c,x:sex_c,TRUE,OK,,34.7740694903137,35.9492177356326,8.79893838777876,Satterthwaite (CR2),NOT_LOW_DF,31.048798988804,TRUE,72,72,20,7,,TRUE,""
SLEEP-CAT-IA40A-F,DISCOVERY,SLEEP-CAT,F,B3,2,FALSE,y ~ Batch + g_RS + (1 | CageEpisodeID),g_RS,TRUE,OK,,0.00342801350200836,0.00722019101206359,23.9285014691479,Kenward-Roger,"",0.00201593422788575,TRUE,30,30,8,3,TRUE,TRUE,message: boundary (singular) fit: see help('isSingular')
SLEEP-CAT-IA40A-F,DISCOVERY,SLEEP-CAT,F,B4,2,FALSE,y ~ Batch + g_RS + (1 | CageEpisodeID),g_RS,TRUE,OK,,-0.000394303714229756,0.00833503510643773,24.0202259291698,Kenward-Roger,"",0.00201593422788575,FALSE,31,31,8,3,FALSE,TRUE,""
SLEEP-CAT-IA40A-F,DISCOVERY,SLEEP-CAT,F,B6,2,FALSE,y ~ Batch + g_RS + (1 | CageEpisodeID),g_RS,TRUE,OK,,0.00367344964405309,0.00556577337470464,22.9523993612974,Kenward-Roger,"",0.00201593422788575,TRUE,31,31,8,3,FALSE,TRUE,""
SLEEP-CAT-IA40A-M,DISCOVERY,SLEEP-CAT,M,B1,2,FALSE,y ~ Batch + g_RS + (1 | CageEpisodeID),g_RS,TRUE,OK,,-0.00469194250328593,0.00377794394780137,23.2996091381883,Kenward-Roger,"",-0.00713009576560866,TRUE,31,31,8,3,FALSE,TRUE,""
SLEEP-CAT-IA40A-M,DISCOVERY,SLEEP-CAT,M,B2,2,FALSE,y ~ Batch + g_RS + (1 | CageEpisodeID),g_RS,TRUE,OK,,-0.00831789438171777,0.006875631983517,21.7122374147102,Kenward-Roger,"",-0.00713009576560866,TRUE,25,25,8,3,TRUE,TRUE,message: boundary (singular) fit: see help('isSingular')
SLEEP-CAT-IA40A-M,DISCOVERY,SLEEP-CAT,M,B5,2,FALSE,y ~ Batch + g_RS + (1 | CageEpisodeID),g_RS,TRUE,OK,,-0.00811217306060433,0.00719279545634288,22.8765763885483,Kenward-Roger,"",-0.00713009576560866,TRUE,26,26,8,3,TRUE,TRUE,message: boundary (singular) fit: see help('isSingular')
SLEEP-CAT-IA40A-INT,DISCOVERY,SLEEP-CAT,INT,B1,5,FALSE,y ~ Batch + g_RS + g_RS:sex_c + (1 | CageEpisodeID),g_RS:sex_c,TRUE,OK,,0.00776831993617865,0.00813534205821667,61.1549856996038,Kenward-Roger,"",0.00900468151115999,TRUE,77,77,20,7,FALSE,TRUE,""
SLEEP-CAT-IA40A-INT,DISCOVERY,SLEEP-CAT,INT,B2,5,FALSE,y ~ Batch + g_RS + g_RS:sex_c + (1 | CageEpisodeID),g_RS:sex_c,TRUE,OK,,0.00957276173476328,0.00909583178804111,59.7663104023106,Kenward-Roger,"",0.00900468151115999,TRUE,71,71,20,7,FALSE,TRUE,""
SLEEP-CAT-IA40A-INT,DISCOVERY,SLEEP-CAT,INT,B3,5,FALSE,y ~ Batch + g_RS + g_RS:sex_c + (1 | CageEpisodeID),g_RS:sex_c,TRUE,OK,,0.0108268023631973,0.00824804735157846,60.0637476821348,Kenward-Roger,"",0.00900468151115999,TRUE,71,71,20,7,TRUE,TRUE,message: boundary (singular) fit: see help('isSingular')
SLEEP-CAT-IA40A-INT,DISCOVERY,SLEEP-CAT,INT,B4,5,FALSE,y ~ Batch + g_RS + g_RS:sex_c + (1 | CageEpisodeID),g_RS:sex_c,TRUE,OK,,0.00639824377379513,0.00905122371041606,58.9162438186332,Kenward-Roger,"",0.00900468151115999,TRUE,72,72,20,7,FALSE,TRUE,""
SLEEP-CAT-IA40A-INT,DISCOVERY,SLEEP-CAT,INT,B5,5,FALSE,y ~ Batch + g_RS + g_RS:sex_c + (1 | CageEpisodeID),g_RS:sex_c,TRUE,OK,,0.00979102900717954,0.0100733613769385,64.2282461014506,Kenward-Roger,"",0.00900468151115999,TRUE,72,72,20,7,FALSE,TRUE,""
SLEEP-CAT-IA40A-INT,DISCOVERY,SLEEP-CAT,INT,B6,5,FALSE,y ~ Batch + g_RS + g_RS:sex_c + (1 | CageEpisodeID),g_RS:sex_c,TRUE,OK,,0.00991181214338549,0.00723049649894897,57.0728735548788,Kenward-Roger,"",0.00900468151115999,TRUE,72,72,20,7,FALSE,TRUE,""
SLEEP-CAT-IA40L-F,DISCOVERY,SLEEP-CAT,F,B3,2,FALSE,y ~ Batch + g_RS + (1 | CageEpisodeID),g_RS,TRUE,OK,,0.00198066357734806,0.00142000933595966,23.9285014691353,Kenward-Roger,"",0.00323172326944012,TRUE,30,30,8,3,TRUE,TRUE,message: boundary (singular) fit: see help('isSingular')
SLEEP-CAT-IA40L-F,DISCOVERY,SLEEP-CAT,F,B4,2,FALSE,y ~ Batch + g_RS + (1 | CageEpisodeID),g_RS,TRUE,OK,,0.00358712724440976,0.00171046286448903,24.4411219769807,Kenward-Roger,"",0.00323172326944012,TRUE,31,31,8,3,FALSE,TRUE,""
SLEEP-CAT-IA40L-F,DISCOVERY,SLEEP-CAT,F,B6,2,FALSE,y ~ Batch + g_RS + (1 | CageEpisodeID),g_RS,TRUE,OK,,0.00396717701303503,0.0015802357315365,23.9784088633182,Kenward-Roger,"",0.00323172326944012,TRUE,31,31,8,3,FALSE,TRUE,""
SLEEP-CAT-IA40L-M,DISCOVERY,SLEEP-CAT,M,B1,2,FALSE,y ~ Batch + g_RS + (1 | CageEpisodeID),g_RS,TRUE,OK,,-0.00218479901863423,0.00137802105991874,26.0991622867599,Kenward-Roger,"",-0.00215510178965439,TRUE,31,31,8,3,TRUE,TRUE,message: boundary (singular) fit: see help('isSingular')
SLEEP-CAT-IA40L-M,DISCOVERY,SLEEP-CAT,M,B2,2,FALSE,y ~ Batch + g_RS + (1 | CageEpisodeID),g_RS,TRUE,OK,,-0.00235060940138204,0.00172390624716542,21.7122374147102,Kenward-Roger,"",-0.00215510178965439,TRUE,25,25,8,3,TRUE,TRUE,message: boundary (singular) fit: see help('isSingular')
SLEEP-CAT-IA40L-M,DISCOVERY,SLEEP-CAT,M,B5,2,FALSE,y ~ Batch + g_RS + (1 | CageEpisodeID),g_RS,TRUE,OK,,-0.00163696073795374,0.00172926385519384,21.2827681686645,Kenward-Roger,"",-0.00215510178965439,TRUE,26,26,8,3,FALSE,TRUE,""
SLEEP-CAT-IA40L-INT,DISCOVERY,SLEEP-CAT,INT,B1,5,FALSE,y ~ Batch + g_RS + g_RS:sex_c + (1 | CageEpisodeID),g_RS:sex_c,TRUE,OK,,0.00538524618873317,0.00197932655120285,63.9549312021718,Kenward-Roger,"",0.00536322152678164,TRUE,77,77,20,7,FALSE,TRUE,""
SLEEP-CAT-IA40L-INT,DISCOVERY,SLEEP-CAT,INT,B2,5,FALSE,y ~ Batch + g_RS + g_RS:sex_c + (1 | CageEpisodeID),g_RS:sex_c,TRUE,OK,,0.00555416502714293,0.00208970862874661,61.1040428546546,Kenward-Roger,"",0.00536322152678164,TRUE,71,71,20,7,FALSE,TRUE,""
SLEEP-CAT-IA40L-INT,DISCOVERY,SLEEP-CAT,INT,B3,5,FALSE,y ~ Batch + g_RS + g_RS:sex_c + (1 | CageEpisodeID),g_RS:sex_c,TRUE,OK,,0.00414151155892408,0.00189907959543684,60.0310265620232,Kenward-Roger,"",0.00536322152678164,TRUE,71,71,20,7,FALSE,TRUE,""
SLEEP-CAT-IA40L-INT,DISCOVERY,SLEEP-CAT,INT,B4,5,FALSE,y ~ Batch + g_RS + g_RS:sex_c + (1 | CageEpisodeID),g_RS:sex_c,TRUE,OK,,0.00568464382632409,0.0020682517757604,60.1895171483376,Kenward-Roger,"",0.00536322152678164,TRUE,72,72,20,7,FALSE,TRUE,""
SLEEP-CAT-IA40L-INT,DISCOVERY,SLEEP-CAT,INT,B5,5,FALSE,y ~ Batch + g_RS + g_RS:sex_c + (1 | CageEpisodeID),g_RS:sex_c,TRUE,OK,,0.00501705234415621,0.00228048641860617,63.8073427438824,Kenward-Roger,"",0.00536322152678164,TRUE,72,72,20,7,FALSE,TRUE,""
SLEEP-CAT-IA40L-INT,DISCOVERY,SLEEP-CAT,INT,B6,5,FALSE,y ~ Batch + g_RS + g_RS:sex_c + (1 | CageEpisodeID),g_RS:sex_c,TRUE,OK,,0.0060888643412018,0.00198650642731657,60.1647030193918,Kenward-Roger,"",0.00536322152678164,TRUE,72,72,20,7,FALSE,TRUE,""
SLEEP-L-IA40A-F,DISCOVERY,SLEEP-L,F,B3,2,FALSE,y ~ Batch + CombZ_wb + c2 + c3 + c4 + CombZ_wb:(c2 + c3 + c4) + (1 | AnimalID) + (1 | CageEpisodeID),CombZ_wb:c2,TRUE,OK,,-0.0124489663968265,0.00661188340222228,,none (KR-adjusted SE only),"",-0.0102296623281701,TRUE,120,30,32,9,FALSE,TRUE,""
SLEEP-L-IA40A-F,DISCOVERY,SLEEP-L,F,B3,2,FALSE,y ~ Batch + CombZ_wb + c2 + c3 + c4 + CombZ_wb:(c2 + c3 + c4) + (1 | AnimalID) + (1 | CageEpisodeID),CombZ_wb:c3,FALSE,OK,,-0.0104915348337549,0.00651896743166142,,none (KR-adjusted SE only),"",-0.0066266424602315,TRUE,120,30,32,9,FALSE,TRUE,""
SLEEP-L-IA40A-F,DISCOVERY,SLEEP-L,F,B3,2,FALSE,y ~ Batch + CombZ_wb + c2 + c3 + c4 + CombZ_wb:(c2 + c3 + c4) + (1 | AnimalID) + (1 | CageEpisodeID),CombZ_wb:c4,FALSE,OK,,-0.00337950507041793,0.00666443643573954,,none (KR-adjusted SE only),"",0.0019050181939529,FALSE,120,30,32,9,FALSE,TRUE,""
SLEEP-L-IA40A-F,DISCOVERY,SLEEP-L,F,B4,2,FALSE,y ~ Batch + CombZ_wb + c2 + c3 + c4 + CombZ_wb:(c2 + c3 + c4) + (1 | AnimalID) + (1 | CageEpisodeID),CombZ_wb:c2,TRUE,OK,,-0.0112907717689149,0.00570508393241437,,none (KR-adjusted SE only),"",-0.0102296623281701,TRUE,124,31,32,9,FALSE,TRUE,""
SLEEP-L-IA40A-F,DISCOVERY,SLEEP-L,F,B4,2,FALSE,y ~ Batch + CombZ_wb + c2 + c3 + c4 + CombZ_wb:(c2 + c3 + c4) + (1 | AnimalID) + (1 | CageEpisodeID),CombZ_wb:c3,FALSE,OK,,-0.0039440447894147,0.00595124247425212,,none (KR-adjusted SE only),"",-0.0066266424602315,TRUE,124,31,32,9,FALSE,TRUE,""
SLEEP-L-IA40A-F,DISCOVERY,SLEEP-L,F,B4,2,FALSE,y ~ Batch + CombZ_wb + c2 + c3 + c4 + CombZ_wb:(c2 + c3 + c4) + (1 | AnimalID) + (1 | CageEpisodeID),CombZ_wb:c4,FALSE,OK,,0.00257413872011751,0.00572490631479873,,none (KR-adjusted SE only),"",0.0019050181939529,TRUE,124,31,32,9,FALSE,TRUE,""
SLEEP-L-IA40A-F,DISCOVERY,SLEEP-L,F,B6,2,FALSE,y ~ Batch + CombZ_wb + c2 + c3 + c4 + CombZ_wb:(c2 + c3 + c4) + (1 | AnimalID) + (1 | CageEpisodeID),CombZ_wb:c2,TRUE,OK,,-0.0068635342932114,0.00639188180431835,,none (KR-adjusted SE only),"",-0.0102296623281701,TRUE,124,31,32,9,FALSE,TRUE,""
SLEEP-L-IA40A-F,DISCOVERY,SLEEP-L,F,B6,2,FALSE,y ~ Batch + CombZ_wb + c2 + c3 + c4 + CombZ_wb:(c2 + c3 + c4) + (1 | AnimalID) + (1 | CageEpisodeID),CombZ_wb:c3,FALSE,OK,,-0.00616435564771209,0.00691724444825223,,none (KR-adjusted SE only),"",-0.0066266424602315,TRUE,124,31,32,9,FALSE,TRUE,""
SLEEP-L-IA40A-F,DISCOVERY,SLEEP-L,F,B6,2,FALSE,y ~ Batch + CombZ_wb + c2 + c3 + c4 + CombZ_wb:(c2 + c3 + c4) + (1 | AnimalID) + (1 | CageEpisodeID),CombZ_wb:c4,FALSE,OK,,0.00637817687122779,0.00667076526649127,,none (KR-adjusted SE only),"",0.0019050181939529,TRUE,124,31,32,9,FALSE,TRUE,""
SLEEP-L-IA40A-M,DISCOVERY,SLEEP-L,M,B1,2,FALSE,y ~ Batch + CombZ_wb + c2 + c3 + c4 + CombZ_wb:(c2 + c3 + c4) + (1 | AnimalID) + (1 | CageEpisodeID),CombZ_wb:c2,FALSE,OK,,0.00281157973889247,0.00448899683599245,,none (KR-adjusted SE only),"",0.000262641845670692,TRUE,124,31,32,9,FALSE,TRUE,""
SLEEP-L-IA40A-M,DISCOVERY,SLEEP-L,M,B1,2,FALSE,y ~ Batch + CombZ_wb + c2 + c3 + c4 + CombZ_wb:(c2 + c3 + c4) + (1 | AnimalID) + (1 | CageEpisodeID),CombZ_wb:c3,FALSE,OK,,7.79346744415655e-05,0.00437585867157908,,none (KR-adjusted SE only),"",0.00145625293125344,TRUE,124,31,32,9,FALSE,TRUE,""
SLEEP-L-IA40A-M,DISCOVERY,SLEEP-L,M,B1,2,FALSE,y ~ Batch + CombZ_wb + c2 + c3 + c4 + CombZ_wb:(c2 + c3 + c4) + (1 | AnimalID) + (1 | CageEpisodeID),CombZ_wb:c4,TRUE,OK,,0.0085185707480205,0.00463946587962332,,none (KR-adjusted SE only),"",0.0102378798900182,TRUE,124,31,32,9,FALSE,TRUE,""
SLEEP-L-IA40A-M,DISCOVERY,SLEEP-L,M,B2,2,FALSE,y ~ Batch + CombZ_wb + c2 + c3 + c4 + CombZ_wb:(c2 + c3 + c4) + (1 | AnimalID) + (1 | CageEpisodeID),CombZ_wb:c2,FALSE,OK,,-7.6608631702746e-05,0.00735605430579229,,none (KR-adjusted SE only),"",0.000262641845670692,FALSE,100,25,32,9,FALSE,TRUE,""
SLEEP-L-IA40A-M,DISCOVERY,SLEEP-L,M,B2,2,FALSE,y ~ Batch + CombZ_wb + c2 + c3 + c4 + CombZ_wb:(c2 + c3 + c4) + (1 | AnimalID) + (1 | CageEpisodeID),CombZ_wb:c3,FALSE,OK,,0.00418913977726759,0.00733259518599822,,none (KR-adjusted SE only),"",0.00145625293125344,TRUE,100,25,32,9,FALSE,TRUE,""
SLEEP-L-IA40A-M,DISCOVERY,SLEEP-L,M,B2,2,FALSE,y ~ Batch + CombZ_wb + c2 + c3 + c4 + CombZ_wb:(c2 + c3 + c4) + (1 | AnimalID) + (1 | CageEpisodeID),CombZ_wb:c4,TRUE,OK,,0.0215628370018782,0.00771162031064181,,none (KR-adjusted SE only),"",0.0102378798900182,TRUE,100,25,32,9,FALSE,TRUE,""
SLEEP-L-IA40A-M,DISCOVERY,SLEEP-L,M,B5,2,FALSE,y ~ Batch + CombZ_wb + c2 + c3 + c4 + CombZ_wb:(c2 + c3 + c4) + (1 | AnimalID) + (1 | CageEpisodeID),CombZ_wb:c2,FALSE,OK,,-0.0018817980398115,0.00530213989063577,,none (KR-adjusted SE only),"",0.000262641845670692,FALSE,104,26,32,9,FALSE,TRUE,""
SLEEP-L-IA40A-M,DISCOVERY,SLEEP-L,M,B5,2,FALSE,y ~ Batch + CombZ_wb + c2 + c3 + c4 + CombZ_wb:(c2 + c3 + c4) + (1 | AnimalID) + (1 | CageEpisodeID),CombZ_wb:c3,FALSE,OK,,0.00227856696364955,0.00543035311989847,,none (KR-adjusted SE only),"",0.00145625293125344,TRUE,104,26,32,9,FALSE,TRUE,""
SLEEP-L-IA40A-M,DISCOVERY,SLEEP-L,M,B5,2,FALSE,y ~ Batch + CombZ_wb + c2 + c3 + c4 + CombZ_wb:(c2 + c3 + c4) + (1 | AnimalID) + (1 | CageEpisodeID),CombZ_wb:c4,TRUE,OK,,0.00574114436190513,0.00548093354606036,,none (KR-adjusted SE only),"",0.0102378798900182,TRUE,104,26,32,9,FALSE,TRUE,""
SLEEP-L-IA40A-INT,DISCOVERY,SLEEP-L,INT,B1,5,FALSE,y ~ Batch + CombZ_wb + c2 + c3 + c4 + CombZ_wb:(c2 + c3 + c4) + CombZ_wb:sex_c + (c2 + c3 + c4):sex_c + CombZ_wb:(c2 + c3 + c4):sex_c + (1 | AnimalID) + (1 | CageEpisodeID),CombZ_wb:c2:sex_c,TRUE,OK,,-0.0132475744264576,0.00745395963638074,,none (KR-adjusted SE only),"",-0.0107235930672741,TRUE,308,77,80,19,FALSE,TRUE,""
SLEEP-L-IA40A-INT,DISCOVERY,SLEEP-L,INT,B1,5,FALSE,y ~ Batch + CombZ_wb + c2 + c3 + c4 + CombZ_wb:(c2 + c3 + c4) + CombZ_wb:sex_c + (c2 + c3 + c4):sex_c + CombZ_wb:(c2 + c3 + c4):sex_c + (1 | AnimalID) + (1 | CageEpisodeID),CombZ_wb:c3:sex_c,FALSE,OK,,-0.007086217113213,0.00745036418747802,,none (KR-adjusted SE only),"",-0.00850510148265152,TRUE,308,77,80,19,FALSE,TRUE,""
SLEEP-L-IA40A-INT,DISCOVERY,SLEEP-L,INT,B1,5,FALSE,y ~ Batch + CombZ_wb + c2 + c3 + c4 + CombZ_wb:(c2 + c3 + c4) + CombZ_wb:sex_c + (c2 + c3 + c4):sex_c + CombZ_wb:(c2 + c3 + c4):sex_c + (1 | AnimalID) + (1 | CageEpisodeID),CombZ_wb:c4:sex_c,FALSE,OK,,-0.00829568845021595,0.00763289601465081,,none (KR-adjusted SE only),"",-0.00944337102717826,TRUE,308,77,80,19,FALSE,TRUE,""
SLEEP-L-IA40A-INT,DISCOVERY,SLEEP-L,INT,B2,5,FALSE,y ~ Batch + CombZ_wb + c2 + c3 + c4 + CombZ_wb:(c2 + c3 + c4) + CombZ_wb:sex_c + (c2 + c3 + c4):sex_c + CombZ_wb:(c2 + c3 + c4):sex_c + (1 | AnimalID) + (1 | CageEpisodeID),CombZ_wb:c2:sex_c,TRUE,OK,,-0.0105716628756845,0.0100388387020521,,none (KR-adjusted SE only),"",-0.0107235930672741,TRUE,284,71,80,19,FALSE,TRUE,""
SLEEP-L-IA40A-INT,DISCOVERY,SLEEP-L,INT,B2,5,FALSE,y ~ Batch + CombZ_wb + c2 + c3 + c4 + CombZ_wb:(c2 + c3 + c4) + CombZ_wb:sex_c + (c2 + c3 + c4):sex_c + CombZ_wb:(c2 + c3 + c4):sex_c + (1 | AnimalID) + (1 | CageEpisodeID),CombZ_wb:c3:sex_c,FALSE,OK,,-0.0116118462819471,0.0100839119476762,,none (KR-adjusted SE only),"",-0.00850510148265152,TRUE,284,71,80,19,FALSE,TRUE,""
SLEEP-L-IA40A-INT,DISCOVERY,SLEEP-L,INT,B2,5,FALSE,y ~ Batch + CombZ_wb + c2 + c3 + c4 + CombZ_wb:(c2 + c3 + c4) + CombZ_wb:sex_c + (c2 + c3 + c4):sex_c + CombZ_wb:(c2 + c3 + c4):sex_c + (1 | AnimalID) + (1 | CageEpisodeID),CombZ_wb:c4:sex_c,FALSE,OK,,-0.0216991270436524,0.010397635043825,,none (KR-adjusted SE only),"",-0.00944337102717826,TRUE,284,71,80,19,FALSE,TRUE,""
SLEEP-L-IA40A-INT,DISCOVERY,SLEEP-L,INT,B3,5,FALSE,y ~ Batch + CombZ_wb + c2 + c3 + c4 + CombZ_wb:(c2 + c3 + c4) + CombZ_wb:sex_c + (c2 + c3 + c4):sex_c + CombZ_wb:(c2 + c3 + c4):sex_c + (1 | AnimalID) + (1 | CageEpisodeID),CombZ_wb:c2:sex_c,TRUE,OK,,-0.0130469644492121,0.00770476579601894,,none (KR-adjusted SE only),"",-0.0107235930672741,TRUE,284,71,80,19,FALSE,TRUE,""
SLEEP-L-IA40A-INT,DISCOVERY,SLEEP-L,INT,B3,5,FALSE,y ~ Batch + CombZ_wb + c2 + c3 + c4 + CombZ_wb:(c2 + c3 + c4) + CombZ_wb:sex_c + (c2 + c3 + c4):sex_c + CombZ_wb:(c2 + c3 + c4):sex_c + (1 | AnimalID) + (1 | CageEpisodeID),CombZ_wb:c3:sex_c,FALSE,OK,,-0.0124102600343286,0.00764983350768468,,none (KR-adjusted SE only),"",-0.00850510148265152,TRUE,284,71,80,19,FALSE,TRUE,""
SLEEP-L-IA40A-INT,DISCOVERY,SLEEP-L,INT,B3,5,FALSE,y ~ Batch + CombZ_wb + c2 + c3 + c4 + CombZ_wb:(c2 + c3 + c4) + CombZ_wb:sex_c + (c2 + c3 + c4):sex_c + CombZ_wb:(c2 + c3 + c4):sex_c + (1 | AnimalID) + (1 | CageEpisodeID),CombZ_wb:c4:sex_c,FALSE,OK,,-0.0149761305925318,0.00786202817559707,,none (KR-adjusted SE only),"",-0.00944337102717826,TRUE,284,71,80,19,FALSE,TRUE,""
SLEEP-L-IA40A-INT,DISCOVERY,SLEEP-L,INT,B4,5,FALSE,y ~ Batch + CombZ_wb + c2 + c3 + c4 + CombZ_wb:(c2 + c3 + c4) + CombZ_wb:sex_c + (c2 + c3 + c4):sex_c + CombZ_wb:(c2 + c3 + c4):sex_c + (1 | AnimalID) + (1 | CageEpisodeID),CombZ_wb:c2:sex_c,TRUE,OK,,-0.0117311335591517,0.00717608724665877,,none (KR-adjusted SE only),"",-0.0107235930672741,TRUE,288,72,80,19,FALSE,TRUE,""
SLEEP-L-IA40A-INT,DISCOVERY,SLEEP-L,INT,B4,5,FALSE,y ~ Batch + CombZ_wb + c2 + c3 + c4 + CombZ_wb:(c2 + c3 + c4) + CombZ_wb:sex_c + (c2 + c3 + c4):sex_c + CombZ_wb:(c2 + c3 + c4):sex_c + (1 | AnimalID) + (1 | CageEpisodeID),CombZ_wb:c3:sex_c,FALSE,OK,,-0.00583337235298047,0.00731906383371872,,none (KR-adjusted SE only),"",-0.00850510148265152,TRUE,288,72,80,19,FALSE,TRUE,""
SLEEP-L-IA40A-INT,DISCOVERY,SLEEP-L,INT,B4,5,FALSE,y ~ Batch + CombZ_wb + c2 + c3 + c4 + CombZ_wb:(c2 + c3 + c4) + CombZ_wb:sex_c + (c2 + c3 + c4):sex_c + CombZ_wb:(c2 + c3 + c4):sex_c + (1 | AnimalID) + (1 | CageEpisodeID),CombZ_wb:c4:sex_c,FALSE,OK,,-0.00895566576302834,0.00731811483239018,,none (KR-adjusted SE only),"",-0.00944337102717826,TRUE,288,72,80,19,FALSE,TRUE,""
SLEEP-L-IA40A-INT,DISCOVERY,SLEEP-L,INT,B5,5,FALSE,y ~ Batch + CombZ_wb + c2 + c3 + c4 + CombZ_wb:(c2 + c3 + c4) + CombZ_wb:sex_c + (c2 + c3 + c4):sex_c + CombZ_wb:(c2 + c3 + c4):sex_c + (1 | AnimalID) + (1 | CageEpisodeID),CombZ_wb:c2:sex_c,TRUE,OK,,-0.00828770795803204,0.00812049185455368,,none (KR-adjusted SE only),"",-0.0107235930672741,TRUE,288,72,80,19,FALSE,TRUE,""
SLEEP-L-IA40A-INT,DISCOVERY,SLEEP-L,INT,B5,5,FALSE,y ~ Batch + CombZ_wb + c2 + c3 + c4 + CombZ_wb:(c2 + c3 + c4) + CombZ_wb:sex_c + (c2 + c3 + c4):sex_c + CombZ_wb:(c2 + c3 + c4):sex_c + (1 | AnimalID) + (1 | CageEpisodeID),CombZ_wb:c3:sex_c,FALSE,OK,,-0.00879539064811567,0.00834405856498271,,none (KR-adjusted SE only),"",-0.00850510148265152,TRUE,288,72,80,19,FALSE,TRUE,""
SLEEP-L-IA40A-INT,DISCOVERY,SLEEP-L,INT,B5,5,FALSE,y ~ Batch + CombZ_wb + c2 + c3 + c4 + CombZ_wb:(c2 + c3 + c4) + CombZ_wb:sex_c + (c2 + c3 + c4):sex_c + CombZ_wb:(c2 + c3 + c4):sex_c + (1 | AnimalID) + (1 | CageEpisodeID),CombZ_wb:c4:sex_c,FALSE,OK,,-0.00374832195631385,0.00834909026461796,,none (KR-adjusted SE only),"",-0.00944337102717826,TRUE,288,72,80,19,FALSE,TRUE,""
SLEEP-L-IA40A-INT,DISCOVERY,SLEEP-L,INT,B6,5,FALSE,y ~ Batch + CombZ_wb + c2 + c3 + c4 + CombZ_wb:(c2 + c3 + c4) + CombZ_wb:sex_c + (c2 + c3 + c4):sex_c + CombZ_wb:(c2 + c3 + c4):sex_c + (1 | AnimalID) + (1 | CageEpisodeID),CombZ_wb:c2:sex_c,TRUE,OK,,-0.00723305805893514,0.00759306513932386,,none (KR-adjusted SE only),"",-0.0107235930672741,TRUE,288,72,80,19,FALSE,TRUE,""
SLEEP-L-IA40A-INT,DISCOVERY,SLEEP-L,INT,B6,5,FALSE,y ~ Batch + CombZ_wb + c2 + c3 + c4 + CombZ_wb:(c2 + c3 + c4) + CombZ_wb:sex_c + (c2 + c3 + c4):sex_c + CombZ_wb:(c2 + c3 + c4):sex_c + (1 | AnimalID) + (1 | CageEpisodeID),CombZ_wb:c3:sex_c,FALSE,OK,,-0.00795198591462713,0.00790786800259511,,none (KR-adjusted SE only),"",-0.00850510148265152,TRUE,288,72,80,19,FALSE,TRUE,""
SLEEP-L-IA40A-INT,DISCOVERY,SLEEP-L,INT,B6,5,FALSE,y ~ Batch + CombZ_wb + c2 + c3 + c4 + CombZ_wb:(c2 + c3 + c4) + CombZ_wb:sex_c + (c2 + c3 + c4):sex_c + CombZ_wb:(c2 + c3 + c4):sex_c + (1 | AnimalID) + (1 | CageEpisodeID),CombZ_wb:c4:sex_c,FALSE,OK,,-0.00461951860499716,0.00788438369041973,,none (KR-adjusted SE only),"",-0.00944337102717826,TRUE,288,72,80,19,FALSE,TRUE,""
SLEEP-L-IA40L-F,DISCOVERY,SLEEP-L,F,B3,2,FALSE,y ~ Batch + CombZ_wb + c2 + c3 + c4 + CombZ_wb:(c2 + c3 + c4) + (1 | AnimalID) + (1 | CageEpisodeID),CombZ_wb:c2,FALSE,OK,,-0.000351622533001141,0.00131151690938075,,none (KR-adjusted SE only),"",-0.000235177666221708,TRUE,120,30,32,9,FALSE,TRUE,""
SLEEP-L-IA40L-F,DISCOVERY,SLEEP-L,F,B3,2,FALSE,y ~ Batch + CombZ_wb + c2 + c3 + c4 + CombZ_wb:(c2 + c3 + c4) + (1 | AnimalID) + (1 | CageEpisodeID),CombZ_wb:c3,FALSE,OK,,0.000681456657756092,0.0012986713097706,,none (KR-adjusted SE only),"",0.000615501343552654,TRUE,120,30,32,9,FALSE,TRUE,""
SLEEP-L-IA40L-F,DISCOVERY,SLEEP-L,F,B3,2,FALSE,y ~ Batch + CombZ_wb + c2 + c3 + c4 + CombZ_wb:(c2 + c3 + c4) + (1 | AnimalID) + (1 | CageEpisodeID),CombZ_wb:c4,TRUE,OK,,-0.000263799145926066,0.001318068618268,,none (KR-adjusted SE only),"",-0.000672210751825976,TRUE,120,30,32,9,FALSE,TRUE,""
SLEEP-L-IA40L-F,DISCOVERY,SLEEP-L,F,B4,2,FALSE,y ~ Batch + CombZ_wb + c2 + c3 + c4 + CombZ_wb:(c2 + c3 + c4) + (1 | AnimalID) + (1 | CageEpisodeID),CombZ_wb:c2,FALSE,OK,,0.000212701472087174,0.000983360577004239,,none (KR-adjusted SE only),"",-0.000235177666221708,FALSE,124,31,32,9,FALSE,TRUE,""
SLEEP-L-IA40L-F,DISCOVERY,SLEEP-L,F,B4,2,FALSE,y ~ Batch + CombZ_wb + c2 + c3 + c4 + CombZ_wb:(c2 + c3 + c4) + (1 | AnimalID) + (1 | CageEpisodeID),CombZ_wb:c3,FALSE,OK,,0.000425294267509044,0.00100732442348623,,none (KR-adjusted SE only),"",0.000615501343552654,TRUE,124,31,32,9,FALSE,TRUE,""
SLEEP-L-IA40L-F,DISCOVERY,SLEEP-L,F,B4,2,FALSE,y ~ Batch + CombZ_wb + c2 + c3 + c4 + CombZ_wb:(c2 + c3 + c4) + (1 | AnimalID) + (1 | CageEpisodeID),CombZ_wb:c4,TRUE,OK,,0.000240172153446691,0.000985491039577297,,none (KR-adjusted SE only),"",-0.000672210751825976,FALSE,124,31,32,9,FALSE,TRUE,""
SLEEP-L-IA40L-F,DISCOVERY,SLEEP-L,F,B6,2,FALSE,y ~ Batch + CombZ_wb + c2 + c3 + c4 + CombZ_wb:(c2 + c3 + c4) + (1 | AnimalID) + (1 | CageEpisodeID),CombZ_wb:c2,FALSE,OK,,-0.000716460855448459,0.00116623997355577,,none (KR-adjusted SE only),"",-0.000235177666221708,TRUE,124,31,32,9,FALSE,TRUE,""
SLEEP-L-IA40L-F,DISCOVERY,SLEEP-L,F,B6,2,FALSE,y ~ Batch + CombZ_wb + c2 + c3 + c4 + CombZ_wb:(c2 + c3 + c4) + (1 | AnimalID) + (1 | CageEpisodeID),CombZ_wb:c3,FALSE,OK,,0.000841955485658998,0.00122951582406322,,none (KR-adjusted SE only),"",0.000615501343552654,TRUE,124,31,32,9,FALSE,TRUE,""
SLEEP-L-IA40L-F,DISCOVERY,SLEEP-L,F,B6,2,FALSE,y ~ Batch + CombZ_wb + c2 + c3 + c4 + CombZ_wb:(c2 + c3 + c4) + (1 | AnimalID) + (1 | CageEpisodeID),CombZ_wb:c4,TRUE,OK,,-0.00227873407370709,0.00120161876190288,,none (KR-adjusted SE only),"",-0.000672210751825976,TRUE,124,31,32,9,FALSE,TRUE,""
SLEEP-L-IA40L-M,DISCOVERY,SLEEP-L,M,B1,2,FALSE,y ~ Batch + CombZ_wb + c2 + c3 + c4 + CombZ_wb:(c2 + c3 + c4) + (1 | AnimalID) + (1 | CageEpisodeID),CombZ_wb:c2,FALSE,OK,,-0.000549674084393136,0.00114821247227492,,none (KR-adjusted SE only),"",-0.000288824674699993,TRUE,124,31,32,9,FALSE,TRUE,""
SLEEP-L-IA40L-M,DISCOVERY,SLEEP-L,M,B1,2,FALSE,y ~ Batch + CombZ_wb + c2 + c3 + c4 + CombZ_wb:(c2 + c3 + c4) + (1 | AnimalID) + (1 | CageEpisodeID),CombZ_wb:c3,FALSE,OK,,-0.000475612565421399,0.00112797343317268,,none (KR-adjusted SE only),"",0.000156494582578282,FALSE,124,31,32,9,FALSE,TRUE,""
SLEEP-L-IA40L-M,DISCOVERY,SLEEP-L,M,B1,2,FALSE,y ~ Batch + CombZ_wb + c2 + c3 + c4 + CombZ_wb:(c2 + c3 + c4) + (1 | AnimalID) + (1 | CageEpisodeID),CombZ_wb:c4,TRUE,OK,,0.000568133746124504,0.00117512929949131,,none (KR-adjusted SE only),"",0.00122551249044642,TRUE,124,31,32,9,FALSE,TRUE,""
SLEEP-L-IA40L-M,DISCOVERY,SLEEP-L,M,B2,2,FALSE,y ~ Batch + CombZ_wb + c2 + c3 + c4 + CombZ_wb:(c2 + c3 + c4) + (1 | AnimalID) + (1 | CageEpisodeID),CombZ_wb:c2,FALSE,OK,,0.00115067919588445,0.00169264014456661,,none (KR-adjusted SE only),"",-0.000288824674699993,FALSE,100,25,32,9,FALSE,TRUE,""
SLEEP-L-IA40L-M,DISCOVERY,SLEEP-L,M,B2,2,FALSE,y ~ Batch + CombZ_wb + c2 + c3 + c4 + CombZ_wb:(c2 + c3 + c4) + (1 | AnimalID) + (1 | CageEpisodeID),CombZ_wb:c3,FALSE,OK,,0.00313765690918713,0.00168266397390371,,none (KR-adjusted SE only),"",0.000156494582578282,TRUE,100,25,32,9,FALSE,TRUE,""
SLEEP-L-IA40L-M,DISCOVERY,SLEEP-L,M,B2,2,FALSE,y ~ Batch + CombZ_wb + c2 + c3 + c4 + CombZ_wb:(c2 + c3 + c4) + (1 | AnimalID) + (1 | CageEpisodeID),CombZ_wb:c4,TRUE,OK,,0.00411827446790831,0.00173472081421721,,none (KR-adjusted SE only),"",0.00122551249044642,TRUE,100,25,32,9,FALSE,TRUE,""
SLEEP-L-IA40L-M,DISCOVERY,SLEEP-L,M,B5,2,FALSE,y ~ Batch + CombZ_wb + c2 + c3 + c4 + CombZ_wb:(c2 + c3 + c4) + (1 | AnimalID) + (1 | CageEpisodeID),CombZ_wb:c2,FALSE,OK,,-0.000772461181079405,0.00125571298590191,,none (KR-adjusted SE only),"",-0.000288824674699993,TRUE,104,26,32,9,FALSE,TRUE,""
SLEEP-L-IA40L-M,DISCOVERY,SLEEP-L,M,B5,2,FALSE,y ~ Batch + CombZ_wb + c2 + c3 + c4 + CombZ_wb:(c2 + c3 + c4) + (1 | AnimalID) + (1 | CageEpisodeID),CombZ_wb:c3,FALSE,OK,,-0.000996174506867938,0.00128660094926281,,none (KR-adjusted SE only),"",0.000156494582578282,FALSE,104,26,32,9,FALSE,TRUE,""
SLEEP-L-IA40L-M,DISCOVERY,SLEEP-L,M,B5,2,FALSE,y ~ Batch + CombZ_wb + c2 + c3 + c4 + CombZ_wb:(c2 + c3 + c4) + (1 | AnimalID) + (1 | CageEpisodeID),CombZ_wb:c4,TRUE,OK,,0.000327922918609,0.0012985726343227,,none (KR-adjusted SE only),"",0.00122551249044642,TRUE,104,26,32,9,FALSE,TRUE,""
SLEEP-L-IA40L-INT,DISCOVERY,SLEEP-L,INT,B1,5,FALSE,y ~ Batch + CombZ_wb + c2 + c3 + c4 + CombZ_wb:(c2 + c3 + c4) + CombZ_wb:sex_c + (c2 + c3 + c4):sex_c + CombZ_wb:(c2 + c3 + c4):sex_c + (1 | AnimalID) + (1 | CageEpisodeID),CombZ_wb:c2:sex_c,FALSE,OK,,0.000327484363213469,0.00150508034798753,,none (KR-adjusted SE only),"",4.94213732043923e-05,TRUE,308,77,80,19,FALSE,TRUE,""
SLEEP-L-IA40L-INT,DISCOVERY,SLEEP-L,INT,B1,5,FALSE,y ~ Batch + CombZ_wb + c2 + c3 + c4 + CombZ_wb:(c2 + c3 + c4) + CombZ_wb:sex_c + (c2 + c3 + c4):sex_c + CombZ_wb:(c2 + c3 + c4):sex_c + (1 | AnimalID) + (1 | CageEpisodeID),CombZ_wb:c3:sex_c,FALSE,OK,,0.000986259326269996,0.00150502171392489,,none (KR-adjusted SE only),"",0.000361389548532012,TRUE,308,77,80,19,FALSE,TRUE,""
SLEEP-L-IA40L-INT,DISCOVERY,SLEEP-L,INT,B1,5,FALSE,y ~ Batch + CombZ_wb + c2 + c3 + c4 + CombZ_wb:(c2 + c3 + c4) + CombZ_wb:sex_c + (c2 + c3 + c4):sex_c + CombZ_wb:(c2 + c3 + c4):sex_c + (1 | AnimalID) + (1 | CageEpisodeID),CombZ_wb:c4:sex_c,TRUE,OK,,-0.00118287485534395,0.00152936137716288,,none (KR-adjusted SE only),"",-0.00189544756117888,TRUE,308,77,80,19,FALSE,TRUE,""
SLEEP-L-IA40L-INT,DISCOVERY,SLEEP-L,INT,B2,5,FALSE,y ~ Batch + CombZ_wb + c2 + c3 + c4 + CombZ_wb:(c2 + c3 + c4) + CombZ_wb:sex_c + (c2 + c3 + c4):sex_c + CombZ_wb:(c2 + c3 + c4):sex_c + (1 | AnimalID) + (1 | CageEpisodeID),CombZ_wb:c2:sex_c,FALSE,OK,,-0.00138530993314942,0.00194425487481588,,none (KR-adjusted SE only),"",4.94213732043923e-05,FALSE,284,71,80,19,FALSE,TRUE,""
SLEEP-L-IA40L-INT,DISCOVERY,SLEEP-L,INT,B2,5,FALSE,y ~ Batch + CombZ_wb + c2 + c3 + c4 + CombZ_wb:(c2 + c3 + c4) + CombZ_wb:sex_c + (c2 + c3 + c4):sex_c + CombZ_wb:(c2 + c3 + c4):sex_c + (1 | AnimalID) + (1 | CageEpisodeID),CombZ_wb:c3:sex_c,FALSE,OK,,-0.00256533121677297,0.00194651560386813,,none (KR-adjusted SE only),"",0.000361389548532012,FALSE,284,71,80,19,FALSE,TRUE,""
SLEEP-L-IA40L-INT,DISCOVERY,SLEEP-L,INT,B2,5,FALSE,y ~ Batch + CombZ_wb + c2 + c3 + c4 + CombZ_wb:(c2 + c3 + c4) + CombZ_wb:sex_c + (c2 + c3 + c4):sex_c + CombZ_wb:(c2 + c3 + c4):sex_c + (1 | AnimalID) + (1 | CageEpisodeID),CombZ_wb:c4:sex_c,TRUE,OK,,-0.00482409136371875,0.00198204453005044,,none (KR-adjusted SE only),"",-0.00189544756117888,TRUE,284,71,80,19,FALSE,TRUE,""
SLEEP-L-IA40L-INT,DISCOVERY,SLEEP-L,INT,B3,5,FALSE,y ~ Batch + CombZ_wb + c2 + c3 + c4 + CombZ_wb:(c2 + c3 + c4) + CombZ_wb:sex_c + (c2 + c3 + c4):sex_c + CombZ_wb:(c2 + c3 + c4):sex_c + (1 | AnimalID) + (1 | CageEpisodeID),CombZ_wb:c2:sex_c,FALSE,OK,,-0.000102159074564625,0.00167426013731165,,none (KR-adjusted SE only),"",4.94213732043923e-05,FALSE,284,71,80,19,FALSE,TRUE,""
SLEEP-L-IA40L-INT,DISCOVERY,SLEEP-L,INT,B3,5,FALSE,y ~ Batch + CombZ_wb + c2 + c3 + c4 + CombZ_wb:(c2 + c3 + c4) + CombZ_wb:sex_c + (c2 + c3 + c4):sex_c + CombZ_wb:(c2 + c3 + c4):sex_c + (1 | AnimalID) + (1 | CageEpisodeID),CombZ_wb:c3:sex_c,FALSE,OK,,0.000439596475103939,0.00166470525834505,,none (KR-adjusted SE only),"",0.000361389548532012,TRUE,284,71,80,19,FALSE,TRUE,""
SLEEP-L-IA40L-INT,DISCOVERY,SLEEP-L,INT,B3,5,FALSE,y ~ Batch + CombZ_wb + c2 + c3 + c4 + CombZ_wb:(c2 + c3 + c4) + CombZ_wb:sex_c + (c2 + c3 + c4):sex_c + CombZ_wb:(c2 + c3 + c4):sex_c + (1 | AnimalID) + (1 | CageEpisodeID),CombZ_wb:c4:sex_c,TRUE,OK,,-0.00148547764941223,0.00169625410981034,,none (KR-adjusted SE only),"",-0.00189544756117888,TRUE,284,71,80,19,FALSE,TRUE,""
SLEEP-L-IA40L-INT,DISCOVERY,SLEEP-L,INT,B4,5,FALSE,y ~ Batch + CombZ_wb + c2 + c3 + c4 + CombZ_wb:(c2 + c3 + c4) + CombZ_wb:sex_c + (c2 + c3 + c4):sex_c + CombZ_wb:(c2 + c3 + c4):sex_c + (1 | AnimalID) + (1 | CageEpisodeID),CombZ_wb:c2:sex_c,FALSE,OK,,0.00053254511597629,0.00146093377068309,,none (KR-adjusted SE only),"",4.94213732043923e-05,TRUE,288,72,80,19,FALSE,TRUE,""
SLEEP-L-IA40L-INT,DISCOVERY,SLEEP-L,INT,B4,5,FALSE,y ~ Batch + CombZ_wb + c2 + c3 + c4 + CombZ_wb:(c2 + c3 + c4) + CombZ_wb:sex_c + (c2 + c3 + c4):sex_c + CombZ_wb:(c2 + c3 + c4):sex_c + (1 | AnimalID) + (1 | CageEpisodeID),CombZ_wb:c3:sex_c,FALSE,OK,,0.000155403416395592,0.00148078223264064,,none (KR-adjusted SE only),"",0.000361389548532012,TRUE,288,72,80,19,FALSE,TRUE,""
SLEEP-L-IA40L-INT,DISCOVERY,SLEEP-L,INT,B4,5,FALSE,y ~ Batch + CombZ_wb + c2 + c3 + c4 + CombZ_wb:(c2 + c3 + c4) + CombZ_wb:sex_c + (c2 + c3 + c4):sex_c + CombZ_wb:(c2 + c3 + c4):sex_c + (1 | AnimalID) + (1 | CageEpisodeID),CombZ_wb:c4:sex_c,TRUE,OK,,-0.000999195077268221,0.00148051278274408,,none (KR-adjusted SE only),"",-0.00189544756117888,TRUE,288,72,80,19,FALSE,TRUE,""
SLEEP-L-IA40L-INT,DISCOVERY,SLEEP-L,INT,B5,5,FALSE,y ~ Batch + CombZ_wb + c2 + c3 + c4 + CombZ_wb:(c2 + c3 + c4) + CombZ_wb:sex_c + (c2 + c3 + c4):sex_c + CombZ_wb:(c2 + c3 + c4):sex_c + (1 | AnimalID) + (1 | CageEpisodeID),CombZ_wb:c2:sex_c,FALSE,OK,,0.000559556716721409,0.00160138056742123,,none (KR-adjusted SE only),"",4.94213732043923e-05,TRUE,288,72,80,19,FALSE,TRUE,""
SLEEP-L-IA40L-INT,DISCOVERY,SLEEP-L,INT,B5,5,FALSE,y ~ Batch + CombZ_wb + c2 + c3 + c4 + CombZ_wb:(c2 + c3 + c4) + CombZ_wb:sex_c + (c2 + c3 + c4):sex_c + CombZ_wb:(c2 + c3 + c4):sex_c + (1 | AnimalID) + (1 | CageEpisodeID),CombZ_wb:c3:sex_c,FALSE,OK,,0.00146180644941936,0.00163164952644325,,none (KR-adjusted SE only),"",0.000361389548532012,TRUE,288,72,80,19,FALSE,TRUE,""
SLEEP-L-IA40L-INT,DISCOVERY,SLEEP-L,INT,B5,5,FALSE,y ~ Batch + CombZ_wb + c2 + c3 + c4 + CombZ_wb:(c2 + c3 + c4) + CombZ_wb:sex_c + (c2 + c3 + c4):sex_c + CombZ_wb:(c2 + c3 + c4):sex_c + (1 | AnimalID) + (1 | CageEpisodeID),CombZ_wb:c4:sex_c,TRUE,OK,,-0.000972727539278316,0.0016333147234561,,none (KR-adjusted SE only),"",-0.00189544756117888,TRUE,288,72,80,19,FALSE,TRUE,""
SLEEP-L-IA40L-INT,DISCOVERY,SLEEP-L,INT,B6,5,FALSE,y ~ Batch + CombZ_wb + c2 + c3 + c4 + CombZ_wb:(c2 + c3 + c4) + CombZ_wb:sex_c + (c2 + c3 + c4):sex_c + CombZ_wb:(c2 + c3 + c4):sex_c + (1 | AnimalID) + (1 | CageEpisodeID),CombZ_wb:c2:sex_c,FALSE,OK,,-0.00042451113480494,0.00158387508333859,,none (KR-adjusted SE only),"",4.94213732043923e-05,FALSE,288,72,80,19,FALSE,TRUE,""
SLEEP-L-IA40L-INT,DISCOVERY,SLEEP-L,INT,B6,5,FALSE,y ~ Batch + CombZ_wb + c2 + c3 + c4 + CombZ_wb:(c2 + c3 + c4) + CombZ_wb:sex_c + (c2 + c3 + c4):sex_c + CombZ_wb:(c2 + c3 + c4):sex_c + (1 | AnimalID) + (1 | CageEpisodeID),CombZ_wb:c3:sex_c,FALSE,OK,,0.000562308365042691,0.00162986044639733,,none (KR-adjusted SE only),"",0.000361389548532012,TRUE,288,72,80,19,FALSE,TRUE,""
SLEEP-L-IA40L-INT,DISCOVERY,SLEEP-L,INT,B6,5,FALSE,y ~ Batch + CombZ_wb + c2 + c3 + c4 + CombZ_wb:(c2 + c3 + c4) + CombZ_wb:sex_c + (c2 + c3 + c4):sex_c + CombZ_wb:(c2 + c3 + c4):sex_c + (1 | AnimalID) + (1 | CageEpisodeID),CombZ_wb:c4:sex_c,TRUE,OK,,-0.00350465776441256,0.00162709839387427,,none (KR-adjusted SE only),"",-0.00189544756117888,TRUE,288,72,80,19,FALSE,TRUE,""
COOKIE-CONT-DC60-F,DISCOVERY,COOKIE-CONT,F,B3,2,FALSE,CombZ ~ Batch + x,x,TRUE,OK,,0.00272429847972976,0.00357259398019925,3.84986816711161,Satterthwaite (CR2),LOW_DF,-0.00212069647799413,FALSE,30,30,8,3,,TRUE,""
COOKIE-CONT-DC60-F,DISCOVERY,COOKIE-CONT,F,B4,2,FALSE,CombZ ~ Batch + x,x,TRUE,OK,,-0.00309803988307512,0.00695719749665705,3.6226888743262,Satterthwaite (CR2),LOW_DF,-0.00212069647799413,TRUE,31,31,8,3,,TRUE,""
COOKIE-CONT-DC60-F,DISCOVERY,COOKIE-CONT,F,B6,2,FALSE,CombZ ~ Batch + x,x,TRUE,OK,,-0.00852719438266575,0.0105303779723683,4.51470894529449,Satterthwaite (CR2),NOT_LOW_DF,-0.00212069647799413,TRUE,31,31,8,3,,TRUE,""
COOKIE-CONT-DC60-M,DISCOVERY,COOKIE-CONT,M,B2,1,TRUE,CombZ ~ x,x,TRUE,OK,,-0.0103232093568481,0.011138352029254,1.98102366551674,Satterthwaite (CR2),LOW_DF,0.000350916341293131,FALSE,15,15,4,2,,TRUE,""
COOKIE-CONT-DC60-M,DISCOVERY,COOKIE-CONT,M,B5,1,TRUE,CombZ ~ x,x,TRUE,OK,,0.00454710156358367,0.00940713517604959,2.30040563189372,Satterthwaite (CR2),LOW_DF,0.000350916341293131,TRUE,16,16,4,2,,TRUE,""
COOKIE-CONT-DC60-INT,DISCOVERY,COOKIE-CONT,INT,B2,4,FALSE,CombZ ~ Batch + x + x:sex_c,x:sex_c,TRUE,OK,,0.00820251287885396,0.0125137042733971,2.97493879804233,Satterthwaite (CR2),LOW_DF,-0.00247161281928726,FALSE,61,61,16,6,,TRUE,""
COOKIE-CONT-DC60-INT,DISCOVERY,COOKIE-CONT,INT,B3,4,FALSE,CombZ ~ Batch + x + x:sex_c,x:sex_c,TRUE,OK,,0.00237338213843662,0.00781532331877186,8.12305945293537,Satterthwaite (CR2),NOT_LOW_DF,-0.00247161281928726,FALSE,61,61,16,6,,TRUE,""
COOKIE-CONT-DC60-INT,DISCOVERY,COOKIE-CONT,INT,B4,4,FALSE,CombZ ~ Batch + x + x:sex_c,x:sex_c,TRUE,OK,,-0.00344895622436826,0.00983455376908702,7.87186044573783,Satterthwaite (CR2),NOT_LOW_DF,-0.00247161281928726,TRUE,62,62,16,6,,TRUE,""
COOKIE-CONT-DC60-INT,DISCOVERY,COOKIE-CONT,INT,B5,4,FALSE,CombZ ~ Batch + x + x:sex_c,x:sex_c,TRUE,OK,,-0.00666779804157778,0.0110010954425007,5.16523883791257,Satterthwaite (CR2),NOT_LOW_DF,-0.00247161281928726,TRUE,62,62,16,6,,TRUE,""
COOKIE-CONT-DC60-INT,DISCOVERY,COOKIE-CONT,INT,B6,4,FALSE,CombZ ~ Batch + x + x:sex_c,x:sex_c,TRUE,OK,,-0.00887811072395887,0.0126176349238102,8.23719070203752,Satterthwaite (CR2),NOT_LOW_DF,-0.00247161281928726,TRUE,62,62,16,6,,TRUE,""
COOKIE-CAT-DC60-F,DISCOVERY,COOKIE-CAT,F,B3,2,FALSE,y ~ Batch + g_RS + (1 | CageEpisodeID),g_RS,TRUE,OK,,1.69768503159012,6.88149262042872,24.7256252353402,Kenward-Roger,"",-5.61553974931013,FALSE,30,30,8,3,FALSE,TRUE,""
COOKIE-CAT-DC60-F,DISCOVERY,COOKIE-CAT,F,B4,2,FALSE,y ~ Batch + g_RS + (1 | CageEpisodeID),g_RS,TRUE,OK,,-10.4512307737675,5.79241052267877,23.9936589501108,Kenward-Roger,"",-5.61553974931013,TRUE,31,31,8,3,FALSE,TRUE,""
COOKIE-CAT-DC60-F,DISCOVERY,COOKIE-CAT,F,B6,2,FALSE,y ~ Batch + g_RS + (1 | CageEpisodeID),g_RS,TRUE,OK,,-6.82872180995151,5.52312369578417,27.5592195132791,Kenward-Roger,"",-5.61553974931013,TRUE,31,31,8,3,FALSE,TRUE,""
COOKIE-CAT-DC60-M,DISCOVERY,COOKIE-CAT,M,B2,1,TRUE,y ~ g_RS + (1 | CageEpisodeID),g_RS,TRUE,OK,,-3.95903479281677,8.89878425975538,12.9781450216644,Kenward-Roger,"",0.112207976545634,FALSE,15,15,4,2,FALSE,TRUE,""
COOKIE-CAT-DC60-M,DISCOVERY,COOKIE-CAT,M,B5,1,TRUE,y ~ g_RS + (1 | CageEpisodeID),g_RS,TRUE,OK,,7.62019898027145,15.5938041584788,12.0618854834995,Kenward-Roger,"",0.112207976545634,TRUE,16,16,4,2,FALSE,TRUE,""
COOKIE-CAT-DC60-INT,DISCOVERY,COOKIE-CAT,INT,B2,4,FALSE,y ~ Batch + g_RS + g_RS:sex_c + (1 | CageEpisodeID),g_RS:sex_c,TRUE,OK,,-1.04508435496478,9.71709937164851,53.1566786386916,Kenward-Roger,"",-5.30431077599429,TRUE,61,61,16,6,FALSE,TRUE,""
COOKIE-CAT-DC60-INT,DISCOVERY,COOKIE-CAT,INT,B3,4,FALSE,y ~ Batch + g_RS + g_RS:sex_c + (1 | CageEpisodeID),g_RS:sex_c,TRUE,OK,,1.94069724212786,10.4834501721299,52.2029195323666,Kenward-Roger,"",-5.30431077599429,FALSE,61,61,16,6,FALSE,TRUE,""
COOKIE-CAT-DC60-INT,DISCOVERY,COOKIE-CAT,INT,B4,4,FALSE,y ~ Batch + g_RS + g_RS:sex_c + (1 | CageEpisodeID),g_RS:sex_c,TRUE,OK,,-9.16566241928682,9.84254485530444,51.2413335138664,Kenward-Roger,"",-5.30431077599429,TRUE,62,62,16,6,FALSE,TRUE,""
COOKIE-CAT-DC60-INT,DISCOVERY,COOKIE-CAT,INT,B5,4,FALSE,y ~ Batch + g_RS + g_RS:sex_c + (1 | CageEpisodeID),g_RS:sex_c,TRUE,OK,,-13.0591491322585,13.1985057130669,48.4460559240956,Kenward-Roger,"",-5.30431077599429,TRUE,62,62,16,6,FALSE,TRUE,""
COOKIE-CAT-DC60-INT,DISCOVERY,COOKIE-CAT,INT,B6,4,FALSE,y ~ Batch + g_RS + g_RS:sex_c + (1 | CageEpisodeID),g_RS:sex_c,TRUE,OK,,-7.73376911625179,9.4503900849507,55.5448426530351,Kenward-Roger,"",-5.30431077599429,TRUE,62,62,16,6,FALSE,TRUE,""
SCREEN-CONT-OCC-POOL,ESTIMATION_ONLY,SCREEN-CONT,POOL,B1,5,FALSE,CombZ ~ Batch + x,x,TRUE,OK,,-0.363161660609396,0.356760106910444,7.84607542533887,Satterthwaite (CR2),NOT_LOW_DF,-0.2951081000234,TRUE,77,77,20,6,,TRUE,""
SCREEN-CONT-OCC-POOL,ESTIMATION_ONLY,SCREEN-CONT,POOL,B2,5,FALSE,CombZ ~ Batch + x,x,TRUE,OK,,-0.393502222006908,0.334835830842193,8.04940648486593,Satterthwaite (CR2),NOT_LOW_DF,-0.2951081000234,TRUE,71,71,20,6,,TRUE,""
SCREEN-CONT-OCC-POOL,ESTIMATION_ONLY,SCREEN-CONT,POOL,B3,5,FALSE,CombZ ~ Batch + x,x,TRUE,OK,,-0.495686789463024,0.295612020415785,7.15385215932124,Satterthwaite (CR2),NOT_LOW_DF,-0.2951081000234,TRUE,71,71,20,6,,TRUE,""
SCREEN-CONT-OCC-POOL,ESTIMATION_ONLY,SCREEN-CONT,POOL,B4,5,FALSE,CombZ ~ Batch + x,x,TRUE,OK,,-0.250205324325623,0.375692038553998,7.76572686567602,Satterthwaite (CR2),NOT_LOW_DF,-0.2951081000234,TRUE,72,72,20,6,,TRUE,""
SCREEN-CONT-OCC-POOL,ESTIMATION_ONLY,SCREEN-CONT,POOL,B5,5,FALSE,CombZ ~ Batch + x,x,TRUE,OK,,-0.370462621716003,0.323428210606231,8.74584991052777,Satterthwaite (CR2),NOT_LOW_DF,-0.2951081000234,TRUE,72,72,20,6,,TRUE,""
SCREEN-CONT-OCC-POOL,ESTIMATION_ONLY,SCREEN-CONT,POOL,B6,5,FALSE,CombZ ~ Batch + x,x,TRUE,OK,,0.41558774730049,0.282996190640734,9.63891657430129,Satterthwaite (CR2),NOT_LOW_DF,-0.2951081000234,FALSE,72,72,20,6,,TRUE,""
SCREEN-CONT-FRAG-POOL,ESTIMATION_ONLY,SCREEN-CONT,POOL,B1,5,FALSE,CombZ ~ Batch + x,x,TRUE,OK,,-0.216767164663224,0.81579471549025,12.7641442826475,Satterthwaite (CR2),NOT_LOW_DF,0.00573568941064415,FALSE,77,77,20,6,,TRUE,""
SCREEN-CONT-FRAG-POOL,ESTIMATION_ONLY,SCREEN-CONT,POOL,B2,5,FALSE,CombZ ~ Batch + x,x,TRUE,OK,,0.569854215371151,1.0073890367861,13.2894079229363,Satterthwaite (CR2),NOT_LOW_DF,0.00573568941064415,TRUE,71,71,20,6,,TRUE,""
SCREEN-CONT-FRAG-POOL,ESTIMATION_ONLY,SCREEN-CONT,POOL,B3,5,FALSE,CombZ ~ Batch + x,x,TRUE,OK,,-0.303325739658693,0.734325740364688,12.2942914076641,Satterthwaite (CR2),NOT_LOW_DF,0.00573568941064415,FALSE,71,71,20,6,,TRUE,""
SCREEN-CONT-FRAG-POOL,ESTIMATION_ONLY,SCREEN-CONT,POOL,B4,5,FALSE,CombZ ~ Batch + x,x,TRUE,OK,,-0.0019728274562871,0.81611716596128,12.464352581327,Satterthwaite (CR2),NOT_LOW_DF,0.00573568941064415,FALSE,72,72,20,6,,TRUE,""
SCREEN-CONT-FRAG-POOL,ESTIMATION_ONLY,SCREEN-CONT,POOL,B5,5,FALSE,CombZ ~ Batch + x,x,TRUE,OK,,0.266450345295506,0.93083065127935,11.7952106566216,Satterthwaite (CR2),NOT_LOW_DF,0.00573568941064415,TRUE,72,72,20,6,,TRUE,""
SCREEN-CONT-FRAG-POOL,ESTIMATION_ONLY,SCREEN-CONT,POOL,B6,5,FALSE,CombZ ~ Batch + x,x,TRUE,OK,,-0.124492322604107,0.834013119473875,12.110578936159,Satterthwaite (CR2),NOT_LOW_DF,0.00573568941064415,FALSE,72,72,20,6,,TRUE,""
SCREEN-CONT-LPCR-POOL,ESTIMATION_ONLY,SCREEN-CONT,POOL,B1,5,FALSE,CombZ ~ Batch + x,x,TRUE,OK,,0.00283357435446263,0.0386894193885194,7.91687268840123,Satterthwaite (CR2),NOT_LOW_DF,0.000217509516804246,TRUE,77,77,20,6,,TRUE,""
SCREEN-CONT-LPCR-POOL,ESTIMATION_ONLY,SCREEN-CONT,POOL,B2,5,FALSE,CombZ ~ Batch + x,x,TRUE,OK,,0.00368368040766082,0.0369206453669652,8.8414631791975,Satterthwaite (CR2),NOT_LOW_DF,0.000217509516804246,TRUE,71,71,20,6,,TRUE,""
SCREEN-CONT-LPCR-POOL,ESTIMATION_ONLY,SCREEN-CONT,POOL,B3,5,FALSE,CombZ ~ Batch + x,x,TRUE,OK,,0.0336109183641944,0.0417796726738738,11.2599576525767,Satterthwaite (CR2),NOT_LOW_DF,0.000217509516804246,TRUE,71,71,20,6,,TRUE,""
SCREEN-CONT-LPCR-POOL,ESTIMATION_ONLY,SCREEN-CONT,POOL,B4,5,FALSE,CombZ ~ Batch + x,x,TRUE,OK,,-0.00301487216653645,0.0348240224767774,7.69933010602573,Satterthwaite (CR2),NOT_LOW_DF,0.000217509516804246,FALSE,72,72,20,6,,TRUE,""
SCREEN-CONT-LPCR-POOL,ESTIMATION_ONLY,SCREEN-CONT,POOL,B5,5,FALSE,CombZ ~ Batch + x,x,TRUE,OK,,-0.0245105511726676,0.0375294673284748,7.7067453671854,Satterthwaite (CR2),NOT_LOW_DF,0.000217509516804246,FALSE,72,72,20,6,,TRUE,""
SCREEN-CONT-LPCR-POOL,ESTIMATION_ONLY,SCREEN-CONT,POOL,B6,5,FALSE,CombZ ~ Batch + x,x,TRUE,OK,,-0.0058273267378515,0.0392132294589205,8.23844501758522,Satterthwaite (CR2),NOT_LOW_DF,0.000217509516804246,FALSE,72,72,20,6,,TRUE,""
SCREEN-L-PCR-POOL,ESTIMATION_ONLY,SCREEN-L,POOL,B1,5,FALSE,y ~ Batch + CombZ_wb + c2 + c3 + c4 + CombZ_wb:(c2 + c3 + c4) + (c2 + c3 + c4):sex_c + (1 + cc1 || AnimalID) + (1 | CageEpisodeID),CombZ_wb:c2,TRUE,OK,,1.81501714432055,0.989704364265738,,none (KR-adjusted SE only),"",1.87435459765736,TRUE,308,77,80,15,FALSE,TRUE,""
SCREEN-L-PCR-POOL,ESTIMATION_ONLY,SCREEN-L,POOL,B1,5,FALSE,y ~ Batch + CombZ_wb + c2 + c3 + c4 + CombZ_wb:(c2 + c3 + c4) + (c2 + c3 + c4):sex_c + (1 + cc1 || AnimalID) + (1 | CageEpisodeID),CombZ_wb:c3,FALSE,OK,,1.00729670762364,1.16016170512785,,none (KR-adjusted SE only),"",0.678636117165232,TRUE,308,77,80,15,FALSE,TRUE,""
SCREEN-L-PCR-POOL,ESTIMATION_ONLY,SCREEN-L,POOL,B1,5,FALSE,y ~ Batch + CombZ_wb + c2 + c3 + c4 + CombZ_wb:(c2 + c3 + c4) + (c2 + c3 + c4):sex_c + (1 + cc1 || AnimalID) + (1 | CageEpisodeID),CombZ_wb:c4,FALSE,OK,,-1.25462000720768,1.39600175101483,,none (KR-adjusted SE only),"",-1.59239784756019,TRUE,308,77,80,15,FALSE,TRUE,""
SCREEN-L-PCR-POOL,ESTIMATION_ONLY,SCREEN-L,POOL,B2,5,FALSE,y ~ Batch + CombZ_wb + c2 + c3 + c4 + CombZ_wb:(c2 + c3 + c4) + (c2 + c3 + c4):sex_c + (1 + cc1 || AnimalID) + (1 | CageEpisodeID),CombZ_wb:c2,TRUE,OK,,2.53659681107069,1.14628701861415,,none (KR-adjusted SE only),"",1.87435459765736,TRUE,284,71,80,15,FALSE,TRUE,""
SCREEN-L-PCR-POOL,ESTIMATION_ONLY,SCREEN-L,POOL,B2,5,FALSE,y ~ Batch + CombZ_wb + c2 + c3 + c4 + CombZ_wb:(c2 + c3 + c4) + (c2 + c3 + c4):sex_c + (1 + cc1 || AnimalID) + (1 | CageEpisodeID),CombZ_wb:c3,FALSE,OK,,0.997966025137849,1.34399043531136,,none (KR-adjusted SE only),"",0.678636117165232,TRUE,284,71,80,15,FALSE,TRUE,""
SCREEN-L-PCR-POOL,ESTIMATION_ONLY,SCREEN-L,POOL,B2,5,FALSE,y ~ Batch + CombZ_wb + c2 + c3 + c4 + CombZ_wb:(c2 + c3 + c4) + (c2 + c3 + c4):sex_c + (1 + cc1 || AnimalID) + (1 | CageEpisodeID),CombZ_wb:c4,FALSE,OK,,-1.9508359159926,1.59270893946082,,none (KR-adjusted SE only),"",-1.59239784756019,TRUE,284,71,80,15,FALSE,TRUE,""
SCREEN-L-PCR-POOL,ESTIMATION_ONLY,SCREEN-L,POOL,B3,5,FALSE,y ~ Batch + CombZ_wb + c2 + c3 + c4 + CombZ_wb:(c2 + c3 + c4) + (c2 + c3 + c4):sex_c + (1 + cc1 || AnimalID) + (1 | CageEpisodeID),CombZ_wb:c2,TRUE,OK,,1.9716636249485,1.08285889247705,,none (KR-adjusted SE only),"",1.87435459765736,TRUE,284,71,80,15,FALSE,TRUE,""
SCREEN-L-PCR-POOL,ESTIMATION_ONLY,SCREEN-L,POOL,B3,5,FALSE,y ~ Batch + CombZ_wb + c2 + c3 + c4 + CombZ_wb:(c2 + c3 + c4) + (c2 + c3 + c4):sex_c + (1 + cc1 || AnimalID) + (1 | CageEpisodeID),CombZ_wb:c3,FALSE,OK,,1.03990693971478,1.23430135450918,,none (KR-adjusted SE only),"",0.678636117165232,TRUE,284,71,80,15,FALSE,TRUE,""
SCREEN-L-PCR-POOL,ESTIMATION_ONLY,SCREEN-L,POOL,B3,5,FALSE,y ~ Batch + CombZ_wb + c2 + c3 + c4 + CombZ_wb:(c2 + c3 + c4) + (c2 + c3 + c4):sex_c + (1 + cc1 || AnimalID) + (1 | CageEpisodeID),CombZ_wb:c4,FALSE,OK,,-1.0412568650246,1.48955011436704,,none (KR-adjusted SE only),"",-1.59239784756019,TRUE,284,71,80,15,FALSE,TRUE,""
SCREEN-L-PCR-POOL,ESTIMATION_ONLY,SCREEN-L,POOL,B4,5,FALSE,y ~ Batch + CombZ_wb + c2 + c3 + c4 + CombZ_wb:(c2 + c3 + c4) + (c2 + c3 + c4):sex_c + (1 + cc1 || AnimalID) + (1 | CageEpisodeID),CombZ_wb:c2,TRUE,OK,,1.69420737879223,0.940363804714178,,none (KR-adjusted SE only),"",1.87435459765736,TRUE,288,72,80,15,FALSE,TRUE,""
SCREEN-L-PCR-POOL,ESTIMATION_ONLY,SCREEN-L,POOL,B4,5,FALSE,y ~ Batch + CombZ_wb + c2 + c3 + c4 + CombZ_wb:(c2 + c3 + c4) + (c2 + c3 + c4):sex_c + (1 + cc1 || AnimalID) + (1 | CageEpisodeID),CombZ_wb:c3,FALSE,OK,,-0.184922638317822,1.09462312944447,,none (KR-adjusted SE only),"",0.678636117165232,FALSE,288,72,80,15,FALSE,TRUE,""
SCREEN-L-PCR-POOL,ESTIMATION_ONLY,SCREEN-L,POOL,B4,5,FALSE,y ~ Batch + CombZ_wb + c2 + c3 + c4 + CombZ_wb:(c2 + c3 + c4) + (c2 + c3 + c4):sex_c + (1 + cc1 || AnimalID) + (1 | CageEpisodeID),CombZ_wb:c4,FALSE,OK,,-1.86413225404153,1.29108312606119,,none (KR-adjusted SE only),"",-1.59239784756019,TRUE,288,72,80,15,FALSE,TRUE,""
SCREEN-L-PCR-POOL,ESTIMATION_ONLY,SCREEN-L,POOL,B5,5,FALSE,y ~ Batch + CombZ_wb + c2 + c3 + c4 + CombZ_wb:(c2 + c3 + c4) + (c2 + c3 + c4):sex_c + (1 + cc1 || AnimalID) + (1 | CageEpisodeID),CombZ_wb:c2,TRUE,OK,,2.37123079545815,1.05135811065599,,none (KR-adjusted SE only),"",1.87435459765736,TRUE,288,72,80,15,FALSE,TRUE,""
SCREEN-L-PCR-POOL,ESTIMATION_ONLY,SCREEN-L,POOL,B5,5,FALSE,y ~ Batch + CombZ_wb + c2 + c3 + c4 + CombZ_wb:(c2 + c3 + c4) + (c2 + c3 + c4):sex_c + (1 + cc1 || AnimalID) + (1 | CageEpisodeID),CombZ_wb:c3,FALSE,OK,,0.987109592968749,1.25942966021494,,none (KR-adjusted SE only),"",0.678636117165232,TRUE,288,72,80,15,FALSE,TRUE,""
SCREEN-L-PCR-POOL,ESTIMATION_ONLY,SCREEN-L,POOL,B5,5,FALSE,y ~ Batch + CombZ_wb + c2 + c3 + c4 + CombZ_wb:(c2 + c3 + c4) + (c2 + c3 + c4):sex_c + (1 + cc1 || AnimalID) + (1 | CageEpisodeID),CombZ_wb:c4,FALSE,OK,,-0.960792801677775,1.50974652340948,,none (KR-adjusted SE only),"",-1.59239784756019,TRUE,288,72,80,15,FALSE,TRUE,""
SCREEN-L-PCR-POOL,ESTIMATION_ONLY,SCREEN-L,POOL,B6,5,FALSE,y ~ Batch + CombZ_wb + c2 + c3 + c4 + CombZ_wb:(c2 + c3 + c4) + (c2 + c3 + c4):sex_c + (1 + cc1 || AnimalID) + (1 | CageEpisodeID),CombZ_wb:c2,TRUE,OK,,0.78431534340036,1.0434278466413,,none (KR-adjusted SE only),"",1.87435459765736,TRUE,288,72,80,15,FALSE,TRUE,""
SCREEN-L-PCR-POOL,ESTIMATION_ONLY,SCREEN-L,POOL,B6,5,FALSE,y ~ Batch + CombZ_wb + c2 + c3 + c4 + CombZ_wb:(c2 + c3 + c4) + (c2 + c3 + c4):sex_c + (1 + cc1 || AnimalID) + (1 | CageEpisodeID),CombZ_wb:c3,FALSE,OK,,0.196074993962098,1.21371107828212,,none (KR-adjusted SE only),"",0.678636117165232,TRUE,288,72,80,15,FALSE,TRUE,""
SCREEN-L-PCR-POOL,ESTIMATION_ONLY,SCREEN-L,POOL,B6,5,FALSE,y ~ Batch + CombZ_wb + c2 + c3 + c4 + CombZ_wb:(c2 + c3 + c4) + (c2 + c3 + c4):sex_c + (1 + cc1 || AnimalID) + (1 | CageEpisodeID),CombZ_wb:c4,FALSE,OK,,-2.68156710848376,1.4188406016502,,none (KR-adjusted SE only),"",-1.59239784756019,TRUE,288,72,80,15,FALSE,TRUE,""
SCREEN-L-SPO-POOL,ESTIMATION_ONLY,SCREEN-L,POOL,B1,5,FALSE,y ~ Batch + CombZ_wb + c2 + c3 + c4 + CombZ_wb:(c2 + c3 + c4) + (c2 + c3 + c4):sex_c + (1 | AnimalID) + (1 | CageEpisodeID),CombZ_wb:c2,TRUE,OK,,-0.0193502766919789,0.0126463117089186,,none (KR-adjusted SE only),"",-0.014530490957944,TRUE,308,77,80,15,TRUE,TRUE,message: boundary (singular) fit: see help('isSingular')
SCREEN-L-SPO-POOL,ESTIMATION_ONLY,SCREEN-L,POOL,B1,5,FALSE,y ~ Batch + CombZ_wb + c2 + c3 + c4 + CombZ_wb:(c2 + c3 + c4) + (c2 + c3 + c4):sex_c + (1 | AnimalID) + (1 | CageEpisodeID),CombZ_wb:c3,FALSE,OK,,-0.00960447766196068,0.0128169125465272,,none (KR-adjusted SE only),"",-0.00473463849787137,TRUE,308,77,80,15,TRUE,TRUE,message: boundary (singular) fit: see help('isSingular')
SCREEN-L-SPO-POOL,ESTIMATION_ONLY,SCREEN-L,POOL,B1,5,FALSE,y ~ Batch + CombZ_wb + c2 + c3 + c4 + CombZ_wb:(c2 + c3 + c4) + (c2 + c3 + c4):sex_c + (1 | AnimalID) + (1 | CageEpisodeID),CombZ_wb:c4,FALSE,OK,,-0.0126610516618487,0.0129006423380309,,none (KR-adjusted SE only),"",-0.0108236824289959,TRUE,308,77,80,15,TRUE,TRUE,message: boundary (singular) fit: see help('isSingular')
SCREEN-L-SPO-POOL,ESTIMATION_ONLY,SCREEN-L,POOL,B2,5,FALSE,y ~ Batch + CombZ_wb + c2 + c3 + c4 + CombZ_wb:(c2 + c3 + c4) + (c2 + c3 + c4):sex_c + (1 | AnimalID) + (1 | CageEpisodeID),CombZ_wb:c2,TRUE,OK,,-0.0282566606890208,0.0139911172483672,,none (KR-adjusted SE only),"",-0.014530490957944,TRUE,282,71,78,15,TRUE,TRUE,message: boundary (singular) fit: see help('isSingular')
SCREEN-L-SPO-POOL,ESTIMATION_ONLY,SCREEN-L,POOL,B2,5,FALSE,y ~ Batch + CombZ_wb + c2 + c3 + c4 + CombZ_wb:(c2 + c3 + c4) + (c2 + c3 + c4):sex_c + (1 | AnimalID) + (1 | CageEpisodeID),CombZ_wb:c3,FALSE,OK,,-0.0125185458513825,0.014343875062118,,none (KR-adjusted SE only),"",-0.00473463849787137,TRUE,282,71,78,15,TRUE,TRUE,message: boundary (singular) fit: see help('isSingular')
SCREEN-L-SPO-POOL,ESTIMATION_ONLY,SCREEN-L,POOL,B2,5,FALSE,y ~ Batch + CombZ_wb + c2 + c3 + c4 + CombZ_wb:(c2 + c3 + c4) + (c2 + c3 + c4):sex_c + (1 | AnimalID) + (1 | CageEpisodeID),CombZ_wb:c4,FALSE,OK,,-0.0136783849804644,0.014293161551125,,none (KR-adjusted SE only),"",-0.0108236824289959,TRUE,282,71,78,15,TRUE,TRUE,message: boundary (singular) fit: see help('isSingular')
SCREEN-L-SPO-POOL,ESTIMATION_ONLY,SCREEN-L,POOL,B3,5,FALSE,y ~ Batch + CombZ_wb + c2 + c3 + c4 + CombZ_wb:(c2 + c3 + c4) + (c2 + c3 + c4):sex_c + (1 | AnimalID) + (1 | CageEpisodeID),CombZ_wb:c2,TRUE,OK,,-0.0147494909862213,0.0148067153329912,,none (KR-adjusted SE only),"",-0.014530490957944,TRUE,282,71,78,15,FALSE,TRUE,""
SCREEN-L-SPO-POOL,ESTIMATION_ONLY,SCREEN-L,POOL,B3,5,FALSE,y ~ Batch + CombZ_wb + c2 + c3 + c4 + CombZ_wb:(c2 + c3 + c4) + (c2 + c3 + c4):sex_c + (1 | AnimalID) + (1 | CageEpisodeID),CombZ_wb:c3,FALSE,OK,,-0.0047524713704,0.0147248983294631,,none (KR-adjusted SE only),"",-0.00473463849787137,TRUE,282,71,78,15,FALSE,TRUE,""
SCREEN-L-SPO-POOL,ESTIMATION_ONLY,SCREEN-L,POOL,B3,5,FALSE,y ~ Batch + CombZ_wb + c2 + c3 + c4 + CombZ_wb:(c2 + c3 + c4) + (c2 + c3 + c4):sex_c + (1 | AnimalID) + (1 | CageEpisodeID),CombZ_wb:c4,FALSE,OK,,-0.00669623656796431,0.0151221849001958,,none (KR-adjusted SE only),"",-0.0108236824289959,TRUE,282,71,78,15,FALSE,TRUE,""
SCREEN-L-SPO-POOL,ESTIMATION_ONLY,SCREEN-L,POOL,B4,5,FALSE,y ~ Batch + CombZ_wb + c2 + c3 + c4 + CombZ_wb:(c2 + c3 + c4) + (c2 + c3 + c4):sex_c + (1 | AnimalID) + (1 | CageEpisodeID),CombZ_wb:c2,TRUE,OK,,-0.0117267756139994,0.0137219536665724,,none (KR-adjusted SE only),"",-0.014530490957944,TRUE,286,72,78,15,FALSE,TRUE,""
SCREEN-L-SPO-POOL,ESTIMATION_ONLY,SCREEN-L,POOL,B4,5,FALSE,y ~ Batch + CombZ_wb + c2 + c3 + c4 + CombZ_wb:(c2 + c3 + c4) + (c2 + c3 + c4):sex_c + (1 | AnimalID) + (1 | CageEpisodeID),CombZ_wb:c3,FALSE,OK,,0.00200423012219573,0.0140245098608129,,none (KR-adjusted SE only),"",-0.00473463849787137,FALSE,286,72,78,15,FALSE,TRUE,""
SCREEN-L-SPO-POOL,ESTIMATION_ONLY,SCREEN-L,POOL,B4,5,FALSE,y ~ Batch + CombZ_wb + c2 + c3 + c4 + CombZ_wb:(c2 + c3 + c4) + (c2 + c3 + c4):sex_c + (1 | AnimalID) + (1 | CageEpisodeID),CombZ_wb:c4,FALSE,OK,,-0.00829764669793901,0.0139553998544052,,none (KR-adjusted SE only),"",-0.0108236824289959,TRUE,286,72,78,15,FALSE,TRUE,""
SCREEN-L-SPO-POOL,ESTIMATION_ONLY,SCREEN-L,POOL,B5,5,FALSE,y ~ Batch + CombZ_wb + c2 + c3 + c4 + CombZ_wb:(c2 + c3 + c4) + (c2 + c3 + c4):sex_c + (1 | AnimalID) + (1 | CageEpisodeID),CombZ_wb:c2,TRUE,OK,,-0.0108200998959236,0.0132572507382123,,none (KR-adjusted SE only),"",-0.014530490957944,TRUE,286,72,78,15,FALSE,TRUE,""
SCREEN-L-SPO-POOL,ESTIMATION_ONLY,SCREEN-L,POOL,B5,5,FALSE,y ~ Batch + CombZ_wb + c2 + c3 + c4 + CombZ_wb:(c2 + c3 + c4) + (c2 + c3 + c4):sex_c + (1 | AnimalID) + (1 | CageEpisodeID),CombZ_wb:c3,FALSE,OK,,-0.00489233566303783,0.0136711109010598,,none (KR-adjusted SE only),"",-0.00473463849787137,TRUE,286,72,78,15,FALSE,TRUE,""
SCREEN-L-SPO-POOL,ESTIMATION_ONLY,SCREEN-L,POOL,B5,5,FALSE,y ~ Batch + CombZ_wb + c2 + c3 + c4 + CombZ_wb:(c2 + c3 + c4) + (c2 + c3 + c4):sex_c + (1 | AnimalID) + (1 | CageEpisodeID),CombZ_wb:c4,FALSE,OK,,-0.0121376990447956,0.0135461985405011,,none (KR-adjusted SE only),"",-0.0108236824289959,TRUE,286,72,78,15,FALSE,TRUE,""
SCREEN-L-SPO-POOL,ESTIMATION_ONLY,SCREEN-L,POOL,B6,5,FALSE,y ~ Batch + CombZ_wb + c2 + c3 + c4 + CombZ_wb:(c2 + c3 + c4) + (c2 + c3 + c4):sex_c + (1 | AnimalID) + (1 | CageEpisodeID),CombZ_wb:c2,TRUE,OK,,-0.00235487329800984,0.0141661894194522,,none (KR-adjusted SE only),"",-0.014530490957944,TRUE,286,72,78,15,TRUE,TRUE,message: boundary (singular) fit: see help('isSingular')
SCREEN-L-SPO-POOL,ESTIMATION_ONLY,SCREEN-L,POOL,B6,5,FALSE,y ~ Batch + CombZ_wb + c2 + c3 + c4 + CombZ_wb:(c2 + c3 + c4) + (c2 + c3 + c4):sex_c + (1 | AnimalID) + (1 | CageEpisodeID),CombZ_wb:c3,FALSE,OK,,0.00144890544411888,0.0146535661328163,,none (KR-adjusted SE only),"",-0.00473463849787137,FALSE,286,72,78,15,TRUE,TRUE,message: boundary (singular) fit: see help('isSingular')
SCREEN-L-SPO-POOL,ESTIMATION_ONLY,SCREEN-L,POOL,B6,5,FALSE,y ~ Batch + CombZ_wb + c2 + c3 + c4 + CombZ_wb:(c2 + c3 + c4) + (c2 + c3 + c4):sex_c + (1 | AnimalID) + (1 | CageEpisodeID),CombZ_wb:c4,FALSE,OK,,-0.0106910035352419,0.0146853570823531,,none (KR-adjusted SE only),"",-0.0108236824289959,TRUE,286,72,78,15,TRUE,TRUE,message: boundary (singular) fit: see help('isSingular')
SCREEN-L-OCC-POOL,ESTIMATION_ONLY,SCREEN-L,POOL,B1,5,FALSE,y ~ Batch + CombZ_wb + c2 + c3 + c4 + CombZ_wb:(c2 + c3 + c4) + (c2 + c3 + c4):sex_c + (1 | AnimalID) + (1 | CageEpisodeID),CombZ_wb:c2,FALSE,OK,,0.0617385324049268,0.0575613786994452,,none (KR-adjusted SE only),"",0.0628802493108194,TRUE,308,77,80,15,FALSE,TRUE,""
SCREEN-L-OCC-POOL,ESTIMATION_ONLY,SCREEN-L,POOL,B1,5,FALSE,y ~ Batch + CombZ_wb + c2 + c3 + c4 + CombZ_wb:(c2 + c3 + c4) + (c2 + c3 + c4):sex_c + (1 | AnimalID) + (1 | CageEpisodeID),CombZ_wb:c3,TRUE,OK,,0.0850407720603717,0.0578975341425747,,none (KR-adjusted SE only),"",0.075770470350306,TRUE,308,77,80,15,FALSE,TRUE,""
SCREEN-L-OCC-POOL,ESTIMATION_ONLY,SCREEN-L,POOL,B1,5,FALSE,y ~ Batch + CombZ_wb + c2 + c3 + c4 + CombZ_wb:(c2 + c3 + c4) + (c2 + c3 + c4):sex_c + (1 | AnimalID) + (1 | CageEpisodeID),CombZ_wb:c4,FALSE,OK,,0.0551140969086686,0.0580473906705204,,none (KR-adjusted SE only),"",0.0413205569244397,TRUE,308,77,80,15,FALSE,TRUE,""
SCREEN-L-OCC-POOL,ESTIMATION_ONLY,SCREEN-L,POOL,B2,5,FALSE,y ~ Batch + CombZ_wb + c2 + c3 + c4 + CombZ_wb:(c2 + c3 + c4) + (c2 + c3 + c4):sex_c + (1 | AnimalID) + (1 | CageEpisodeID),CombZ_wb:c2,FALSE,OK,,0.090066329167585,0.0652506020134858,,none (KR-adjusted SE only),"",0.0628802493108194,TRUE,284,71,80,15,FALSE,TRUE,""
SCREEN-L-OCC-POOL,ESTIMATION_ONLY,SCREEN-L,POOL,B2,5,FALSE,y ~ Batch + CombZ_wb + c2 + c3 + c4 + CombZ_wb:(c2 + c3 + c4) + (c2 + c3 + c4):sex_c + (1 | AnimalID) + (1 | CageEpisodeID),CombZ_wb:c3,TRUE,OK,,0.11269271128799,0.0659173885892068,,none (KR-adjusted SE only),"",0.075770470350306,TRUE,284,71,80,15,FALSE,TRUE,""
SCREEN-L-OCC-POOL,ESTIMATION_ONLY,SCREEN-L,POOL,B2,5,FALSE,y ~ Batch + CombZ_wb + c2 + c3 + c4 + CombZ_wb:(c2 + c3 + c4) + (c2 + c3 + c4):sex_c + (1 | AnimalID) + (1 | CageEpisodeID),CombZ_wb:c4,FALSE,OK,,0.0528647311074813,0.0658530398034981,,none (KR-adjusted SE only),"",0.0413205569244397,TRUE,284,71,80,15,FALSE,TRUE,""
SCREEN-L-OCC-POOL,ESTIMATION_ONLY,SCREEN-L,POOL,B3,5,FALSE,y ~ Batch + CombZ_wb + c2 + c3 + c4 + CombZ_wb:(c2 + c3 + c4) + (c2 + c3 + c4):sex_c + (1 | AnimalID) + (1 | CageEpisodeID),CombZ_wb:c2,FALSE,OK,,0.0879136929523768,0.0670267297480527,,none (KR-adjusted SE only),"",0.0628802493108194,TRUE,284,71,80,15,FALSE,TRUE,""
SCREEN-L-OCC-POOL,ESTIMATION_ONLY,SCREEN-L,POOL,B3,5,FALSE,y ~ Batch + CombZ_wb + c2 + c3 + c4 + CombZ_wb:(c2 + c3 + c4) + (c2 + c3 + c4):sex_c + (1 | AnimalID) + (1 | CageEpisodeID),CombZ_wb:c3,TRUE,OK,,0.118655933283793,0.0668353700902385,,none (KR-adjusted SE only),"",0.075770470350306,TRUE,284,71,80,15,FALSE,TRUE,""
SCREEN-L-OCC-POOL,ESTIMATION_ONLY,SCREEN-L,POOL,B3,5,FALSE,y ~ Batch + CombZ_wb + c2 + c3 + c4 + CombZ_wb:(c2 + c3 + c4) + (c2 + c3 + c4):sex_c + (1 | AnimalID) + (1 | CageEpisodeID),CombZ_wb:c4,FALSE,OK,,0.0541637622198267,0.0674507280525445,,none (KR-adjusted SE only),"",0.0413205569244397,TRUE,284,71,80,15,FALSE,TRUE,""
SCREEN-L-OCC-POOL,ESTIMATION_ONLY,SCREEN-L,POOL,B4,5,FALSE,y ~ Batch + CombZ_wb + c2 + c3 + c4 + CombZ_wb:(c2 + c3 + c4) + (c2 + c3 + c4):sex_c + (1 | AnimalID) + (1 | CageEpisodeID),CombZ_wb:c2,FALSE,OK,,0.0768368472067299,0.0616636326297474,,none (KR-adjusted SE only),"",0.0628802493108194,TRUE,288,72,80,15,FALSE,TRUE,""
SCREEN-L-OCC-POOL,ESTIMATION_ONLY,SCREEN-L,POOL,B4,5,FALSE,y ~ Batch + CombZ_wb + c2 + c3 + c4 + CombZ_wb:(c2 + c3 + c4) + (c2 + c3 + c4):sex_c + (1 | AnimalID) + (1 | CageEpisodeID),CombZ_wb:c3,TRUE,OK,,0.0604836208522089,0.062060261510175,,none (KR-adjusted SE only),"",0.075770470350306,TRUE,288,72,80,15,FALSE,TRUE,""
SCREEN-L-OCC-POOL,ESTIMATION_ONLY,SCREEN-L,POOL,B4,5,FALSE,y ~ Batch + CombZ_wb + c2 + c3 + c4 + CombZ_wb:(c2 + c3 + c4) + (c2 + c3 + c4):sex_c + (1 | AnimalID) + (1 | CageEpisodeID),CombZ_wb:c4,FALSE,OK,,0.0454802817715263,0.0619905575698941,,none (KR-adjusted SE only),"",0.0413205569244397,TRUE,288,72,80,15,FALSE,TRUE,""
SCREEN-L-OCC-POOL,ESTIMATION_ONLY,SCREEN-L,POOL,B5,5,FALSE,y ~ Batch + CombZ_wb + c2 + c3 + c4 + CombZ_wb:(c2 + c3 + c4) + (c2 + c3 + c4):sex_c + (1 | AnimalID) + (1 | CageEpisodeID),CombZ_wb:c2,FALSE,OK,,0.086206785543544,0.0605895742445597,,none (KR-adjusted SE only),"",0.0628802493108194,TRUE,288,72,80,15,FALSE,TRUE,""
SCREEN-L-OCC-POOL,ESTIMATION_ONLY,SCREEN-L,POOL,B5,5,FALSE,y ~ Batch + CombZ_wb + c2 + c3 + c4 + CombZ_wb:(c2 + c3 + c4) + (c2 + c3 + c4):sex_c + (1 | AnimalID) + (1 | CageEpisodeID),CombZ_wb:c3,TRUE,OK,,0.132008541964227,0.0614092382542372,,none (KR-adjusted SE only),"",0.075770470350306,TRUE,288,72,80,15,FALSE,TRUE,""
SCREEN-L-OCC-POOL,ESTIMATION_ONLY,SCREEN-L,POOL,B5,5,FALSE,y ~ Batch + CombZ_wb + c2 + c3 + c4 + CombZ_wb:(c2 + c3 + c4) + (c2 + c3 + c4):sex_c + (1 | AnimalID) + (1 | CageEpisodeID),CombZ_wb:c4,FALSE,OK,,0.07814513443859,0.0612018471989196,,none (KR-adjusted SE only),"",0.0413205569244397,TRUE,288,72,80,15,FALSE,TRUE,""
SCREEN-L-OCC-POOL,ESTIMATION_ONLY,SCREEN-L,POOL,B6,5,FALSE,y ~ Batch + CombZ_wb + c2 + c3 + c4 + CombZ_wb:(c2 + c3 + c4) + (c2 + c3 + c4):sex_c + (1 | AnimalID) + (1 | CageEpisodeID),CombZ_wb:c2,FALSE,OK,,-0.0277626206957236,0.0582758744542528,,none (KR-adjusted SE only),"",0.0628802493108194,FALSE,288,72,80,15,FALSE,TRUE,""
SCREEN-L-OCC-POOL,ESTIMATION_ONLY,SCREEN-L,POOL,B6,5,FALSE,y ~ Batch + CombZ_wb + c2 + c3 + c4 + CombZ_wb:(c2 + c3 + c4) + (c2 + c3 + c4):sex_c + (1 | AnimalID) + (1 | CageEpisodeID),CombZ_wb:c3,TRUE,OK,,-0.0596369775862855,0.0593040678827555,,none (KR-adjusted SE only),"",0.075770470350306,FALSE,288,72,80,15,FALSE,TRUE,""
SCREEN-L-OCC-POOL,ESTIMATION_ONLY,SCREEN-L,POOL,B6,5,FALSE,y ~ Batch + CombZ_wb + c2 + c3 + c4 + CombZ_wb:(c2 + c3 + c4) + (c2 + c3 + c4):sex_c + (1 | AnimalID) + (1 | CageEpisodeID),CombZ_wb:c4,FALSE,OK,,-0.0474939757136419,0.0593907135255196,,none (KR-adjusted SE only),"",0.0413205569244397,FALSE,288,72,80,15,FALSE,TRUE,""
SCREEN-L-FRAG-POOL,ESTIMATION_ONLY,SCREEN-L,POOL,B1,5,FALSE,y ~ Batch + CombZ_wb + c2 + c3 + c4 + CombZ_wb:(c2 + c3 + c4) + (c2 + c3 + c4):sex_c + (1 | AnimalID) + (1 | CageEpisodeID),CombZ_wb:c2,TRUE,OK,,-0.0115107695811761,0.0163620849855746,,none (KR-adjusted SE only),"",-0.0156224328043161,TRUE,308,77,80,15,FALSE,TRUE,""
SCREEN-L-FRAG-POOL,ESTIMATION_ONLY,SCREEN-L,POOL,B1,5,FALSE,y ~ Batch + CombZ_wb + c2 + c3 + c4 + CombZ_wb:(c2 + c3 + c4) + (c2 + c3 + c4):sex_c + (1 | AnimalID) + (1 | CageEpisodeID),CombZ_wb:c3,FALSE,OK,,-0.00589603802758475,0.0165998116668518,,none (KR-adjusted SE only),"",-0.00751332796800535,TRUE,308,77,80,15,FALSE,TRUE,""
SCREEN-L-FRAG-POOL,ESTIMATION_ONLY,SCREEN-L,POOL,B1,5,FALSE,y ~ Batch + CombZ_wb + c2 + c3 + c4 + CombZ_wb:(c2 + c3 + c4) + (c2 + c3 + c4):sex_c + (1 | AnimalID) + (1 | CageEpisodeID),CombZ_wb:c4,FALSE,OK,,0.00912223251613161,0.0167079658648682,,none (KR-adjusted SE only),"",0.00926651038062409,TRUE,308,77,80,15,FALSE,TRUE,""
SCREEN-L-FRAG-POOL,ESTIMATION_ONLY,SCREEN-L,POOL,B2,5,FALSE,y ~ Batch + CombZ_wb + c2 + c3 + c4 + CombZ_wb:(c2 + c3 + c4) + (c2 + c3 + c4):sex_c + (1 | AnimalID) + (1 | CageEpisodeID),CombZ_wb:c2,TRUE,OK,,-0.0274146077406082,0.017737907670862,,none (KR-adjusted SE only),"",-0.0156224328043161,TRUE,284,71,80,15,FALSE,TRUE,""
SCREEN-L-FRAG-POOL,ESTIMATION_ONLY,SCREEN-L,POOL,B2,5,FALSE,y ~ Batch + CombZ_wb + c2 + c3 + c4 + CombZ_wb:(c2 + c3 + c4) + (c2 + c3 + c4):sex_c + (1 | AnimalID) + (1 | CageEpisodeID),CombZ_wb:c3,FALSE,OK,,-0.015799240752502,0.0182185830466653,,none (KR-adjusted SE only),"",-0.00751332796800535,TRUE,284,71,80,15,FALSE,TRUE,""
SCREEN-L-FRAG-POOL,ESTIMATION_ONLY,SCREEN-L,POOL,B2,5,FALSE,y ~ Batch + CombZ_wb + c2 + c3 + c4 + CombZ_wb:(c2 + c3 + c4) + (c2 + c3 + c4):sex_c + (1 | AnimalID) + (1 | CageEpisodeID),CombZ_wb:c4,FALSE,OK,,0.00288829809061618,0.0181441391023624,,none (KR-adjusted SE only),"",0.00926651038062409,TRUE,284,71,80,15,FALSE,TRUE,""
SCREEN-L-FRAG-POOL,ESTIMATION_ONLY,SCREEN-L,POOL,B3,5,FALSE,y ~ Batch + CombZ_wb + c2 + c3 + c4 + CombZ_wb:(c2 + c3 + c4) + (c2 + c3 + c4):sex_c + (1 | AnimalID) + (1 | CageEpisodeID),CombZ_wb:c2,TRUE,OK,,-0.0197291532526252,0.0185947172995107,,none (KR-adjusted SE only),"",-0.0156224328043161,TRUE,284,71,80,15,FALSE,TRUE,""
SCREEN-L-FRAG-POOL,ESTIMATION_ONLY,SCREEN-L,POOL,B3,5,FALSE,y ~ Batch + CombZ_wb + c2 + c3 + c4 + CombZ_wb:(c2 + c3 + c4) + (c2 + c3 + c4):sex_c + (1 | AnimalID) + (1 | CageEpisodeID),CombZ_wb:c3,FALSE,OK,,-0.00987477977952425,0.0184739788038005,,none (KR-adjusted SE only),"",-0.00751332796800535,TRUE,284,71,80,15,FALSE,TRUE,""
SCREEN-L-FRAG-POOL,ESTIMATION_ONLY,SCREEN-L,POOL,B3,5,FALSE,y ~ Batch + CombZ_wb + c2 + c3 + c4 + CombZ_wb:(c2 + c3 + c4) + (c2 + c3 + c4):sex_c + (1 | AnimalID) + (1 | CageEpisodeID),CombZ_wb:c4,FALSE,OK,,0.014439354722643,0.0189964986750835,,none (KR-adjusted SE only),"",0.00926651038062409,TRUE,284,71,80,15,FALSE,TRUE,""
SCREEN-L-FRAG-POOL,ESTIMATION_ONLY,SCREEN-L,POOL,B4,5,FALSE,y ~ Batch + CombZ_wb + c2 + c3 + c4 + CombZ_wb:(c2 + c3 + c4) + (c2 + c3 + c4):sex_c + (1 | AnimalID) + (1 | CageEpisodeID),CombZ_wb:c2,TRUE,OK,,-0.0135476692436453,0.0174175448744618,,none (KR-adjusted SE only),"",-0.0156224328043161,TRUE,288,72,80,15,FALSE,TRUE,""
SCREEN-L-FRAG-POOL,ESTIMATION_ONLY,SCREEN-L,POOL,B4,5,FALSE,y ~ Batch + CombZ_wb + c2 + c3 + c4 + CombZ_wb:(c2 + c3 + c4) + (c2 + c3 + c4):sex_c + (1 | AnimalID) + (1 | CageEpisodeID),CombZ_wb:c3,FALSE,OK,,-0.00140774590311534,0.0178221596205973,,none (KR-adjusted SE only),"",-0.00751332796800535,TRUE,288,72,80,15,FALSE,TRUE,""
SCREEN-L-FRAG-POOL,ESTIMATION_ONLY,SCREEN-L,POOL,B4,5,FALSE,y ~ Batch + CombZ_wb + c2 + c3 + c4 + CombZ_wb:(c2 + c3 + c4) + (c2 + c3 + c4):sex_c + (1 | AnimalID) + (1 | CageEpisodeID),CombZ_wb:c4,FALSE,OK,,0.0169239372121252,0.0177249126521765,,none (KR-adjusted SE only),"",0.00926651038062409,TRUE,288,72,80,15,FALSE,TRUE,""
SCREEN-L-FRAG-POOL,ESTIMATION_ONLY,SCREEN-L,POOL,B5,5,FALSE,y ~ Batch + CombZ_wb + c2 + c3 + c4 + CombZ_wb:(c2 + c3 + c4) + (c2 + c3 + c4):sex_c + (1 | AnimalID) + (1 | CageEpisodeID),CombZ_wb:c2,TRUE,OK,,-0.0153315687678602,0.0166925242932561,,none (KR-adjusted SE only),"",-0.0156224328043161,TRUE,288,72,80,15,FALSE,TRUE,""
SCREEN-L-FRAG-POOL,ESTIMATION_ONLY,SCREEN-L,POOL,B5,5,FALSE,y ~ Batch + CombZ_wb + c2 + c3 + c4 + CombZ_wb:(c2 + c3 + c4) + (c2 + c3 + c4):sex_c + (1 | AnimalID) + (1 | CageEpisodeID),CombZ_wb:c3,FALSE,OK,,-0.0106392206930696,0.0171162346143977,,none (KR-adjusted SE only),"",-0.00751332796800535,TRUE,288,72,80,15,FALSE,TRUE,""
SCREEN-L-FRAG-POOL,ESTIMATION_ONLY,SCREEN-L,POOL,B5,5,FALSE,y ~ Batch + CombZ_wb + c2 + c3 + c4 + CombZ_wb:(c2 + c3 + c4) + (c2 + c3 + c4):sex_c + (1 | AnimalID) + (1 | CageEpisodeID),CombZ_wb:c4,FALSE,OK,,0.000461596515911224,0.016997554520783,,none (KR-adjusted SE only),"",0.00926651038062409,TRUE,288,72,80,15,FALSE,TRUE,""
SCREEN-L-FRAG-POOL,ESTIMATION_ONLY,SCREEN-L,POOL,B6,5,FALSE,y ~ Batch + CombZ_wb + c2 + c3 + c4 + CombZ_wb:(c2 + c3 + c4) + (c2 + c3 + c4):sex_c + (1 | AnimalID) + (1 | CageEpisodeID),CombZ_wb:c2,TRUE,OK,,-0.00734221058864998,0.017790539279105,,none (KR-adjusted SE only),"",-0.0156224328043161,TRUE,288,72,80,15,FALSE,TRUE,""
SCREEN-L-FRAG-POOL,ESTIMATION_ONLY,SCREEN-L,POOL,B6,5,FALSE,y ~ Batch + CombZ_wb + c2 + c3 + c4 + CombZ_wb:(c2 + c3 + c4) + (c2 + c3 + c4):sex_c + (1 | AnimalID) + (1 | CageEpisodeID),CombZ_wb:c3,FALSE,OK,,-0.00162849685394277,0.0184533975742484,,none (KR-adjusted SE only),"",-0.00751332796800535,TRUE,288,72,80,15,FALSE,TRUE,""
SCREEN-L-FRAG-POOL,ESTIMATION_ONLY,SCREEN-L,POOL,B6,5,FALSE,y ~ Batch + CombZ_wb + c2 + c3 + c4 + CombZ_wb:(c2 + c3 + c4) + (c2 + c3 + c4):sex_c + (1 | AnimalID) + (1 | CageEpisodeID),CombZ_wb:c4,FALSE,OK,,0.0122860716142604,0.0184932767375983,,none (KR-adjusted SE only),"",0.00926651038062409,TRUE,288,72,80,15,FALSE,TRUE,""
SCREEN-L-LPCR-POOL,ESTIMATION_ONLY,SCREEN-L,POOL,B1,5,FALSE,y ~ Batch + CombZ_wb + c2 + c3 + c4 + CombZ_wb:(c2 + c3 + c4) + (c2 + c3 + c4):sex_c + (1 | AnimalID) + (1 | CageEpisodeID),CombZ_wb:c2,FALSE,OK,,-0.208730854529216,0.243823081935786,,none (KR-adjusted SE only),"",-0.178604438568992,TRUE,308,77,80,15,FALSE,TRUE,""
SCREEN-L-LPCR-POOL,ESTIMATION_ONLY,SCREEN-L,POOL,B1,5,FALSE,y ~ Batch + CombZ_wb + c2 + c3 + c4 + CombZ_wb:(c2 + c3 + c4) + (c2 + c3 + c4):sex_c + (1 | AnimalID) + (1 | CageEpisodeID),CombZ_wb:c3,TRUE,OK,,-0.239947245157852,0.246744551094366,,none (KR-adjusted SE only),"",-0.270207077531891,TRUE,308,77,80,15,FALSE,TRUE,""
SCREEN-L-LPCR-POOL,ESTIMATION_ONLY,SCREEN-L,POOL,B1,5,FALSE,y ~ Batch + CombZ_wb + c2 + c3 + c4 + CombZ_wb:(c2 + c3 + c4) + (c2 + c3 + c4):sex_c + (1 | AnimalID) + (1 | CageEpisodeID),CombZ_wb:c4,FALSE,OK,,-0.164827883257557,0.248039568325239,,none (KR-adjusted SE only),"",-0.208408597976843,TRUE,308,77,80,15,FALSE,TRUE,""
SCREEN-L-LPCR-POOL,ESTIMATION_ONLY,SCREEN-L,POOL,B2,5,FALSE,y ~ Batch + CombZ_wb + c2 + c3 + c4 + CombZ_wb:(c2 + c3 + c4) + (c2 + c3 + c4):sex_c + (1 | AnimalID) + (1 | CageEpisodeID),CombZ_wb:c2,FALSE,OK,,-0.289144627141054,0.295620621459506,,none (KR-adjusted SE only),"",-0.178604438568992,TRUE,284,71,80,15,FALSE,TRUE,""
SCREEN-L-LPCR-POOL,ESTIMATION_ONLY,SCREEN-L,POOL,B2,5,FALSE,y ~ Batch + CombZ_wb + c2 + c3 + c4 + CombZ_wb:(c2 + c3 + c4) + (c2 + c3 + c4):sex_c + (1 | AnimalID) + (1 | CageEpisodeID),CombZ_wb:c3,TRUE,OK,,-0.5167979374241,0.301103580644265,,none (KR-adjusted SE only),"",-0.270207077531891,TRUE,284,71,80,15,FALSE,TRUE,""
SCREEN-L-LPCR-POOL,ESTIMATION_ONLY,SCREEN-L,POOL,B2,5,FALSE,y ~ Batch + CombZ_wb + c2 + c3 + c4 + CombZ_wb:(c2 + c3 + c4) + (c2 + c3 + c4):sex_c + (1 | AnimalID) + (1 | CageEpisodeID),CombZ_wb:c4,FALSE,OK,,-0.351270039305992,0.300402912204771,,none (KR-adjusted SE only),"",-0.208408597976843,TRUE,284,71,80,15,FALSE,TRUE,""
SCREEN-L-LPCR-POOL,ESTIMATION_ONLY,SCREEN-L,POOL,B3,5,FALSE,y ~ Batch + CombZ_wb + c2 + c3 + c4 + CombZ_wb:(c2 + c3 + c4) + (c2 + c3 + c4):sex_c + (1 | AnimalID) + (1 | CageEpisodeID),CombZ_wb:c2,FALSE,OK,,-0.0775225074103022,0.302421835692607,,none (KR-adjusted SE only),"",-0.178604438568992,TRUE,284,71,80,15,FALSE,TRUE,""
SCREEN-L-LPCR-POOL,ESTIMATION_ONLY,SCREEN-L,POOL,B3,5,FALSE,y ~ Batch + CombZ_wb + c2 + c3 + c4 + CombZ_wb:(c2 + c3 + c4) + (c2 + c3 + c4):sex_c + (1 | AnimalID) + (1 | CageEpisodeID),CombZ_wb:c3,TRUE,OK,,-0.232443857689055,0.300584902176424,,none (KR-adjusted SE only),"",-0.270207077531891,TRUE,284,71,80,15,FALSE,TRUE,""
SCREEN-L-LPCR-POOL,ESTIMATION_ONLY,SCREEN-L,POOL,B3,5,FALSE,y ~ Batch + CombZ_wb + c2 + c3 + c4 + CombZ_wb:(c2 + c3 + c4) + (c2 + c3 + c4):sex_c + (1 | AnimalID) + (1 | CageEpisodeID),CombZ_wb:c4,FALSE,OK,,-0.171061637599836,0.307802200000698,,none (KR-adjusted SE only),"",-0.208408597976843,TRUE,284,71,80,15,FALSE,TRUE,""
SCREEN-L-LPCR-POOL,ESTIMATION_ONLY,SCREEN-L,POOL,B4,5,FALSE,y ~ Batch + CombZ_wb + c2 + c3 + c4 + CombZ_wb:(c2 + c3 + c4) + (c2 + c3 + c4):sex_c + (1 | AnimalID) + (1 | CageEpisodeID),CombZ_wb:c2,FALSE,OK,,-0.224061528191673,0.26989338842731,,none (KR-adjusted SE only),"",-0.178604438568992,TRUE,288,72,80,15,FALSE,TRUE,""
SCREEN-L-LPCR-POOL,ESTIMATION_ONLY,SCREEN-L,POOL,B4,5,FALSE,y ~ Batch + CombZ_wb + c2 + c3 + c4 + CombZ_wb:(c2 + c3 + c4) + (c2 + c3 + c4):sex_c + (1 | AnimalID) + (1 | CageEpisodeID),CombZ_wb:c3,TRUE,OK,,-0.241126128547653,0.2748530278932,,none (KR-adjusted SE only),"",-0.270207077531891,TRUE,288,72,80,15,FALSE,TRUE,""
SCREEN-L-LPCR-POOL,ESTIMATION_ONLY,SCREEN-L,POOL,B4,5,FALSE,y ~ Batch + CombZ_wb + c2 + c3 + c4 + CombZ_wb:(c2 + c3 + c4) + (c2 + c3 + c4):sex_c + (1 | AnimalID) + (1 | CageEpisodeID),CombZ_wb:c4,FALSE,OK,,-0.394427557236727,0.273733482046056,,none (KR-adjusted SE only),"",-0.208408597976843,TRUE,288,72,80,15,FALSE,TRUE,""
SCREEN-L-LPCR-POOL,ESTIMATION_ONLY,SCREEN-L,POOL,B5,5,FALSE,y ~ Batch + CombZ_wb + c2 + c3 + c4 + CombZ_wb:(c2 + c3 + c4) + (c2 + c3 + c4):sex_c + (1 | AnimalID) + (1 | CageEpisodeID),CombZ_wb:c2,FALSE,OK,,-0.107819849993777,0.262214467626251,,none (KR-adjusted SE only),"",-0.178604438568992,TRUE,288,72,80,15,FALSE,TRUE,""
SCREEN-L-LPCR-POOL,ESTIMATION_ONLY,SCREEN-L,POOL,B5,5,FALSE,y ~ Batch + CombZ_wb + c2 + c3 + c4 + CombZ_wb:(c2 + c3 + c4) + (c2 + c3 + c4):sex_c + (1 | AnimalID) + (1 | CageEpisodeID),CombZ_wb:c3,TRUE,OK,,-0.130328038754756,0.269550909970387,,none (KR-adjusted SE only),"",-0.270207077531891,TRUE,288,72,80,15,FALSE,TRUE,""
SCREEN-L-LPCR-POOL,ESTIMATION_ONLY,SCREEN-L,POOL,B5,5,FALSE,y ~ Batch + CombZ_wb + c2 + c3 + c4 + CombZ_wb:(c2 + c3 + c4) + (c2 + c3 + c4):sex_c + (1 | AnimalID) + (1 | CageEpisodeID),CombZ_wb:c4,FALSE,OK,,-0.093172831005703,0.267477842168265,,none (KR-adjusted SE only),"",-0.208408597976843,TRUE,288,72,80,15,FALSE,TRUE,""
SCREEN-L-LPCR-POOL,ESTIMATION_ONLY,SCREEN-L,POOL,B6,5,FALSE,y ~ Batch + CombZ_wb + c2 + c3 + c4 + CombZ_wb:(c2 + c3 + c4) + (c2 + c3 + c4):sex_c + (1 | AnimalID) + (1 | CageEpisodeID),CombZ_wb:c2,FALSE,OK,,-0.16365179984335,0.271095160761538,,none (KR-adjusted SE only),"",-0.178604438568992,TRUE,288,72,80,15,FALSE,TRUE,""
SCREEN-L-LPCR-POOL,ESTIMATION_ONLY,SCREEN-L,POOL,B6,5,FALSE,y ~ Batch + CombZ_wb + c2 + c3 + c4 + CombZ_wb:(c2 + c3 + c4) + (c2 + c3 + c4):sex_c + (1 | AnimalID) + (1 | CageEpisodeID),CombZ_wb:c3,TRUE,OK,,-0.29762191600551,0.279762426195192,,none (KR-adjusted SE only),"",-0.270207077531891,TRUE,288,72,80,15,FALSE,TRUE,""
SCREEN-L-LPCR-POOL,ESTIMATION_ONLY,SCREEN-L,POOL,B6,5,FALSE,y ~ Batch + CombZ_wb + c2 + c3 + c4 + CombZ_wb:(c2 + c3 + c4) + (c2 + c3 + c4):sex_c + (1 | AnimalID) + (1 | CageEpisodeID),CombZ_wb:c4,FALSE,OK,,-0.0633035037672012,0.280342187821879,,none (KR-adjusted SE only),"",-0.208408597976843,TRUE,288,72,80,15,FALSE,TRUE,""
SLEEP-CONT-IA40A-POOL,ESTIMATION_ONLY,SLEEP-CONT,POOL,B1,5,FALSE,CombZ ~ Batch + x,x,TRUE,OK,,7.28033610462828,4.82808552592033,9.01899201544894,Satterthwaite (CR2),NOT_LOW_DF,5.91823063769529,TRUE,77,77,20,6,,TRUE,""
SLEEP-CONT-IA40A-POOL,ESTIMATION_ONLY,SLEEP-CONT,POOL,B2,5,FALSE,CombZ ~ Batch + x,x,TRUE,OK,,6.76755542130221,4.28313683690792,9.38636550149145,Satterthwaite (CR2),NOT_LOW_DF,5.91823063769529,TRUE,71,71,20,6,,TRUE,""
SLEEP-CONT-IA40A-POOL,ESTIMATION_ONLY,SLEEP-CONT,POOL,B3,5,FALSE,CombZ ~ Batch + x,x,TRUE,OK,,4.76773700698373,3.80375953827589,7.64439357351969,Satterthwaite (CR2),NOT_LOW_DF,5.91823063769529,TRUE,71,71,20,6,,TRUE,""
SLEEP-CONT-IA40A-POOL,ESTIMATION_ONLY,SLEEP-CONT,POOL,B4,5,FALSE,CombZ ~ Batch + x,x,TRUE,OK,,5.15450545209497,4.65681879409738,8.78012162646869,Satterthwaite (CR2),NOT_LOW_DF,5.91823063769529,TRUE,72,72,20,6,,TRUE,""
SLEEP-CONT-IA40A-POOL,ESTIMATION_ONLY,SLEEP-CONT,POOL,B5,5,FALSE,CombZ ~ Batch + x,x,TRUE,OK,,7.79089654182319,4.36376695484064,8.24156442567597,Satterthwaite (CR2),NOT_LOW_DF,5.91823063769529,TRUE,72,72,20,6,,TRUE,""
SLEEP-CONT-IA40A-POOL,ESTIMATION_ONLY,SLEEP-CONT,POOL,B6,5,FALSE,CombZ ~ Batch + x,x,TRUE,OK,,2.90936003194974,6.17837137417907,7.31058334325714,Satterthwaite (CR2),NOT_LOW_DF,5.91823063769529,TRUE,72,72,20,6,,TRUE,""
SLEEP-CONT-IA40L-POOL,ESTIMATION_ONLY,SLEEP-CONT,POOL,B1,5,FALSE,CombZ ~ Batch + x,x,TRUE,OK,,14.3430498595171,15.8094751916395,6.8884559299403,Satterthwaite (CR2),NOT_LOW_DF,10.0146151027811,TRUE,77,77,20,6,,TRUE,""
SLEEP-CONT-IA40L-POOL,ESTIMATION_ONLY,SLEEP-CONT,POOL,B2,5,FALSE,CombZ ~ Batch + x,x,TRUE,OK,,6.1394892581349,14.5868390061469,7.64904209056402,Satterthwaite (CR2),NOT_LOW_DF,10.0146151027811,TRUE,71,71,20,6,,TRUE,""
SLEEP-CONT-IA40L-POOL,ESTIMATION_ONLY,SLEEP-CONT,POOL,B3,5,FALSE,CombZ ~ Batch + x,x,TRUE,OK,,-2.13021729977666,18.5098366374504,12.1401177757133,Satterthwaite (CR2),NOT_LOW_DF,10.0146151027811,FALSE,71,71,20,6,,TRUE,""
SLEEP-CONT-IA40L-POOL,ESTIMATION_ONLY,SLEEP-CONT,POOL,B4,5,FALSE,CombZ ~ Batch + x,x,TRUE,OK,,10.0258586088286,13.9875962624092,6.85181927440365,Satterthwaite (CR2),NOT_LOW_DF,10.0146151027811,TRUE,72,72,20,6,,TRUE,""
SLEEP-CONT-IA40L-POOL,ESTIMATION_ONLY,SLEEP-CONT,POOL,B5,5,FALSE,CombZ ~ Batch + x,x,TRUE,OK,,18.5064115697119,15.997592383067,6.75477086063454,Satterthwaite (CR2),NOT_LOW_DF,10.0146151027811,TRUE,72,72,20,6,,TRUE,""
SLEEP-CONT-IA40L-POOL,ESTIMATION_ONLY,SLEEP-CONT,POOL,B6,5,FALSE,CombZ ~ Batch + x,x,TRUE,OK,,10.5849000304693,15.3694999339204,7.43275682914645,Satterthwaite (CR2),NOT_LOW_DF,10.0146151027811,TRUE,72,72,20,6,,TRUE,""
SLEEP-CAT-IA40A-POOL,ESTIMATION_ONLY,SLEEP-CAT,POOL,B1,5,FALSE,y ~ Batch + g_RS + (1 | CageEpisodeID),g_RS,TRUE,OK,,-0.000348821169537422,0.00388651065249349,61.4985089854121,Kenward-Roger,"",-0.00203124669379311,TRUE,77,77,20,6,FALSE,TRUE,""
SLEEP-CAT-IA40A-POOL,ESTIMATION_ONLY,SLEEP-CAT,POOL,B2,5,FALSE,y ~ Batch + g_RS + (1 | CageEpisodeID),g_RS,TRUE,OK,,-0.0017454276998511,0.00440086606982726,59.0452237202741,Kenward-Roger,"",-0.00203124669379311,TRUE,71,71,20,6,FALSE,TRUE,""
SLEEP-CAT-IA40A-POOL,ESTIMATION_ONLY,SLEEP-CAT,POOL,B3,5,FALSE,y ~ Batch + g_RS + (1 | CageEpisodeID),g_RS,TRUE,OK,,-0.00271973862019146,0.00411681777482054,61.9675489498646,Kenward-Roger,"",-0.00203124669379311,TRUE,71,71,20,6,TRUE,TRUE,message: boundary (singular) fit: see help('isSingular')
SLEEP-CAT-IA40A-POOL,ESTIMATION_ONLY,SLEEP-CAT,POOL,B4,5,FALSE,y ~ Batch + g_RS + (1 | CageEpisodeID),g_RS,TRUE,OK,,-0.00410958865346199,0.00450187747628936,60.7910409201273,Kenward-Roger,"",-0.00203124669379311,TRUE,72,72,20,6,FALSE,TRUE,""
SLEEP-CAT-IA40A-POOL,ESTIMATION_ONLY,SLEEP-CAT,POOL,B5,5,FALSE,y ~ Batch + g_RS + (1 | CageEpisodeID),g_RS,TRUE,OK,,-0.00137201776652391,0.00455804016457663,61.8959013173331,Kenward-Roger,"",-0.00203124669379311,TRUE,72,72,20,6,FALSE,TRUE,""
SLEEP-CAT-IA40A-POOL,ESTIMATION_ONLY,SLEEP-CAT,POOL,B6,5,FALSE,y ~ Batch + g_RS + (1 | CageEpisodeID),g_RS,TRUE,OK,,-0.00157996912414144,0.00364612615304735,58.207930790031,Kenward-Roger,"",-0.00203124669379311,TRUE,72,72,20,6,FALSE,TRUE,""
SLEEP-CAT-IA40L-POOL,ESTIMATION_ONLY,SLEEP-CAT,POOL,B1,5,FALSE,y ~ Batch + g_RS + (1 | CageEpisodeID),g_RS,TRUE,OK,,0.00128818769541946,0.000989735730480239,64.0543726778119,Kenward-Roger,"",0.000838620371106557,TRUE,77,77,20,6,FALSE,TRUE,""
SLEEP-CAT-IA40L-POOL,ESTIMATION_ONLY,SLEEP-CAT,POOL,B2,5,FALSE,y ~ Batch + g_RS + (1 | CageEpisodeID),g_RS,TRUE,OK,,0.00108381230754281,0.00106066065210135,60.4879283713062,Kenward-Roger,"",0.000838620371106557,TRUE,71,71,20,6,TRUE,TRUE,message: boundary (singular) fit: see help('isSingular')
SLEEP-CAT-IA40L-POOL,ESTIMATION_ONLY,SLEEP-CAT,POOL,B3,5,FALSE,y ~ Batch + g_RS + (1 | CageEpisodeID),g_RS,TRUE,OK,,-0.000354857039477992,0.00096756925568038,61.6236105298726,Kenward-Roger,"",0.000838620371106557,FALSE,71,71,20,6,FALSE,TRUE,""
SLEEP-CAT-IA40L-POOL,ESTIMATION_ONLY,SLEEP-CAT,POOL,B4,5,FALSE,y ~ Batch + g_RS + (1 | CageEpisodeID),g_RS,TRUE,OK,,0.000376779090100506,0.00108836963698812,62.6703217656192,Kenward-Roger,"",0.000838620371106557,TRUE,72,72,20,6,FALSE,TRUE,""
SLEEP-CAT-IA40L-POOL,ESTIMATION_ONLY,SLEEP-CAT,POOL,B5,5,FALSE,y ~ Batch + g_RS + (1 | CageEpisodeID),g_RS,TRUE,OK,,0.00183715312769647,0.00105556833142171,60.7848401844107,Kenward-Roger,"",0.000838620371106557,TRUE,72,72,20,6,FALSE,TRUE,""
SLEEP-CAT-IA40L-POOL,ESTIMATION_ONLY,SLEEP-CAT,POOL,B6,5,FALSE,y ~ Batch + g_RS + (1 | CageEpisodeID),g_RS,TRUE,OK,,0.000811430256383008,0.00106254427672284,61.9705150172035,Kenward-Roger,"",0.000838620371106557,TRUE,72,72,20,6,TRUE,TRUE,message: boundary (singular) fit: see help('isSingular')
SLEEP-L-IA40A-POOL,ESTIMATION_ONLY,SLEEP-L,POOL,B1,5,FALSE,y ~ Batch + CombZ_wb + c2 + c3 + c4 + CombZ_wb:(c2 + c3 + c4) + (c2 + c3 + c4):sex_c + (1 | AnimalID) + (1 | CageEpisodeID),CombZ_wb:c2,TRUE,OK,,-0.00545060178917692,0.00356427565991729,,none (KR-adjusted SE only),"",-0.00597069599407112,TRUE,308,77,80,15,FALSE,TRUE,""
SLEEP-L-IA40A-POOL,ESTIMATION_ONLY,SLEEP-L,POOL,B1,5,FALSE,y ~ Batch + CombZ_wb + c2 + c3 + c4 + CombZ_wb:(c2 + c3 + c4) + (c2 + c3 + c4):sex_c + (1 | AnimalID) + (1 | CageEpisodeID),CombZ_wb:c3,FALSE,OK,,-0.00413381565571337,0.00361542997883961,,none (KR-adjusted SE only),"",-0.00329428798256385,TRUE,308,77,80,15,FALSE,TRUE,""
SLEEP-L-IA40A-POOL,ESTIMATION_ONLY,SLEEP-L,POOL,B1,5,FALSE,y ~ Batch + CombZ_wb + c2 + c3 + c4 + CombZ_wb:(c2 + c3 + c4) + (c2 + c3 + c4):sex_c + (1 | AnimalID) + (1 | CageEpisodeID),CombZ_wb:c4,FALSE,OK,,0.00467105298136789,0.00363843801552523,,none (KR-adjusted SE only),"",0.00540796994667935,TRUE,308,77,80,15,FALSE,TRUE,""
SLEEP-L-IA40A-POOL,ESTIMATION_ONLY,SLEEP-L,POOL,B2,5,FALSE,y ~ Batch + CombZ_wb + c2 + c3 + c4 + CombZ_wb:(c2 + c3 + c4) + (c2 + c3 + c4):sex_c + (1 | AnimalID) + (1 | CageEpisodeID),CombZ_wb:c2,TRUE,OK,,-0.00794751751359024,0.00413336689610642,,none (KR-adjusted SE only),"",-0.00597069599407112,TRUE,284,71,80,15,FALSE,TRUE,""
SLEEP-L-IA40A-POOL,ESTIMATION_ONLY,SLEEP-L,POOL,B2,5,FALSE,y ~ Batch + CombZ_wb + c2 + c3 + c4 + CombZ_wb:(c2 + c3 + c4) + (c2 + c3 + c4):sex_c + (1 | AnimalID) + (1 | CageEpisodeID),CombZ_wb:c3,FALSE,OK,,-0.00415599375911438,0.00424035565980131,,none (KR-adjusted SE only),"",-0.00329428798256385,TRUE,284,71,80,15,FALSE,TRUE,""
SLEEP-L-IA40A-POOL,ESTIMATION_ONLY,SLEEP-L,POOL,B2,5,FALSE,y ~ Batch + CombZ_wb + c2 + c3 + c4 + CombZ_wb:(c2 + c3 + c4) + (c2 + c3 + c4):sex_c + (1 | AnimalID) + (1 | CageEpisodeID),CombZ_wb:c4,FALSE,OK,,0.00625210898874028,0.00422414181368106,,none (KR-adjusted SE only),"",0.00540796994667935,TRUE,284,71,80,15,FALSE,TRUE,""
SLEEP-L-IA40A-POOL,ESTIMATION_ONLY,SLEEP-L,POOL,B3,5,FALSE,y ~ Batch + CombZ_wb + c2 + c3 + c4 + CombZ_wb:(c2 + c3 + c4) + (c2 + c3 + c4):sex_c + (1 | AnimalID) + (1 | CageEpisodeID),CombZ_wb:c2,TRUE,OK,,-0.00567927510622922,0.00385765188865122,,none (KR-adjusted SE only),"",-0.00597069599407112,TRUE,284,71,80,15,FALSE,TRUE,""
SLEEP-L-IA40A-POOL,ESTIMATION_ONLY,SLEEP-L,POOL,B3,5,FALSE,y ~ Batch + CombZ_wb + c2 + c3 + c4 + CombZ_wb:(c2 + c3 + c4) + (c2 + c3 + c4):sex_c + (1 | AnimalID) + (1 | CageEpisodeID),CombZ_wb:c3,FALSE,OK,,-0.00408064440982755,0.00383216139609718,,none (KR-adjusted SE only),"",-0.00329428798256385,TRUE,284,71,80,15,FALSE,TRUE,""
SLEEP-L-IA40A-POOL,ESTIMATION_ONLY,SLEEP-L,POOL,B3,5,FALSE,y ~ Batch + CombZ_wb + c2 + c3 + c4 + CombZ_wb:(c2 + c3 + c4) + (c2 + c3 + c4):sex_c + (1 | AnimalID) + (1 | CageEpisodeID),CombZ_wb:c4,FALSE,OK,,0.00394937959077662,0.00393991469213085,,none (KR-adjusted SE only),"",0.00540796994667935,TRUE,284,71,80,15,FALSE,TRUE,""
SLEEP-L-IA40A-POOL,ESTIMATION_ONLY,SLEEP-L,POOL,B4,5,FALSE,y ~ Batch + CombZ_wb + c2 + c3 + c4 + CombZ_wb:(c2 + c3 + c4) + (c2 + c3 + c4):sex_c + (1 | AnimalID) + (1 | CageEpisodeID),CombZ_wb:c2,TRUE,OK,,-0.00583616971897951,0.00357169683594872,,none (KR-adjusted SE only),"",-0.00597069599407112,TRUE,288,72,80,15,FALSE,TRUE,""
SLEEP-L-IA40A-POOL,ESTIMATION_ONLY,SLEEP-L,POOL,B4,5,FALSE,y ~ Batch + CombZ_wb + c2 + c3 + c4 + CombZ_wb:(c2 + c3 + c4) + (c2 + c3 + c4):sex_c + (1 | AnimalID) + (1 | CageEpisodeID),CombZ_wb:c3,FALSE,OK,,-0.0013998689905122,0.00365076480981871,,none (KR-adjusted SE only),"",-0.00329428798256385,TRUE,288,72,80,15,FALSE,TRUE,""
SLEEP-L-IA40A-POOL,ESTIMATION_ONLY,SLEEP-L,POOL,B4,5,FALSE,y ~ Batch + CombZ_wb + c2 + c3 + c4 + CombZ_wb:(c2 + c3 + c4) + (c2 + c3 + c4):sex_c + (1 | AnimalID) + (1 | CageEpisodeID),CombZ_wb:c4,FALSE,OK,,0.00631525153088685,0.00363197380663552,,none (KR-adjusted SE only),"",0.00540796994667935,TRUE,288,72,80,15,FALSE,TRUE,""
SLEEP-L-IA40A-POOL,ESTIMATION_ONLY,SLEEP-L,POOL,B5,5,FALSE,y ~ Batch + CombZ_wb + c2 + c3 + c4 + CombZ_wb:(c2 + c3 + c4) + (c2 + c3 + c4):sex_c + (1 | AnimalID) + (1 | CageEpisodeID),CombZ_wb:c2,TRUE,OK,,-0.00760474886304091,0.00377632132666963,,none (KR-adjusted SE only),"",-0.00597069599407112,TRUE,288,72,80,15,FALSE,TRUE,""
SLEEP-L-IA40A-POOL,ESTIMATION_ONLY,SLEEP-L,POOL,B5,5,FALSE,y ~ Batch + CombZ_wb + c2 + c3 + c4 + CombZ_wb:(c2 + c3 + c4) + (c2 + c3 + c4):sex_c + (1 | AnimalID) + (1 | CageEpisodeID),CombZ_wb:c3,FALSE,OK,,-0.00381382283744424,0.0038916523516901,,none (KR-adjusted SE only),"",-0.00329428798256385,TRUE,288,72,80,15,FALSE,TRUE,""
SLEEP-L-IA40A-POOL,ESTIMATION_ONLY,SLEEP-L,POOL,B5,5,FALSE,y ~ Batch + CombZ_wb + c2 + c3 + c4 + CombZ_wb:(c2 + c3 + c4) + (c2 + c3 + c4):sex_c + (1 | AnimalID) + (1 | CageEpisodeID),CombZ_wb:c4,FALSE,OK,,0.00309474647655207,0.00385826683531985,,none (KR-adjusted SE only),"",0.00540796994667935,TRUE,288,72,80,15,FALSE,TRUE,""
SLEEP-L-IA40A-POOL,ESTIMATION_ONLY,SLEEP-L,POOL,B6,5,FALSE,y ~ Batch + CombZ_wb + c2 + c3 + c4 + CombZ_wb:(c2 + c3 + c4) + (c2 + c3 + c4):sex_c + (1 | AnimalID) + (1 | CageEpisodeID),CombZ_wb:c2,TRUE,OK,,-0.00312106113271084,0.00377470554329177,,none (KR-adjusted SE only),"",-0.00597069599407112,TRUE,288,72,80,15,FALSE,TRUE,""
SLEEP-L-IA40A-POOL,ESTIMATION_ONLY,SLEEP-L,POOL,B6,5,FALSE,y ~ Batch + CombZ_wb + c2 + c3 + c4 + CombZ_wb:(c2 + c3 + c4) + (c2 + c3 + c4):sex_c + (1 | AnimalID) + (1 | CageEpisodeID),CombZ_wb:c3,FALSE,OK,,-0.00203970254220948,0.00391162852949408,,none (KR-adjusted SE only),"",-0.00329428798256385,TRUE,288,72,80,15,FALSE,TRUE,""
SLEEP-L-IA40A-POOL,ESTIMATION_ONLY,SLEEP-L,POOL,B6,5,FALSE,y ~ Batch + CombZ_wb + c2 + c3 + c4 + CombZ_wb:(c2 + c3 + c4) + (c2 + c3 + c4):sex_c + (1 | AnimalID) + (1 | CageEpisodeID),CombZ_wb:c4,FALSE,OK,,0.00862560958895151,0.00392004221058959,,none (KR-adjusted SE only),"",0.00540796994667935,TRUE,288,72,80,15,FALSE,TRUE,""
SLEEP-L-IA40L-POOL,ESTIMATION_ONLY,SLEEP-L,POOL,B1,5,FALSE,y ~ Batch + CombZ_wb + c2 + c3 + c4 + CombZ_wb:(c2 + c3 + c4) + (c2 + c3 + c4):sex_c + (1 | AnimalID) + (1 | CageEpisodeID),CombZ_wb:c2,FALSE,OK,,-0.000353322188839589,0.000722386406441049,,none (KR-adjusted SE only),"",-0.000260779285964121,TRUE,308,77,80,15,FALSE,TRUE,""
SLEEP-L-IA40L-POOL,ESTIMATION_ONLY,SLEEP-L,POOL,B1,5,FALSE,y ~ Batch + CombZ_wb + c2 + c3 + c4 + CombZ_wb:(c2 + c3 + c4) + (c2 + c3 + c4):sex_c + (1 | AnimalID) + (1 | CageEpisodeID),CombZ_wb:c3,TRUE,OK,,0.000185528211694372,0.000729449253535179,,none (KR-adjusted SE only),"",0.0004054064726555,TRUE,308,77,80,15,FALSE,TRUE,""
SLEEP-L-IA40L-POOL,ESTIMATION_ONLY,SLEEP-L,POOL,B1,5,FALSE,y ~ Batch + CombZ_wb + c2 + c3 + c4 + CombZ_wb:(c2 + c3 + c4) + (c2 + c3 + c4):sex_c + (1 | AnimalID) + (1 | CageEpisodeID),CombZ_wb:c4,FALSE,OK,,-0.000251608203441438,0.00073258510504781,,none (KR-adjusted SE only),"",7.51421769519694e-05,FALSE,308,77,80,15,FALSE,TRUE,""
SLEEP-L-IA40L-POOL,ESTIMATION_ONLY,SLEEP-L,POOL,B2,5,FALSE,y ~ Batch + CombZ_wb + c2 + c3 + c4 + CombZ_wb:(c2 + c3 + c4) + (c2 + c3 + c4):sex_c + (1 | AnimalID) + (1 | CageEpisodeID),CombZ_wb:c2,FALSE,OK,,6.93380437305001e-05,0.000822305952688005,,none (KR-adjusted SE only),"",-0.000260779285964121,FALSE,284,71,80,15,FALSE,TRUE,""
SLEEP-L-IA40L-POOL,ESTIMATION_ONLY,SLEEP-L,POOL,B2,5,FALSE,y ~ Batch + CombZ_wb + c2 + c3 + c4 + CombZ_wb:(c2 + c3 + c4) + (c2 + c3 + c4):sex_c + (1 | AnimalID) + (1 | CageEpisodeID),CombZ_wb:c3,TRUE,OK,,0.00117817352087975,0.000833775522654917,,none (KR-adjusted SE only),"",0.0004054064726555,TRUE,284,71,80,15,FALSE,TRUE,""
SLEEP-L-IA40L-POOL,ESTIMATION_ONLY,SLEEP-L,POOL,B2,5,FALSE,y ~ Batch + CombZ_wb + c2 + c3 + c4 + CombZ_wb:(c2 + c3 + c4) + (c2 + c3 + c4):sex_c + (1 | AnimalID) + (1 | CageEpisodeID),CombZ_wb:c4,FALSE,OK,,0.000400099834801496,0.000832505240980032,,none (KR-adjusted SE only),"",7.51421769519694e-05,TRUE,284,71,80,15,FALSE,TRUE,""
SLEEP-L-IA40L-POOL,ESTIMATION_ONLY,SLEEP-L,POOL,B3,5,FALSE,y ~ Batch + CombZ_wb + c2 + c3 + c4 + CombZ_wb:(c2 + c3 + c4) + (c2 + c3 + c4):sex_c + (1 | AnimalID) + (1 | CageEpisodeID),CombZ_wb:c2,FALSE,OK,,-0.000327516211776147,0.00083174143332989,,none (KR-adjusted SE only),"",-0.000260779285964121,TRUE,284,71,80,15,FALSE,TRUE,""
SLEEP-L-IA40L-POOL,ESTIMATION_ONLY,SLEEP-L,POOL,B3,5,FALSE,y ~ Batch + CombZ_wb + c2 + c3 + c4 + CombZ_wb:(c2 + c3 + c4) + (c2 + c3 + c4):sex_c + (1 | AnimalID) + (1 | CageEpisodeID),CombZ_wb:c3,TRUE,OK,,0.000422560516508943,0.000827408540397491,,none (KR-adjusted SE only),"",0.0004054064726555,TRUE,284,71,80,15,FALSE,TRUE,""
SLEEP-L-IA40L-POOL,ESTIMATION_ONLY,SLEEP-L,POOL,B3,5,FALSE,y ~ Batch + CombZ_wb + c2 + c3 + c4 + CombZ_wb:(c2 + c3 + c4) + (c2 + c3 + c4):sex_c + (1 | AnimalID) + (1 | CageEpisodeID),CombZ_wb:c4,FALSE,OK,,0.000507386967653226,0.000843455571647917,,none (KR-adjusted SE only),"",7.51421769519694e-05,TRUE,284,71,80,15,FALSE,TRUE,""
SLEEP-L-IA40L-POOL,ESTIMATION_ONLY,SLEEP-L,POOL,B4,5,FALSE,y ~ Batch + CombZ_wb + c2 + c3 + c4 + CombZ_wb:(c2 + c3 + c4) + (c2 + c3 + c4):sex_c + (1 | AnimalID) + (1 | CageEpisodeID),CombZ_wb:c2,FALSE,OK,,-8.48681369455206e-06,0.000727391059814005,,none (KR-adjusted SE only),"",-0.000260779285964121,TRUE,288,72,80,15,FALSE,TRUE,""
SLEEP-L-IA40L-POOL,ESTIMATION_ONLY,SLEEP-L,POOL,B4,5,FALSE,y ~ Batch + CombZ_wb + c2 + c3 + c4 + CombZ_wb:(c2 + c3 + c4) + (c2 + c3 + c4):sex_c + (1 | AnimalID) + (1 | CageEpisodeID),CombZ_wb:c3,TRUE,OK,,0.000275618548303994,0.000737969762906774,,none (KR-adjusted SE only),"",0.0004054064726555,TRUE,288,72,80,15,FALSE,TRUE,""
SLEEP-L-IA40L-POOL,ESTIMATION_ONLY,SLEEP-L,POOL,B4,5,FALSE,y ~ Batch + CombZ_wb + c2 + c3 + c4 + CombZ_wb:(c2 + c3 + c4) + (c2 + c3 + c4):sex_c + (1 | AnimalID) + (1 | CageEpisodeID),CombZ_wb:c4,FALSE,OK,,0.000676510363262785,0.000735734500249853,,none (KR-adjusted SE only),"",7.51421769519694e-05,TRUE,288,72,80,15,FALSE,TRUE,""
SLEEP-L-IA40L-POOL,ESTIMATION_ONLY,SLEEP-L,POOL,B5,5,FALSE,y ~ Batch + CombZ_wb + c2 + c3 + c4 + CombZ_wb:(c2 + c3 + c4) + (c2 + c3 + c4):sex_c + (1 | AnimalID) + (1 | CageEpisodeID),CombZ_wb:c2,FALSE,OK,,-0.000419993952208556,0.000752470939873987,,none (KR-adjusted SE only),"",-0.000260779285964121,TRUE,288,72,80,15,FALSE,TRUE,""
SLEEP-L-IA40L-POOL,ESTIMATION_ONLY,SLEEP-L,POOL,B5,5,FALSE,y ~ Batch + CombZ_wb + c2 + c3 + c4 + CombZ_wb:(c2 + c3 + c4) + (c2 + c3 + c4):sex_c + (1 | AnimalID) + (1 | CageEpisodeID),CombZ_wb:c3,TRUE,OK,,0.000102892462668944,0.000767841318093241,,none (KR-adjusted SE only),"",0.0004054064726555,TRUE,288,72,80,15,FALSE,TRUE,""
SLEEP-L-IA40L-POOL,ESTIMATION_ONLY,SLEEP-L,POOL,B5,5,FALSE,y ~ Batch + CombZ_wb + c2 + c3 + c4 + CombZ_wb:(c2 + c3 + c4) + (c2 + c3 + c4):sex_c + (1 | AnimalID) + (1 | CageEpisodeID),CombZ_wb:c4,FALSE,OK,,-0.000362384069149123,0.000763740568904625,,none (KR-adjusted SE only),"",7.51421769519694e-05,FALSE,288,72,80,15,FALSE,TRUE,""
SLEEP-L-IA40L-POOL,ESTIMATION_ONLY,SLEEP-L,POOL,B6,5,FALSE,y ~ Batch + CombZ_wb + c2 + c3 + c4 + CombZ_wb:(c2 + c3 + c4) + (c2 + c3 + c4):sex_c + (1 | AnimalID) + (1 | CageEpisodeID),CombZ_wb:c2,FALSE,OK,,-0.000502417565079023,0.00080285398180955,,none (KR-adjusted SE only),"",-0.000260779285964121,TRUE,288,72,80,15,FALSE,TRUE,""
SLEEP-L-IA40L-POOL,ESTIMATION_ONLY,SLEEP-L,POOL,B6,5,FALSE,y ~ Batch + CombZ_wb + c2 + c3 + c4 + CombZ_wb:(c2 + c3 + c4) + (c2 + c3 + c4):sex_c + (1 | AnimalID) + (1 | CageEpisodeID),CombZ_wb:c3,TRUE,OK,,0.000398787854984436,0.000822309178132187,,none (KR-adjusted SE only),"",0.0004054064726555,TRUE,288,72,80,15,FALSE,TRUE,""
SLEEP-L-IA40L-POOL,ESTIMATION_ONLY,SLEEP-L,POOL,B6,5,FALSE,y ~ Batch + CombZ_wb + c2 + c3 + c4 + CombZ_wb:(c2 + c3 + c4) + (c2 + c3 + c4):sex_c + (1 | AnimalID) + (1 | CageEpisodeID),CombZ_wb:c4,FALSE,OK,,-0.000461859218000397,0.000823796533137451,,none (KR-adjusted SE only),"",7.51421769519694e-05,FALSE,288,72,80,15,FALSE,TRUE,""
COOKIE-CONT-DC60-POOL,ESTIMATION_ONLY,COOKIE-CONT,POOL,B2,4,FALSE,CombZ ~ Batch + x,x,TRUE,OK,,-0.00369338274011439,0.0050506680084398,8.11214987370335,Satterthwaite (CR2),NOT_LOW_DF,-0.000991891112931135,TRUE,61,61,16,5,,TRUE,""
COOKIE-CONT-DC60-POOL,ESTIMATION_ONLY,COOKIE-CONT,POOL,B3,4,FALSE,CombZ ~ Batch + x,x,TRUE,OK,,0.00147774854136349,0.00386077235158943,8.74107509352065,Satterthwaite (CR2),NOT_LOW_DF,-0.000991891112931135,FALSE,61,61,16,5,,TRUE,""
COOKIE-CONT-DC60-POOL,ESTIMATION_ONLY,COOKIE-CONT,POOL,B4,4,FALSE,CombZ ~ Batch + x,x,TRUE,OK,,-0.00131477673098655,0.00459302140017905,8.62548723841442,Satterthwaite (CR2),NOT_LOW_DF,-0.000991891112931135,TRUE,62,62,16,5,,TRUE,""
COOKIE-CONT-DC60-POOL,ESTIMATION_ONLY,COOKIE-CONT,POOL,B5,4,FALSE,CombZ ~ Batch + x,x,TRUE,OK,,0.000388608926046383,0.00455017436101112,8.5724840677167,Satterthwaite (CR2),NOT_LOW_DF,-0.000991891112931135,FALSE,62,62,16,5,,TRUE,""
COOKIE-CONT-DC60-POOL,ESTIMATION_ONLY,COOKIE-CONT,POOL,B6,4,FALSE,CombZ ~ Batch + x,x,TRUE,OK,,-0.00276643175070473,0.00586689103850094,8.79235025480206,Satterthwaite (CR2),NOT_LOW_DF,-0.000991891112931135,TRUE,62,62,16,5,,TRUE,""
COOKIE-CAT-DC60-POOL,ESTIMATION_ONLY,COOKIE-CAT,POOL,B2,4,FALSE,y ~ Batch + g_RS + (1 | CageEpisodeID),g_RS,TRUE,OK,,-5.04883111583425,4.21808424529326,53.2490855016049,Kenward-Roger,"",-3.19954010082785,TRUE,61,61,16,5,FALSE,TRUE,""
COOKIE-CAT-DC60-POOL,ESTIMATION_ONLY,COOKIE-CAT,POOL,B3,4,FALSE,y ~ Batch + g_RS + (1 | CageEpisodeID),g_RS,TRUE,OK,,1.15314066547524,5.18665631778702,53.1836298127027,Kenward-Roger,"",-3.19954010082785,FALSE,61,61,16,5,FALSE,TRUE,""
COOKIE-CAT-DC60-POOL,ESTIMATION_ONLY,COOKIE-CAT,POOL,B4,4,FALSE,y ~ Batch + g_RS + (1 | CageEpisodeID),g_RS,TRUE,OK,,-4.62569919241609,4.92364726784746,52.6616718565299,Kenward-Roger,"",-3.19954010082785,TRUE,62,62,16,5,FALSE,TRUE,""
COOKIE-CAT-DC60-POOL,ESTIMATION_ONLY,COOKIE-CAT,POOL,B5,4,FALSE,y ~ Batch + g_RS + (1 | CageEpisodeID),g_RS,TRUE,OK,,-3.00899672180232,5.04314336919025,53.2247823454321,Kenward-Roger,"",-3.19954010082785,TRUE,62,62,16,5,FALSE,TRUE,""
COOKIE-CAT-DC60-POOL,ESTIMATION_ONLY,COOKIE-CAT,POOL,B6,4,FALSE,y ~ Batch + g_RS + (1 | CageEpisodeID),g_RS,TRUE,OK,,-4.31466336613152,4.66895986518646,56.7376802591478,Kenward-Roger,"",-3.19954010082785,TRUE,62,62,16,5,FALSE,TRUE,""
