exemplar,GO_ID,dataset,spatial_unit,rank,running_ES,hit,peak,GO_description,NES,BH_FDR,selection_rule
3,GO:0006119,microglia,CA1,1,-1.9864918553833e-4,FALSE,FALSE,oxidative phosphorylation,-2.11097705826318,5.75222270996947e-5,manuscript-fixed programme/location/constituent-term exemplar
3,GO:0006119,microglia,CA1,2,-3.9729837107667e-4,FALSE,FALSE,oxidative phosphorylation,-2.11097705826318,5.75222270996947e-5,manuscript-fixed programme/location/constituent-term exemplar
3,GO:0006119,microglia,CA1,3,-5.9594755661501e-4,FALSE,FALSE,oxidative phosphorylation,-2.11097705826318,5.75222270996947e-5,manuscript-fixed programme/location/constituent-term exemplar
3,GO:0006119,microglia,CA1,4,-7.9459674215335e-4,FALSE,FALSE,oxidative phosphorylation,-2.11097705826318,5.75222270996947e-5,manuscript-fixed programme/location/constituent-term exemplar
3,GO:0006119,microglia,CA1,5,-9.9324592769169e-4,FALSE,FALSE,oxidative phosphorylation,-2.11097705826318,5.75222270996947e-5,manuscript-fixed programme/location/constituent-term exemplar
3,GO:0006119,microglia,CA1,6,-0.00119189511323004,FALSE,FALSE,oxidative phosphorylation,-2.11097705826318,5.75222270996947e-5,manuscript-fixed programme/location/constituent-term exemplar
3,GO:0006119,microglia,CA1,7,-0.00139054429876838,FALSE,FALSE,oxidative phosphorylation,-2.11097705826318,5.75222270996947e-5,manuscript-fixed programme/location/constituent-term exemplar
3,GO:0006119,microglia,CA1,8,-0.00158919348430671,FALSE,FALSE,oxidative phosphorylation,-2.11097705826318,5.75222270996947e-5,manuscript-fixed programme/location/constituent-term exemplar
3,GO:0006119,microglia,CA1,9,-0.00178784266984505,FALSE,FALSE,oxidative phosphorylation,-2.11097705826318,5.75222270996947e-5,manuscript-fixed programme/location/constituent-term exemplar
3,GO:0006119,microglia,CA1,10,-0.00198649185538339,FALSE,FALSE,oxidative phosphorylation,-2.11097705826318,5.75222270996947e-5,manuscript-fixed programme/location/constituent-term exemplar
3,GO:0006119,microglia,CA1,11,-0.00218514104092173,FALSE,FALSE,oxidative phosphorylation,-2.11097705826318,5.75222270996947e-5,manuscript-fixed programme/location/constituent-term exemplar
3,GO:0006119,microglia,CA1,12,-0.00238379022646007,FALSE,FALSE,oxidative phosphorylation,-2.11097705826318,5.75222270996947e-5,manuscript-fixed programme/location/constituent-term exemplar
3,GO:0006119,microglia,CA1,13,-0.00258243941199841,FALSE,FALSE,oxidative phosphorylation,-2.11097705826318,5.75222270996947e-5,manuscript-fixed programme/location/constituent-term exemplar
3,GO:0006119,microglia,CA1,14,-0.00278108859753675,FALSE,FALSE,oxidative phosphorylation,-2.11097705826318,5.75222270996947e-5,manuscript-fixed programme/location/constituent-term exemplar
3,GO:0006119,microglia,CA1,15,-0.00297973778307509,FALSE,FALSE,oxidative phosphorylation,-2.11097705826318,5.75222270996947e-5,manuscript-fixed programme/location/constituent-term exemplar
3,GO:0006119,microglia,CA1,16,-0.00317838696861343,FALSE,FALSE,oxidative phosphorylation,-2.11097705826318,5.75222270996947e-5,manuscript-fixed programme/location/constituent-term exemplar
3,GO:0006119,microglia,CA1,17,-0.00337703615415177,FALSE,FALSE,oxidative phosphorylation,-2.11097705826318,5.75222270996947e-5,manuscript-fixed programme/location/constituent-term exemplar
3,GO:0006119,microglia,CA1,18,-0.00357568533969011,FALSE,FALSE,oxidative phosphorylation,-2.11097705826318,5.75222270996947e-5,manuscript-fixed programme/location/constituent-term exemplar
3,GO:0006119,microglia,CA1,19,-0.00377433452522845,FALSE,FALSE,oxidative phosphorylation,-2.11097705826318,5.75222270996947e-5,manuscript-fixed programme/location/constituent-term exemplar
3,GO:0006119,microglia,CA1,20,-0.00397298371076679,FALSE,FALSE,oxidative phosphorylation,-2.11097705826318,5.75222270996947e-5,manuscript-fixed programme/location/constituent-term exemplar
3,GO:0006119,microglia,CA1,21,-0.00417163289630513,FALSE,FALSE,oxidative phosphorylation,-2.11097705826318,5.75222270996947e-5,manuscript-fixed programme/location/constituent-term exemplar
3,GO:0006119,microglia,CA1,22,-0.00437028208184346,FALSE,FALSE,oxidative phosphorylation,-2.11097705826318,5.75222270996947e-5,manuscript-fixed programme/location/constituent-term exemplar
3,GO:0006119,microglia,CA1,23,-0.0045689312673818,FALSE,FALSE,oxidative phosphorylation,-2.11097705826318,5.75222270996947e-5,manuscript-fixed programme/location/constituent-term exemplar
3,GO:0006119,microglia,CA1,24,-0.00476758045292014,FALSE,FALSE,oxidative phosphorylation,-2.11097705826318,5.75222270996947e-5,manuscript-fixed programme/location/constituent-term exemplar
3,GO:0006119,microglia,CA1,25,-0.00496622963845848,FALSE,FALSE,oxidative phosphorylation,-2.11097705826318,5.75222270996947e-5,manuscript-fixed programme/location/constituent-term exemplar
3,GO:0006119,microglia,CA1,26,-0.00516487882399682,FALSE,FALSE,oxidative phosphorylation,-2.11097705826318,5.75222270996947e-5,manuscript-fixed programme/location/constituent-term exemplar
3,GO:0006119,microglia,CA1,27,-0.00536352800953516,FALSE,FALSE,oxidative phosphorylation,-2.11097705826318,5.75222270996947e-5,manuscript-fixed programme/location/constituent-term exemplar
3,GO:0006119,microglia,CA1,28,-0.0055621771950735,FALSE,FALSE,oxidative phosphorylation,-2.11097705826318,5.75222270996947e-5,manuscript-fixed programme/location/constituent-term exemplar
3,GO:0006119,microglia,CA1,29,-0.00576082638061184,FALSE,FALSE,oxidative phosphorylation,-2.11097705826318,5.75222270996947e-5,manuscript-fixed programme/location/constituent-term exemplar
3,GO:0006119,microglia,CA1,30,-0.00595947556615018,FALSE,FALSE,oxidative phosphorylation,-2.11097705826318,5.75222270996947e-5,manuscript-fixed programme/location/constituent-term exemplar
3,GO:0006119,microglia,CA1,31,-0.00615812475168852,FALSE,FALSE,oxidative phosphorylation,-2.11097705826318,5.75222270996947e-5,manuscript-fixed programme/location/constituent-term exemplar
3,GO:0006119,microglia,CA1,32,-0.00635677393722686,FALSE,FALSE,oxidative phosphorylation,-2.11097705826318,5.75222270996947e-5,manuscript-fixed programme/location/constituent-term exemplar
3,GO:0006119,microglia,CA1,33,-0.0065554231227652,FALSE,FALSE,oxidative phosphorylation,-2.11097705826318,5.75222270996947e-5,manuscript-fixed programme/location/constituent-term exemplar
3,GO:0006119,microglia,CA1,34,-0.00675407230830354,FALSE,FALSE,oxidative phosphorylation,-2.11097705826318,5.75222270996947e-5,manuscript-fixed programme/location/constituent-term exemplar
3,GO:0006119,microglia,CA1,35,-0.00695272149384188,FALSE,FALSE,oxidative phosphorylation,-2.11097705826318,5.75222270996947e-5,manuscript-fixed programme/location/constituent-term exemplar
3,GO:0006119,microglia,CA1,36,-0.00715137067938021,FALSE,FALSE,oxidative phosphorylation,-2.11097705826318,5.75222270996947e-5,manuscript-fixed programme/location/constituent-term exemplar
3,GO:0006119,microglia,CA1,37,-0.00735001986491855,FALSE,FALSE,oxidative phosphorylation,-2.11097705826318,5.75222270996947e-5,manuscript-fixed programme/location/constituent-term exemplar
3,GO:0006119,microglia,CA1,38,-0.00754866905045689,FALSE,FALSE,oxidative phosphorylation,-2.11097705826318,5.75222270996947e-5,manuscript-fixed programme/location/constituent-term exemplar
3,GO:0006119,microglia,CA1,39,-0.00774731823599523,FALSE,FALSE,oxidative phosphorylation,-2.11097705826318,5.75222270996947e-5,manuscript-fixed programme/location/constituent-term exemplar
3,GO:0006119,microglia,CA1,40,-0.00794596742153357,FALSE,FALSE,oxidative phosphorylation,-2.11097705826318,5.75222270996947e-5,manuscript-fixed programme/location/constituent-term exemplar
3,GO:0006119,microglia,CA1,41,-0.00814461660707191,FALSE,FALSE,oxidative phosphorylation,-2.11097705826318,5.75222270996947e-5,manuscript-fixed programme/location/constituent-term exemplar
3,GO:0006119,microglia,CA1,42,-0.00834326579261025,FALSE,FALSE,oxidative phosphorylation,-2.11097705826318,5.75222270996947e-5,manuscript-fixed programme/location/constituent-term exemplar
3,GO:0006119,microglia,CA1,43,-0.00854191497814859,FALSE,FALSE,oxidative phosphorylation,-2.11097705826318,5.75222270996947e-5,manuscript-fixed programme/location/constituent-term exemplar
3,GO:0006119,microglia,CA1,44,-0.00874056416368693,FALSE,FALSE,oxidative phosphorylation,-2.11097705826318,5.75222270996947e-5,manuscript-fixed programme/location/constituent-term exemplar
3,GO:0006119,microglia,CA1,45,-0.00893921334922527,FALSE,FALSE,oxidative phosphorylation,-2.11097705826318,5.75222270996947e-5,manuscript-fixed programme/location/constituent-term exemplar
3,GO:0006119,microglia,CA1,46,-0.00913786253476361,FALSE,FALSE,oxidative phosphorylation,-2.11097705826318,5.75222270996947e-5,manuscript-fixed programme/location/constituent-term exemplar
3,GO:0006119,microglia,CA1,47,-0.00933651172030195,FALSE,FALSE,oxidative phosphorylation,-2.11097705826318,5.75222270996947e-5,manuscript-fixed programme/location/constituent-term exemplar
3,GO:0006119,microglia,CA1,48,-0.00953516090584029,FALSE,FALSE,oxidative phosphorylation,-2.11097705826318,5.75222270996947e-5,manuscript-fixed programme/location/constituent-term exemplar
3,GO:0006119,microglia,CA1,49,-0.00973381009137863,FALSE,FALSE,oxidative phosphorylation,-2.11097705826318,5.75222270996947e-5,manuscript-fixed programme/location/constituent-term exemplar
3,GO:0006119,microglia,CA1,50,-0.00993245927691696,FALSE,FALSE,oxidative phosphorylation,-2.11097705826318,5.75222270996947e-5,manuscript-fixed programme/location/constituent-term exemplar
3,GO:0006119,microglia,CA1,51,-0.0101311084624553,FALSE,FALSE,oxidative phosphorylation,-2.11097705826318,5.75222270996947e-5,manuscript-fixed programme/location/constituent-term exemplar
3,GO:0006119,microglia,CA1,52,-0.0103297576479936,FALSE,FALSE,oxidative phosphorylation,-2.11097705826318,5.75222270996947e-5,manuscript-fixed programme/location/constituent-term exemplar
3,GO:0006119,microglia,CA1,53,-0.010528406833532,FALSE,FALSE,oxidative phosphorylation,-2.11097705826318,5.75222270996947e-5,manuscript-fixed programme/location/constituent-term exemplar
3,GO:0006119,microglia,CA1,54,-0.0107270560190703,FALSE,FALSE,oxidative phosphorylation,-2.11097705826318,5.75222270996947e-5,manuscript-fixed programme/location/constituent-term exemplar
3,GO:0006119,microglia,CA1,55,-0.0109257052046087,FALSE,FALSE,oxidative phosphorylation,-2.11097705826318,5.75222270996947e-5,manuscript-fixed programme/location/constituent-term exemplar
3,GO:0006119,microglia,CA1,56,-0.011124354390147,FALSE,FALSE,oxidative phosphorylation,-2.11097705826318,5.75222270996947e-5,manuscript-fixed programme/location/constituent-term exemplar
3,GO:0006119,microglia,CA1,57,-0.0113230035756853,FALSE,FALSE,oxidative phosphorylation,-2.11097705826318,5.75222270996947e-5,manuscript-fixed programme/location/constituent-term exemplar
3,GO:0006119,microglia,CA1,58,-0.0115216527612237,FALSE,FALSE,oxidative phosphorylation,-2.11097705826318,5.75222270996947e-5,manuscript-fixed programme/location/constituent-term exemplar
3,GO:0006119,microglia,CA1,59,-0.011720301946762,FALSE,FALSE,oxidative phosphorylation,-2.11097705826318,5.75222270996947e-5,manuscript-fixed programme/location/constituent-term exemplar
3,GO:0006119,microglia,CA1,60,-0.0119189511323004,FALSE,FALSE,oxidative phosphorylation,-2.11097705826318,5.75222270996947e-5,manuscript-fixed programme/location/constituent-term exemplar
3,GO:0006119,microglia,CA1,61,-0.0121176003178387,FALSE,FALSE,oxidative phosphorylation,-2.11097705826318,5.75222270996947e-5,manuscript-fixed programme/location/constituent-term exemplar
3,GO:0006119,microglia,CA1,62,-0.012316249503377,FALSE,FALSE,oxidative phosphorylation,-2.11097705826318,5.75222270996947e-5,manuscript-fixed programme/location/constituent-term exemplar
3,GO:0006119,microglia,CA1,63,-0.0125148986889154,FALSE,FALSE,oxidative phosphorylation,-2.11097705826318,5.75222270996947e-5,manuscript-fixed programme/location/constituent-term exemplar
3,GO:0006119,microglia,CA1,64,-0.0127135478744537,FALSE,FALSE,oxidative phosphorylation,-2.11097705826318,5.75222270996947e-5,manuscript-fixed programme/location/constituent-term exemplar
3,GO:0006119,microglia,CA1,65,-0.0129121970599921,FALSE,FALSE,oxidative phosphorylation,-2.11097705826318,5.75222270996947e-5,manuscript-fixed programme/location/constituent-term exemplar
3,GO:0006119,microglia,CA1,66,-0.0131108462455304,FALSE,FALSE,oxidative phosphorylation,-2.11097705826318,5.75222270996947e-5,manuscript-fixed programme/location/constituent-term exemplar
3,GO:0006119,microglia,CA1,67,-0.0133094954310687,FALSE,FALSE,oxidative phosphorylation,-2.11097705826318,5.75222270996947e-5,manuscript-fixed programme/location/constituent-term exemplar
3,GO:0006119,microglia,CA1,68,-0.0135081446166071,FALSE,FALSE,oxidative phosphorylation,-2.11097705826318,5.75222270996947e-5,manuscript-fixed programme/location/constituent-term exemplar
3,GO:0006119,microglia,CA1,69,-0.0137067938021454,FALSE,FALSE,oxidative phosphorylation,-2.11097705826318,5.75222270996947e-5,manuscript-fixed programme/location/constituent-term exemplar
3,GO:0006119,microglia,CA1,70,-0.0139054429876838,FALSE,FALSE,oxidative phosphorylation,-2.11097705826318,5.75222270996947e-5,manuscript-fixed programme/location/constituent-term exemplar
3,GO:0006119,microglia,CA1,71,-0.0141040921732221,FALSE,FALSE,oxidative phosphorylation,-2.11097705826318,5.75222270996947e-5,manuscript-fixed programme/location/constituent-term exemplar
3,GO:0006119,microglia,CA1,72,-0.0143027413587604,FALSE,FALSE,oxidative phosphorylation,-2.11097705826318,5.75222270996947e-5,manuscript-fixed programme/location/constituent-term exemplar
3,GO:0006119,microglia,CA1,73,-0.0145013905442988,FALSE,FALSE,oxidative phosphorylation,-2.11097705826318,5.75222270996947e-5,manuscript-fixed programme/location/constituent-term exemplar
3,GO:0006119,microglia,CA1,74,-0.0147000397298371,FALSE,FALSE,oxidative phosphorylation,-2.11097705826318,5.75222270996947e-5,manuscript-fixed programme/location/constituent-term exemplar
3,GO:0006119,microglia,CA1,75,-0.0148986889153754,FALSE,FALSE,oxidative phosphorylation,-2.11097705826318,5.75222270996947e-5,manuscript-fixed programme/location/constituent-term exemplar
3,GO:0006119,microglia,CA1,76,-0.0150973381009138,FALSE,FALSE,oxidative phosphorylation,-2.11097705826318,5.75222270996947e-5,manuscript-fixed programme/location/constituent-term exemplar
3,GO:0006119,microglia,CA1,77,-0.0152959872864521,FALSE,FALSE,oxidative phosphorylation,-2.11097705826318,5.75222270996947e-5,manuscript-fixed programme/location/constituent-term exemplar
3,GO:0006119,microglia,CA1,78,-0.0154946364719905,FALSE,FALSE,oxidative phosphorylation,-2.11097705826318,5.75222270996947e-5,manuscript-fixed programme/location/constituent-term exemplar
3,GO:0006119,microglia,CA1,79,-0.0156932856575288,FALSE,FALSE,oxidative phosphorylation,-2.11097705826318,5.75222270996947e-5,manuscript-fixed programme/location/constituent-term exemplar
3,GO:0006119,microglia,CA1,80,-0.0158919348430671,FALSE,FALSE,oxidative phosphorylation,-2.11097705826318,5.75222270996947e-5,manuscript-fixed programme/location/constituent-term exemplar
3,GO:0006119,microglia,CA1,81,-0.0160905840286055,FALSE,FALSE,oxidative phosphorylation,-2.11097705826318,5.75222270996947e-5,manuscript-fixed programme/location/constituent-term exemplar
3,GO:0006119,microglia,CA1,82,-0.0162892332141438,FALSE,FALSE,oxidative phosphorylation,-2.11097705826318,5.75222270996947e-5,manuscript-fixed programme/location/constituent-term exemplar
3,GO:0006119,microglia,CA1,83,-0.0164878823996822,FALSE,FALSE,oxidative phosphorylation,-2.11097705826318,5.75222270996947e-5,manuscript-fixed programme/location/constituent-term exemplar
3,GO:0006119,microglia,CA1,84,-0.0166865315852205,FALSE,FALSE,oxidative phosphorylation,-2.11097705826318,5.75222270996947e-5,manuscript-fixed programme/location/constituent-term exemplar
3,GO:0006119,microglia,CA1,85,-0.0168851807707588,FALSE,FALSE,oxidative phosphorylation,-2.11097705826318,5.75222270996947e-5,manuscript-fixed programme/location/constituent-term exemplar
3,GO:0006119,microglia,CA1,86,-0.0170838299562972,FALSE,FALSE,oxidative phosphorylation,-2.11097705826318,5.75222270996947e-5,manuscript-fixed programme/location/constituent-term exemplar
3,GO:0006119,microglia,CA1,87,-0.0172824791418355,FALSE,FALSE,oxidative phosphorylation,-2.11097705826318,5.75222270996947e-5,manuscript-fixed programme/location/constituent-term exemplar
3,GO:0006119,microglia,CA1,88,-0.0174811283273739,FALSE,FALSE,oxidative phosphorylation,-2.11097705826318,5.75222270996947e-5,manuscript-fixed programme/location/constituent-term exemplar
3,GO:0006119,microglia,CA1,89,-0.0176797775129122,FALSE,FALSE,oxidative phosphorylation,-2.11097705826318,5.75222270996947e-5,manuscript-fixed programme/location/constituent-term exemplar
3,GO:0006119,microglia,CA1,90,-0.0178784266984505,FALSE,FALSE,oxidative phosphorylation,-2.11097705826318,5.75222270996947e-5,manuscript-fixed programme/location/constituent-term exemplar
3,GO:0006119,microglia,CA1,91,-0.0180770758839889,FALSE,FALSE,oxidative phosphorylation,-2.11097705826318,5.75222270996947e-5,manuscript-fixed programme/location/constituent-term exemplar
3,GO:0006119,microglia,CA1,92,-0.0182757250695272,FALSE,FALSE,oxidative phosphorylation,-2.11097705826318,5.75222270996947e-5,manuscript-fixed programme/location/constituent-term exemplar
3,GO:0006119,microglia,CA1,93,-0.0184743742550656,FALSE,FALSE,oxidative phosphorylation,-2.11097705826318,5.75222270996947e-5,manuscript-fixed programme/location/constituent-term exemplar
3,GO:0006119,microglia,CA1,94,-0.0186730234406039,FALSE,FALSE,oxidative phosphorylation,-2.11097705826318,5.75222270996947e-5,manuscript-fixed programme/location/constituent-term exemplar
3,GO:0006119,microglia,CA1,95,-0.0188716726261422,FALSE,FALSE,oxidative phosphorylation,-2.11097705826318,5.75222270996947e-5,manuscript-fixed programme/location/constituent-term exemplar
3,GO:0006119,microglia,CA1,96,-0.0190703218116806,FALSE,FALSE,oxidative phosphorylation,-2.11097705826318,5.75222270996947e-5,manuscript-fixed programme/location/constituent-term exemplar
3,GO:0006119,microglia,CA1,97,-0.0192689709972189,FALSE,FALSE,oxidative phosphorylation,-2.11097705826318,5.75222270996947e-5,manuscript-fixed programme/location/constituent-term exemplar
3,GO:0006119,microglia,CA1,98,-0.0194676201827573,FALSE,FALSE,oxidative phosphorylation,-2.11097705826318,5.75222270996947e-5,manuscript-fixed programme/location/constituent-term exemplar
3,GO:0006119,microglia,CA1,99,-0.0196662693682956,FALSE,FALSE,oxidative phosphorylation,-2.11097705826318,5.75222270996947e-5,manuscript-fixed programme/location/constituent-term exemplar
3,GO:0006119,microglia,CA1,100,-0.0198649185538339,FALSE,FALSE,oxidative phosphorylation,-2.11097705826318,5.75222270996947e-5,manuscript-fixed programme/location/constituent-term exemplar
3,GO:0006119,microglia,CA1,101,-0.0200635677393723,FALSE,FALSE,oxidative phosphorylation,-2.11097705826318,5.75222270996947e-5,manuscript-fixed programme/location/constituent-term exemplar
3,GO:0006119,microglia,CA1,102,-0.0202622169249106,FALSE,FALSE,oxidative phosphorylation,-2.11097705826318,5.75222270996947e-5,manuscript-fixed programme/location/constituent-term exemplar
3,GO:0006119,microglia,CA1,103,-0.0204608661104489,FALSE,FALSE,oxidative phosphorylation,-2.11097705826318,5.75222270996947e-5,manuscript-fixed programme/location/constituent-term exemplar
3,GO:0006119,microglia,CA1,104,-0.0206595152959873,FALSE,FALSE,oxidative phosphorylation,-2.11097705826318,5.75222270996947e-5,manuscript-fixed programme/location/constituent-term exemplar
3,GO:0006119,microglia,CA1,105,-0.0208581644815256,FALSE,FALSE,oxidative phosphorylation,-2.11097705826318,5.75222270996947e-5,manuscript-fixed programme/location/constituent-term exemplar
3,GO:0006119,microglia,CA1,106,-0.021056813667064,FALSE,FALSE,oxidative phosphorylation,-2.11097705826318,5.75222270996947e-5,manuscript-fixed programme/location/constituent-term exemplar
3,GO:0006119,microglia,CA1,107,-0.0212554628526023,FALSE,FALSE,oxidative phosphorylation,-2.11097705826318,5.75222270996947e-5,manuscript-fixed programme/location/constituent-term exemplar
3,GO:0006119,microglia,CA1,108,-0.0214541120381406,FALSE,FALSE,oxidative phosphorylation,-2.11097705826318,5.75222270996947e-5,manuscript-fixed programme/location/constituent-term exemplar
3,GO:0006119,microglia,CA1,109,-0.021652761223679,FALSE,FALSE,oxidative phosphorylation,-2.11097705826318,5.75222270996947e-5,manuscript-fixed programme/location/constituent-term exemplar
3,GO:0006119,microglia,CA1,110,-0.0218514104092173,FALSE,FALSE,oxidative phosphorylation,-2.11097705826318,5.75222270996947e-5,manuscript-fixed programme/location/constituent-term exemplar
3,GO:0006119,microglia,CA1,111,-0.0220500595947557,FALSE,FALSE,oxidative phosphorylation,-2.11097705826318,5.75222270996947e-5,manuscript-fixed programme/location/constituent-term exemplar
3,GO:0006119,microglia,CA1,112,-0.022248708780294,FALSE,FALSE,oxidative phosphorylation,-2.11097705826318,5.75222270996947e-5,manuscript-fixed programme/location/constituent-term exemplar
3,GO:0006119,microglia,CA1,113,-0.0224473579658323,FALSE,FALSE,oxidative phosphorylation,-2.11097705826318,5.75222270996947e-5,manuscript-fixed programme/location/constituent-term exemplar
3,GO:0006119,microglia,CA1,114,-0.0226460071513707,FALSE,FALSE,oxidative phosphorylation,-2.11097705826318,5.75222270996947e-5,manuscript-fixed programme/location/constituent-term exemplar
3,GO:0006119,microglia,CA1,115,-0.022844656336909,FALSE,FALSE,oxidative phosphorylation,-2.11097705826318,5.75222270996947e-5,manuscript-fixed programme/location/constituent-term exemplar
3,GO:0006119,microglia,CA1,116,-0.0230433055224474,FALSE,FALSE,oxidative phosphorylation,-2.11097705826318,5.75222270996947e-5,manuscript-fixed programme/location/constituent-term exemplar
3,GO:0006119,microglia,CA1,117,-0.0232419547079857,FALSE,FALSE,oxidative phosphorylation,-2.11097705826318,5.75222270996947e-5,manuscript-fixed programme/location/constituent-term exemplar
3,GO:0006119,microglia,CA1,118,-0.023440603893524,FALSE,FALSE,oxidative phosphorylation,-2.11097705826318,5.75222270996947e-5,manuscript-fixed programme/location/constituent-term exemplar
3,GO:0006119,microglia,CA1,119,-0.0236392530790624,FALSE,FALSE,oxidative phosphorylation,-2.11097705826318,5.75222270996947e-5,manuscript-fixed programme/location/constituent-term exemplar
3,GO:0006119,microglia,CA1,120,-0.0238379022646007,FALSE,FALSE,oxidative phosphorylation,-2.11097705826318,5.75222270996947e-5,manuscript-fixed programme/location/constituent-term exemplar
3,GO:0006119,microglia,CA1,121,-0.0240365514501391,FALSE,FALSE,oxidative phosphorylation,-2.11097705826318,5.75222270996947e-5,manuscript-fixed programme/location/constituent-term exemplar
3,GO:0006119,microglia,CA1,122,-0.0242352006356774,FALSE,FALSE,oxidative phosphorylation,-2.11097705826318,5.75222270996947e-5,manuscript-fixed programme/location/constituent-term exemplar
3,GO:0006119,microglia,CA1,123,-0.0244338498212157,FALSE,FALSE,oxidative phosphorylation,-2.11097705826318,5.75222270996947e-5,manuscript-fixed programme/location/constituent-term exemplar
3,GO:0006119,microglia,CA1,124,-0.0246324990067541,FALSE,FALSE,oxidative phosphorylation,-2.11097705826318,5.75222270996947e-5,manuscript-fixed programme/location/constituent-term exemplar
3,GO:0006119,microglia,CA1,125,-0.0248311481922924,FALSE,FALSE,oxidative phosphorylation,-2.11097705826318,5.75222270996947e-5,manuscript-fixed programme/location/constituent-term exemplar
3,GO:0006119,microglia,CA1,126,-0.0250297973778308,FALSE,FALSE,oxidative phosphorylation,-2.11097705826318,5.75222270996947e-5,manuscript-fixed programme/location/constituent-term exemplar
3,GO:0006119,microglia,CA1,127,-0.0252284465633691,FALSE,FALSE,oxidative phosphorylation,-2.11097705826318,5.75222270996947e-5,manuscript-fixed programme/location/constituent-term exemplar
3,GO:0006119,microglia,CA1,128,-0.0254270957489074,FALSE,FALSE,oxidative phosphorylation,-2.11097705826318,5.75222270996947e-5,manuscript-fixed programme/location/constituent-term exemplar
3,GO:0006119,microglia,CA1,129,-0.0256257449344458,FALSE,FALSE,oxidative phosphorylation,-2.11097705826318,5.75222270996947e-5,manuscript-fixed programme/location/constituent-term exemplar
3,GO:0006119,microglia,CA1,130,-0.0258243941199841,FALSE,FALSE,oxidative phosphorylation,-2.11097705826318,5.75222270996947e-5,manuscript-fixed programme/location/constituent-term exemplar
3,GO:0006119,microglia,CA1,131,-0.0260230433055224,FALSE,FALSE,oxidative phosphorylation,-2.11097705826318,5.75222270996947e-5,manuscript-fixed programme/location/constituent-term exemplar
3,GO:0006119,microglia,CA1,132,-0.0262216924910608,FALSE,FALSE,oxidative phosphorylation,-2.11097705826318,5.75222270996947e-5,manuscript-fixed programme/location/constituent-term exemplar
3,GO:0006119,microglia,CA1,133,-0.0264203416765991,FALSE,FALSE,oxidative phosphorylation,-2.11097705826318,5.75222270996947e-5,manuscript-fixed programme/location/constituent-term exemplar
3,GO:0006119,microglia,CA1,134,-0.0266189908621375,FALSE,FALSE,oxidative phosphorylation,-2.11097705826318,5.75222270996947e-5,manuscript-fixed programme/location/constituent-term exemplar
3,GO:0006119,microglia,CA1,135,-0.0268176400476758,FALSE,FALSE,oxidative phosphorylation,-2.11097705826318,5.75222270996947e-5,manuscript-fixed programme/location/constituent-term exemplar
3,GO:0006119,microglia,CA1,136,-0.0270162892332141,FALSE,FALSE,oxidative phosphorylation,-2.11097705826318,5.75222270996947e-5,manuscript-fixed programme/location/constituent-term exemplar
3,GO:0006119,microglia,CA1,137,-0.0272149384187525,FALSE,FALSE,oxidative phosphorylation,-2.11097705826318,5.75222270996947e-5,manuscript-fixed programme/location/constituent-term exemplar
3,GO:0006119,microglia,CA1,138,-0.0274135876042908,FALSE,FALSE,oxidative phosphorylation,-2.11097705826318,5.75222270996947e-5,manuscript-fixed programme/location/constituent-term exemplar
3,GO:0006119,microglia,CA1,139,-0.0276122367898292,FALSE,FALSE,oxidative phosphorylation,-2.11097705826318,5.75222270996947e-5,manuscript-fixed programme/location/constituent-term exemplar
3,GO:0006119,microglia,CA1,140,-0.0278108859753675,FALSE,FALSE,oxidative phosphorylation,-2.11097705826318,5.75222270996947e-5,manuscript-fixed programme/location/constituent-term exemplar
3,GO:0006119,microglia,CA1,141,-0.0280095351609058,FALSE,FALSE,oxidative phosphorylation,-2.11097705826318,5.75222270996947e-5,manuscript-fixed programme/location/constituent-term exemplar
3,GO:0006119,microglia,CA1,142,-0.0282081843464442,FALSE,FALSE,oxidative phosphorylation,-2.11097705826318,5.75222270996947e-5,manuscript-fixed programme/location/constituent-term exemplar
3,GO:0006119,microglia,CA1,143,-0.0284068335319825,FALSE,FALSE,oxidative phosphorylation,-2.11097705826318,5.75222270996947e-5,manuscript-fixed programme/location/constituent-term exemplar
3,GO:0006119,microglia,CA1,144,-0.0286054827175209,FALSE,FALSE,oxidative phosphorylation,-2.11097705826318,5.75222270996947e-5,manuscript-fixed programme/location/constituent-term exemplar
3,GO:0006119,microglia,CA1,145,-0.0288041319030592,FALSE,FALSE,oxidative phosphorylation,-2.11097705826318,5.75222270996947e-5,manuscript-fixed programme/location/constituent-term exemplar
3,GO:0006119,microglia,CA1,146,-0.0290027810885975,FALSE,FALSE,oxidative phosphorylation,-2.11097705826318,5.75222270996947e-5,manuscript-fixed programme/location/constituent-term exemplar
3,GO:0006119,microglia,CA1,147,-0.0292014302741359,FALSE,FALSE,oxidative phosphorylation,-2.11097705826318,5.75222270996947e-5,manuscript-fixed programme/location/constituent-term exemplar
3,GO:0006119,microglia,CA1,148,-0.0294000794596742,FALSE,FALSE,oxidative phosphorylation,-2.11097705826318,5.75222270996947e-5,manuscript-fixed programme/location/constituent-term exemplar
3,GO:0006119,microglia,CA1,149,-0.0295987286452126,FALSE,FALSE,oxidative phosphorylation,-2.11097705826318,5.75222270996947e-5,manuscript-fixed programme/location/constituent-term exemplar
3,GO:0006119,microglia,CA1,150,-0.0297973778307509,FALSE,FALSE,oxidative phosphorylation,-2.11097705826318,5.75222270996947e-5,manuscript-fixed programme/location/constituent-term exemplar
3,GO:0006119,microglia,CA1,151,-0.0299960270162892,FALSE,FALSE,oxidative phosphorylation,-2.11097705826318,5.75222270996947e-5,manuscript-fixed programme/location/constituent-term exemplar
3,GO:0006119,microglia,CA1,152,-0.0301946762018276,FALSE,FALSE,oxidative phosphorylation,-2.11097705826318,5.75222270996947e-5,manuscript-fixed programme/location/constituent-term exemplar
3,GO:0006119,microglia,CA1,153,-0.0303933253873659,FALSE,FALSE,oxidative phosphorylation,-2.11097705826318,5.75222270996947e-5,manuscript-fixed programme/location/constituent-term exemplar
3,GO:0006119,microglia,CA1,154,-0.0305919745729042,FALSE,FALSE,oxidative phosphorylation,-2.11097705826318,5.75222270996947e-5,manuscript-fixed programme/location/constituent-term exemplar
3,GO:0006119,microglia,CA1,155,-0.0307906237584426,FALSE,FALSE,oxidative phosphorylation,-2.11097705826318,5.75222270996947e-5,manuscript-fixed programme/location/constituent-term exemplar
3,GO:0006119,microglia,CA1,156,-0.0309892729439809,FALSE,FALSE,oxidative phosphorylation,-2.11097705826318,5.75222270996947e-5,manuscript-fixed programme/location/constituent-term exemplar
3,GO:0006119,microglia,CA1,157,-0.0311879221295193,FALSE,FALSE,oxidative phosphorylation,-2.11097705826318,5.75222270996947e-5,manuscript-fixed programme/location/constituent-term exemplar
3,GO:0006119,microglia,CA1,158,-0.0313865713150576,FALSE,FALSE,oxidative phosphorylation,-2.11097705826318,5.75222270996947e-5,manuscript-fixed programme/location/constituent-term exemplar
3,GO:0006119,microglia,CA1,159,-0.031585220500596,FALSE,FALSE,oxidative phosphorylation,-2.11097705826318,5.75222270996947e-5,manuscript-fixed programme/location/constituent-term exemplar
3,GO:0006119,microglia,CA1,160,-0.0317838696861343,FALSE,FALSE,oxidative phosphorylation,-2.11097705826318,5.75222270996947e-5,manuscript-fixed programme/location/constituent-term exemplar
3,GO:0006119,microglia,CA1,161,-0.0319825188716726,FALSE,FALSE,oxidative phosphorylation,-2.11097705826318,5.75222270996947e-5,manuscript-fixed programme/location/constituent-term exemplar
3,GO:0006119,microglia,CA1,162,-0.032181168057211,FALSE,FALSE,oxidative phosphorylation,-2.11097705826318,5.75222270996947e-5,manuscript-fixed programme/location/constituent-term exemplar
3,GO:0006119,microglia,CA1,163,-0.0323798172427493,FALSE,FALSE,oxidative phosphorylation,-2.11097705826318,5.75222270996947e-5,manuscript-fixed programme/location/constituent-term exemplar
3,GO:0006119,microglia,CA1,164,-0.0325784664282876,FALSE,FALSE,oxidative phosphorylation,-2.11097705826318,5.75222270996947e-5,manuscript-fixed programme/location/constituent-term exemplar
3,GO:0006119,microglia,CA1,165,-0.032777115613826,FALSE,FALSE,oxidative phosphorylation,-2.11097705826318,5.75222270996947e-5,manuscript-fixed programme/location/constituent-term exemplar
3,GO:0006119,microglia,CA1,166,-0.0329757647993643,FALSE,FALSE,oxidative phosphorylation,-2.11097705826318,5.75222270996947e-5,manuscript-fixed programme/location/constituent-term exemplar
3,GO:0006119,microglia,CA1,167,-0.0331744139849027,FALSE,FALSE,oxidative phosphorylation,-2.11097705826318,5.75222270996947e-5,manuscript-fixed programme/location/constituent-term exemplar
3,GO:0006119,microglia,CA1,168,-0.033373063170441,FALSE,FALSE,oxidative phosphorylation,-2.11097705826318,5.75222270996947e-5,manuscript-fixed programme/location/constituent-term exemplar
3,GO:0006119,microglia,CA1,169,-0.0335717123559793,FALSE,FALSE,oxidative phosphorylation,-2.11097705826318,5.75222270996947e-5,manuscript-fixed programme/location/constituent-term exemplar
3,GO:0006119,microglia,CA1,170,-0.0337703615415177,FALSE,FALSE,oxidative phosphorylation,-2.11097705826318,5.75222270996947e-5,manuscript-fixed programme/location/constituent-term exemplar
3,GO:0006119,microglia,CA1,171,-0.033969010727056,FALSE,FALSE,oxidative phosphorylation,-2.11097705826318,5.75222270996947e-5,manuscript-fixed programme/location/constituent-term exemplar
3,GO:0006119,microglia,CA1,172,-0.0341676599125944,FALSE,FALSE,oxidative phosphorylation,-2.11097705826318,5.75222270996947e-5,manuscript-fixed programme/location/constituent-term exemplar
3,GO:0006119,microglia,CA1,173,-0.0343663090981327,FALSE,FALSE,oxidative phosphorylation,-2.11097705826318,5.75222270996947e-5,manuscript-fixed programme/location/constituent-term exemplar
3,GO:0006119,microglia,CA1,174,-0.034564958283671,FALSE,FALSE,oxidative phosphorylation,-2.11097705826318,5.75222270996947e-5,manuscript-fixed programme/location/constituent-term exemplar
3,GO:0006119,microglia,CA1,175,-0.0347636074692094,FALSE,FALSE,oxidative phosphorylation,-2.11097705826318,5.75222270996947e-5,manuscript-fixed programme/location/constituent-term exemplar
3,GO:0006119,microglia,CA1,176,-0.0349622566547477,FALSE,FALSE,oxidative phosphorylation,-2.11097705826318,5.75222270996947e-5,manuscript-fixed programme/location/constituent-term exemplar
3,GO:0006119,microglia,CA1,177,-0.0351609058402861,FALSE,FALSE,oxidative phosphorylation,-2.11097705826318,5.75222270996947e-5,manuscript-fixed programme/location/constituent-term exemplar
3,GO:0006119,microglia,CA1,178,-0.0353595550258244,FALSE,FALSE,oxidative phosphorylation,-2.11097705826318,5.75222270996947e-5,manuscript-fixed programme/location/constituent-term exemplar
3,GO:0006119,microglia,CA1,179,-0.0355582042113627,FALSE,FALSE,oxidative phosphorylation,-2.11097705826318,5.75222270996947e-5,manuscript-fixed programme/location/constituent-term exemplar
3,GO:0006119,microglia,CA1,180,-0.0357568533969011,FALSE,FALSE,oxidative phosphorylation,-2.11097705826318,5.75222270996947e-5,manuscript-fixed programme/location/constituent-term exemplar
3,GO:0006119,microglia,CA1,181,-0.0359555025824394,FALSE,FALSE,oxidative phosphorylation,-2.11097705826318,5.75222270996947e-5,manuscript-fixed programme/location/constituent-term exemplar
3,GO:0006119,microglia,CA1,182,-0.0361541517679778,FALSE,FALSE,oxidative phosphorylation,-2.11097705826318,5.75222270996947e-5,manuscript-fixed programme/location/constituent-term exemplar
3,GO:0006119,microglia,CA1,183,-0.0363528009535161,FALSE,FALSE,oxidative phosphorylation,-2.11097705826318,5.75222270996947e-5,manuscript-fixed programme/location/constituent-term exemplar
3,GO:0006119,microglia,CA1,184,-0.0365514501390544,FALSE,FALSE,oxidative phosphorylation,-2.11097705826318,5.75222270996947e-5,manuscript-fixed programme/location/constituent-term exemplar
3,GO:0006119,microglia,CA1,185,-0.0367500993245928,FALSE,FALSE,oxidative phosphorylation,-2.11097705826318,5.75222270996947e-5,manuscript-fixed programme/location/constituent-term exemplar
3,GO:0006119,microglia,CA1,186,-0.0369487485101311,FALSE,FALSE,oxidative phosphorylation,-2.11097705826318,5.75222270996947e-5,manuscript-fixed programme/location/constituent-term exemplar
3,GO:0006119,microglia,CA1,187,-0.0371473976956694,FALSE,FALSE,oxidative phosphorylation,-2.11097705826318,5.75222270996947e-5,manuscript-fixed programme/location/constituent-term exemplar
3,GO:0006119,microglia,CA1,188,-0.0373460468812078,FALSE,FALSE,oxidative phosphorylation,-2.11097705826318,5.75222270996947e-5,manuscript-fixed programme/location/constituent-term exemplar
3,GO:0006119,microglia,CA1,189,-0.0375446960667461,FALSE,FALSE,oxidative phosphorylation,-2.11097705826318,5.75222270996947e-5,manuscript-fixed programme/location/constituent-term exemplar
3,GO:0006119,microglia,CA1,190,-0.0377433452522845,FALSE,FALSE,oxidative phosphorylation,-2.11097705826318,5.75222270996947e-5,manuscript-fixed programme/location/constituent-term exemplar
3,GO:0006119,microglia,CA1,191,-0.0379419944378228,FALSE,FALSE,oxidative phosphorylation,-2.11097705826318,5.75222270996947e-5,manuscript-fixed programme/location/constituent-term exemplar
3,GO:0006119,microglia,CA1,192,-0.0381406436233611,FALSE,FALSE,oxidative phosphorylation,-2.11097705826318,5.75222270996947e-5,manuscript-fixed programme/location/constituent-term exemplar
3,GO:0006119,microglia,CA1,193,-0.0383392928088995,FALSE,FALSE,oxidative phosphorylation,-2.11097705826318,5.75222270996947e-5,manuscript-fixed programme/location/constituent-term exemplar
3,GO:0006119,microglia,CA1,194,-0.0385379419944378,FALSE,FALSE,oxidative phosphorylation,-2.11097705826318,5.75222270996947e-5,manuscript-fixed programme/location/constituent-term exemplar
3,GO:0006119,microglia,CA1,195,-0.0387365911799762,FALSE,FALSE,oxidative phosphorylation,-2.11097705826318,5.75222270996947e-5,manuscript-fixed programme/location/constituent-term exemplar
3,GO:0006119,microglia,CA1,196,-0.0389352403655145,FALSE,FALSE,oxidative phosphorylation,-2.11097705826318,5.75222270996947e-5,manuscript-fixed programme/location/constituent-term exemplar
3,GO:0006119,microglia,CA1,197,-0.0391338895510528,FALSE,FALSE,oxidative phosphorylation,-2.11097705826318,5.75222270996947e-5,manuscript-fixed programme/location/constituent-term exemplar
3,GO:0006119,microglia,CA1,198,-0.0393325387365912,FALSE,FALSE,oxidative phosphorylation,-2.11097705826318,5.75222270996947e-5,manuscript-fixed programme/location/constituent-term exemplar
3,GO:0006119,microglia,CA1,199,-0.0395311879221295,FALSE,FALSE,oxidative phosphorylation,-2.11097705826318,5.75222270996947e-5,manuscript-fixed programme/location/constituent-term exemplar
3,GO:0006119,microglia,CA1,200,-0.0397298371076679,FALSE,FALSE,oxidative phosphorylation,-2.11097705826318,5.75222270996947e-5,manuscript-fixed programme/location/constituent-term exemplar
3,GO:0006119,microglia,CA1,201,-0.0399284862932062,FALSE,FALSE,oxidative phosphorylation,-2.11097705826318,5.75222270996947e-5,manuscript-fixed programme/location/constituent-term exemplar
3,GO:0006119,microglia,CA1,202,-0.0401271354787445,FALSE,FALSE,oxidative phosphorylation,-2.11097705826318,5.75222270996947e-5,manuscript-fixed programme/location/constituent-term exemplar
3,GO:0006119,microglia,CA1,203,-0.0403257846642829,FALSE,FALSE,oxidative phosphorylation,-2.11097705826318,5.75222270996947e-5,manuscript-fixed programme/location/constituent-term exemplar
3,GO:0006119,microglia,CA1,204,-0.0405244338498212,FALSE,FALSE,oxidative phosphorylation,-2.11097705826318,5.75222270996947e-5,manuscript-fixed programme/location/constituent-term exemplar
3,GO:0006119,microglia,CA1,205,-0.0407230830353596,FALSE,FALSE,oxidative phosphorylation,-2.11097705826318,5.75222270996947e-5,manuscript-fixed programme/location/constituent-term exemplar
3,GO:0006119,microglia,CA1,206,-0.0409217322208979,FALSE,FALSE,oxidative phosphorylation,-2.11097705826318,5.75222270996947e-5,manuscript-fixed programme/location/constituent-term exemplar
3,GO:0006119,microglia,CA1,207,-0.0411203814064362,FALSE,FALSE,oxidative phosphorylation,-2.11097705826318,5.75222270996947e-5,manuscript-fixed programme/location/constituent-term exemplar
3,GO:0006119,microglia,CA1,208,-0.0413190305919746,FALSE,FALSE,oxidative phosphorylation,-2.11097705826318,5.75222270996947e-5,manuscript-fixed programme/location/constituent-term exemplar
3,GO:0006119,microglia,CA1,209,-0.0415176797775129,FALSE,FALSE,oxidative phosphorylation,-2.11097705826318,5.75222270996947e-5,manuscript-fixed programme/location/constituent-term exemplar
3,GO:0006119,microglia,CA1,210,-0.0417163289630513,FALSE,FALSE,oxidative phosphorylation,-2.11097705826318,5.75222270996947e-5,manuscript-fixed programme/location/constituent-term exemplar
3,GO:0006119,microglia,CA1,211,-0.0419149781485896,FALSE,FALSE,oxidative phosphorylation,-2.11097705826318,5.75222270996947e-5,manuscript-fixed programme/location/constituent-term exemplar
3,GO:0006119,microglia,CA1,212,-0.0421136273341279,FALSE,FALSE,oxidative phosphorylation,-2.11097705826318,5.75222270996947e-5,manuscript-fixed programme/location/constituent-term exemplar
3,GO:0006119,microglia,CA1,213,-0.0423122765196663,FALSE,FALSE,oxidative phosphorylation,-2.11097705826318,5.75222270996947e-5,manuscript-fixed programme/location/constituent-term exemplar
3,GO:0006119,microglia,CA1,214,-0.0425109257052046,FALSE,FALSE,oxidative phosphorylation,-2.11097705826318,5.75222270996947e-5,manuscript-fixed programme/location/constituent-term exemplar
3,GO:0006119,microglia,CA1,215,-0.0427095748907429,FALSE,FALSE,oxidative phosphorylation,-2.11097705826318,5.75222270996947e-5,manuscript-fixed programme/location/constituent-term exemplar
3,GO:0006119,microglia,CA1,216,-0.0429082240762813,FALSE,FALSE,oxidative phosphorylation,-2.11097705826318,5.75222270996947e-5,manuscript-fixed programme/location/constituent-term exemplar
3,GO:0006119,microglia,CA1,217,-0.0431068732618196,FALSE,FALSE,oxidative phosphorylation,-2.11097705826318,5.75222270996947e-5,manuscript-fixed programme/location/constituent-term exemplar
3,GO:0006119,microglia,CA1,218,-0.043305522447358,FALSE,FALSE,oxidative phosphorylation,-2.11097705826318,5.75222270996947e-5,manuscript-fixed programme/location/constituent-term exemplar
3,GO:0006119,microglia,CA1,219,-0.0435041716328963,FALSE,FALSE,oxidative phosphorylation,-2.11097705826318,5.75222270996947e-5,manuscript-fixed programme/location/constituent-term exemplar
3,GO:0006119,microglia,CA1,220,-0.0437028208184346,FALSE,FALSE,oxidative phosphorylation,-2.11097705826318,5.75222270996947e-5,manuscript-fixed programme/location/constituent-term exemplar
3,GO:0006119,microglia,CA1,221,-0.043901470003973,FALSE,FALSE,oxidative phosphorylation,-2.11097705826318,5.75222270996947e-5,manuscript-fixed programme/location/constituent-term exemplar
3,GO:0006119,microglia,CA1,222,-0.0441001191895113,FALSE,FALSE,oxidative phosphorylation,-2.11097705826318,5.75222270996947e-5,manuscript-fixed programme/location/constituent-term exemplar
3,GO:0006119,microglia,CA1,223,-0.0442987683750497,FALSE,FALSE,oxidative phosphorylation,-2.11097705826318,5.75222270996947e-5,manuscript-fixed programme/location/constituent-term exemplar
3,GO:0006119,microglia,CA1,224,-0.044497417560588,FALSE,FALSE,oxidative phosphorylation,-2.11097705826318,5.75222270996947e-5,manuscript-fixed programme/location/constituent-term exemplar
3,GO:0006119,microglia,CA1,225,-0.0446960667461263,FALSE,FALSE,oxidative phosphorylation,-2.11097705826318,5.75222270996947e-5,manuscript-fixed programme/location/constituent-term exemplar
3,GO:0006119,microglia,CA1,226,-0.0448947159316647,FALSE,FALSE,oxidative phosphorylation,-2.11097705826318,5.75222270996947e-5,manuscript-fixed programme/location/constituent-term exemplar
3,GO:0006119,microglia,CA1,227,-0.045093365117203,FALSE,FALSE,oxidative phosphorylation,-2.11097705826318,5.75222270996947e-5,manuscript-fixed programme/location/constituent-term exemplar
3,GO:0006119,microglia,CA1,228,-0.0452920143027414,FALSE,FALSE,oxidative phosphorylation,-2.11097705826318,5.75222270996947e-5,manuscript-fixed programme/location/constituent-term exemplar
3,GO:0006119,microglia,CA1,229,-0.0454906634882797,FALSE,FALSE,oxidative phosphorylation,-2.11097705826318,5.75222270996947e-5,manuscript-fixed programme/location/constituent-term exemplar
3,GO:0006119,microglia,CA1,230,-0.045689312673818,FALSE,FALSE,oxidative phosphorylation,-2.11097705826318,5.75222270996947e-5,manuscript-fixed programme/location/constituent-term exemplar
3,GO:0006119,microglia,CA1,231,-0.0458879618593564,FALSE,FALSE,oxidative phosphorylation,-2.11097705826318,5.75222270996947e-5,manuscript-fixed programme/location/constituent-term exemplar
3,GO:0006119,microglia,CA1,232,-0.0460866110448947,FALSE,FALSE,oxidative phosphorylation,-2.11097705826318,5.75222270996947e-5,manuscript-fixed programme/location/constituent-term exemplar
3,GO:0006119,microglia,CA1,233,-0.0462852602304331,FALSE,FALSE,oxidative phosphorylation,-2.11097705826318,5.75222270996947e-5,manuscript-fixed programme/location/constituent-term exemplar
3,GO:0006119,microglia,CA1,234,-0.0464839094159714,FALSE,FALSE,oxidative phosphorylation,-2.11097705826318,5.75222270996947e-5,manuscript-fixed programme/location/constituent-term exemplar
3,GO:0006119,microglia,CA1,235,-0.0466825586015097,FALSE,FALSE,oxidative phosphorylation,-2.11097705826318,5.75222270996947e-5,manuscript-fixed programme/location/constituent-term exemplar
3,GO:0006119,microglia,CA1,236,-0.0468812077870481,FALSE,FALSE,oxidative phosphorylation,-2.11097705826318,5.75222270996947e-5,manuscript-fixed programme/location/constituent-term exemplar
3,GO:0006119,microglia,CA1,237,-0.0470798569725864,FALSE,FALSE,oxidative phosphorylation,-2.11097705826318,5.75222270996947e-5,manuscript-fixed programme/location/constituent-term exemplar
3,GO:0006119,microglia,CA1,238,-0.0472785061581248,FALSE,FALSE,oxidative phosphorylation,-2.11097705826318,5.75222270996947e-5,manuscript-fixed programme/location/constituent-term exemplar
3,GO:0006119,microglia,CA1,239,-0.0474771553436631,FALSE,FALSE,oxidative phosphorylation,-2.11097705826318,5.75222270996947e-5,manuscript-fixed programme/location/constituent-term exemplar
3,GO:0006119,microglia,CA1,240,-0.0476758045292014,FALSE,FALSE,oxidative phosphorylation,-2.11097705826318,5.75222270996947e-5,manuscript-fixed programme/location/constituent-term exemplar
3,GO:0006119,microglia,CA1,241,-0.0478744537147398,FALSE,FALSE,oxidative phosphorylation,-2.11097705826318,5.75222270996947e-5,manuscript-fixed programme/location/constituent-term exemplar
3,GO:0006119,microglia,CA1,242,-0.0480731029002781,FALSE,FALSE,oxidative phosphorylation,-2.11097705826318,5.75222270996947e-5,manuscript-fixed programme/location/constituent-term exemplar
3,GO:0006119,microglia,CA1,243,-0.0482717520858164,FALSE,FALSE,oxidative phosphorylation,-2.11097705826318,5.75222270996947e-5,manuscript-fixed programme/location/constituent-term exemplar
3,GO:0006119,microglia,CA1,244,-0.0484704012713548,FALSE,FALSE,oxidative phosphorylation,-2.11097705826318,5.75222270996947e-5,manuscript-fixed programme/location/constituent-term exemplar
3,GO:0006119,microglia,CA1,245,-0.0486690504568931,FALSE,FALSE,oxidative phosphorylation,-2.11097705826318,5.75222270996947e-5,manuscript-fixed programme/location/constituent-term exemplar
3,GO:0006119,microglia,CA1,246,-0.0488676996424315,FALSE,FALSE,oxidative phosphorylation,-2.11097705826318,5.75222270996947e-5,manuscript-fixed programme/location/constituent-term exemplar
3,GO:0006119,microglia,CA1,247,-0.0490663488279698,FALSE,FALSE,oxidative phosphorylation,-2.11097705826318,5.75222270996947e-5,manuscript-fixed programme/location/constituent-term exemplar
3,GO:0006119,microglia,CA1,248,-0.0492649980135081,FALSE,FALSE,oxidative phosphorylation,-2.11097705826318,5.75222270996947e-5,manuscript-fixed programme/location/constituent-term exemplar
3,GO:0006119,microglia,CA1,249,-0.0494636471990465,FALSE,FALSE,oxidative phosphorylation,-2.11097705826318,5.75222270996947e-5,manuscript-fixed programme/location/constituent-term exemplar
3,GO:0006119,microglia,CA1,250,-0.0496622963845848,FALSE,FALSE,oxidative phosphorylation,-2.11097705826318,5.75222270996947e-5,manuscript-fixed programme/location/constituent-term exemplar
3,GO:0006119,microglia,CA1,251,-0.0498609455701232,FALSE,FALSE,oxidative phosphorylation,-2.11097705826318,5.75222270996947e-5,manuscript-fixed programme/location/constituent-term exemplar
3,GO:0006119,microglia,CA1,252,-0.0500595947556615,FALSE,FALSE,oxidative phosphorylation,-2.11097705826318,5.75222270996947e-5,manuscript-fixed programme/location/constituent-term exemplar
3,GO:0006119,microglia,CA1,253,-0.0502582439411998,FALSE,FALSE,oxidative phosphorylation,-2.11097705826318,5.75222270996947e-5,manuscript-fixed programme/location/constituent-term exemplar
3,GO:0006119,microglia,CA1,254,-0.0504568931267382,FALSE,FALSE,oxidative phosphorylation,-2.11097705826318,5.75222270996947e-5,manuscript-fixed programme/location/constituent-term exemplar
3,GO:0006119,microglia,CA1,255,-0.0506555423122765,FALSE,FALSE,oxidative phosphorylation,-2.11097705826318,5.75222270996947e-5,manuscript-fixed programme/location/constituent-term exemplar
3,GO:0006119,microglia,CA1,256,-0.0508541914978149,FALSE,FALSE,oxidative phosphorylation,-2.11097705826318,5.75222270996947e-5,manuscript-fixed programme/location/constituent-term exemplar
3,GO:0006119,microglia,CA1,257,-0.0510528406833532,FALSE,FALSE,oxidative phosphorylation,-2.11097705826318,5.75222270996947e-5,manuscript-fixed programme/location/constituent-term exemplar
3,GO:0006119,microglia,CA1,258,-0.0512514898688915,FALSE,FALSE,oxidative phosphorylation,-2.11097705826318,5.75222270996947e-5,manuscript-fixed programme/location/constituent-term exemplar
3,GO:0006119,microglia,CA1,259,-0.0514501390544299,FALSE,FALSE,oxidative phosphorylation,-2.11097705826318,5.75222270996947e-5,manuscript-fixed programme/location/constituent-term exemplar
3,GO:0006119,microglia,CA1,260,-0.0516487882399682,FALSE,FALSE,oxidative phosphorylation,-2.11097705826318,5.75222270996947e-5,manuscript-fixed programme/location/constituent-term exemplar
3,GO:0006119,microglia,CA1,261,-0.0518474374255066,FALSE,FALSE,oxidative phosphorylation,-2.11097705826318,5.75222270996947e-5,manuscript-fixed programme/location/constituent-term exemplar
3,GO:0006119,microglia,CA1,262,-0.0520460866110449,FALSE,FALSE,oxidative phosphorylation,-2.11097705826318,5.75222270996947e-5,manuscript-fixed programme/location/constituent-term exemplar
3,GO:0006119,microglia,CA1,263,-0.0522447357965832,FALSE,FALSE,oxidative phosphorylation,-2.11097705826318,5.75222270996947e-5,manuscript-fixed programme/location/constituent-term exemplar
3,GO:0006119,microglia,CA1,264,-0.0524433849821216,FALSE,FALSE,oxidative phosphorylation,-2.11097705826318,5.75222270996947e-5,manuscript-fixed programme/location/constituent-term exemplar
3,GO:0006119,microglia,CA1,265,-0.0526420341676599,FALSE,FALSE,oxidative phosphorylation,-2.11097705826318,5.75222270996947e-5,manuscript-fixed programme/location/constituent-term exemplar
3,GO:0006119,microglia,CA1,266,-0.0528406833531983,FALSE,FALSE,oxidative phosphorylation,-2.11097705826318,5.75222270996947e-5,manuscript-fixed programme/location/constituent-term exemplar
3,GO:0006119,microglia,CA1,267,-0.0530393325387366,FALSE,FALSE,oxidative phosphorylation,-2.11097705826318,5.75222270996947e-5,manuscript-fixed programme/location/constituent-term exemplar
3,GO:0006119,microglia,CA1,268,-0.0532379817242749,FALSE,FALSE,oxidative phosphorylation,-2.11097705826318,5.75222270996947e-5,manuscript-fixed programme/location/constituent-term exemplar
3,GO:0006119,microglia,CA1,269,-0.0534366309098133,FALSE,FALSE,oxidative phosphorylation,-2.11097705826318,5.75222270996947e-5,manuscript-fixed programme/location/constituent-term exemplar
3,GO:0006119,microglia,CA1,270,-0.0536352800953516,FALSE,FALSE,oxidative phosphorylation,-2.11097705826318,5.75222270996947e-5,manuscript-fixed programme/location/constituent-term exemplar
3,GO:0006119,microglia,CA1,271,-0.0538339292808899,FALSE,FALSE,oxidative phosphorylation,-2.11097705826318,5.75222270996947e-5,manuscript-fixed programme/location/constituent-term exemplar
3,GO:0006119,microglia,CA1,272,-0.0540325784664283,FALSE,FALSE,oxidative phosphorylation,-2.11097705826318,5.75222270996947e-5,manuscript-fixed programme/location/constituent-term exemplar
3,GO:0006119,microglia,CA1,273,-0.0542312276519666,FALSE,FALSE,oxidative phosphorylation,-2.11097705826318,5.75222270996947e-5,manuscript-fixed programme/location/constituent-term exemplar
3,GO:0006119,microglia,CA1,274,-0.054429876837505,FALSE,FALSE,oxidative phosphorylation,-2.11097705826318,5.75222270996947e-5,manuscript-fixed programme/location/constituent-term exemplar
3,GO:0006119,microglia,CA1,275,-0.0546285260230433,FALSE,FALSE,oxidative phosphorylation,-2.11097705826318,5.75222270996947e-5,manuscript-fixed programme/location/constituent-term exemplar
3,GO:0006119,microglia,CA1,276,-0.0548271752085816,FALSE,FALSE,oxidative phosphorylation,-2.11097705826318,5.75222270996947e-5,manuscript-fixed programme/location/constituent-term exemplar
3,GO:0006119,microglia,CA1,277,-0.05502582439412,FALSE,FALSE,oxidative phosphorylation,-2.11097705826318,5.75222270996947e-5,manuscript-fixed programme/location/constituent-term exemplar
3,GO:0006119,microglia,CA1,278,-0.0552244735796583,FALSE,FALSE,oxidative phosphorylation,-2.11097705826318,5.75222270996947e-5,manuscript-fixed programme/location/constituent-term exemplar
3,GO:0006119,microglia,CA1,279,-0.0554231227651967,FALSE,FALSE,oxidative phosphorylation,-2.11097705826318,5.75222270996947e-5,manuscript-fixed programme/location/constituent-term exemplar
3,GO:0006119,microglia,CA1,280,-0.055621771950735,FALSE,FALSE,oxidative phosphorylation,-2.11097705826318,5.75222270996947e-5,manuscript-fixed programme/location/constituent-term exemplar
3,GO:0006119,microglia,CA1,281,-0.0558204211362733,FALSE,FALSE,oxidative phosphorylation,-2.11097705826318,5.75222270996947e-5,manuscript-fixed programme/location/constituent-term exemplar
3,GO:0006119,microglia,CA1,282,-0.0560190703218117,FALSE,FALSE,oxidative phosphorylation,-2.11097705826318,5.75222270996947e-5,manuscript-fixed programme/location/constituent-term exemplar
3,GO:0006119,microglia,CA1,283,-0.05621771950735,FALSE,FALSE,oxidative phosphorylation,-2.11097705826318,5.75222270996947e-5,manuscript-fixed programme/location/constituent-term exemplar
3,GO:0006119,microglia,CA1,284,-0.0564163686928884,FALSE,FALSE,oxidative phosphorylation,-2.11097705826318,5.75222270996947e-5,manuscript-fixed programme/location/constituent-term exemplar
3,GO:0006119,microglia,CA1,285,-0.0566150178784267,FALSE,FALSE,oxidative phosphorylation,-2.11097705826318,5.75222270996947e-5,manuscript-fixed programme/location/constituent-term exemplar
3,GO:0006119,microglia,CA1,286,-0.056813667063965,FALSE,FALSE,oxidative phosphorylation,-2.11097705826318,5.75222270996947e-5,manuscript-fixed programme/location/constituent-term exemplar
3,GO:0006119,microglia,CA1,287,-0.0570123162495034,FALSE,FALSE,oxidative phosphorylation,-2.11097705826318,5.75222270996947e-5,manuscript-fixed programme/location/constituent-term exemplar
3,GO:0006119,microglia,CA1,288,-0.0572109654350417,FALSE,FALSE,oxidative phosphorylation,-2.11097705826318,5.75222270996947e-5,manuscript-fixed programme/location/constituent-term exemplar
3,GO:0006119,microglia,CA1,289,-0.0574096146205801,FALSE,FALSE,oxidative phosphorylation,-2.11097705826318,5.75222270996947e-5,manuscript-fixed programme/location/constituent-term exemplar
3,GO:0006119,microglia,CA1,290,-0.0576082638061184,FALSE,FALSE,oxidative phosphorylation,-2.11097705826318,5.75222270996947e-5,manuscript-fixed programme/location/constituent-term exemplar
3,GO:0006119,microglia,CA1,291,-0.0578069129916567,FALSE,FALSE,oxidative phosphorylation,-2.11097705826318,5.75222270996947e-5,manuscript-fixed programme/location/constituent-term exemplar
3,GO:0006119,microglia,CA1,292,-0.0580055621771951,FALSE,FALSE,oxidative phosphorylation,-2.11097705826318,5.75222270996947e-5,manuscript-fixed programme/location/constituent-term exemplar
3,GO:0006119,microglia,CA1,293,-0.0582042113627334,FALSE,FALSE,oxidative phosphorylation,-2.11097705826318,5.75222270996947e-5,manuscript-fixed programme/location/constituent-term exemplar
3,GO:0006119,microglia,CA1,294,-0.0584028605482718,FALSE,FALSE,oxidative phosphorylation,-2.11097705826318,5.75222270996947e-5,manuscript-fixed programme/location/constituent-term exemplar
3,GO:0006119,microglia,CA1,295,-0.0586015097338101,FALSE,FALSE,oxidative phosphorylation,-2.11097705826318,5.75222270996947e-5,manuscript-fixed programme/location/constituent-term exemplar
3,GO:0006119,microglia,CA1,296,-0.0588001589193484,FALSE,FALSE,oxidative phosphorylation,-2.11097705826318,5.75222270996947e-5,manuscript-fixed programme/location/constituent-term exemplar
3,GO:0006119,microglia,CA1,297,-0.0589988081048868,FALSE,FALSE,oxidative phosphorylation,-2.11097705826318,5.75222270996947e-5,manuscript-fixed programme/location/constituent-term exemplar
3,GO:0006119,microglia,CA1,298,-0.0591974572904251,FALSE,FALSE,oxidative phosphorylation,-2.11097705826318,5.75222270996947e-5,manuscript-fixed programme/location/constituent-term exemplar
3,GO:0006119,microglia,CA1,299,-0.0593961064759634,FALSE,FALSE,oxidative phosphorylation,-2.11097705826318,5.75222270996947e-5,manuscript-fixed programme/location/constituent-term exemplar
3,GO:0006119,microglia,CA1,300,-0.0595947556615018,FALSE,FALSE,oxidative phosphorylation,-2.11097705826318,5.75222270996947e-5,manuscript-fixed programme/location/constituent-term exemplar
3,GO:0006119,microglia,CA1,301,-0.0597934048470401,FALSE,FALSE,oxidative phosphorylation,-2.11097705826318,5.75222270996947e-5,manuscript-fixed programme/location/constituent-term exemplar
3,GO:0006119,microglia,CA1,302,-0.0599920540325785,FALSE,FALSE,oxidative phosphorylation,-2.11097705826318,5.75222270996947e-5,manuscript-fixed programme/location/constituent-term exemplar
3,GO:0006119,microglia,CA1,303,-0.0601907032181168,FALSE,FALSE,oxidative phosphorylation,-2.11097705826318,5.75222270996947e-5,manuscript-fixed programme/location/constituent-term exemplar
3,GO:0006119,microglia,CA1,304,-0.0603893524036551,FALSE,FALSE,oxidative phosphorylation,-2.11097705826318,5.75222270996947e-5,manuscript-fixed programme/location/constituent-term exemplar
3,GO:0006119,microglia,CA1,305,-0.0605880015891935,FALSE,FALSE,oxidative phosphorylation,-2.11097705826318,5.75222270996947e-5,manuscript-fixed programme/location/constituent-term exemplar
3,GO:0006119,microglia,CA1,306,-0.0607866507747318,FALSE,FALSE,oxidative phosphorylation,-2.11097705826318,5.75222270996947e-5,manuscript-fixed programme/location/constituent-term exemplar
3,GO:0006119,microglia,CA1,307,-0.0609852999602702,FALSE,FALSE,oxidative phosphorylation,-2.11097705826318,5.75222270996947e-5,manuscript-fixed programme/location/constituent-term exemplar
3,GO:0006119,microglia,CA1,308,-0.0611839491458085,FALSE,FALSE,oxidative phosphorylation,-2.11097705826318,5.75222270996947e-5,manuscript-fixed programme/location/constituent-term exemplar
3,GO:0006119,microglia,CA1,309,-0.0613825983313468,FALSE,FALSE,oxidative phosphorylation,-2.11097705826318,5.75222270996947e-5,manuscript-fixed programme/location/constituent-term exemplar
3,GO:0006119,microglia,CA1,310,-0.0615812475168852,FALSE,FALSE,oxidative phosphorylation,-2.11097705826318,5.75222270996947e-5,manuscript-fixed programme/location/constituent-term exemplar
3,GO:0006119,microglia,CA1,311,-0.0617798967024235,FALSE,FALSE,oxidative phosphorylation,-2.11097705826318,5.75222270996947e-5,manuscript-fixed programme/location/constituent-term exemplar
3,GO:0006119,microglia,CA1,312,-0.0619785458879619,FALSE,FALSE,oxidative phosphorylation,-2.11097705826318,5.75222270996947e-5,manuscript-fixed programme/location/constituent-term exemplar
3,GO:0006119,microglia,CA1,313,-0.0621771950735002,FALSE,FALSE,oxidative phosphorylation,-2.11097705826318,5.75222270996947e-5,manuscript-fixed programme/location/constituent-term exemplar
3,GO:0006119,microglia,CA1,314,-0.0623758442590385,FALSE,FALSE,oxidative phosphorylation,-2.11097705826318,5.75222270996947e-5,manuscript-fixed programme/location/constituent-term exemplar
3,GO:0006119,microglia,CA1,315,-0.0625744934445769,FALSE,FALSE,oxidative phosphorylation,-2.11097705826318,5.75222270996947e-5,manuscript-fixed programme/location/constituent-term exemplar
3,GO:0006119,microglia,CA1,316,-0.0627731426301152,FALSE,FALSE,oxidative phosphorylation,-2.11097705826318,5.75222270996947e-5,manuscript-fixed programme/location/constituent-term exemplar
3,GO:0006119,microglia,CA1,317,-0.0629717918156536,FALSE,FALSE,oxidative phosphorylation,-2.11097705826318,5.75222270996947e-5,manuscript-fixed programme/location/constituent-term exemplar
3,GO:0006119,microglia,CA1,318,-0.0631704410011919,FALSE,FALSE,oxidative phosphorylation,-2.11097705826318,5.75222270996947e-5,manuscript-fixed programme/location/constituent-term exemplar
3,GO:0006119,microglia,CA1,319,-0.0633690901867302,FALSE,FALSE,oxidative phosphorylation,-2.11097705826318,5.75222270996947e-5,manuscript-fixed programme/location/constituent-term exemplar
3,GO:0006119,microglia,CA1,320,-0.0635677393722686,FALSE,FALSE,oxidative phosphorylation,-2.11097705826318,5.75222270996947e-5,manuscript-fixed programme/location/constituent-term exemplar
3,GO:0006119,microglia,CA1,321,-0.0637663885578069,FALSE,FALSE,oxidative phosphorylation,-2.11097705826318,5.75222270996947e-5,manuscript-fixed programme/location/constituent-term exemplar
3,GO:0006119,microglia,CA1,322,-0.0639650377433452,FALSE,FALSE,oxidative phosphorylation,-2.11097705826318,5.75222270996947e-5,manuscript-fixed programme/location/constituent-term exemplar
3,GO:0006119,microglia,CA1,323,-0.0641636869288836,FALSE,FALSE,oxidative phosphorylation,-2.11097705826318,5.75222270996947e-5,manuscript-fixed programme/location/constituent-term exemplar
3,GO:0006119,microglia,CA1,324,-0.0643623361144219,FALSE,FALSE,oxidative phosphorylation,-2.11097705826318,5.75222270996947e-5,manuscript-fixed programme/location/constituent-term exemplar
3,GO:0006119,microglia,CA1,325,-0.0645609852999603,FALSE,FALSE,oxidative phosphorylation,-2.11097705826318,5.75222270996947e-5,manuscript-fixed programme/location/constituent-term exemplar
3,GO:0006119,microglia,CA1,326,-0.0647596344854986,FALSE,FALSE,oxidative phosphorylation,-2.11097705826318,5.75222270996947e-5,manuscript-fixed programme/location/constituent-term exemplar
3,GO:0006119,microglia,CA1,327,-0.064958283671037,FALSE,FALSE,oxidative phosphorylation,-2.11097705826318,5.75222270996947e-5,manuscript-fixed programme/location/constituent-term exemplar
3,GO:0006119,microglia,CA1,328,-0.0651569328565753,FALSE,FALSE,oxidative phosphorylation,-2.11097705826318,5.75222270996947e-5,manuscript-fixed programme/location/constituent-term exemplar
3,GO:0006119,microglia,CA1,329,-0.0653555820421136,FALSE,FALSE,oxidative phosphorylation,-2.11097705826318,5.75222270996947e-5,manuscript-fixed programme/location/constituent-term exemplar
3,GO:0006119,microglia,CA1,330,-0.065554231227652,FALSE,FALSE,oxidative phosphorylation,-2.11097705826318,5.75222270996947e-5,manuscript-fixed programme/location/constituent-term exemplar
3,GO:0006119,microglia,CA1,331,-0.0657528804131903,FALSE,FALSE,oxidative phosphorylation,-2.11097705826318,5.75222270996947e-5,manuscript-fixed programme/location/constituent-term exemplar
3,GO:0006119,microglia,CA1,332,-0.0659515295987286,FALSE,FALSE,oxidative phosphorylation,-2.11097705826318,5.75222270996947e-5,manuscript-fixed programme/location/constituent-term exemplar
3,GO:0006119,microglia,CA1,333,-0.066150178784267,FALSE,FALSE,oxidative phosphorylation,-2.11097705826318,5.75222270996947e-5,manuscript-fixed programme/location/constituent-term exemplar
3,GO:0006119,microglia,CA1,334,-0.0663488279698053,FALSE,FALSE,oxidative phosphorylation,-2.11097705826318,5.75222270996947e-5,manuscript-fixed programme/location/constituent-term exemplar
3,GO:0006119,microglia,CA1,335,-0.0665474771553437,FALSE,FALSE,oxidative phosphorylation,-2.11097705826318,5.75222270996947e-5,manuscript-fixed programme/location/constituent-term exemplar
3,GO:0006119,microglia,CA1,336,-0.066746126340882,FALSE,FALSE,oxidative phosphorylation,-2.11097705826318,5.75222270996947e-5,manuscript-fixed programme/location/constituent-term exemplar
3,GO:0006119,microglia,CA1,337,-0.0669447755264203,FALSE,FALSE,oxidative phosphorylation,-2.11097705826318,5.75222270996947e-5,manuscript-fixed programme/location/constituent-term exemplar
3,GO:0006119,microglia,CA1,338,-0.0671434247119587,FALSE,FALSE,oxidative phosphorylation,-2.11097705826318,5.75222270996947e-5,manuscript-fixed programme/location/constituent-term exemplar
3,GO:0006119,microglia,CA1,339,-0.067342073897497,FALSE,FALSE,oxidative phosphorylation,-2.11097705826318,5.75222270996947e-5,manuscript-fixed programme/location/constituent-term exemplar
3,GO:0006119,microglia,CA1,340,-0.0675407230830354,FALSE,FALSE,oxidative phosphorylation,-2.11097705826318,5.75222270996947e-5,manuscript-fixed programme/location/constituent-term exemplar
3,GO:0006119,microglia,CA1,341,-0.0677393722685737,FALSE,FALSE,oxidative phosphorylation,-2.11097705826318,5.75222270996947e-5,manuscript-fixed programme/location/constituent-term exemplar
3,GO:0006119,microglia,CA1,342,-0.067938021454112,FALSE,FALSE,oxidative phosphorylation,-2.11097705826318,5.75222270996947e-5,manuscript-fixed programme/location/constituent-term exemplar
3,GO:0006119,microglia,CA1,343,-0.0681366706396504,FALSE,FALSE,oxidative phosphorylation,-2.11097705826318,5.75222270996947e-5,manuscript-fixed programme/location/constituent-term exemplar
3,GO:0006119,microglia,CA1,344,-0.0683353198251887,FALSE,FALSE,oxidative phosphorylation,-2.11097705826318,5.75222270996947e-5,manuscript-fixed programme/location/constituent-term exemplar
3,GO:0006119,microglia,CA1,345,-0.0685339690107271,FALSE,FALSE,oxidative phosphorylation,-2.11097705826318,5.75222270996947e-5,manuscript-fixed programme/location/constituent-term exemplar
3,GO:0006119,microglia,CA1,346,-0.0687326181962654,FALSE,FALSE,oxidative phosphorylation,-2.11097705826318,5.75222270996947e-5,manuscript-fixed programme/location/constituent-term exemplar
3,GO:0006119,microglia,CA1,347,-0.0689312673818037,FALSE,FALSE,oxidative phosphorylation,-2.11097705826318,5.75222270996947e-5,manuscript-fixed programme/location/constituent-term exemplar
3,GO:0006119,microglia,CA1,348,-0.0691299165673421,FALSE,FALSE,oxidative phosphorylation,-2.11097705826318,5.75222270996947e-5,manuscript-fixed programme/location/constituent-term exemplar
3,GO:0006119,microglia,CA1,349,-0.0693285657528804,FALSE,FALSE,oxidative phosphorylation,-2.11097705826318,5.75222270996947e-5,manuscript-fixed programme/location/constituent-term exemplar
3,GO:0006119,microglia,CA1,350,-0.0695272149384187,FALSE,FALSE,oxidative phosphorylation,-2.11097705826318,5.75222270996947e-5,manuscript-fixed programme/location/constituent-term exemplar
3,GO:0006119,microglia,CA1,351,-0.0697258641239571,FALSE,FALSE,oxidative phosphorylation,-2.11097705826318,5.75222270996947e-5,manuscript-fixed programme/location/constituent-term exemplar
3,GO:0006119,microglia,CA1,352,-0.0699245133094954,FALSE,FALSE,oxidative phosphorylation,-2.11097705826318,5.75222270996947e-5,manuscript-fixed programme/location/constituent-term exemplar
3,GO:0006119,microglia,CA1,353,-0.0701231624950338,FALSE,FALSE,oxidative phosphorylation,-2.11097705826318,5.75222270996947e-5,manuscript-fixed programme/location/constituent-term exemplar
3,GO:0006119,microglia,CA1,354,-0.0703218116805721,FALSE,FALSE,oxidative phosphorylation,-2.11097705826318,5.75222270996947e-5,manuscript-fixed programme/location/constituent-term exemplar
3,GO:0006119,microglia,CA1,355,-0.0705204608661105,FALSE,FALSE,oxidative phosphorylation,-2.11097705826318,5.75222270996947e-5,manuscript-fixed programme/location/constituent-term exemplar
3,GO:0006119,microglia,CA1,356,-0.0707191100516488,FALSE,FALSE,oxidative phosphorylation,-2.11097705826318,5.75222270996947e-5,manuscript-fixed programme/location/constituent-term exemplar
3,GO:0006119,microglia,CA1,357,-0.0709177592371871,FALSE,FALSE,oxidative phosphorylation,-2.11097705826318,5.75222270996947e-5,manuscript-fixed programme/location/constituent-term exemplar
3,GO:0006119,microglia,CA1,358,-0.0711164084227255,FALSE,FALSE,oxidative phosphorylation,-2.11097705826318,5.75222270996947e-5,manuscript-fixed programme/location/constituent-term exemplar
3,GO:0006119,microglia,CA1,359,-0.0713150576082638,FALSE,FALSE,oxidative phosphorylation,-2.11097705826318,5.75222270996947e-5,manuscript-fixed programme/location/constituent-term exemplar
3,GO:0006119,microglia,CA1,360,-0.0715137067938021,FALSE,FALSE,oxidative phosphorylation,-2.11097705826318,5.75222270996947e-5,manuscript-fixed programme/location/constituent-term exemplar
3,GO:0006119,microglia,CA1,361,-0.0717123559793405,FALSE,FALSE,oxidative phosphorylation,-2.11097705826318,5.75222270996947e-5,manuscript-fixed programme/location/constituent-term exemplar
3,GO:0006119,microglia,CA1,362,-0.0719110051648788,FALSE,FALSE,oxidative phosphorylation,-2.11097705826318,5.75222270996947e-5,manuscript-fixed programme/location/constituent-term exemplar
3,GO:0006119,microglia,CA1,363,-0.0721096543504172,FALSE,FALSE,oxidative phosphorylation,-2.11097705826318,5.75222270996947e-5,manuscript-fixed programme/location/constituent-term exemplar
3,GO:0006119,microglia,CA1,364,-0.0723083035359555,FALSE,FALSE,oxidative phosphorylation,-2.11097705826318,5.75222270996947e-5,manuscript-fixed programme/location/constituent-term exemplar
3,GO:0006119,microglia,CA1,365,-0.0725069527214938,FALSE,FALSE,oxidative phosphorylation,-2.11097705826318,5.75222270996947e-5,manuscript-fixed programme/location/constituent-term exemplar
3,GO:0006119,microglia,CA1,366,-0.0727056019070322,FALSE,FALSE,oxidative phosphorylation,-2.11097705826318,5.75222270996947e-5,manuscript-fixed programme/location/constituent-term exemplar
3,GO:0006119,microglia,CA1,367,-0.0729042510925705,FALSE,FALSE,oxidative phosphorylation,-2.11097705826318,5.75222270996947e-5,manuscript-fixed programme/location/constituent-term exemplar
3,GO:0006119,microglia,CA1,368,-0.0731029002781089,FALSE,FALSE,oxidative phosphorylation,-2.11097705826318,5.75222270996947e-5,manuscript-fixed programme/location/constituent-term exemplar
3,GO:0006119,microglia,CA1,369,-0.0733015494636472,FALSE,FALSE,oxidative phosphorylation,-2.11097705826318,5.75222270996947e-5,manuscript-fixed programme/location/constituent-term exemplar
3,GO:0006119,microglia,CA1,370,-0.0735001986491855,FALSE,FALSE,oxidative phosphorylation,-2.11097705826318,5.75222270996947e-5,manuscript-fixed programme/location/constituent-term exemplar
3,GO:0006119,microglia,CA1,371,-0.0736988478347239,FALSE,FALSE,oxidative phosphorylation,-2.11097705826318,5.75222270996947e-5,manuscript-fixed programme/location/constituent-term exemplar
3,GO:0006119,microglia,CA1,372,-0.0738974970202622,FALSE,FALSE,oxidative phosphorylation,-2.11097705826318,5.75222270996947e-5,manuscript-fixed programme/location/constituent-term exemplar
3,GO:0006119,microglia,CA1,373,-0.0740961462058006,FALSE,FALSE,oxidative phosphorylation,-2.11097705826318,5.75222270996947e-5,manuscript-fixed programme/location/constituent-term exemplar
3,GO:0006119,microglia,CA1,374,-0.0742947953913389,FALSE,FALSE,oxidative phosphorylation,-2.11097705826318,5.75222270996947e-5,manuscript-fixed programme/location/constituent-term exemplar
3,GO:0006119,microglia,CA1,375,-0.0744934445768772,FALSE,FALSE,oxidative phosphorylation,-2.11097705826318,5.75222270996947e-5,manuscript-fixed programme/location/constituent-term exemplar
3,GO:0006119,microglia,CA1,376,-0.0746920937624156,FALSE,FALSE,oxidative phosphorylation,-2.11097705826318,5.75222270996947e-5,manuscript-fixed programme/location/constituent-term exemplar
3,GO:0006119,microglia,CA1,377,-0.0748907429479539,FALSE,FALSE,oxidative phosphorylation,-2.11097705826318,5.75222270996947e-5,manuscript-fixed programme/location/constituent-term exemplar
3,GO:0006119,microglia,CA1,378,-0.0750893921334922,FALSE,FALSE,oxidative phosphorylation,-2.11097705826318,5.75222270996947e-5,manuscript-fixed programme/location/constituent-term exemplar
3,GO:0006119,microglia,CA1,379,-0.0752880413190306,FALSE,FALSE,oxidative phosphorylation,-2.11097705826318,5.75222270996947e-5,manuscript-fixed programme/location/constituent-term exemplar
3,GO:0006119,microglia,CA1,380,-0.0754866905045689,FALSE,FALSE,oxidative phosphorylation,-2.11097705826318,5.75222270996947e-5,manuscript-fixed programme/location/constituent-term exemplar
3,GO:0006119,microglia,CA1,381,-0.0756853396901073,FALSE,FALSE,oxidative phosphorylation,-2.11097705826318,5.75222270996947e-5,manuscript-fixed programme/location/constituent-term exemplar
3,GO:0006119,microglia,CA1,382,-0.0758839888756456,FALSE,FALSE,oxidative phosphorylation,-2.11097705826318,5.75222270996947e-5,manuscript-fixed programme/location/constituent-term exemplar
3,GO:0006119,microglia,CA1,383,-0.076082638061184,FALSE,FALSE,oxidative phosphorylation,-2.11097705826318,5.75222270996947e-5,manuscript-fixed programme/location/constituent-term exemplar
3,GO:0006119,microglia,CA1,384,-0.0762812872467223,FALSE,FALSE,oxidative phosphorylation,-2.11097705826318,5.75222270996947e-5,manuscript-fixed programme/location/constituent-term exemplar
3,GO:0006119,microglia,CA1,385,-0.0764799364322606,FALSE,FALSE,oxidative phosphorylation,-2.11097705826318,5.75222270996947e-5,manuscript-fixed programme/location/constituent-term exemplar
3,GO:0006119,microglia,CA1,386,-0.076678585617799,FALSE,FALSE,oxidative phosphorylation,-2.11097705826318,5.75222270996947e-5,manuscript-fixed programme/location/constituent-term exemplar
3,GO:0006119,microglia,CA1,387,-0.0768772348033373,FALSE,FALSE,oxidative phosphorylation,-2.11097705826318,5.75222270996947e-5,manuscript-fixed programme/location/constituent-term exemplar
3,GO:0006119,microglia,CA1,388,-0.0770758839888756,FALSE,FALSE,oxidative phosphorylation,-2.11097705826318,5.75222270996947e-5,manuscript-fixed programme/location/constituent-term exemplar
3,GO:0006119,microglia,CA1,389,-0.077274533174414,FALSE,FALSE,oxidative phosphorylation,-2.11097705826318,5.75222270996947e-5,manuscript-fixed programme/location/constituent-term exemplar
3,GO:0006119,microglia,CA1,390,-0.0774731823599523,FALSE,FALSE,oxidative phosphorylation,-2.11097705826318,5.75222270996947e-5,manuscript-fixed programme/location/constituent-term exemplar
3,GO:0006119,microglia,CA1,391,-0.0776718315454907,FALSE,FALSE,oxidative phosphorylation,-2.11097705826318,5.75222270996947e-5,manuscript-fixed programme/location/constituent-term exemplar
3,GO:0006119,microglia,CA1,392,-0.077870480731029,FALSE,FALSE,oxidative phosphorylation,-2.11097705826318,5.75222270996947e-5,manuscript-fixed programme/location/constituent-term exemplar
3,GO:0006119,microglia,CA1,393,-0.0780691299165673,FALSE,FALSE,oxidative phosphorylation,-2.11097705826318,5.75222270996947e-5,manuscript-fixed programme/location/constituent-term exemplar
3,GO:0006119,microglia,CA1,394,-0.0782677791021057,FALSE,FALSE,oxidative phosphorylation,-2.11097705826318,5.75222270996947e-5,manuscript-fixed programme/location/constituent-term exemplar
3,GO:0006119,microglia,CA1,395,-0.078466428287644,FALSE,FALSE,oxidative phosphorylation,-2.11097705826318,5.75222270996947e-5,manuscript-fixed programme/location/constituent-term exemplar
3,GO:0006119,microglia,CA1,396,-0.0786650774731824,FALSE,FALSE,oxidative phosphorylation,-2.11097705826318,5.75222270996947e-5,manuscript-fixed programme/location/constituent-term exemplar
3,GO:0006119,microglia,CA1,397,-0.0788637266587207,FALSE,FALSE,oxidative phosphorylation,-2.11097705826318,5.75222270996947e-5,manuscript-fixed programme/location/constituent-term exemplar
3,GO:0006119,microglia,CA1,398,-0.079062375844259,FALSE,FALSE,oxidative phosphorylation,-2.11097705826318,5.75222270996947e-5,manuscript-fixed programme/location/constituent-term exemplar
3,GO:0006119,microglia,CA1,399,-0.0792610250297974,FALSE,FALSE,oxidative phosphorylation,-2.11097705826318,5.75222270996947e-5,manuscript-fixed programme/location/constituent-term exemplar
3,GO:0006119,microglia,CA1,400,-0.0794596742153357,FALSE,FALSE,oxidative phosphorylation,-2.11097705826318,5.75222270996947e-5,manuscript-fixed programme/location/constituent-term exemplar
3,GO:0006119,microglia,CA1,401,-0.0796583234008741,FALSE,FALSE,oxidative phosphorylation,-2.11097705826318,5.75222270996947e-5,manuscript-fixed programme/location/constituent-term exemplar
3,GO:0006119,microglia,CA1,402,-0.0798569725864124,FALSE,FALSE,oxidative phosphorylation,-2.11097705826318,5.75222270996947e-5,manuscript-fixed programme/location/constituent-term exemplar
3,GO:0006119,microglia,CA1,403,-0.0800556217719507,FALSE,FALSE,oxidative phosphorylation,-2.11097705826318,5.75222270996947e-5,manuscript-fixed programme/location/constituent-term exemplar
3,GO:0006119,microglia,CA1,404,-0.0802542709574891,FALSE,FALSE,oxidative phosphorylation,-2.11097705826318,5.75222270996947e-5,manuscript-fixed programme/location/constituent-term exemplar
3,GO:0006119,microglia,CA1,405,-0.0804529201430274,FALSE,FALSE,oxidative phosphorylation,-2.11097705826318,5.75222270996947e-5,manuscript-fixed programme/location/constituent-term exemplar
3,GO:0006119,microglia,CA1,406,-0.0806515693285658,FALSE,FALSE,oxidative phosphorylation,-2.11097705826318,5.75222270996947e-5,manuscript-fixed programme/location/constituent-term exemplar
3,GO:0006119,microglia,CA1,407,-0.0808502185141041,FALSE,FALSE,oxidative phosphorylation,-2.11097705826318,5.75222270996947e-5,manuscript-fixed programme/location/constituent-term exemplar
3,GO:0006119,microglia,CA1,408,-0.0810488676996424,FALSE,FALSE,oxidative phosphorylation,-2.11097705826318,5.75222270996947e-5,manuscript-fixed programme/location/constituent-term exemplar
3,GO:0006119,microglia,CA1,409,-0.0812475168851808,FALSE,FALSE,oxidative phosphorylation,-2.11097705826318,5.75222270996947e-5,manuscript-fixed programme/location/constituent-term exemplar
3,GO:0006119,microglia,CA1,410,-0.0814461660707191,FALSE,FALSE,oxidative phosphorylation,-2.11097705826318,5.75222270996947e-5,manuscript-fixed programme/location/constituent-term exemplar
3,GO:0006119,microglia,CA1,411,-0.0816448152562575,FALSE,FALSE,oxidative phosphorylation,-2.11097705826318,5.75222270996947e-5,manuscript-fixed programme/location/constituent-term exemplar
3,GO:0006119,microglia,CA1,412,-0.0818434644417958,FALSE,FALSE,oxidative phosphorylation,-2.11097705826318,5.75222270996947e-5,manuscript-fixed programme/location/constituent-term exemplar
3,GO:0006119,microglia,CA1,413,-0.0820421136273341,FALSE,FALSE,oxidative phosphorylation,-2.11097705826318,5.75222270996947e-5,manuscript-fixed programme/location/constituent-term exemplar
3,GO:0006119,microglia,CA1,414,-0.0822407628128725,FALSE,FALSE,oxidative phosphorylation,-2.11097705826318,5.75222270996947e-5,manuscript-fixed programme/location/constituent-term exemplar
3,GO:0006119,microglia,CA1,415,-0.0824394119984108,FALSE,FALSE,oxidative phosphorylation,-2.11097705826318,5.75222270996947e-5,manuscript-fixed programme/location/constituent-term exemplar
3,GO:0006119,microglia,CA1,416,-0.0826380611839491,FALSE,FALSE,oxidative phosphorylation,-2.11097705826318,5.75222270996947e-5,manuscript-fixed programme/location/constituent-term exemplar
3,GO:0006119,microglia,CA1,417,-0.0828367103694875,FALSE,FALSE,oxidative phosphorylation,-2.11097705826318,5.75222270996947e-5,manuscript-fixed programme/location/constituent-term exemplar
3,GO:0006119,microglia,CA1,418,-0.0830353595550258,FALSE,FALSE,oxidative phosphorylation,-2.11097705826318,5.75222270996947e-5,manuscript-fixed programme/location/constituent-term exemplar
3,GO:0006119,microglia,CA1,419,-0.0832340087405642,FALSE,FALSE,oxidative phosphorylation,-2.11097705826318,5.75222270996947e-5,manuscript-fixed programme/location/constituent-term exemplar
3,GO:0006119,microglia,CA1,420,-0.0834326579261025,FALSE,FALSE,oxidative phosphorylation,-2.11097705826318,5.75222270996947e-5,manuscript-fixed programme/location/constituent-term exemplar
3,GO:0006119,microglia,CA1,421,-0.0836313071116408,FALSE,FALSE,oxidative phosphorylation,-2.11097705826318,5.75222270996947e-5,manuscript-fixed programme/location/constituent-term exemplar
3,GO:0006119,microglia,CA1,422,-0.0838299562971792,FALSE,FALSE,oxidative phosphorylation,-2.11097705826318,5.75222270996947e-5,manuscript-fixed programme/location/constituent-term exemplar
3,GO:0006119,microglia,CA1,423,-0.0840286054827175,FALSE,FALSE,oxidative phosphorylation,-2.11097705826318,5.75222270996947e-5,manuscript-fixed programme/location/constituent-term exemplar
3,GO:0006119,microglia,CA1,424,-0.0842272546682559,FALSE,FALSE,oxidative phosphorylation,-2.11097705826318,5.75222270996947e-5,manuscript-fixed programme/location/constituent-term exemplar
3,GO:0006119,microglia,CA1,425,-0.0844259038537942,FALSE,FALSE,oxidative phosphorylation,-2.11097705826318,5.75222270996947e-5,manuscript-fixed programme/location/constituent-term exemplar
3,GO:0006119,microglia,CA1,426,-0.0846245530393325,FALSE,FALSE,oxidative phosphorylation,-2.11097705826318,5.75222270996947e-5,manuscript-fixed programme/location/constituent-term exemplar
3,GO:0006119,microglia,CA1,427,-0.0848232022248709,FALSE,FALSE,oxidative phosphorylation,-2.11097705826318,5.75222270996947e-5,manuscript-fixed programme/location/constituent-term exemplar
3,GO:0006119,microglia,CA1,428,-0.0850218514104092,FALSE,FALSE,oxidative phosphorylation,-2.11097705826318,5.75222270996947e-5,manuscript-fixed programme/location/constituent-term exemplar
3,GO:0006119,microglia,CA1,429,-0.0852205005959476,FALSE,FALSE,oxidative phosphorylation,-2.11097705826318,5.75222270996947e-5,manuscript-fixed programme/location/constituent-term exemplar
3,GO:0006119,microglia,CA1,430,-0.0854191497814859,FALSE,FALSE,oxidative phosphorylation,-2.11097705826318,5.75222270996947e-5,manuscript-fixed programme/location/constituent-term exemplar
3,GO:0006119,microglia,CA1,431,-0.0856177989670242,FALSE,FALSE,oxidative phosphorylation,-2.11097705826318,5.75222270996947e-5,manuscript-fixed programme/location/constituent-term exemplar
3,GO:0006119,microglia,CA1,432,-0.0858164481525626,FALSE,FALSE,oxidative phosphorylation,-2.11097705826318,5.75222270996947e-5,manuscript-fixed programme/location/constituent-term exemplar
3,GO:0006119,microglia,CA1,433,-0.0860150973381009,FALSE,FALSE,oxidative phosphorylation,-2.11097705826318,5.75222270996947e-5,manuscript-fixed programme/location/constituent-term exemplar
3,GO:0006119,microglia,CA1,434,-0.0862137465236393,FALSE,FALSE,oxidative phosphorylation,-2.11097705826318,5.75222270996947e-5,manuscript-fixed programme/location/constituent-term exemplar
3,GO:0006119,microglia,CA1,435,-0.0864123957091776,FALSE,FALSE,oxidative phosphorylation,-2.11097705826318,5.75222270996947e-5,manuscript-fixed programme/location/constituent-term exemplar
3,GO:0006119,microglia,CA1,436,-0.0866110448947159,FALSE,FALSE,oxidative phosphorylation,-2.11097705826318,5.75222270996947e-5,manuscript-fixed programme/location/constituent-term exemplar
3,GO:0006119,microglia,CA1,437,-0.0868096940802543,FALSE,FALSE,oxidative phosphorylation,-2.11097705826318,5.75222270996947e-5,manuscript-fixed programme/location/constituent-term exemplar
3,GO:0006119,microglia,CA1,438,-0.0870083432657926,FALSE,FALSE,oxidative phosphorylation,-2.11097705826318,5.75222270996947e-5,manuscript-fixed programme/location/constituent-term exemplar
3,GO:0006119,microglia,CA1,439,-0.087206992451331,FALSE,FALSE,oxidative phosphorylation,-2.11097705826318,5.75222270996947e-5,manuscript-fixed programme/location/constituent-term exemplar
3,GO:0006119,microglia,CA1,440,-0.0874056416368693,FALSE,FALSE,oxidative phosphorylation,-2.11097705826318,5.75222270996947e-5,manuscript-fixed programme/location/constituent-term exemplar
3,GO:0006119,microglia,CA1,441,-0.0876042908224076,FALSE,FALSE,oxidative phosphorylation,-2.11097705826318,5.75222270996947e-5,manuscript-fixed programme/location/constituent-term exemplar
3,GO:0006119,microglia,CA1,442,-0.087802940007946,FALSE,FALSE,oxidative phosphorylation,-2.11097705826318,5.75222270996947e-5,manuscript-fixed programme/location/constituent-term exemplar
3,GO:0006119,microglia,CA1,443,-0.0880015891934843,FALSE,FALSE,oxidative phosphorylation,-2.11097705826318,5.75222270996947e-5,manuscript-fixed programme/location/constituent-term exemplar
3,GO:0006119,microglia,CA1,444,-0.0882002383790226,FALSE,FALSE,oxidative phosphorylation,-2.11097705826318,5.75222270996947e-5,manuscript-fixed programme/location/constituent-term exemplar
3,GO:0006119,microglia,CA1,445,-0.088398887564561,FALSE,FALSE,oxidative phosphorylation,-2.11097705826318,5.75222270996947e-5,manuscript-fixed programme/location/constituent-term exemplar
3,GO:0006119,microglia,CA1,446,-0.0885975367500993,FALSE,FALSE,oxidative phosphorylation,-2.11097705826318,5.75222270996947e-5,manuscript-fixed programme/location/constituent-term exemplar
3,GO:0006119,microglia,CA1,447,-0.0887961859356377,FALSE,FALSE,oxidative phosphorylation,-2.11097705826318,5.75222270996947e-5,manuscript-fixed programme/location/constituent-term exemplar
3,GO:0006119,microglia,CA1,448,-0.088994835121176,FALSE,FALSE,oxidative phosphorylation,-2.11097705826318,5.75222270996947e-5,manuscript-fixed programme/location/constituent-term exemplar
3,GO:0006119,microglia,CA1,449,-0.0891934843067143,FALSE,FALSE,oxidative phosphorylation,-2.11097705826318,5.75222270996947e-5,manuscript-fixed programme/location/constituent-term exemplar
3,GO:0006119,microglia,CA1,450,-0.0893921334922527,FALSE,FALSE,oxidative phosphorylation,-2.11097705826318,5.75222270996947e-5,manuscript-fixed programme/location/constituent-term exemplar
3,GO:0006119,microglia,CA1,451,-0.089590782677791,FALSE,FALSE,oxidative phosphorylation,-2.11097705826318,5.75222270996947e-5,manuscript-fixed programme/location/constituent-term exemplar
3,GO:0006119,microglia,CA1,452,-0.0897894318633294,FALSE,FALSE,oxidative phosphorylation,-2.11097705826318,5.75222270996947e-5,manuscript-fixed programme/location/constituent-term exemplar
3,GO:0006119,microglia,CA1,453,-0.0899880810488677,FALSE,FALSE,oxidative phosphorylation,-2.11097705826318,5.75222270996947e-5,manuscript-fixed programme/location/constituent-term exemplar
3,GO:0006119,microglia,CA1,454,-0.090186730234406,FALSE,FALSE,oxidative phosphorylation,-2.11097705826318,5.75222270996947e-5,manuscript-fixed programme/location/constituent-term exemplar
3,GO:0006119,microglia,CA1,455,-0.0903853794199444,FALSE,FALSE,oxidative phosphorylation,-2.11097705826318,5.75222270996947e-5,manuscript-fixed programme/location/constituent-term exemplar
3,GO:0006119,microglia,CA1,456,-0.0905840286054827,FALSE,FALSE,oxidative phosphorylation,-2.11097705826318,5.75222270996947e-5,manuscript-fixed programme/location/constituent-term exemplar
3,GO:0006119,microglia,CA1,457,-0.0907826777910211,FALSE,FALSE,oxidative phosphorylation,-2.11097705826318,5.75222270996947e-5,manuscript-fixed programme/location/constituent-term exemplar
3,GO:0006119,microglia,CA1,458,-0.0909813269765594,FALSE,FALSE,oxidative phosphorylation,-2.11097705826318,5.75222270996947e-5,manuscript-fixed programme/location/constituent-term exemplar
3,GO:0006119,microglia,CA1,459,-0.0911799761620977,FALSE,FALSE,oxidative phosphorylation,-2.11097705826318,5.75222270996947e-5,manuscript-fixed programme/location/constituent-term exemplar
3,GO:0006119,microglia,CA1,460,-0.0913786253476361,FALSE,FALSE,oxidative phosphorylation,-2.11097705826318,5.75222270996947e-5,manuscript-fixed programme/location/constituent-term exemplar
3,GO:0006119,microglia,CA1,461,-0.0915772745331744,FALSE,FALSE,oxidative phosphorylation,-2.11097705826318,5.75222270996947e-5,manuscript-fixed programme/location/constituent-term exemplar
3,GO:0006119,microglia,CA1,462,-0.0917759237187128,FALSE,FALSE,oxidative phosphorylation,-2.11097705826318,5.75222270996947e-5,manuscript-fixed programme/location/constituent-term exemplar
3,GO:0006119,microglia,CA1,463,-0.0919745729042511,FALSE,FALSE,oxidative phosphorylation,-2.11097705826318,5.75222270996947e-5,manuscript-fixed programme/location/constituent-term exemplar
3,GO:0006119,microglia,CA1,464,-0.0921732220897894,FALSE,FALSE,oxidative phosphorylation,-2.11097705826318,5.75222270996947e-5,manuscript-fixed programme/location/constituent-term exemplar
3,GO:0006119,microglia,CA1,465,-0.0923718712753278,FALSE,FALSE,oxidative phosphorylation,-2.11097705826318,5.75222270996947e-5,manuscript-fixed programme/location/constituent-term exemplar
3,GO:0006119,microglia,CA1,466,-0.0925705204608661,FALSE,FALSE,oxidative phosphorylation,-2.11097705826318,5.75222270996947e-5,manuscript-fixed programme/location/constituent-term exemplar
3,GO:0006119,microglia,CA1,467,-0.0927691696464045,FALSE,FALSE,oxidative phosphorylation,-2.11097705826318,5.75222270996947e-5,manuscript-fixed programme/location/constituent-term exemplar
3,GO:0006119,microglia,CA1,468,-0.0929678188319428,FALSE,FALSE,oxidative phosphorylation,-2.11097705826318,5.75222270996947e-5,manuscript-fixed programme/location/constituent-term exemplar
3,GO:0006119,microglia,CA1,469,-0.0931664680174811,FALSE,FALSE,oxidative phosphorylation,-2.11097705826318,5.75222270996947e-5,manuscript-fixed programme/location/constituent-term exemplar
3,GO:0006119,microglia,CA1,470,-0.0933651172030195,FALSE,FALSE,oxidative phosphorylation,-2.11097705826318,5.75222270996947e-5,manuscript-fixed programme/location/constituent-term exemplar
3,GO:0006119,microglia,CA1,471,-0.0935637663885578,FALSE,FALSE,oxidative phosphorylation,-2.11097705826318,5.75222270996947e-5,manuscript-fixed programme/location/constituent-term exemplar
3,GO:0006119,microglia,CA1,472,-0.0937624155740961,FALSE,FALSE,oxidative phosphorylation,-2.11097705826318,5.75222270996947e-5,manuscript-fixed programme/location/constituent-term exemplar
3,GO:0006119,microglia,CA1,473,-0.0939610647596345,FALSE,FALSE,oxidative phosphorylation,-2.11097705826318,5.75222270996947e-5,manuscript-fixed programme/location/constituent-term exemplar
3,GO:0006119,microglia,CA1,474,-0.0941597139451728,FALSE,FALSE,oxidative phosphorylation,-2.11097705826318,5.75222270996947e-5,manuscript-fixed programme/location/constituent-term exemplar
3,GO:0006119,microglia,CA1,475,-0.0943583631307112,FALSE,FALSE,oxidative phosphorylation,-2.11097705826318,5.75222270996947e-5,manuscript-fixed programme/location/constituent-term exemplar
3,GO:0006119,microglia,CA1,476,-0.0945570123162495,FALSE,FALSE,oxidative phosphorylation,-2.11097705826318,5.75222270996947e-5,manuscript-fixed programme/location/constituent-term exemplar
3,GO:0006119,microglia,CA1,477,-0.0947556615017878,FALSE,FALSE,oxidative phosphorylation,-2.11097705826318,5.75222270996947e-5,manuscript-fixed programme/location/constituent-term exemplar
3,GO:0006119,microglia,CA1,478,-0.0949543106873262,FALSE,FALSE,oxidative phosphorylation,-2.11097705826318,5.75222270996947e-5,manuscript-fixed programme/location/constituent-term exemplar
3,GO:0006119,microglia,CA1,479,-0.0951529598728645,FALSE,FALSE,oxidative phosphorylation,-2.11097705826318,5.75222270996947e-5,manuscript-fixed programme/location/constituent-term exemplar
3,GO:0006119,microglia,CA1,480,-0.0953516090584029,FALSE,FALSE,oxidative phosphorylation,-2.11097705826318,5.75222270996947e-5,manuscript-fixed programme/location/constituent-term exemplar
3,GO:0006119,microglia,CA1,481,-0.0955502582439412,FALSE,FALSE,oxidative phosphorylation,-2.11097705826318,5.75222270996947e-5,manuscript-fixed programme/location/constituent-term exemplar
3,GO:0006119,microglia,CA1,482,-0.0957489074294795,FALSE,FALSE,oxidative phosphorylation,-2.11097705826318,5.75222270996947e-5,manuscript-fixed programme/location/constituent-term exemplar
3,GO:0006119,microglia,CA1,483,-0.0959475566150179,FALSE,FALSE,oxidative phosphorylation,-2.11097705826318,5.75222270996947e-5,manuscript-fixed programme/location/constituent-term exemplar
3,GO:0006119,microglia,CA1,484,-0.0961462058005562,FALSE,FALSE,oxidative phosphorylation,-2.11097705826318,5.75222270996947e-5,manuscript-fixed programme/location/constituent-term exemplar
3,GO:0006119,microglia,CA1,485,-0.0963448549860946,FALSE,FALSE,oxidative phosphorylation,-2.11097705826318,5.75222270996947e-5,manuscript-fixed programme/location/constituent-term exemplar
3,GO:0006119,microglia,CA1,486,-0.0965435041716329,FALSE,FALSE,oxidative phosphorylation,-2.11097705826318,5.75222270996947e-5,manuscript-fixed programme/location/constituent-term exemplar
3,GO:0006119,microglia,CA1,487,-0.0967421533571712,FALSE,FALSE,oxidative phosphorylation,-2.11097705826318,5.75222270996947e-5,manuscript-fixed programme/location/constituent-term exemplar
3,GO:0006119,microglia,CA1,488,-0.0969408025427096,FALSE,FALSE,oxidative phosphorylation,-2.11097705826318,5.75222270996947e-5,manuscript-fixed programme/location/constituent-term exemplar
3,GO:0006119,microglia,CA1,489,-0.0971394517282479,FALSE,FALSE,oxidative phosphorylation,-2.11097705826318,5.75222270996947e-5,manuscript-fixed programme/location/constituent-term exemplar
3,GO:0006119,microglia,CA1,490,-0.0973381009137863,FALSE,FALSE,oxidative phosphorylation,-2.11097705826318,5.75222270996947e-5,manuscript-fixed programme/location/constituent-term exemplar
3,GO:0006119,microglia,CA1,491,-0.0975367500993246,FALSE,FALSE,oxidative phosphorylation,-2.11097705826318,5.75222270996947e-5,manuscript-fixed programme/location/constituent-term exemplar
3,GO:0006119,microglia,CA1,492,-0.0977353992848629,FALSE,FALSE,oxidative phosphorylation,-2.11097705826318,5.75222270996947e-5,manuscript-fixed programme/location/constituent-term exemplar
3,GO:0006119,microglia,CA1,493,-0.0979340484704013,FALSE,FALSE,oxidative phosphorylation,-2.11097705826318,5.75222270996947e-5,manuscript-fixed programme/location/constituent-term exemplar
3,GO:0006119,microglia,CA1,494,-0.0981326976559396,FALSE,FALSE,oxidative phosphorylation,-2.11097705826318,5.75222270996947e-5,manuscript-fixed programme/location/constituent-term exemplar
3,GO:0006119,microglia,CA1,495,-0.0983313468414779,FALSE,FALSE,oxidative phosphorylation,-2.11097705826318,5.75222270996947e-5,manuscript-fixed programme/location/constituent-term exemplar
3,GO:0006119,microglia,CA1,496,-0.0985299960270163,FALSE,FALSE,oxidative phosphorylation,-2.11097705826318,5.75222270996947e-5,manuscript-fixed programme/location/constituent-term exemplar
3,GO:0006119,microglia,CA1,497,-0.0987286452125546,FALSE,FALSE,oxidative phosphorylation,-2.11097705826318,5.75222270996947e-5,manuscript-fixed programme/location/constituent-term exemplar
3,GO:0006119,microglia,CA1,498,-0.098927294398093,FALSE,FALSE,oxidative phosphorylation,-2.11097705826318,5.75222270996947e-5,manuscript-fixed programme/location/constituent-term exemplar
3,GO:0006119,microglia,CA1,499,-0.0991259435836313,FALSE,FALSE,oxidative phosphorylation,-2.11097705826318,5.75222270996947e-5,manuscript-fixed programme/location/constituent-term exemplar
3,GO:0006119,microglia,CA1,500,-0.0993245927691696,FALSE,FALSE,oxidative phosphorylation,-2.11097705826318,5.75222270996947e-5,manuscript-fixed programme/location/constituent-term exemplar
3,GO:0006119,microglia,CA1,501,-0.099523241954708,FALSE,FALSE,oxidative phosphorylation,-2.11097705826318,5.75222270996947e-5,manuscript-fixed programme/location/constituent-term exemplar
3,GO:0006119,microglia,CA1,502,-0.0997218911402463,FALSE,FALSE,oxidative phosphorylation,-2.11097705826318,5.75222270996947e-5,manuscript-fixed programme/location/constituent-term exemplar
3,GO:0006119,microglia,CA1,503,-0.0999205403257847,FALSE,FALSE,oxidative phosphorylation,-2.11097705826318,5.75222270996947e-5,manuscript-fixed programme/location/constituent-term exemplar
3,GO:0006119,microglia,CA1,504,-0.100119189511323,FALSE,FALSE,oxidative phosphorylation,-2.11097705826318,5.75222270996947e-5,manuscript-fixed programme/location/constituent-term exemplar
3,GO:0006119,microglia,CA1,505,-0.100317838696861,FALSE,FALSE,oxidative phosphorylation,-2.11097705826318,5.75222270996947e-5,manuscript-fixed programme/location/constituent-term exemplar
3,GO:0006119,microglia,CA1,506,-0.1005164878824,FALSE,FALSE,oxidative phosphorylation,-2.11097705826318,5.75222270996947e-5,manuscript-fixed programme/location/constituent-term exemplar
3,GO:0006119,microglia,CA1,507,-0.100715137067938,FALSE,FALSE,oxidative phosphorylation,-2.11097705826318,5.75222270996947e-5,manuscript-fixed programme/location/constituent-term exemplar
3,GO:0006119,microglia,CA1,508,-0.100913786253476,FALSE,FALSE,oxidative phosphorylation,-2.11097705826318,5.75222270996947e-5,manuscript-fixed programme/location/constituent-term exemplar
3,GO:0006119,microglia,CA1,509,-0.101112435439015,FALSE,FALSE,oxidative phosphorylation,-2.11097705826318,5.75222270996947e-5,manuscript-fixed programme/location/constituent-term exemplar
3,GO:0006119,microglia,CA1,510,-0.101311084624553,FALSE,FALSE,oxidative phosphorylation,-2.11097705826318,5.75222270996947e-5,manuscript-fixed programme/location/constituent-term exemplar
3,GO:0006119,microglia,CA1,511,-0.101509733810091,FALSE,FALSE,oxidative phosphorylation,-2.11097705826318,5.75222270996947e-5,manuscript-fixed programme/location/constituent-term exemplar
3,GO:0006119,microglia,CA1,512,-0.10170838299563,FALSE,FALSE,oxidative phosphorylation,-2.11097705826318,5.75222270996947e-5,manuscript-fixed programme/location/constituent-term exemplar
3,GO:0006119,microglia,CA1,513,-0.101907032181168,FALSE,FALSE,oxidative phosphorylation,-2.11097705826318,5.75222270996947e-5,manuscript-fixed programme/location/constituent-term exemplar
3,GO:0006119,microglia,CA1,514,-0.102105681366706,FALSE,FALSE,oxidative phosphorylation,-2.11097705826318,5.75222270996947e-5,manuscript-fixed programme/location/constituent-term exemplar
3,GO:0006119,microglia,CA1,515,-0.102304330552245,FALSE,FALSE,oxidative phosphorylation,-2.11097705826318,5.75222270996947e-5,manuscript-fixed programme/location/constituent-term exemplar
3,GO:0006119,microglia,CA1,516,-0.102502979737783,FALSE,FALSE,oxidative phosphorylation,-2.11097705826318,5.75222270996947e-5,manuscript-fixed programme/location/constituent-term exemplar
3,GO:0006119,microglia,CA1,517,-0.102701628923321,FALSE,FALSE,oxidative phosphorylation,-2.11097705826318,5.75222270996947e-5,manuscript-fixed programme/location/constituent-term exemplar
3,GO:0006119,microglia,CA1,518,-0.10290027810886,FALSE,FALSE,oxidative phosphorylation,-2.11097705826318,5.75222270996947e-5,manuscript-fixed programme/location/constituent-term exemplar
3,GO:0006119,microglia,CA1,519,-0.103098927294398,FALSE,FALSE,oxidative phosphorylation,-2.11097705826318,5.75222270996947e-5,manuscript-fixed programme/location/constituent-term exemplar
3,GO:0006119,microglia,CA1,520,-0.103297576479936,FALSE,FALSE,oxidative phosphorylation,-2.11097705826318,5.75222270996947e-5,manuscript-fixed programme/location/constituent-term exemplar
3,GO:0006119,microglia,CA1,521,-0.0919088333073384,TRUE,FALSE,oxidative phosphorylation,-2.11097705826318,5.75222270996947e-5,manuscript-fixed programme/location/constituent-term exemplar
3,GO:0006119,microglia,CA1,522,-0.0921074824928768,FALSE,FALSE,oxidative phosphorylation,-2.11097705826318,5.75222270996947e-5,manuscript-fixed programme/location/constituent-term exemplar
3,GO:0006119,microglia,CA1,523,-0.0923061316784151,FALSE,FALSE,oxidative phosphorylation,-2.11097705826318,5.75222270996947e-5,manuscript-fixed programme/location/constituent-term exemplar
3,GO:0006119,microglia,CA1,524,-0.0925047808639534,FALSE,FALSE,oxidative phosphorylation,-2.11097705826318,5.75222270996947e-5,manuscript-fixed programme/location/constituent-term exemplar
3,GO:0006119,microglia,CA1,525,-0.0927034300494918,FALSE,FALSE,oxidative phosphorylation,-2.11097705826318,5.75222270996947e-5,manuscript-fixed programme/location/constituent-term exemplar
3,GO:0006119,microglia,CA1,526,-0.0929020792350301,FALSE,FALSE,oxidative phosphorylation,-2.11097705826318,5.75222270996947e-5,manuscript-fixed programme/location/constituent-term exemplar
3,GO:0006119,microglia,CA1,527,-0.0931007284205684,FALSE,FALSE,oxidative phosphorylation,-2.11097705826318,5.75222270996947e-5,manuscript-fixed programme/location/constituent-term exemplar
3,GO:0006119,microglia,CA1,528,-0.0932993776061068,FALSE,FALSE,oxidative phosphorylation,-2.11097705826318,5.75222270996947e-5,manuscript-fixed programme/location/constituent-term exemplar
3,GO:0006119,microglia,CA1,529,-0.0934980267916451,FALSE,FALSE,oxidative phosphorylation,-2.11097705826318,5.75222270996947e-5,manuscript-fixed programme/location/constituent-term exemplar
3,GO:0006119,microglia,CA1,530,-0.0936966759771835,FALSE,FALSE,oxidative phosphorylation,-2.11097705826318,5.75222270996947e-5,manuscript-fixed programme/location/constituent-term exemplar
3,GO:0006119,microglia,CA1,531,-0.0938953251627218,FALSE,FALSE,oxidative phosphorylation,-2.11097705826318,5.75222270996947e-5,manuscript-fixed programme/location/constituent-term exemplar
3,GO:0006119,microglia,CA1,532,-0.0940939743482602,FALSE,FALSE,oxidative phosphorylation,-2.11097705826318,5.75222270996947e-5,manuscript-fixed programme/location/constituent-term exemplar
3,GO:0006119,microglia,CA1,533,-0.0942926235337985,FALSE,FALSE,oxidative phosphorylation,-2.11097705826318,5.75222270996947e-5,manuscript-fixed programme/location/constituent-term exemplar
3,GO:0006119,microglia,CA1,534,-0.0944912727193368,FALSE,FALSE,oxidative phosphorylation,-2.11097705826318,5.75222270996947e-5,manuscript-fixed programme/location/constituent-term exemplar
3,GO:0006119,microglia,CA1,535,-0.0946899219048752,FALSE,FALSE,oxidative phosphorylation,-2.11097705826318,5.75222270996947e-5,manuscript-fixed programme/location/constituent-term exemplar
3,GO:0006119,microglia,CA1,536,-0.0948885710904135,FALSE,FALSE,oxidative phosphorylation,-2.11097705826318,5.75222270996947e-5,manuscript-fixed programme/location/constituent-term exemplar
3,GO:0006119,microglia,CA1,537,-0.0950872202759518,FALSE,FALSE,oxidative phosphorylation,-2.11097705826318,5.75222270996947e-5,manuscript-fixed programme/location/constituent-term exemplar
3,GO:0006119,microglia,CA1,538,-0.0952858694614902,FALSE,FALSE,oxidative phosphorylation,-2.11097705826318,5.75222270996947e-5,manuscript-fixed programme/location/constituent-term exemplar
3,GO:0006119,microglia,CA1,539,-0.0954845186470285,FALSE,FALSE,oxidative phosphorylation,-2.11097705826318,5.75222270996947e-5,manuscript-fixed programme/location/constituent-term exemplar
3,GO:0006119,microglia,CA1,540,-0.0956831678325669,FALSE,FALSE,oxidative phosphorylation,-2.11097705826318,5.75222270996947e-5,manuscript-fixed programme/location/constituent-term exemplar
3,GO:0006119,microglia,CA1,541,-0.0958818170181052,FALSE,FALSE,oxidative phosphorylation,-2.11097705826318,5.75222270996947e-5,manuscript-fixed programme/location/constituent-term exemplar
3,GO:0006119,microglia,CA1,542,-0.0960804662036435,FALSE,FALSE,oxidative phosphorylation,-2.11097705826318,5.75222270996947e-5,manuscript-fixed programme/location/constituent-term exemplar
3,GO:0006119,microglia,CA1,543,-0.0962791153891819,FALSE,FALSE,oxidative phosphorylation,-2.11097705826318,5.75222270996947e-5,manuscript-fixed programme/location/constituent-term exemplar
3,GO:0006119,microglia,CA1,544,-0.0964777645747202,FALSE,FALSE,oxidative phosphorylation,-2.11097705826318,5.75222270996947e-5,manuscript-fixed programme/location/constituent-term exemplar
3,GO:0006119,microglia,CA1,545,-0.0966764137602586,FALSE,FALSE,oxidative phosphorylation,-2.11097705826318,5.75222270996947e-5,manuscript-fixed programme/location/constituent-term exemplar
3,GO:0006119,microglia,CA1,546,-0.0968750629457969,FALSE,FALSE,oxidative phosphorylation,-2.11097705826318,5.75222270996947e-5,manuscript-fixed programme/location/constituent-term exemplar
3,GO:0006119,microglia,CA1,547,-0.0970737121313352,FALSE,FALSE,oxidative phosphorylation,-2.11097705826318,5.75222270996947e-5,manuscript-fixed programme/location/constituent-term exemplar
3,GO:0006119,microglia,CA1,548,-0.0972723613168736,FALSE,FALSE,oxidative phosphorylation,-2.11097705826318,5.75222270996947e-5,manuscript-fixed programme/location/constituent-term exemplar
3,GO:0006119,microglia,CA1,549,-0.0974710105024119,FALSE,FALSE,oxidative phosphorylation,-2.11097705826318,5.75222270996947e-5,manuscript-fixed programme/location/constituent-term exemplar
3,GO:0006119,microglia,CA1,550,-0.0976696596879503,FALSE,FALSE,oxidative phosphorylation,-2.11097705826318,5.75222270996947e-5,manuscript-fixed programme/location/constituent-term exemplar
3,GO:0006119,microglia,CA1,551,-0.0978683088734886,FALSE,FALSE,oxidative phosphorylation,-2.11097705826318,5.75222270996947e-5,manuscript-fixed programme/location/constituent-term exemplar
3,GO:0006119,microglia,CA1,552,-0.0980669580590269,FALSE,FALSE,oxidative phosphorylation,-2.11097705826318,5.75222270996947e-5,manuscript-fixed programme/location/constituent-term exemplar
3,GO:0006119,microglia,CA1,553,-0.0982656072445653,FALSE,FALSE,oxidative phosphorylation,-2.11097705826318,5.75222270996947e-5,manuscript-fixed programme/location/constituent-term exemplar
3,GO:0006119,microglia,CA1,554,-0.0984642564301036,FALSE,FALSE,oxidative phosphorylation,-2.11097705826318,5.75222270996947e-5,manuscript-fixed programme/location/constituent-term exemplar
3,GO:0006119,microglia,CA1,555,-0.0986629056156419,FALSE,FALSE,oxidative phosphorylation,-2.11097705826318,5.75222270996947e-5,manuscript-fixed programme/location/constituent-term exemplar
3,GO:0006119,microglia,CA1,556,-0.098861554801180307,FALSE,FALSE,oxidative phosphorylation,-2.11097705826318,5.75222270996947e-5,manuscript-fixed programme/location/constituent-term exemplar
3,GO:0006119,microglia,CA1,557,-0.0990602039867186,FALSE,FALSE,oxidative phosphorylation,-2.11097705826318,5.75222270996947e-5,manuscript-fixed programme/location/constituent-term exemplar
3,GO:0006119,microglia,CA1,558,-0.099258853172257,FALSE,FALSE,oxidative phosphorylation,-2.11097705826318,5.75222270996947e-5,manuscript-fixed programme/location/constituent-term exemplar
3,GO:0006119,microglia,CA1,559,-0.0994575023577953,FALSE,FALSE,oxidative phosphorylation,-2.11097705826318,5.75222270996947e-5,manuscript-fixed programme/location/constituent-term exemplar
3,GO:0006119,microglia,CA1,560,-0.0996561515433337,FALSE,FALSE,oxidative phosphorylation,-2.11097705826318,5.75222270996947e-5,manuscript-fixed programme/location/constituent-term exemplar
3,GO:0006119,microglia,CA1,561,-0.099854800728872,FALSE,FALSE,oxidative phosphorylation,-2.11097705826318,5.75222270996947e-5,manuscript-fixed programme/location/constituent-term exemplar
3,GO:0006119,microglia,CA1,562,-0.10005344991441,FALSE,FALSE,oxidative phosphorylation,-2.11097705826318,5.75222270996947e-5,manuscript-fixed programme/location/constituent-term exemplar
3,GO:0006119,microglia,CA1,563,-0.100252099099949,FALSE,FALSE,oxidative phosphorylation,-2.11097705826318,5.75222270996947e-5,manuscript-fixed programme/location/constituent-term exemplar
3,GO:0006119,microglia,CA1,564,-0.100450748285487,FALSE,FALSE,oxidative phosphorylation,-2.11097705826318,5.75222270996947e-5,manuscript-fixed programme/location/constituent-term exemplar
3,GO:0006119,microglia,CA1,565,-0.100649397471025,FALSE,FALSE,oxidative phosphorylation,-2.11097705826318,5.75222270996947e-5,manuscript-fixed programme/location/constituent-term exemplar
3,GO:0006119,microglia,CA1,566,-0.100848046656564,FALSE,FALSE,oxidative phosphorylation,-2.11097705826318,5.75222270996947e-5,manuscript-fixed programme/location/constituent-term exemplar
3,GO:0006119,microglia,CA1,567,-0.101046695842102,FALSE,FALSE,oxidative phosphorylation,-2.11097705826318,5.75222270996947e-5,manuscript-fixed programme/location/constituent-term exemplar
3,GO:0006119,microglia,CA1,568,-0.10124534502764,FALSE,FALSE,oxidative phosphorylation,-2.11097705826318,5.75222270996947e-5,manuscript-fixed programme/location/constituent-term exemplar
3,GO:0006119,microglia,CA1,569,-0.101443994213179,FALSE,FALSE,oxidative phosphorylation,-2.11097705826318,5.75222270996947e-5,manuscript-fixed programme/location/constituent-term exemplar
3,GO:0006119,microglia,CA1,570,-0.101642643398717,FALSE,FALSE,oxidative phosphorylation,-2.11097705826318,5.75222270996947e-5,manuscript-fixed programme/location/constituent-term exemplar
3,GO:0006119,microglia,CA1,571,-0.101841292584255,FALSE,FALSE,oxidative phosphorylation,-2.11097705826318,5.75222270996947e-5,manuscript-fixed programme/location/constituent-term exemplar
3,GO:0006119,microglia,CA1,572,-0.0909813940429306,TRUE,FALSE,oxidative phosphorylation,-2.11097705826318,5.75222270996947e-5,manuscript-fixed programme/location/constituent-term exemplar
3,GO:0006119,microglia,CA1,573,-0.0911800432284689,FALSE,FALSE,oxidative phosphorylation,-2.11097705826318,5.75222270996947e-5,manuscript-fixed programme/location/constituent-term exemplar
3,GO:0006119,microglia,CA1,574,-0.0913786924140073,FALSE,FALSE,oxidative phosphorylation,-2.11097705826318,5.75222270996947e-5,manuscript-fixed programme/location/constituent-term exemplar
3,GO:0006119,microglia,CA1,575,-0.0915773415995456,FALSE,FALSE,oxidative phosphorylation,-2.11097705826318,5.75222270996947e-5,manuscript-fixed programme/location/constituent-term exemplar
3,GO:0006119,microglia,CA1,576,-0.0917759907850839,FALSE,FALSE,oxidative phosphorylation,-2.11097705826318,5.75222270996947e-5,manuscript-fixed programme/location/constituent-term exemplar
3,GO:0006119,microglia,CA1,577,-0.0919746399706223,FALSE,FALSE,oxidative phosphorylation,-2.11097705826318,5.75222270996947e-5,manuscript-fixed programme/location/constituent-term exemplar
3,GO:0006119,microglia,CA1,578,-0.0921732891561606,FALSE,FALSE,oxidative phosphorylation,-2.11097705826318,5.75222270996947e-5,manuscript-fixed programme/location/constituent-term exemplar
3,GO:0006119,microglia,CA1,579,-0.092371938341699,FALSE,FALSE,oxidative phosphorylation,-2.11097705826318,5.75222270996947e-5,manuscript-fixed programme/location/constituent-term exemplar
3,GO:0006119,microglia,CA1,580,-0.0925705875272373,FALSE,FALSE,oxidative phosphorylation,-2.11097705826318,5.75222270996947e-5,manuscript-fixed programme/location/constituent-term exemplar
3,GO:0006119,microglia,CA1,581,-0.0927692367127756,FALSE,FALSE,oxidative phosphorylation,-2.11097705826318,5.75222270996947e-5,manuscript-fixed programme/location/constituent-term exemplar
3,GO:0006119,microglia,CA1,582,-0.092967885898314,FALSE,FALSE,oxidative phosphorylation,-2.11097705826318,5.75222270996947e-5,manuscript-fixed programme/location/constituent-term exemplar
3,GO:0006119,microglia,CA1,583,-0.0931665350838523,FALSE,FALSE,oxidative phosphorylation,-2.11097705826318,5.75222270996947e-5,manuscript-fixed programme/location/constituent-term exemplar
3,GO:0006119,microglia,CA1,584,-0.0933651842693907,FALSE,FALSE,oxidative phosphorylation,-2.11097705826318,5.75222270996947e-5,manuscript-fixed programme/location/constituent-term exemplar
3,GO:0006119,microglia,CA1,585,-0.093563833454929,FALSE,FALSE,oxidative phosphorylation,-2.11097705826318,5.75222270996947e-5,manuscript-fixed programme/location/constituent-term exemplar
3,GO:0006119,microglia,CA1,586,-0.0937624826404673,FALSE,FALSE,oxidative phosphorylation,-2.11097705826318,5.75222270996947e-5,manuscript-fixed programme/location/constituent-term exemplar
3,GO:0006119,microglia,CA1,587,-0.0939611318260057,FALSE,FALSE,oxidative phosphorylation,-2.11097705826318,5.75222270996947e-5,manuscript-fixed programme/location/constituent-term exemplar
3,GO:0006119,microglia,CA1,588,-0.094159781011544,FALSE,FALSE,oxidative phosphorylation,-2.11097705826318,5.75222270996947e-5,manuscript-fixed programme/location/constituent-term exemplar
3,GO:0006119,microglia,CA1,589,-0.0943584301970824,FALSE,FALSE,oxidative phosphorylation,-2.11097705826318,5.75222270996947e-5,manuscript-fixed programme/location/constituent-term exemplar
3,GO:0006119,microglia,CA1,590,-0.0945570793826207,FALSE,FALSE,oxidative phosphorylation,-2.11097705826318,5.75222270996947e-5,manuscript-fixed programme/location/constituent-term exemplar
3,GO:0006119,microglia,CA1,591,-0.094755728568159,FALSE,FALSE,oxidative phosphorylation,-2.11097705826318,5.75222270996947e-5,manuscript-fixed programme/location/constituent-term exemplar
3,GO:0006119,microglia,CA1,592,-0.0949543777536974,FALSE,FALSE,oxidative phosphorylation,-2.11097705826318,5.75222270996947e-5,manuscript-fixed programme/location/constituent-term exemplar
3,GO:0006119,microglia,CA1,593,-0.0951530269392357,FALSE,FALSE,oxidative phosphorylation,-2.11097705826318,5.75222270996947e-5,manuscript-fixed programme/location/constituent-term exemplar
3,GO:0006119,microglia,CA1,594,-0.095351676124774,FALSE,FALSE,oxidative phosphorylation,-2.11097705826318,5.75222270996947e-5,manuscript-fixed programme/location/constituent-term exemplar
3,GO:0006119,microglia,CA1,595,-0.0955503253103124,FALSE,FALSE,oxidative phosphorylation,-2.11097705826318,5.75222270996947e-5,manuscript-fixed programme/location/constituent-term exemplar
3,GO:0006119,microglia,CA1,596,-0.0957489744958507,FALSE,FALSE,oxidative phosphorylation,-2.11097705826318,5.75222270996947e-5,manuscript-fixed programme/location/constituent-term exemplar
3,GO:0006119,microglia,CA1,597,-0.0959476236813891,FALSE,FALSE,oxidative phosphorylation,-2.11097705826318,5.75222270996947e-5,manuscript-fixed programme/location/constituent-term exemplar
3,GO:0006119,microglia,CA1,598,-0.0961462728669274,FALSE,FALSE,oxidative phosphorylation,-2.11097705826318,5.75222270996947e-5,manuscript-fixed programme/location/constituent-term exemplar
3,GO:0006119,microglia,CA1,599,-0.0963449220524658,FALSE,FALSE,oxidative phosphorylation,-2.11097705826318,5.75222270996947e-5,manuscript-fixed programme/location/constituent-term exemplar
3,GO:0006119,microglia,CA1,600,-0.0965435712380041,FALSE,FALSE,oxidative phosphorylation,-2.11097705826318,5.75222270996947e-5,manuscript-fixed programme/location/constituent-term exemplar
3,GO:0006119,microglia,CA1,601,-0.0967422204235424,FALSE,FALSE,oxidative phosphorylation,-2.11097705826318,5.75222270996947e-5,manuscript-fixed programme/location/constituent-term exemplar
3,GO:0006119,microglia,CA1,602,-0.0969408696090808,FALSE,FALSE,oxidative phosphorylation,-2.11097705826318,5.75222270996947e-5,manuscript-fixed programme/location/constituent-term exemplar
3,GO:0006119,microglia,CA1,603,-0.0971395187946191,FALSE,FALSE,oxidative phosphorylation,-2.11097705826318,5.75222270996947e-5,manuscript-fixed programme/location/constituent-term exemplar
3,GO:0006119,microglia,CA1,604,-0.0973381679801574,FALSE,FALSE,oxidative phosphorylation,-2.11097705826318,5.75222270996947e-5,manuscript-fixed programme/location/constituent-term exemplar
3,GO:0006119,microglia,CA1,605,-0.0975368171656958,FALSE,FALSE,oxidative phosphorylation,-2.11097705826318,5.75222270996947e-5,manuscript-fixed programme/location/constituent-term exemplar
3,GO:0006119,microglia,CA1,606,-0.0977354663512341,FALSE,FALSE,oxidative phosphorylation,-2.11097705826318,5.75222270996947e-5,manuscript-fixed programme/location/constituent-term exemplar
3,GO:0006119,microglia,CA1,607,-0.0979341155367725,FALSE,FALSE,oxidative phosphorylation,-2.11097705826318,5.75222270996947e-5,manuscript-fixed programme/location/constituent-term exemplar
3,GO:0006119,microglia,CA1,608,-0.0981327647223108,FALSE,FALSE,oxidative phosphorylation,-2.11097705826318,5.75222270996947e-5,manuscript-fixed programme/location/constituent-term exemplar
3,GO:0006119,microglia,CA1,609,-0.0983314139078491,FALSE,FALSE,oxidative phosphorylation,-2.11097705826318,5.75222270996947e-5,manuscript-fixed programme/location/constituent-term exemplar
3,GO:0006119,microglia,CA1,610,-0.0985300630933875,FALSE,FALSE,oxidative phosphorylation,-2.11097705826318,5.75222270996947e-5,manuscript-fixed programme/location/constituent-term exemplar
3,GO:0006119,microglia,CA1,611,-0.0987287122789258,FALSE,FALSE,oxidative phosphorylation,-2.11097705826318,5.75222270996947e-5,manuscript-fixed programme/location/constituent-term exemplar
3,GO:0006119,microglia,CA1,612,-0.0989273614644642,FALSE,FALSE,oxidative phosphorylation,-2.11097705826318,5.75222270996947e-5,manuscript-fixed programme/location/constituent-term exemplar
3,GO:0006119,microglia,CA1,613,-0.0991260106500025,FALSE,FALSE,oxidative phosphorylation,-2.11097705826318,5.75222270996947e-5,manuscript-fixed programme/location/constituent-term exemplar
3,GO:0006119,microglia,CA1,614,-0.0993246598355408,FALSE,FALSE,oxidative phosphorylation,-2.11097705826318,5.75222270996947e-5,manuscript-fixed programme/location/constituent-term exemplar
3,GO:0006119,microglia,CA1,615,-0.0995233090210792,FALSE,FALSE,oxidative phosphorylation,-2.11097705826318,5.75222270996947e-5,manuscript-fixed programme/location/constituent-term exemplar
3,GO:0006119,microglia,CA1,616,-0.0997219582066175,FALSE,FALSE,oxidative phosphorylation,-2.11097705826318,5.75222270996947e-5,manuscript-fixed programme/location/constituent-term exemplar
3,GO:0006119,microglia,CA1,617,-0.0999206073921559,FALSE,FALSE,oxidative phosphorylation,-2.11097705826318,5.75222270996947e-5,manuscript-fixed programme/location/constituent-term exemplar
3,GO:0006119,microglia,CA1,618,-0.100119256577694,FALSE,FALSE,oxidative phosphorylation,-2.11097705826318,5.75222270996947e-5,manuscript-fixed programme/location/constituent-term exemplar
3,GO:0006119,microglia,CA1,619,-0.100317905763233,FALSE,FALSE,oxidative phosphorylation,-2.11097705826318,5.75222270996947e-5,manuscript-fixed programme/location/constituent-term exemplar
3,GO:0006119,microglia,CA1,620,-0.100516554948771,FALSE,FALSE,oxidative phosphorylation,-2.11097705826318,5.75222270996947e-5,manuscript-fixed programme/location/constituent-term exemplar
3,GO:0006119,microglia,CA1,621,-0.100715204134309,FALSE,FALSE,oxidative phosphorylation,-2.11097705826318,5.75222270996947e-5,manuscript-fixed programme/location/constituent-term exemplar
3,GO:0006119,microglia,CA1,622,-0.100913853319848,FALSE,FALSE,oxidative phosphorylation,-2.11097705826318,5.75222270996947e-5,manuscript-fixed programme/location/constituent-term exemplar
3,GO:0006119,microglia,CA1,623,-0.101112502505386,FALSE,FALSE,oxidative phosphorylation,-2.11097705826318,5.75222270996947e-5,manuscript-fixed programme/location/constituent-term exemplar
3,GO:0006119,microglia,CA1,624,-0.101311151690924,FALSE,FALSE,oxidative phosphorylation,-2.11097705826318,5.75222270996947e-5,manuscript-fixed programme/location/constituent-term exemplar
3,GO:0006119,microglia,CA1,625,-0.101509800876463,FALSE,FALSE,oxidative phosphorylation,-2.11097705826318,5.75222270996947e-5,manuscript-fixed programme/location/constituent-term exemplar
3,GO:0006119,microglia,CA1,626,-0.101708450062001,FALSE,FALSE,oxidative phosphorylation,-2.11097705826318,5.75222270996947e-5,manuscript-fixed programme/location/constituent-term exemplar
3,GO:0006119,microglia,CA1,627,-0.101907099247539,FALSE,FALSE,oxidative phosphorylation,-2.11097705826318,5.75222270996947e-5,manuscript-fixed programme/location/constituent-term exemplar
3,GO:0006119,microglia,CA1,628,-0.102105748433078,FALSE,FALSE,oxidative phosphorylation,-2.11097705826318,5.75222270996947e-5,manuscript-fixed programme/location/constituent-term exemplar
3,GO:0006119,microglia,CA1,629,-0.102304397618616,FALSE,FALSE,oxidative phosphorylation,-2.11097705826318,5.75222270996947e-5,manuscript-fixed programme/location/constituent-term exemplar
3,GO:0006119,microglia,CA1,630,-0.102503046804154,FALSE,FALSE,oxidative phosphorylation,-2.11097705826318,5.75222270996947e-5,manuscript-fixed programme/location/constituent-term exemplar
3,GO:0006119,microglia,CA1,631,-0.102701695989693,FALSE,FALSE,oxidative phosphorylation,-2.11097705826318,5.75222270996947e-5,manuscript-fixed programme/location/constituent-term exemplar
3,GO:0006119,microglia,CA1,632,-0.102900345175231,FALSE,FALSE,oxidative phosphorylation,-2.11097705826318,5.75222270996947e-5,manuscript-fixed programme/location/constituent-term exemplar
3,GO:0006119,microglia,CA1,633,-0.103098994360769,FALSE,FALSE,oxidative phosphorylation,-2.11097705826318,5.75222270996947e-5,manuscript-fixed programme/location/constituent-term exemplar
3,GO:0006119,microglia,CA1,634,-0.103297643546308,FALSE,FALSE,oxidative phosphorylation,-2.11097705826318,5.75222270996947e-5,manuscript-fixed programme/location/constituent-term exemplar
3,GO:0006119,microglia,CA1,635,-0.103496292731846,FALSE,FALSE,oxidative phosphorylation,-2.11097705826318,5.75222270996947e-5,manuscript-fixed programme/location/constituent-term exemplar
3,GO:0006119,microglia,CA1,636,-0.103694941917384,FALSE,FALSE,oxidative phosphorylation,-2.11097705826318,5.75222270996947e-5,manuscript-fixed programme/location/constituent-term exemplar
3,GO:0006119,microglia,CA1,637,-0.103893591102923,FALSE,FALSE,oxidative phosphorylation,-2.11097705826318,5.75222270996947e-5,manuscript-fixed programme/location/constituent-term exemplar
3,GO:0006119,microglia,CA1,638,-0.104092240288461,FALSE,FALSE,oxidative phosphorylation,-2.11097705826318,5.75222270996947e-5,manuscript-fixed programme/location/constituent-term exemplar
3,GO:0006119,microglia,CA1,639,-0.104290889473999,FALSE,FALSE,oxidative phosphorylation,-2.11097705826318,5.75222270996947e-5,manuscript-fixed programme/location/constituent-term exemplar
3,GO:0006119,microglia,CA1,640,-0.104489538659538,FALSE,FALSE,oxidative phosphorylation,-2.11097705826318,5.75222270996947e-5,manuscript-fixed programme/location/constituent-term exemplar
3,GO:0006119,microglia,CA1,641,-0.104688187845076,FALSE,FALSE,oxidative phosphorylation,-2.11097705826318,5.75222270996947e-5,manuscript-fixed programme/location/constituent-term exemplar
3,GO:0006119,microglia,CA1,642,-0.104886837030614,FALSE,FALSE,oxidative phosphorylation,-2.11097705826318,5.75222270996947e-5,manuscript-fixed programme/location/constituent-term exemplar
3,GO:0006119,microglia,CA1,643,-0.105085486216153,FALSE,FALSE,oxidative phosphorylation,-2.11097705826318,5.75222270996947e-5,manuscript-fixed programme/location/constituent-term exemplar
3,GO:0006119,microglia,CA1,644,-0.105284135401691,FALSE,FALSE,oxidative phosphorylation,-2.11097705826318,5.75222270996947e-5,manuscript-fixed programme/location/constituent-term exemplar
3,GO:0006119,microglia,CA1,645,-0.105482784587229,FALSE,FALSE,oxidative phosphorylation,-2.11097705826318,5.75222270996947e-5,manuscript-fixed programme/location/constituent-term exemplar
3,GO:0006119,microglia,CA1,646,-0.105681433772768,FALSE,FALSE,oxidative phosphorylation,-2.11097705826318,5.75222270996947e-5,manuscript-fixed programme/location/constituent-term exemplar
3,GO:0006119,microglia,CA1,647,-0.105880082958306,FALSE,FALSE,oxidative phosphorylation,-2.11097705826318,5.75222270996947e-5,manuscript-fixed programme/location/constituent-term exemplar
3,GO:0006119,microglia,CA1,648,-0.106078732143844,FALSE,FALSE,oxidative phosphorylation,-2.11097705826318,5.75222270996947e-5,manuscript-fixed programme/location/constituent-term exemplar
3,GO:0006119,microglia,CA1,649,-0.106277381329383,FALSE,FALSE,oxidative phosphorylation,-2.11097705826318,5.75222270996947e-5,manuscript-fixed programme/location/constituent-term exemplar
3,GO:0006119,microglia,CA1,650,-0.106476030514921,FALSE,FALSE,oxidative phosphorylation,-2.11097705826318,5.75222270996947e-5,manuscript-fixed programme/location/constituent-term exemplar
3,GO:0006119,microglia,CA1,651,-0.106674679700459,FALSE,FALSE,oxidative phosphorylation,-2.11097705826318,5.75222270996947e-5,manuscript-fixed programme/location/constituent-term exemplar
3,GO:0006119,microglia,CA1,652,-0.106873328885998,FALSE,FALSE,oxidative phosphorylation,-2.11097705826318,5.75222270996947e-5,manuscript-fixed programme/location/constituent-term exemplar
3,GO:0006119,microglia,CA1,653,-0.107071978071536,FALSE,FALSE,oxidative phosphorylation,-2.11097705826318,5.75222270996947e-5,manuscript-fixed programme/location/constituent-term exemplar
3,GO:0006119,microglia,CA1,654,-0.107270627257074,FALSE,FALSE,oxidative phosphorylation,-2.11097705826318,5.75222270996947e-5,manuscript-fixed programme/location/constituent-term exemplar
3,GO:0006119,microglia,CA1,655,-0.107469276442613,FALSE,FALSE,oxidative phosphorylation,-2.11097705826318,5.75222270996947e-5,manuscript-fixed programme/location/constituent-term exemplar
3,GO:0006119,microglia,CA1,656,-0.107667925628151,FALSE,FALSE,oxidative phosphorylation,-2.11097705826318,5.75222270996947e-5,manuscript-fixed programme/location/constituent-term exemplar
3,GO:0006119,microglia,CA1,657,-0.107866574813689,FALSE,FALSE,oxidative phosphorylation,-2.11097705826318,5.75222270996947e-5,manuscript-fixed programme/location/constituent-term exemplar
3,GO:0006119,microglia,CA1,658,-0.108065223999228,FALSE,FALSE,oxidative phosphorylation,-2.11097705826318,5.75222270996947e-5,manuscript-fixed programme/location/constituent-term exemplar
3,GO:0006119,microglia,CA1,659,-0.108263873184766,FALSE,FALSE,oxidative phosphorylation,-2.11097705826318,5.75222270996947e-5,manuscript-fixed programme/location/constituent-term exemplar
3,GO:0006119,microglia,CA1,660,-0.108462522370304,FALSE,FALSE,oxidative phosphorylation,-2.11097705826318,5.75222270996947e-5,manuscript-fixed programme/location/constituent-term exemplar
3,GO:0006119,microglia,CA1,661,-0.108661171555843,FALSE,FALSE,oxidative phosphorylation,-2.11097705826318,5.75222270996947e-5,manuscript-fixed programme/location/constituent-term exemplar
3,GO:0006119,microglia,CA1,662,-0.108859820741381,FALSE,FALSE,oxidative phosphorylation,-2.11097705826318,5.75222270996947e-5,manuscript-fixed programme/location/constituent-term exemplar
3,GO:0006119,microglia,CA1,663,-0.109058469926919,FALSE,FALSE,oxidative phosphorylation,-2.11097705826318,5.75222270996947e-5,manuscript-fixed programme/location/constituent-term exemplar
3,GO:0006119,microglia,CA1,664,-0.109257119112458,FALSE,FALSE,oxidative phosphorylation,-2.11097705826318,5.75222270996947e-5,manuscript-fixed programme/location/constituent-term exemplar
3,GO:0006119,microglia,CA1,665,-0.109455768297996,FALSE,FALSE,oxidative phosphorylation,-2.11097705826318,5.75222270996947e-5,manuscript-fixed programme/location/constituent-term exemplar
3,GO:0006119,microglia,CA1,666,-0.109654417483534,FALSE,FALSE,oxidative phosphorylation,-2.11097705826318,5.75222270996947e-5,manuscript-fixed programme/location/constituent-term exemplar
3,GO:0006119,microglia,CA1,667,-0.0998554576884239,TRUE,FALSE,oxidative phosphorylation,-2.11097705826318,5.75222270996947e-5,manuscript-fixed programme/location/constituent-term exemplar
3,GO:0006119,microglia,CA1,668,-0.100054106873962,FALSE,FALSE,oxidative phosphorylation,-2.11097705826318,5.75222270996947e-5,manuscript-fixed programme/location/constituent-term exemplar
3,GO:0006119,microglia,CA1,669,-0.100252756059501,FALSE,FALSE,oxidative phosphorylation,-2.11097705826318,5.75222270996947e-5,manuscript-fixed programme/location/constituent-term exemplar
3,GO:0006119,microglia,CA1,670,-0.100451405245039,FALSE,FALSE,oxidative phosphorylation,-2.11097705826318,5.75222270996947e-5,manuscript-fixed programme/location/constituent-term exemplar
3,GO:0006119,microglia,CA1,671,-0.100650054430577,FALSE,FALSE,oxidative phosphorylation,-2.11097705826318,5.75222270996947e-5,manuscript-fixed programme/location/constituent-term exemplar
3,GO:0006119,microglia,CA1,672,-0.100848703616116,FALSE,FALSE,oxidative phosphorylation,-2.11097705826318,5.75222270996947e-5,manuscript-fixed programme/location/constituent-term exemplar
3,GO:0006119,microglia,CA1,673,-0.101047352801654,FALSE,FALSE,oxidative phosphorylation,-2.11097705826318,5.75222270996947e-5,manuscript-fixed programme/location/constituent-term exemplar
3,GO:0006119,microglia,CA1,674,-0.101246001987192,FALSE,FALSE,oxidative phosphorylation,-2.11097705826318,5.75222270996947e-5,manuscript-fixed programme/location/constituent-term exemplar
3,GO:0006119,microglia,CA1,675,-0.101444651172731,FALSE,FALSE,oxidative phosphorylation,-2.11097705826318,5.75222270996947e-5,manuscript-fixed programme/location/constituent-term exemplar
3,GO:0006119,microglia,CA1,676,-0.101643300358269,FALSE,FALSE,oxidative phosphorylation,-2.11097705826318,5.75222270996947e-5,manuscript-fixed programme/location/constituent-term exemplar
3,GO:0006119,microglia,CA1,677,-0.101841949543807,FALSE,FALSE,oxidative phosphorylation,-2.11097705826318,5.75222270996947e-5,manuscript-fixed programme/location/constituent-term exemplar
3,GO:0006119,microglia,CA1,678,-0.102040598729346,FALSE,FALSE,oxidative phosphorylation,-2.11097705826318,5.75222270996947e-5,manuscript-fixed programme/location/constituent-term exemplar
3,GO:0006119,microglia,CA1,679,-0.102239247914884,FALSE,FALSE,oxidative phosphorylation,-2.11097705826318,5.75222270996947e-5,manuscript-fixed programme/location/constituent-term exemplar
3,GO:0006119,microglia,CA1,680,-0.102437897100422,FALSE,FALSE,oxidative phosphorylation,-2.11097705826318,5.75222270996947e-5,manuscript-fixed programme/location/constituent-term exemplar
3,GO:0006119,microglia,CA1,681,-0.102636546285961,FALSE,FALSE,oxidative phosphorylation,-2.11097705826318,5.75222270996947e-5,manuscript-fixed programme/location/constituent-term exemplar
3,GO:0006119,microglia,CA1,682,-0.102835195471499,FALSE,FALSE,oxidative phosphorylation,-2.11097705826318,5.75222270996947e-5,manuscript-fixed programme/location/constituent-term exemplar
3,GO:0006119,microglia,CA1,683,-0.103033844657037,FALSE,FALSE,oxidative phosphorylation,-2.11097705826318,5.75222270996947e-5,manuscript-fixed programme/location/constituent-term exemplar
3,GO:0006119,microglia,CA1,684,-0.103232493842576,FALSE,FALSE,oxidative phosphorylation,-2.11097705826318,5.75222270996947e-5,manuscript-fixed programme/location/constituent-term exemplar
3,GO:0006119,microglia,CA1,685,-0.103431143028114,FALSE,FALSE,oxidative phosphorylation,-2.11097705826318,5.75222270996947e-5,manuscript-fixed programme/location/constituent-term exemplar
3,GO:0006119,microglia,CA1,686,-0.103629792213652,FALSE,FALSE,oxidative phosphorylation,-2.11097705826318,5.75222270996947e-5,manuscript-fixed programme/location/constituent-term exemplar
3,GO:0006119,microglia,CA1,687,-0.103828441399191,FALSE,FALSE,oxidative phosphorylation,-2.11097705826318,5.75222270996947e-5,manuscript-fixed programme/location/constituent-term exemplar
3,GO:0006119,microglia,CA1,688,-0.104027090584729,FALSE,FALSE,oxidative phosphorylation,-2.11097705826318,5.75222270996947e-5,manuscript-fixed programme/location/constituent-term exemplar
3,GO:0006119,microglia,CA1,689,-0.104225739770267,FALSE,FALSE,oxidative phosphorylation,-2.11097705826318,5.75222270996947e-5,manuscript-fixed programme/location/constituent-term exemplar
3,GO:0006119,microglia,CA1,690,-0.104424388955806,FALSE,FALSE,oxidative phosphorylation,-2.11097705826318,5.75222270996947e-5,manuscript-fixed programme/location/constituent-term exemplar
3,GO:0006119,microglia,CA1,691,-0.104623038141344,FALSE,FALSE,oxidative phosphorylation,-2.11097705826318,5.75222270996947e-5,manuscript-fixed programme/location/constituent-term exemplar
3,GO:0006119,microglia,CA1,692,-0.104821687326882,FALSE,FALSE,oxidative phosphorylation,-2.11097705826318,5.75222270996947e-5,manuscript-fixed programme/location/constituent-term exemplar
3,GO:0006119,microglia,CA1,693,-0.105020336512421,FALSE,FALSE,oxidative phosphorylation,-2.11097705826318,5.75222270996947e-5,manuscript-fixed programme/location/constituent-term exemplar
3,GO:0006119,microglia,CA1,694,-0.105218985697959,FALSE,FALSE,oxidative phosphorylation,-2.11097705826318,5.75222270996947e-5,manuscript-fixed programme/location/constituent-term exemplar
3,GO:0006119,microglia,CA1,695,-0.105417634883497,FALSE,FALSE,oxidative phosphorylation,-2.11097705826318,5.75222270996947e-5,manuscript-fixed programme/location/constituent-term exemplar
3,GO:0006119,microglia,CA1,696,-0.105616284069036,FALSE,FALSE,oxidative phosphorylation,-2.11097705826318,5.75222270996947e-5,manuscript-fixed programme/location/constituent-term exemplar
3,GO:0006119,microglia,CA1,697,-0.105814933254574,FALSE,FALSE,oxidative phosphorylation,-2.11097705826318,5.75222270996947e-5,manuscript-fixed programme/location/constituent-term exemplar
3,GO:0006119,microglia,CA1,698,-0.106013582440112,FALSE,FALSE,oxidative phosphorylation,-2.11097705826318,5.75222270996947e-5,manuscript-fixed programme/location/constituent-term exemplar
3,GO:0006119,microglia,CA1,699,-0.106212231625651,FALSE,FALSE,oxidative phosphorylation,-2.11097705826318,5.75222270996947e-5,manuscript-fixed programme/location/constituent-term exemplar
3,GO:0006119,microglia,CA1,700,-0.106410880811189,FALSE,FALSE,oxidative phosphorylation,-2.11097705826318,5.75222270996947e-5,manuscript-fixed programme/location/constituent-term exemplar
3,GO:0006119,microglia,CA1,701,-0.106609529996727,FALSE,FALSE,oxidative phosphorylation,-2.11097705826318,5.75222270996947e-5,manuscript-fixed programme/location/constituent-term exemplar
3,GO:0006119,microglia,CA1,702,-0.106808179182266,FALSE,FALSE,oxidative phosphorylation,-2.11097705826318,5.75222270996947e-5,manuscript-fixed programme/location/constituent-term exemplar
3,GO:0006119,microglia,CA1,703,-0.107006828367804,FALSE,FALSE,oxidative phosphorylation,-2.11097705826318,5.75222270996947e-5,manuscript-fixed programme/location/constituent-term exemplar
3,GO:0006119,microglia,CA1,704,-0.107205477553342,FALSE,FALSE,oxidative phosphorylation,-2.11097705826318,5.75222270996947e-5,manuscript-fixed programme/location/constituent-term exemplar
3,GO:0006119,microglia,CA1,705,-0.107404126738881,FALSE,FALSE,oxidative phosphorylation,-2.11097705826318,5.75222270996947e-5,manuscript-fixed programme/location/constituent-term exemplar
3,GO:0006119,microglia,CA1,706,-0.107602775924419,FALSE,FALSE,oxidative phosphorylation,-2.11097705826318,5.75222270996947e-5,manuscript-fixed programme/location/constituent-term exemplar
3,GO:0006119,microglia,CA1,707,-0.107801425109957,FALSE,FALSE,oxidative phosphorylation,-2.11097705826318,5.75222270996947e-5,manuscript-fixed programme/location/constituent-term exemplar
3,GO:0006119,microglia,CA1,708,-0.108000074295496,FALSE,FALSE,oxidative phosphorylation,-2.11097705826318,5.75222270996947e-5,manuscript-fixed programme/location/constituent-term exemplar
3,GO:0006119,microglia,CA1,709,-0.108198723481034,FALSE,FALSE,oxidative phosphorylation,-2.11097705826318,5.75222270996947e-5,manuscript-fixed programme/location/constituent-term exemplar
3,GO:0006119,microglia,CA1,710,-0.108397372666572,FALSE,FALSE,oxidative phosphorylation,-2.11097705826318,5.75222270996947e-5,manuscript-fixed programme/location/constituent-term exemplar
3,GO:0006119,microglia,CA1,711,-0.108596021852111,FALSE,FALSE,oxidative phosphorylation,-2.11097705826318,5.75222270996947e-5,manuscript-fixed programme/location/constituent-term exemplar
3,GO:0006119,microglia,CA1,712,-0.108794671037649,FALSE,FALSE,oxidative phosphorylation,-2.11097705826318,5.75222270996947e-5,manuscript-fixed programme/location/constituent-term exemplar
3,GO:0006119,microglia,CA1,713,-0.108993320223188,FALSE,FALSE,oxidative phosphorylation,-2.11097705826318,5.75222270996947e-5,manuscript-fixed programme/location/constituent-term exemplar
3,GO:0006119,microglia,CA1,714,-0.109191969408726,FALSE,FALSE,oxidative phosphorylation,-2.11097705826318,5.75222270996947e-5,manuscript-fixed programme/location/constituent-term exemplar
3,GO:0006119,microglia,CA1,715,-0.109390618594264,FALSE,FALSE,oxidative phosphorylation,-2.11097705826318,5.75222270996947e-5,manuscript-fixed programme/location/constituent-term exemplar
3,GO:0006119,microglia,CA1,716,-0.109589267779803,FALSE,FALSE,oxidative phosphorylation,-2.11097705826318,5.75222270996947e-5,manuscript-fixed programme/location/constituent-term exemplar
3,GO:0006119,microglia,CA1,717,-0.109787916965341,FALSE,FALSE,oxidative phosphorylation,-2.11097705826318,5.75222270996947e-5,manuscript-fixed programme/location/constituent-term exemplar
3,GO:0006119,microglia,CA1,718,-0.109986566150879,FALSE,FALSE,oxidative phosphorylation,-2.11097705826318,5.75222270996947e-5,manuscript-fixed programme/location/constituent-term exemplar
3,GO:0006119,microglia,CA1,719,-0.110185215336418,FALSE,FALSE,oxidative phosphorylation,-2.11097705826318,5.75222270996947e-5,manuscript-fixed programme/location/constituent-term exemplar
3,GO:0006119,microglia,CA1,720,-0.110383864521956,FALSE,FALSE,oxidative phosphorylation,-2.11097705826318,5.75222270996947e-5,manuscript-fixed programme/location/constituent-term exemplar
3,GO:0006119,microglia,CA1,721,-0.110582513707494,FALSE,FALSE,oxidative phosphorylation,-2.11097705826318,5.75222270996947e-5,manuscript-fixed programme/location/constituent-term exemplar
3,GO:0006119,microglia,CA1,722,-0.110781162893033,FALSE,FALSE,oxidative phosphorylation,-2.11097705826318,5.75222270996947e-5,manuscript-fixed programme/location/constituent-term exemplar
3,GO:0006119,microglia,CA1,723,-0.101624940518673,TRUE,FALSE,oxidative phosphorylation,-2.11097705826318,5.75222270996947e-5,manuscript-fixed programme/location/constituent-term exemplar
3,GO:0006119,microglia,CA1,724,-0.101823589704211,FALSE,FALSE,oxidative phosphorylation,-2.11097705826318,5.75222270996947e-5,manuscript-fixed programme/location/constituent-term exemplar
3,GO:0006119,microglia,CA1,725,-0.102022238889749,FALSE,FALSE,oxidative phosphorylation,-2.11097705826318,5.75222270996947e-5,manuscript-fixed programme/location/constituent-term exemplar
3,GO:0006119,microglia,CA1,726,-0.102220888075288,FALSE,FALSE,oxidative phosphorylation,-2.11097705826318,5.75222270996947e-5,manuscript-fixed programme/location/constituent-term exemplar
3,GO:0006119,microglia,CA1,727,-0.102419537260826,FALSE,FALSE,oxidative phosphorylation,-2.11097705826318,5.75222270996947e-5,manuscript-fixed programme/location/constituent-term exemplar
3,GO:0006119,microglia,CA1,728,-0.102618186446364,FALSE,FALSE,oxidative phosphorylation,-2.11097705826318,5.75222270996947e-5,manuscript-fixed programme/location/constituent-term exemplar
3,GO:0006119,microglia,CA1,729,-0.102816835631903,FALSE,FALSE,oxidative phosphorylation,-2.11097705826318,5.75222270996947e-5,manuscript-fixed programme/location/constituent-term exemplar
3,GO:0006119,microglia,CA1,730,-0.103015484817441,FALSE,FALSE,oxidative phosphorylation,-2.11097705826318,5.75222270996947e-5,manuscript-fixed programme/location/constituent-term exemplar
3,GO:0006119,microglia,CA1,731,-0.103214134002979,FALSE,FALSE,oxidative phosphorylation,-2.11097705826318,5.75222270996947e-5,manuscript-fixed programme/location/constituent-term exemplar
3,GO:0006119,microglia,CA1,732,-0.103412783188518,FALSE,FALSE,oxidative phosphorylation,-2.11097705826318,5.75222270996947e-5,manuscript-fixed programme/location/constituent-term exemplar
3,GO:0006119,microglia,CA1,733,-0.103611432374056,FALSE,FALSE,oxidative phosphorylation,-2.11097705826318,5.75222270996947e-5,manuscript-fixed programme/location/constituent-term exemplar
3,GO:0006119,microglia,CA1,734,-0.103810081559594,FALSE,FALSE,oxidative phosphorylation,-2.11097705826318,5.75222270996947e-5,manuscript-fixed programme/location/constituent-term exemplar
3,GO:0006119,microglia,CA1,735,-0.104008730745133,FALSE,FALSE,oxidative phosphorylation,-2.11097705826318,5.75222270996947e-5,manuscript-fixed programme/location/constituent-term exemplar
3,GO:0006119,microglia,CA1,736,-0.104207379930671,FALSE,FALSE,oxidative phosphorylation,-2.11097705826318,5.75222270996947e-5,manuscript-fixed programme/location/constituent-term exemplar
3,GO:0006119,microglia,CA1,737,-0.104406029116209,FALSE,FALSE,oxidative phosphorylation,-2.11097705826318,5.75222270996947e-5,manuscript-fixed programme/location/constituent-term exemplar
3,GO:0006119,microglia,CA1,738,-0.104604678301748,FALSE,FALSE,oxidative phosphorylation,-2.11097705826318,5.75222270996947e-5,manuscript-fixed programme/location/constituent-term exemplar
3,GO:0006119,microglia,CA1,739,-0.104803327487286,FALSE,FALSE,oxidative phosphorylation,-2.11097705826318,5.75222270996947e-5,manuscript-fixed programme/location/constituent-term exemplar
3,GO:0006119,microglia,CA1,740,-0.105001976672824,FALSE,FALSE,oxidative phosphorylation,-2.11097705826318,5.75222270996947e-5,manuscript-fixed programme/location/constituent-term exemplar
3,GO:0006119,microglia,CA1,741,-0.105200625858363,FALSE,FALSE,oxidative phosphorylation,-2.11097705826318,5.75222270996947e-5,manuscript-fixed programme/location/constituent-term exemplar
3,GO:0006119,microglia,CA1,742,-0.105399275043901,FALSE,FALSE,oxidative phosphorylation,-2.11097705826318,5.75222270996947e-5,manuscript-fixed programme/location/constituent-term exemplar
3,GO:0006119,microglia,CA1,743,-0.10559792422944,FALSE,FALSE,oxidative phosphorylation,-2.11097705826318,5.75222270996947e-5,manuscript-fixed programme/location/constituent-term exemplar
3,GO:0006119,microglia,CA1,744,-0.105796573414978,FALSE,FALSE,oxidative phosphorylation,-2.11097705826318,5.75222270996947e-5,manuscript-fixed programme/location/constituent-term exemplar
3,GO:0006119,microglia,CA1,745,-0.105995222600516,FALSE,FALSE,oxidative phosphorylation,-2.11097705826318,5.75222270996947e-5,manuscript-fixed programme/location/constituent-term exemplar
3,GO:0006119,microglia,CA1,746,-0.106193871786055,FALSE,FALSE,oxidative phosphorylation,-2.11097705826318,5.75222270996947e-5,manuscript-fixed programme/location/constituent-term exemplar
3,GO:0006119,microglia,CA1,747,-0.106392520971593,FALSE,FALSE,oxidative phosphorylation,-2.11097705826318,5.75222270996947e-5,manuscript-fixed programme/location/constituent-term exemplar
3,GO:0006119,microglia,CA1,748,-0.106591170157131,FALSE,FALSE,oxidative phosphorylation,-2.11097705826318,5.75222270996947e-5,manuscript-fixed programme/location/constituent-term exemplar
3,GO:0006119,microglia,CA1,749,-0.10678981934267,FALSE,FALSE,oxidative phosphorylation,-2.11097705826318,5.75222270996947e-5,manuscript-fixed programme/location/constituent-term exemplar
3,GO:0006119,microglia,CA1,750,-0.106988468528208,FALSE,FALSE,oxidative phosphorylation,-2.11097705826318,5.75222270996947e-5,manuscript-fixed programme/location/constituent-term exemplar
3,GO:0006119,microglia,CA1,751,-0.107187117713746,FALSE,FALSE,oxidative phosphorylation,-2.11097705826318,5.75222270996947e-5,manuscript-fixed programme/location/constituent-term exemplar
3,GO:0006119,microglia,CA1,752,-0.107385766899285,FALSE,FALSE,oxidative phosphorylation,-2.11097705826318,5.75222270996947e-5,manuscript-fixed programme/location/constituent-term exemplar
3,GO:0006119,microglia,CA1,753,-0.107584416084823,FALSE,FALSE,oxidative phosphorylation,-2.11097705826318,5.75222270996947e-5,manuscript-fixed programme/location/constituent-term exemplar
3,GO:0006119,microglia,CA1,754,-0.107783065270361,FALSE,FALSE,oxidative phosphorylation,-2.11097705826318,5.75222270996947e-5,manuscript-fixed programme/location/constituent-term exemplar
3,GO:0006119,microglia,CA1,755,-0.1079817144559,FALSE,FALSE,oxidative phosphorylation,-2.11097705826318,5.75222270996947e-5,manuscript-fixed programme/location/constituent-term exemplar
3,GO:0006119,microglia,CA1,756,-0.108180363641438,FALSE,FALSE,oxidative phosphorylation,-2.11097705826318,5.75222270996947e-5,manuscript-fixed programme/location/constituent-term exemplar
3,GO:0006119,microglia,CA1,757,-0.108379012826976,FALSE,FALSE,oxidative phosphorylation,-2.11097705826318,5.75222270996947e-5,manuscript-fixed programme/location/constituent-term exemplar
3,GO:0006119,microglia,CA1,758,-0.108577662012515,FALSE,FALSE,oxidative phosphorylation,-2.11097705826318,5.75222270996947e-5,manuscript-fixed programme/location/constituent-term exemplar
3,GO:0006119,microglia,CA1,759,-0.108776311198053,FALSE,FALSE,oxidative phosphorylation,-2.11097705826318,5.75222270996947e-5,manuscript-fixed programme/location/constituent-term exemplar
3,GO:0006119,microglia,CA1,760,-0.108974960383591,FALSE,FALSE,oxidative phosphorylation,-2.11097705826318,5.75222270996947e-5,manuscript-fixed programme/location/constituent-term exemplar
3,GO:0006119,microglia,CA1,761,-0.10917360956913,FALSE,FALSE,oxidative phosphorylation,-2.11097705826318,5.75222270996947e-5,manuscript-fixed programme/location/constituent-term exemplar
3,GO:0006119,microglia,CA1,762,-0.109372258754668,FALSE,FALSE,oxidative phosphorylation,-2.11097705826318,5.75222270996947e-5,manuscript-fixed programme/location/constituent-term exemplar
3,GO:0006119,microglia,CA1,763,-0.109570907940206,FALSE,FALSE,oxidative phosphorylation,-2.11097705826318,5.75222270996947e-5,manuscript-fixed programme/location/constituent-term exemplar
3,GO:0006119,microglia,CA1,764,-0.109769557125745,FALSE,FALSE,oxidative phosphorylation,-2.11097705826318,5.75222270996947e-5,manuscript-fixed programme/location/constituent-term exemplar
3,GO:0006119,microglia,CA1,765,-0.109968206311283,FALSE,FALSE,oxidative phosphorylation,-2.11097705826318,5.75222270996947e-5,manuscript-fixed programme/location/constituent-term exemplar
3,GO:0006119,microglia,CA1,766,-0.110166855496821,FALSE,FALSE,oxidative phosphorylation,-2.11097705826318,5.75222270996947e-5,manuscript-fixed programme/location/constituent-term exemplar
3,GO:0006119,microglia,CA1,767,-0.11036550468236,FALSE,FALSE,oxidative phosphorylation,-2.11097705826318,5.75222270996947e-5,manuscript-fixed programme/location/constituent-term exemplar
3,GO:0006119,microglia,CA1,768,-0.110564153867898,FALSE,FALSE,oxidative phosphorylation,-2.11097705826318,5.75222270996947e-5,manuscript-fixed programme/location/constituent-term exemplar
3,GO:0006119,microglia,CA1,769,-0.110762803053436,FALSE,FALSE,oxidative phosphorylation,-2.11097705826318,5.75222270996947e-5,manuscript-fixed programme/location/constituent-term exemplar
3,GO:0006119,microglia,CA1,770,-0.110961452238975,FALSE,FALSE,oxidative phosphorylation,-2.11097705826318,5.75222270996947e-5,manuscript-fixed programme/location/constituent-term exemplar
3,GO:0006119,microglia,CA1,771,-0.111160101424513,FALSE,FALSE,oxidative phosphorylation,-2.11097705826318,5.75222270996947e-5,manuscript-fixed programme/location/constituent-term exemplar
3,GO:0006119,microglia,CA1,772,-0.111358750610051,FALSE,FALSE,oxidative phosphorylation,-2.11097705826318,5.75222270996947e-5,manuscript-fixed programme/location/constituent-term exemplar
3,GO:0006119,microglia,CA1,773,-0.11155739979559,FALSE,FALSE,oxidative phosphorylation,-2.11097705826318,5.75222270996947e-5,manuscript-fixed programme/location/constituent-term exemplar
3,GO:0006119,microglia,CA1,774,-0.111756048981128,FALSE,FALSE,oxidative phosphorylation,-2.11097705826318,5.75222270996947e-5,manuscript-fixed programme/location/constituent-term exemplar
3,GO:0006119,microglia,CA1,775,-0.111954698166666,FALSE,FALSE,oxidative phosphorylation,-2.11097705826318,5.75222270996947e-5,manuscript-fixed programme/location/constituent-term exemplar
3,GO:0006119,microglia,CA1,776,-0.112153347352205,FALSE,FALSE,oxidative phosphorylation,-2.11097705826318,5.75222270996947e-5,manuscript-fixed programme/location/constituent-term exemplar
3,GO:0006119,microglia,CA1,777,-0.112351996537743,FALSE,FALSE,oxidative phosphorylation,-2.11097705826318,5.75222270996947e-5,manuscript-fixed programme/location/constituent-term exemplar
3,GO:0006119,microglia,CA1,778,-0.112550645723281,FALSE,FALSE,oxidative phosphorylation,-2.11097705826318,5.75222270996947e-5,manuscript-fixed programme/location/constituent-term exemplar
3,GO:0006119,microglia,CA1,779,-0.11274929490882,FALSE,FALSE,oxidative phosphorylation,-2.11097705826318,5.75222270996947e-5,manuscript-fixed programme/location/constituent-term exemplar
3,GO:0006119,microglia,CA1,780,-0.112947944094358,FALSE,FALSE,oxidative phosphorylation,-2.11097705826318,5.75222270996947e-5,manuscript-fixed programme/location/constituent-term exemplar
3,GO:0006119,microglia,CA1,781,-0.113146593279896,FALSE,FALSE,oxidative phosphorylation,-2.11097705826318,5.75222270996947e-5,manuscript-fixed programme/location/constituent-term exemplar
3,GO:0006119,microglia,CA1,782,-0.113345242465435,FALSE,FALSE,oxidative phosphorylation,-2.11097705826318,5.75222270996947e-5,manuscript-fixed programme/location/constituent-term exemplar
3,GO:0006119,microglia,CA1,783,-0.113543891650973,FALSE,FALSE,oxidative phosphorylation,-2.11097705826318,5.75222270996947e-5,manuscript-fixed programme/location/constituent-term exemplar
3,GO:0006119,microglia,CA1,784,-0.113742540836511,FALSE,FALSE,oxidative phosphorylation,-2.11097705826318,5.75222270996947e-5,manuscript-fixed programme/location/constituent-term exemplar
3,GO:0006119,microglia,CA1,785,-0.11394119002205,FALSE,FALSE,oxidative phosphorylation,-2.11097705826318,5.75222270996947e-5,manuscript-fixed programme/location/constituent-term exemplar
3,GO:0006119,microglia,CA1,786,-0.114139839207588,FALSE,FALSE,oxidative phosphorylation,-2.11097705826318,5.75222270996947e-5,manuscript-fixed programme/location/constituent-term exemplar
3,GO:0006119,microglia,CA1,787,-0.114338488393126,FALSE,FALSE,oxidative phosphorylation,-2.11097705826318,5.75222270996947e-5,manuscript-fixed programme/location/constituent-term exemplar
3,GO:0006119,microglia,CA1,788,-0.114537137578665,FALSE,FALSE,oxidative phosphorylation,-2.11097705826318,5.75222270996947e-5,manuscript-fixed programme/location/constituent-term exemplar
3,GO:0006119,microglia,CA1,789,-0.114735786764203,FALSE,FALSE,oxidative phosphorylation,-2.11097705826318,5.75222270996947e-5,manuscript-fixed programme/location/constituent-term exemplar
3,GO:0006119,microglia,CA1,790,-0.114934435949741,FALSE,FALSE,oxidative phosphorylation,-2.11097705826318,5.75222270996947e-5,manuscript-fixed programme/location/constituent-term exemplar
3,GO:0006119,microglia,CA1,791,-0.11513308513528,FALSE,FALSE,oxidative phosphorylation,-2.11097705826318,5.75222270996947e-5,manuscript-fixed programme/location/constituent-term exemplar
3,GO:0006119,microglia,CA1,792,-0.115331734320818,FALSE,FALSE,oxidative phosphorylation,-2.11097705826318,5.75222270996947e-5,manuscript-fixed programme/location/constituent-term exemplar
3,GO:0006119,microglia,CA1,793,-0.115530383506356,FALSE,FALSE,oxidative phosphorylation,-2.11097705826318,5.75222270996947e-5,manuscript-fixed programme/location/constituent-term exemplar
3,GO:0006119,microglia,CA1,794,-0.115729032691895,FALSE,FALSE,oxidative phosphorylation,-2.11097705826318,5.75222270996947e-5,manuscript-fixed programme/location/constituent-term exemplar
3,GO:0006119,microglia,CA1,795,-0.115927681877433,FALSE,FALSE,oxidative phosphorylation,-2.11097705826318,5.75222270996947e-5,manuscript-fixed programme/location/constituent-term exemplar
3,GO:0006119,microglia,CA1,796,-0.116126331062971,FALSE,FALSE,oxidative phosphorylation,-2.11097705826318,5.75222270996947e-5,manuscript-fixed programme/location/constituent-term exemplar
3,GO:0006119,microglia,CA1,797,-0.11632498024851,FALSE,FALSE,oxidative phosphorylation,-2.11097705826318,5.75222270996947e-5,manuscript-fixed programme/location/constituent-term exemplar
3,GO:0006119,microglia,CA1,798,-0.107908159104454,TRUE,FALSE,oxidative phosphorylation,-2.11097705826318,5.75222270996947e-5,manuscript-fixed programme/location/constituent-term exemplar
3,GO:0006119,microglia,CA1,799,-0.108106808289992,FALSE,FALSE,oxidative phosphorylation,-2.11097705826318,5.75222270996947e-5,manuscript-fixed programme/location/constituent-term exemplar
3,GO:0006119,microglia,CA1,800,-0.108305457475531,FALSE,FALSE,oxidative phosphorylation,-2.11097705826318,5.75222270996947e-5,manuscript-fixed programme/location/constituent-term exemplar
3,GO:0006119,microglia,CA1,801,-0.108504106661069,FALSE,FALSE,oxidative phosphorylation,-2.11097705826318,5.75222270996947e-5,manuscript-fixed programme/location/constituent-term exemplar
3,GO:0006119,microglia,CA1,802,-0.108702755846607,FALSE,FALSE,oxidative phosphorylation,-2.11097705826318,5.75222270996947e-5,manuscript-fixed programme/location/constituent-term exemplar
3,GO:0006119,microglia,CA1,803,-0.108901405032146,FALSE,FALSE,oxidative phosphorylation,-2.11097705826318,5.75222270996947e-5,manuscript-fixed programme/location/constituent-term exemplar
3,GO:0006119,microglia,CA1,804,-0.109100054217684,FALSE,FALSE,oxidative phosphorylation,-2.11097705826318,5.75222270996947e-5,manuscript-fixed programme/location/constituent-term exemplar
3,GO:0006119,microglia,CA1,805,-0.109298703403222,FALSE,FALSE,oxidative phosphorylation,-2.11097705826318,5.75222270996947e-5,manuscript-fixed programme/location/constituent-term exemplar
3,GO:0006119,microglia,CA1,806,-0.109497352588761,FALSE,FALSE,oxidative phosphorylation,-2.11097705826318,5.75222270996947e-5,manuscript-fixed programme/location/constituent-term exemplar
3,GO:0006119,microglia,CA1,807,-0.109696001774299,FALSE,FALSE,oxidative phosphorylation,-2.11097705826318,5.75222270996947e-5,manuscript-fixed programme/location/constituent-term exemplar
3,GO:0006119,microglia,CA1,808,-0.109894650959837,FALSE,FALSE,oxidative phosphorylation,-2.11097705826318,5.75222270996947e-5,manuscript-fixed programme/location/constituent-term exemplar
3,GO:0006119,microglia,CA1,809,-0.110093300145376,FALSE,FALSE,oxidative phosphorylation,-2.11097705826318,5.75222270996947e-5,manuscript-fixed programme/location/constituent-term exemplar
3,GO:0006119,microglia,CA1,810,-0.110291949330914,FALSE,FALSE,oxidative phosphorylation,-2.11097705826318,5.75222270996947e-5,manuscript-fixed programme/location/constituent-term exemplar
3,GO:0006119,microglia,CA1,811,-0.110490598516452,FALSE,FALSE,oxidative phosphorylation,-2.11097705826318,5.75222270996947e-5,manuscript-fixed programme/location/constituent-term exemplar
3,GO:0006119,microglia,CA1,812,-0.110689247701991,FALSE,FALSE,oxidative phosphorylation,-2.11097705826318,5.75222270996947e-5,manuscript-fixed programme/location/constituent-term exemplar
3,GO:0006119,microglia,CA1,813,-0.110887896887529,FALSE,FALSE,oxidative phosphorylation,-2.11097705826318,5.75222270996947e-5,manuscript-fixed programme/location/constituent-term exemplar
3,GO:0006119,microglia,CA1,814,-0.111086546073067,FALSE,FALSE,oxidative phosphorylation,-2.11097705826318,5.75222270996947e-5,manuscript-fixed programme/location/constituent-term exemplar
3,GO:0006119,microglia,CA1,815,-0.111285195258606,FALSE,FALSE,oxidative phosphorylation,-2.11097705826318,5.75222270996947e-5,manuscript-fixed programme/location/constituent-term exemplar
3,GO:0006119,microglia,CA1,816,-0.111483844444144,FALSE,FALSE,oxidative phosphorylation,-2.11097705826318,5.75222270996947e-5,manuscript-fixed programme/location/constituent-term exemplar
3,GO:0006119,microglia,CA1,817,-0.111682493629682,FALSE,FALSE,oxidative phosphorylation,-2.11097705826318,5.75222270996947e-5,manuscript-fixed programme/location/constituent-term exemplar
3,GO:0006119,microglia,CA1,818,-0.111881142815221,FALSE,FALSE,oxidative phosphorylation,-2.11097705826318,5.75222270996947e-5,manuscript-fixed programme/location/constituent-term exemplar
3,GO:0006119,microglia,CA1,819,-0.112079792000759,FALSE,FALSE,oxidative phosphorylation,-2.11097705826318,5.75222270996947e-5,manuscript-fixed programme/location/constituent-term exemplar
3,GO:0006119,microglia,CA1,820,-0.112278441186298,FALSE,FALSE,oxidative phosphorylation,-2.11097705826318,5.75222270996947e-5,manuscript-fixed programme/location/constituent-term exemplar
3,GO:0006119,microglia,CA1,821,-0.112477090371836,FALSE,FALSE,oxidative phosphorylation,-2.11097705826318,5.75222270996947e-5,manuscript-fixed programme/location/constituent-term exemplar
3,GO:0006119,microglia,CA1,822,-0.112675739557374,FALSE,FALSE,oxidative phosphorylation,-2.11097705826318,5.75222270996947e-5,manuscript-fixed programme/location/constituent-term exemplar
3,GO:0006119,microglia,CA1,823,-0.112874388742913,FALSE,FALSE,oxidative phosphorylation,-2.11097705826318,5.75222270996947e-5,manuscript-fixed programme/location/constituent-term exemplar
3,GO:0006119,microglia,CA1,824,-0.113073037928451,FALSE,FALSE,oxidative phosphorylation,-2.11097705826318,5.75222270996947e-5,manuscript-fixed programme/location/constituent-term exemplar
3,GO:0006119,microglia,CA1,825,-0.113271687113989,FALSE,FALSE,oxidative phosphorylation,-2.11097705826318,5.75222270996947e-5,manuscript-fixed programme/location/constituent-term exemplar
3,GO:0006119,microglia,CA1,826,-0.113470336299528,FALSE,FALSE,oxidative phosphorylation,-2.11097705826318,5.75222270996947e-5,manuscript-fixed programme/location/constituent-term exemplar
3,GO:0006119,microglia,CA1,827,-0.113668985485066,FALSE,FALSE,oxidative phosphorylation,-2.11097705826318,5.75222270996947e-5,manuscript-fixed programme/location/constituent-term exemplar
3,GO:0006119,microglia,CA1,828,-0.113867634670604,FALSE,FALSE,oxidative phosphorylation,-2.11097705826318,5.75222270996947e-5,manuscript-fixed programme/location/constituent-term exemplar
3,GO:0006119,microglia,CA1,829,-0.114066283856143,FALSE,FALSE,oxidative phosphorylation,-2.11097705826318,5.75222270996947e-5,manuscript-fixed programme/location/constituent-term exemplar
3,GO:0006119,microglia,CA1,830,-0.114264933041681,FALSE,FALSE,oxidative phosphorylation,-2.11097705826318,5.75222270996947e-5,manuscript-fixed programme/location/constituent-term exemplar
3,GO:0006119,microglia,CA1,831,-0.114463582227219,FALSE,FALSE,oxidative phosphorylation,-2.11097705826318,5.75222270996947e-5,manuscript-fixed programme/location/constituent-term exemplar
3,GO:0006119,microglia,CA1,832,-0.114662231412758,FALSE,FALSE,oxidative phosphorylation,-2.11097705826318,5.75222270996947e-5,manuscript-fixed programme/location/constituent-term exemplar
3,GO:0006119,microglia,CA1,833,-0.114860880598296,FALSE,FALSE,oxidative phosphorylation,-2.11097705826318,5.75222270996947e-5,manuscript-fixed programme/location/constituent-term exemplar
3,GO:0006119,microglia,CA1,834,-0.115059529783834,FALSE,FALSE,oxidative phosphorylation,-2.11097705826318,5.75222270996947e-5,manuscript-fixed programme/location/constituent-term exemplar
3,GO:0006119,microglia,CA1,835,-0.115258178969373,FALSE,FALSE,oxidative phosphorylation,-2.11097705826318,5.75222270996947e-5,manuscript-fixed programme/location/constituent-term exemplar
3,GO:0006119,microglia,CA1,836,-0.115456828154911,FALSE,FALSE,oxidative phosphorylation,-2.11097705826318,5.75222270996947e-5,manuscript-fixed programme/location/constituent-term exemplar
3,GO:0006119,microglia,CA1,837,-0.115655477340449,FALSE,FALSE,oxidative phosphorylation,-2.11097705826318,5.75222270996947e-5,manuscript-fixed programme/location/constituent-term exemplar
3,GO:0006119,microglia,CA1,838,-0.115854126525988,FALSE,FALSE,oxidative phosphorylation,-2.11097705826318,5.75222270996947e-5,manuscript-fixed programme/location/constituent-term exemplar
3,GO:0006119,microglia,CA1,839,-0.116052775711526,FALSE,FALSE,oxidative phosphorylation,-2.11097705826318,5.75222270996947e-5,manuscript-fixed programme/location/constituent-term exemplar
3,GO:0006119,microglia,CA1,840,-0.116251424897064,FALSE,FALSE,oxidative phosphorylation,-2.11097705826318,5.75222270996947e-5,manuscript-fixed programme/location/constituent-term exemplar
3,GO:0006119,microglia,CA1,841,-0.116450074082603,FALSE,FALSE,oxidative phosphorylation,-2.11097705826318,5.75222270996947e-5,manuscript-fixed programme/location/constituent-term exemplar
3,GO:0006119,microglia,CA1,842,-0.116648723268141,FALSE,FALSE,oxidative phosphorylation,-2.11097705826318,5.75222270996947e-5,manuscript-fixed programme/location/constituent-term exemplar
3,GO:0006119,microglia,CA1,843,-0.116847372453679,FALSE,FALSE,oxidative phosphorylation,-2.11097705826318,5.75222270996947e-5,manuscript-fixed programme/location/constituent-term exemplar
3,GO:0006119,microglia,CA1,844,-0.117046021639218,FALSE,FALSE,oxidative phosphorylation,-2.11097705826318,5.75222270996947e-5,manuscript-fixed programme/location/constituent-term exemplar
3,GO:0006119,microglia,CA1,845,-0.117244670824756,FALSE,FALSE,oxidative phosphorylation,-2.11097705826318,5.75222270996947e-5,manuscript-fixed programme/location/constituent-term exemplar
3,GO:0006119,microglia,CA1,846,-0.117443320010294,FALSE,FALSE,oxidative phosphorylation,-2.11097705826318,5.75222270996947e-5,manuscript-fixed programme/location/constituent-term exemplar
3,GO:0006119,microglia,CA1,847,-0.117641969195833,FALSE,FALSE,oxidative phosphorylation,-2.11097705826318,5.75222270996947e-5,manuscript-fixed programme/location/constituent-term exemplar
3,GO:0006119,microglia,CA1,848,-0.117840618381371,FALSE,FALSE,oxidative phosphorylation,-2.11097705826318,5.75222270996947e-5,manuscript-fixed programme/location/constituent-term exemplar
3,GO:0006119,microglia,CA1,849,-0.118039267566909,FALSE,FALSE,oxidative phosphorylation,-2.11097705826318,5.75222270996947e-5,manuscript-fixed programme/location/constituent-term exemplar
3,GO:0006119,microglia,CA1,850,-0.118237916752448,FALSE,FALSE,oxidative phosphorylation,-2.11097705826318,5.75222270996947e-5,manuscript-fixed programme/location/constituent-term exemplar
3,GO:0006119,microglia,CA1,851,-0.118436565937986,FALSE,FALSE,oxidative phosphorylation,-2.11097705826318,5.75222270996947e-5,manuscript-fixed programme/location/constituent-term exemplar
3,GO:0006119,microglia,CA1,852,-0.118635215123524,FALSE,FALSE,oxidative phosphorylation,-2.11097705826318,5.75222270996947e-5,manuscript-fixed programme/location/constituent-term exemplar
3,GO:0006119,microglia,CA1,853,-0.118833864309063,FALSE,FALSE,oxidative phosphorylation,-2.11097705826318,5.75222270996947e-5,manuscript-fixed programme/location/constituent-term exemplar
3,GO:0006119,microglia,CA1,854,-0.119032513494601,FALSE,FALSE,oxidative phosphorylation,-2.11097705826318,5.75222270996947e-5,manuscript-fixed programme/location/constituent-term exemplar
3,GO:0006119,microglia,CA1,855,-0.119231162680139,FALSE,FALSE,oxidative phosphorylation,-2.11097705826318,5.75222270996947e-5,manuscript-fixed programme/location/constituent-term exemplar
3,GO:0006119,microglia,CA1,856,-0.119429811865678,FALSE,FALSE,oxidative phosphorylation,-2.11097705826318,5.75222270996947e-5,manuscript-fixed programme/location/constituent-term exemplar
3,GO:0006119,microglia,CA1,857,-0.119628461051216,FALSE,FALSE,oxidative phosphorylation,-2.11097705826318,5.75222270996947e-5,manuscript-fixed programme/location/constituent-term exemplar
3,GO:0006119,microglia,CA1,858,-0.119827110236754,FALSE,FALSE,oxidative phosphorylation,-2.11097705826318,5.75222270996947e-5,manuscript-fixed programme/location/constituent-term exemplar
3,GO:0006119,microglia,CA1,859,-0.120025759422293,FALSE,FALSE,oxidative phosphorylation,-2.11097705826318,5.75222270996947e-5,manuscript-fixed programme/location/constituent-term exemplar
3,GO:0006119,microglia,CA1,860,-0.120224408607831,FALSE,FALSE,oxidative phosphorylation,-2.11097705826318,5.75222270996947e-5,manuscript-fixed programme/location/constituent-term exemplar
3,GO:0006119,microglia,CA1,861,-0.120423057793369,FALSE,FALSE,oxidative phosphorylation,-2.11097705826318,5.75222270996947e-5,manuscript-fixed programme/location/constituent-term exemplar
3,GO:0006119,microglia,CA1,862,-0.120621706978908,FALSE,FALSE,oxidative phosphorylation,-2.11097705826318,5.75222270996947e-5,manuscript-fixed programme/location/constituent-term exemplar
3,GO:0006119,microglia,CA1,863,-0.120820356164446,FALSE,FALSE,oxidative phosphorylation,-2.11097705826318,5.75222270996947e-5,manuscript-fixed programme/location/constituent-term exemplar
3,GO:0006119,microglia,CA1,864,-0.121019005349984,FALSE,FALSE,oxidative phosphorylation,-2.11097705826318,5.75222270996947e-5,manuscript-fixed programme/location/constituent-term exemplar
3,GO:0006119,microglia,CA1,865,-0.121217654535523,FALSE,FALSE,oxidative phosphorylation,-2.11097705826318,5.75222270996947e-5,manuscript-fixed programme/location/constituent-term exemplar
3,GO:0006119,microglia,CA1,866,-0.121416303721061,FALSE,FALSE,oxidative phosphorylation,-2.11097705826318,5.75222270996947e-5,manuscript-fixed programme/location/constituent-term exemplar
3,GO:0006119,microglia,CA1,867,-0.121614952906599,FALSE,FALSE,oxidative phosphorylation,-2.11097705826318,5.75222270996947e-5,manuscript-fixed programme/location/constituent-term exemplar
3,GO:0006119,microglia,CA1,868,-0.121813602092138,FALSE,FALSE,oxidative phosphorylation,-2.11097705826318,5.75222270996947e-5,manuscript-fixed programme/location/constituent-term exemplar
3,GO:0006119,microglia,CA1,869,-0.122012251277676,FALSE,FALSE,oxidative phosphorylation,-2.11097705826318,5.75222270996947e-5,manuscript-fixed programme/location/constituent-term exemplar
3,GO:0006119,microglia,CA1,870,-0.122210900463214,FALSE,FALSE,oxidative phosphorylation,-2.11097705826318,5.75222270996947e-5,manuscript-fixed programme/location/constituent-term exemplar
3,GO:0006119,microglia,CA1,871,-0.122409549648753,FALSE,FALSE,oxidative phosphorylation,-2.11097705826318,5.75222270996947e-5,manuscript-fixed programme/location/constituent-term exemplar
3,GO:0006119,microglia,CA1,872,-0.122608198834291,FALSE,FALSE,oxidative phosphorylation,-2.11097705826318,5.75222270996947e-5,manuscript-fixed programme/location/constituent-term exemplar
3,GO:0006119,microglia,CA1,873,-0.122806848019829,FALSE,FALSE,oxidative phosphorylation,-2.11097705826318,5.75222270996947e-5,manuscript-fixed programme/location/constituent-term exemplar
3,GO:0006119,microglia,CA1,874,-0.123005497205368,FALSE,FALSE,oxidative phosphorylation,-2.11097705826318,5.75222270996947e-5,manuscript-fixed programme/location/constituent-term exemplar
3,GO:0006119,microglia,CA1,875,-0.123204146390906,FALSE,FALSE,oxidative phosphorylation,-2.11097705826318,5.75222270996947e-5,manuscript-fixed programme/location/constituent-term exemplar
3,GO:0006119,microglia,CA1,876,-0.123402795576445,FALSE,FALSE,oxidative phosphorylation,-2.11097705826318,5.75222270996947e-5,manuscript-fixed programme/location/constituent-term exemplar
3,GO:0006119,microglia,CA1,877,-0.123601444761983,FALSE,FALSE,oxidative phosphorylation,-2.11097705826318,5.75222270996947e-5,manuscript-fixed programme/location/constituent-term exemplar
3,GO:0006119,microglia,CA1,878,-0.123800093947521,FALSE,FALSE,oxidative phosphorylation,-2.11097705826318,5.75222270996947e-5,manuscript-fixed programme/location/constituent-term exemplar
3,GO:0006119,microglia,CA1,879,-0.12399874313306,FALSE,FALSE,oxidative phosphorylation,-2.11097705826318,5.75222270996947e-5,manuscript-fixed programme/location/constituent-term exemplar
3,GO:0006119,microglia,CA1,880,-0.124197392318598,FALSE,FALSE,oxidative phosphorylation,-2.11097705826318,5.75222270996947e-5,manuscript-fixed programme/location/constituent-term exemplar
3,GO:0006119,microglia,CA1,881,-0.124396041504136,FALSE,FALSE,oxidative phosphorylation,-2.11097705826318,5.75222270996947e-5,manuscript-fixed programme/location/constituent-term exemplar
3,GO:0006119,microglia,CA1,882,-0.124594690689675,FALSE,FALSE,oxidative phosphorylation,-2.11097705826318,5.75222270996947e-5,manuscript-fixed programme/location/constituent-term exemplar
3,GO:0006119,microglia,CA1,883,-0.124793339875213,FALSE,FALSE,oxidative phosphorylation,-2.11097705826318,5.75222270996947e-5,manuscript-fixed programme/location/constituent-term exemplar
3,GO:0006119,microglia,CA1,884,-0.124991989060751,FALSE,FALSE,oxidative phosphorylation,-2.11097705826318,5.75222270996947e-5,manuscript-fixed programme/location/constituent-term exemplar
3,GO:0006119,microglia,CA1,885,-0.12519063824629,FALSE,FALSE,oxidative phosphorylation,-2.11097705826318,5.75222270996947e-5,manuscript-fixed programme/location/constituent-term exemplar
3,GO:0006119,microglia,CA1,886,-0.125389287431828,FALSE,FALSE,oxidative phosphorylation,-2.11097705826318,5.75222270996947e-5,manuscript-fixed programme/location/constituent-term exemplar
3,GO:0006119,microglia,CA1,887,-0.125587936617366,FALSE,FALSE,oxidative phosphorylation,-2.11097705826318,5.75222270996947e-5,manuscript-fixed programme/location/constituent-term exemplar
3,GO:0006119,microglia,CA1,888,-0.125786585802905,FALSE,FALSE,oxidative phosphorylation,-2.11097705826318,5.75222270996947e-5,manuscript-fixed programme/location/constituent-term exemplar
3,GO:0006119,microglia,CA1,889,-0.125985234988443,FALSE,FALSE,oxidative phosphorylation,-2.11097705826318,5.75222270996947e-5,manuscript-fixed programme/location/constituent-term exemplar
3,GO:0006119,microglia,CA1,890,-0.126183884173981,FALSE,FALSE,oxidative phosphorylation,-2.11097705826318,5.75222270996947e-5,manuscript-fixed programme/location/constituent-term exemplar
3,GO:0006119,microglia,CA1,891,-0.12638253335952,FALSE,FALSE,oxidative phosphorylation,-2.11097705826318,5.75222270996947e-5,manuscript-fixed programme/location/constituent-term exemplar
3,GO:0006119,microglia,CA1,892,-0.126581182545058,FALSE,FALSE,oxidative phosphorylation,-2.11097705826318,5.75222270996947e-5,manuscript-fixed programme/location/constituent-term exemplar
3,GO:0006119,microglia,CA1,893,-0.126779831730596,FALSE,FALSE,oxidative phosphorylation,-2.11097705826318,5.75222270996947e-5,manuscript-fixed programme/location/constituent-term exemplar
3,GO:0006119,microglia,CA1,894,-0.126978480916135,FALSE,FALSE,oxidative phosphorylation,-2.11097705826318,5.75222270996947e-5,manuscript-fixed programme/location/constituent-term exemplar
3,GO:0006119,microglia,CA1,895,-0.127177130101673,FALSE,FALSE,oxidative phosphorylation,-2.11097705826318,5.75222270996947e-5,manuscript-fixed programme/location/constituent-term exemplar
3,GO:0006119,microglia,CA1,896,-0.127375779287211,FALSE,FALSE,oxidative phosphorylation,-2.11097705826318,5.75222270996947e-5,manuscript-fixed programme/location/constituent-term exemplar
3,GO:0006119,microglia,CA1,897,-0.12757442847275,FALSE,FALSE,oxidative phosphorylation,-2.11097705826318,5.75222270996947e-5,manuscript-fixed programme/location/constituent-term exemplar
3,GO:0006119,microglia,CA1,898,-0.127773077658288,FALSE,FALSE,oxidative phosphorylation,-2.11097705826318,5.75222270996947e-5,manuscript-fixed programme/location/constituent-term exemplar
3,GO:0006119,microglia,CA1,899,-0.127971726843826,FALSE,FALSE,oxidative phosphorylation,-2.11097705826318,5.75222270996947e-5,manuscript-fixed programme/location/constituent-term exemplar
3,GO:0006119,microglia,CA1,900,-0.128170376029365,FALSE,FALSE,oxidative phosphorylation,-2.11097705826318,5.75222270996947e-5,manuscript-fixed programme/location/constituent-term exemplar
3,GO:0006119,microglia,CA1,901,-0.128369025214903,FALSE,FALSE,oxidative phosphorylation,-2.11097705826318,5.75222270996947e-5,manuscript-fixed programme/location/constituent-term exemplar
3,GO:0006119,microglia,CA1,902,-0.128567674400441,FALSE,FALSE,oxidative phosphorylation,-2.11097705826318,5.75222270996947e-5,manuscript-fixed programme/location/constituent-term exemplar
3,GO:0006119,microglia,CA1,903,-0.12876632358598,FALSE,FALSE,oxidative phosphorylation,-2.11097705826318,5.75222270996947e-5,manuscript-fixed programme/location/constituent-term exemplar
3,GO:0006119,microglia,CA1,904,-0.128964972771518,FALSE,FALSE,oxidative phosphorylation,-2.11097705826318,5.75222270996947e-5,manuscript-fixed programme/location/constituent-term exemplar
3,GO:0006119,microglia,CA1,905,-0.129163621957056,FALSE,FALSE,oxidative phosphorylation,-2.11097705826318,5.75222270996947e-5,manuscript-fixed programme/location/constituent-term exemplar
3,GO:0006119,microglia,CA1,906,-0.129362271142595,FALSE,FALSE,oxidative phosphorylation,-2.11097705826318,5.75222270996947e-5,manuscript-fixed programme/location/constituent-term exemplar
3,GO:0006119,microglia,CA1,907,-0.129560920328133,FALSE,FALSE,oxidative phosphorylation,-2.11097705826318,5.75222270996947e-5,manuscript-fixed programme/location/constituent-term exemplar
3,GO:0006119,microglia,CA1,908,-0.129759569513671,FALSE,FALSE,oxidative phosphorylation,-2.11097705826318,5.75222270996947e-5,manuscript-fixed programme/location/constituent-term exemplar
3,GO:0006119,microglia,CA1,909,-0.12995821869921,FALSE,FALSE,oxidative phosphorylation,-2.11097705826318,5.75222270996947e-5,manuscript-fixed programme/location/constituent-term exemplar
3,GO:0006119,microglia,CA1,910,-0.130156867884748,FALSE,FALSE,oxidative phosphorylation,-2.11097705826318,5.75222270996947e-5,manuscript-fixed programme/location/constituent-term exemplar
3,GO:0006119,microglia,CA1,911,-0.130355517070286,FALSE,FALSE,oxidative phosphorylation,-2.11097705826318,5.75222270996947e-5,manuscript-fixed programme/location/constituent-term exemplar
3,GO:0006119,microglia,CA1,912,-0.130554166255825,FALSE,FALSE,oxidative phosphorylation,-2.11097705826318,5.75222270996947e-5,manuscript-fixed programme/location/constituent-term exemplar
3,GO:0006119,microglia,CA1,913,-0.130752815441363,FALSE,FALSE,oxidative phosphorylation,-2.11097705826318,5.75222270996947e-5,manuscript-fixed programme/location/constituent-term exemplar
3,GO:0006119,microglia,CA1,914,-0.130951464626901,FALSE,FALSE,oxidative phosphorylation,-2.11097705826318,5.75222270996947e-5,manuscript-fixed programme/location/constituent-term exemplar
3,GO:0006119,microglia,CA1,915,-0.13115011381244,FALSE,FALSE,oxidative phosphorylation,-2.11097705826318,5.75222270996947e-5,manuscript-fixed programme/location/constituent-term exemplar
3,GO:0006119,microglia,CA1,916,-0.131348762997978,FALSE,FALSE,oxidative phosphorylation,-2.11097705826318,5.75222270996947e-5,manuscript-fixed programme/location/constituent-term exemplar
3,GO:0006119,microglia,CA1,917,-0.131547412183516,FALSE,FALSE,oxidative phosphorylation,-2.11097705826318,5.75222270996947e-5,manuscript-fixed programme/location/constituent-term exemplar
3,GO:0006119,microglia,CA1,918,-0.131746061369055,FALSE,FALSE,oxidative phosphorylation,-2.11097705826318,5.75222270996947e-5,manuscript-fixed programme/location/constituent-term exemplar
3,GO:0006119,microglia,CA1,919,-0.131944710554593,FALSE,FALSE,oxidative phosphorylation,-2.11097705826318,5.75222270996947e-5,manuscript-fixed programme/location/constituent-term exemplar
3,GO:0006119,microglia,CA1,920,-0.132143359740131,FALSE,FALSE,oxidative phosphorylation,-2.11097705826318,5.75222270996947e-5,manuscript-fixed programme/location/constituent-term exemplar
3,GO:0006119,microglia,CA1,921,-0.13234200892567,FALSE,FALSE,oxidative phosphorylation,-2.11097705826318,5.75222270996947e-5,manuscript-fixed programme/location/constituent-term exemplar
3,GO:0006119,microglia,CA1,922,-0.132540658111208,FALSE,FALSE,oxidative phosphorylation,-2.11097705826318,5.75222270996947e-5,manuscript-fixed programme/location/constituent-term exemplar
3,GO:0006119,microglia,CA1,923,-0.132739307296746,FALSE,FALSE,oxidative phosphorylation,-2.11097705826318,5.75222270996947e-5,manuscript-fixed programme/location/constituent-term exemplar
3,GO:0006119,microglia,CA1,924,-0.132937956482285,FALSE,FALSE,oxidative phosphorylation,-2.11097705826318,5.75222270996947e-5,manuscript-fixed programme/location/constituent-term exemplar
3,GO:0006119,microglia,CA1,925,-0.133136605667823,FALSE,FALSE,oxidative phosphorylation,-2.11097705826318,5.75222270996947e-5,manuscript-fixed programme/location/constituent-term exemplar
3,GO:0006119,microglia,CA1,926,-0.133335254853361,FALSE,FALSE,oxidative phosphorylation,-2.11097705826318,5.75222270996947e-5,manuscript-fixed programme/location/constituent-term exemplar
3,GO:0006119,microglia,CA1,927,-0.1335339040389,FALSE,FALSE,oxidative phosphorylation,-2.11097705826318,5.75222270996947e-5,manuscript-fixed programme/location/constituent-term exemplar
3,GO:0006119,microglia,CA1,928,-0.133732553224438,FALSE,FALSE,oxidative phosphorylation,-2.11097705826318,5.75222270996947e-5,manuscript-fixed programme/location/constituent-term exemplar
3,GO:0006119,microglia,CA1,929,-0.133931202409976,FALSE,FALSE,oxidative phosphorylation,-2.11097705826318,5.75222270996947e-5,manuscript-fixed programme/location/constituent-term exemplar
3,GO:0006119,microglia,CA1,930,-0.134129851595515,FALSE,FALSE,oxidative phosphorylation,-2.11097705826318,5.75222270996947e-5,manuscript-fixed programme/location/constituent-term exemplar
3,GO:0006119,microglia,CA1,931,-0.134328500781053,FALSE,FALSE,oxidative phosphorylation,-2.11097705826318,5.75222270996947e-5,manuscript-fixed programme/location/constituent-term exemplar
3,GO:0006119,microglia,CA1,932,-0.134527149966592,FALSE,FALSE,oxidative phosphorylation,-2.11097705826318,5.75222270996947e-5,manuscript-fixed programme/location/constituent-term exemplar
3,GO:0006119,microglia,CA1,933,-0.13472579915213,FALSE,FALSE,oxidative phosphorylation,-2.11097705826318,5.75222270996947e-5,manuscript-fixed programme/location/constituent-term exemplar
3,GO:0006119,microglia,CA1,934,-0.134924448337668,FALSE,FALSE,oxidative phosphorylation,-2.11097705826318,5.75222270996947e-5,manuscript-fixed programme/location/constituent-term exemplar
3,GO:0006119,microglia,CA1,935,-0.135123097523207,FALSE,FALSE,oxidative phosphorylation,-2.11097705826318,5.75222270996947e-5,manuscript-fixed programme/location/constituent-term exemplar
3,GO:0006119,microglia,CA1,936,-0.135321746708745,FALSE,FALSE,oxidative phosphorylation,-2.11097705826318,5.75222270996947e-5,manuscript-fixed programme/location/constituent-term exemplar
3,GO:0006119,microglia,CA1,937,-0.135520395894283,FALSE,FALSE,oxidative phosphorylation,-2.11097705826318,5.75222270996947e-5,manuscript-fixed programme/location/constituent-term exemplar
3,GO:0006119,microglia,CA1,938,-0.135719045079822,FALSE,FALSE,oxidative phosphorylation,-2.11097705826318,5.75222270996947e-5,manuscript-fixed programme/location/constituent-term exemplar
3,GO:0006119,microglia,CA1,939,-0.13591769426536,FALSE,FALSE,oxidative phosphorylation,-2.11097705826318,5.75222270996947e-5,manuscript-fixed programme/location/constituent-term exemplar
3,GO:0006119,microglia,CA1,940,-0.136116343450898,FALSE,FALSE,oxidative phosphorylation,-2.11097705826318,5.75222270996947e-5,manuscript-fixed programme/location/constituent-term exemplar
3,GO:0006119,microglia,CA1,941,-0.136314992636437,FALSE,FALSE,oxidative phosphorylation,-2.11097705826318,5.75222270996947e-5,manuscript-fixed programme/location/constituent-term exemplar
3,GO:0006119,microglia,CA1,942,-0.136513641821975,FALSE,FALSE,oxidative phosphorylation,-2.11097705826318,5.75222270996947e-5,manuscript-fixed programme/location/constituent-term exemplar
3,GO:0006119,microglia,CA1,943,-0.136712291007513,FALSE,FALSE,oxidative phosphorylation,-2.11097705826318,5.75222270996947e-5,manuscript-fixed programme/location/constituent-term exemplar
3,GO:0006119,microglia,CA1,944,-0.136910940193052,FALSE,FALSE,oxidative phosphorylation,-2.11097705826318,5.75222270996947e-5,manuscript-fixed programme/location/constituent-term exemplar
3,GO:0006119,microglia,CA1,945,-0.13710958937859,FALSE,FALSE,oxidative phosphorylation,-2.11097705826318,5.75222270996947e-5,manuscript-fixed programme/location/constituent-term exemplar
3,GO:0006119,microglia,CA1,946,-0.137308238564128,FALSE,FALSE,oxidative phosphorylation,-2.11097705826318,5.75222270996947e-5,manuscript-fixed programme/location/constituent-term exemplar
3,GO:0006119,microglia,CA1,947,-0.137506887749667,FALSE,FALSE,oxidative phosphorylation,-2.11097705826318,5.75222270996947e-5,manuscript-fixed programme/location/constituent-term exemplar
3,GO:0006119,microglia,CA1,948,-0.137705536935205,FALSE,FALSE,oxidative phosphorylation,-2.11097705826318,5.75222270996947e-5,manuscript-fixed programme/location/constituent-term exemplar
3,GO:0006119,microglia,CA1,949,-0.137904186120743,FALSE,FALSE,oxidative phosphorylation,-2.11097705826318,5.75222270996947e-5,manuscript-fixed programme/location/constituent-term exemplar
3,GO:0006119,microglia,CA1,950,-0.138102835306282,FALSE,FALSE,oxidative phosphorylation,-2.11097705826318,5.75222270996947e-5,manuscript-fixed programme/location/constituent-term exemplar
3,GO:0006119,microglia,CA1,951,-0.13830148449182,FALSE,FALSE,oxidative phosphorylation,-2.11097705826318,5.75222270996947e-5,manuscript-fixed programme/location/constituent-term exemplar
3,GO:0006119,microglia,CA1,952,-0.138500133677358,FALSE,FALSE,oxidative phosphorylation,-2.11097705826318,5.75222270996947e-5,manuscript-fixed programme/location/constituent-term exemplar
3,GO:0006119,microglia,CA1,953,-0.138698782862897,FALSE,FALSE,oxidative phosphorylation,-2.11097705826318,5.75222270996947e-5,manuscript-fixed programme/location/constituent-term exemplar
3,GO:0006119,microglia,CA1,954,-0.138897432048435,FALSE,FALSE,oxidative phosphorylation,-2.11097705826318,5.75222270996947e-5,manuscript-fixed programme/location/constituent-term exemplar
3,GO:0006119,microglia,CA1,955,-0.139096081233973,FALSE,FALSE,oxidative phosphorylation,-2.11097705826318,5.75222270996947e-5,manuscript-fixed programme/location/constituent-term exemplar
3,GO:0006119,microglia,CA1,956,-0.139294730419512,FALSE,FALSE,oxidative phosphorylation,-2.11097705826318,5.75222270996947e-5,manuscript-fixed programme/location/constituent-term exemplar
3,GO:0006119,microglia,CA1,957,-0.13949337960505,FALSE,FALSE,oxidative phosphorylation,-2.11097705826318,5.75222270996947e-5,manuscript-fixed programme/location/constituent-term exemplar
3,GO:0006119,microglia,CA1,958,-0.139692028790588,FALSE,FALSE,oxidative phosphorylation,-2.11097705826318,5.75222270996947e-5,manuscript-fixed programme/location/constituent-term exemplar
3,GO:0006119,microglia,CA1,959,-0.139890677976127,FALSE,FALSE,oxidative phosphorylation,-2.11097705826318,5.75222270996947e-5,manuscript-fixed programme/location/constituent-term exemplar
3,GO:0006119,microglia,CA1,960,-0.140089327161665,FALSE,FALSE,oxidative phosphorylation,-2.11097705826318,5.75222270996947e-5,manuscript-fixed programme/location/constituent-term exemplar
3,GO:0006119,microglia,CA1,961,-0.140287976347203,FALSE,FALSE,oxidative phosphorylation,-2.11097705826318,5.75222270996947e-5,manuscript-fixed programme/location/constituent-term exemplar
3,GO:0006119,microglia,CA1,962,-0.140486625532742,FALSE,FALSE,oxidative phosphorylation,-2.11097705826318,5.75222270996947e-5,manuscript-fixed programme/location/constituent-term exemplar
3,GO:0006119,microglia,CA1,963,-0.14068527471828,FALSE,FALSE,oxidative phosphorylation,-2.11097705826318,5.75222270996947e-5,manuscript-fixed programme/location/constituent-term exemplar
3,GO:0006119,microglia,CA1,964,-0.133831563902903,TRUE,FALSE,oxidative phosphorylation,-2.11097705826318,5.75222270996947e-5,manuscript-fixed programme/location/constituent-term exemplar
3,GO:0006119,microglia,CA1,965,-0.134030213088441,FALSE,FALSE,oxidative phosphorylation,-2.11097705826318,5.75222270996947e-5,manuscript-fixed programme/location/constituent-term exemplar
3,GO:0006119,microglia,CA1,966,-0.13422886227398,FALSE,FALSE,oxidative phosphorylation,-2.11097705826318,5.75222270996947e-5,manuscript-fixed programme/location/constituent-term exemplar
3,GO:0006119,microglia,CA1,967,-0.134427511459518,FALSE,FALSE,oxidative phosphorylation,-2.11097705826318,5.75222270996947e-5,manuscript-fixed programme/location/constituent-term exemplar
3,GO:0006119,microglia,CA1,968,-0.134626160645056,FALSE,FALSE,oxidative phosphorylation,-2.11097705826318,5.75222270996947e-5,manuscript-fixed programme/location/constituent-term exemplar
3,GO:0006119,microglia,CA1,969,-0.134824809830595,FALSE,FALSE,oxidative phosphorylation,-2.11097705826318,5.75222270996947e-5,manuscript-fixed programme/location/constituent-term exemplar
3,GO:0006119,microglia,CA1,970,-0.135023459016133,FALSE,FALSE,oxidative phosphorylation,-2.11097705826318,5.75222270996947e-5,manuscript-fixed programme/location/constituent-term exemplar
3,GO:0006119,microglia,CA1,971,-0.135222108201671,FALSE,FALSE,oxidative phosphorylation,-2.11097705826318,5.75222270996947e-5,manuscript-fixed programme/location/constituent-term exemplar
3,GO:0006119,microglia,CA1,972,-0.13542075738721,FALSE,FALSE,oxidative phosphorylation,-2.11097705826318,5.75222270996947e-5,manuscript-fixed programme/location/constituent-term exemplar
3,GO:0006119,microglia,CA1,973,-0.135619406572748,FALSE,FALSE,oxidative phosphorylation,-2.11097705826318,5.75222270996947e-5,manuscript-fixed programme/location/constituent-term exemplar
3,GO:0006119,microglia,CA1,974,-0.135818055758286,FALSE,FALSE,oxidative phosphorylation,-2.11097705826318,5.75222270996947e-5,manuscript-fixed programme/location/constituent-term exemplar
3,GO:0006119,microglia,CA1,975,-0.136016704943825,FALSE,FALSE,oxidative phosphorylation,-2.11097705826318,5.75222270996947e-5,manuscript-fixed programme/location/constituent-term exemplar
3,GO:0006119,microglia,CA1,976,-0.136215354129363,FALSE,FALSE,oxidative phosphorylation,-2.11097705826318,5.75222270996947e-5,manuscript-fixed programme/location/constituent-term exemplar
3,GO:0006119,microglia,CA1,977,-0.136414003314901,FALSE,FALSE,oxidative phosphorylation,-2.11097705826318,5.75222270996947e-5,manuscript-fixed programme/location/constituent-term exemplar
3,GO:0006119,microglia,CA1,978,-0.13661265250044,FALSE,FALSE,oxidative phosphorylation,-2.11097705826318,5.75222270996947e-5,manuscript-fixed programme/location/constituent-term exemplar
3,GO:0006119,microglia,CA1,979,-0.136811301685978,FALSE,FALSE,oxidative phosphorylation,-2.11097705826318,5.75222270996947e-5,manuscript-fixed programme/location/constituent-term exemplar
3,GO:0006119,microglia,CA1,980,-0.137009950871517,FALSE,FALSE,oxidative phosphorylation,-2.11097705826318,5.75222270996947e-5,manuscript-fixed programme/location/constituent-term exemplar
3,GO:0006119,microglia,CA1,981,-0.137208600057055,FALSE,FALSE,oxidative phosphorylation,-2.11097705826318,5.75222270996947e-5,manuscript-fixed programme/location/constituent-term exemplar
3,GO:0006119,microglia,CA1,982,-0.137407249242593,FALSE,FALSE,oxidative phosphorylation,-2.11097705826318,5.75222270996947e-5,manuscript-fixed programme/location/constituent-term exemplar
3,GO:0006119,microglia,CA1,983,-0.137605898428132,FALSE,FALSE,oxidative phosphorylation,-2.11097705826318,5.75222270996947e-5,manuscript-fixed programme/location/constituent-term exemplar
3,GO:0006119,microglia,CA1,984,-0.13780454761367,FALSE,FALSE,oxidative phosphorylation,-2.11097705826318,5.75222270996947e-5,manuscript-fixed programme/location/constituent-term exemplar
3,GO:0006119,microglia,CA1,985,-0.138003196799208,FALSE,FALSE,oxidative phosphorylation,-2.11097705826318,5.75222270996947e-5,manuscript-fixed programme/location/constituent-term exemplar
3,GO:0006119,microglia,CA1,986,-0.138201845984747,FALSE,FALSE,oxidative phosphorylation,-2.11097705826318,5.75222270996947e-5,manuscript-fixed programme/location/constituent-term exemplar
3,GO:0006119,microglia,CA1,987,-0.138400495170285,FALSE,FALSE,oxidative phosphorylation,-2.11097705826318,5.75222270996947e-5,manuscript-fixed programme/location/constituent-term exemplar
3,GO:0006119,microglia,CA1,988,-0.138599144355823,FALSE,FALSE,oxidative phosphorylation,-2.11097705826318,5.75222270996947e-5,manuscript-fixed programme/location/constituent-term exemplar
3,GO:0006119,microglia,CA1,989,-0.138797793541362,FALSE,FALSE,oxidative phosphorylation,-2.11097705826318,5.75222270996947e-5,manuscript-fixed programme/location/constituent-term exemplar
3,GO:0006119,microglia,CA1,990,-0.1389964427269,FALSE,FALSE,oxidative phosphorylation,-2.11097705826318,5.75222270996947e-5,manuscript-fixed programme/location/constituent-term exemplar
3,GO:0006119,microglia,CA1,991,-0.139195091912438,FALSE,FALSE,oxidative phosphorylation,-2.11097705826318,5.75222270996947e-5,manuscript-fixed programme/location/constituent-term exemplar
3,GO:0006119,microglia,CA1,992,-0.139393741097977,FALSE,FALSE,oxidative phosphorylation,-2.11097705826318,5.75222270996947e-5,manuscript-fixed programme/location/constituent-term exemplar
3,GO:0006119,microglia,CA1,993,-0.139592390283515,FALSE,FALSE,oxidative phosphorylation,-2.11097705826318,5.75222270996947e-5,manuscript-fixed programme/location/constituent-term exemplar
3,GO:0006119,microglia,CA1,994,-0.139791039469053,FALSE,FALSE,oxidative phosphorylation,-2.11097705826318,5.75222270996947e-5,manuscript-fixed programme/location/constituent-term exemplar
3,GO:0006119,microglia,CA1,995,-0.139989688654592,FALSE,FALSE,oxidative phosphorylation,-2.11097705826318,5.75222270996947e-5,manuscript-fixed programme/location/constituent-term exemplar
3,GO:0006119,microglia,CA1,996,-0.14018833784013,FALSE,FALSE,oxidative phosphorylation,-2.11097705826318,5.75222270996947e-5,manuscript-fixed programme/location/constituent-term exemplar
3,GO:0006119,microglia,CA1,997,-0.140386987025668,FALSE,FALSE,oxidative phosphorylation,-2.11097705826318,5.75222270996947e-5,manuscript-fixed programme/location/constituent-term exemplar
3,GO:0006119,microglia,CA1,998,-0.140585636211207,FALSE,FALSE,oxidative phosphorylation,-2.11097705826318,5.75222270996947e-5,manuscript-fixed programme/location/constituent-term exemplar
3,GO:0006119,microglia,CA1,999,-0.140784285396745,FALSE,FALSE,oxidative phosphorylation,-2.11097705826318,5.75222270996947e-5,manuscript-fixed programme/location/constituent-term exemplar
3,GO:0006119,microglia,CA1,1000,-0.140982934582283,FALSE,FALSE,oxidative phosphorylation,-2.11097705826318,5.75222270996947e-5,manuscript-fixed programme/location/constituent-term exemplar
3,GO:0006119,microglia,CA1,1001,-0.141181583767822,FALSE,FALSE,oxidative phosphorylation,-2.11097705826318,5.75222270996947e-5,manuscript-fixed programme/location/constituent-term exemplar
3,GO:0006119,microglia,CA1,1002,-0.14138023295336,FALSE,FALSE,oxidative phosphorylation,-2.11097705826318,5.75222270996947e-5,manuscript-fixed programme/location/constituent-term exemplar
3,GO:0006119,microglia,CA1,1003,-0.141578882138898,FALSE,FALSE,oxidative phosphorylation,-2.11097705826318,5.75222270996947e-5,manuscript-fixed programme/location/constituent-term exemplar
3,GO:0006119,microglia,CA1,1004,-0.141777531324437,FALSE,FALSE,oxidative phosphorylation,-2.11097705826318,5.75222270996947e-5,manuscript-fixed programme/location/constituent-term exemplar
3,GO:0006119,microglia,CA1,1005,-0.141976180509975,FALSE,FALSE,oxidative phosphorylation,-2.11097705826318,5.75222270996947e-5,manuscript-fixed programme/location/constituent-term exemplar
3,GO:0006119,microglia,CA1,1006,-0.142174829695513,FALSE,FALSE,oxidative phosphorylation,-2.11097705826318,5.75222270996947e-5,manuscript-fixed programme/location/constituent-term exemplar
3,GO:0006119,microglia,CA1,1007,-0.142373478881052,FALSE,FALSE,oxidative phosphorylation,-2.11097705826318,5.75222270996947e-5,manuscript-fixed programme/location/constituent-term exemplar
3,GO:0006119,microglia,CA1,1008,-0.14257212806659,FALSE,FALSE,oxidative phosphorylation,-2.11097705826318,5.75222270996947e-5,manuscript-fixed programme/location/constituent-term exemplar
3,GO:0006119,microglia,CA1,1009,-0.142770777252128,FALSE,FALSE,oxidative phosphorylation,-2.11097705826318,5.75222270996947e-5,manuscript-fixed programme/location/constituent-term exemplar
3,GO:0006119,microglia,CA1,1010,-0.142969426437667,FALSE,FALSE,oxidative phosphorylation,-2.11097705826318,5.75222270996947e-5,manuscript-fixed programme/location/constituent-term exemplar
3,GO:0006119,microglia,CA1,1011,-0.143168075623205,FALSE,FALSE,oxidative phosphorylation,-2.11097705826318,5.75222270996947e-5,manuscript-fixed programme/location/constituent-term exemplar
3,GO:0006119,microglia,CA1,1012,-0.143366724808743,FALSE,FALSE,oxidative phosphorylation,-2.11097705826318,5.75222270996947e-5,manuscript-fixed programme/location/constituent-term exemplar
3,GO:0006119,microglia,CA1,1013,-0.143565373994282,FALSE,FALSE,oxidative phosphorylation,-2.11097705826318,5.75222270996947e-5,manuscript-fixed programme/location/constituent-term exemplar
3,GO:0006119,microglia,CA1,1014,-0.14376402317982,FALSE,FALSE,oxidative phosphorylation,-2.11097705826318,5.75222270996947e-5,manuscript-fixed programme/location/constituent-term exemplar
3,GO:0006119,microglia,CA1,1015,-0.143962672365358,FALSE,FALSE,oxidative phosphorylation,-2.11097705826318,5.75222270996947e-5,manuscript-fixed programme/location/constituent-term exemplar
3,GO:0006119,microglia,CA1,1016,-0.144161321550897,FALSE,FALSE,oxidative phosphorylation,-2.11097705826318,5.75222270996947e-5,manuscript-fixed programme/location/constituent-term exemplar
3,GO:0006119,microglia,CA1,1017,-0.144359970736435,FALSE,FALSE,oxidative phosphorylation,-2.11097705826318,5.75222270996947e-5,manuscript-fixed programme/location/constituent-term exemplar
3,GO:0006119,microglia,CA1,1018,-0.144558619921973,FALSE,FALSE,oxidative phosphorylation,-2.11097705826318,5.75222270996947e-5,manuscript-fixed programme/location/constituent-term exemplar
3,GO:0006119,microglia,CA1,1019,-0.144757269107512,FALSE,FALSE,oxidative phosphorylation,-2.11097705826318,5.75222270996947e-5,manuscript-fixed programme/location/constituent-term exemplar
3,GO:0006119,microglia,CA1,1020,-0.14495591829305,FALSE,FALSE,oxidative phosphorylation,-2.11097705826318,5.75222270996947e-5,manuscript-fixed programme/location/constituent-term exemplar
3,GO:0006119,microglia,CA1,1021,-0.145154567478588,FALSE,FALSE,oxidative phosphorylation,-2.11097705826318,5.75222270996947e-5,manuscript-fixed programme/location/constituent-term exemplar
3,GO:0006119,microglia,CA1,1022,-0.145353216664127,FALSE,FALSE,oxidative phosphorylation,-2.11097705826318,5.75222270996947e-5,manuscript-fixed programme/location/constituent-term exemplar
3,GO:0006119,microglia,CA1,1023,-0.145551865849665,FALSE,FALSE,oxidative phosphorylation,-2.11097705826318,5.75222270996947e-5,manuscript-fixed programme/location/constituent-term exemplar
3,GO:0006119,microglia,CA1,1024,-0.145750515035203,FALSE,FALSE,oxidative phosphorylation,-2.11097705826318,5.75222270996947e-5,manuscript-fixed programme/location/constituent-term exemplar
3,GO:0006119,microglia,CA1,1025,-0.145949164220742,FALSE,FALSE,oxidative phosphorylation,-2.11097705826318,5.75222270996947e-5,manuscript-fixed programme/location/constituent-term exemplar
3,GO:0006119,microglia,CA1,1026,-0.14614781340628,FALSE,FALSE,oxidative phosphorylation,-2.11097705826318,5.75222270996947e-5,manuscript-fixed programme/location/constituent-term exemplar
3,GO:0006119,microglia,CA1,1027,-0.146346462591818,FALSE,FALSE,oxidative phosphorylation,-2.11097705826318,5.75222270996947e-5,manuscript-fixed programme/location/constituent-term exemplar
3,GO:0006119,microglia,CA1,1028,-0.146545111777357,FALSE,FALSE,oxidative phosphorylation,-2.11097705826318,5.75222270996947e-5,manuscript-fixed programme/location/constituent-term exemplar
3,GO:0006119,microglia,CA1,1029,-0.146743760962895,FALSE,FALSE,oxidative phosphorylation,-2.11097705826318,5.75222270996947e-5,manuscript-fixed programme/location/constituent-term exemplar
3,GO:0006119,microglia,CA1,1030,-0.146942410148433,FALSE,FALSE,oxidative phosphorylation,-2.11097705826318,5.75222270996947e-5,manuscript-fixed programme/location/constituent-term exemplar
3,GO:0006119,microglia,CA1,1031,-0.147141059333972,FALSE,FALSE,oxidative phosphorylation,-2.11097705826318,5.75222270996947e-5,manuscript-fixed programme/location/constituent-term exemplar
3,GO:0006119,microglia,CA1,1032,-0.14733970851951,FALSE,FALSE,oxidative phosphorylation,-2.11097705826318,5.75222270996947e-5,manuscript-fixed programme/location/constituent-term exemplar
3,GO:0006119,microglia,CA1,1033,-0.147538357705049,FALSE,FALSE,oxidative phosphorylation,-2.11097705826318,5.75222270996947e-5,manuscript-fixed programme/location/constituent-term exemplar
3,GO:0006119,microglia,CA1,1034,-0.147737006890587,FALSE,FALSE,oxidative phosphorylation,-2.11097705826318,5.75222270996947e-5,manuscript-fixed programme/location/constituent-term exemplar
3,GO:0006119,microglia,CA1,1035,-0.147935656076125,FALSE,FALSE,oxidative phosphorylation,-2.11097705826318,5.75222270996947e-5,manuscript-fixed programme/location/constituent-term exemplar
3,GO:0006119,microglia,CA1,1036,-0.148134305261664,FALSE,FALSE,oxidative phosphorylation,-2.11097705826318,5.75222270996947e-5,manuscript-fixed programme/location/constituent-term exemplar
3,GO:0006119,microglia,CA1,1037,-0.148332954447202,FALSE,FALSE,oxidative phosphorylation,-2.11097705826318,5.75222270996947e-5,manuscript-fixed programme/location/constituent-term exemplar
3,GO:0006119,microglia,CA1,1038,-0.14853160363274,FALSE,FALSE,oxidative phosphorylation,-2.11097705826318,5.75222270996947e-5,manuscript-fixed programme/location/constituent-term exemplar
3,GO:0006119,microglia,CA1,1039,-0.148730252818279,FALSE,FALSE,oxidative phosphorylation,-2.11097705826318,5.75222270996947e-5,manuscript-fixed programme/location/constituent-term exemplar
3,GO:0006119,microglia,CA1,1040,-0.148928902003817,FALSE,FALSE,oxidative phosphorylation,-2.11097705826318,5.75222270996947e-5,manuscript-fixed programme/location/constituent-term exemplar
3,GO:0006119,microglia,CA1,1041,-0.149127551189355,FALSE,FALSE,oxidative phosphorylation,-2.11097705826318,5.75222270996947e-5,manuscript-fixed programme/location/constituent-term exemplar
3,GO:0006119,microglia,CA1,1042,-0.149326200374894,FALSE,FALSE,oxidative phosphorylation,-2.11097705826318,5.75222270996947e-5,manuscript-fixed programme/location/constituent-term exemplar
3,GO:0006119,microglia,CA1,1043,-0.149524849560432,FALSE,FALSE,oxidative phosphorylation,-2.11097705826318,5.75222270996947e-5,manuscript-fixed programme/location/constituent-term exemplar
3,GO:0006119,microglia,CA1,1044,-0.14972349874597,FALSE,FALSE,oxidative phosphorylation,-2.11097705826318,5.75222270996947e-5,manuscript-fixed programme/location/constituent-term exemplar
3,GO:0006119,microglia,CA1,1045,-0.149922147931509,FALSE,FALSE,oxidative phosphorylation,-2.11097705826318,5.75222270996947e-5,manuscript-fixed programme/location/constituent-term exemplar
3,GO:0006119,microglia,CA1,1046,-0.150120797117047,FALSE,FALSE,oxidative phosphorylation,-2.11097705826318,5.75222270996947e-5,manuscript-fixed programme/location/constituent-term exemplar
3,GO:0006119,microglia,CA1,1047,-0.150319446302585,FALSE,FALSE,oxidative phosphorylation,-2.11097705826318,5.75222270996947e-5,manuscript-fixed programme/location/constituent-term exemplar
3,GO:0006119,microglia,CA1,1048,-0.150518095488124,FALSE,FALSE,oxidative phosphorylation,-2.11097705826318,5.75222270996947e-5,manuscript-fixed programme/location/constituent-term exemplar
3,GO:0006119,microglia,CA1,1049,-0.150716744673662,FALSE,FALSE,oxidative phosphorylation,-2.11097705826318,5.75222270996947e-5,manuscript-fixed programme/location/constituent-term exemplar
3,GO:0006119,microglia,CA1,1050,-0.1509153938592,FALSE,FALSE,oxidative phosphorylation,-2.11097705826318,5.75222270996947e-5,manuscript-fixed programme/location/constituent-term exemplar
3,GO:0006119,microglia,CA1,1051,-0.151114043044739,FALSE,FALSE,oxidative phosphorylation,-2.11097705826318,5.75222270996947e-5,manuscript-fixed programme/location/constituent-term exemplar
3,GO:0006119,microglia,CA1,1052,-0.151312692230277,FALSE,FALSE,oxidative phosphorylation,-2.11097705826318,5.75222270996947e-5,manuscript-fixed programme/location/constituent-term exemplar
3,GO:0006119,microglia,CA1,1053,-0.151511341415815,FALSE,FALSE,oxidative phosphorylation,-2.11097705826318,5.75222270996947e-5,manuscript-fixed programme/location/constituent-term exemplar
3,GO:0006119,microglia,CA1,1054,-0.151709990601354,FALSE,FALSE,oxidative phosphorylation,-2.11097705826318,5.75222270996947e-5,manuscript-fixed programme/location/constituent-term exemplar
3,GO:0006119,microglia,CA1,1055,-0.151908639786892,FALSE,FALSE,oxidative phosphorylation,-2.11097705826318,5.75222270996947e-5,manuscript-fixed programme/location/constituent-term exemplar
3,GO:0006119,microglia,CA1,1056,-0.15210728897243,FALSE,FALSE,oxidative phosphorylation,-2.11097705826318,5.75222270996947e-5,manuscript-fixed programme/location/constituent-term exemplar
3,GO:0006119,microglia,CA1,1057,-0.152305938157969,FALSE,FALSE,oxidative phosphorylation,-2.11097705826318,5.75222270996947e-5,manuscript-fixed programme/location/constituent-term exemplar
3,GO:0006119,microglia,CA1,1058,-0.152504587343507,FALSE,FALSE,oxidative phosphorylation,-2.11097705826318,5.75222270996947e-5,manuscript-fixed programme/location/constituent-term exemplar
3,GO:0006119,microglia,CA1,1059,-0.152703236529045,FALSE,FALSE,oxidative phosphorylation,-2.11097705826318,5.75222270996947e-5,manuscript-fixed programme/location/constituent-term exemplar
3,GO:0006119,microglia,CA1,1060,-0.152901885714584,FALSE,FALSE,oxidative phosphorylation,-2.11097705826318,5.75222270996947e-5,manuscript-fixed programme/location/constituent-term exemplar
3,GO:0006119,microglia,CA1,1061,-0.153100534900122,FALSE,FALSE,oxidative phosphorylation,-2.11097705826318,5.75222270996947e-5,manuscript-fixed programme/location/constituent-term exemplar
3,GO:0006119,microglia,CA1,1062,-0.15329918408566,FALSE,FALSE,oxidative phosphorylation,-2.11097705826318,5.75222270996947e-5,manuscript-fixed programme/location/constituent-term exemplar
3,GO:0006119,microglia,CA1,1063,-0.153497833271199,FALSE,FALSE,oxidative phosphorylation,-2.11097705826318,5.75222270996947e-5,manuscript-fixed programme/location/constituent-term exemplar
3,GO:0006119,microglia,CA1,1064,-0.153696482456737,FALSE,FALSE,oxidative phosphorylation,-2.11097705826318,5.75222270996947e-5,manuscript-fixed programme/location/constituent-term exemplar
3,GO:0006119,microglia,CA1,1065,-0.153895131642275,FALSE,FALSE,oxidative phosphorylation,-2.11097705826318,5.75222270996947e-5,manuscript-fixed programme/location/constituent-term exemplar
3,GO:0006119,microglia,CA1,1066,-0.154093780827814,FALSE,FALSE,oxidative phosphorylation,-2.11097705826318,5.75222270996947e-5,manuscript-fixed programme/location/constituent-term exemplar
3,GO:0006119,microglia,CA1,1067,-0.154292430013352,FALSE,FALSE,oxidative phosphorylation,-2.11097705826318,5.75222270996947e-5,manuscript-fixed programme/location/constituent-term exemplar
3,GO:0006119,microglia,CA1,1068,-0.15449107919889,FALSE,FALSE,oxidative phosphorylation,-2.11097705826318,5.75222270996947e-5,manuscript-fixed programme/location/constituent-term exemplar
3,GO:0006119,microglia,CA1,1069,-0.154689728384429,FALSE,FALSE,oxidative phosphorylation,-2.11097705826318,5.75222270996947e-5,manuscript-fixed programme/location/constituent-term exemplar
3,GO:0006119,microglia,CA1,1070,-0.154888377569967,FALSE,FALSE,oxidative phosphorylation,-2.11097705826318,5.75222270996947e-5,manuscript-fixed programme/location/constituent-term exemplar
3,GO:0006119,microglia,CA1,1071,-0.155087026755505,FALSE,FALSE,oxidative phosphorylation,-2.11097705826318,5.75222270996947e-5,manuscript-fixed programme/location/constituent-term exemplar
3,GO:0006119,microglia,CA1,1072,-0.155285675941044,FALSE,FALSE,oxidative phosphorylation,-2.11097705826318,5.75222270996947e-5,manuscript-fixed programme/location/constituent-term exemplar
3,GO:0006119,microglia,CA1,1073,-0.155484325126582,FALSE,FALSE,oxidative phosphorylation,-2.11097705826318,5.75222270996947e-5,manuscript-fixed programme/location/constituent-term exemplar
3,GO:0006119,microglia,CA1,1074,-0.15568297431212,FALSE,FALSE,oxidative phosphorylation,-2.11097705826318,5.75222270996947e-5,manuscript-fixed programme/location/constituent-term exemplar
3,GO:0006119,microglia,CA1,1075,-0.155881623497659,FALSE,FALSE,oxidative phosphorylation,-2.11097705826318,5.75222270996947e-5,manuscript-fixed programme/location/constituent-term exemplar
3,GO:0006119,microglia,CA1,1076,-0.156080272683197,FALSE,FALSE,oxidative phosphorylation,-2.11097705826318,5.75222270996947e-5,manuscript-fixed programme/location/constituent-term exemplar
3,GO:0006119,microglia,CA1,1077,-0.156278921868735,FALSE,FALSE,oxidative phosphorylation,-2.11097705826318,5.75222270996947e-5,manuscript-fixed programme/location/constituent-term exemplar
3,GO:0006119,microglia,CA1,1078,-0.156477571054274,FALSE,FALSE,oxidative phosphorylation,-2.11097705826318,5.75222270996947e-5,manuscript-fixed programme/location/constituent-term exemplar
3,GO:0006119,microglia,CA1,1079,-0.156676220239812,FALSE,FALSE,oxidative phosphorylation,-2.11097705826318,5.75222270996947e-5,manuscript-fixed programme/location/constituent-term exemplar
3,GO:0006119,microglia,CA1,1080,-0.15687486942535,FALSE,FALSE,oxidative phosphorylation,-2.11097705826318,5.75222270996947e-5,manuscript-fixed programme/location/constituent-term exemplar
3,GO:0006119,microglia,CA1,1081,-0.157073518610889,FALSE,FALSE,oxidative phosphorylation,-2.11097705826318,5.75222270996947e-5,manuscript-fixed programme/location/constituent-term exemplar
3,GO:0006119,microglia,CA1,1082,-0.157272167796427,FALSE,FALSE,oxidative phosphorylation,-2.11097705826318,5.75222270996947e-5,manuscript-fixed programme/location/constituent-term exemplar
3,GO:0006119,microglia,CA1,1083,-0.157470816981965,FALSE,FALSE,oxidative phosphorylation,-2.11097705826318,5.75222270996947e-5,manuscript-fixed programme/location/constituent-term exemplar
3,GO:0006119,microglia,CA1,1084,-0.157669466167504,FALSE,FALSE,oxidative phosphorylation,-2.11097705826318,5.75222270996947e-5,manuscript-fixed programme/location/constituent-term exemplar
3,GO:0006119,microglia,CA1,1085,-0.157868115353042,FALSE,FALSE,oxidative phosphorylation,-2.11097705826318,5.75222270996947e-5,manuscript-fixed programme/location/constituent-term exemplar
3,GO:0006119,microglia,CA1,1086,-0.15806676453858,FALSE,FALSE,oxidative phosphorylation,-2.11097705826318,5.75222270996947e-5,manuscript-fixed programme/location/constituent-term exemplar
3,GO:0006119,microglia,CA1,1087,-0.158265413724119,FALSE,FALSE,oxidative phosphorylation,-2.11097705826318,5.75222270996947e-5,manuscript-fixed programme/location/constituent-term exemplar
3,GO:0006119,microglia,CA1,1088,-0.158464062909657,FALSE,FALSE,oxidative phosphorylation,-2.11097705826318,5.75222270996947e-5,manuscript-fixed programme/location/constituent-term exemplar
3,GO:0006119,microglia,CA1,1089,-0.158662712095196,FALSE,FALSE,oxidative phosphorylation,-2.11097705826318,5.75222270996947e-5,manuscript-fixed programme/location/constituent-term exemplar
3,GO:0006119,microglia,CA1,1090,-0.158861361280734,FALSE,FALSE,oxidative phosphorylation,-2.11097705826318,5.75222270996947e-5,manuscript-fixed programme/location/constituent-term exemplar
3,GO:0006119,microglia,CA1,1091,-0.159060010466272,FALSE,FALSE,oxidative phosphorylation,-2.11097705826318,5.75222270996947e-5,manuscript-fixed programme/location/constituent-term exemplar
3,GO:0006119,microglia,CA1,1092,-0.159258659651811,FALSE,FALSE,oxidative phosphorylation,-2.11097705826318,5.75222270996947e-5,manuscript-fixed programme/location/constituent-term exemplar
3,GO:0006119,microglia,CA1,1093,-0.159457308837349,FALSE,FALSE,oxidative phosphorylation,-2.11097705826318,5.75222270996947e-5,manuscript-fixed programme/location/constituent-term exemplar
3,GO:0006119,microglia,CA1,1094,-0.159655958022887,FALSE,FALSE,oxidative phosphorylation,-2.11097705826318,5.75222270996947e-5,manuscript-fixed programme/location/constituent-term exemplar
3,GO:0006119,microglia,CA1,1095,-0.159854607208426,FALSE,FALSE,oxidative phosphorylation,-2.11097705826318,5.75222270996947e-5,manuscript-fixed programme/location/constituent-term exemplar
3,GO:0006119,microglia,CA1,1096,-0.160053256393964,FALSE,FALSE,oxidative phosphorylation,-2.11097705826318,5.75222270996947e-5,manuscript-fixed programme/location/constituent-term exemplar
3,GO:0006119,microglia,CA1,1097,-0.160251905579502,FALSE,FALSE,oxidative phosphorylation,-2.11097705826318,5.75222270996947e-5,manuscript-fixed programme/location/constituent-term exemplar
3,GO:0006119,microglia,CA1,1098,-0.160450554765041,FALSE,FALSE,oxidative phosphorylation,-2.11097705826318,5.75222270996947e-5,manuscript-fixed programme/location/constituent-term exemplar
3,GO:0006119,microglia,CA1,1099,-0.160649203950579,FALSE,FALSE,oxidative phosphorylation,-2.11097705826318,5.75222270996947e-5,manuscript-fixed programme/location/constituent-term exemplar
3,GO:0006119,microglia,CA1,1100,-0.160847853136117,FALSE,FALSE,oxidative phosphorylation,-2.11097705826318,5.75222270996947e-5,manuscript-fixed programme/location/constituent-term exemplar
3,GO:0006119,microglia,CA1,1101,-0.161046502321656,FALSE,FALSE,oxidative phosphorylation,-2.11097705826318,5.75222270996947e-5,manuscript-fixed programme/location/constituent-term exemplar
3,GO:0006119,microglia,CA1,1102,-0.161245151507194,FALSE,FALSE,oxidative phosphorylation,-2.11097705826318,5.75222270996947e-5,manuscript-fixed programme/location/constituent-term exemplar
3,GO:0006119,microglia,CA1,1103,-0.161443800692732,FALSE,FALSE,oxidative phosphorylation,-2.11097705826318,5.75222270996947e-5,manuscript-fixed programme/location/constituent-term exemplar
3,GO:0006119,microglia,CA1,1104,-0.161642449878271,FALSE,FALSE,oxidative phosphorylation,-2.11097705826318,5.75222270996947e-5,manuscript-fixed programme/location/constituent-term exemplar
3,GO:0006119,microglia,CA1,1105,-0.161841099063809,FALSE,FALSE,oxidative phosphorylation,-2.11097705826318,5.75222270996947e-5,manuscript-fixed programme/location/constituent-term exemplar
3,GO:0006119,microglia,CA1,1106,-0.162039748249347,FALSE,FALSE,oxidative phosphorylation,-2.11097705826318,5.75222270996947e-5,manuscript-fixed programme/location/constituent-term exemplar
3,GO:0006119,microglia,CA1,1107,-0.162238397434886,FALSE,FALSE,oxidative phosphorylation,-2.11097705826318,5.75222270996947e-5,manuscript-fixed programme/location/constituent-term exemplar
3,GO:0006119,microglia,CA1,1108,-0.162437046620424,FALSE,FALSE,oxidative phosphorylation,-2.11097705826318,5.75222270996947e-5,manuscript-fixed programme/location/constituent-term exemplar
3,GO:0006119,microglia,CA1,1109,-0.162635695805962,FALSE,FALSE,oxidative phosphorylation,-2.11097705826318,5.75222270996947e-5,manuscript-fixed programme/location/constituent-term exemplar
3,GO:0006119,microglia,CA1,1110,-0.162834344991501,FALSE,FALSE,oxidative phosphorylation,-2.11097705826318,5.75222270996947e-5,manuscript-fixed programme/location/constituent-term exemplar
3,GO:0006119,microglia,CA1,1111,-0.163032994177039,FALSE,FALSE,oxidative phosphorylation,-2.11097705826318,5.75222270996947e-5,manuscript-fixed programme/location/constituent-term exemplar
3,GO:0006119,microglia,CA1,1112,-0.163231643362577,FALSE,FALSE,oxidative phosphorylation,-2.11097705826318,5.75222270996947e-5,manuscript-fixed programme/location/constituent-term exemplar
3,GO:0006119,microglia,CA1,1113,-0.163430292548116,FALSE,FALSE,oxidative phosphorylation,-2.11097705826318,5.75222270996947e-5,manuscript-fixed programme/location/constituent-term exemplar
3,GO:0006119,microglia,CA1,1114,-0.163628941733654,FALSE,FALSE,oxidative phosphorylation,-2.11097705826318,5.75222270996947e-5,manuscript-fixed programme/location/constituent-term exemplar
3,GO:0006119,microglia,CA1,1115,-0.163827590919192,FALSE,FALSE,oxidative phosphorylation,-2.11097705826318,5.75222270996947e-5,manuscript-fixed programme/location/constituent-term exemplar
3,GO:0006119,microglia,CA1,1116,-0.164026240104731,FALSE,FALSE,oxidative phosphorylation,-2.11097705826318,5.75222270996947e-5,manuscript-fixed programme/location/constituent-term exemplar
3,GO:0006119,microglia,CA1,1117,-0.164224889290269,FALSE,FALSE,oxidative phosphorylation,-2.11097705826318,5.75222270996947e-5,manuscript-fixed programme/location/constituent-term exemplar
3,GO:0006119,microglia,CA1,1118,-0.164423538475807,FALSE,FALSE,oxidative phosphorylation,-2.11097705826318,5.75222270996947e-5,manuscript-fixed programme/location/constituent-term exemplar
3,GO:0006119,microglia,CA1,1119,-0.164622187661346,FALSE,FALSE,oxidative phosphorylation,-2.11097705826318,5.75222270996947e-5,manuscript-fixed programme/location/constituent-term exemplar
3,GO:0006119,microglia,CA1,1120,-0.164820836846884,FALSE,FALSE,oxidative phosphorylation,-2.11097705826318,5.75222270996947e-5,manuscript-fixed programme/location/constituent-term exemplar
3,GO:0006119,microglia,CA1,1121,-0.165019486032422,FALSE,FALSE,oxidative phosphorylation,-2.11097705826318,5.75222270996947e-5,manuscript-fixed programme/location/constituent-term exemplar
3,GO:0006119,microglia,CA1,1122,-0.165218135217961,FALSE,FALSE,oxidative phosphorylation,-2.11097705826318,5.75222270996947e-5,manuscript-fixed programme/location/constituent-term exemplar
3,GO:0006119,microglia,CA1,1123,-0.165416784403499,FALSE,FALSE,oxidative phosphorylation,-2.11097705826318,5.75222270996947e-5,manuscript-fixed programme/location/constituent-term exemplar
3,GO:0006119,microglia,CA1,1124,-0.165615433589037,FALSE,FALSE,oxidative phosphorylation,-2.11097705826318,5.75222270996947e-5,manuscript-fixed programme/location/constituent-term exemplar
3,GO:0006119,microglia,CA1,1125,-0.165814082774576,FALSE,FALSE,oxidative phosphorylation,-2.11097705826318,5.75222270996947e-5,manuscript-fixed programme/location/constituent-term exemplar
3,GO:0006119,microglia,CA1,1126,-0.166012731960114,FALSE,FALSE,oxidative phosphorylation,-2.11097705826318,5.75222270996947e-5,manuscript-fixed programme/location/constituent-term exemplar
3,GO:0006119,microglia,CA1,1127,-0.166211381145652,FALSE,FALSE,oxidative phosphorylation,-2.11097705826318,5.75222270996947e-5,manuscript-fixed programme/location/constituent-term exemplar
3,GO:0006119,microglia,CA1,1128,-0.166410030331191,FALSE,FALSE,oxidative phosphorylation,-2.11097705826318,5.75222270996947e-5,manuscript-fixed programme/location/constituent-term exemplar
3,GO:0006119,microglia,CA1,1129,-0.166608679516729,FALSE,FALSE,oxidative phosphorylation,-2.11097705826318,5.75222270996947e-5,manuscript-fixed programme/location/constituent-term exemplar
3,GO:0006119,microglia,CA1,1130,-0.166807328702267,FALSE,FALSE,oxidative phosphorylation,-2.11097705826318,5.75222270996947e-5,manuscript-fixed programme/location/constituent-term exemplar
3,GO:0006119,microglia,CA1,1131,-0.167005977887806,FALSE,FALSE,oxidative phosphorylation,-2.11097705826318,5.75222270996947e-5,manuscript-fixed programme/location/constituent-term exemplar
3,GO:0006119,microglia,CA1,1132,-0.167204627073344,FALSE,FALSE,oxidative phosphorylation,-2.11097705826318,5.75222270996947e-5,manuscript-fixed programme/location/constituent-term exemplar
3,GO:0006119,microglia,CA1,1133,-0.167403276258882,FALSE,FALSE,oxidative phosphorylation,-2.11097705826318,5.75222270996947e-5,manuscript-fixed programme/location/constituent-term exemplar
3,GO:0006119,microglia,CA1,1134,-0.167601925444421,FALSE,FALSE,oxidative phosphorylation,-2.11097705826318,5.75222270996947e-5,manuscript-fixed programme/location/constituent-term exemplar
3,GO:0006119,microglia,CA1,1135,-0.167800574629959,FALSE,FALSE,oxidative phosphorylation,-2.11097705826318,5.75222270996947e-5,manuscript-fixed programme/location/constituent-term exemplar
3,GO:0006119,microglia,CA1,1136,-0.167999223815497,FALSE,FALSE,oxidative phosphorylation,-2.11097705826318,5.75222270996947e-5,manuscript-fixed programme/location/constituent-term exemplar
3,GO:0006119,microglia,CA1,1137,-0.168197873001036,FALSE,FALSE,oxidative phosphorylation,-2.11097705826318,5.75222270996947e-5,manuscript-fixed programme/location/constituent-term exemplar
3,GO:0006119,microglia,CA1,1138,-0.168396522186574,FALSE,FALSE,oxidative phosphorylation,-2.11097705826318,5.75222270996947e-5,manuscript-fixed programme/location/constituent-term exemplar
3,GO:0006119,microglia,CA1,1139,-0.168595171372112,FALSE,FALSE,oxidative phosphorylation,-2.11097705826318,5.75222270996947e-5,manuscript-fixed programme/location/constituent-term exemplar
3,GO:0006119,microglia,CA1,1140,-0.168793820557651,FALSE,FALSE,oxidative phosphorylation,-2.11097705826318,5.75222270996947e-5,manuscript-fixed programme/location/constituent-term exemplar
3,GO:0006119,microglia,CA1,1141,-0.168992469743189,FALSE,FALSE,oxidative phosphorylation,-2.11097705826318,5.75222270996947e-5,manuscript-fixed programme/location/constituent-term exemplar
3,GO:0006119,microglia,CA1,1142,-0.169191118928727,FALSE,FALSE,oxidative phosphorylation,-2.11097705826318,5.75222270996947e-5,manuscript-fixed programme/location/constituent-term exemplar
3,GO:0006119,microglia,CA1,1143,-0.169389768114266,FALSE,FALSE,oxidative phosphorylation,-2.11097705826318,5.75222270996947e-5,manuscript-fixed programme/location/constituent-term exemplar
3,GO:0006119,microglia,CA1,1144,-0.169588417299804,FALSE,FALSE,oxidative phosphorylation,-2.11097705826318,5.75222270996947e-5,manuscript-fixed programme/location/constituent-term exemplar
3,GO:0006119,microglia,CA1,1145,-0.169787066485343,FALSE,FALSE,oxidative phosphorylation,-2.11097705826318,5.75222270996947e-5,manuscript-fixed programme/location/constituent-term exemplar
3,GO:0006119,microglia,CA1,1146,-0.169985715670881,FALSE,FALSE,oxidative phosphorylation,-2.11097705826318,5.75222270996947e-5,manuscript-fixed programme/location/constituent-term exemplar
3,GO:0006119,microglia,CA1,1147,-0.170184364856419,FALSE,FALSE,oxidative phosphorylation,-2.11097705826318,5.75222270996947e-5,manuscript-fixed programme/location/constituent-term exemplar
3,GO:0006119,microglia,CA1,1148,-0.170383014041958,FALSE,FALSE,oxidative phosphorylation,-2.11097705826318,5.75222270996947e-5,manuscript-fixed programme/location/constituent-term exemplar
3,GO:0006119,microglia,CA1,1149,-0.170581663227496,FALSE,FALSE,oxidative phosphorylation,-2.11097705826318,5.75222270996947e-5,manuscript-fixed programme/location/constituent-term exemplar
3,GO:0006119,microglia,CA1,1150,-0.170780312413034,FALSE,FALSE,oxidative phosphorylation,-2.11097705826318,5.75222270996947e-5,manuscript-fixed programme/location/constituent-term exemplar
3,GO:0006119,microglia,CA1,1151,-0.170978961598573,FALSE,FALSE,oxidative phosphorylation,-2.11097705826318,5.75222270996947e-5,manuscript-fixed programme/location/constituent-term exemplar
3,GO:0006119,microglia,CA1,1152,-0.171177610784111,FALSE,FALSE,oxidative phosphorylation,-2.11097705826318,5.75222270996947e-5,manuscript-fixed programme/location/constituent-term exemplar
3,GO:0006119,microglia,CA1,1153,-0.171376259969649,FALSE,FALSE,oxidative phosphorylation,-2.11097705826318,5.75222270996947e-5,manuscript-fixed programme/location/constituent-term exemplar
3,GO:0006119,microglia,CA1,1154,-0.171574909155188,FALSE,FALSE,oxidative phosphorylation,-2.11097705826318,5.75222270996947e-5,manuscript-fixed programme/location/constituent-term exemplar
3,GO:0006119,microglia,CA1,1155,-0.171773558340726,FALSE,FALSE,oxidative phosphorylation,-2.11097705826318,5.75222270996947e-5,manuscript-fixed programme/location/constituent-term exemplar
3,GO:0006119,microglia,CA1,1156,-0.171972207526264,FALSE,FALSE,oxidative phosphorylation,-2.11097705826318,5.75222270996947e-5,manuscript-fixed programme/location/constituent-term exemplar
3,GO:0006119,microglia,CA1,1157,-0.172170856711803,FALSE,FALSE,oxidative phosphorylation,-2.11097705826318,5.75222270996947e-5,manuscript-fixed programme/location/constituent-term exemplar
3,GO:0006119,microglia,CA1,1158,-0.172369505897341,FALSE,FALSE,oxidative phosphorylation,-2.11097705826318,5.75222270996947e-5,manuscript-fixed programme/location/constituent-term exemplar
3,GO:0006119,microglia,CA1,1159,-0.172568155082879,FALSE,FALSE,oxidative phosphorylation,-2.11097705826318,5.75222270996947e-5,manuscript-fixed programme/location/constituent-term exemplar
3,GO:0006119,microglia,CA1,1160,-0.172766804268418,FALSE,FALSE,oxidative phosphorylation,-2.11097705826318,5.75222270996947e-5,manuscript-fixed programme/location/constituent-term exemplar
3,GO:0006119,microglia,CA1,1161,-0.172965453453956,FALSE,FALSE,oxidative phosphorylation,-2.11097705826318,5.75222270996947e-5,manuscript-fixed programme/location/constituent-term exemplar
3,GO:0006119,microglia,CA1,1162,-0.173164102639494,FALSE,FALSE,oxidative phosphorylation,-2.11097705826318,5.75222270996947e-5,manuscript-fixed programme/location/constituent-term exemplar
3,GO:0006119,microglia,CA1,1163,-0.173362751825033,FALSE,FALSE,oxidative phosphorylation,-2.11097705826318,5.75222270996947e-5,manuscript-fixed programme/location/constituent-term exemplar
3,GO:0006119,microglia,CA1,1164,-0.173561401010571,FALSE,FALSE,oxidative phosphorylation,-2.11097705826318,5.75222270996947e-5,manuscript-fixed programme/location/constituent-term exemplar
3,GO:0006119,microglia,CA1,1165,-0.173760050196109,FALSE,FALSE,oxidative phosphorylation,-2.11097705826318,5.75222270996947e-5,manuscript-fixed programme/location/constituent-term exemplar
3,GO:0006119,microglia,CA1,1166,-0.173958699381648,FALSE,FALSE,oxidative phosphorylation,-2.11097705826318,5.75222270996947e-5,manuscript-fixed programme/location/constituent-term exemplar
3,GO:0006119,microglia,CA1,1167,-0.174157348567186,FALSE,FALSE,oxidative phosphorylation,-2.11097705826318,5.75222270996947e-5,manuscript-fixed programme/location/constituent-term exemplar
3,GO:0006119,microglia,CA1,1168,-0.174355997752724,FALSE,FALSE,oxidative phosphorylation,-2.11097705826318,5.75222270996947e-5,manuscript-fixed programme/location/constituent-term exemplar
3,GO:0006119,microglia,CA1,1169,-0.174554646938263,FALSE,FALSE,oxidative phosphorylation,-2.11097705826318,5.75222270996947e-5,manuscript-fixed programme/location/constituent-term exemplar
3,GO:0006119,microglia,CA1,1170,-0.174753296123801,FALSE,FALSE,oxidative phosphorylation,-2.11097705826318,5.75222270996947e-5,manuscript-fixed programme/location/constituent-term exemplar
3,GO:0006119,microglia,CA1,1171,-0.174951945309339,FALSE,FALSE,oxidative phosphorylation,-2.11097705826318,5.75222270996947e-5,manuscript-fixed programme/location/constituent-term exemplar
3,GO:0006119,microglia,CA1,1172,-0.175150594494878,FALSE,FALSE,oxidative phosphorylation,-2.11097705826318,5.75222270996947e-5,manuscript-fixed programme/location/constituent-term exemplar
3,GO:0006119,microglia,CA1,1173,-0.175349243680416,FALSE,FALSE,oxidative phosphorylation,-2.11097705826318,5.75222270996947e-5,manuscript-fixed programme/location/constituent-term exemplar
3,GO:0006119,microglia,CA1,1174,-0.17554789286595401,FALSE,FALSE,oxidative phosphorylation,-2.11097705826318,5.75222270996947e-5,manuscript-fixed programme/location/constituent-term exemplar
3,GO:0006119,microglia,CA1,1175,-0.175746542051493,FALSE,FALSE,oxidative phosphorylation,-2.11097705826318,5.75222270996947e-5,manuscript-fixed programme/location/constituent-term exemplar
3,GO:0006119,microglia,CA1,1176,-0.175945191237031,FALSE,FALSE,oxidative phosphorylation,-2.11097705826318,5.75222270996947e-5,manuscript-fixed programme/location/constituent-term exemplar
3,GO:0006119,microglia,CA1,1177,-0.176143840422569,FALSE,FALSE,oxidative phosphorylation,-2.11097705826318,5.75222270996947e-5,manuscript-fixed programme/location/constituent-term exemplar
3,GO:0006119,microglia,CA1,1178,-0.176342489608108,FALSE,FALSE,oxidative phosphorylation,-2.11097705826318,5.75222270996947e-5,manuscript-fixed programme/location/constituent-term exemplar
3,GO:0006119,microglia,CA1,1179,-0.176541138793646,FALSE,FALSE,oxidative phosphorylation,-2.11097705826318,5.75222270996947e-5,manuscript-fixed programme/location/constituent-term exemplar
3,GO:0006119,microglia,CA1,1180,-0.176739787979184,FALSE,FALSE,oxidative phosphorylation,-2.11097705826318,5.75222270996947e-5,manuscript-fixed programme/location/constituent-term exemplar
3,GO:0006119,microglia,CA1,1181,-0.176938437164723,FALSE,FALSE,oxidative phosphorylation,-2.11097705826318,5.75222270996947e-5,manuscript-fixed programme/location/constituent-term exemplar
3,GO:0006119,microglia,CA1,1182,-0.177137086350261,FALSE,FALSE,oxidative phosphorylation,-2.11097705826318,5.75222270996947e-5,manuscript-fixed programme/location/constituent-term exemplar
3,GO:0006119,microglia,CA1,1183,-0.177335735535799,FALSE,FALSE,oxidative phosphorylation,-2.11097705826318,5.75222270996947e-5,manuscript-fixed programme/location/constituent-term exemplar
3,GO:0006119,microglia,CA1,1184,-0.177534384721338,FALSE,FALSE,oxidative phosphorylation,-2.11097705826318,5.75222270996947e-5,manuscript-fixed programme/location/constituent-term exemplar
3,GO:0006119,microglia,CA1,1185,-0.177733033906876,FALSE,FALSE,oxidative phosphorylation,-2.11097705826318,5.75222270996947e-5,manuscript-fixed programme/location/constituent-term exemplar
3,GO:0006119,microglia,CA1,1186,-0.177931683092414,FALSE,FALSE,oxidative phosphorylation,-2.11097705826318,5.75222270996947e-5,manuscript-fixed programme/location/constituent-term exemplar
3,GO:0006119,microglia,CA1,1187,-0.178130332277953,FALSE,FALSE,oxidative phosphorylation,-2.11097705826318,5.75222270996947e-5,manuscript-fixed programme/location/constituent-term exemplar
3,GO:0006119,microglia,CA1,1188,-0.178328981463491,FALSE,FALSE,oxidative phosphorylation,-2.11097705826318,5.75222270996947e-5,manuscript-fixed programme/location/constituent-term exemplar
3,GO:0006119,microglia,CA1,1189,-0.178527630649029,FALSE,FALSE,oxidative phosphorylation,-2.11097705826318,5.75222270996947e-5,manuscript-fixed programme/location/constituent-term exemplar
3,GO:0006119,microglia,CA1,1190,-0.178726279834568,FALSE,FALSE,oxidative phosphorylation,-2.11097705826318,5.75222270996947e-5,manuscript-fixed programme/location/constituent-term exemplar
3,GO:0006119,microglia,CA1,1191,-0.178924929020106,FALSE,FALSE,oxidative phosphorylation,-2.11097705826318,5.75222270996947e-5,manuscript-fixed programme/location/constituent-term exemplar
3,GO:0006119,microglia,CA1,1192,-0.179123578205644,FALSE,FALSE,oxidative phosphorylation,-2.11097705826318,5.75222270996947e-5,manuscript-fixed programme/location/constituent-term exemplar
3,GO:0006119,microglia,CA1,1193,-0.179322227391183,FALSE,FALSE,oxidative phosphorylation,-2.11097705826318,5.75222270996947e-5,manuscript-fixed programme/location/constituent-term exemplar
3,GO:0006119,microglia,CA1,1194,-0.179520876576721,FALSE,FALSE,oxidative phosphorylation,-2.11097705826318,5.75222270996947e-5,manuscript-fixed programme/location/constituent-term exemplar
3,GO:0006119,microglia,CA1,1195,-0.179719525762259,FALSE,FALSE,oxidative phosphorylation,-2.11097705826318,5.75222270996947e-5,manuscript-fixed programme/location/constituent-term exemplar
3,GO:0006119,microglia,CA1,1196,-0.179918174947798,FALSE,FALSE,oxidative phosphorylation,-2.11097705826318,5.75222270996947e-5,manuscript-fixed programme/location/constituent-term exemplar
3,GO:0006119,microglia,CA1,1197,-0.180116824133336,FALSE,FALSE,oxidative phosphorylation,-2.11097705826318,5.75222270996947e-5,manuscript-fixed programme/location/constituent-term exemplar
3,GO:0006119,microglia,CA1,1198,-0.180315473318874,FALSE,FALSE,oxidative phosphorylation,-2.11097705826318,5.75222270996947e-5,manuscript-fixed programme/location/constituent-term exemplar
3,GO:0006119,microglia,CA1,1199,-0.180514122504413,FALSE,FALSE,oxidative phosphorylation,-2.11097705826318,5.75222270996947e-5,manuscript-fixed programme/location/constituent-term exemplar
3,GO:0006119,microglia,CA1,1200,-0.180712771689951,FALSE,FALSE,oxidative phosphorylation,-2.11097705826318,5.75222270996947e-5,manuscript-fixed programme/location/constituent-term exemplar
3,GO:0006119,microglia,CA1,1201,-0.18091142087549,FALSE,FALSE,oxidative phosphorylation,-2.11097705826318,5.75222270996947e-5,manuscript-fixed programme/location/constituent-term exemplar
3,GO:0006119,microglia,CA1,1202,-0.181110070061028,FALSE,FALSE,oxidative phosphorylation,-2.11097705826318,5.75222270996947e-5,manuscript-fixed programme/location/constituent-term exemplar
3,GO:0006119,microglia,CA1,1203,-0.175844239152914,TRUE,FALSE,oxidative phosphorylation,-2.11097705826318,5.75222270996947e-5,manuscript-fixed programme/location/constituent-term exemplar
3,GO:0006119,microglia,CA1,1204,-0.176042888338452,FALSE,FALSE,oxidative phosphorylation,-2.11097705826318,5.75222270996947e-5,manuscript-fixed programme/location/constituent-term exemplar
3,GO:0006119,microglia,CA1,1205,-0.17624153752399,FALSE,FALSE,oxidative phosphorylation,-2.11097705826318,5.75222270996947e-5,manuscript-fixed programme/location/constituent-term exemplar
3,GO:0006119,microglia,CA1,1206,-0.176440186709529,FALSE,FALSE,oxidative phosphorylation,-2.11097705826318,5.75222270996947e-5,manuscript-fixed programme/location/constituent-term exemplar
3,GO:0006119,microglia,CA1,1207,-0.176638835895067,FALSE,FALSE,oxidative phosphorylation,-2.11097705826318,5.75222270996947e-5,manuscript-fixed programme/location/constituent-term exemplar
3,GO:0006119,microglia,CA1,1208,-0.176837485080605,FALSE,FALSE,oxidative phosphorylation,-2.11097705826318,5.75222270996947e-5,manuscript-fixed programme/location/constituent-term exemplar
3,GO:0006119,microglia,CA1,1209,-0.177036134266144,FALSE,FALSE,oxidative phosphorylation,-2.11097705826318,5.75222270996947e-5,manuscript-fixed programme/location/constituent-term exemplar
3,GO:0006119,microglia,CA1,1210,-0.177234783451682,FALSE,FALSE,oxidative phosphorylation,-2.11097705826318,5.75222270996947e-5,manuscript-fixed programme/location/constituent-term exemplar
3,GO:0006119,microglia,CA1,1211,-0.17743343263722,FALSE,FALSE,oxidative phosphorylation,-2.11097705826318,5.75222270996947e-5,manuscript-fixed programme/location/constituent-term exemplar
3,GO:0006119,microglia,CA1,1212,-0.177632081822759,FALSE,FALSE,oxidative phosphorylation,-2.11097705826318,5.75222270996947e-5,manuscript-fixed programme/location/constituent-term exemplar
3,GO:0006119,microglia,CA1,1213,-0.177830731008297,FALSE,FALSE,oxidative phosphorylation,-2.11097705826318,5.75222270996947e-5,manuscript-fixed programme/location/constituent-term exemplar
3,GO:0006119,microglia,CA1,1214,-0.178029380193835,FALSE,FALSE,oxidative phosphorylation,-2.11097705826318,5.75222270996947e-5,manuscript-fixed programme/location/constituent-term exemplar
3,GO:0006119,microglia,CA1,1215,-0.178228029379374,FALSE,FALSE,oxidative phosphorylation,-2.11097705826318,5.75222270996947e-5,manuscript-fixed programme/location/constituent-term exemplar
3,GO:0006119,microglia,CA1,1216,-0.178426678564912,FALSE,FALSE,oxidative phosphorylation,-2.11097705826318,5.75222270996947e-5,manuscript-fixed programme/location/constituent-term exemplar
3,GO:0006119,microglia,CA1,1217,-0.17862532775045,FALSE,FALSE,oxidative phosphorylation,-2.11097705826318,5.75222270996947e-5,manuscript-fixed programme/location/constituent-term exemplar
3,GO:0006119,microglia,CA1,1218,-0.178823976935989,FALSE,FALSE,oxidative phosphorylation,-2.11097705826318,5.75222270996947e-5,manuscript-fixed programme/location/constituent-term exemplar
3,GO:0006119,microglia,CA1,1219,-0.179022626121527,FALSE,FALSE,oxidative phosphorylation,-2.11097705826318,5.75222270996947e-5,manuscript-fixed programme/location/constituent-term exemplar
3,GO:0006119,microglia,CA1,1220,-0.179221275307065,FALSE,FALSE,oxidative phosphorylation,-2.11097705826318,5.75222270996947e-5,manuscript-fixed programme/location/constituent-term exemplar
3,GO:0006119,microglia,CA1,1221,-0.179419924492604,FALSE,FALSE,oxidative phosphorylation,-2.11097705826318,5.75222270996947e-5,manuscript-fixed programme/location/constituent-term exemplar
3,GO:0006119,microglia,CA1,1222,-0.179618573678142,FALSE,FALSE,oxidative phosphorylation,-2.11097705826318,5.75222270996947e-5,manuscript-fixed programme/location/constituent-term exemplar
3,GO:0006119,microglia,CA1,1223,-0.17981722286368,FALSE,FALSE,oxidative phosphorylation,-2.11097705826318,5.75222270996947e-5,manuscript-fixed programme/location/constituent-term exemplar
3,GO:0006119,microglia,CA1,1224,-0.180015872049219,FALSE,FALSE,oxidative phosphorylation,-2.11097705826318,5.75222270996947e-5,manuscript-fixed programme/location/constituent-term exemplar
3,GO:0006119,microglia,CA1,1225,-0.180214521234757,FALSE,FALSE,oxidative phosphorylation,-2.11097705826318,5.75222270996947e-5,manuscript-fixed programme/location/constituent-term exemplar
3,GO:0006119,microglia,CA1,1226,-0.180413170420295,FALSE,FALSE,oxidative phosphorylation,-2.11097705826318,5.75222270996947e-5,manuscript-fixed programme/location/constituent-term exemplar
3,GO:0006119,microglia,CA1,1227,-0.180611819605834,FALSE,FALSE,oxidative phosphorylation,-2.11097705826318,5.75222270996947e-5,manuscript-fixed programme/location/constituent-term exemplar
3,GO:0006119,microglia,CA1,1228,-0.180810468791372,FALSE,FALSE,oxidative phosphorylation,-2.11097705826318,5.75222270996947e-5,manuscript-fixed programme/location/constituent-term exemplar
3,GO:0006119,microglia,CA1,1229,-0.18100911797691,FALSE,FALSE,oxidative phosphorylation,-2.11097705826318,5.75222270996947e-5,manuscript-fixed programme/location/constituent-term exemplar
3,GO:0006119,microglia,CA1,1230,-0.181207767162449,FALSE,FALSE,oxidative phosphorylation,-2.11097705826318,5.75222270996947e-5,manuscript-fixed programme/location/constituent-term exemplar
3,GO:0006119,microglia,CA1,1231,-0.181406416347987,FALSE,FALSE,oxidative phosphorylation,-2.11097705826318,5.75222270996947e-5,manuscript-fixed programme/location/constituent-term exemplar
3,GO:0006119,microglia,CA1,1232,-0.181605065533525,FALSE,FALSE,oxidative phosphorylation,-2.11097705826318,5.75222270996947e-5,manuscript-fixed programme/location/constituent-term exemplar
3,GO:0006119,microglia,CA1,1233,-0.181803714719064,FALSE,FALSE,oxidative phosphorylation,-2.11097705826318,5.75222270996947e-5,manuscript-fixed programme/location/constituent-term exemplar
3,GO:0006119,microglia,CA1,1234,-0.182002363904602,FALSE,FALSE,oxidative phosphorylation,-2.11097705826318,5.75222270996947e-5,manuscript-fixed programme/location/constituent-term exemplar
3,GO:0006119,microglia,CA1,1235,-0.18220101309014,FALSE,FALSE,oxidative phosphorylation,-2.11097705826318,5.75222270996947e-5,manuscript-fixed programme/location/constituent-term exemplar
3,GO:0006119,microglia,CA1,1236,-0.182399662275679,FALSE,FALSE,oxidative phosphorylation,-2.11097705826318,5.75222270996947e-5,manuscript-fixed programme/location/constituent-term exemplar
3,GO:0006119,microglia,CA1,1237,-0.182598311461217,FALSE,FALSE,oxidative phosphorylation,-2.11097705826318,5.75222270996947e-5,manuscript-fixed programme/location/constituent-term exemplar
3,GO:0006119,microglia,CA1,1238,-0.182796960646755,FALSE,FALSE,oxidative phosphorylation,-2.11097705826318,5.75222270996947e-5,manuscript-fixed programme/location/constituent-term exemplar
3,GO:0006119,microglia,CA1,1239,-0.182995609832294,FALSE,FALSE,oxidative phosphorylation,-2.11097705826318,5.75222270996947e-5,manuscript-fixed programme/location/constituent-term exemplar
3,GO:0006119,microglia,CA1,1240,-0.183194259017832,FALSE,FALSE,oxidative phosphorylation,-2.11097705826318,5.75222270996947e-5,manuscript-fixed programme/location/constituent-term exemplar
3,GO:0006119,microglia,CA1,1241,-0.18339290820337,FALSE,FALSE,oxidative phosphorylation,-2.11097705826318,5.75222270996947e-5,manuscript-fixed programme/location/constituent-term exemplar
3,GO:0006119,microglia,CA1,1242,-0.183591557388909,FALSE,FALSE,oxidative phosphorylation,-2.11097705826318,5.75222270996947e-5,manuscript-fixed programme/location/constituent-term exemplar
3,GO:0006119,microglia,CA1,1243,-0.183790206574447,FALSE,FALSE,oxidative phosphorylation,-2.11097705826318,5.75222270996947e-5,manuscript-fixed programme/location/constituent-term exemplar
3,GO:0006119,microglia,CA1,1244,-0.183988855759985,FALSE,FALSE,oxidative phosphorylation,-2.11097705826318,5.75222270996947e-5,manuscript-fixed programme/location/constituent-term exemplar
3,GO:0006119,microglia,CA1,1245,-0.184187504945524,FALSE,FALSE,oxidative phosphorylation,-2.11097705826318,5.75222270996947e-5,manuscript-fixed programme/location/constituent-term exemplar
3,GO:0006119,microglia,CA1,1246,-0.184386154131062,FALSE,FALSE,oxidative phosphorylation,-2.11097705826318,5.75222270996947e-5,manuscript-fixed programme/location/constituent-term exemplar
3,GO:0006119,microglia,CA1,1247,-0.1845848033166,FALSE,FALSE,oxidative phosphorylation,-2.11097705826318,5.75222270996947e-5,manuscript-fixed programme/location/constituent-term exemplar
3,GO:0006119,microglia,CA1,1248,-0.184783452502139,FALSE,FALSE,oxidative phosphorylation,-2.11097705826318,5.75222270996947e-5,manuscript-fixed programme/location/constituent-term exemplar
3,GO:0006119,microglia,CA1,1249,-0.184982101687677,FALSE,FALSE,oxidative phosphorylation,-2.11097705826318,5.75222270996947e-5,manuscript-fixed programme/location/constituent-term exemplar
3,GO:0006119,microglia,CA1,1250,-0.185180750873216,FALSE,FALSE,oxidative phosphorylation,-2.11097705826318,5.75222270996947e-5,manuscript-fixed programme/location/constituent-term exemplar
3,GO:0006119,microglia,CA1,1251,-0.185379400058754,FALSE,FALSE,oxidative phosphorylation,-2.11097705826318,5.75222270996947e-5,manuscript-fixed programme/location/constituent-term exemplar
3,GO:0006119,microglia,CA1,1252,-0.185578049244292,FALSE,FALSE,oxidative phosphorylation,-2.11097705826318,5.75222270996947e-5,manuscript-fixed programme/location/constituent-term exemplar
3,GO:0006119,microglia,CA1,1253,-0.185776698429831,FALSE,FALSE,oxidative phosphorylation,-2.11097705826318,5.75222270996947e-5,manuscript-fixed programme/location/constituent-term exemplar
3,GO:0006119,microglia,CA1,1254,-0.185975347615369,FALSE,FALSE,oxidative phosphorylation,-2.11097705826318,5.75222270996947e-5,manuscript-fixed programme/location/constituent-term exemplar
3,GO:0006119,microglia,CA1,1255,-0.186173996800907,FALSE,FALSE,oxidative phosphorylation,-2.11097705826318,5.75222270996947e-5,manuscript-fixed programme/location/constituent-term exemplar
3,GO:0006119,microglia,CA1,1256,-0.186372645986446,FALSE,FALSE,oxidative phosphorylation,-2.11097705826318,5.75222270996947e-5,manuscript-fixed programme/location/constituent-term exemplar
3,GO:0006119,microglia,CA1,1257,-0.186571295171984,FALSE,FALSE,oxidative phosphorylation,-2.11097705826318,5.75222270996947e-5,manuscript-fixed programme/location/constituent-term exemplar
3,GO:0006119,microglia,CA1,1258,-0.186769944357522,FALSE,FALSE,oxidative phosphorylation,-2.11097705826318,5.75222270996947e-5,manuscript-fixed programme/location/constituent-term exemplar
3,GO:0006119,microglia,CA1,1259,-0.186968593543061,FALSE,FALSE,oxidative phosphorylation,-2.11097705826318,5.75222270996947e-5,manuscript-fixed programme/location/constituent-term exemplar
3,GO:0006119,microglia,CA1,1260,-0.187167242728599,FALSE,FALSE,oxidative phosphorylation,-2.11097705826318,5.75222270996947e-5,manuscript-fixed programme/location/constituent-term exemplar
3,GO:0006119,microglia,CA1,1261,-0.187365891914137,FALSE,FALSE,oxidative phosphorylation,-2.11097705826318,5.75222270996947e-5,manuscript-fixed programme/location/constituent-term exemplar
3,GO:0006119,microglia,CA1,1262,-0.187564541099676,FALSE,FALSE,oxidative phosphorylation,-2.11097705826318,5.75222270996947e-5,manuscript-fixed programme/location/constituent-term exemplar
3,GO:0006119,microglia,CA1,1263,-0.187763190285214,FALSE,FALSE,oxidative phosphorylation,-2.11097705826318,5.75222270996947e-5,manuscript-fixed programme/location/constituent-term exemplar
3,GO:0006119,microglia,CA1,1264,-0.187961839470752,FALSE,FALSE,oxidative phosphorylation,-2.11097705826318,5.75222270996947e-5,manuscript-fixed programme/location/constituent-term exemplar
3,GO:0006119,microglia,CA1,1265,-0.188160488656291,FALSE,FALSE,oxidative phosphorylation,-2.11097705826318,5.75222270996947e-5,manuscript-fixed programme/location/constituent-term exemplar
3,GO:0006119,microglia,CA1,1266,-0.188359137841829,FALSE,FALSE,oxidative phosphorylation,-2.11097705826318,5.75222270996947e-5,manuscript-fixed programme/location/constituent-term exemplar
3,GO:0006119,microglia,CA1,1267,-0.188557787027367,FALSE,FALSE,oxidative phosphorylation,-2.11097705826318,5.75222270996947e-5,manuscript-fixed programme/location/constituent-term exemplar
3,GO:0006119,microglia,CA1,1268,-0.188756436212906,FALSE,FALSE,oxidative phosphorylation,-2.11097705826318,5.75222270996947e-5,manuscript-fixed programme/location/constituent-term exemplar
3,GO:0006119,microglia,CA1,1269,-0.188955085398444,FALSE,FALSE,oxidative phosphorylation,-2.11097705826318,5.75222270996947e-5,manuscript-fixed programme/location/constituent-term exemplar
3,GO:0006119,microglia,CA1,1270,-0.189153734583982,FALSE,FALSE,oxidative phosphorylation,-2.11097705826318,5.75222270996947e-5,manuscript-fixed programme/location/constituent-term exemplar
3,GO:0006119,microglia,CA1,1271,-0.189352383769521,FALSE,FALSE,oxidative phosphorylation,-2.11097705826318,5.75222270996947e-5,manuscript-fixed programme/location/constituent-term exemplar
3,GO:0006119,microglia,CA1,1272,-0.189551032955059,FALSE,FALSE,oxidative phosphorylation,-2.11097705826318,5.75222270996947e-5,manuscript-fixed programme/location/constituent-term exemplar
3,GO:0006119,microglia,CA1,1273,-0.184744471612262,TRUE,FALSE,oxidative phosphorylation,-2.11097705826318,5.75222270996947e-5,manuscript-fixed programme/location/constituent-term exemplar
3,GO:0006119,microglia,CA1,1274,-0.1849431207978,FALSE,FALSE,oxidative phosphorylation,-2.11097705826318,5.75222270996947e-5,manuscript-fixed programme/location/constituent-term exemplar
3,GO:0006119,microglia,CA1,1275,-0.185141769983338,FALSE,FALSE,oxidative phosphorylation,-2.11097705826318,5.75222270996947e-5,manuscript-fixed programme/location/constituent-term exemplar
3,GO:0006119,microglia,CA1,1276,-0.185340419168877,FALSE,FALSE,oxidative phosphorylation,-2.11097705826318,5.75222270996947e-5,manuscript-fixed programme/location/constituent-term exemplar
3,GO:0006119,microglia,CA1,1277,-0.185539068354415,FALSE,FALSE,oxidative phosphorylation,-2.11097705826318,5.75222270996947e-5,manuscript-fixed programme/location/constituent-term exemplar
3,GO:0006119,microglia,CA1,1278,-0.185737717539953,FALSE,FALSE,oxidative phosphorylation,-2.11097705826318,5.75222270996947e-5,manuscript-fixed programme/location/constituent-term exemplar
3,GO:0006119,microglia,CA1,1279,-0.185936366725492,FALSE,FALSE,oxidative phosphorylation,-2.11097705826318,5.75222270996947e-5,manuscript-fixed programme/location/constituent-term exemplar
3,GO:0006119,microglia,CA1,1280,-0.18613501591103,FALSE,FALSE,oxidative phosphorylation,-2.11097705826318,5.75222270996947e-5,manuscript-fixed programme/location/constituent-term exemplar
3,GO:0006119,microglia,CA1,1281,-0.186333665096568,FALSE,FALSE,oxidative phosphorylation,-2.11097705826318,5.75222270996947e-5,manuscript-fixed programme/location/constituent-term exemplar
3,GO:0006119,microglia,CA1,1282,-0.186532314282107,FALSE,FALSE,oxidative phosphorylation,-2.11097705826318,5.75222270996947e-5,manuscript-fixed programme/location/constituent-term exemplar
3,GO:0006119,microglia,CA1,1283,-0.186730963467645,FALSE,FALSE,oxidative phosphorylation,-2.11097705826318,5.75222270996947e-5,manuscript-fixed programme/location/constituent-term exemplar
3,GO:0006119,microglia,CA1,1284,-0.186929612653183,FALSE,FALSE,oxidative phosphorylation,-2.11097705826318,5.75222270996947e-5,manuscript-fixed programme/location/constituent-term exemplar
3,GO:0006119,microglia,CA1,1285,-0.187128261838722,FALSE,FALSE,oxidative phosphorylation,-2.11097705826318,5.75222270996947e-5,manuscript-fixed programme/location/constituent-term exemplar
3,GO:0006119,microglia,CA1,1286,-0.18732691102426,FALSE,FALSE,oxidative phosphorylation,-2.11097705826318,5.75222270996947e-5,manuscript-fixed programme/location/constituent-term exemplar
3,GO:0006119,microglia,CA1,1287,-0.187525560209798,FALSE,FALSE,oxidative phosphorylation,-2.11097705826318,5.75222270996947e-5,manuscript-fixed programme/location/constituent-term exemplar
3,GO:0006119,microglia,CA1,1288,-0.187724209395337,FALSE,FALSE,oxidative phosphorylation,-2.11097705826318,5.75222270996947e-5,manuscript-fixed programme/location/constituent-term exemplar
3,GO:0006119,microglia,CA1,1289,-0.187922858580875,FALSE,FALSE,oxidative phosphorylation,-2.11097705826318,5.75222270996947e-5,manuscript-fixed programme/location/constituent-term exemplar
3,GO:0006119,microglia,CA1,1290,-0.188121507766413,FALSE,FALSE,oxidative phosphorylation,-2.11097705826318,5.75222270996947e-5,manuscript-fixed programme/location/constituent-term exemplar
3,GO:0006119,microglia,CA1,1291,-0.188320156951952,FALSE,FALSE,oxidative phosphorylation,-2.11097705826318,5.75222270996947e-5,manuscript-fixed programme/location/constituent-term exemplar
3,GO:0006119,microglia,CA1,1292,-0.18851880613749,FALSE,FALSE,oxidative phosphorylation,-2.11097705826318,5.75222270996947e-5,manuscript-fixed programme/location/constituent-term exemplar
3,GO:0006119,microglia,CA1,1293,-0.188717455323028,FALSE,FALSE,oxidative phosphorylation,-2.11097705826318,5.75222270996947e-5,manuscript-fixed programme/location/constituent-term exemplar
3,GO:0006119,microglia,CA1,1294,-0.188916104508567,FALSE,FALSE,oxidative phosphorylation,-2.11097705826318,5.75222270996947e-5,manuscript-fixed programme/location/constituent-term exemplar
3,GO:0006119,microglia,CA1,1295,-0.189114753694105,FALSE,FALSE,oxidative phosphorylation,-2.11097705826318,5.75222270996947e-5,manuscript-fixed programme/location/constituent-term exemplar
3,GO:0006119,microglia,CA1,1296,-0.189313402879643,FALSE,FALSE,oxidative phosphorylation,-2.11097705826318,5.75222270996947e-5,manuscript-fixed programme/location/constituent-term exemplar
3,GO:0006119,microglia,CA1,1297,-0.189512052065182,FALSE,FALSE,oxidative phosphorylation,-2.11097705826318,5.75222270996947e-5,manuscript-fixed programme/location/constituent-term exemplar
3,GO:0006119,microglia,CA1,1298,-0.18971070125072,FALSE,FALSE,oxidative phosphorylation,-2.11097705826318,5.75222270996947e-5,manuscript-fixed programme/location/constituent-term exemplar
3,GO:0006119,microglia,CA1,1299,-0.189909350436258,FALSE,FALSE,oxidative phosphorylation,-2.11097705826318,5.75222270996947e-5,manuscript-fixed programme/location/constituent-term exemplar
3,GO:0006119,microglia,CA1,1300,-0.190107999621797,FALSE,FALSE,oxidative phosphorylation,-2.11097705826318,5.75222270996947e-5,manuscript-fixed programme/location/constituent-term exemplar
3,GO:0006119,microglia,CA1,1301,-0.190306648807335,FALSE,FALSE,oxidative phosphorylation,-2.11097705826318,5.75222270996947e-5,manuscript-fixed programme/location/constituent-term exemplar
3,GO:0006119,microglia,CA1,1302,-0.190505297992873,FALSE,FALSE,oxidative phosphorylation,-2.11097705826318,5.75222270996947e-5,manuscript-fixed programme/location/constituent-term exemplar
3,GO:0006119,microglia,CA1,1303,-0.190703947178412,FALSE,FALSE,oxidative phosphorylation,-2.11097705826318,5.75222270996947e-5,manuscript-fixed programme/location/constituent-term exemplar
3,GO:0006119,microglia,CA1,1304,-0.19090259636395,FALSE,FALSE,oxidative phosphorylation,-2.11097705826318,5.75222270996947e-5,manuscript-fixed programme/location/constituent-term exemplar
3,GO:0006119,microglia,CA1,1305,-0.191101245549488,FALSE,FALSE,oxidative phosphorylation,-2.11097705826318,5.75222270996947e-5,manuscript-fixed programme/location/constituent-term exemplar
3,GO:0006119,microglia,CA1,1306,-0.191299894735027,FALSE,FALSE,oxidative phosphorylation,-2.11097705826318,5.75222270996947e-5,manuscript-fixed programme/location/constituent-term exemplar
3,GO:0006119,microglia,CA1,1307,-0.191498543920565,FALSE,FALSE,oxidative phosphorylation,-2.11097705826318,5.75222270996947e-5,manuscript-fixed programme/location/constituent-term exemplar
3,GO:0006119,microglia,CA1,1308,-0.191697193106103,FALSE,FALSE,oxidative phosphorylation,-2.11097705826318,5.75222270996947e-5,manuscript-fixed programme/location/constituent-term exemplar
3,GO:0006119,microglia,CA1,1309,-0.191895842291642,FALSE,FALSE,oxidative phosphorylation,-2.11097705826318,5.75222270996947e-5,manuscript-fixed programme/location/constituent-term exemplar
3,GO:0006119,microglia,CA1,1310,-0.19209449147718,FALSE,FALSE,oxidative phosphorylation,-2.11097705826318,5.75222270996947e-5,manuscript-fixed programme/location/constituent-term exemplar
3,GO:0006119,microglia,CA1,1311,-0.192293140662718,FALSE,FALSE,oxidative phosphorylation,-2.11097705826318,5.75222270996947e-5,manuscript-fixed programme/location/constituent-term exemplar
3,GO:0006119,microglia,CA1,1312,-0.192491789848257,FALSE,FALSE,oxidative phosphorylation,-2.11097705826318,5.75222270996947e-5,manuscript-fixed programme/location/constituent-term exemplar
3,GO:0006119,microglia,CA1,1313,-0.192690439033795,FALSE,FALSE,oxidative phosphorylation,-2.11097705826318,5.75222270996947e-5,manuscript-fixed programme/location/constituent-term exemplar
3,GO:0006119,microglia,CA1,1314,-0.188199267122549,TRUE,FALSE,oxidative phosphorylation,-2.11097705826318,5.75222270996947e-5,manuscript-fixed programme/location/constituent-term exemplar
3,GO:0006119,microglia,CA1,1315,-0.188397916308087,FALSE,FALSE,oxidative phosphorylation,-2.11097705826318,5.75222270996947e-5,manuscript-fixed programme/location/constituent-term exemplar
3,GO:0006119,microglia,CA1,1316,-0.188596565493626,FALSE,FALSE,oxidative phosphorylation,-2.11097705826318,5.75222270996947e-5,manuscript-fixed programme/location/constituent-term exemplar
3,GO:0006119,microglia,CA1,1317,-0.188795214679164,FALSE,FALSE,oxidative phosphorylation,-2.11097705826318,5.75222270996947e-5,manuscript-fixed programme/location/constituent-term exemplar
3,GO:0006119,microglia,CA1,1318,-0.188993863864702,FALSE,FALSE,oxidative phosphorylation,-2.11097705826318,5.75222270996947e-5,manuscript-fixed programme/location/constituent-term exemplar
3,GO:0006119,microglia,CA1,1319,-0.189192513050241,FALSE,FALSE,oxidative phosphorylation,-2.11097705826318,5.75222270996947e-5,manuscript-fixed programme/location/constituent-term exemplar
3,GO:0006119,microglia,CA1,1320,-0.189391162235779,FALSE,FALSE,oxidative phosphorylation,-2.11097705826318,5.75222270996947e-5,manuscript-fixed programme/location/constituent-term exemplar
3,GO:0006119,microglia,CA1,1321,-0.189589811421317,FALSE,FALSE,oxidative phosphorylation,-2.11097705826318,5.75222270996947e-5,manuscript-fixed programme/location/constituent-term exemplar
3,GO:0006119,microglia,CA1,1322,-0.189788460606856,FALSE,FALSE,oxidative phosphorylation,-2.11097705826318,5.75222270996947e-5,manuscript-fixed programme/location/constituent-term exemplar
3,GO:0006119,microglia,CA1,1323,-0.189987109792394,FALSE,FALSE,oxidative phosphorylation,-2.11097705826318,5.75222270996947e-5,manuscript-fixed programme/location/constituent-term exemplar
3,GO:0006119,microglia,CA1,1324,-0.190185758977932,FALSE,FALSE,oxidative phosphorylation,-2.11097705826318,5.75222270996947e-5,manuscript-fixed programme/location/constituent-term exemplar
3,GO:0006119,microglia,CA1,1325,-0.190384408163471,FALSE,FALSE,oxidative phosphorylation,-2.11097705826318,5.75222270996947e-5,manuscript-fixed programme/location/constituent-term exemplar
3,GO:0006119,microglia,CA1,1326,-0.190583057349009,FALSE,FALSE,oxidative phosphorylation,-2.11097705826318,5.75222270996947e-5,manuscript-fixed programme/location/constituent-term exemplar
3,GO:0006119,microglia,CA1,1327,-0.190781706534547,FALSE,FALSE,oxidative phosphorylation,-2.11097705826318,5.75222270996947e-5,manuscript-fixed programme/location/constituent-term exemplar
3,GO:0006119,microglia,CA1,1328,-0.190980355720086,FALSE,FALSE,oxidative phosphorylation,-2.11097705826318,5.75222270996947e-5,manuscript-fixed programme/location/constituent-term exemplar
3,GO:0006119,microglia,CA1,1329,-0.191179004905624,FALSE,FALSE,oxidative phosphorylation,-2.11097705826318,5.75222270996947e-5,manuscript-fixed programme/location/constituent-term exemplar
3,GO:0006119,microglia,CA1,1330,-0.191377654091162,FALSE,FALSE,oxidative phosphorylation,-2.11097705826318,5.75222270996947e-5,manuscript-fixed programme/location/constituent-term exemplar
3,GO:0006119,microglia,CA1,1331,-0.191576303276701,FALSE,FALSE,oxidative phosphorylation,-2.11097705826318,5.75222270996947e-5,manuscript-fixed programme/location/constituent-term exemplar
3,GO:0006119,microglia,CA1,1332,-0.191774952462239,FALSE,FALSE,oxidative phosphorylation,-2.11097705826318,5.75222270996947e-5,manuscript-fixed programme/location/constituent-term exemplar
3,GO:0006119,microglia,CA1,1333,-0.191973601647777,FALSE,FALSE,oxidative phosphorylation,-2.11097705826318,5.75222270996947e-5,manuscript-fixed programme/location/constituent-term exemplar
3,GO:0006119,microglia,CA1,1334,-0.192172250833316,FALSE,FALSE,oxidative phosphorylation,-2.11097705826318,5.75222270996947e-5,manuscript-fixed programme/location/constituent-term exemplar
3,GO:0006119,microglia,CA1,1335,-0.192370900018854,FALSE,FALSE,oxidative phosphorylation,-2.11097705826318,5.75222270996947e-5,manuscript-fixed programme/location/constituent-term exemplar
3,GO:0006119,microglia,CA1,1336,-0.192569549204392,FALSE,FALSE,oxidative phosphorylation,-2.11097705826318,5.75222270996947e-5,manuscript-fixed programme/location/constituent-term exemplar
3,GO:0006119,microglia,CA1,1337,-0.192768198389931,FALSE,FALSE,oxidative phosphorylation,-2.11097705826318,5.75222270996947e-5,manuscript-fixed programme/location/constituent-term exemplar
3,GO:0006119,microglia,CA1,1338,-0.192966847575469,FALSE,FALSE,oxidative phosphorylation,-2.11097705826318,5.75222270996947e-5,manuscript-fixed programme/location/constituent-term exemplar
3,GO:0006119,microglia,CA1,1339,-0.193165496761007,FALSE,FALSE,oxidative phosphorylation,-2.11097705826318,5.75222270996947e-5,manuscript-fixed programme/location/constituent-term exemplar
3,GO:0006119,microglia,CA1,1340,-0.193364145946546,FALSE,FALSE,oxidative phosphorylation,-2.11097705826318,5.75222270996947e-5,manuscript-fixed programme/location/constituent-term exemplar
3,GO:0006119,microglia,CA1,1341,-0.193562795132084,FALSE,FALSE,oxidative phosphorylation,-2.11097705826318,5.75222270996947e-5,manuscript-fixed programme/location/constituent-term exemplar
3,GO:0006119,microglia,CA1,1342,-0.193761444317622,FALSE,FALSE,oxidative phosphorylation,-2.11097705826318,5.75222270996947e-5,manuscript-fixed programme/location/constituent-term exemplar
3,GO:0006119,microglia,CA1,1343,-0.193960093503161,FALSE,FALSE,oxidative phosphorylation,-2.11097705826318,5.75222270996947e-5,manuscript-fixed programme/location/constituent-term exemplar
3,GO:0006119,microglia,CA1,1344,-0.194158742688699,FALSE,FALSE,oxidative phosphorylation,-2.11097705826318,5.75222270996947e-5,manuscript-fixed programme/location/constituent-term exemplar
3,GO:0006119,microglia,CA1,1345,-0.194357391874237,FALSE,FALSE,oxidative phosphorylation,-2.11097705826318,5.75222270996947e-5,manuscript-fixed programme/location/constituent-term exemplar
3,GO:0006119,microglia,CA1,1346,-0.194556041059776,FALSE,FALSE,oxidative phosphorylation,-2.11097705826318,5.75222270996947e-5,manuscript-fixed programme/location/constituent-term exemplar
3,GO:0006119,microglia,CA1,1347,-0.194754690245314,FALSE,FALSE,oxidative phosphorylation,-2.11097705826318,5.75222270996947e-5,manuscript-fixed programme/location/constituent-term exemplar
3,GO:0006119,microglia,CA1,1348,-0.194953339430852,FALSE,FALSE,oxidative phosphorylation,-2.11097705826318,5.75222270996947e-5,manuscript-fixed programme/location/constituent-term exemplar
3,GO:0006119,microglia,CA1,1349,-0.195151988616391,FALSE,FALSE,oxidative phosphorylation,-2.11097705826318,5.75222270996947e-5,manuscript-fixed programme/location/constituent-term exemplar
3,GO:0006119,microglia,CA1,1350,-0.195350637801929,FALSE,FALSE,oxidative phosphorylation,-2.11097705826318,5.75222270996947e-5,manuscript-fixed programme/location/constituent-term exemplar
3,GO:0006119,microglia,CA1,1351,-0.195549286987467,FALSE,FALSE,oxidative phosphorylation,-2.11097705826318,5.75222270996947e-5,manuscript-fixed programme/location/constituent-term exemplar
3,GO:0006119,microglia,CA1,1352,-0.195747936173006,FALSE,FALSE,oxidative phosphorylation,-2.11097705826318,5.75222270996947e-5,manuscript-fixed programme/location/constituent-term exemplar
3,GO:0006119,microglia,CA1,1353,-0.195946585358544,FALSE,FALSE,oxidative phosphorylation,-2.11097705826318,5.75222270996947e-5,manuscript-fixed programme/location/constituent-term exemplar
3,GO:0006119,microglia,CA1,1354,-0.196145234544082,FALSE,FALSE,oxidative phosphorylation,-2.11097705826318,5.75222270996947e-5,manuscript-fixed programme/location/constituent-term exemplar
3,GO:0006119,microglia,CA1,1355,-0.196343883729621,FALSE,FALSE,oxidative phosphorylation,-2.11097705826318,5.75222270996947e-5,manuscript-fixed programme/location/constituent-term exemplar
3,GO:0006119,microglia,CA1,1356,-0.196542532915159,FALSE,FALSE,oxidative phosphorylation,-2.11097705826318,5.75222270996947e-5,manuscript-fixed programme/location/constituent-term exemplar
3,GO:0006119,microglia,CA1,1357,-0.196741182100697,FALSE,FALSE,oxidative phosphorylation,-2.11097705826318,5.75222270996947e-5,manuscript-fixed programme/location/constituent-term exemplar
3,GO:0006119,microglia,CA1,1358,-0.196939831286236,FALSE,FALSE,oxidative phosphorylation,-2.11097705826318,5.75222270996947e-5,manuscript-fixed programme/location/constituent-term exemplar
3,GO:0006119,microglia,CA1,1359,-0.197138480471774,FALSE,FALSE,oxidative phosphorylation,-2.11097705826318,5.75222270996947e-5,manuscript-fixed programme/location/constituent-term exemplar
3,GO:0006119,microglia,CA1,1360,-0.197337129657312,FALSE,FALSE,oxidative phosphorylation,-2.11097705826318,5.75222270996947e-5,manuscript-fixed programme/location/constituent-term exemplar
3,GO:0006119,microglia,CA1,1361,-0.197535778842851,FALSE,FALSE,oxidative phosphorylation,-2.11097705826318,5.75222270996947e-5,manuscript-fixed programme/location/constituent-term exemplar
3,GO:0006119,microglia,CA1,1362,-0.197734428028389,FALSE,FALSE,oxidative phosphorylation,-2.11097705826318,5.75222270996947e-5,manuscript-fixed programme/location/constituent-term exemplar
3,GO:0006119,microglia,CA1,1363,-0.197933077213927,FALSE,FALSE,oxidative phosphorylation,-2.11097705826318,5.75222270996947e-5,manuscript-fixed programme/location/constituent-term exemplar
3,GO:0006119,microglia,CA1,1364,-0.198131726399466,FALSE,FALSE,oxidative phosphorylation,-2.11097705826318,5.75222270996947e-5,manuscript-fixed programme/location/constituent-term exemplar
3,GO:0006119,microglia,CA1,1365,-0.198330375585004,FALSE,FALSE,oxidative phosphorylation,-2.11097705826318,5.75222270996947e-5,manuscript-fixed programme/location/constituent-term exemplar
3,GO:0006119,microglia,CA1,1366,-0.198529024770543,FALSE,FALSE,oxidative phosphorylation,-2.11097705826318,5.75222270996947e-5,manuscript-fixed programme/location/constituent-term exemplar
3,GO:0006119,microglia,CA1,1367,-0.198727673956081,FALSE,FALSE,oxidative phosphorylation,-2.11097705826318,5.75222270996947e-5,manuscript-fixed programme/location/constituent-term exemplar
3,GO:0006119,microglia,CA1,1368,-0.198926323141619,FALSE,FALSE,oxidative phosphorylation,-2.11097705826318,5.75222270996947e-5,manuscript-fixed programme/location/constituent-term exemplar
3,GO:0006119,microglia,CA1,1369,-0.199124972327158,FALSE,FALSE,oxidative phosphorylation,-2.11097705826318,5.75222270996947e-5,manuscript-fixed programme/location/constituent-term exemplar
3,GO:0006119,microglia,CA1,1370,-0.199323621512696,FALSE,FALSE,oxidative phosphorylation,-2.11097705826318,5.75222270996947e-5,manuscript-fixed programme/location/constituent-term exemplar
3,GO:0006119,microglia,CA1,1371,-0.199522270698234,FALSE,FALSE,oxidative phosphorylation,-2.11097705826318,5.75222270996947e-5,manuscript-fixed programme/location/constituent-term exemplar
3,GO:0006119,microglia,CA1,1372,-0.199720919883773,FALSE,FALSE,oxidative phosphorylation,-2.11097705826318,5.75222270996947e-5,manuscript-fixed programme/location/constituent-term exemplar
3,GO:0006119,microglia,CA1,1373,-0.199919569069311,FALSE,FALSE,oxidative phosphorylation,-2.11097705826318,5.75222270996947e-5,manuscript-fixed programme/location/constituent-term exemplar
3,GO:0006119,microglia,CA1,1374,-0.200118218254849,FALSE,FALSE,oxidative phosphorylation,-2.11097705826318,5.75222270996947e-5,manuscript-fixed programme/location/constituent-term exemplar
3,GO:0006119,microglia,CA1,1375,-0.200316867440388,FALSE,FALSE,oxidative phosphorylation,-2.11097705826318,5.75222270996947e-5,manuscript-fixed programme/location/constituent-term exemplar
3,GO:0006119,microglia,CA1,1376,-0.200515516625926,FALSE,FALSE,oxidative phosphorylation,-2.11097705826318,5.75222270996947e-5,manuscript-fixed programme/location/constituent-term exemplar
3,GO:0006119,microglia,CA1,1377,-0.200714165811464,FALSE,FALSE,oxidative phosphorylation,-2.11097705826318,5.75222270996947e-5,manuscript-fixed programme/location/constituent-term exemplar
3,GO:0006119,microglia,CA1,1378,-0.200912814997003,FALSE,FALSE,oxidative phosphorylation,-2.11097705826318,5.75222270996947e-5,manuscript-fixed programme/location/constituent-term exemplar
3,GO:0006119,microglia,CA1,1379,-0.201111464182541,FALSE,FALSE,oxidative phosphorylation,-2.11097705826318,5.75222270996947e-5,manuscript-fixed programme/location/constituent-term exemplar
3,GO:0006119,microglia,CA1,1380,-0.201310113368079,FALSE,FALSE,oxidative phosphorylation,-2.11097705826318,5.75222270996947e-5,manuscript-fixed programme/location/constituent-term exemplar
3,GO:0006119,microglia,CA1,1381,-0.201508762553618,FALSE,FALSE,oxidative phosphorylation,-2.11097705826318,5.75222270996947e-5,manuscript-fixed programme/location/constituent-term exemplar
3,GO:0006119,microglia,CA1,1382,-0.201707411739156,FALSE,FALSE,oxidative phosphorylation,-2.11097705826318,5.75222270996947e-5,manuscript-fixed programme/location/constituent-term exemplar
3,GO:0006119,microglia,CA1,1383,-0.201906060924694,FALSE,FALSE,oxidative phosphorylation,-2.11097705826318,5.75222270996947e-5,manuscript-fixed programme/location/constituent-term exemplar
3,GO:0006119,microglia,CA1,1384,-0.202104710110233,FALSE,FALSE,oxidative phosphorylation,-2.11097705826318,5.75222270996947e-5,manuscript-fixed programme/location/constituent-term exemplar
3,GO:0006119,microglia,CA1,1385,-0.202303359295771,FALSE,FALSE,oxidative phosphorylation,-2.11097705826318,5.75222270996947e-5,manuscript-fixed programme/location/constituent-term exemplar
3,GO:0006119,microglia,CA1,1386,-0.202502008481309,FALSE,FALSE,oxidative phosphorylation,-2.11097705826318,5.75222270996947e-5,manuscript-fixed programme/location/constituent-term exemplar
3,GO:0006119,microglia,CA1,1387,-0.202700657666848,FALSE,FALSE,oxidative phosphorylation,-2.11097705826318,5.75222270996947e-5,manuscript-fixed programme/location/constituent-term exemplar
3,GO:0006119,microglia,CA1,1388,-0.202899306852386,FALSE,FALSE,oxidative phosphorylation,-2.11097705826318,5.75222270996947e-5,manuscript-fixed programme/location/constituent-term exemplar
3,GO:0006119,microglia,CA1,1389,-0.203097956037924,FALSE,FALSE,oxidative phosphorylation,-2.11097705826318,5.75222270996947e-5,manuscript-fixed programme/location/constituent-term exemplar
3,GO:0006119,microglia,CA1,1390,-0.203296605223463,FALSE,FALSE,oxidative phosphorylation,-2.11097705826318,5.75222270996947e-5,manuscript-fixed programme/location/constituent-term exemplar
3,GO:0006119,microglia,CA1,1391,-0.203495254409001,FALSE,FALSE,oxidative phosphorylation,-2.11097705826318,5.75222270996947e-5,manuscript-fixed programme/location/constituent-term exemplar
3,GO:0006119,microglia,CA1,1392,-0.203693903594539,FALSE,FALSE,oxidative phosphorylation,-2.11097705826318,5.75222270996947e-5,manuscript-fixed programme/location/constituent-term exemplar
3,GO:0006119,microglia,CA1,1393,-0.203892552780078,FALSE,FALSE,oxidative phosphorylation,-2.11097705826318,5.75222270996947e-5,manuscript-fixed programme/location/constituent-term exemplar
3,GO:0006119,microglia,CA1,1394,-0.204091201965616,FALSE,FALSE,oxidative phosphorylation,-2.11097705826318,5.75222270996947e-5,manuscript-fixed programme/location/constituent-term exemplar
3,GO:0006119,microglia,CA1,1395,-0.204289851151154,FALSE,FALSE,oxidative phosphorylation,-2.11097705826318,5.75222270996947e-5,manuscript-fixed programme/location/constituent-term exemplar
3,GO:0006119,microglia,CA1,1396,-0.204488500336693,FALSE,FALSE,oxidative phosphorylation,-2.11097705826318,5.75222270996947e-5,manuscript-fixed programme/location/constituent-term exemplar
3,GO:0006119,microglia,CA1,1397,-0.204687149522231,FALSE,FALSE,oxidative phosphorylation,-2.11097705826318,5.75222270996947e-5,manuscript-fixed programme/location/constituent-term exemplar
3,GO:0006119,microglia,CA1,1398,-0.204885798707769,FALSE,FALSE,oxidative phosphorylation,-2.11097705826318,5.75222270996947e-5,manuscript-fixed programme/location/constituent-term exemplar
3,GO:0006119,microglia,CA1,1399,-0.205084447893308,FALSE,FALSE,oxidative phosphorylation,-2.11097705826318,5.75222270996947e-5,manuscript-fixed programme/location/constituent-term exemplar
3,GO:0006119,microglia,CA1,1400,-0.205283097078846,FALSE,FALSE,oxidative phosphorylation,-2.11097705826318,5.75222270996947e-5,manuscript-fixed programme/location/constituent-term exemplar
3,GO:0006119,microglia,CA1,1401,-0.205481746264384,FALSE,FALSE,oxidative phosphorylation,-2.11097705826318,5.75222270996947e-5,manuscript-fixed programme/location/constituent-term exemplar
3,GO:0006119,microglia,CA1,1402,-0.205680395449923,FALSE,FALSE,oxidative phosphorylation,-2.11097705826318,5.75222270996947e-5,manuscript-fixed programme/location/constituent-term exemplar
3,GO:0006119,microglia,CA1,1403,-0.205879044635461,FALSE,FALSE,oxidative phosphorylation,-2.11097705826318,5.75222270996947e-5,manuscript-fixed programme/location/constituent-term exemplar
3,GO:0006119,microglia,CA1,1404,-0.206077693820999,FALSE,FALSE,oxidative phosphorylation,-2.11097705826318,5.75222270996947e-5,manuscript-fixed programme/location/constituent-term exemplar
3,GO:0006119,microglia,CA1,1405,-0.206276343006538,FALSE,FALSE,oxidative phosphorylation,-2.11097705826318,5.75222270996947e-5,manuscript-fixed programme/location/constituent-term exemplar
3,GO:0006119,microglia,CA1,1406,-0.206474992192076,FALSE,FALSE,oxidative phosphorylation,-2.11097705826318,5.75222270996947e-5,manuscript-fixed programme/location/constituent-term exemplar
3,GO:0006119,microglia,CA1,1407,-0.206673641377614,FALSE,FALSE,oxidative phosphorylation,-2.11097705826318,5.75222270996947e-5,manuscript-fixed programme/location/constituent-term exemplar
3,GO:0006119,microglia,CA1,1408,-0.206872290563153,FALSE,FALSE,oxidative phosphorylation,-2.11097705826318,5.75222270996947e-5,manuscript-fixed programme/location/constituent-term exemplar
3,GO:0006119,microglia,CA1,1409,-0.207070939748691,FALSE,FALSE,oxidative phosphorylation,-2.11097705826318,5.75222270996947e-5,manuscript-fixed programme/location/constituent-term exemplar
3,GO:0006119,microglia,CA1,1410,-0.207269588934229,FALSE,FALSE,oxidative phosphorylation,-2.11097705826318,5.75222270996947e-5,manuscript-fixed programme/location/constituent-term exemplar
3,GO:0006119,microglia,CA1,1411,-0.207468238119768,FALSE,FALSE,oxidative phosphorylation,-2.11097705826318,5.75222270996947e-5,manuscript-fixed programme/location/constituent-term exemplar
3,GO:0006119,microglia,CA1,1412,-0.207666887305306,FALSE,FALSE,oxidative phosphorylation,-2.11097705826318,5.75222270996947e-5,manuscript-fixed programme/location/constituent-term exemplar
3,GO:0006119,microglia,CA1,1413,-0.207865536490844,FALSE,FALSE,oxidative phosphorylation,-2.11097705826318,5.75222270996947e-5,manuscript-fixed programme/location/constituent-term exemplar
3,GO:0006119,microglia,CA1,1414,-0.208064185676383,FALSE,FALSE,oxidative phosphorylation,-2.11097705826318,5.75222270996947e-5,manuscript-fixed programme/location/constituent-term exemplar
3,GO:0006119,microglia,CA1,1415,-0.208262834861921,FALSE,FALSE,oxidative phosphorylation,-2.11097705826318,5.75222270996947e-5,manuscript-fixed programme/location/constituent-term exemplar
3,GO:0006119,microglia,CA1,1416,-0.20846148404746,FALSE,FALSE,oxidative phosphorylation,-2.11097705826318,5.75222270996947e-5,manuscript-fixed programme/location/constituent-term exemplar
3,GO:0006119,microglia,CA1,1417,-0.208660133232998,FALSE,FALSE,oxidative phosphorylation,-2.11097705826318,5.75222270996947e-5,manuscript-fixed programme/location/constituent-term exemplar
3,GO:0006119,microglia,CA1,1418,-0.208858782418536,FALSE,FALSE,oxidative phosphorylation,-2.11097705826318,5.75222270996947e-5,manuscript-fixed programme/location/constituent-term exemplar
3,GO:0006119,microglia,CA1,1419,-0.209057431604075,FALSE,FALSE,oxidative phosphorylation,-2.11097705826318,5.75222270996947e-5,manuscript-fixed programme/location/constituent-term exemplar
3,GO:0006119,microglia,CA1,1420,-0.209256080789613,FALSE,FALSE,oxidative phosphorylation,-2.11097705826318,5.75222270996947e-5,manuscript-fixed programme/location/constituent-term exemplar
3,GO:0006119,microglia,CA1,1421,-0.209454729975151,FALSE,FALSE,oxidative phosphorylation,-2.11097705826318,5.75222270996947e-5,manuscript-fixed programme/location/constituent-term exemplar
3,GO:0006119,microglia,CA1,1422,-0.20965337916069,FALSE,FALSE,oxidative phosphorylation,-2.11097705826318,5.75222270996947e-5,manuscript-fixed programme/location/constituent-term exemplar
3,GO:0006119,microglia,CA1,1423,-0.209852028346228,FALSE,FALSE,oxidative phosphorylation,-2.11097705826318,5.75222270996947e-5,manuscript-fixed programme/location/constituent-term exemplar
3,GO:0006119,microglia,CA1,1424,-0.210050677531766,FALSE,FALSE,oxidative phosphorylation,-2.11097705826318,5.75222270996947e-5,manuscript-fixed programme/location/constituent-term exemplar
3,GO:0006119,microglia,CA1,1425,-0.210249326717305,FALSE,FALSE,oxidative phosphorylation,-2.11097705826318,5.75222270996947e-5,manuscript-fixed programme/location/constituent-term exemplar
3,GO:0006119,microglia,CA1,1426,-0.210447975902843,FALSE,FALSE,oxidative phosphorylation,-2.11097705826318,5.75222270996947e-5,manuscript-fixed programme/location/constituent-term exemplar
3,GO:0006119,microglia,CA1,1427,-0.210646625088381,FALSE,FALSE,oxidative phosphorylation,-2.11097705826318,5.75222270996947e-5,manuscript-fixed programme/location/constituent-term exemplar
3,GO:0006119,microglia,CA1,1428,-0.21084527427392,FALSE,FALSE,oxidative phosphorylation,-2.11097705826318,5.75222270996947e-5,manuscript-fixed programme/location/constituent-term exemplar
3,GO:0006119,microglia,CA1,1429,-0.211043923459458,FALSE,FALSE,oxidative phosphorylation,-2.11097705826318,5.75222270996947e-5,manuscript-fixed programme/location/constituent-term exemplar
3,GO:0006119,microglia,CA1,1430,-0.211242572644996,FALSE,FALSE,oxidative phosphorylation,-2.11097705826318,5.75222270996947e-5,manuscript-fixed programme/location/constituent-term exemplar
3,GO:0006119,microglia,CA1,1431,-0.211441221830535,FALSE,FALSE,oxidative phosphorylation,-2.11097705826318,5.75222270996947e-5,manuscript-fixed programme/location/constituent-term exemplar
3,GO:0006119,microglia,CA1,1432,-0.211639871016073,FALSE,FALSE,oxidative phosphorylation,-2.11097705826318,5.75222270996947e-5,manuscript-fixed programme/location/constituent-term exemplar
3,GO:0006119,microglia,CA1,1433,-0.211838520201611,FALSE,FALSE,oxidative phosphorylation,-2.11097705826318,5.75222270996947e-5,manuscript-fixed programme/location/constituent-term exemplar
3,GO:0006119,microglia,CA1,1434,-0.21203716938715,FALSE,FALSE,oxidative phosphorylation,-2.11097705826318,5.75222270996947e-5,manuscript-fixed programme/location/constituent-term exemplar
3,GO:0006119,microglia,CA1,1435,-0.212235818572688,FALSE,FALSE,oxidative phosphorylation,-2.11097705826318,5.75222270996947e-5,manuscript-fixed programme/location/constituent-term exemplar
3,GO:0006119,microglia,CA1,1436,-0.212434467758226,FALSE,FALSE,oxidative phosphorylation,-2.11097705826318,5.75222270996947e-5,manuscript-fixed programme/location/constituent-term exemplar
3,GO:0006119,microglia,CA1,1437,-0.212633116943765,FALSE,FALSE,oxidative phosphorylation,-2.11097705826318,5.75222270996947e-5,manuscript-fixed programme/location/constituent-term exemplar
3,GO:0006119,microglia,CA1,1438,-0.212831766129303,FALSE,FALSE,oxidative phosphorylation,-2.11097705826318,5.75222270996947e-5,manuscript-fixed programme/location/constituent-term exemplar
3,GO:0006119,microglia,CA1,1439,-0.213030415314841,FALSE,FALSE,oxidative phosphorylation,-2.11097705826318,5.75222270996947e-5,manuscript-fixed programme/location/constituent-term exemplar
3,GO:0006119,microglia,CA1,1440,-0.21322906450038,FALSE,FALSE,oxidative phosphorylation,-2.11097705826318,5.75222270996947e-5,manuscript-fixed programme/location/constituent-term exemplar
3,GO:0006119,microglia,CA1,1441,-0.213427713685918,FALSE,FALSE,oxidative phosphorylation,-2.11097705826318,5.75222270996947e-5,manuscript-fixed programme/location/constituent-term exemplar
3,GO:0006119,microglia,CA1,1442,-0.213626362871456,FALSE,FALSE,oxidative phosphorylation,-2.11097705826318,5.75222270996947e-5,manuscript-fixed programme/location/constituent-term exemplar
3,GO:0006119,microglia,CA1,1443,-0.213825012056995,FALSE,FALSE,oxidative phosphorylation,-2.11097705826318,5.75222270996947e-5,manuscript-fixed programme/location/constituent-term exemplar
3,GO:0006119,microglia,CA1,1444,-0.214023661242533,FALSE,FALSE,oxidative phosphorylation,-2.11097705826318,5.75222270996947e-5,manuscript-fixed programme/location/constituent-term exemplar
3,GO:0006119,microglia,CA1,1445,-0.214222310428071,FALSE,FALSE,oxidative phosphorylation,-2.11097705826318,5.75222270996947e-5,manuscript-fixed programme/location/constituent-term exemplar
3,GO:0006119,microglia,CA1,1446,-0.21442095961361,FALSE,FALSE,oxidative phosphorylation,-2.11097705826318,5.75222270996947e-5,manuscript-fixed programme/location/constituent-term exemplar
3,GO:0006119,microglia,CA1,1447,-0.214619608799148,FALSE,FALSE,oxidative phosphorylation,-2.11097705826318,5.75222270996947e-5,manuscript-fixed programme/location/constituent-term exemplar
3,GO:0006119,microglia,CA1,1448,-0.214818257984686,FALSE,FALSE,oxidative phosphorylation,-2.11097705826318,5.75222270996947e-5,manuscript-fixed programme/location/constituent-term exemplar
3,GO:0006119,microglia,CA1,1449,-0.215016907170225,FALSE,FALSE,oxidative phosphorylation,-2.11097705826318,5.75222270996947e-5,manuscript-fixed programme/location/constituent-term exemplar
3,GO:0006119,microglia,CA1,1450,-0.215215556355763,FALSE,FALSE,oxidative phosphorylation,-2.11097705826318,5.75222270996947e-5,manuscript-fixed programme/location/constituent-term exemplar
3,GO:0006119,microglia,CA1,1451,-0.215414205541301,FALSE,FALSE,oxidative phosphorylation,-2.11097705826318,5.75222270996947e-5,manuscript-fixed programme/location/constituent-term exemplar
3,GO:0006119,microglia,CA1,1452,-0.21561285472684,FALSE,FALSE,oxidative phosphorylation,-2.11097705826318,5.75222270996947e-5,manuscript-fixed programme/location/constituent-term exemplar
3,GO:0006119,microglia,CA1,1453,-0.215811503912378,FALSE,FALSE,oxidative phosphorylation,-2.11097705826318,5.75222270996947e-5,manuscript-fixed programme/location/constituent-term exemplar
3,GO:0006119,microglia,CA1,1454,-0.216010153097916,FALSE,FALSE,oxidative phosphorylation,-2.11097705826318,5.75222270996947e-5,manuscript-fixed programme/location/constituent-term exemplar
3,GO:0006119,microglia,CA1,1455,-0.216208802283455,FALSE,FALSE,oxidative phosphorylation,-2.11097705826318,5.75222270996947e-5,manuscript-fixed programme/location/constituent-term exemplar
3,GO:0006119,microglia,CA1,1456,-0.216407451468993,FALSE,FALSE,oxidative phosphorylation,-2.11097705826318,5.75222270996947e-5,manuscript-fixed programme/location/constituent-term exemplar
3,GO:0006119,microglia,CA1,1457,-0.216606100654531,FALSE,FALSE,oxidative phosphorylation,-2.11097705826318,5.75222270996947e-5,manuscript-fixed programme/location/constituent-term exemplar
3,GO:0006119,microglia,CA1,1458,-0.21680474984007,FALSE,FALSE,oxidative phosphorylation,-2.11097705826318,5.75222270996947e-5,manuscript-fixed programme/location/constituent-term exemplar
3,GO:0006119,microglia,CA1,1459,-0.217003399025608,FALSE,FALSE,oxidative phosphorylation,-2.11097705826318,5.75222270996947e-5,manuscript-fixed programme/location/constituent-term exemplar
3,GO:0006119,microglia,CA1,1460,-0.217202048211146,FALSE,FALSE,oxidative phosphorylation,-2.11097705826318,5.75222270996947e-5,manuscript-fixed programme/location/constituent-term exemplar
3,GO:0006119,microglia,CA1,1461,-0.217400697396685,FALSE,FALSE,oxidative phosphorylation,-2.11097705826318,5.75222270996947e-5,manuscript-fixed programme/location/constituent-term exemplar
3,GO:0006119,microglia,CA1,1462,-0.217599346582223,FALSE,FALSE,oxidative phosphorylation,-2.11097705826318,5.75222270996947e-5,manuscript-fixed programme/location/constituent-term exemplar
3,GO:0006119,microglia,CA1,1463,-0.217797995767761,FALSE,FALSE,oxidative phosphorylation,-2.11097705826318,5.75222270996947e-5,manuscript-fixed programme/location/constituent-term exemplar
3,GO:0006119,microglia,CA1,1464,-0.214147919766004,TRUE,FALSE,oxidative phosphorylation,-2.11097705826318,5.75222270996947e-5,manuscript-fixed programme/location/constituent-term exemplar
3,GO:0006119,microglia,CA1,1465,-0.214346568951543,FALSE,FALSE,oxidative phosphorylation,-2.11097705826318,5.75222270996947e-5,manuscript-fixed programme/location/constituent-term exemplar
3,GO:0006119,microglia,CA1,1466,-0.214545218137081,FALSE,FALSE,oxidative phosphorylation,-2.11097705826318,5.75222270996947e-5,manuscript-fixed programme/location/constituent-term exemplar
3,GO:0006119,microglia,CA1,1467,-0.214743867322619,FALSE,FALSE,oxidative phosphorylation,-2.11097705826318,5.75222270996947e-5,manuscript-fixed programme/location/constituent-term exemplar
3,GO:0006119,microglia,CA1,1468,-0.214942516508158,FALSE,FALSE,oxidative phosphorylation,-2.11097705826318,5.75222270996947e-5,manuscript-fixed programme/location/constituent-term exemplar
3,GO:0006119,microglia,CA1,1469,-0.215141165693696,FALSE,FALSE,oxidative phosphorylation,-2.11097705826318,5.75222270996947e-5,manuscript-fixed programme/location/constituent-term exemplar
3,GO:0006119,microglia,CA1,1470,-0.215339814879234,FALSE,FALSE,oxidative phosphorylation,-2.11097705826318,5.75222270996947e-5,manuscript-fixed programme/location/constituent-term exemplar
3,GO:0006119,microglia,CA1,1471,-0.215538464064773,FALSE,FALSE,oxidative phosphorylation,-2.11097705826318,5.75222270996947e-5,manuscript-fixed programme/location/constituent-term exemplar
3,GO:0006119,microglia,CA1,1472,-0.215737113250311,FALSE,FALSE,oxidative phosphorylation,-2.11097705826318,5.75222270996947e-5,manuscript-fixed programme/location/constituent-term exemplar
3,GO:0006119,microglia,CA1,1473,-0.215935762435849,FALSE,FALSE,oxidative phosphorylation,-2.11097705826318,5.75222270996947e-5,manuscript-fixed programme/location/constituent-term exemplar
3,GO:0006119,microglia,CA1,1474,-0.216134411621388,FALSE,FALSE,oxidative phosphorylation,-2.11097705826318,5.75222270996947e-5,manuscript-fixed programme/location/constituent-term exemplar
3,GO:0006119,microglia,CA1,1475,-0.216333060806926,FALSE,FALSE,oxidative phosphorylation,-2.11097705826318,5.75222270996947e-5,manuscript-fixed programme/location/constituent-term exemplar
3,GO:0006119,microglia,CA1,1476,-0.216531709992464,FALSE,FALSE,oxidative phosphorylation,-2.11097705826318,5.75222270996947e-5,manuscript-fixed programme/location/constituent-term exemplar
3,GO:0006119,microglia,CA1,1477,-0.216730359178003,FALSE,FALSE,oxidative phosphorylation,-2.11097705826318,5.75222270996947e-5,manuscript-fixed programme/location/constituent-term exemplar
3,GO:0006119,microglia,CA1,1478,-0.216929008363541,FALSE,FALSE,oxidative phosphorylation,-2.11097705826318,5.75222270996947e-5,manuscript-fixed programme/location/constituent-term exemplar
3,GO:0006119,microglia,CA1,1479,-0.217127657549079,FALSE,FALSE,oxidative phosphorylation,-2.11097705826318,5.75222270996947e-5,manuscript-fixed programme/location/constituent-term exemplar
3,GO:0006119,microglia,CA1,1480,-0.217326306734618,FALSE,FALSE,oxidative phosphorylation,-2.11097705826318,5.75222270996947e-5,manuscript-fixed programme/location/constituent-term exemplar
3,GO:0006119,microglia,CA1,1481,-0.217524955920156,FALSE,FALSE,oxidative phosphorylation,-2.11097705826318,5.75222270996947e-5,manuscript-fixed programme/location/constituent-term exemplar
3,GO:0006119,microglia,CA1,1482,-0.217723605105694,FALSE,FALSE,oxidative phosphorylation,-2.11097705826318,5.75222270996947e-5,manuscript-fixed programme/location/constituent-term exemplar
3,GO:0006119,microglia,CA1,1483,-0.217922254291233,FALSE,FALSE,oxidative phosphorylation,-2.11097705826318,5.75222270996947e-5,manuscript-fixed programme/location/constituent-term exemplar
3,GO:0006119,microglia,CA1,1484,-0.218120903476771,FALSE,FALSE,oxidative phosphorylation,-2.11097705826318,5.75222270996947e-5,manuscript-fixed programme/location/constituent-term exemplar
3,GO:0006119,microglia,CA1,1485,-0.218319552662309,FALSE,FALSE,oxidative phosphorylation,-2.11097705826318,5.75222270996947e-5,manuscript-fixed programme/location/constituent-term exemplar
3,GO:0006119,microglia,CA1,1486,-0.218518201847848,FALSE,FALSE,oxidative phosphorylation,-2.11097705826318,5.75222270996947e-5,manuscript-fixed programme/location/constituent-term exemplar
3,GO:0006119,microglia,CA1,1487,-0.218716851033386,FALSE,FALSE,oxidative phosphorylation,-2.11097705826318,5.75222270996947e-5,manuscript-fixed programme/location/constituent-term exemplar
3,GO:0006119,microglia,CA1,1488,-0.218915500218924,FALSE,FALSE,oxidative phosphorylation,-2.11097705826318,5.75222270996947e-5,manuscript-fixed programme/location/constituent-term exemplar
3,GO:0006119,microglia,CA1,1489,-0.219114149404463,FALSE,FALSE,oxidative phosphorylation,-2.11097705826318,5.75222270996947e-5,manuscript-fixed programme/location/constituent-term exemplar
3,GO:0006119,microglia,CA1,1490,-0.219312798590001,FALSE,FALSE,oxidative phosphorylation,-2.11097705826318,5.75222270996947e-5,manuscript-fixed programme/location/constituent-term exemplar
3,GO:0006119,microglia,CA1,1491,-0.219511447775539,FALSE,FALSE,oxidative phosphorylation,-2.11097705826318,5.75222270996947e-5,manuscript-fixed programme/location/constituent-term exemplar
3,GO:0006119,microglia,CA1,1492,-0.219710096961078,FALSE,FALSE,oxidative phosphorylation,-2.11097705826318,5.75222270996947e-5,manuscript-fixed programme/location/constituent-term exemplar
3,GO:0006119,microglia,CA1,1493,-0.219908746146616,FALSE,FALSE,oxidative phosphorylation,-2.11097705826318,5.75222270996947e-5,manuscript-fixed programme/location/constituent-term exemplar
3,GO:0006119,microglia,CA1,1494,-0.220107395332154,FALSE,FALSE,oxidative phosphorylation,-2.11097705826318,5.75222270996947e-5,manuscript-fixed programme/location/constituent-term exemplar
3,GO:0006119,microglia,CA1,1495,-0.220306044517693,FALSE,FALSE,oxidative phosphorylation,-2.11097705826318,5.75222270996947e-5,manuscript-fixed programme/location/constituent-term exemplar
3,GO:0006119,microglia,CA1,1496,-0.220504693703231,FALSE,FALSE,oxidative phosphorylation,-2.11097705826318,5.75222270996947e-5,manuscript-fixed programme/location/constituent-term exemplar
3,GO:0006119,microglia,CA1,1497,-0.220703342888769,FALSE,FALSE,oxidative phosphorylation,-2.11097705826318,5.75222270996947e-5,manuscript-fixed programme/location/constituent-term exemplar
3,GO:0006119,microglia,CA1,1498,-0.220901992074308,FALSE,FALSE,oxidative phosphorylation,-2.11097705826318,5.75222270996947e-5,manuscript-fixed programme/location/constituent-term exemplar
3,GO:0006119,microglia,CA1,1499,-0.221100641259846,FALSE,FALSE,oxidative phosphorylation,-2.11097705826318,5.75222270996947e-5,manuscript-fixed programme/location/constituent-term exemplar
3,GO:0006119,microglia,CA1,1500,-0.221299290445384,FALSE,FALSE,oxidative phosphorylation,-2.11097705826318,5.75222270996947e-5,manuscript-fixed programme/location/constituent-term exemplar
3,GO:0006119,microglia,CA1,1501,-0.221497939630923,FALSE,FALSE,oxidative phosphorylation,-2.11097705826318,5.75222270996947e-5,manuscript-fixed programme/location/constituent-term exemplar
3,GO:0006119,microglia,CA1,1502,-0.221696588816461,FALSE,FALSE,oxidative phosphorylation,-2.11097705826318,5.75222270996947e-5,manuscript-fixed programme/location/constituent-term exemplar
3,GO:0006119,microglia,CA1,1503,-0.221895238001999,FALSE,FALSE,oxidative phosphorylation,-2.11097705826318,5.75222270996947e-5,manuscript-fixed programme/location/constituent-term exemplar
3,GO:0006119,microglia,CA1,1504,-0.222093887187538,FALSE,FALSE,oxidative phosphorylation,-2.11097705826318,5.75222270996947e-5,manuscript-fixed programme/location/constituent-term exemplar
3,GO:0006119,microglia,CA1,1505,-0.222292536373076,FALSE,FALSE,oxidative phosphorylation,-2.11097705826318,5.75222270996947e-5,manuscript-fixed programme/location/constituent-term exemplar
3,GO:0006119,microglia,CA1,1506,-0.222491185558614,FALSE,FALSE,oxidative phosphorylation,-2.11097705826318,5.75222270996947e-5,manuscript-fixed programme/location/constituent-term exemplar
3,GO:0006119,microglia,CA1,1507,-0.222689834744153,FALSE,FALSE,oxidative phosphorylation,-2.11097705826318,5.75222270996947e-5,manuscript-fixed programme/location/constituent-term exemplar
3,GO:0006119,microglia,CA1,1508,-0.222888483929691,FALSE,FALSE,oxidative phosphorylation,-2.11097705826318,5.75222270996947e-5,manuscript-fixed programme/location/constituent-term exemplar
3,GO:0006119,microglia,CA1,1509,-0.223087133115229,FALSE,FALSE,oxidative phosphorylation,-2.11097705826318,5.75222270996947e-5,manuscript-fixed programme/location/constituent-term exemplar
3,GO:0006119,microglia,CA1,1510,-0.223285782300768,FALSE,FALSE,oxidative phosphorylation,-2.11097705826318,5.75222270996947e-5,manuscript-fixed programme/location/constituent-term exemplar
3,GO:0006119,microglia,CA1,1511,-0.223484431486306,FALSE,FALSE,oxidative phosphorylation,-2.11097705826318,5.75222270996947e-5,manuscript-fixed programme/location/constituent-term exemplar
3,GO:0006119,microglia,CA1,1512,-0.223683080671844,FALSE,FALSE,oxidative phosphorylation,-2.11097705826318,5.75222270996947e-5,manuscript-fixed programme/location/constituent-term exemplar
3,GO:0006119,microglia,CA1,1513,-0.223881729857383,FALSE,FALSE,oxidative phosphorylation,-2.11097705826318,5.75222270996947e-5,manuscript-fixed programme/location/constituent-term exemplar
3,GO:0006119,microglia,CA1,1514,-0.224080379042921,FALSE,FALSE,oxidative phosphorylation,-2.11097705826318,5.75222270996947e-5,manuscript-fixed programme/location/constituent-term exemplar
3,GO:0006119,microglia,CA1,1515,-0.224279028228459,FALSE,FALSE,oxidative phosphorylation,-2.11097705826318,5.75222270996947e-5,manuscript-fixed programme/location/constituent-term exemplar
3,GO:0006119,microglia,CA1,1516,-0.224477677413998,FALSE,FALSE,oxidative phosphorylation,-2.11097705826318,5.75222270996947e-5,manuscript-fixed programme/location/constituent-term exemplar
3,GO:0006119,microglia,CA1,1517,-0.224676326599536,FALSE,FALSE,oxidative phosphorylation,-2.11097705826318,5.75222270996947e-5,manuscript-fixed programme/location/constituent-term exemplar
3,GO:0006119,microglia,CA1,1518,-0.224874975785075,FALSE,FALSE,oxidative phosphorylation,-2.11097705826318,5.75222270996947e-5,manuscript-fixed programme/location/constituent-term exemplar
3,GO:0006119,microglia,CA1,1519,-0.225073624970613,FALSE,FALSE,oxidative phosphorylation,-2.11097705826318,5.75222270996947e-5,manuscript-fixed programme/location/constituent-term exemplar
3,GO:0006119,microglia,CA1,1520,-0.225272274156151,FALSE,FALSE,oxidative phosphorylation,-2.11097705826318,5.75222270996947e-5,manuscript-fixed programme/location/constituent-term exemplar
3,GO:0006119,microglia,CA1,1521,-0.221993455081634,TRUE,FALSE,oxidative phosphorylation,-2.11097705826318,5.75222270996947e-5,manuscript-fixed programme/location/constituent-term exemplar
3,GO:0006119,microglia,CA1,1522,-0.222192104267172,FALSE,FALSE,oxidative phosphorylation,-2.11097705826318,5.75222270996947e-5,manuscript-fixed programme/location/constituent-term exemplar
3,GO:0006119,microglia,CA1,1523,-0.22239075345271,FALSE,FALSE,oxidative phosphorylation,-2.11097705826318,5.75222270996947e-5,manuscript-fixed programme/location/constituent-term exemplar
3,GO:0006119,microglia,CA1,1524,-0.222589402638249,FALSE,FALSE,oxidative phosphorylation,-2.11097705826318,5.75222270996947e-5,manuscript-fixed programme/location/constituent-term exemplar
3,GO:0006119,microglia,CA1,1525,-0.222788051823787,FALSE,FALSE,oxidative phosphorylation,-2.11097705826318,5.75222270996947e-5,manuscript-fixed programme/location/constituent-term exemplar
3,GO:0006119,microglia,CA1,1526,-0.222986701009325,FALSE,FALSE,oxidative phosphorylation,-2.11097705826318,5.75222270996947e-5,manuscript-fixed programme/location/constituent-term exemplar
3,GO:0006119,microglia,CA1,1527,-0.223185350194864,FALSE,FALSE,oxidative phosphorylation,-2.11097705826318,5.75222270996947e-5,manuscript-fixed programme/location/constituent-term exemplar
3,GO:0006119,microglia,CA1,1528,-0.223383999380402,FALSE,FALSE,oxidative phosphorylation,-2.11097705826318,5.75222270996947e-5,manuscript-fixed programme/location/constituent-term exemplar
3,GO:0006119,microglia,CA1,1529,-0.22358264856594,FALSE,FALSE,oxidative phosphorylation,-2.11097705826318,5.75222270996947e-5,manuscript-fixed programme/location/constituent-term exemplar
3,GO:0006119,microglia,CA1,1530,-0.223781297751479,FALSE,FALSE,oxidative phosphorylation,-2.11097705826318,5.75222270996947e-5,manuscript-fixed programme/location/constituent-term exemplar
3,GO:0006119,microglia,CA1,1531,-0.223979946937017,FALSE,FALSE,oxidative phosphorylation,-2.11097705826318,5.75222270996947e-5,manuscript-fixed programme/location/constituent-term exemplar
3,GO:0006119,microglia,CA1,1532,-0.224178596122555,FALSE,FALSE,oxidative phosphorylation,-2.11097705826318,5.75222270996947e-5,manuscript-fixed programme/location/constituent-term exemplar
3,GO:0006119,microglia,CA1,1533,-0.224377245308094,FALSE,FALSE,oxidative phosphorylation,-2.11097705826318,5.75222270996947e-5,manuscript-fixed programme/location/constituent-term exemplar
3,GO:0006119,microglia,CA1,1534,-0.224575894493632,FALSE,FALSE,oxidative phosphorylation,-2.11097705826318,5.75222270996947e-5,manuscript-fixed programme/location/constituent-term exemplar
3,GO:0006119,microglia,CA1,1535,-0.221355340520421,TRUE,FALSE,oxidative phosphorylation,-2.11097705826318,5.75222270996947e-5,manuscript-fixed programme/location/constituent-term exemplar
3,GO:0006119,microglia,CA1,1536,-0.221553989705959,FALSE,FALSE,oxidative phosphorylation,-2.11097705826318,5.75222270996947e-5,manuscript-fixed programme/location/constituent-term exemplar
3,GO:0006119,microglia,CA1,1537,-0.221752638891497,FALSE,FALSE,oxidative phosphorylation,-2.11097705826318,5.75222270996947e-5,manuscript-fixed programme/location/constituent-term exemplar
3,GO:0006119,microglia,CA1,1538,-0.221951288077036,FALSE,FALSE,oxidative phosphorylation,-2.11097705826318,5.75222270996947e-5,manuscript-fixed programme/location/constituent-term exemplar
3,GO:0006119,microglia,CA1,1539,-0.222149937262574,FALSE,FALSE,oxidative phosphorylation,-2.11097705826318,5.75222270996947e-5,manuscript-fixed programme/location/constituent-term exemplar
3,GO:0006119,microglia,CA1,1540,-0.222348586448113,FALSE,FALSE,oxidative phosphorylation,-2.11097705826318,5.75222270996947e-5,manuscript-fixed programme/location/constituent-term exemplar
3,GO:0006119,microglia,CA1,1541,-0.222547235633651,FALSE,FALSE,oxidative phosphorylation,-2.11097705826318,5.75222270996947e-5,manuscript-fixed programme/location/constituent-term exemplar
3,GO:0006119,microglia,CA1,1542,-0.222745884819189,FALSE,FALSE,oxidative phosphorylation,-2.11097705826318,5.75222270996947e-5,manuscript-fixed programme/location/constituent-term exemplar
3,GO:0006119,microglia,CA1,1543,-0.222944534004728,FALSE,FALSE,oxidative phosphorylation,-2.11097705826318,5.75222270996947e-5,manuscript-fixed programme/location/constituent-term exemplar
3,GO:0006119,microglia,CA1,1544,-0.223143183190266,FALSE,FALSE,oxidative phosphorylation,-2.11097705826318,5.75222270996947e-5,manuscript-fixed programme/location/constituent-term exemplar
3,GO:0006119,microglia,CA1,1545,-0.223341832375804,FALSE,FALSE,oxidative phosphorylation,-2.11097705826318,5.75222270996947e-5,manuscript-fixed programme/location/constituent-term exemplar
3,GO:0006119,microglia,CA1,1546,-0.223540481561343,FALSE,FALSE,oxidative phosphorylation,-2.11097705826318,5.75222270996947e-5,manuscript-fixed programme/location/constituent-term exemplar
3,GO:0006119,microglia,CA1,1547,-0.223739130746881,FALSE,FALSE,oxidative phosphorylation,-2.11097705826318,5.75222270996947e-5,manuscript-fixed programme/location/constituent-term exemplar
3,GO:0006119,microglia,CA1,1548,-0.223937779932419,FALSE,FALSE,oxidative phosphorylation,-2.11097705826318,5.75222270996947e-5,manuscript-fixed programme/location/constituent-term exemplar
3,GO:0006119,microglia,CA1,1549,-0.224136429117958,FALSE,FALSE,oxidative phosphorylation,-2.11097705826318,5.75222270996947e-5,manuscript-fixed programme/location/constituent-term exemplar
3,GO:0006119,microglia,CA1,1550,-0.224335078303496,FALSE,FALSE,oxidative phosphorylation,-2.11097705826318,5.75222270996947e-5,manuscript-fixed programme/location/constituent-term exemplar
3,GO:0006119,microglia,CA1,1551,-0.224533727489034,FALSE,FALSE,oxidative phosphorylation,-2.11097705826318,5.75222270996947e-5,manuscript-fixed programme/location/constituent-term exemplar
3,GO:0006119,microglia,CA1,1552,-0.224732376674573,FALSE,FALSE,oxidative phosphorylation,-2.11097705826318,5.75222270996947e-5,manuscript-fixed programme/location/constituent-term exemplar
3,GO:0006119,microglia,CA1,1553,-0.224931025860111,FALSE,FALSE,oxidative phosphorylation,-2.11097705826318,5.75222270996947e-5,manuscript-fixed programme/location/constituent-term exemplar
3,GO:0006119,microglia,CA1,1554,-0.225129675045649,FALSE,FALSE,oxidative phosphorylation,-2.11097705826318,5.75222270996947e-5,manuscript-fixed programme/location/constituent-term exemplar
3,GO:0006119,microglia,CA1,1555,-0.225328324231188,FALSE,FALSE,oxidative phosphorylation,-2.11097705826318,5.75222270996947e-5,manuscript-fixed programme/location/constituent-term exemplar
3,GO:0006119,microglia,CA1,1556,-0.225526973416726,FALSE,FALSE,oxidative phosphorylation,-2.11097705826318,5.75222270996947e-5,manuscript-fixed programme/location/constituent-term exemplar
3,GO:0006119,microglia,CA1,1557,-0.225725622602264,FALSE,FALSE,oxidative phosphorylation,-2.11097705826318,5.75222270996947e-5,manuscript-fixed programme/location/constituent-term exemplar
3,GO:0006119,microglia,CA1,1558,-0.225924271787803,FALSE,FALSE,oxidative phosphorylation,-2.11097705826318,5.75222270996947e-5,manuscript-fixed programme/location/constituent-term exemplar
3,GO:0006119,microglia,CA1,1559,-0.222835617576054,TRUE,FALSE,oxidative phosphorylation,-2.11097705826318,5.75222270996947e-5,manuscript-fixed programme/location/constituent-term exemplar
3,GO:0006119,microglia,CA1,1560,-0.223034266761592,FALSE,FALSE,oxidative phosphorylation,-2.11097705826318,5.75222270996947e-5,manuscript-fixed programme/location/constituent-term exemplar
3,GO:0006119,microglia,CA1,1561,-0.223232915947131,FALSE,FALSE,oxidative phosphorylation,-2.11097705826318,5.75222270996947e-5,manuscript-fixed programme/location/constituent-term exemplar
3,GO:0006119,microglia,CA1,1562,-0.223431565132669,FALSE,FALSE,oxidative phosphorylation,-2.11097705826318,5.75222270996947e-5,manuscript-fixed programme/location/constituent-term exemplar
3,GO:0006119,microglia,CA1,1563,-0.223630214318207,FALSE,FALSE,oxidative phosphorylation,-2.11097705826318,5.75222270996947e-5,manuscript-fixed programme/location/constituent-term exemplar
3,GO:0006119,microglia,CA1,1564,-0.223828863503746,FALSE,FALSE,oxidative phosphorylation,-2.11097705826318,5.75222270996947e-5,manuscript-fixed programme/location/constituent-term exemplar
3,GO:0006119,microglia,CA1,1565,-0.224027512689284,FALSE,FALSE,oxidative phosphorylation,-2.11097705826318,5.75222270996947e-5,manuscript-fixed programme/location/constituent-term exemplar
3,GO:0006119,microglia,CA1,1566,-0.224226161874822,FALSE,FALSE,oxidative phosphorylation,-2.11097705826318,5.75222270996947e-5,manuscript-fixed programme/location/constituent-term exemplar
3,GO:0006119,microglia,CA1,1567,-0.224424811060361,FALSE,FALSE,oxidative phosphorylation,-2.11097705826318,5.75222270996947e-5,manuscript-fixed programme/location/constituent-term exemplar
3,GO:0006119,microglia,CA1,1568,-0.224623460245899,FALSE,FALSE,oxidative phosphorylation,-2.11097705826318,5.75222270996947e-5,manuscript-fixed programme/location/constituent-term exemplar
3,GO:0006119,microglia,CA1,1569,-0.224822109431437,FALSE,FALSE,oxidative phosphorylation,-2.11097705826318,5.75222270996947e-5,manuscript-fixed programme/location/constituent-term exemplar
3,GO:0006119,microglia,CA1,1570,-0.225020758616976,FALSE,FALSE,oxidative phosphorylation,-2.11097705826318,5.75222270996947e-5,manuscript-fixed programme/location/constituent-term exemplar
3,GO:0006119,microglia,CA1,1571,-0.225219407802514,FALSE,FALSE,oxidative phosphorylation,-2.11097705826318,5.75222270996947e-5,manuscript-fixed programme/location/constituent-term exemplar
3,GO:0006119,microglia,CA1,1572,-0.225418056988052,FALSE,FALSE,oxidative phosphorylation,-2.11097705826318,5.75222270996947e-5,manuscript-fixed programme/location/constituent-term exemplar
3,GO:0006119,microglia,CA1,1573,-0.225616706173591,FALSE,FALSE,oxidative phosphorylation,-2.11097705826318,5.75222270996947e-5,manuscript-fixed programme/location/constituent-term exemplar
3,GO:0006119,microglia,CA1,1574,-0.225815355359129,FALSE,FALSE,oxidative phosphorylation,-2.11097705826318,5.75222270996947e-5,manuscript-fixed programme/location/constituent-term exemplar
3,GO:0006119,microglia,CA1,1575,-0.226014004544667,FALSE,FALSE,oxidative phosphorylation,-2.11097705826318,5.75222270996947e-5,manuscript-fixed programme/location/constituent-term exemplar
3,GO:0006119,microglia,CA1,1576,-0.226212653730206,FALSE,FALSE,oxidative phosphorylation,-2.11097705826318,5.75222270996947e-5,manuscript-fixed programme/location/constituent-term exemplar
3,GO:0006119,microglia,CA1,1577,-0.226411302915744,FALSE,FALSE,oxidative phosphorylation,-2.11097705826318,5.75222270996947e-5,manuscript-fixed programme/location/constituent-term exemplar
3,GO:0006119,microglia,CA1,1578,-0.226609952101282,FALSE,FALSE,oxidative phosphorylation,-2.11097705826318,5.75222270996947e-5,manuscript-fixed programme/location/constituent-term exemplar
3,GO:0006119,microglia,CA1,1579,-0.226808601286821,FALSE,FALSE,oxidative phosphorylation,-2.11097705826318,5.75222270996947e-5,manuscript-fixed programme/location/constituent-term exemplar
3,GO:0006119,microglia,CA1,1580,-0.227007250472359,FALSE,FALSE,oxidative phosphorylation,-2.11097705826318,5.75222270996947e-5,manuscript-fixed programme/location/constituent-term exemplar
3,GO:0006119,microglia,CA1,1581,-0.227205899657897,FALSE,FALSE,oxidative phosphorylation,-2.11097705826318,5.75222270996947e-5,manuscript-fixed programme/location/constituent-term exemplar
3,GO:0006119,microglia,CA1,1582,-0.227404548843436,FALSE,FALSE,oxidative phosphorylation,-2.11097705826318,5.75222270996947e-5,manuscript-fixed programme/location/constituent-term exemplar
3,GO:0006119,microglia,CA1,1583,-0.227603198028974,FALSE,FALSE,oxidative phosphorylation,-2.11097705826318,5.75222270996947e-5,manuscript-fixed programme/location/constituent-term exemplar
3,GO:0006119,microglia,CA1,1584,-0.227801847214512,FALSE,FALSE,oxidative phosphorylation,-2.11097705826318,5.75222270996947e-5,manuscript-fixed programme/location/constituent-term exemplar
3,GO:0006119,microglia,CA1,1585,-0.228000496400051,FALSE,FALSE,oxidative phosphorylation,-2.11097705826318,5.75222270996947e-5,manuscript-fixed programme/location/constituent-term exemplar
3,GO:0006119,microglia,CA1,1586,-0.22819914558558901,FALSE,FALSE,oxidative phosphorylation,-2.11097705826318,5.75222270996947e-5,manuscript-fixed programme/location/constituent-term exemplar
3,GO:0006119,microglia,CA1,1587,-0.228397794771127,FALSE,FALSE,oxidative phosphorylation,-2.11097705826318,5.75222270996947e-5,manuscript-fixed programme/location/constituent-term exemplar
3,GO:0006119,microglia,CA1,1588,-0.228596443956666,FALSE,FALSE,oxidative phosphorylation,-2.11097705826318,5.75222270996947e-5,manuscript-fixed programme/location/constituent-term exemplar
3,GO:0006119,microglia,CA1,1589,-0.228795093142204,FALSE,FALSE,oxidative phosphorylation,-2.11097705826318,5.75222270996947e-5,manuscript-fixed programme/location/constituent-term exemplar
3,GO:0006119,microglia,CA1,1590,-0.228993742327742,FALSE,FALSE,oxidative phosphorylation,-2.11097705826318,5.75222270996947e-5,manuscript-fixed programme/location/constituent-term exemplar
3,GO:0006119,microglia,CA1,1591,-0.229192391513281,FALSE,FALSE,oxidative phosphorylation,-2.11097705826318,5.75222270996947e-5,manuscript-fixed programme/location/constituent-term exemplar
3,GO:0006119,microglia,CA1,1592,-0.229391040698819,FALSE,FALSE,oxidative phosphorylation,-2.11097705826318,5.75222270996947e-5,manuscript-fixed programme/location/constituent-term exemplar
3,GO:0006119,microglia,CA1,1593,-0.229589689884357,FALSE,FALSE,oxidative phosphorylation,-2.11097705826318,5.75222270996947e-5,manuscript-fixed programme/location/constituent-term exemplar
3,GO:0006119,microglia,CA1,1594,-0.229788339069896,FALSE,FALSE,oxidative phosphorylation,-2.11097705826318,5.75222270996947e-5,manuscript-fixed programme/location/constituent-term exemplar
3,GO:0006119,microglia,CA1,1595,-0.229986988255434,FALSE,FALSE,oxidative phosphorylation,-2.11097705826318,5.75222270996947e-5,manuscript-fixed programme/location/constituent-term exemplar
3,GO:0006119,microglia,CA1,1596,-0.230185637440972,FALSE,FALSE,oxidative phosphorylation,-2.11097705826318,5.75222270996947e-5,manuscript-fixed programme/location/constituent-term exemplar
3,GO:0006119,microglia,CA1,1597,-0.230384286626511,FALSE,FALSE,oxidative phosphorylation,-2.11097705826318,5.75222270996947e-5,manuscript-fixed programme/location/constituent-term exemplar
3,GO:0006119,microglia,CA1,1598,-0.230582935812049,FALSE,FALSE,oxidative phosphorylation,-2.11097705826318,5.75222270996947e-5,manuscript-fixed programme/location/constituent-term exemplar
3,GO:0006119,microglia,CA1,1599,-0.230781584997587,FALSE,FALSE,oxidative phosphorylation,-2.11097705826318,5.75222270996947e-5,manuscript-fixed programme/location/constituent-term exemplar
3,GO:0006119,microglia,CA1,1600,-0.230980234183126,FALSE,FALSE,oxidative phosphorylation,-2.11097705826318,5.75222270996947e-5,manuscript-fixed programme/location/constituent-term exemplar
3,GO:0006119,microglia,CA1,1601,-0.231178883368664,FALSE,FALSE,oxidative phosphorylation,-2.11097705826318,5.75222270996947e-5,manuscript-fixed programme/location/constituent-term exemplar
3,GO:0006119,microglia,CA1,1602,-0.231377532554203,FALSE,FALSE,oxidative phosphorylation,-2.11097705826318,5.75222270996947e-5,manuscript-fixed programme/location/constituent-term exemplar
3,GO:0006119,microglia,CA1,1603,-0.231576181739741,FALSE,FALSE,oxidative phosphorylation,-2.11097705826318,5.75222270996947e-5,manuscript-fixed programme/location/constituent-term exemplar
3,GO:0006119,microglia,CA1,1604,-0.231774830925279,FALSE,FALSE,oxidative phosphorylation,-2.11097705826318,5.75222270996947e-5,manuscript-fixed programme/location/constituent-term exemplar
3,GO:0006119,microglia,CA1,1605,-0.231973480110818,FALSE,FALSE,oxidative phosphorylation,-2.11097705826318,5.75222270996947e-5,manuscript-fixed programme/location/constituent-term exemplar
3,GO:0006119,microglia,CA1,1606,-0.232172129296356,FALSE,FALSE,oxidative phosphorylation,-2.11097705826318,5.75222270996947e-5,manuscript-fixed programme/location/constituent-term exemplar
3,GO:0006119,microglia,CA1,1607,-0.232370778481894,FALSE,FALSE,oxidative phosphorylation,-2.11097705826318,5.75222270996947e-5,manuscript-fixed programme/location/constituent-term exemplar
3,GO:0006119,microglia,CA1,1608,-0.232569427667433,FALSE,FALSE,oxidative phosphorylation,-2.11097705826318,5.75222270996947e-5,manuscript-fixed programme/location/constituent-term exemplar
3,GO:0006119,microglia,CA1,1609,-0.232768076852971,FALSE,FALSE,oxidative phosphorylation,-2.11097705826318,5.75222270996947e-5,manuscript-fixed programme/location/constituent-term exemplar
3,GO:0006119,microglia,CA1,1610,-0.232966726038509,FALSE,FALSE,oxidative phosphorylation,-2.11097705826318,5.75222270996947e-5,manuscript-fixed programme/location/constituent-term exemplar
3,GO:0006119,microglia,CA1,1611,-0.233165375224048,FALSE,FALSE,oxidative phosphorylation,-2.11097705826318,5.75222270996947e-5,manuscript-fixed programme/location/constituent-term exemplar
3,GO:0006119,microglia,CA1,1612,-0.233364024409586,FALSE,FALSE,oxidative phosphorylation,-2.11097705826318,5.75222270996947e-5,manuscript-fixed programme/location/constituent-term exemplar
3,GO:0006119,microglia,CA1,1613,-0.233562673595124,FALSE,FALSE,oxidative phosphorylation,-2.11097705826318,5.75222270996947e-5,manuscript-fixed programme/location/constituent-term exemplar
3,GO:0006119,microglia,CA1,1614,-0.233761322780663,FALSE,FALSE,oxidative phosphorylation,-2.11097705826318,5.75222270996947e-5,manuscript-fixed programme/location/constituent-term exemplar
3,GO:0006119,microglia,CA1,1615,-0.233959971966201,FALSE,FALSE,oxidative phosphorylation,-2.11097705826318,5.75222270996947e-5,manuscript-fixed programme/location/constituent-term exemplar
3,GO:0006119,microglia,CA1,1616,-0.234158621151739,FALSE,FALSE,oxidative phosphorylation,-2.11097705826318,5.75222270996947e-5,manuscript-fixed programme/location/constituent-term exemplar
3,GO:0006119,microglia,CA1,1617,-0.234357270337278,FALSE,FALSE,oxidative phosphorylation,-2.11097705826318,5.75222270996947e-5,manuscript-fixed programme/location/constituent-term exemplar
3,GO:0006119,microglia,CA1,1618,-0.234555919522816,FALSE,FALSE,oxidative phosphorylation,-2.11097705826318,5.75222270996947e-5,manuscript-fixed programme/location/constituent-term exemplar
3,GO:0006119,microglia,CA1,1619,-0.234754568708354,FALSE,FALSE,oxidative phosphorylation,-2.11097705826318,5.75222270996947e-5,manuscript-fixed programme/location/constituent-term exemplar
3,GO:0006119,microglia,CA1,1620,-0.234953217893893,FALSE,FALSE,oxidative phosphorylation,-2.11097705826318,5.75222270996947e-5,manuscript-fixed programme/location/constituent-term exemplar
3,GO:0006119,microglia,CA1,1621,-0.235151867079431,FALSE,FALSE,oxidative phosphorylation,-2.11097705826318,5.75222270996947e-5,manuscript-fixed programme/location/constituent-term exemplar
3,GO:0006119,microglia,CA1,1622,-0.235350516264969,FALSE,FALSE,oxidative phosphorylation,-2.11097705826318,5.75222270996947e-5,manuscript-fixed programme/location/constituent-term exemplar
3,GO:0006119,microglia,CA1,1623,-0.235549165450508,FALSE,FALSE,oxidative phosphorylation,-2.11097705826318,5.75222270996947e-5,manuscript-fixed programme/location/constituent-term exemplar
3,GO:0006119,microglia,CA1,1624,-0.235747814636046,FALSE,FALSE,oxidative phosphorylation,-2.11097705826318,5.75222270996947e-5,manuscript-fixed programme/location/constituent-term exemplar
3,GO:0006119,microglia,CA1,1625,-0.235946463821584,FALSE,FALSE,oxidative phosphorylation,-2.11097705826318,5.75222270996947e-5,manuscript-fixed programme/location/constituent-term exemplar
3,GO:0006119,microglia,CA1,1626,-0.236145113007123,FALSE,FALSE,oxidative phosphorylation,-2.11097705826318,5.75222270996947e-5,manuscript-fixed programme/location/constituent-term exemplar
3,GO:0006119,microglia,CA1,1627,-0.236343762192661,FALSE,FALSE,oxidative phosphorylation,-2.11097705826318,5.75222270996947e-5,manuscript-fixed programme/location/constituent-term exemplar
3,GO:0006119,microglia,CA1,1628,-0.236542411378199,FALSE,FALSE,oxidative phosphorylation,-2.11097705826318,5.75222270996947e-5,manuscript-fixed programme/location/constituent-term exemplar
3,GO:0006119,microglia,CA1,1629,-0.236741060563738,FALSE,FALSE,oxidative phosphorylation,-2.11097705826318,5.75222270996947e-5,manuscript-fixed programme/location/constituent-term exemplar
3,GO:0006119,microglia,CA1,1630,-0.236939709749276,FALSE,FALSE,oxidative phosphorylation,-2.11097705826318,5.75222270996947e-5,manuscript-fixed programme/location/constituent-term exemplar
3,GO:0006119,microglia,CA1,1631,-0.237138358934814,FALSE,FALSE,oxidative phosphorylation,-2.11097705826318,5.75222270996947e-5,manuscript-fixed programme/location/constituent-term exemplar
3,GO:0006119,microglia,CA1,1632,-0.237337008120353,FALSE,FALSE,oxidative phosphorylation,-2.11097705826318,5.75222270996947e-5,manuscript-fixed programme/location/constituent-term exemplar
3,GO:0006119,microglia,CA1,1633,-0.237535657305891,FALSE,FALSE,oxidative phosphorylation,-2.11097705826318,5.75222270996947e-5,manuscript-fixed programme/location/constituent-term exemplar
3,GO:0006119,microglia,CA1,1634,-0.237734306491429,FALSE,FALSE,oxidative phosphorylation,-2.11097705826318,5.75222270996947e-5,manuscript-fixed programme/location/constituent-term exemplar
3,GO:0006119,microglia,CA1,1635,-0.237932955676968,FALSE,FALSE,oxidative phosphorylation,-2.11097705826318,5.75222270996947e-5,manuscript-fixed programme/location/constituent-term exemplar
3,GO:0006119,microglia,CA1,1636,-0.238131604862506,FALSE,FALSE,oxidative phosphorylation,-2.11097705826318,5.75222270996947e-5,manuscript-fixed programme/location/constituent-term exemplar
3,GO:0006119,microglia,CA1,1637,-0.238330254048044,FALSE,FALSE,oxidative phosphorylation,-2.11097705826318,5.75222270996947e-5,manuscript-fixed programme/location/constituent-term exemplar
3,GO:0006119,microglia,CA1,1638,-0.238528903233583,FALSE,FALSE,oxidative phosphorylation,-2.11097705826318,5.75222270996947e-5,manuscript-fixed programme/location/constituent-term exemplar
3,GO:0006119,microglia,CA1,1639,-0.238727552419121,FALSE,FALSE,oxidative phosphorylation,-2.11097705826318,5.75222270996947e-5,manuscript-fixed programme/location/constituent-term exemplar
3,GO:0006119,microglia,CA1,1640,-0.238926201604659,FALSE,FALSE,oxidative phosphorylation,-2.11097705826318,5.75222270996947e-5,manuscript-fixed programme/location/constituent-term exemplar
3,GO:0006119,microglia,CA1,1641,-0.239124850790198,FALSE,FALSE,oxidative phosphorylation,-2.11097705826318,5.75222270996947e-5,manuscript-fixed programme/location/constituent-term exemplar
3,GO:0006119,microglia,CA1,1642,-0.239323499975736,FALSE,FALSE,oxidative phosphorylation,-2.11097705826318,5.75222270996947e-5,manuscript-fixed programme/location/constituent-term exemplar
3,GO:0006119,microglia,CA1,1643,-0.239522149161274,FALSE,FALSE,oxidative phosphorylation,-2.11097705826318,5.75222270996947e-5,manuscript-fixed programme/location/constituent-term exemplar
3,GO:0006119,microglia,CA1,1644,-0.239720798346813,FALSE,FALSE,oxidative phosphorylation,-2.11097705826318,5.75222270996947e-5,manuscript-fixed programme/location/constituent-term exemplar
3,GO:0006119,microglia,CA1,1645,-0.239919447532351,FALSE,FALSE,oxidative phosphorylation,-2.11097705826318,5.75222270996947e-5,manuscript-fixed programme/location/constituent-term exemplar
3,GO:0006119,microglia,CA1,1646,-0.240118096717889,FALSE,FALSE,oxidative phosphorylation,-2.11097705826318,5.75222270996947e-5,manuscript-fixed programme/location/constituent-term exemplar
3,GO:0006119,microglia,CA1,1647,-0.240316745903428,FALSE,FALSE,oxidative phosphorylation,-2.11097705826318,5.75222270996947e-5,manuscript-fixed programme/location/constituent-term exemplar
3,GO:0006119,microglia,CA1,1648,-0.240515395088966,FALSE,FALSE,oxidative phosphorylation,-2.11097705826318,5.75222270996947e-5,manuscript-fixed programme/location/constituent-term exemplar
3,GO:0006119,microglia,CA1,1649,-0.240714044274504,FALSE,FALSE,oxidative phosphorylation,-2.11097705826318,5.75222270996947e-5,manuscript-fixed programme/location/constituent-term exemplar
3,GO:0006119,microglia,CA1,1650,-0.240912693460043,FALSE,FALSE,oxidative phosphorylation,-2.11097705826318,5.75222270996947e-5,manuscript-fixed programme/location/constituent-term exemplar
3,GO:0006119,microglia,CA1,1651,-0.241111342645581,FALSE,FALSE,oxidative phosphorylation,-2.11097705826318,5.75222270996947e-5,manuscript-fixed programme/location/constituent-term exemplar
3,GO:0006119,microglia,CA1,1652,-0.241309991831119,FALSE,FALSE,oxidative phosphorylation,-2.11097705826318,5.75222270996947e-5,manuscript-fixed programme/location/constituent-term exemplar
3,GO:0006119,microglia,CA1,1653,-0.241508641016658,FALSE,FALSE,oxidative phosphorylation,-2.11097705826318,5.75222270996947e-5,manuscript-fixed programme/location/constituent-term exemplar
3,GO:0006119,microglia,CA1,1654,-0.241707290202196,FALSE,FALSE,oxidative phosphorylation,-2.11097705826318,5.75222270996947e-5,manuscript-fixed programme/location/constituent-term exemplar
3,GO:0006119,microglia,CA1,1655,-0.241905939387734,FALSE,FALSE,oxidative phosphorylation,-2.11097705826318,5.75222270996947e-5,manuscript-fixed programme/location/constituent-term exemplar
3,GO:0006119,microglia,CA1,1656,-0.242104588573273,FALSE,FALSE,oxidative phosphorylation,-2.11097705826318,5.75222270996947e-5,manuscript-fixed programme/location/constituent-term exemplar
3,GO:0006119,microglia,CA1,1657,-0.242303237758811,FALSE,FALSE,oxidative phosphorylation,-2.11097705826318,5.75222270996947e-5,manuscript-fixed programme/location/constituent-term exemplar
3,GO:0006119,microglia,CA1,1658,-0.242501886944349,FALSE,FALSE,oxidative phosphorylation,-2.11097705826318,5.75222270996947e-5,manuscript-fixed programme/location/constituent-term exemplar
3,GO:0006119,microglia,CA1,1659,-0.242700536129888,FALSE,FALSE,oxidative phosphorylation,-2.11097705826318,5.75222270996947e-5,manuscript-fixed programme/location/constituent-term exemplar
3,GO:0006119,microglia,CA1,1660,-0.242899185315426,FALSE,FALSE,oxidative phosphorylation,-2.11097705826318,5.75222270996947e-5,manuscript-fixed programme/location/constituent-term exemplar
3,GO:0006119,microglia,CA1,1661,-0.243097834500965,FALSE,FALSE,oxidative phosphorylation,-2.11097705826318,5.75222270996947e-5,manuscript-fixed programme/location/constituent-term exemplar
3,GO:0006119,microglia,CA1,1662,-0.243296483686503,FALSE,FALSE,oxidative phosphorylation,-2.11097705826318,5.75222270996947e-5,manuscript-fixed programme/location/constituent-term exemplar
3,GO:0006119,microglia,CA1,1663,-0.243495132872041,FALSE,FALSE,oxidative phosphorylation,-2.11097705826318,5.75222270996947e-5,manuscript-fixed programme/location/constituent-term exemplar
3,GO:0006119,microglia,CA1,1664,-0.24369378205758,FALSE,FALSE,oxidative phosphorylation,-2.11097705826318,5.75222270996947e-5,manuscript-fixed programme/location/constituent-term exemplar
3,GO:0006119,microglia,CA1,1665,-0.243892431243118,FALSE,FALSE,oxidative phosphorylation,-2.11097705826318,5.75222270996947e-5,manuscript-fixed programme/location/constituent-term exemplar
3,GO:0006119,microglia,CA1,1666,-0.244091080428656,FALSE,FALSE,oxidative phosphorylation,-2.11097705826318,5.75222270996947e-5,manuscript-fixed programme/location/constituent-term exemplar
3,GO:0006119,microglia,CA1,1667,-0.244289729614195,FALSE,FALSE,oxidative phosphorylation,-2.11097705826318,5.75222270996947e-5,manuscript-fixed programme/location/constituent-term exemplar
3,GO:0006119,microglia,CA1,1668,-0.244488378799733,FALSE,FALSE,oxidative phosphorylation,-2.11097705826318,5.75222270996947e-5,manuscript-fixed programme/location/constituent-term exemplar
3,GO:0006119,microglia,CA1,1669,-0.244687027985271,FALSE,FALSE,oxidative phosphorylation,-2.11097705826318,5.75222270996947e-5,manuscript-fixed programme/location/constituent-term exemplar
3,GO:0006119,microglia,CA1,1670,-0.24488567717081,FALSE,FALSE,oxidative phosphorylation,-2.11097705826318,5.75222270996947e-5,manuscript-fixed programme/location/constituent-term exemplar
3,GO:0006119,microglia,CA1,1671,-0.245084326356348,FALSE,FALSE,oxidative phosphorylation,-2.11097705826318,5.75222270996947e-5,manuscript-fixed programme/location/constituent-term exemplar
3,GO:0006119,microglia,CA1,1672,-0.245282975541886,FALSE,FALSE,oxidative phosphorylation,-2.11097705826318,5.75222270996947e-5,manuscript-fixed programme/location/constituent-term exemplar
3,GO:0006119,microglia,CA1,1673,-0.245481624727425,FALSE,FALSE,oxidative phosphorylation,-2.11097705826318,5.75222270996947e-5,manuscript-fixed programme/location/constituent-term exemplar
3,GO:0006119,microglia,CA1,1674,-0.245680273912963,FALSE,FALSE,oxidative phosphorylation,-2.11097705826318,5.75222270996947e-5,manuscript-fixed programme/location/constituent-term exemplar
3,GO:0006119,microglia,CA1,1675,-0.243316519177454,TRUE,FALSE,oxidative phosphorylation,-2.11097705826318,5.75222270996947e-5,manuscript-fixed programme/location/constituent-term exemplar
3,GO:0006119,microglia,CA1,1676,-0.243515168362992,FALSE,FALSE,oxidative phosphorylation,-2.11097705826318,5.75222270996947e-5,manuscript-fixed programme/location/constituent-term exemplar
3,GO:0006119,microglia,CA1,1677,-0.24371381754853,FALSE,FALSE,oxidative phosphorylation,-2.11097705826318,5.75222270996947e-5,manuscript-fixed programme/location/constituent-term exemplar
3,GO:0006119,microglia,CA1,1678,-0.243912466734069,FALSE,FALSE,oxidative phosphorylation,-2.11097705826318,5.75222270996947e-5,manuscript-fixed programme/location/constituent-term exemplar
3,GO:0006119,microglia,CA1,1679,-0.244111115919607,FALSE,FALSE,oxidative phosphorylation,-2.11097705826318,5.75222270996947e-5,manuscript-fixed programme/location/constituent-term exemplar
3,GO:0006119,microglia,CA1,1680,-0.244309765105145,FALSE,FALSE,oxidative phosphorylation,-2.11097705826318,5.75222270996947e-5,manuscript-fixed programme/location/constituent-term exemplar
3,GO:0006119,microglia,CA1,1681,-0.244508414290684,FALSE,FALSE,oxidative phosphorylation,-2.11097705826318,5.75222270996947e-5,manuscript-fixed programme/location/constituent-term exemplar
3,GO:0006119,microglia,CA1,1682,-0.244707063476222,FALSE,FALSE,oxidative phosphorylation,-2.11097705826318,5.75222270996947e-5,manuscript-fixed programme/location/constituent-term exemplar
3,GO:0006119,microglia,CA1,1683,-0.24490571266176,FALSE,FALSE,oxidative phosphorylation,-2.11097705826318,5.75222270996947e-5,manuscript-fixed programme/location/constituent-term exemplar
3,GO:0006119,microglia,CA1,1684,-0.245104361847299,FALSE,FALSE,oxidative phosphorylation,-2.11097705826318,5.75222270996947e-5,manuscript-fixed programme/location/constituent-term exemplar
3,GO:0006119,microglia,CA1,1685,-0.245303011032837,FALSE,FALSE,oxidative phosphorylation,-2.11097705826318,5.75222270996947e-5,manuscript-fixed programme/location/constituent-term exemplar
3,GO:0006119,microglia,CA1,1686,-0.245501660218375,FALSE,FALSE,oxidative phosphorylation,-2.11097705826318,5.75222270996947e-5,manuscript-fixed programme/location/constituent-term exemplar
3,GO:0006119,microglia,CA1,1687,-0.245700309403914,FALSE,FALSE,oxidative phosphorylation,-2.11097705826318,5.75222270996947e-5,manuscript-fixed programme/location/constituent-term exemplar
3,GO:0006119,microglia,CA1,1688,-0.245898958589452,FALSE,FALSE,oxidative phosphorylation,-2.11097705826318,5.75222270996947e-5,manuscript-fixed programme/location/constituent-term exemplar
3,GO:0006119,microglia,CA1,1689,-0.24609760777499,FALSE,FALSE,oxidative phosphorylation,-2.11097705826318,5.75222270996947e-5,manuscript-fixed programme/location/constituent-term exemplar
3,GO:0006119,microglia,CA1,1690,-0.246296256960529,FALSE,FALSE,oxidative phosphorylation,-2.11097705826318,5.75222270996947e-5,manuscript-fixed programme/location/constituent-term exemplar
3,GO:0006119,microglia,CA1,1691,-0.246494906146067,FALSE,FALSE,oxidative phosphorylation,-2.11097705826318,5.75222270996947e-5,manuscript-fixed programme/location/constituent-term exemplar
3,GO:0006119,microglia,CA1,1692,-0.246693555331605,FALSE,FALSE,oxidative phosphorylation,-2.11097705826318,5.75222270996947e-5,manuscript-fixed programme/location/constituent-term exemplar
3,GO:0006119,microglia,CA1,1693,-0.246892204517144,FALSE,FALSE,oxidative phosphorylation,-2.11097705826318,5.75222270996947e-5,manuscript-fixed programme/location/constituent-term exemplar
3,GO:0006119,microglia,CA1,1694,-0.247090853702682,FALSE,FALSE,oxidative phosphorylation,-2.11097705826318,5.75222270996947e-5,manuscript-fixed programme/location/constituent-term exemplar
3,GO:0006119,microglia,CA1,1695,-0.24728950288822,FALSE,FALSE,oxidative phosphorylation,-2.11097705826318,5.75222270996947e-5,manuscript-fixed programme/location/constituent-term exemplar
3,GO:0006119,microglia,CA1,1696,-0.247488152073759,FALSE,FALSE,oxidative phosphorylation,-2.11097705826318,5.75222270996947e-5,manuscript-fixed programme/location/constituent-term exemplar
3,GO:0006119,microglia,CA1,1697,-0.247686801259297,FALSE,FALSE,oxidative phosphorylation,-2.11097705826318,5.75222270996947e-5,manuscript-fixed programme/location/constituent-term exemplar
3,GO:0006119,microglia,CA1,1698,-0.247885450444835,FALSE,FALSE,oxidative phosphorylation,-2.11097705826318,5.75222270996947e-5,manuscript-fixed programme/location/constituent-term exemplar
3,GO:0006119,microglia,CA1,1699,-0.248084099630374,FALSE,FALSE,oxidative phosphorylation,-2.11097705826318,5.75222270996947e-5,manuscript-fixed programme/location/constituent-term exemplar
3,GO:0006119,microglia,CA1,1700,-0.248282748815912,FALSE,FALSE,oxidative phosphorylation,-2.11097705826318,5.75222270996947e-5,manuscript-fixed programme/location/constituent-term exemplar
3,GO:0006119,microglia,CA1,1701,-0.24848139800145,FALSE,FALSE,oxidative phosphorylation,-2.11097705826318,5.75222270996947e-5,manuscript-fixed programme/location/constituent-term exemplar
3,GO:0006119,microglia,CA1,1702,-0.248680047186989,FALSE,FALSE,oxidative phosphorylation,-2.11097705826318,5.75222270996947e-5,manuscript-fixed programme/location/constituent-term exemplar
3,GO:0006119,microglia,CA1,1703,-0.248878696372527,FALSE,FALSE,oxidative phosphorylation,-2.11097705826318,5.75222270996947e-5,manuscript-fixed programme/location/constituent-term exemplar
3,GO:0006119,microglia,CA1,1704,-0.249077345558065,FALSE,FALSE,oxidative phosphorylation,-2.11097705826318,5.75222270996947e-5,manuscript-fixed programme/location/constituent-term exemplar
3,GO:0006119,microglia,CA1,1705,-0.249275994743604,FALSE,FALSE,oxidative phosphorylation,-2.11097705826318,5.75222270996947e-5,manuscript-fixed programme/location/constituent-term exemplar
3,GO:0006119,microglia,CA1,1706,-0.249474643929142,FALSE,FALSE,oxidative phosphorylation,-2.11097705826318,5.75222270996947e-5,manuscript-fixed programme/location/constituent-term exemplar
3,GO:0006119,microglia,CA1,1707,-0.249673293114681,FALSE,FALSE,oxidative phosphorylation,-2.11097705826318,5.75222270996947e-5,manuscript-fixed programme/location/constituent-term exemplar
3,GO:0006119,microglia,CA1,1708,-0.249871942300219,FALSE,FALSE,oxidative phosphorylation,-2.11097705826318,5.75222270996947e-5,manuscript-fixed programme/location/constituent-term exemplar
3,GO:0006119,microglia,CA1,1709,-0.250070591485757,FALSE,FALSE,oxidative phosphorylation,-2.11097705826318,5.75222270996947e-5,manuscript-fixed programme/location/constituent-term exemplar
3,GO:0006119,microglia,CA1,1710,-0.250269240671296,FALSE,FALSE,oxidative phosphorylation,-2.11097705826318,5.75222270996947e-5,manuscript-fixed programme/location/constituent-term exemplar
3,GO:0006119,microglia,CA1,1711,-0.250467889856834,FALSE,FALSE,oxidative phosphorylation,-2.11097705826318,5.75222270996947e-5,manuscript-fixed programme/location/constituent-term exemplar
3,GO:0006119,microglia,CA1,1712,-0.250666539042372,FALSE,FALSE,oxidative phosphorylation,-2.11097705826318,5.75222270996947e-5,manuscript-fixed programme/location/constituent-term exemplar
3,GO:0006119,microglia,CA1,1713,-0.250865188227911,FALSE,FALSE,oxidative phosphorylation,-2.11097705826318,5.75222270996947e-5,manuscript-fixed programme/location/constituent-term exemplar
3,GO:0006119,microglia,CA1,1714,-0.251063837413449,FALSE,FALSE,oxidative phosphorylation,-2.11097705826318,5.75222270996947e-5,manuscript-fixed programme/location/constituent-term exemplar
3,GO:0006119,microglia,CA1,1715,-0.251262486598987,FALSE,FALSE,oxidative phosphorylation,-2.11097705826318,5.75222270996947e-5,manuscript-fixed programme/location/constituent-term exemplar
3,GO:0006119,microglia,CA1,1716,-0.251461135784526,FALSE,FALSE,oxidative phosphorylation,-2.11097705826318,5.75222270996947e-5,manuscript-fixed programme/location/constituent-term exemplar
3,GO:0006119,microglia,CA1,1717,-0.251659784970064,FALSE,FALSE,oxidative phosphorylation,-2.11097705826318,5.75222270996947e-5,manuscript-fixed programme/location/constituent-term exemplar
3,GO:0006119,microglia,CA1,1718,-0.251858434155602,FALSE,FALSE,oxidative phosphorylation,-2.11097705826318,5.75222270996947e-5,manuscript-fixed programme/location/constituent-term exemplar
3,GO:0006119,microglia,CA1,1719,-0.252057083341141,FALSE,FALSE,oxidative phosphorylation,-2.11097705826318,5.75222270996947e-5,manuscript-fixed programme/location/constituent-term exemplar
3,GO:0006119,microglia,CA1,1720,-0.252255732526679,FALSE,FALSE,oxidative phosphorylation,-2.11097705826318,5.75222270996947e-5,manuscript-fixed programme/location/constituent-term exemplar
3,GO:0006119,microglia,CA1,1721,-0.252454381712217,FALSE,FALSE,oxidative phosphorylation,-2.11097705826318,5.75222270996947e-5,manuscript-fixed programme/location/constituent-term exemplar
3,GO:0006119,microglia,CA1,1722,-0.252653030897756,FALSE,FALSE,oxidative phosphorylation,-2.11097705826318,5.75222270996947e-5,manuscript-fixed programme/location/constituent-term exemplar
3,GO:0006119,microglia,CA1,1723,-0.252851680083294,FALSE,FALSE,oxidative phosphorylation,-2.11097705826318,5.75222270996947e-5,manuscript-fixed programme/location/constituent-term exemplar
3,GO:0006119,microglia,CA1,1724,-0.253050329268832,FALSE,FALSE,oxidative phosphorylation,-2.11097705826318,5.75222270996947e-5,manuscript-fixed programme/location/constituent-term exemplar
3,GO:0006119,microglia,CA1,1725,-0.253248978454371,FALSE,FALSE,oxidative phosphorylation,-2.11097705826318,5.75222270996947e-5,manuscript-fixed programme/location/constituent-term exemplar
3,GO:0006119,microglia,CA1,1726,-0.253447627639909,FALSE,FALSE,oxidative phosphorylation,-2.11097705826318,5.75222270996947e-5,manuscript-fixed programme/location/constituent-term exemplar
3,GO:0006119,microglia,CA1,1727,-0.253646276825447,FALSE,FALSE,oxidative phosphorylation,-2.11097705826318,5.75222270996947e-5,manuscript-fixed programme/location/constituent-term exemplar
3,GO:0006119,microglia,CA1,1728,-0.253844926010986,FALSE,FALSE,oxidative phosphorylation,-2.11097705826318,5.75222270996947e-5,manuscript-fixed programme/location/constituent-term exemplar
3,GO:0006119,microglia,CA1,1729,-0.254043575196524,FALSE,FALSE,oxidative phosphorylation,-2.11097705826318,5.75222270996947e-5,manuscript-fixed programme/location/constituent-term exemplar
3,GO:0006119,microglia,CA1,1730,-0.254242224382062,FALSE,FALSE,oxidative phosphorylation,-2.11097705826318,5.75222270996947e-5,manuscript-fixed programme/location/constituent-term exemplar
3,GO:0006119,microglia,CA1,1731,-0.254440873567601,FALSE,FALSE,oxidative phosphorylation,-2.11097705826318,5.75222270996947e-5,manuscript-fixed programme/location/constituent-term exemplar
3,GO:0006119,microglia,CA1,1732,-0.254639522753139,FALSE,FALSE,oxidative phosphorylation,-2.11097705826318,5.75222270996947e-5,manuscript-fixed programme/location/constituent-term exemplar
3,GO:0006119,microglia,CA1,1733,-0.254838171938677,FALSE,FALSE,oxidative phosphorylation,-2.11097705826318,5.75222270996947e-5,manuscript-fixed programme/location/constituent-term exemplar
3,GO:0006119,microglia,CA1,1734,-0.255036821124216,FALSE,FALSE,oxidative phosphorylation,-2.11097705826318,5.75222270996947e-5,manuscript-fixed programme/location/constituent-term exemplar
3,GO:0006119,microglia,CA1,1735,-0.253038482899946,TRUE,FALSE,oxidative phosphorylation,-2.11097705826318,5.75222270996947e-5,manuscript-fixed programme/location/constituent-term exemplar
3,GO:0006119,microglia,CA1,1736,-0.253237132085485,FALSE,FALSE,oxidative phosphorylation,-2.11097705826318,5.75222270996947e-5,manuscript-fixed programme/location/constituent-term exemplar
3,GO:0006119,microglia,CA1,1737,-0.253435781271023,FALSE,FALSE,oxidative phosphorylation,-2.11097705826318,5.75222270996947e-5,manuscript-fixed programme/location/constituent-term exemplar
3,GO:0006119,microglia,CA1,1738,-0.253634430456561,FALSE,FALSE,oxidative phosphorylation,-2.11097705826318,5.75222270996947e-5,manuscript-fixed programme/location/constituent-term exemplar
3,GO:0006119,microglia,CA1,1739,-0.2538330796421,FALSE,FALSE,oxidative phosphorylation,-2.11097705826318,5.75222270996947e-5,manuscript-fixed programme/location/constituent-term exemplar
3,GO:0006119,microglia,CA1,1740,-0.254031728827638,FALSE,FALSE,oxidative phosphorylation,-2.11097705826318,5.75222270996947e-5,manuscript-fixed programme/location/constituent-term exemplar
3,GO:0006119,microglia,CA1,1741,-0.254230378013176,FALSE,FALSE,oxidative phosphorylation,-2.11097705826318,5.75222270996947e-5,manuscript-fixed programme/location/constituent-term exemplar
3,GO:0006119,microglia,CA1,1742,-0.254429027198715,FALSE,FALSE,oxidative phosphorylation,-2.11097705826318,5.75222270996947e-5,manuscript-fixed programme/location/constituent-term exemplar
3,GO:0006119,microglia,CA1,1743,-0.254627676384253,FALSE,FALSE,oxidative phosphorylation,-2.11097705826318,5.75222270996947e-5,manuscript-fixed programme/location/constituent-term exemplar
3,GO:0006119,microglia,CA1,1744,-0.254826325569791,FALSE,FALSE,oxidative phosphorylation,-2.11097705826318,5.75222270996947e-5,manuscript-fixed programme/location/constituent-term exemplar
3,GO:0006119,microglia,CA1,1745,-0.25502497475533,FALSE,FALSE,oxidative phosphorylation,-2.11097705826318,5.75222270996947e-5,manuscript-fixed programme/location/constituent-term exemplar
3,GO:0006119,microglia,CA1,1746,-0.255223623940868,FALSE,FALSE,oxidative phosphorylation,-2.11097705826318,5.75222270996947e-5,manuscript-fixed programme/location/constituent-term exemplar
3,GO:0006119,microglia,CA1,1747,-0.255422273126406,FALSE,FALSE,oxidative phosphorylation,-2.11097705826318,5.75222270996947e-5,manuscript-fixed programme/location/constituent-term exemplar
3,GO:0006119,microglia,CA1,1748,-0.255620922311945,FALSE,FALSE,oxidative phosphorylation,-2.11097705826318,5.75222270996947e-5,manuscript-fixed programme/location/constituent-term exemplar
3,GO:0006119,microglia,CA1,1749,-0.255819571497483,FALSE,FALSE,oxidative phosphorylation,-2.11097705826318,5.75222270996947e-5,manuscript-fixed programme/location/constituent-term exemplar
3,GO:0006119,microglia,CA1,1750,-0.253869140781469,TRUE,FALSE,oxidative phosphorylation,-2.11097705826318,5.75222270996947e-5,manuscript-fixed programme/location/constituent-term exemplar
3,GO:0006119,microglia,CA1,1751,-0.254067789967007,FALSE,FALSE,oxidative phosphorylation,-2.11097705826318,5.75222270996947e-5,manuscript-fixed programme/location/constituent-term exemplar
3,GO:0006119,microglia,CA1,1752,-0.254266439152546,FALSE,FALSE,oxidative phosphorylation,-2.11097705826318,5.75222270996947e-5,manuscript-fixed programme/location/constituent-term exemplar
3,GO:0006119,microglia,CA1,1753,-0.254465088338084,FALSE,FALSE,oxidative phosphorylation,-2.11097705826318,5.75222270996947e-5,manuscript-fixed programme/location/constituent-term exemplar
3,GO:0006119,microglia,CA1,1754,-0.254663737523622,FALSE,FALSE,oxidative phosphorylation,-2.11097705826318,5.75222270996947e-5,manuscript-fixed programme/location/constituent-term exemplar
3,GO:0006119,microglia,CA1,1755,-0.254862386709161,FALSE,FALSE,oxidative phosphorylation,-2.11097705826318,5.75222270996947e-5,manuscript-fixed programme/location/constituent-term exemplar
3,GO:0006119,microglia,CA1,1756,-0.255061035894699,FALSE,FALSE,oxidative phosphorylation,-2.11097705826318,5.75222270996947e-5,manuscript-fixed programme/location/constituent-term exemplar
3,GO:0006119,microglia,CA1,1757,-0.255259685080237,FALSE,FALSE,oxidative phosphorylation,-2.11097705826318,5.75222270996947e-5,manuscript-fixed programme/location/constituent-term exemplar
3,GO:0006119,microglia,CA1,1758,-0.255458334265776,FALSE,FALSE,oxidative phosphorylation,-2.11097705826318,5.75222270996947e-5,manuscript-fixed programme/location/constituent-term exemplar
3,GO:0006119,microglia,CA1,1759,-0.255656983451314,FALSE,FALSE,oxidative phosphorylation,-2.11097705826318,5.75222270996947e-5,manuscript-fixed programme/location/constituent-term exemplar
3,GO:0006119,microglia,CA1,1760,-0.255855632636852,FALSE,FALSE,oxidative phosphorylation,-2.11097705826318,5.75222270996947e-5,manuscript-fixed programme/location/constituent-term exemplar
3,GO:0006119,microglia,CA1,1761,-0.256054281822391,FALSE,FALSE,oxidative phosphorylation,-2.11097705826318,5.75222270996947e-5,manuscript-fixed programme/location/constituent-term exemplar
3,GO:0006119,microglia,CA1,1762,-0.256252931007929,FALSE,FALSE,oxidative phosphorylation,-2.11097705826318,5.75222270996947e-5,manuscript-fixed programme/location/constituent-term exemplar
3,GO:0006119,microglia,CA1,1763,-0.256451580193468,FALSE,FALSE,oxidative phosphorylation,-2.11097705826318,5.75222270996947e-5,manuscript-fixed programme/location/constituent-term exemplar
3,GO:0006119,microglia,CA1,1764,-0.256650229379006,FALSE,FALSE,oxidative phosphorylation,-2.11097705826318,5.75222270996947e-5,manuscript-fixed programme/location/constituent-term exemplar
3,GO:0006119,microglia,CA1,1765,-0.256848878564544,FALSE,FALSE,oxidative phosphorylation,-2.11097705826318,5.75222270996947e-5,manuscript-fixed programme/location/constituent-term exemplar
3,GO:0006119,microglia,CA1,1766,-0.257047527750083,FALSE,FALSE,oxidative phosphorylation,-2.11097705826318,5.75222270996947e-5,manuscript-fixed programme/location/constituent-term exemplar
3,GO:0006119,microglia,CA1,1767,-0.257246176935621,FALSE,FALSE,oxidative phosphorylation,-2.11097705826318,5.75222270996947e-5,manuscript-fixed programme/location/constituent-term exemplar
3,GO:0006119,microglia,CA1,1768,-0.257444826121159,FALSE,FALSE,oxidative phosphorylation,-2.11097705826318,5.75222270996947e-5,manuscript-fixed programme/location/constituent-term exemplar
3,GO:0006119,microglia,CA1,1769,-0.257643475306698,FALSE,FALSE,oxidative phosphorylation,-2.11097705826318,5.75222270996947e-5,manuscript-fixed programme/location/constituent-term exemplar
3,GO:0006119,microglia,CA1,1770,-0.257842124492236,FALSE,FALSE,oxidative phosphorylation,-2.11097705826318,5.75222270996947e-5,manuscript-fixed programme/location/constituent-term exemplar
3,GO:0006119,microglia,CA1,1771,-0.258040773677774,FALSE,FALSE,oxidative phosphorylation,-2.11097705826318,5.75222270996947e-5,manuscript-fixed programme/location/constituent-term exemplar
3,GO:0006119,microglia,CA1,1772,-0.258239422863313,FALSE,FALSE,oxidative phosphorylation,-2.11097705826318,5.75222270996947e-5,manuscript-fixed programme/location/constituent-term exemplar
3,GO:0006119,microglia,CA1,1773,-0.258438072048851,FALSE,FALSE,oxidative phosphorylation,-2.11097705826318,5.75222270996947e-5,manuscript-fixed programme/location/constituent-term exemplar
3,GO:0006119,microglia,CA1,1774,-0.258636721234389,FALSE,FALSE,oxidative phosphorylation,-2.11097705826318,5.75222270996947e-5,manuscript-fixed programme/location/constituent-term exemplar
3,GO:0006119,microglia,CA1,1775,-0.258835370419928,FALSE,FALSE,oxidative phosphorylation,-2.11097705826318,5.75222270996947e-5,manuscript-fixed programme/location/constituent-term exemplar
3,GO:0006119,microglia,CA1,1776,-0.259034019605466,FALSE,FALSE,oxidative phosphorylation,-2.11097705826318,5.75222270996947e-5,manuscript-fixed programme/location/constituent-term exemplar
3,GO:0006119,microglia,CA1,1777,-0.259232668791004,FALSE,FALSE,oxidative phosphorylation,-2.11097705826318,5.75222270996947e-5,manuscript-fixed programme/location/constituent-term exemplar
3,GO:0006119,microglia,CA1,1778,-0.259431317976543,FALSE,FALSE,oxidative phosphorylation,-2.11097705826318,5.75222270996947e-5,manuscript-fixed programme/location/constituent-term exemplar
3,GO:0006119,microglia,CA1,1779,-0.259629967162081,FALSE,FALSE,oxidative phosphorylation,-2.11097705826318,5.75222270996947e-5,manuscript-fixed programme/location/constituent-term exemplar
3,GO:0006119,microglia,CA1,1780,-0.259828616347619,FALSE,FALSE,oxidative phosphorylation,-2.11097705826318,5.75222270996947e-5,manuscript-fixed programme/location/constituent-term exemplar
3,GO:0006119,microglia,CA1,1781,-0.260027265533158,FALSE,FALSE,oxidative phosphorylation,-2.11097705826318,5.75222270996947e-5,manuscript-fixed programme/location/constituent-term exemplar
3,GO:0006119,microglia,CA1,1782,-0.260225914718696,FALSE,FALSE,oxidative phosphorylation,-2.11097705826318,5.75222270996947e-5,manuscript-fixed programme/location/constituent-term exemplar
3,GO:0006119,microglia,CA1,1783,-0.260424563904234,FALSE,FALSE,oxidative phosphorylation,-2.11097705826318,5.75222270996947e-5,manuscript-fixed programme/location/constituent-term exemplar
3,GO:0006119,microglia,CA1,1784,-0.260623213089773,FALSE,FALSE,oxidative phosphorylation,-2.11097705826318,5.75222270996947e-5,manuscript-fixed programme/location/constituent-term exemplar
3,GO:0006119,microglia,CA1,1785,-0.260821862275311,FALSE,FALSE,oxidative phosphorylation,-2.11097705826318,5.75222270996947e-5,manuscript-fixed programme/location/constituent-term exemplar
3,GO:0006119,microglia,CA1,1786,-0.261020511460849,FALSE,FALSE,oxidative phosphorylation,-2.11097705826318,5.75222270996947e-5,manuscript-fixed programme/location/constituent-term exemplar
3,GO:0006119,microglia,CA1,1787,-0.261219160646388,FALSE,FALSE,oxidative phosphorylation,-2.11097705826318,5.75222270996947e-5,manuscript-fixed programme/location/constituent-term exemplar
3,GO:0006119,microglia,CA1,1788,-0.261417809831926,FALSE,FALSE,oxidative phosphorylation,-2.11097705826318,5.75222270996947e-5,manuscript-fixed programme/location/constituent-term exemplar
3,GO:0006119,microglia,CA1,1789,-0.261616459017464,FALSE,FALSE,oxidative phosphorylation,-2.11097705826318,5.75222270996947e-5,manuscript-fixed programme/location/constituent-term exemplar
3,GO:0006119,microglia,CA1,1790,-0.261815108203003,FALSE,FALSE,oxidative phosphorylation,-2.11097705826318,5.75222270996947e-5,manuscript-fixed programme/location/constituent-term exemplar
3,GO:0006119,microglia,CA1,1791,-0.262013757388541,FALSE,FALSE,oxidative phosphorylation,-2.11097705826318,5.75222270996947e-5,manuscript-fixed programme/location/constituent-term exemplar
3,GO:0006119,microglia,CA1,1792,-0.262212406574079,FALSE,FALSE,oxidative phosphorylation,-2.11097705826318,5.75222270996947e-5,manuscript-fixed programme/location/constituent-term exemplar
3,GO:0006119,microglia,CA1,1793,-0.262411055759618,FALSE,FALSE,oxidative phosphorylation,-2.11097705826318,5.75222270996947e-5,manuscript-fixed programme/location/constituent-term exemplar
3,GO:0006119,microglia,CA1,1794,-0.262609704945156,FALSE,FALSE,oxidative phosphorylation,-2.11097705826318,5.75222270996947e-5,manuscript-fixed programme/location/constituent-term exemplar
3,GO:0006119,microglia,CA1,1795,-0.262808354130694,FALSE,FALSE,oxidative phosphorylation,-2.11097705826318,5.75222270996947e-5,manuscript-fixed programme/location/constituent-term exemplar
3,GO:0006119,microglia,CA1,1796,-0.263007003316233,FALSE,FALSE,oxidative phosphorylation,-2.11097705826318,5.75222270996947e-5,manuscript-fixed programme/location/constituent-term exemplar
3,GO:0006119,microglia,CA1,1797,-0.263205652501771,FALSE,FALSE,oxidative phosphorylation,-2.11097705826318,5.75222270996947e-5,manuscript-fixed programme/location/constituent-term exemplar
3,GO:0006119,microglia,CA1,1798,-0.263404301687309,FALSE,FALSE,oxidative phosphorylation,-2.11097705826318,5.75222270996947e-5,manuscript-fixed programme/location/constituent-term exemplar
3,GO:0006119,microglia,CA1,1799,-0.263602950872848,FALSE,FALSE,oxidative phosphorylation,-2.11097705826318,5.75222270996947e-5,manuscript-fixed programme/location/constituent-term exemplar
3,GO:0006119,microglia,CA1,1800,-0.263801600058386,FALSE,FALSE,oxidative phosphorylation,-2.11097705826318,5.75222270996947e-5,manuscript-fixed programme/location/constituent-term exemplar
3,GO:0006119,microglia,CA1,1801,-0.264000249243924,FALSE,FALSE,oxidative phosphorylation,-2.11097705826318,5.75222270996947e-5,manuscript-fixed programme/location/constituent-term exemplar
3,GO:0006119,microglia,CA1,1802,-0.264198898429463,FALSE,FALSE,oxidative phosphorylation,-2.11097705826318,5.75222270996947e-5,manuscript-fixed programme/location/constituent-term exemplar
3,GO:0006119,microglia,CA1,1803,-0.264397547615001,FALSE,FALSE,oxidative phosphorylation,-2.11097705826318,5.75222270996947e-5,manuscript-fixed programme/location/constituent-term exemplar
3,GO:0006119,microglia,CA1,1804,-0.264596196800539,FALSE,FALSE,oxidative phosphorylation,-2.11097705826318,5.75222270996947e-5,manuscript-fixed programme/location/constituent-term exemplar
3,GO:0006119,microglia,CA1,1805,-0.264794845986078,FALSE,FALSE,oxidative phosphorylation,-2.11097705826318,5.75222270996947e-5,manuscript-fixed programme/location/constituent-term exemplar
3,GO:0006119,microglia,CA1,1806,-0.264993495171616,FALSE,FALSE,oxidative phosphorylation,-2.11097705826318,5.75222270996947e-5,manuscript-fixed programme/location/constituent-term exemplar
3,GO:0006119,microglia,CA1,1807,-0.265192144357154,FALSE,FALSE,oxidative phosphorylation,-2.11097705826318,5.75222270996947e-5,manuscript-fixed programme/location/constituent-term exemplar
3,GO:0006119,microglia,CA1,1808,-0.265390793542693,FALSE,FALSE,oxidative phosphorylation,-2.11097705826318,5.75222270996947e-5,manuscript-fixed programme/location/constituent-term exemplar
3,GO:0006119,microglia,CA1,1809,-0.265589442728231,FALSE,FALSE,oxidative phosphorylation,-2.11097705826318,5.75222270996947e-5,manuscript-fixed programme/location/constituent-term exemplar
3,GO:0006119,microglia,CA1,1810,-0.265788091913769,FALSE,FALSE,oxidative phosphorylation,-2.11097705826318,5.75222270996947e-5,manuscript-fixed programme/location/constituent-term exemplar
3,GO:0006119,microglia,CA1,1811,-0.265986741099308,FALSE,FALSE,oxidative phosphorylation,-2.11097705826318,5.75222270996947e-5,manuscript-fixed programme/location/constituent-term exemplar
3,GO:0006119,microglia,CA1,1812,-0.266185390284846,FALSE,FALSE,oxidative phosphorylation,-2.11097705826318,5.75222270996947e-5,manuscript-fixed programme/location/constituent-term exemplar
3,GO:0006119,microglia,CA1,1813,-0.266384039470384,FALSE,FALSE,oxidative phosphorylation,-2.11097705826318,5.75222270996947e-5,manuscript-fixed programme/location/constituent-term exemplar
3,GO:0006119,microglia,CA1,1814,-0.266582688655923,FALSE,FALSE,oxidative phosphorylation,-2.11097705826318,5.75222270996947e-5,manuscript-fixed programme/location/constituent-term exemplar
3,GO:0006119,microglia,CA1,1815,-0.266781337841461,FALSE,FALSE,oxidative phosphorylation,-2.11097705826318,5.75222270996947e-5,manuscript-fixed programme/location/constituent-term exemplar
3,GO:0006119,microglia,CA1,1816,-0.266979987026999,FALSE,FALSE,oxidative phosphorylation,-2.11097705826318,5.75222270996947e-5,manuscript-fixed programme/location/constituent-term exemplar
3,GO:0006119,microglia,CA1,1817,-0.267178636212538,FALSE,FALSE,oxidative phosphorylation,-2.11097705826318,5.75222270996947e-5,manuscript-fixed programme/location/constituent-term exemplar
3,GO:0006119,microglia,CA1,1818,-0.267377285398076,FALSE,FALSE,oxidative phosphorylation,-2.11097705826318,5.75222270996947e-5,manuscript-fixed programme/location/constituent-term exemplar
3,GO:0006119,microglia,CA1,1819,-0.267575934583615,FALSE,FALSE,oxidative phosphorylation,-2.11097705826318,5.75222270996947e-5,manuscript-fixed programme/location/constituent-term exemplar
3,GO:0006119,microglia,CA1,1820,-0.267774583769153,FALSE,FALSE,oxidative phosphorylation,-2.11097705826318,5.75222270996947e-5,manuscript-fixed programme/location/constituent-term exemplar
3,GO:0006119,microglia,CA1,1821,-0.267973232954691,FALSE,FALSE,oxidative phosphorylation,-2.11097705826318,5.75222270996947e-5,manuscript-fixed programme/location/constituent-term exemplar
3,GO:0006119,microglia,CA1,1822,-0.26817188214023,FALSE,FALSE,oxidative phosphorylation,-2.11097705826318,5.75222270996947e-5,manuscript-fixed programme/location/constituent-term exemplar
3,GO:0006119,microglia,CA1,1823,-0.268370531325768,FALSE,FALSE,oxidative phosphorylation,-2.11097705826318,5.75222270996947e-5,manuscript-fixed programme/location/constituent-term exemplar
3,GO:0006119,microglia,CA1,1824,-0.268569180511306,FALSE,FALSE,oxidative phosphorylation,-2.11097705826318,5.75222270996947e-5,manuscript-fixed programme/location/constituent-term exemplar
3,GO:0006119,microglia,CA1,1825,-0.268767829696845,FALSE,FALSE,oxidative phosphorylation,-2.11097705826318,5.75222270996947e-5,manuscript-fixed programme/location/constituent-term exemplar
3,GO:0006119,microglia,CA1,1826,-0.268966478882383,FALSE,FALSE,oxidative phosphorylation,-2.11097705826318,5.75222270996947e-5,manuscript-fixed programme/location/constituent-term exemplar
3,GO:0006119,microglia,CA1,1827,-0.269165128067921,FALSE,FALSE,oxidative phosphorylation,-2.11097705826318,5.75222270996947e-5,manuscript-fixed programme/location/constituent-term exemplar
3,GO:0006119,microglia,CA1,1828,-0.26936377725346,FALSE,FALSE,oxidative phosphorylation,-2.11097705826318,5.75222270996947e-5,manuscript-fixed programme/location/constituent-term exemplar
3,GO:0006119,microglia,CA1,1829,-0.269562426438998,FALSE,FALSE,oxidative phosphorylation,-2.11097705826318,5.75222270996947e-5,manuscript-fixed programme/location/constituent-term exemplar
3,GO:0006119,microglia,CA1,1830,-0.269761075624536,FALSE,FALSE,oxidative phosphorylation,-2.11097705826318,5.75222270996947e-5,manuscript-fixed programme/location/constituent-term exemplar
3,GO:0006119,microglia,CA1,1831,-0.269959724810075,FALSE,FALSE,oxidative phosphorylation,-2.11097705826318,5.75222270996947e-5,manuscript-fixed programme/location/constituent-term exemplar
3,GO:0006119,microglia,CA1,1832,-0.270158373995613,FALSE,FALSE,oxidative phosphorylation,-2.11097705826318,5.75222270996947e-5,manuscript-fixed programme/location/constituent-term exemplar
3,GO:0006119,microglia,CA1,1833,-0.270357023181151,FALSE,FALSE,oxidative phosphorylation,-2.11097705826318,5.75222270996947e-5,manuscript-fixed programme/location/constituent-term exemplar
3,GO:0006119,microglia,CA1,1834,-0.27055567236669,FALSE,FALSE,oxidative phosphorylation,-2.11097705826318,5.75222270996947e-5,manuscript-fixed programme/location/constituent-term exemplar
3,GO:0006119,microglia,CA1,1835,-0.270754321552228,FALSE,FALSE,oxidative phosphorylation,-2.11097705826318,5.75222270996947e-5,manuscript-fixed programme/location/constituent-term exemplar
3,GO:0006119,microglia,CA1,1836,-0.270952970737766,FALSE,FALSE,oxidative phosphorylation,-2.11097705826318,5.75222270996947e-5,manuscript-fixed programme/location/constituent-term exemplar
3,GO:0006119,microglia,CA1,1837,-0.271151619923305,FALSE,FALSE,oxidative phosphorylation,-2.11097705826318,5.75222270996947e-5,manuscript-fixed programme/location/constituent-term exemplar
3,GO:0006119,microglia,CA1,1838,-0.271350269108843,FALSE,FALSE,oxidative phosphorylation,-2.11097705826318,5.75222270996947e-5,manuscript-fixed programme/location/constituent-term exemplar
3,GO:0006119,microglia,CA1,1839,-0.271548918294381,FALSE,FALSE,oxidative phosphorylation,-2.11097705826318,5.75222270996947e-5,manuscript-fixed programme/location/constituent-term exemplar
3,GO:0006119,microglia,CA1,1840,-0.27174756747992,FALSE,FALSE,oxidative phosphorylation,-2.11097705826318,5.75222270996947e-5,manuscript-fixed programme/location/constituent-term exemplar
3,GO:0006119,microglia,CA1,1841,-0.271946216665458,FALSE,FALSE,oxidative phosphorylation,-2.11097705826318,5.75222270996947e-5,manuscript-fixed programme/location/constituent-term exemplar
3,GO:0006119,microglia,CA1,1842,-0.272144865850996,FALSE,FALSE,oxidative phosphorylation,-2.11097705826318,5.75222270996947e-5,manuscript-fixed programme/location/constituent-term exemplar
3,GO:0006119,microglia,CA1,1843,-0.270770227799421,TRUE,FALSE,oxidative phosphorylation,-2.11097705826318,5.75222270996947e-5,manuscript-fixed programme/location/constituent-term exemplar
3,GO:0006119,microglia,CA1,1844,-0.27096887698496,FALSE,FALSE,oxidative phosphorylation,-2.11097705826318,5.75222270996947e-5,manuscript-fixed programme/location/constituent-term exemplar
3,GO:0006119,microglia,CA1,1845,-0.271167526170498,FALSE,FALSE,oxidative phosphorylation,-2.11097705826318,5.75222270996947e-5,manuscript-fixed programme/location/constituent-term exemplar
3,GO:0006119,microglia,CA1,1846,-0.271366175356036,FALSE,FALSE,oxidative phosphorylation,-2.11097705826318,5.75222270996947e-5,manuscript-fixed programme/location/constituent-term exemplar
3,GO:0006119,microglia,CA1,1847,-0.271564824541575,FALSE,FALSE,oxidative phosphorylation,-2.11097705826318,5.75222270996947e-5,manuscript-fixed programme/location/constituent-term exemplar
3,GO:0006119,microglia,CA1,1848,-0.271763473727113,FALSE,FALSE,oxidative phosphorylation,-2.11097705826318,5.75222270996947e-5,manuscript-fixed programme/location/constituent-term exemplar
3,GO:0006119,microglia,CA1,1849,-0.271962122912651,FALSE,FALSE,oxidative phosphorylation,-2.11097705826318,5.75222270996947e-5,manuscript-fixed programme/location/constituent-term exemplar
3,GO:0006119,microglia,CA1,1850,-0.27216077209819,FALSE,FALSE,oxidative phosphorylation,-2.11097705826318,5.75222270996947e-5,manuscript-fixed programme/location/constituent-term exemplar
3,GO:0006119,microglia,CA1,1851,-0.272359421283728,FALSE,FALSE,oxidative phosphorylation,-2.11097705826318,5.75222270996947e-5,manuscript-fixed programme/location/constituent-term exemplar
3,GO:0006119,microglia,CA1,1852,-0.272558070469266,FALSE,FALSE,oxidative phosphorylation,-2.11097705826318,5.75222270996947e-5,manuscript-fixed programme/location/constituent-term exemplar
3,GO:0006119,microglia,CA1,1853,-0.272756719654805,FALSE,FALSE,oxidative phosphorylation,-2.11097705826318,5.75222270996947e-5,manuscript-fixed programme/location/constituent-term exemplar
3,GO:0006119,microglia,CA1,1854,-0.272955368840343,FALSE,FALSE,oxidative phosphorylation,-2.11097705826318,5.75222270996947e-5,manuscript-fixed programme/location/constituent-term exemplar
3,GO:0006119,microglia,CA1,1855,-0.273154018025881,FALSE,FALSE,oxidative phosphorylation,-2.11097705826318,5.75222270996947e-5,manuscript-fixed programme/location/constituent-term exemplar
3,GO:0006119,microglia,CA1,1856,-0.27335266721142,FALSE,FALSE,oxidative phosphorylation,-2.11097705826318,5.75222270996947e-5,manuscript-fixed programme/location/constituent-term exemplar
3,GO:0006119,microglia,CA1,1857,-0.273551316396958,FALSE,FALSE,oxidative phosphorylation,-2.11097705826318,5.75222270996947e-5,manuscript-fixed programme/location/constituent-term exemplar
3,GO:0006119,microglia,CA1,1858,-0.273749965582496,FALSE,FALSE,oxidative phosphorylation,-2.11097705826318,5.75222270996947e-5,manuscript-fixed programme/location/constituent-term exemplar
3,GO:0006119,microglia,CA1,1859,-0.273948614768035,FALSE,FALSE,oxidative phosphorylation,-2.11097705826318,5.75222270996947e-5,manuscript-fixed programme/location/constituent-term exemplar
3,GO:0006119,microglia,CA1,1860,-0.274147263953573,FALSE,FALSE,oxidative phosphorylation,-2.11097705826318,5.75222270996947e-5,manuscript-fixed programme/location/constituent-term exemplar
3,GO:0006119,microglia,CA1,1861,-0.274345913139111,FALSE,FALSE,oxidative phosphorylation,-2.11097705826318,5.75222270996947e-5,manuscript-fixed programme/location/constituent-term exemplar
3,GO:0006119,microglia,CA1,1862,-0.27454456232465,FALSE,FALSE,oxidative phosphorylation,-2.11097705826318,5.75222270996947e-5,manuscript-fixed programme/location/constituent-term exemplar
3,GO:0006119,microglia,CA1,1863,-0.274743211510188,FALSE,FALSE,oxidative phosphorylation,-2.11097705826318,5.75222270996947e-5,manuscript-fixed programme/location/constituent-term exemplar
3,GO:0006119,microglia,CA1,1864,-0.274941860695726,FALSE,FALSE,oxidative phosphorylation,-2.11097705826318,5.75222270996947e-5,manuscript-fixed programme/location/constituent-term exemplar
3,GO:0006119,microglia,CA1,1865,-0.275140509881265,FALSE,FALSE,oxidative phosphorylation,-2.11097705826318,5.75222270996947e-5,manuscript-fixed programme/location/constituent-term exemplar
3,GO:0006119,microglia,CA1,1866,-0.275339159066803,FALSE,FALSE,oxidative phosphorylation,-2.11097705826318,5.75222270996947e-5,manuscript-fixed programme/location/constituent-term exemplar
3,GO:0006119,microglia,CA1,1867,-0.275537808252341,FALSE,FALSE,oxidative phosphorylation,-2.11097705826318,5.75222270996947e-5,manuscript-fixed programme/location/constituent-term exemplar
3,GO:0006119,microglia,CA1,1868,-0.27573645743788,FALSE,FALSE,oxidative phosphorylation,-2.11097705826318,5.75222270996947e-5,manuscript-fixed programme/location/constituent-term exemplar
3,GO:0006119,microglia,CA1,1869,-0.275935106623418,FALSE,FALSE,oxidative phosphorylation,-2.11097705826318,5.75222270996947e-5,manuscript-fixed programme/location/constituent-term exemplar
3,GO:0006119,microglia,CA1,1870,-0.276133755808956,FALSE,FALSE,oxidative phosphorylation,-2.11097705826318,5.75222270996947e-5,manuscript-fixed programme/location/constituent-term exemplar
3,GO:0006119,microglia,CA1,1871,-0.276332404994495,FALSE,FALSE,oxidative phosphorylation,-2.11097705826318,5.75222270996947e-5,manuscript-fixed programme/location/constituent-term exemplar
3,GO:0006119,microglia,CA1,1872,-0.276531054180033,FALSE,FALSE,oxidative phosphorylation,-2.11097705826318,5.75222270996947e-5,manuscript-fixed programme/location/constituent-term exemplar
3,GO:0006119,microglia,CA1,1873,-0.276729703365572,FALSE,FALSE,oxidative phosphorylation,-2.11097705826318,5.75222270996947e-5,manuscript-fixed programme/location/constituent-term exemplar
3,GO:0006119,microglia,CA1,1874,-0.27692835255111,FALSE,FALSE,oxidative phosphorylation,-2.11097705826318,5.75222270996947e-5,manuscript-fixed programme/location/constituent-term exemplar
3,GO:0006119,microglia,CA1,1875,-0.277127001736648,FALSE,FALSE,oxidative phosphorylation,-2.11097705826318,5.75222270996947e-5,manuscript-fixed programme/location/constituent-term exemplar
3,GO:0006119,microglia,CA1,1876,-0.277325650922187,FALSE,FALSE,oxidative phosphorylation,-2.11097705826318,5.75222270996947e-5,manuscript-fixed programme/location/constituent-term exemplar
3,GO:0006119,microglia,CA1,1877,-0.277524300107725,FALSE,FALSE,oxidative phosphorylation,-2.11097705826318,5.75222270996947e-5,manuscript-fixed programme/location/constituent-term exemplar
3,GO:0006119,microglia,CA1,1878,-0.277722949293263,FALSE,FALSE,oxidative phosphorylation,-2.11097705826318,5.75222270996947e-5,manuscript-fixed programme/location/constituent-term exemplar
3,GO:0006119,microglia,CA1,1879,-0.277921598478802,FALSE,FALSE,oxidative phosphorylation,-2.11097705826318,5.75222270996947e-5,manuscript-fixed programme/location/constituent-term exemplar
3,GO:0006119,microglia,CA1,1880,-0.27812024766434,FALSE,FALSE,oxidative phosphorylation,-2.11097705826318,5.75222270996947e-5,manuscript-fixed programme/location/constituent-term exemplar
3,GO:0006119,microglia,CA1,1881,-0.276973205386153,TRUE,FALSE,oxidative phosphorylation,-2.11097705826318,5.75222270996947e-5,manuscript-fixed programme/location/constituent-term exemplar
3,GO:0006119,microglia,CA1,1882,-0.277171854571691,FALSE,FALSE,oxidative phosphorylation,-2.11097705826318,5.75222270996947e-5,manuscript-fixed programme/location/constituent-term exemplar
3,GO:0006119,microglia,CA1,1883,-0.277370503757229,FALSE,FALSE,oxidative phosphorylation,-2.11097705826318,5.75222270996947e-5,manuscript-fixed programme/location/constituent-term exemplar
3,GO:0006119,microglia,CA1,1884,-0.277569152942768,FALSE,FALSE,oxidative phosphorylation,-2.11097705826318,5.75222270996947e-5,manuscript-fixed programme/location/constituent-term exemplar
3,GO:0006119,microglia,CA1,1885,-0.277767802128306,FALSE,FALSE,oxidative phosphorylation,-2.11097705826318,5.75222270996947e-5,manuscript-fixed programme/location/constituent-term exemplar
3,GO:0006119,microglia,CA1,1886,-0.277966451313844,FALSE,FALSE,oxidative phosphorylation,-2.11097705826318,5.75222270996947e-5,manuscript-fixed programme/location/constituent-term exemplar
3,GO:0006119,microglia,CA1,1887,-0.278165100499383,FALSE,FALSE,oxidative phosphorylation,-2.11097705826318,5.75222270996947e-5,manuscript-fixed programme/location/constituent-term exemplar
3,GO:0006119,microglia,CA1,1888,-0.278363749684921,FALSE,FALSE,oxidative phosphorylation,-2.11097705826318,5.75222270996947e-5,manuscript-fixed programme/location/constituent-term exemplar
3,GO:0006119,microglia,CA1,1889,-0.278562398870459,FALSE,FALSE,oxidative phosphorylation,-2.11097705826318,5.75222270996947e-5,manuscript-fixed programme/location/constituent-term exemplar
3,GO:0006119,microglia,CA1,1890,-0.278761048055998,FALSE,FALSE,oxidative phosphorylation,-2.11097705826318,5.75222270996947e-5,manuscript-fixed programme/location/constituent-term exemplar
3,GO:0006119,microglia,CA1,1891,-0.278959697241536,FALSE,FALSE,oxidative phosphorylation,-2.11097705826318,5.75222270996947e-5,manuscript-fixed programme/location/constituent-term exemplar
3,GO:0006119,microglia,CA1,1892,-0.279158346427074,FALSE,FALSE,oxidative phosphorylation,-2.11097705826318,5.75222270996947e-5,manuscript-fixed programme/location/constituent-term exemplar
3,GO:0006119,microglia,CA1,1893,-0.279356995612613,FALSE,FALSE,oxidative phosphorylation,-2.11097705826318,5.75222270996947e-5,manuscript-fixed programme/location/constituent-term exemplar
3,GO:0006119,microglia,CA1,1894,-0.279555644798151,FALSE,FALSE,oxidative phosphorylation,-2.11097705826318,5.75222270996947e-5,manuscript-fixed programme/location/constituent-term exemplar
3,GO:0006119,microglia,CA1,1895,-0.279754293983689,FALSE,FALSE,oxidative phosphorylation,-2.11097705826318,5.75222270996947e-5,manuscript-fixed programme/location/constituent-term exemplar
3,GO:0006119,microglia,CA1,1896,-0.279952943169228,FALSE,FALSE,oxidative phosphorylation,-2.11097705826318,5.75222270996947e-5,manuscript-fixed programme/location/constituent-term exemplar
3,GO:0006119,microglia,CA1,1897,-0.280151592354766,FALSE,FALSE,oxidative phosphorylation,-2.11097705826318,5.75222270996947e-5,manuscript-fixed programme/location/constituent-term exemplar
3,GO:0006119,microglia,CA1,1898,-0.280350241540304,FALSE,FALSE,oxidative phosphorylation,-2.11097705826318,5.75222270996947e-5,manuscript-fixed programme/location/constituent-term exemplar
3,GO:0006119,microglia,CA1,1899,-0.279307699100361,TRUE,FALSE,oxidative phosphorylation,-2.11097705826318,5.75222270996947e-5,manuscript-fixed programme/location/constituent-term exemplar
3,GO:0006119,microglia,CA1,1900,-0.279506348285899,FALSE,FALSE,oxidative phosphorylation,-2.11097705826318,5.75222270996947e-5,manuscript-fixed programme/location/constituent-term exemplar
3,GO:0006119,microglia,CA1,1901,-0.279704997471437,FALSE,FALSE,oxidative phosphorylation,-2.11097705826318,5.75222270996947e-5,manuscript-fixed programme/location/constituent-term exemplar
3,GO:0006119,microglia,CA1,1902,-0.279903646656976,FALSE,FALSE,oxidative phosphorylation,-2.11097705826318,5.75222270996947e-5,manuscript-fixed programme/location/constituent-term exemplar
3,GO:0006119,microglia,CA1,1903,-0.280102295842514,FALSE,FALSE,oxidative phosphorylation,-2.11097705826318,5.75222270996947e-5,manuscript-fixed programme/location/constituent-term exemplar
3,GO:0006119,microglia,CA1,1904,-0.280300945028052,FALSE,FALSE,oxidative phosphorylation,-2.11097705826318,5.75222270996947e-5,manuscript-fixed programme/location/constituent-term exemplar
3,GO:0006119,microglia,CA1,1905,-0.280499594213591,FALSE,FALSE,oxidative phosphorylation,-2.11097705826318,5.75222270996947e-5,manuscript-fixed programme/location/constituent-term exemplar
3,GO:0006119,microglia,CA1,1906,-0.280698243399129,FALSE,FALSE,oxidative phosphorylation,-2.11097705826318,5.75222270996947e-5,manuscript-fixed programme/location/constituent-term exemplar
3,GO:0006119,microglia,CA1,1907,-0.280896892584667,FALSE,FALSE,oxidative phosphorylation,-2.11097705826318,5.75222270996947e-5,manuscript-fixed programme/location/constituent-term exemplar
3,GO:0006119,microglia,CA1,1908,-0.281095541770206,FALSE,FALSE,oxidative phosphorylation,-2.11097705826318,5.75222270996947e-5,manuscript-fixed programme/location/constituent-term exemplar
3,GO:0006119,microglia,CA1,1909,-0.281294190955744,FALSE,FALSE,oxidative phosphorylation,-2.11097705826318,5.75222270996947e-5,manuscript-fixed programme/location/constituent-term exemplar
3,GO:0006119,microglia,CA1,1910,-0.281492840141282,FALSE,FALSE,oxidative phosphorylation,-2.11097705826318,5.75222270996947e-5,manuscript-fixed programme/location/constituent-term exemplar
3,GO:0006119,microglia,CA1,1911,-0.281691489326821,FALSE,FALSE,oxidative phosphorylation,-2.11097705826318,5.75222270996947e-5,manuscript-fixed programme/location/constituent-term exemplar
3,GO:0006119,microglia,CA1,1912,-0.281890138512359,FALSE,FALSE,oxidative phosphorylation,-2.11097705826318,5.75222270996947e-5,manuscript-fixed programme/location/constituent-term exemplar
3,GO:0006119,microglia,CA1,1913,-0.282088787697897,FALSE,FALSE,oxidative phosphorylation,-2.11097705826318,5.75222270996947e-5,manuscript-fixed programme/location/constituent-term exemplar
3,GO:0006119,microglia,CA1,1914,-0.282287436883436,FALSE,FALSE,oxidative phosphorylation,-2.11097705826318,5.75222270996947e-5,manuscript-fixed programme/location/constituent-term exemplar
3,GO:0006119,microglia,CA1,1915,-0.282486086068974,FALSE,FALSE,oxidative phosphorylation,-2.11097705826318,5.75222270996947e-5,manuscript-fixed programme/location/constituent-term exemplar
3,GO:0006119,microglia,CA1,1916,-0.282684735254512,FALSE,FALSE,oxidative phosphorylation,-2.11097705826318,5.75222270996947e-5,manuscript-fixed programme/location/constituent-term exemplar
3,GO:0006119,microglia,CA1,1917,-0.282883384440051,FALSE,FALSE,oxidative phosphorylation,-2.11097705826318,5.75222270996947e-5,manuscript-fixed programme/location/constituent-term exemplar
3,GO:0006119,microglia,CA1,1918,-0.283082033625589,FALSE,FALSE,oxidative phosphorylation,-2.11097705826318,5.75222270996947e-5,manuscript-fixed programme/location/constituent-term exemplar
3,GO:0006119,microglia,CA1,1919,-0.283280682811127,FALSE,FALSE,oxidative phosphorylation,-2.11097705826318,5.75222270996947e-5,manuscript-fixed programme/location/constituent-term exemplar
3,GO:0006119,microglia,CA1,1920,-0.283479331996666,FALSE,FALSE,oxidative phosphorylation,-2.11097705826318,5.75222270996947e-5,manuscript-fixed programme/location/constituent-term exemplar
3,GO:0006119,microglia,CA1,1921,-0.283677981182204,FALSE,FALSE,oxidative phosphorylation,-2.11097705826318,5.75222270996947e-5,manuscript-fixed programme/location/constituent-term exemplar
3,GO:0006119,microglia,CA1,1922,-0.283876630367742,FALSE,FALSE,oxidative phosphorylation,-2.11097705826318,5.75222270996947e-5,manuscript-fixed programme/location/constituent-term exemplar
3,GO:0006119,microglia,CA1,1923,-0.284075279553281,FALSE,FALSE,oxidative phosphorylation,-2.11097705826318,5.75222270996947e-5,manuscript-fixed programme/location/constituent-term exemplar
3,GO:0006119,microglia,CA1,1924,-0.284273928738819,FALSE,FALSE,oxidative phosphorylation,-2.11097705826318,5.75222270996947e-5,manuscript-fixed programme/location/constituent-term exemplar
3,GO:0006119,microglia,CA1,1925,-0.284472577924357,FALSE,FALSE,oxidative phosphorylation,-2.11097705826318,5.75222270996947e-5,manuscript-fixed programme/location/constituent-term exemplar
3,GO:0006119,microglia,CA1,1926,-0.284671227109896,FALSE,FALSE,oxidative phosphorylation,-2.11097705826318,5.75222270996947e-5,manuscript-fixed programme/location/constituent-term exemplar
3,GO:0006119,microglia,CA1,1927,-0.284869876295434,FALSE,FALSE,oxidative phosphorylation,-2.11097705826318,5.75222270996947e-5,manuscript-fixed programme/location/constituent-term exemplar
3,GO:0006119,microglia,CA1,1928,-0.285068525480973,FALSE,FALSE,oxidative phosphorylation,-2.11097705826318,5.75222270996947e-5,manuscript-fixed programme/location/constituent-term exemplar
3,GO:0006119,microglia,CA1,1929,-0.285267174666511,FALSE,FALSE,oxidative phosphorylation,-2.11097705826318,5.75222270996947e-5,manuscript-fixed programme/location/constituent-term exemplar
3,GO:0006119,microglia,CA1,1930,-0.285465823852049,FALSE,FALSE,oxidative phosphorylation,-2.11097705826318,5.75222270996947e-5,manuscript-fixed programme/location/constituent-term exemplar
3,GO:0006119,microglia,CA1,1931,-0.285664473037588,FALSE,FALSE,oxidative phosphorylation,-2.11097705826318,5.75222270996947e-5,manuscript-fixed programme/location/constituent-term exemplar
3,GO:0006119,microglia,CA1,1932,-0.285863122223126,FALSE,FALSE,oxidative phosphorylation,-2.11097705826318,5.75222270996947e-5,manuscript-fixed programme/location/constituent-term exemplar
3,GO:0006119,microglia,CA1,1933,-0.286061771408664,FALSE,FALSE,oxidative phosphorylation,-2.11097705826318,5.75222270996947e-5,manuscript-fixed programme/location/constituent-term exemplar
3,GO:0006119,microglia,CA1,1934,-0.286260420594203,FALSE,FALSE,oxidative phosphorylation,-2.11097705826318,5.75222270996947e-5,manuscript-fixed programme/location/constituent-term exemplar
3,GO:0006119,microglia,CA1,1935,-0.286459069779741,FALSE,FALSE,oxidative phosphorylation,-2.11097705826318,5.75222270996947e-5,manuscript-fixed programme/location/constituent-term exemplar
3,GO:0006119,microglia,CA1,1936,-0.286657718965279,FALSE,FALSE,oxidative phosphorylation,-2.11097705826318,5.75222270996947e-5,manuscript-fixed programme/location/constituent-term exemplar
3,GO:0006119,microglia,CA1,1937,-0.286856368150818,FALSE,FALSE,oxidative phosphorylation,-2.11097705826318,5.75222270996947e-5,manuscript-fixed programme/location/constituent-term exemplar
3,GO:0006119,microglia,CA1,1938,-0.287055017336356,FALSE,FALSE,oxidative phosphorylation,-2.11097705826318,5.75222270996947e-5,manuscript-fixed programme/location/constituent-term exemplar
3,GO:0006119,microglia,CA1,1939,-0.287253666521894,FALSE,FALSE,oxidative phosphorylation,-2.11097705826318,5.75222270996947e-5,manuscript-fixed programme/location/constituent-term exemplar
3,GO:0006119,microglia,CA1,1940,-0.287452315707433,FALSE,FALSE,oxidative phosphorylation,-2.11097705826318,5.75222270996947e-5,manuscript-fixed programme/location/constituent-term exemplar
3,GO:0006119,microglia,CA1,1941,-0.287650964892971,FALSE,FALSE,oxidative phosphorylation,-2.11097705826318,5.75222270996947e-5,manuscript-fixed programme/location/constituent-term exemplar
3,GO:0006119,microglia,CA1,1942,-0.287849614078509,FALSE,FALSE,oxidative phosphorylation,-2.11097705826318,5.75222270996947e-5,manuscript-fixed programme/location/constituent-term exemplar
3,GO:0006119,microglia,CA1,1943,-0.288048263264048,FALSE,FALSE,oxidative phosphorylation,-2.11097705826318,5.75222270996947e-5,manuscript-fixed programme/location/constituent-term exemplar
3,GO:0006119,microglia,CA1,1944,-0.288246912449586,FALSE,FALSE,oxidative phosphorylation,-2.11097705826318,5.75222270996947e-5,manuscript-fixed programme/location/constituent-term exemplar
3,GO:0006119,microglia,CA1,1945,-0.288445561635124,FALSE,FALSE,oxidative phosphorylation,-2.11097705826318,5.75222270996947e-5,manuscript-fixed programme/location/constituent-term exemplar
3,GO:0006119,microglia,CA1,1946,-0.288644210820663,FALSE,FALSE,oxidative phosphorylation,-2.11097705826318,5.75222270996947e-5,manuscript-fixed programme/location/constituent-term exemplar
3,GO:0006119,microglia,CA1,1947,-0.288842860006201,FALSE,FALSE,oxidative phosphorylation,-2.11097705826318,5.75222270996947e-5,manuscript-fixed programme/location/constituent-term exemplar
3,GO:0006119,microglia,CA1,1948,-0.289041509191739,FALSE,FALSE,oxidative phosphorylation,-2.11097705826318,5.75222270996947e-5,manuscript-fixed programme/location/constituent-term exemplar
3,GO:0006119,microglia,CA1,1949,-0.289240158377278,FALSE,FALSE,oxidative phosphorylation,-2.11097705826318,5.75222270996947e-5,manuscript-fixed programme/location/constituent-term exemplar
3,GO:0006119,microglia,CA1,1950,-0.289438807562816,FALSE,FALSE,oxidative phosphorylation,-2.11097705826318,5.75222270996947e-5,manuscript-fixed programme/location/constituent-term exemplar
3,GO:0006119,microglia,CA1,1951,-0.289637456748354,FALSE,FALSE,oxidative phosphorylation,-2.11097705826318,5.75222270996947e-5,manuscript-fixed programme/location/constituent-term exemplar
3,GO:0006119,microglia,CA1,1952,-0.289836105933893,FALSE,FALSE,oxidative phosphorylation,-2.11097705826318,5.75222270996947e-5,manuscript-fixed programme/location/constituent-term exemplar
3,GO:0006119,microglia,CA1,1953,-0.290034755119431,FALSE,FALSE,oxidative phosphorylation,-2.11097705826318,5.75222270996947e-5,manuscript-fixed programme/location/constituent-term exemplar
3,GO:0006119,microglia,CA1,1954,-0.290233404304969,FALSE,FALSE,oxidative phosphorylation,-2.11097705826318,5.75222270996947e-5,manuscript-fixed programme/location/constituent-term exemplar
3,GO:0006119,microglia,CA1,1955,-0.290432053490508,FALSE,FALSE,oxidative phosphorylation,-2.11097705826318,5.75222270996947e-5,manuscript-fixed programme/location/constituent-term exemplar
3,GO:0006119,microglia,CA1,1956,-0.290630702676046,FALSE,FALSE,oxidative phosphorylation,-2.11097705826318,5.75222270996947e-5,manuscript-fixed programme/location/constituent-term exemplar
3,GO:0006119,microglia,CA1,1957,-0.290829351861584,FALSE,FALSE,oxidative phosphorylation,-2.11097705826318,5.75222270996947e-5,manuscript-fixed programme/location/constituent-term exemplar
3,GO:0006119,microglia,CA1,1958,-0.291028001047123,FALSE,FALSE,oxidative phosphorylation,-2.11097705826318,5.75222270996947e-5,manuscript-fixed programme/location/constituent-term exemplar
3,GO:0006119,microglia,CA1,1959,-0.291226650232661,FALSE,FALSE,oxidative phosphorylation,-2.11097705826318,5.75222270996947e-5,manuscript-fixed programme/location/constituent-term exemplar
3,GO:0006119,microglia,CA1,1960,-0.291425299418199,FALSE,FALSE,oxidative phosphorylation,-2.11097705826318,5.75222270996947e-5,manuscript-fixed programme/location/constituent-term exemplar
3,GO:0006119,microglia,CA1,1961,-0.291623948603738,FALSE,FALSE,oxidative phosphorylation,-2.11097705826318,5.75222270996947e-5,manuscript-fixed programme/location/constituent-term exemplar
3,GO:0006119,microglia,CA1,1962,-0.291822597789276,FALSE,FALSE,oxidative phosphorylation,-2.11097705826318,5.75222270996947e-5,manuscript-fixed programme/location/constituent-term exemplar
3,GO:0006119,microglia,CA1,1963,-0.292021246974814,FALSE,FALSE,oxidative phosphorylation,-2.11097705826318,5.75222270996947e-5,manuscript-fixed programme/location/constituent-term exemplar
3,GO:0006119,microglia,CA1,1964,-0.292219896160353,FALSE,FALSE,oxidative phosphorylation,-2.11097705826318,5.75222270996947e-5,manuscript-fixed programme/location/constituent-term exemplar
3,GO:0006119,microglia,CA1,1965,-0.292418545345891,FALSE,FALSE,oxidative phosphorylation,-2.11097705826318,5.75222270996947e-5,manuscript-fixed programme/location/constituent-term exemplar
3,GO:0006119,microglia,CA1,1966,-0.292617194531429,FALSE,FALSE,oxidative phosphorylation,-2.11097705826318,5.75222270996947e-5,manuscript-fixed programme/location/constituent-term exemplar
3,GO:0006119,microglia,CA1,1967,-0.292815843716968,FALSE,FALSE,oxidative phosphorylation,-2.11097705826318,5.75222270996947e-5,manuscript-fixed programme/location/constituent-term exemplar
3,GO:0006119,microglia,CA1,1968,-0.293014492902506,FALSE,FALSE,oxidative phosphorylation,-2.11097705826318,5.75222270996947e-5,manuscript-fixed programme/location/constituent-term exemplar
3,GO:0006119,microglia,CA1,1969,-0.293213142088044,FALSE,FALSE,oxidative phosphorylation,-2.11097705826318,5.75222270996947e-5,manuscript-fixed programme/location/constituent-term exemplar
3,GO:0006119,microglia,CA1,1970,-0.293411791273583,FALSE,FALSE,oxidative phosphorylation,-2.11097705826318,5.75222270996947e-5,manuscript-fixed programme/location/constituent-term exemplar
3,GO:0006119,microglia,CA1,1971,-0.293610440459121,FALSE,FALSE,oxidative phosphorylation,-2.11097705826318,5.75222270996947e-5,manuscript-fixed programme/location/constituent-term exemplar
3,GO:0006119,microglia,CA1,1972,-0.293809089644659,FALSE,FALSE,oxidative phosphorylation,-2.11097705826318,5.75222270996947e-5,manuscript-fixed programme/location/constituent-term exemplar
3,GO:0006119,microglia,CA1,1973,-0.294007738830198,FALSE,FALSE,oxidative phosphorylation,-2.11097705826318,5.75222270996947e-5,manuscript-fixed programme/location/constituent-term exemplar
3,GO:0006119,microglia,CA1,1974,-0.294206388015736,FALSE,FALSE,oxidative phosphorylation,-2.11097705826318,5.75222270996947e-5,manuscript-fixed programme/location/constituent-term exemplar
3,GO:0006119,microglia,CA1,1975,-0.294405037201274,FALSE,FALSE,oxidative phosphorylation,-2.11097705826318,5.75222270996947e-5,manuscript-fixed programme/location/constituent-term exemplar
3,GO:0006119,microglia,CA1,1976,-0.294603686386813,FALSE,FALSE,oxidative phosphorylation,-2.11097705826318,5.75222270996947e-5,manuscript-fixed programme/location/constituent-term exemplar
3,GO:0006119,microglia,CA1,1977,-0.294802335572351,FALSE,FALSE,oxidative phosphorylation,-2.11097705826318,5.75222270996947e-5,manuscript-fixed programme/location/constituent-term exemplar
3,GO:0006119,microglia,CA1,1978,-0.295000984757889,FALSE,FALSE,oxidative phosphorylation,-2.11097705826318,5.75222270996947e-5,manuscript-fixed programme/location/constituent-term exemplar
3,GO:0006119,microglia,CA1,1979,-0.295199633943428,FALSE,FALSE,oxidative phosphorylation,-2.11097705826318,5.75222270996947e-5,manuscript-fixed programme/location/constituent-term exemplar
3,GO:0006119,microglia,CA1,1980,-0.295398283128966,FALSE,FALSE,oxidative phosphorylation,-2.11097705826318,5.75222270996947e-5,manuscript-fixed programme/location/constituent-term exemplar
3,GO:0006119,microglia,CA1,1981,-0.295596932314504,FALSE,FALSE,oxidative phosphorylation,-2.11097705826318,5.75222270996947e-5,manuscript-fixed programme/location/constituent-term exemplar
3,GO:0006119,microglia,CA1,1982,-0.295795581500043,FALSE,FALSE,oxidative phosphorylation,-2.11097705826318,5.75222270996947e-5,manuscript-fixed programme/location/constituent-term exemplar
3,GO:0006119,microglia,CA1,1983,-0.295994230685581,FALSE,FALSE,oxidative phosphorylation,-2.11097705826318,5.75222270996947e-5,manuscript-fixed programme/location/constituent-term exemplar
3,GO:0006119,microglia,CA1,1984,-0.296192879871119,FALSE,FALSE,oxidative phosphorylation,-2.11097705826318,5.75222270996947e-5,manuscript-fixed programme/location/constituent-term exemplar
3,GO:0006119,microglia,CA1,1985,-0.296391529056658,FALSE,FALSE,oxidative phosphorylation,-2.11097705826318,5.75222270996947e-5,manuscript-fixed programme/location/constituent-term exemplar
3,GO:0006119,microglia,CA1,1986,-0.296590178242196,FALSE,FALSE,oxidative phosphorylation,-2.11097705826318,5.75222270996947e-5,manuscript-fixed programme/location/constituent-term exemplar
3,GO:0006119,microglia,CA1,1987,-0.296788827427734,FALSE,FALSE,oxidative phosphorylation,-2.11097705826318,5.75222270996947e-5,manuscript-fixed programme/location/constituent-term exemplar
3,GO:0006119,microglia,CA1,1988,-0.296987476613273,FALSE,FALSE,oxidative phosphorylation,-2.11097705826318,5.75222270996947e-5,manuscript-fixed programme/location/constituent-term exemplar
3,GO:0006119,microglia,CA1,1989,-0.297186125798811,FALSE,FALSE,oxidative phosphorylation,-2.11097705826318,5.75222270996947e-5,manuscript-fixed programme/location/constituent-term exemplar
3,GO:0006119,microglia,CA1,1990,-0.29738477498435,FALSE,FALSE,oxidative phosphorylation,-2.11097705826318,5.75222270996947e-5,manuscript-fixed programme/location/constituent-term exemplar
3,GO:0006119,microglia,CA1,1991,-0.297583424169888,FALSE,FALSE,oxidative phosphorylation,-2.11097705826318,5.75222270996947e-5,manuscript-fixed programme/location/constituent-term exemplar
3,GO:0006119,microglia,CA1,1992,-0.297782073355426,FALSE,FALSE,oxidative phosphorylation,-2.11097705826318,5.75222270996947e-5,manuscript-fixed programme/location/constituent-term exemplar
3,GO:0006119,microglia,CA1,1993,-0.297980722540965,FALSE,FALSE,oxidative phosphorylation,-2.11097705826318,5.75222270996947e-5,manuscript-fixed programme/location/constituent-term exemplar
3,GO:0006119,microglia,CA1,1994,-0.298179371726503,FALSE,FALSE,oxidative phosphorylation,-2.11097705826318,5.75222270996947e-5,manuscript-fixed programme/location/constituent-term exemplar
3,GO:0006119,microglia,CA1,1995,-0.298378020912041,FALSE,FALSE,oxidative phosphorylation,-2.11097705826318,5.75222270996947e-5,manuscript-fixed programme/location/constituent-term exemplar
3,GO:0006119,microglia,CA1,1996,-0.29857667009758,FALSE,FALSE,oxidative phosphorylation,-2.11097705826318,5.75222270996947e-5,manuscript-fixed programme/location/constituent-term exemplar
3,GO:0006119,microglia,CA1,1997,-0.298775319283118,FALSE,FALSE,oxidative phosphorylation,-2.11097705826318,5.75222270996947e-5,manuscript-fixed programme/location/constituent-term exemplar
3,GO:0006119,microglia,CA1,1998,-0.298973968468656,FALSE,FALSE,oxidative phosphorylation,-2.11097705826318,5.75222270996947e-5,manuscript-fixed programme/location/constituent-term exemplar
3,GO:0006119,microglia,CA1,1999,-0.299172617654195,FALSE,FALSE,oxidative phosphorylation,-2.11097705826318,5.75222270996947e-5,manuscript-fixed programme/location/constituent-term exemplar
3,GO:0006119,microglia,CA1,2000,-0.299371266839733,FALSE,FALSE,oxidative phosphorylation,-2.11097705826318,5.75222270996947e-5,manuscript-fixed programme/location/constituent-term exemplar
3,GO:0006119,microglia,CA1,2001,-0.299569916025271,FALSE,FALSE,oxidative phosphorylation,-2.11097705826318,5.75222270996947e-5,manuscript-fixed programme/location/constituent-term exemplar
3,GO:0006119,microglia,CA1,2002,-0.29976856521081,FALSE,FALSE,oxidative phosphorylation,-2.11097705826318,5.75222270996947e-5,manuscript-fixed programme/location/constituent-term exemplar
3,GO:0006119,microglia,CA1,2003,-0.299967214396348,FALSE,FALSE,oxidative phosphorylation,-2.11097705826318,5.75222270996947e-5,manuscript-fixed programme/location/constituent-term exemplar
3,GO:0006119,microglia,CA1,2004,-0.300165863581886,FALSE,FALSE,oxidative phosphorylation,-2.11097705826318,5.75222270996947e-5,manuscript-fixed programme/location/constituent-term exemplar
3,GO:0006119,microglia,CA1,2005,-0.300364512767425,FALSE,FALSE,oxidative phosphorylation,-2.11097705826318,5.75222270996947e-5,manuscript-fixed programme/location/constituent-term exemplar
3,GO:0006119,microglia,CA1,2006,-0.300563161952963,FALSE,FALSE,oxidative phosphorylation,-2.11097705826318,5.75222270996947e-5,manuscript-fixed programme/location/constituent-term exemplar
3,GO:0006119,microglia,CA1,2007,-0.300761811138501,FALSE,FALSE,oxidative phosphorylation,-2.11097705826318,5.75222270996947e-5,manuscript-fixed programme/location/constituent-term exemplar
3,GO:0006119,microglia,CA1,2008,-0.30096046032404,FALSE,FALSE,oxidative phosphorylation,-2.11097705826318,5.75222270996947e-5,manuscript-fixed programme/location/constituent-term exemplar
3,GO:0006119,microglia,CA1,2009,-0.301159109509578,FALSE,FALSE,oxidative phosphorylation,-2.11097705826318,5.75222270996947e-5,manuscript-fixed programme/location/constituent-term exemplar
3,GO:0006119,microglia,CA1,2010,-0.301357758695116,FALSE,FALSE,oxidative phosphorylation,-2.11097705826318,5.75222270996947e-5,manuscript-fixed programme/location/constituent-term exemplar
3,GO:0006119,microglia,CA1,2011,-0.301556407880655,FALSE,FALSE,oxidative phosphorylation,-2.11097705826318,5.75222270996947e-5,manuscript-fixed programme/location/constituent-term exemplar
3,GO:0006119,microglia,CA1,2012,-0.301755057066193,FALSE,FALSE,oxidative phosphorylation,-2.11097705826318,5.75222270996947e-5,manuscript-fixed programme/location/constituent-term exemplar
3,GO:0006119,microglia,CA1,2013,-0.301953706251731,FALSE,FALSE,oxidative phosphorylation,-2.11097705826318,5.75222270996947e-5,manuscript-fixed programme/location/constituent-term exemplar
3,GO:0006119,microglia,CA1,2014,-0.30215235543727,FALSE,FALSE,oxidative phosphorylation,-2.11097705826318,5.75222270996947e-5,manuscript-fixed programme/location/constituent-term exemplar
3,GO:0006119,microglia,CA1,2015,-0.302351004622808,FALSE,FALSE,oxidative phosphorylation,-2.11097705826318,5.75222270996947e-5,manuscript-fixed programme/location/constituent-term exemplar
3,GO:0006119,microglia,CA1,2016,-0.302549653808346,FALSE,FALSE,oxidative phosphorylation,-2.11097705826318,5.75222270996947e-5,manuscript-fixed programme/location/constituent-term exemplar
3,GO:0006119,microglia,CA1,2017,-0.302748302993885,FALSE,FALSE,oxidative phosphorylation,-2.11097705826318,5.75222270996947e-5,manuscript-fixed programme/location/constituent-term exemplar
3,GO:0006119,microglia,CA1,2018,-0.302946952179423,FALSE,FALSE,oxidative phosphorylation,-2.11097705826318,5.75222270996947e-5,manuscript-fixed programme/location/constituent-term exemplar
3,GO:0006119,microglia,CA1,2019,-0.303145601364961,FALSE,FALSE,oxidative phosphorylation,-2.11097705826318,5.75222270996947e-5,manuscript-fixed programme/location/constituent-term exemplar
3,GO:0006119,microglia,CA1,2020,-0.3033442505505,FALSE,FALSE,oxidative phosphorylation,-2.11097705826318,5.75222270996947e-5,manuscript-fixed programme/location/constituent-term exemplar
3,GO:0006119,microglia,CA1,2021,-0.303542899736038,FALSE,FALSE,oxidative phosphorylation,-2.11097705826318,5.75222270996947e-5,manuscript-fixed programme/location/constituent-term exemplar
3,GO:0006119,microglia,CA1,2022,-0.303741548921576,FALSE,FALSE,oxidative phosphorylation,-2.11097705826318,5.75222270996947e-5,manuscript-fixed programme/location/constituent-term exemplar
3,GO:0006119,microglia,CA1,2023,-0.303940198107115,FALSE,FALSE,oxidative phosphorylation,-2.11097705826318,5.75222270996947e-5,manuscript-fixed programme/location/constituent-term exemplar
3,GO:0006119,microglia,CA1,2024,-0.303461279508152,TRUE,FALSE,oxidative phosphorylation,-2.11097705826318,5.75222270996947e-5,manuscript-fixed programme/location/constituent-term exemplar
3,GO:0006119,microglia,CA1,2025,-0.30365992869369,FALSE,FALSE,oxidative phosphorylation,-2.11097705826318,5.75222270996947e-5,manuscript-fixed programme/location/constituent-term exemplar
3,GO:0006119,microglia,CA1,2026,-0.303858577879229,FALSE,FALSE,oxidative phosphorylation,-2.11097705826318,5.75222270996947e-5,manuscript-fixed programme/location/constituent-term exemplar
3,GO:0006119,microglia,CA1,2027,-0.304057227064767,FALSE,FALSE,oxidative phosphorylation,-2.11097705826318,5.75222270996947e-5,manuscript-fixed programme/location/constituent-term exemplar
3,GO:0006119,microglia,CA1,2028,-0.304255876250305,FALSE,FALSE,oxidative phosphorylation,-2.11097705826318,5.75222270996947e-5,manuscript-fixed programme/location/constituent-term exemplar
3,GO:0006119,microglia,CA1,2029,-0.304454525435844,FALSE,FALSE,oxidative phosphorylation,-2.11097705826318,5.75222270996947e-5,manuscript-fixed programme/location/constituent-term exemplar
3,GO:0006119,microglia,CA1,2030,-0.304653174621382,FALSE,FALSE,oxidative phosphorylation,-2.11097705826318,5.75222270996947e-5,manuscript-fixed programme/location/constituent-term exemplar
3,GO:0006119,microglia,CA1,2031,-0.30485182380692,FALSE,FALSE,oxidative phosphorylation,-2.11097705826318,5.75222270996947e-5,manuscript-fixed programme/location/constituent-term exemplar
3,GO:0006119,microglia,CA1,2032,-0.305050472992459,FALSE,FALSE,oxidative phosphorylation,-2.11097705826318,5.75222270996947e-5,manuscript-fixed programme/location/constituent-term exemplar
3,GO:0006119,microglia,CA1,2033,-0.305249122177997,FALSE,FALSE,oxidative phosphorylation,-2.11097705826318,5.75222270996947e-5,manuscript-fixed programme/location/constituent-term exemplar
3,GO:0006119,microglia,CA1,2034,-0.305447771363535,FALSE,FALSE,oxidative phosphorylation,-2.11097705826318,5.75222270996947e-5,manuscript-fixed programme/location/constituent-term exemplar
3,GO:0006119,microglia,CA1,2035,-0.305646420549074,FALSE,FALSE,oxidative phosphorylation,-2.11097705826318,5.75222270996947e-5,manuscript-fixed programme/location/constituent-term exemplar
3,GO:0006119,microglia,CA1,2036,-0.305845069734612,FALSE,FALSE,oxidative phosphorylation,-2.11097705826318,5.75222270996947e-5,manuscript-fixed programme/location/constituent-term exemplar
3,GO:0006119,microglia,CA1,2037,-0.30604371892015,FALSE,FALSE,oxidative phosphorylation,-2.11097705826318,5.75222270996947e-5,manuscript-fixed programme/location/constituent-term exemplar
3,GO:0006119,microglia,CA1,2038,-0.306242368105689,FALSE,FALSE,oxidative phosphorylation,-2.11097705826318,5.75222270996947e-5,manuscript-fixed programme/location/constituent-term exemplar
3,GO:0006119,microglia,CA1,2039,-0.306441017291227,FALSE,FALSE,oxidative phosphorylation,-2.11097705826318,5.75222270996947e-5,manuscript-fixed programme/location/constituent-term exemplar
3,GO:0006119,microglia,CA1,2040,-0.306639666476765,FALSE,FALSE,oxidative phosphorylation,-2.11097705826318,5.75222270996947e-5,manuscript-fixed programme/location/constituent-term exemplar
3,GO:0006119,microglia,CA1,2041,-0.306838315662304,FALSE,FALSE,oxidative phosphorylation,-2.11097705826318,5.75222270996947e-5,manuscript-fixed programme/location/constituent-term exemplar
3,GO:0006119,microglia,CA1,2042,-0.307036964847842,FALSE,FALSE,oxidative phosphorylation,-2.11097705826318,5.75222270996947e-5,manuscript-fixed programme/location/constituent-term exemplar
3,GO:0006119,microglia,CA1,2043,-0.30723561403338,FALSE,FALSE,oxidative phosphorylation,-2.11097705826318,5.75222270996947e-5,manuscript-fixed programme/location/constituent-term exemplar
3,GO:0006119,microglia,CA1,2044,-0.307434263218919,FALSE,FALSE,oxidative phosphorylation,-2.11097705826318,5.75222270996947e-5,manuscript-fixed programme/location/constituent-term exemplar
3,GO:0006119,microglia,CA1,2045,-0.307632912404457,FALSE,FALSE,oxidative phosphorylation,-2.11097705826318,5.75222270996947e-5,manuscript-fixed programme/location/constituent-term exemplar
3,GO:0006119,microglia,CA1,2046,-0.307831561589995,FALSE,FALSE,oxidative phosphorylation,-2.11097705826318,5.75222270996947e-5,manuscript-fixed programme/location/constituent-term exemplar
3,GO:0006119,microglia,CA1,2047,-0.308030210775534,FALSE,FALSE,oxidative phosphorylation,-2.11097705826318,5.75222270996947e-5,manuscript-fixed programme/location/constituent-term exemplar
3,GO:0006119,microglia,CA1,2048,-0.308228859961072,FALSE,FALSE,oxidative phosphorylation,-2.11097705826318,5.75222270996947e-5,manuscript-fixed programme/location/constituent-term exemplar
3,GO:0006119,microglia,CA1,2049,-0.30842750914661,FALSE,FALSE,oxidative phosphorylation,-2.11097705826318,5.75222270996947e-5,manuscript-fixed programme/location/constituent-term exemplar
3,GO:0006119,microglia,CA1,2050,-0.308626158332149,FALSE,FALSE,oxidative phosphorylation,-2.11097705826318,5.75222270996947e-5,manuscript-fixed programme/location/constituent-term exemplar
3,GO:0006119,microglia,CA1,2051,-0.308824807517687,FALSE,FALSE,oxidative phosphorylation,-2.11097705826318,5.75222270996947e-5,manuscript-fixed programme/location/constituent-term exemplar
3,GO:0006119,microglia,CA1,2052,-0.309023456703225,FALSE,FALSE,oxidative phosphorylation,-2.11097705826318,5.75222270996947e-5,manuscript-fixed programme/location/constituent-term exemplar
3,GO:0006119,microglia,CA1,2053,-0.309222105888764,FALSE,FALSE,oxidative phosphorylation,-2.11097705826318,5.75222270996947e-5,manuscript-fixed programme/location/constituent-term exemplar
3,GO:0006119,microglia,CA1,2054,-0.309420755074302,FALSE,FALSE,oxidative phosphorylation,-2.11097705826318,5.75222270996947e-5,manuscript-fixed programme/location/constituent-term exemplar
3,GO:0006119,microglia,CA1,2055,-0.30961940425984,FALSE,FALSE,oxidative phosphorylation,-2.11097705826318,5.75222270996947e-5,manuscript-fixed programme/location/constituent-term exemplar
3,GO:0006119,microglia,CA1,2056,-0.309818053445379,FALSE,FALSE,oxidative phosphorylation,-2.11097705826318,5.75222270996947e-5,manuscript-fixed programme/location/constituent-term exemplar
3,GO:0006119,microglia,CA1,2057,-0.310016702630917,FALSE,FALSE,oxidative phosphorylation,-2.11097705826318,5.75222270996947e-5,manuscript-fixed programme/location/constituent-term exemplar
3,GO:0006119,microglia,CA1,2058,-0.310215351816455,FALSE,FALSE,oxidative phosphorylation,-2.11097705826318,5.75222270996947e-5,manuscript-fixed programme/location/constituent-term exemplar
3,GO:0006119,microglia,CA1,2059,-0.310414001001994,FALSE,FALSE,oxidative phosphorylation,-2.11097705826318,5.75222270996947e-5,manuscript-fixed programme/location/constituent-term exemplar
3,GO:0006119,microglia,CA1,2060,-0.310612650187532,FALSE,FALSE,oxidative phosphorylation,-2.11097705826318,5.75222270996947e-5,manuscript-fixed programme/location/constituent-term exemplar
3,GO:0006119,microglia,CA1,2061,-0.31081129937307,FALSE,FALSE,oxidative phosphorylation,-2.11097705826318,5.75222270996947e-5,manuscript-fixed programme/location/constituent-term exemplar
3,GO:0006119,microglia,CA1,2062,-0.311009948558609,FALSE,FALSE,oxidative phosphorylation,-2.11097705826318,5.75222270996947e-5,manuscript-fixed programme/location/constituent-term exemplar
3,GO:0006119,microglia,CA1,2063,-0.311208597744147,FALSE,FALSE,oxidative phosphorylation,-2.11097705826318,5.75222270996947e-5,manuscript-fixed programme/location/constituent-term exemplar
3,GO:0006119,microglia,CA1,2064,-0.311407246929685,FALSE,FALSE,oxidative phosphorylation,-2.11097705826318,5.75222270996947e-5,manuscript-fixed programme/location/constituent-term exemplar
3,GO:0006119,microglia,CA1,2065,-0.311605896115224,FALSE,FALSE,oxidative phosphorylation,-2.11097705826318,5.75222270996947e-5,manuscript-fixed programme/location/constituent-term exemplar
3,GO:0006119,microglia,CA1,2066,-0.311804545300762,FALSE,FALSE,oxidative phosphorylation,-2.11097705826318,5.75222270996947e-5,manuscript-fixed programme/location/constituent-term exemplar
3,GO:0006119,microglia,CA1,2067,-0.3120031944863,FALSE,FALSE,oxidative phosphorylation,-2.11097705826318,5.75222270996947e-5,manuscript-fixed programme/location/constituent-term exemplar
3,GO:0006119,microglia,CA1,2068,-0.312201843671839,FALSE,FALSE,oxidative phosphorylation,-2.11097705826318,5.75222270996947e-5,manuscript-fixed programme/location/constituent-term exemplar
3,GO:0006119,microglia,CA1,2069,-0.312400492857377,FALSE,FALSE,oxidative phosphorylation,-2.11097705826318,5.75222270996947e-5,manuscript-fixed programme/location/constituent-term exemplar
3,GO:0006119,microglia,CA1,2070,-0.312599142042915,FALSE,FALSE,oxidative phosphorylation,-2.11097705826318,5.75222270996947e-5,manuscript-fixed programme/location/constituent-term exemplar
3,GO:0006119,microglia,CA1,2071,-0.312797791228454,FALSE,FALSE,oxidative phosphorylation,-2.11097705826318,5.75222270996947e-5,manuscript-fixed programme/location/constituent-term exemplar
3,GO:0006119,microglia,CA1,2072,-0.312996440413992,FALSE,FALSE,oxidative phosphorylation,-2.11097705826318,5.75222270996947e-5,manuscript-fixed programme/location/constituent-term exemplar
3,GO:0006119,microglia,CA1,2073,-0.31319508959953,FALSE,FALSE,oxidative phosphorylation,-2.11097705826318,5.75222270996947e-5,manuscript-fixed programme/location/constituent-term exemplar
3,GO:0006119,microglia,CA1,2074,-0.313393738785069,FALSE,FALSE,oxidative phosphorylation,-2.11097705826318,5.75222270996947e-5,manuscript-fixed programme/location/constituent-term exemplar
3,GO:0006119,microglia,CA1,2075,-0.313592387970607,FALSE,FALSE,oxidative phosphorylation,-2.11097705826318,5.75222270996947e-5,manuscript-fixed programme/location/constituent-term exemplar
3,GO:0006119,microglia,CA1,2076,-0.313791037156145,FALSE,FALSE,oxidative phosphorylation,-2.11097705826318,5.75222270996947e-5,manuscript-fixed programme/location/constituent-term exemplar
3,GO:0006119,microglia,CA1,2077,-0.313989686341684,FALSE,FALSE,oxidative phosphorylation,-2.11097705826318,5.75222270996947e-5,manuscript-fixed programme/location/constituent-term exemplar
3,GO:0006119,microglia,CA1,2078,-0.314188335527222,FALSE,FALSE,oxidative phosphorylation,-2.11097705826318,5.75222270996947e-5,manuscript-fixed programme/location/constituent-term exemplar
3,GO:0006119,microglia,CA1,2079,-0.31438698471276,FALSE,FALSE,oxidative phosphorylation,-2.11097705826318,5.75222270996947e-5,manuscript-fixed programme/location/constituent-term exemplar
3,GO:0006119,microglia,CA1,2080,-0.314585633898299,FALSE,FALSE,oxidative phosphorylation,-2.11097705826318,5.75222270996947e-5,manuscript-fixed programme/location/constituent-term exemplar
3,GO:0006119,microglia,CA1,2081,-0.314784283083837,FALSE,FALSE,oxidative phosphorylation,-2.11097705826318,5.75222270996947e-5,manuscript-fixed programme/location/constituent-term exemplar
3,GO:0006119,microglia,CA1,2082,-0.314982932269376,FALSE,FALSE,oxidative phosphorylation,-2.11097705826318,5.75222270996947e-5,manuscript-fixed programme/location/constituent-term exemplar
3,GO:0006119,microglia,CA1,2083,-0.315181581454914,FALSE,FALSE,oxidative phosphorylation,-2.11097705826318,5.75222270996947e-5,manuscript-fixed programme/location/constituent-term exemplar
3,GO:0006119,microglia,CA1,2084,-0.315380230640452,FALSE,FALSE,oxidative phosphorylation,-2.11097705826318,5.75222270996947e-5,manuscript-fixed programme/location/constituent-term exemplar
3,GO:0006119,microglia,CA1,2085,-0.315578879825991,FALSE,FALSE,oxidative phosphorylation,-2.11097705826318,5.75222270996947e-5,manuscript-fixed programme/location/constituent-term exemplar
3,GO:0006119,microglia,CA1,2086,-0.315777529011529,FALSE,FALSE,oxidative phosphorylation,-2.11097705826318,5.75222270996947e-5,manuscript-fixed programme/location/constituent-term exemplar
3,GO:0006119,microglia,CA1,2087,-0.315976178197067,FALSE,FALSE,oxidative phosphorylation,-2.11097705826318,5.75222270996947e-5,manuscript-fixed programme/location/constituent-term exemplar
3,GO:0006119,microglia,CA1,2088,-0.316174827382606,FALSE,FALSE,oxidative phosphorylation,-2.11097705826318,5.75222270996947e-5,manuscript-fixed programme/location/constituent-term exemplar
3,GO:0006119,microglia,CA1,2089,-0.316373476568144,FALSE,FALSE,oxidative phosphorylation,-2.11097705826318,5.75222270996947e-5,manuscript-fixed programme/location/constituent-term exemplar
3,GO:0006119,microglia,CA1,2090,-0.316572125753682,FALSE,FALSE,oxidative phosphorylation,-2.11097705826318,5.75222270996947e-5,manuscript-fixed programme/location/constituent-term exemplar
3,GO:0006119,microglia,CA1,2091,-0.316770774939221,FALSE,FALSE,oxidative phosphorylation,-2.11097705826318,5.75222270996947e-5,manuscript-fixed programme/location/constituent-term exemplar
3,GO:0006119,microglia,CA1,2092,-0.316969424124759,FALSE,FALSE,oxidative phosphorylation,-2.11097705826318,5.75222270996947e-5,manuscript-fixed programme/location/constituent-term exemplar
3,GO:0006119,microglia,CA1,2093,-0.317168073310297,FALSE,FALSE,oxidative phosphorylation,-2.11097705826318,5.75222270996947e-5,manuscript-fixed programme/location/constituent-term exemplar
3,GO:0006119,microglia,CA1,2094,-0.317366722495836,FALSE,FALSE,oxidative phosphorylation,-2.11097705826318,5.75222270996947e-5,manuscript-fixed programme/location/constituent-term exemplar
3,GO:0006119,microglia,CA1,2095,-0.317565371681374,FALSE,FALSE,oxidative phosphorylation,-2.11097705826318,5.75222270996947e-5,manuscript-fixed programme/location/constituent-term exemplar
3,GO:0006119,microglia,CA1,2096,-0.317764020866912,FALSE,FALSE,oxidative phosphorylation,-2.11097705826318,5.75222270996947e-5,manuscript-fixed programme/location/constituent-term exemplar
3,GO:0006119,microglia,CA1,2097,-0.317962670052451,FALSE,FALSE,oxidative phosphorylation,-2.11097705826318,5.75222270996947e-5,manuscript-fixed programme/location/constituent-term exemplar
3,GO:0006119,microglia,CA1,2098,-0.318161319237989,FALSE,FALSE,oxidative phosphorylation,-2.11097705826318,5.75222270996947e-5,manuscript-fixed programme/location/constituent-term exemplar
3,GO:0006119,microglia,CA1,2099,-0.318359968423527,FALSE,FALSE,oxidative phosphorylation,-2.11097705826318,5.75222270996947e-5,manuscript-fixed programme/location/constituent-term exemplar
3,GO:0006119,microglia,CA1,2100,-0.318558617609066,FALSE,FALSE,oxidative phosphorylation,-2.11097705826318,5.75222270996947e-5,manuscript-fixed programme/location/constituent-term exemplar
3,GO:0006119,microglia,CA1,2101,-0.318757266794604,FALSE,FALSE,oxidative phosphorylation,-2.11097705826318,5.75222270996947e-5,manuscript-fixed programme/location/constituent-term exemplar
3,GO:0006119,microglia,CA1,2102,-0.318955915980142,FALSE,FALSE,oxidative phosphorylation,-2.11097705826318,5.75222270996947e-5,manuscript-fixed programme/location/constituent-term exemplar
3,GO:0006119,microglia,CA1,2103,-0.319154565165681,FALSE,FALSE,oxidative phosphorylation,-2.11097705826318,5.75222270996947e-5,manuscript-fixed programme/location/constituent-term exemplar
3,GO:0006119,microglia,CA1,2104,-0.319353214351219,FALSE,FALSE,oxidative phosphorylation,-2.11097705826318,5.75222270996947e-5,manuscript-fixed programme/location/constituent-term exemplar
3,GO:0006119,microglia,CA1,2105,-0.319551863536757,FALSE,FALSE,oxidative phosphorylation,-2.11097705826318,5.75222270996947e-5,manuscript-fixed programme/location/constituent-term exemplar
3,GO:0006119,microglia,CA1,2106,-0.319750512722296,FALSE,FALSE,oxidative phosphorylation,-2.11097705826318,5.75222270996947e-5,manuscript-fixed programme/location/constituent-term exemplar
3,GO:0006119,microglia,CA1,2107,-0.319949161907834,FALSE,FALSE,oxidative phosphorylation,-2.11097705826318,5.75222270996947e-5,manuscript-fixed programme/location/constituent-term exemplar
3,GO:0006119,microglia,CA1,2108,-0.320147811093372,FALSE,FALSE,oxidative phosphorylation,-2.11097705826318,5.75222270996947e-5,manuscript-fixed programme/location/constituent-term exemplar
3,GO:0006119,microglia,CA1,2109,-0.320346460278911,FALSE,FALSE,oxidative phosphorylation,-2.11097705826318,5.75222270996947e-5,manuscript-fixed programme/location/constituent-term exemplar
3,GO:0006119,microglia,CA1,2110,-0.320545109464449,FALSE,FALSE,oxidative phosphorylation,-2.11097705826318,5.75222270996947e-5,manuscript-fixed programme/location/constituent-term exemplar
3,GO:0006119,microglia,CA1,2111,-0.320743758649987,FALSE,FALSE,oxidative phosphorylation,-2.11097705826318,5.75222270996947e-5,manuscript-fixed programme/location/constituent-term exemplar
3,GO:0006119,microglia,CA1,2112,-0.320942407835526,FALSE,FALSE,oxidative phosphorylation,-2.11097705826318,5.75222270996947e-5,manuscript-fixed programme/location/constituent-term exemplar
3,GO:0006119,microglia,CA1,2113,-0.321141057021064,FALSE,FALSE,oxidative phosphorylation,-2.11097705826318,5.75222270996947e-5,manuscript-fixed programme/location/constituent-term exemplar
3,GO:0006119,microglia,CA1,2114,-0.321339706206602,FALSE,FALSE,oxidative phosphorylation,-2.11097705826318,5.75222270996947e-5,manuscript-fixed programme/location/constituent-term exemplar
3,GO:0006119,microglia,CA1,2115,-0.321538355392141,FALSE,FALSE,oxidative phosphorylation,-2.11097705826318,5.75222270996947e-5,manuscript-fixed programme/location/constituent-term exemplar
3,GO:0006119,microglia,CA1,2116,-0.321737004577679,FALSE,FALSE,oxidative phosphorylation,-2.11097705826318,5.75222270996947e-5,manuscript-fixed programme/location/constituent-term exemplar
3,GO:0006119,microglia,CA1,2117,-0.321935653763217,FALSE,FALSE,oxidative phosphorylation,-2.11097705826318,5.75222270996947e-5,manuscript-fixed programme/location/constituent-term exemplar
3,GO:0006119,microglia,CA1,2118,-0.322134302948756,FALSE,FALSE,oxidative phosphorylation,-2.11097705826318,5.75222270996947e-5,manuscript-fixed programme/location/constituent-term exemplar
3,GO:0006119,microglia,CA1,2119,-0.322332952134294,FALSE,FALSE,oxidative phosphorylation,-2.11097705826318,5.75222270996947e-5,manuscript-fixed programme/location/constituent-term exemplar
3,GO:0006119,microglia,CA1,2120,-0.322531601319832,FALSE,FALSE,oxidative phosphorylation,-2.11097705826318,5.75222270996947e-5,manuscript-fixed programme/location/constituent-term exemplar
3,GO:0006119,microglia,CA1,2121,-0.322730250505371,FALSE,FALSE,oxidative phosphorylation,-2.11097705826318,5.75222270996947e-5,manuscript-fixed programme/location/constituent-term exemplar
3,GO:0006119,microglia,CA1,2122,-0.322928899690909,FALSE,FALSE,oxidative phosphorylation,-2.11097705826318,5.75222270996947e-5,manuscript-fixed programme/location/constituent-term exemplar
3,GO:0006119,microglia,CA1,2123,-0.323127548876447,FALSE,FALSE,oxidative phosphorylation,-2.11097705826318,5.75222270996947e-5,manuscript-fixed programme/location/constituent-term exemplar
3,GO:0006119,microglia,CA1,2124,-0.323326198061986,FALSE,FALSE,oxidative phosphorylation,-2.11097705826318,5.75222270996947e-5,manuscript-fixed programme/location/constituent-term exemplar
3,GO:0006119,microglia,CA1,2125,-0.323524847247524,FALSE,FALSE,oxidative phosphorylation,-2.11097705826318,5.75222270996947e-5,manuscript-fixed programme/location/constituent-term exemplar
3,GO:0006119,microglia,CA1,2126,-0.323723496433062,FALSE,FALSE,oxidative phosphorylation,-2.11097705826318,5.75222270996947e-5,manuscript-fixed programme/location/constituent-term exemplar
3,GO:0006119,microglia,CA1,2127,-0.323922145618601,FALSE,FALSE,oxidative phosphorylation,-2.11097705826318,5.75222270996947e-5,manuscript-fixed programme/location/constituent-term exemplar
3,GO:0006119,microglia,CA1,2128,-0.324120794804139,FALSE,FALSE,oxidative phosphorylation,-2.11097705826318,5.75222270996947e-5,manuscript-fixed programme/location/constituent-term exemplar
3,GO:0006119,microglia,CA1,2129,-0.324319443989677,FALSE,FALSE,oxidative phosphorylation,-2.11097705826318,5.75222270996947e-5,manuscript-fixed programme/location/constituent-term exemplar
3,GO:0006119,microglia,CA1,2130,-0.324518093175216,FALSE,FALSE,oxidative phosphorylation,-2.11097705826318,5.75222270996947e-5,manuscript-fixed programme/location/constituent-term exemplar
3,GO:0006119,microglia,CA1,2131,-0.32442719258026,TRUE,FALSE,oxidative phosphorylation,-2.11097705826318,5.75222270996947e-5,manuscript-fixed programme/location/constituent-term exemplar
3,GO:0006119,microglia,CA1,2132,-0.324625841765798,FALSE,FALSE,oxidative phosphorylation,-2.11097705826318,5.75222270996947e-5,manuscript-fixed programme/location/constituent-term exemplar
3,GO:0006119,microglia,CA1,2133,-0.324824490951337,FALSE,FALSE,oxidative phosphorylation,-2.11097705826318,5.75222270996947e-5,manuscript-fixed programme/location/constituent-term exemplar
3,GO:0006119,microglia,CA1,2134,-0.325023140136875,FALSE,FALSE,oxidative phosphorylation,-2.11097705826318,5.75222270996947e-5,manuscript-fixed programme/location/constituent-term exemplar
3,GO:0006119,microglia,CA1,2135,-0.325221789322413,FALSE,FALSE,oxidative phosphorylation,-2.11097705826318,5.75222270996947e-5,manuscript-fixed programme/location/constituent-term exemplar
3,GO:0006119,microglia,CA1,2136,-0.325420438507952,FALSE,FALSE,oxidative phosphorylation,-2.11097705826318,5.75222270996947e-5,manuscript-fixed programme/location/constituent-term exemplar
3,GO:0006119,microglia,CA1,2137,-0.32561908769349,FALSE,FALSE,oxidative phosphorylation,-2.11097705826318,5.75222270996947e-5,manuscript-fixed programme/location/constituent-term exemplar
3,GO:0006119,microglia,CA1,2138,-0.325817736879028,FALSE,FALSE,oxidative phosphorylation,-2.11097705826318,5.75222270996947e-5,manuscript-fixed programme/location/constituent-term exemplar
3,GO:0006119,microglia,CA1,2139,-0.326016386064567,FALSE,FALSE,oxidative phosphorylation,-2.11097705826318,5.75222270996947e-5,manuscript-fixed programme/location/constituent-term exemplar
3,GO:0006119,microglia,CA1,2140,-0.326215035250105,FALSE,FALSE,oxidative phosphorylation,-2.11097705826318,5.75222270996947e-5,manuscript-fixed programme/location/constituent-term exemplar
3,GO:0006119,microglia,CA1,2141,-0.326413684435644,FALSE,FALSE,oxidative phosphorylation,-2.11097705826318,5.75222270996947e-5,manuscript-fixed programme/location/constituent-term exemplar
3,GO:0006119,microglia,CA1,2142,-0.326612333621182,FALSE,FALSE,oxidative phosphorylation,-2.11097705826318,5.75222270996947e-5,manuscript-fixed programme/location/constituent-term exemplar
3,GO:0006119,microglia,CA1,2143,-0.32681098280672,FALSE,FALSE,oxidative phosphorylation,-2.11097705826318,5.75222270996947e-5,manuscript-fixed programme/location/constituent-term exemplar
3,GO:0006119,microglia,CA1,2144,-0.327009631992259,FALSE,FALSE,oxidative phosphorylation,-2.11097705826318,5.75222270996947e-5,manuscript-fixed programme/location/constituent-term exemplar
3,GO:0006119,microglia,CA1,2145,-0.327208281177797,FALSE,FALSE,oxidative phosphorylation,-2.11097705826318,5.75222270996947e-5,manuscript-fixed programme/location/constituent-term exemplar
3,GO:0006119,microglia,CA1,2146,-0.327406930363335,FALSE,FALSE,oxidative phosphorylation,-2.11097705826318,5.75222270996947e-5,manuscript-fixed programme/location/constituent-term exemplar
3,GO:0006119,microglia,CA1,2147,-0.327605579548874,FALSE,FALSE,oxidative phosphorylation,-2.11097705826318,5.75222270996947e-5,manuscript-fixed programme/location/constituent-term exemplar
3,GO:0006119,microglia,CA1,2148,-0.327804228734412,FALSE,FALSE,oxidative phosphorylation,-2.11097705826318,5.75222270996947e-5,manuscript-fixed programme/location/constituent-term exemplar
3,GO:0006119,microglia,CA1,2149,-0.32800287791995,FALSE,FALSE,oxidative phosphorylation,-2.11097705826318,5.75222270996947e-5,manuscript-fixed programme/location/constituent-term exemplar
3,GO:0006119,microglia,CA1,2150,-0.328201527105489,FALSE,FALSE,oxidative phosphorylation,-2.11097705826318,5.75222270996947e-5,manuscript-fixed programme/location/constituent-term exemplar
3,GO:0006119,microglia,CA1,2151,-0.328400176291027,FALSE,FALSE,oxidative phosphorylation,-2.11097705826318,5.75222270996947e-5,manuscript-fixed programme/location/constituent-term exemplar
3,GO:0006119,microglia,CA1,2152,-0.328598825476565,FALSE,FALSE,oxidative phosphorylation,-2.11097705826318,5.75222270996947e-5,manuscript-fixed programme/location/constituent-term exemplar
3,GO:0006119,microglia,CA1,2153,-0.328797474662104,FALSE,FALSE,oxidative phosphorylation,-2.11097705826318,5.75222270996947e-5,manuscript-fixed programme/location/constituent-term exemplar
3,GO:0006119,microglia,CA1,2154,-0.328996123847642,FALSE,FALSE,oxidative phosphorylation,-2.11097705826318,5.75222270996947e-5,manuscript-fixed programme/location/constituent-term exemplar
3,GO:0006119,microglia,CA1,2155,-0.32919477303318,FALSE,FALSE,oxidative phosphorylation,-2.11097705826318,5.75222270996947e-5,manuscript-fixed programme/location/constituent-term exemplar
3,GO:0006119,microglia,CA1,2156,-0.329393422218719,FALSE,FALSE,oxidative phosphorylation,-2.11097705826318,5.75222270996947e-5,manuscript-fixed programme/location/constituent-term exemplar
3,GO:0006119,microglia,CA1,2157,-0.329592071404257,FALSE,FALSE,oxidative phosphorylation,-2.11097705826318,5.75222270996947e-5,manuscript-fixed programme/location/constituent-term exemplar
3,GO:0006119,microglia,CA1,2158,-0.32979072058979497,FALSE,FALSE,oxidative phosphorylation,-2.11097705826318,5.75222270996947e-5,manuscript-fixed programme/location/constituent-term exemplar
3,GO:0006119,microglia,CA1,2159,-0.329989369775334,FALSE,FALSE,oxidative phosphorylation,-2.11097705826318,5.75222270996947e-5,manuscript-fixed programme/location/constituent-term exemplar
3,GO:0006119,microglia,CA1,2160,-0.330188018960872,FALSE,FALSE,oxidative phosphorylation,-2.11097705826318,5.75222270996947e-5,manuscript-fixed programme/location/constituent-term exemplar
3,GO:0006119,microglia,CA1,2161,-0.33038666814641,FALSE,FALSE,oxidative phosphorylation,-2.11097705826318,5.75222270996947e-5,manuscript-fixed programme/location/constituent-term exemplar
3,GO:0006119,microglia,CA1,2162,-0.330585317331949,FALSE,FALSE,oxidative phosphorylation,-2.11097705826318,5.75222270996947e-5,manuscript-fixed programme/location/constituent-term exemplar
3,GO:0006119,microglia,CA1,2163,-0.330783966517487,FALSE,FALSE,oxidative phosphorylation,-2.11097705826318,5.75222270996947e-5,manuscript-fixed programme/location/constituent-term exemplar
3,GO:0006119,microglia,CA1,2164,-0.330982615703025,FALSE,FALSE,oxidative phosphorylation,-2.11097705826318,5.75222270996947e-5,manuscript-fixed programme/location/constituent-term exemplar
3,GO:0006119,microglia,CA1,2165,-0.331181264888564,FALSE,FALSE,oxidative phosphorylation,-2.11097705826318,5.75222270996947e-5,manuscript-fixed programme/location/constituent-term exemplar
3,GO:0006119,microglia,CA1,2166,-0.331379914074102,FALSE,FALSE,oxidative phosphorylation,-2.11097705826318,5.75222270996947e-5,manuscript-fixed programme/location/constituent-term exemplar
3,GO:0006119,microglia,CA1,2167,-0.33157856325964,FALSE,FALSE,oxidative phosphorylation,-2.11097705826318,5.75222270996947e-5,manuscript-fixed programme/location/constituent-term exemplar
3,GO:0006119,microglia,CA1,2168,-0.331777212445179,FALSE,FALSE,oxidative phosphorylation,-2.11097705826318,5.75222270996947e-5,manuscript-fixed programme/location/constituent-term exemplar
3,GO:0006119,microglia,CA1,2169,-0.331975861630717,FALSE,FALSE,oxidative phosphorylation,-2.11097705826318,5.75222270996947e-5,manuscript-fixed programme/location/constituent-term exemplar
3,GO:0006119,microglia,CA1,2170,-0.332174510816255,FALSE,FALSE,oxidative phosphorylation,-2.11097705826318,5.75222270996947e-5,manuscript-fixed programme/location/constituent-term exemplar
3,GO:0006119,microglia,CA1,2171,-0.332373160001794,FALSE,FALSE,oxidative phosphorylation,-2.11097705826318,5.75222270996947e-5,manuscript-fixed programme/location/constituent-term exemplar
3,GO:0006119,microglia,CA1,2172,-0.332571809187332,FALSE,FALSE,oxidative phosphorylation,-2.11097705826318,5.75222270996947e-5,manuscript-fixed programme/location/constituent-term exemplar
3,GO:0006119,microglia,CA1,2173,-0.33277045837287,FALSE,FALSE,oxidative phosphorylation,-2.11097705826318,5.75222270996947e-5,manuscript-fixed programme/location/constituent-term exemplar
3,GO:0006119,microglia,CA1,2174,-0.33296910755840903,FALSE,FALSE,oxidative phosphorylation,-2.11097705826318,5.75222270996947e-5,manuscript-fixed programme/location/constituent-term exemplar
3,GO:0006119,microglia,CA1,2175,-0.333167756743947,FALSE,FALSE,oxidative phosphorylation,-2.11097705826318,5.75222270996947e-5,manuscript-fixed programme/location/constituent-term exemplar
3,GO:0006119,microglia,CA1,2176,-0.333366405929485,FALSE,FALSE,oxidative phosphorylation,-2.11097705826318,5.75222270996947e-5,manuscript-fixed programme/location/constituent-term exemplar
3,GO:0006119,microglia,CA1,2177,-0.333565055115024,FALSE,FALSE,oxidative phosphorylation,-2.11097705826318,5.75222270996947e-5,manuscript-fixed programme/location/constituent-term exemplar
3,GO:0006119,microglia,CA1,2178,-0.333763704300562,FALSE,FALSE,oxidative phosphorylation,-2.11097705826318,5.75222270996947e-5,manuscript-fixed programme/location/constituent-term exemplar
3,GO:0006119,microglia,CA1,2179,-0.3339623534861,FALSE,FALSE,oxidative phosphorylation,-2.11097705826318,5.75222270996947e-5,manuscript-fixed programme/location/constituent-term exemplar
3,GO:0006119,microglia,CA1,2180,-0.334161002671639,FALSE,FALSE,oxidative phosphorylation,-2.11097705826318,5.75222270996947e-5,manuscript-fixed programme/location/constituent-term exemplar
3,GO:0006119,microglia,CA1,2181,-0.334359651857177,FALSE,FALSE,oxidative phosphorylation,-2.11097705826318,5.75222270996947e-5,manuscript-fixed programme/location/constituent-term exemplar
3,GO:0006119,microglia,CA1,2182,-0.334558301042715,FALSE,FALSE,oxidative phosphorylation,-2.11097705826318,5.75222270996947e-5,manuscript-fixed programme/location/constituent-term exemplar
3,GO:0006119,microglia,CA1,2183,-0.334756950228254,FALSE,FALSE,oxidative phosphorylation,-2.11097705826318,5.75222270996947e-5,manuscript-fixed programme/location/constituent-term exemplar
3,GO:0006119,microglia,CA1,2184,-0.334955599413792,FALSE,FALSE,oxidative phosphorylation,-2.11097705826318,5.75222270996947e-5,manuscript-fixed programme/location/constituent-term exemplar
3,GO:0006119,microglia,CA1,2185,-0.33515424859933,FALSE,FALSE,oxidative phosphorylation,-2.11097705826318,5.75222270996947e-5,manuscript-fixed programme/location/constituent-term exemplar
3,GO:0006119,microglia,CA1,2186,-0.335352897784869,FALSE,FALSE,oxidative phosphorylation,-2.11097705826318,5.75222270996947e-5,manuscript-fixed programme/location/constituent-term exemplar
3,GO:0006119,microglia,CA1,2187,-0.335551546970407,FALSE,FALSE,oxidative phosphorylation,-2.11097705826318,5.75222270996947e-5,manuscript-fixed programme/location/constituent-term exemplar
3,GO:0006119,microglia,CA1,2188,-0.335750196155945,FALSE,FALSE,oxidative phosphorylation,-2.11097705826318,5.75222270996947e-5,manuscript-fixed programme/location/constituent-term exemplar
3,GO:0006119,microglia,CA1,2189,-0.335948845341484,FALSE,FALSE,oxidative phosphorylation,-2.11097705826318,5.75222270996947e-5,manuscript-fixed programme/location/constituent-term exemplar
3,GO:0006119,microglia,CA1,2190,-0.336147494527022,FALSE,FALSE,oxidative phosphorylation,-2.11097705826318,5.75222270996947e-5,manuscript-fixed programme/location/constituent-term exemplar
3,GO:0006119,microglia,CA1,2191,-0.33634614371256,FALSE,FALSE,oxidative phosphorylation,-2.11097705826318,5.75222270996947e-5,manuscript-fixed programme/location/constituent-term exemplar
3,GO:0006119,microglia,CA1,2192,-0.336544792898099,FALSE,FALSE,oxidative phosphorylation,-2.11097705826318,5.75222270996947e-5,manuscript-fixed programme/location/constituent-term exemplar
3,GO:0006119,microglia,CA1,2193,-0.336743442083637,FALSE,FALSE,oxidative phosphorylation,-2.11097705826318,5.75222270996947e-5,manuscript-fixed programme/location/constituent-term exemplar
3,GO:0006119,microglia,CA1,2194,-0.336942091269176,FALSE,FALSE,oxidative phosphorylation,-2.11097705826318,5.75222270996947e-5,manuscript-fixed programme/location/constituent-term exemplar
3,GO:0006119,microglia,CA1,2195,-0.337140740454714,FALSE,FALSE,oxidative phosphorylation,-2.11097705826318,5.75222270996947e-5,manuscript-fixed programme/location/constituent-term exemplar
3,GO:0006119,microglia,CA1,2196,-0.337339389640252,FALSE,FALSE,oxidative phosphorylation,-2.11097705826318,5.75222270996947e-5,manuscript-fixed programme/location/constituent-term exemplar
3,GO:0006119,microglia,CA1,2197,-0.337538038825791,FALSE,FALSE,oxidative phosphorylation,-2.11097705826318,5.75222270996947e-5,manuscript-fixed programme/location/constituent-term exemplar
3,GO:0006119,microglia,CA1,2198,-0.337736688011329,FALSE,FALSE,oxidative phosphorylation,-2.11097705826318,5.75222270996947e-5,manuscript-fixed programme/location/constituent-term exemplar
3,GO:0006119,microglia,CA1,2199,-0.337935337196867,FALSE,FALSE,oxidative phosphorylation,-2.11097705826318,5.75222270996947e-5,manuscript-fixed programme/location/constituent-term exemplar
3,GO:0006119,microglia,CA1,2200,-0.338133986382406,FALSE,FALSE,oxidative phosphorylation,-2.11097705826318,5.75222270996947e-5,manuscript-fixed programme/location/constituent-term exemplar
3,GO:0006119,microglia,CA1,2201,-0.338332635567944,FALSE,FALSE,oxidative phosphorylation,-2.11097705826318,5.75222270996947e-5,manuscript-fixed programme/location/constituent-term exemplar
3,GO:0006119,microglia,CA1,2202,-0.338531284753482,FALSE,FALSE,oxidative phosphorylation,-2.11097705826318,5.75222270996947e-5,manuscript-fixed programme/location/constituent-term exemplar
3,GO:0006119,microglia,CA1,2203,-0.338729933939021,FALSE,FALSE,oxidative phosphorylation,-2.11097705826318,5.75222270996947e-5,manuscript-fixed programme/location/constituent-term exemplar
3,GO:0006119,microglia,CA1,2204,-0.338928583124559,FALSE,FALSE,oxidative phosphorylation,-2.11097705826318,5.75222270996947e-5,manuscript-fixed programme/location/constituent-term exemplar
3,GO:0006119,microglia,CA1,2205,-0.339127232310097,FALSE,FALSE,oxidative phosphorylation,-2.11097705826318,5.75222270996947e-5,manuscript-fixed programme/location/constituent-term exemplar
3,GO:0006119,microglia,CA1,2206,-0.339325881495636,FALSE,FALSE,oxidative phosphorylation,-2.11097705826318,5.75222270996947e-5,manuscript-fixed programme/location/constituent-term exemplar
3,GO:0006119,microglia,CA1,2207,-0.339524530681174,FALSE,FALSE,oxidative phosphorylation,-2.11097705826318,5.75222270996947e-5,manuscript-fixed programme/location/constituent-term exemplar
3,GO:0006119,microglia,CA1,2208,-0.339723179866712,FALSE,FALSE,oxidative phosphorylation,-2.11097705826318,5.75222270996947e-5,manuscript-fixed programme/location/constituent-term exemplar
3,GO:0006119,microglia,CA1,2209,-0.339921829052251,FALSE,FALSE,oxidative phosphorylation,-2.11097705826318,5.75222270996947e-5,manuscript-fixed programme/location/constituent-term exemplar
3,GO:0006119,microglia,CA1,2210,-0.340120478237789,FALSE,FALSE,oxidative phosphorylation,-2.11097705826318,5.75222270996947e-5,manuscript-fixed programme/location/constituent-term exemplar
3,GO:0006119,microglia,CA1,2211,-0.340319127423327,FALSE,FALSE,oxidative phosphorylation,-2.11097705826318,5.75222270996947e-5,manuscript-fixed programme/location/constituent-term exemplar
3,GO:0006119,microglia,CA1,2212,-0.340517776608866,FALSE,FALSE,oxidative phosphorylation,-2.11097705826318,5.75222270996947e-5,manuscript-fixed programme/location/constituent-term exemplar
3,GO:0006119,microglia,CA1,2213,-0.340716425794404,FALSE,FALSE,oxidative phosphorylation,-2.11097705826318,5.75222270996947e-5,manuscript-fixed programme/location/constituent-term exemplar
3,GO:0006119,microglia,CA1,2214,-0.340915074979942,FALSE,FALSE,oxidative phosphorylation,-2.11097705826318,5.75222270996947e-5,manuscript-fixed programme/location/constituent-term exemplar
3,GO:0006119,microglia,CA1,2215,-0.341113724165481,FALSE,FALSE,oxidative phosphorylation,-2.11097705826318,5.75222270996947e-5,manuscript-fixed programme/location/constituent-term exemplar
3,GO:0006119,microglia,CA1,2216,-0.341312373351019,FALSE,FALSE,oxidative phosphorylation,-2.11097705826318,5.75222270996947e-5,manuscript-fixed programme/location/constituent-term exemplar
3,GO:0006119,microglia,CA1,2217,-0.341511022536557,FALSE,FALSE,oxidative phosphorylation,-2.11097705826318,5.75222270996947e-5,manuscript-fixed programme/location/constituent-term exemplar
3,GO:0006119,microglia,CA1,2218,-0.341709671722096,FALSE,FALSE,oxidative phosphorylation,-2.11097705826318,5.75222270996947e-5,manuscript-fixed programme/location/constituent-term exemplar
3,GO:0006119,microglia,CA1,2219,-0.341908320907634,FALSE,FALSE,oxidative phosphorylation,-2.11097705826318,5.75222270996947e-5,manuscript-fixed programme/location/constituent-term exemplar
3,GO:0006119,microglia,CA1,2220,-0.342106970093172,FALSE,FALSE,oxidative phosphorylation,-2.11097705826318,5.75222270996947e-5,manuscript-fixed programme/location/constituent-term exemplar
3,GO:0006119,microglia,CA1,2221,-0.342305619278711,FALSE,FALSE,oxidative phosphorylation,-2.11097705826318,5.75222270996947e-5,manuscript-fixed programme/location/constituent-term exemplar
3,GO:0006119,microglia,CA1,2222,-0.342504268464249,FALSE,FALSE,oxidative phosphorylation,-2.11097705826318,5.75222270996947e-5,manuscript-fixed programme/location/constituent-term exemplar
3,GO:0006119,microglia,CA1,2223,-0.342702917649787,FALSE,FALSE,oxidative phosphorylation,-2.11097705826318,5.75222270996947e-5,manuscript-fixed programme/location/constituent-term exemplar
3,GO:0006119,microglia,CA1,2224,-0.342901566835326,FALSE,FALSE,oxidative phosphorylation,-2.11097705826318,5.75222270996947e-5,manuscript-fixed programme/location/constituent-term exemplar
3,GO:0006119,microglia,CA1,2225,-0.343100216020864,FALSE,FALSE,oxidative phosphorylation,-2.11097705826318,5.75222270996947e-5,manuscript-fixed programme/location/constituent-term exemplar
3,GO:0006119,microglia,CA1,2226,-0.343298865206402,FALSE,FALSE,oxidative phosphorylation,-2.11097705826318,5.75222270996947e-5,manuscript-fixed programme/location/constituent-term exemplar
3,GO:0006119,microglia,CA1,2227,-0.343497514391941,FALSE,FALSE,oxidative phosphorylation,-2.11097705826318,5.75222270996947e-5,manuscript-fixed programme/location/constituent-term exemplar
3,GO:0006119,microglia,CA1,2228,-0.343696163577479,FALSE,FALSE,oxidative phosphorylation,-2.11097705826318,5.75222270996947e-5,manuscript-fixed programme/location/constituent-term exemplar
3,GO:0006119,microglia,CA1,2229,-0.343894812763017,FALSE,FALSE,oxidative phosphorylation,-2.11097705826318,5.75222270996947e-5,manuscript-fixed programme/location/constituent-term exemplar
3,GO:0006119,microglia,CA1,2230,-0.344093461948556,FALSE,FALSE,oxidative phosphorylation,-2.11097705826318,5.75222270996947e-5,manuscript-fixed programme/location/constituent-term exemplar
3,GO:0006119,microglia,CA1,2231,-0.344292111134094,FALSE,FALSE,oxidative phosphorylation,-2.11097705826318,5.75222270996947e-5,manuscript-fixed programme/location/constituent-term exemplar
3,GO:0006119,microglia,CA1,2232,-0.344490760319632,FALSE,FALSE,oxidative phosphorylation,-2.11097705826318,5.75222270996947e-5,manuscript-fixed programme/location/constituent-term exemplar
3,GO:0006119,microglia,CA1,2233,-0.344689409505171,FALSE,FALSE,oxidative phosphorylation,-2.11097705826318,5.75222270996947e-5,manuscript-fixed programme/location/constituent-term exemplar
3,GO:0006119,microglia,CA1,2234,-0.344888058690709,FALSE,FALSE,oxidative phosphorylation,-2.11097705826318,5.75222270996947e-5,manuscript-fixed programme/location/constituent-term exemplar
3,GO:0006119,microglia,CA1,2235,-0.345086707876247,FALSE,FALSE,oxidative phosphorylation,-2.11097705826318,5.75222270996947e-5,manuscript-fixed programme/location/constituent-term exemplar
3,GO:0006119,microglia,CA1,2236,-0.345285357061786,FALSE,FALSE,oxidative phosphorylation,-2.11097705826318,5.75222270996947e-5,manuscript-fixed programme/location/constituent-term exemplar
3,GO:0006119,microglia,CA1,2237,-0.345484006247324,FALSE,FALSE,oxidative phosphorylation,-2.11097705826318,5.75222270996947e-5,manuscript-fixed programme/location/constituent-term exemplar
3,GO:0006119,microglia,CA1,2238,-0.345682655432862,FALSE,FALSE,oxidative phosphorylation,-2.11097705826318,5.75222270996947e-5,manuscript-fixed programme/location/constituent-term exemplar
3,GO:0006119,microglia,CA1,2239,-0.345881304618401,FALSE,FALSE,oxidative phosphorylation,-2.11097705826318,5.75222270996947e-5,manuscript-fixed programme/location/constituent-term exemplar
3,GO:0006119,microglia,CA1,2240,-0.346079953803939,FALSE,FALSE,oxidative phosphorylation,-2.11097705826318,5.75222270996947e-5,manuscript-fixed programme/location/constituent-term exemplar
3,GO:0006119,microglia,CA1,2241,-0.346278602989477,FALSE,FALSE,oxidative phosphorylation,-2.11097705826318,5.75222270996947e-5,manuscript-fixed programme/location/constituent-term exemplar
3,GO:0006119,microglia,CA1,2242,-0.345644892217588,TRUE,FALSE,oxidative phosphorylation,-2.11097705826318,5.75222270996947e-5,manuscript-fixed programme/location/constituent-term exemplar
3,GO:0006119,microglia,CA1,2243,-0.345843541403127,FALSE,FALSE,oxidative phosphorylation,-2.11097705826318,5.75222270996947e-5,manuscript-fixed programme/location/constituent-term exemplar
3,GO:0006119,microglia,CA1,2244,-0.346042190588665,FALSE,FALSE,oxidative phosphorylation,-2.11097705826318,5.75222270996947e-5,manuscript-fixed programme/location/constituent-term exemplar
3,GO:0006119,microglia,CA1,2245,-0.346240839774203,FALSE,FALSE,oxidative phosphorylation,-2.11097705826318,5.75222270996947e-5,manuscript-fixed programme/location/constituent-term exemplar
3,GO:0006119,microglia,CA1,2246,-0.346439488959742,FALSE,FALSE,oxidative phosphorylation,-2.11097705826318,5.75222270996947e-5,manuscript-fixed programme/location/constituent-term exemplar
3,GO:0006119,microglia,CA1,2247,-0.34663813814528,FALSE,FALSE,oxidative phosphorylation,-2.11097705826318,5.75222270996947e-5,manuscript-fixed programme/location/constituent-term exemplar
3,GO:0006119,microglia,CA1,2248,-0.346836787330818,FALSE,FALSE,oxidative phosphorylation,-2.11097705826318,5.75222270996947e-5,manuscript-fixed programme/location/constituent-term exemplar
3,GO:0006119,microglia,CA1,2249,-0.347035436516357,FALSE,FALSE,oxidative phosphorylation,-2.11097705826318,5.75222270996947e-5,manuscript-fixed programme/location/constituent-term exemplar
3,GO:0006119,microglia,CA1,2250,-0.347234085701895,FALSE,FALSE,oxidative phosphorylation,-2.11097705826318,5.75222270996947e-5,manuscript-fixed programme/location/constituent-term exemplar
3,GO:0006119,microglia,CA1,2251,-0.347432734887433,FALSE,FALSE,oxidative phosphorylation,-2.11097705826318,5.75222270996947e-5,manuscript-fixed programme/location/constituent-term exemplar
3,GO:0006119,microglia,CA1,2252,-0.347631384072972,FALSE,FALSE,oxidative phosphorylation,-2.11097705826318,5.75222270996947e-5,manuscript-fixed programme/location/constituent-term exemplar
3,GO:0006119,microglia,CA1,2253,-0.34783003325851,FALSE,FALSE,oxidative phosphorylation,-2.11097705826318,5.75222270996947e-5,manuscript-fixed programme/location/constituent-term exemplar
3,GO:0006119,microglia,CA1,2254,-0.348028682444048,FALSE,FALSE,oxidative phosphorylation,-2.11097705826318,5.75222270996947e-5,manuscript-fixed programme/location/constituent-term exemplar
3,GO:0006119,microglia,CA1,2255,-0.348227331629587,FALSE,FALSE,oxidative phosphorylation,-2.11097705826318,5.75222270996947e-5,manuscript-fixed programme/location/constituent-term exemplar
3,GO:0006119,microglia,CA1,2256,-0.348425980815125,FALSE,FALSE,oxidative phosphorylation,-2.11097705826318,5.75222270996947e-5,manuscript-fixed programme/location/constituent-term exemplar
3,GO:0006119,microglia,CA1,2257,-0.348624630000663,FALSE,FALSE,oxidative phosphorylation,-2.11097705826318,5.75222270996947e-5,manuscript-fixed programme/location/constituent-term exemplar
3,GO:0006119,microglia,CA1,2258,-0.348823279186202,FALSE,FALSE,oxidative phosphorylation,-2.11097705826318,5.75222270996947e-5,manuscript-fixed programme/location/constituent-term exemplar
3,GO:0006119,microglia,CA1,2259,-0.34902192837174,FALSE,FALSE,oxidative phosphorylation,-2.11097705826318,5.75222270996947e-5,manuscript-fixed programme/location/constituent-term exemplar
3,GO:0006119,microglia,CA1,2260,-0.349220577557278,FALSE,FALSE,oxidative phosphorylation,-2.11097705826318,5.75222270996947e-5,manuscript-fixed programme/location/constituent-term exemplar
3,GO:0006119,microglia,CA1,2261,-0.349419226742817,FALSE,FALSE,oxidative phosphorylation,-2.11097705826318,5.75222270996947e-5,manuscript-fixed programme/location/constituent-term exemplar
3,GO:0006119,microglia,CA1,2262,-0.349617875928355,FALSE,FALSE,oxidative phosphorylation,-2.11097705826318,5.75222270996947e-5,manuscript-fixed programme/location/constituent-term exemplar
3,GO:0006119,microglia,CA1,2263,-0.349816525113893,FALSE,FALSE,oxidative phosphorylation,-2.11097705826318,5.75222270996947e-5,manuscript-fixed programme/location/constituent-term exemplar
3,GO:0006119,microglia,CA1,2264,-0.350015174299432,FALSE,FALSE,oxidative phosphorylation,-2.11097705826318,5.75222270996947e-5,manuscript-fixed programme/location/constituent-term exemplar
3,GO:0006119,microglia,CA1,2265,-0.35021382348497,FALSE,FALSE,oxidative phosphorylation,-2.11097705826318,5.75222270996947e-5,manuscript-fixed programme/location/constituent-term exemplar
3,GO:0006119,microglia,CA1,2266,-0.350412472670508,FALSE,FALSE,oxidative phosphorylation,-2.11097705826318,5.75222270996947e-5,manuscript-fixed programme/location/constituent-term exemplar
3,GO:0006119,microglia,CA1,2267,-0.350611121856047,FALSE,FALSE,oxidative phosphorylation,-2.11097705826318,5.75222270996947e-5,manuscript-fixed programme/location/constituent-term exemplar
3,GO:0006119,microglia,CA1,2268,-0.350809771041585,FALSE,FALSE,oxidative phosphorylation,-2.11097705826318,5.75222270996947e-5,manuscript-fixed programme/location/constituent-term exemplar
3,GO:0006119,microglia,CA1,2269,-0.351008420227123,FALSE,FALSE,oxidative phosphorylation,-2.11097705826318,5.75222270996947e-5,manuscript-fixed programme/location/constituent-term exemplar
3,GO:0006119,microglia,CA1,2270,-0.351207069412662,FALSE,FALSE,oxidative phosphorylation,-2.11097705826318,5.75222270996947e-5,manuscript-fixed programme/location/constituent-term exemplar
3,GO:0006119,microglia,CA1,2271,-0.3514057185982,FALSE,FALSE,oxidative phosphorylation,-2.11097705826318,5.75222270996947e-5,manuscript-fixed programme/location/constituent-term exemplar
3,GO:0006119,microglia,CA1,2272,-0.351604367783738,FALSE,FALSE,oxidative phosphorylation,-2.11097705826318,5.75222270996947e-5,manuscript-fixed programme/location/constituent-term exemplar
3,GO:0006119,microglia,CA1,2273,-0.351803016969277,FALSE,FALSE,oxidative phosphorylation,-2.11097705826318,5.75222270996947e-5,manuscript-fixed programme/location/constituent-term exemplar
3,GO:0006119,microglia,CA1,2274,-0.352001666154815,FALSE,FALSE,oxidative phosphorylation,-2.11097705826318,5.75222270996947e-5,manuscript-fixed programme/location/constituent-term exemplar
3,GO:0006119,microglia,CA1,2275,-0.352200315340353,FALSE,FALSE,oxidative phosphorylation,-2.11097705826318,5.75222270996947e-5,manuscript-fixed programme/location/constituent-term exemplar
3,GO:0006119,microglia,CA1,2276,-0.352398964525892,FALSE,FALSE,oxidative phosphorylation,-2.11097705826318,5.75222270996947e-5,manuscript-fixed programme/location/constituent-term exemplar
3,GO:0006119,microglia,CA1,2277,-0.35259761371143,FALSE,FALSE,oxidative phosphorylation,-2.11097705826318,5.75222270996947e-5,manuscript-fixed programme/location/constituent-term exemplar
3,GO:0006119,microglia,CA1,2278,-0.352796262896968,FALSE,FALSE,oxidative phosphorylation,-2.11097705826318,5.75222270996947e-5,manuscript-fixed programme/location/constituent-term exemplar
3,GO:0006119,microglia,CA1,2279,-0.352994912082507,FALSE,FALSE,oxidative phosphorylation,-2.11097705826318,5.75222270996947e-5,manuscript-fixed programme/location/constituent-term exemplar
3,GO:0006119,microglia,CA1,2280,-0.353193561268045,FALSE,FALSE,oxidative phosphorylation,-2.11097705826318,5.75222270996947e-5,manuscript-fixed programme/location/constituent-term exemplar
3,GO:0006119,microglia,CA1,2281,-0.353392210453583,FALSE,FALSE,oxidative phosphorylation,-2.11097705826318,5.75222270996947e-5,manuscript-fixed programme/location/constituent-term exemplar
3,GO:0006119,microglia,CA1,2282,-0.353590859639122,FALSE,FALSE,oxidative phosphorylation,-2.11097705826318,5.75222270996947e-5,manuscript-fixed programme/location/constituent-term exemplar
3,GO:0006119,microglia,CA1,2283,-0.35378950882466,FALSE,FALSE,oxidative phosphorylation,-2.11097705826318,5.75222270996947e-5,manuscript-fixed programme/location/constituent-term exemplar
3,GO:0006119,microglia,CA1,2284,-0.353988158010198,FALSE,FALSE,oxidative phosphorylation,-2.11097705826318,5.75222270996947e-5,manuscript-fixed programme/location/constituent-term exemplar
3,GO:0006119,microglia,CA1,2285,-0.354186807195737,FALSE,FALSE,oxidative phosphorylation,-2.11097705826318,5.75222270996947e-5,manuscript-fixed programme/location/constituent-term exemplar
3,GO:0006119,microglia,CA1,2286,-0.354385456381275,FALSE,FALSE,oxidative phosphorylation,-2.11097705826318,5.75222270996947e-5,manuscript-fixed programme/location/constituent-term exemplar
3,GO:0006119,microglia,CA1,2287,-0.354584105566813,FALSE,FALSE,oxidative phosphorylation,-2.11097705826318,5.75222270996947e-5,manuscript-fixed programme/location/constituent-term exemplar
3,GO:0006119,microglia,CA1,2288,-0.354782754752352,FALSE,FALSE,oxidative phosphorylation,-2.11097705826318,5.75222270996947e-5,manuscript-fixed programme/location/constituent-term exemplar
3,GO:0006119,microglia,CA1,2289,-0.35498140393789,FALSE,FALSE,oxidative phosphorylation,-2.11097705826318,5.75222270996947e-5,manuscript-fixed programme/location/constituent-term exemplar
3,GO:0006119,microglia,CA1,2290,-0.355180053123428,FALSE,FALSE,oxidative phosphorylation,-2.11097705826318,5.75222270996947e-5,manuscript-fixed programme/location/constituent-term exemplar
3,GO:0006119,microglia,CA1,2291,-0.355378702308967,FALSE,FALSE,oxidative phosphorylation,-2.11097705826318,5.75222270996947e-5,manuscript-fixed programme/location/constituent-term exemplar
3,GO:0006119,microglia,CA1,2292,-0.355577351494505,FALSE,FALSE,oxidative phosphorylation,-2.11097705826318,5.75222270996947e-5,manuscript-fixed programme/location/constituent-term exemplar
3,GO:0006119,microglia,CA1,2293,-0.355776000680044,FALSE,FALSE,oxidative phosphorylation,-2.11097705826318,5.75222270996947e-5,manuscript-fixed programme/location/constituent-term exemplar
3,GO:0006119,microglia,CA1,2294,-0.355974649865582,FALSE,FALSE,oxidative phosphorylation,-2.11097705826318,5.75222270996947e-5,manuscript-fixed programme/location/constituent-term exemplar
3,GO:0006119,microglia,CA1,2295,-0.35617329905112,FALSE,FALSE,oxidative phosphorylation,-2.11097705826318,5.75222270996947e-5,manuscript-fixed programme/location/constituent-term exemplar
3,GO:0006119,microglia,CA1,2296,-0.356371948236659,FALSE,FALSE,oxidative phosphorylation,-2.11097705826318,5.75222270996947e-5,manuscript-fixed programme/location/constituent-term exemplar
3,GO:0006119,microglia,CA1,2297,-0.356570597422197,FALSE,FALSE,oxidative phosphorylation,-2.11097705826318,5.75222270996947e-5,manuscript-fixed programme/location/constituent-term exemplar
3,GO:0006119,microglia,CA1,2298,-0.356769246607735,FALSE,FALSE,oxidative phosphorylation,-2.11097705826318,5.75222270996947e-5,manuscript-fixed programme/location/constituent-term exemplar
3,GO:0006119,microglia,CA1,2299,-0.356967895793274,FALSE,FALSE,oxidative phosphorylation,-2.11097705826318,5.75222270996947e-5,manuscript-fixed programme/location/constituent-term exemplar
3,GO:0006119,microglia,CA1,2300,-0.357166544978812,FALSE,FALSE,oxidative phosphorylation,-2.11097705826318,5.75222270996947e-5,manuscript-fixed programme/location/constituent-term exemplar
3,GO:0006119,microglia,CA1,2301,-0.35736519416435,FALSE,FALSE,oxidative phosphorylation,-2.11097705826318,5.75222270996947e-5,manuscript-fixed programme/location/constituent-term exemplar
3,GO:0006119,microglia,CA1,2302,-0.357563843349889,FALSE,FALSE,oxidative phosphorylation,-2.11097705826318,5.75222270996947e-5,manuscript-fixed programme/location/constituent-term exemplar
3,GO:0006119,microglia,CA1,2303,-0.357762492535427,FALSE,FALSE,oxidative phosphorylation,-2.11097705826318,5.75222270996947e-5,manuscript-fixed programme/location/constituent-term exemplar
3,GO:0006119,microglia,CA1,2304,-0.357961141720965,FALSE,FALSE,oxidative phosphorylation,-2.11097705826318,5.75222270996947e-5,manuscript-fixed programme/location/constituent-term exemplar
3,GO:0006119,microglia,CA1,2305,-0.358159790906504,FALSE,FALSE,oxidative phosphorylation,-2.11097705826318,5.75222270996947e-5,manuscript-fixed programme/location/constituent-term exemplar
3,GO:0006119,microglia,CA1,2306,-0.358358440092042,FALSE,FALSE,oxidative phosphorylation,-2.11097705826318,5.75222270996947e-5,manuscript-fixed programme/location/constituent-term exemplar
3,GO:0006119,microglia,CA1,2307,-0.35855708927758,FALSE,FALSE,oxidative phosphorylation,-2.11097705826318,5.75222270996947e-5,manuscript-fixed programme/location/constituent-term exemplar
3,GO:0006119,microglia,CA1,2308,-0.358755738463119,FALSE,FALSE,oxidative phosphorylation,-2.11097705826318,5.75222270996947e-5,manuscript-fixed programme/location/constituent-term exemplar
3,GO:0006119,microglia,CA1,2309,-0.358954387648657,FALSE,FALSE,oxidative phosphorylation,-2.11097705826318,5.75222270996947e-5,manuscript-fixed programme/location/constituent-term exemplar
3,GO:0006119,microglia,CA1,2310,-0.359153036834195,FALSE,FALSE,oxidative phosphorylation,-2.11097705826318,5.75222270996947e-5,manuscript-fixed programme/location/constituent-term exemplar
3,GO:0006119,microglia,CA1,2311,-0.359351686019734,FALSE,FALSE,oxidative phosphorylation,-2.11097705826318,5.75222270996947e-5,manuscript-fixed programme/location/constituent-term exemplar
3,GO:0006119,microglia,CA1,2312,-0.359550335205272,FALSE,FALSE,oxidative phosphorylation,-2.11097705826318,5.75222270996947e-5,manuscript-fixed programme/location/constituent-term exemplar
3,GO:0006119,microglia,CA1,2313,-0.35974898439081,FALSE,FALSE,oxidative phosphorylation,-2.11097705826318,5.75222270996947e-5,manuscript-fixed programme/location/constituent-term exemplar
3,GO:0006119,microglia,CA1,2314,-0.359947633576349,FALSE,FALSE,oxidative phosphorylation,-2.11097705826318,5.75222270996947e-5,manuscript-fixed programme/location/constituent-term exemplar
3,GO:0006119,microglia,CA1,2315,-0.360146282761887,FALSE,FALSE,oxidative phosphorylation,-2.11097705826318,5.75222270996947e-5,manuscript-fixed programme/location/constituent-term exemplar
3,GO:0006119,microglia,CA1,2316,-0.360344931947425,FALSE,FALSE,oxidative phosphorylation,-2.11097705826318,5.75222270996947e-5,manuscript-fixed programme/location/constituent-term exemplar
3,GO:0006119,microglia,CA1,2317,-0.360543581132964,FALSE,FALSE,oxidative phosphorylation,-2.11097705826318,5.75222270996947e-5,manuscript-fixed programme/location/constituent-term exemplar
3,GO:0006119,microglia,CA1,2318,-0.360742230318502,FALSE,FALSE,oxidative phosphorylation,-2.11097705826318,5.75222270996947e-5,manuscript-fixed programme/location/constituent-term exemplar
3,GO:0006119,microglia,CA1,2319,-0.36094087950404,FALSE,FALSE,oxidative phosphorylation,-2.11097705826318,5.75222270996947e-5,manuscript-fixed programme/location/constituent-term exemplar
3,GO:0006119,microglia,CA1,2320,-0.361139528689579,FALSE,FALSE,oxidative phosphorylation,-2.11097705826318,5.75222270996947e-5,manuscript-fixed programme/location/constituent-term exemplar
3,GO:0006119,microglia,CA1,2321,-0.361338177875117,FALSE,FALSE,oxidative phosphorylation,-2.11097705826318,5.75222270996947e-5,manuscript-fixed programme/location/constituent-term exemplar
3,GO:0006119,microglia,CA1,2322,-0.361536827060655,FALSE,FALSE,oxidative phosphorylation,-2.11097705826318,5.75222270996947e-5,manuscript-fixed programme/location/constituent-term exemplar
3,GO:0006119,microglia,CA1,2323,-0.361735476246194,FALSE,FALSE,oxidative phosphorylation,-2.11097705826318,5.75222270996947e-5,manuscript-fixed programme/location/constituent-term exemplar
3,GO:0006119,microglia,CA1,2324,-0.361934125431732,FALSE,FALSE,oxidative phosphorylation,-2.11097705826318,5.75222270996947e-5,manuscript-fixed programme/location/constituent-term exemplar
3,GO:0006119,microglia,CA1,2325,-0.36213277461727,FALSE,FALSE,oxidative phosphorylation,-2.11097705826318,5.75222270996947e-5,manuscript-fixed programme/location/constituent-term exemplar
3,GO:0006119,microglia,CA1,2326,-0.362331423802809,FALSE,FALSE,oxidative phosphorylation,-2.11097705826318,5.75222270996947e-5,manuscript-fixed programme/location/constituent-term exemplar
3,GO:0006119,microglia,CA1,2327,-0.362530072988347,FALSE,FALSE,oxidative phosphorylation,-2.11097705826318,5.75222270996947e-5,manuscript-fixed programme/location/constituent-term exemplar
3,GO:0006119,microglia,CA1,2328,-0.362728722173885,FALSE,FALSE,oxidative phosphorylation,-2.11097705826318,5.75222270996947e-5,manuscript-fixed programme/location/constituent-term exemplar
3,GO:0006119,microglia,CA1,2329,-0.362927371359424,FALSE,FALSE,oxidative phosphorylation,-2.11097705826318,5.75222270996947e-5,manuscript-fixed programme/location/constituent-term exemplar
3,GO:0006119,microglia,CA1,2330,-0.363126020544962,FALSE,FALSE,oxidative phosphorylation,-2.11097705826318,5.75222270996947e-5,manuscript-fixed programme/location/constituent-term exemplar
3,GO:0006119,microglia,CA1,2331,-0.3633246697305,FALSE,FALSE,oxidative phosphorylation,-2.11097705826318,5.75222270996947e-5,manuscript-fixed programme/location/constituent-term exemplar
3,GO:0006119,microglia,CA1,2332,-0.363523318916039,FALSE,FALSE,oxidative phosphorylation,-2.11097705826318,5.75222270996947e-5,manuscript-fixed programme/location/constituent-term exemplar
3,GO:0006119,microglia,CA1,2333,-0.363721968101577,FALSE,FALSE,oxidative phosphorylation,-2.11097705826318,5.75222270996947e-5,manuscript-fixed programme/location/constituent-term exemplar
3,GO:0006119,microglia,CA1,2334,-0.363920617287115,FALSE,FALSE,oxidative phosphorylation,-2.11097705826318,5.75222270996947e-5,manuscript-fixed programme/location/constituent-term exemplar
3,GO:0006119,microglia,CA1,2335,-0.364119266472654,FALSE,FALSE,oxidative phosphorylation,-2.11097705826318,5.75222270996947e-5,manuscript-fixed programme/location/constituent-term exemplar
3,GO:0006119,microglia,CA1,2336,-0.364317915658192,FALSE,FALSE,oxidative phosphorylation,-2.11097705826318,5.75222270996947e-5,manuscript-fixed programme/location/constituent-term exemplar
3,GO:0006119,microglia,CA1,2337,-0.36451656484373,FALSE,FALSE,oxidative phosphorylation,-2.11097705826318,5.75222270996947e-5,manuscript-fixed programme/location/constituent-term exemplar
3,GO:0006119,microglia,CA1,2338,-0.364715214029269,FALSE,FALSE,oxidative phosphorylation,-2.11097705826318,5.75222270996947e-5,manuscript-fixed programme/location/constituent-term exemplar
3,GO:0006119,microglia,CA1,2339,-0.364913863214807,FALSE,FALSE,oxidative phosphorylation,-2.11097705826318,5.75222270996947e-5,manuscript-fixed programme/location/constituent-term exemplar
3,GO:0006119,microglia,CA1,2340,-0.365112512400345,FALSE,FALSE,oxidative phosphorylation,-2.11097705826318,5.75222270996947e-5,manuscript-fixed programme/location/constituent-term exemplar
3,GO:0006119,microglia,CA1,2341,-0.365311161585884,FALSE,FALSE,oxidative phosphorylation,-2.11097705826318,5.75222270996947e-5,manuscript-fixed programme/location/constituent-term exemplar
3,GO:0006119,microglia,CA1,2342,-0.365509810771422,FALSE,FALSE,oxidative phosphorylation,-2.11097705826318,5.75222270996947e-5,manuscript-fixed programme/location/constituent-term exemplar
3,GO:0006119,microglia,CA1,2343,-0.36570845995696,FALSE,FALSE,oxidative phosphorylation,-2.11097705826318,5.75222270996947e-5,manuscript-fixed programme/location/constituent-term exemplar
3,GO:0006119,microglia,CA1,2344,-0.365907109142499,FALSE,FALSE,oxidative phosphorylation,-2.11097705826318,5.75222270996947e-5,manuscript-fixed programme/location/constituent-term exemplar
3,GO:0006119,microglia,CA1,2345,-0.366105758328037,FALSE,FALSE,oxidative phosphorylation,-2.11097705826318,5.75222270996947e-5,manuscript-fixed programme/location/constituent-term exemplar
3,GO:0006119,microglia,CA1,2346,-0.366304407513576,FALSE,FALSE,oxidative phosphorylation,-2.11097705826318,5.75222270996947e-5,manuscript-fixed programme/location/constituent-term exemplar
3,GO:0006119,microglia,CA1,2347,-0.366503056699114,FALSE,FALSE,oxidative phosphorylation,-2.11097705826318,5.75222270996947e-5,manuscript-fixed programme/location/constituent-term exemplar
3,GO:0006119,microglia,CA1,2348,-0.366701705884652,FALSE,FALSE,oxidative phosphorylation,-2.11097705826318,5.75222270996947e-5,manuscript-fixed programme/location/constituent-term exemplar
3,GO:0006119,microglia,CA1,2349,-0.366900355070191,FALSE,FALSE,oxidative phosphorylation,-2.11097705826318,5.75222270996947e-5,manuscript-fixed programme/location/constituent-term exemplar
3,GO:0006119,microglia,CA1,2350,-0.367099004255729,FALSE,FALSE,oxidative phosphorylation,-2.11097705826318,5.75222270996947e-5,manuscript-fixed programme/location/constituent-term exemplar
3,GO:0006119,microglia,CA1,2351,-0.367297653441267,FALSE,FALSE,oxidative phosphorylation,-2.11097705826318,5.75222270996947e-5,manuscript-fixed programme/location/constituent-term exemplar
3,GO:0006119,microglia,CA1,2352,-0.367496302626806,FALSE,FALSE,oxidative phosphorylation,-2.11097705826318,5.75222270996947e-5,manuscript-fixed programme/location/constituent-term exemplar
3,GO:0006119,microglia,CA1,2353,-0.367694951812344,FALSE,FALSE,oxidative phosphorylation,-2.11097705826318,5.75222270996947e-5,manuscript-fixed programme/location/constituent-term exemplar
3,GO:0006119,microglia,CA1,2354,-0.367893600997882,FALSE,FALSE,oxidative phosphorylation,-2.11097705826318,5.75222270996947e-5,manuscript-fixed programme/location/constituent-term exemplar
3,GO:0006119,microglia,CA1,2355,-0.368092250183421,FALSE,FALSE,oxidative phosphorylation,-2.11097705826318,5.75222270996947e-5,manuscript-fixed programme/location/constituent-term exemplar
3,GO:0006119,microglia,CA1,2356,-0.368290899368959,FALSE,FALSE,oxidative phosphorylation,-2.11097705826318,5.75222270996947e-5,manuscript-fixed programme/location/constituent-term exemplar
3,GO:0006119,microglia,CA1,2357,-0.368489548554497,FALSE,FALSE,oxidative phosphorylation,-2.11097705826318,5.75222270996947e-5,manuscript-fixed programme/location/constituent-term exemplar
3,GO:0006119,microglia,CA1,2358,-0.36868819774003603,FALSE,FALSE,oxidative phosphorylation,-2.11097705826318,5.75222270996947e-5,manuscript-fixed programme/location/constituent-term exemplar
3,GO:0006119,microglia,CA1,2359,-0.368886846925574,FALSE,FALSE,oxidative phosphorylation,-2.11097705826318,5.75222270996947e-5,manuscript-fixed programme/location/constituent-term exemplar
3,GO:0006119,microglia,CA1,2360,-0.369085496111112,FALSE,FALSE,oxidative phosphorylation,-2.11097705826318,5.75222270996947e-5,manuscript-fixed programme/location/constituent-term exemplar
3,GO:0006119,microglia,CA1,2361,-0.369284145296651,FALSE,FALSE,oxidative phosphorylation,-2.11097705826318,5.75222270996947e-5,manuscript-fixed programme/location/constituent-term exemplar
3,GO:0006119,microglia,CA1,2362,-0.369482794482189,FALSE,FALSE,oxidative phosphorylation,-2.11097705826318,5.75222270996947e-5,manuscript-fixed programme/location/constituent-term exemplar
3,GO:0006119,microglia,CA1,2363,-0.369681443667727,FALSE,FALSE,oxidative phosphorylation,-2.11097705826318,5.75222270996947e-5,manuscript-fixed programme/location/constituent-term exemplar
3,GO:0006119,microglia,CA1,2364,-0.369880092853266,FALSE,FALSE,oxidative phosphorylation,-2.11097705826318,5.75222270996947e-5,manuscript-fixed programme/location/constituent-term exemplar
3,GO:0006119,microglia,CA1,2365,-0.370078742038804,FALSE,FALSE,oxidative phosphorylation,-2.11097705826318,5.75222270996947e-5,manuscript-fixed programme/location/constituent-term exemplar
3,GO:0006119,microglia,CA1,2366,-0.370277391224342,FALSE,FALSE,oxidative phosphorylation,-2.11097705826318,5.75222270996947e-5,manuscript-fixed programme/location/constituent-term exemplar
3,GO:0006119,microglia,CA1,2367,-0.370476040409881,FALSE,FALSE,oxidative phosphorylation,-2.11097705826318,5.75222270996947e-5,manuscript-fixed programme/location/constituent-term exemplar
3,GO:0006119,microglia,CA1,2368,-0.370674689595419,FALSE,FALSE,oxidative phosphorylation,-2.11097705826318,5.75222270996947e-5,manuscript-fixed programme/location/constituent-term exemplar
3,GO:0006119,microglia,CA1,2369,-0.370873338780957,FALSE,FALSE,oxidative phosphorylation,-2.11097705826318,5.75222270996947e-5,manuscript-fixed programme/location/constituent-term exemplar
3,GO:0006119,microglia,CA1,2370,-0.371071987966496,FALSE,FALSE,oxidative phosphorylation,-2.11097705826318,5.75222270996947e-5,manuscript-fixed programme/location/constituent-term exemplar
3,GO:0006119,microglia,CA1,2371,-0.371270637152034,FALSE,FALSE,oxidative phosphorylation,-2.11097705826318,5.75222270996947e-5,manuscript-fixed programme/location/constituent-term exemplar
3,GO:0006119,microglia,CA1,2372,-0.371469286337572,FALSE,FALSE,oxidative phosphorylation,-2.11097705826318,5.75222270996947e-5,manuscript-fixed programme/location/constituent-term exemplar
3,GO:0006119,microglia,CA1,2373,-0.371667935523111,FALSE,FALSE,oxidative phosphorylation,-2.11097705826318,5.75222270996947e-5,manuscript-fixed programme/location/constituent-term exemplar
3,GO:0006119,microglia,CA1,2374,-0.371866584708649,FALSE,FALSE,oxidative phosphorylation,-2.11097705826318,5.75222270996947e-5,manuscript-fixed programme/location/constituent-term exemplar
3,GO:0006119,microglia,CA1,2375,-0.372065233894187,FALSE,FALSE,oxidative phosphorylation,-2.11097705826318,5.75222270996947e-5,manuscript-fixed programme/location/constituent-term exemplar
3,GO:0006119,microglia,CA1,2376,-0.372263883079726,FALSE,FALSE,oxidative phosphorylation,-2.11097705826318,5.75222270996947e-5,manuscript-fixed programme/location/constituent-term exemplar
3,GO:0006119,microglia,CA1,2377,-0.372462532265264,FALSE,FALSE,oxidative phosphorylation,-2.11097705826318,5.75222270996947e-5,manuscript-fixed programme/location/constituent-term exemplar
3,GO:0006119,microglia,CA1,2378,-0.372661181450802,FALSE,FALSE,oxidative phosphorylation,-2.11097705826318,5.75222270996947e-5,manuscript-fixed programme/location/constituent-term exemplar
3,GO:0006119,microglia,CA1,2379,-0.372859830636341,FALSE,FALSE,oxidative phosphorylation,-2.11097705826318,5.75222270996947e-5,manuscript-fixed programme/location/constituent-term exemplar
3,GO:0006119,microglia,CA1,2380,-0.373058479821879,FALSE,FALSE,oxidative phosphorylation,-2.11097705826318,5.75222270996947e-5,manuscript-fixed programme/location/constituent-term exemplar
3,GO:0006119,microglia,CA1,2381,-0.373257129007417,FALSE,FALSE,oxidative phosphorylation,-2.11097705826318,5.75222270996947e-5,manuscript-fixed programme/location/constituent-term exemplar
3,GO:0006119,microglia,CA1,2382,-0.373455778192956,FALSE,FALSE,oxidative phosphorylation,-2.11097705826318,5.75222270996947e-5,manuscript-fixed programme/location/constituent-term exemplar
3,GO:0006119,microglia,CA1,2383,-0.373654427378494,FALSE,FALSE,oxidative phosphorylation,-2.11097705826318,5.75222270996947e-5,manuscript-fixed programme/location/constituent-term exemplar
3,GO:0006119,microglia,CA1,2384,-0.373853076564032,FALSE,FALSE,oxidative phosphorylation,-2.11097705826318,5.75222270996947e-5,manuscript-fixed programme/location/constituent-term exemplar
3,GO:0006119,microglia,CA1,2385,-0.374051725749571,FALSE,FALSE,oxidative phosphorylation,-2.11097705826318,5.75222270996947e-5,manuscript-fixed programme/location/constituent-term exemplar
3,GO:0006119,microglia,CA1,2386,-0.374250374935109,FALSE,FALSE,oxidative phosphorylation,-2.11097705826318,5.75222270996947e-5,manuscript-fixed programme/location/constituent-term exemplar
3,GO:0006119,microglia,CA1,2387,-0.374449024120647,FALSE,FALSE,oxidative phosphorylation,-2.11097705826318,5.75222270996947e-5,manuscript-fixed programme/location/constituent-term exemplar
3,GO:0006119,microglia,CA1,2388,-0.374647673306186,FALSE,FALSE,oxidative phosphorylation,-2.11097705826318,5.75222270996947e-5,manuscript-fixed programme/location/constituent-term exemplar
3,GO:0006119,microglia,CA1,2389,-0.374846322491724,FALSE,FALSE,oxidative phosphorylation,-2.11097705826318,5.75222270996947e-5,manuscript-fixed programme/location/constituent-term exemplar
3,GO:0006119,microglia,CA1,2390,-0.375044971677262,FALSE,FALSE,oxidative phosphorylation,-2.11097705826318,5.75222270996947e-5,manuscript-fixed programme/location/constituent-term exemplar
3,GO:0006119,microglia,CA1,2391,-0.375243620862801,FALSE,FALSE,oxidative phosphorylation,-2.11097705826318,5.75222270996947e-5,manuscript-fixed programme/location/constituent-term exemplar
3,GO:0006119,microglia,CA1,2392,-0.375442270048339,FALSE,FALSE,oxidative phosphorylation,-2.11097705826318,5.75222270996947e-5,manuscript-fixed programme/location/constituent-term exemplar
3,GO:0006119,microglia,CA1,2393,-0.375640919233877,FALSE,FALSE,oxidative phosphorylation,-2.11097705826318,5.75222270996947e-5,manuscript-fixed programme/location/constituent-term exemplar
3,GO:0006119,microglia,CA1,2394,-0.375839568419416,FALSE,FALSE,oxidative phosphorylation,-2.11097705826318,5.75222270996947e-5,manuscript-fixed programme/location/constituent-term exemplar
3,GO:0006119,microglia,CA1,2395,-0.376038217604954,FALSE,FALSE,oxidative phosphorylation,-2.11097705826318,5.75222270996947e-5,manuscript-fixed programme/location/constituent-term exemplar
3,GO:0006119,microglia,CA1,2396,-0.376236866790492,FALSE,FALSE,oxidative phosphorylation,-2.11097705826318,5.75222270996947e-5,manuscript-fixed programme/location/constituent-term exemplar
3,GO:0006119,microglia,CA1,2397,-0.376435515976031,FALSE,FALSE,oxidative phosphorylation,-2.11097705826318,5.75222270996947e-5,manuscript-fixed programme/location/constituent-term exemplar
3,GO:0006119,microglia,CA1,2398,-0.376634165161569,FALSE,FALSE,oxidative phosphorylation,-2.11097705826318,5.75222270996947e-5,manuscript-fixed programme/location/constituent-term exemplar
3,GO:0006119,microglia,CA1,2399,-0.376832814347107,FALSE,FALSE,oxidative phosphorylation,-2.11097705826318,5.75222270996947e-5,manuscript-fixed programme/location/constituent-term exemplar
3,GO:0006119,microglia,CA1,2400,-0.377031463532646,FALSE,FALSE,oxidative phosphorylation,-2.11097705826318,5.75222270996947e-5,manuscript-fixed programme/location/constituent-term exemplar
3,GO:0006119,microglia,CA1,2401,-0.377230112718184,FALSE,FALSE,oxidative phosphorylation,-2.11097705826318,5.75222270996947e-5,manuscript-fixed programme/location/constituent-term exemplar
3,GO:0006119,microglia,CA1,2402,-0.377428761903722,FALSE,FALSE,oxidative phosphorylation,-2.11097705826318,5.75222270996947e-5,manuscript-fixed programme/location/constituent-term exemplar
3,GO:0006119,microglia,CA1,2403,-0.377627411089261,FALSE,FALSE,oxidative phosphorylation,-2.11097705826318,5.75222270996947e-5,manuscript-fixed programme/location/constituent-term exemplar
3,GO:0006119,microglia,CA1,2404,-0.377826060274799,FALSE,FALSE,oxidative phosphorylation,-2.11097705826318,5.75222270996947e-5,manuscript-fixed programme/location/constituent-term exemplar
3,GO:0006119,microglia,CA1,2405,-0.378024709460338,FALSE,FALSE,oxidative phosphorylation,-2.11097705826318,5.75222270996947e-5,manuscript-fixed programme/location/constituent-term exemplar
3,GO:0006119,microglia,CA1,2406,-0.378223358645876,FALSE,FALSE,oxidative phosphorylation,-2.11097705826318,5.75222270996947e-5,manuscript-fixed programme/location/constituent-term exemplar
3,GO:0006119,microglia,CA1,2407,-0.378422007831414,FALSE,FALSE,oxidative phosphorylation,-2.11097705826318,5.75222270996947e-5,manuscript-fixed programme/location/constituent-term exemplar
3,GO:0006119,microglia,CA1,2408,-0.378620657016953,FALSE,FALSE,oxidative phosphorylation,-2.11097705826318,5.75222270996947e-5,manuscript-fixed programme/location/constituent-term exemplar
3,GO:0006119,microglia,CA1,2409,-0.378819306202491,FALSE,FALSE,oxidative phosphorylation,-2.11097705826318,5.75222270996947e-5,manuscript-fixed programme/location/constituent-term exemplar
3,GO:0006119,microglia,CA1,2410,-0.379017955388029,FALSE,FALSE,oxidative phosphorylation,-2.11097705826318,5.75222270996947e-5,manuscript-fixed programme/location/constituent-term exemplar
3,GO:0006119,microglia,CA1,2411,-0.379216604573568,FALSE,FALSE,oxidative phosphorylation,-2.11097705826318,5.75222270996947e-5,manuscript-fixed programme/location/constituent-term exemplar
3,GO:0006119,microglia,CA1,2412,-0.377738689186896,TRUE,FALSE,oxidative phosphorylation,-2.11097705826318,5.75222270996947e-5,manuscript-fixed programme/location/constituent-term exemplar
3,GO:0006119,microglia,CA1,2413,-0.377937338372434,FALSE,FALSE,oxidative phosphorylation,-2.11097705826318,5.75222270996947e-5,manuscript-fixed programme/location/constituent-term exemplar
3,GO:0006119,microglia,CA1,2414,-0.378135987557973,FALSE,FALSE,oxidative phosphorylation,-2.11097705826318,5.75222270996947e-5,manuscript-fixed programme/location/constituent-term exemplar
3,GO:0006119,microglia,CA1,2415,-0.378334636743511,FALSE,FALSE,oxidative phosphorylation,-2.11097705826318,5.75222270996947e-5,manuscript-fixed programme/location/constituent-term exemplar
3,GO:0006119,microglia,CA1,2416,-0.37853328592905,FALSE,FALSE,oxidative phosphorylation,-2.11097705826318,5.75222270996947e-5,manuscript-fixed programme/location/constituent-term exemplar
3,GO:0006119,microglia,CA1,2417,-0.378731935114588,FALSE,FALSE,oxidative phosphorylation,-2.11097705826318,5.75222270996947e-5,manuscript-fixed programme/location/constituent-term exemplar
3,GO:0006119,microglia,CA1,2418,-0.378930584300126,FALSE,FALSE,oxidative phosphorylation,-2.11097705826318,5.75222270996947e-5,manuscript-fixed programme/location/constituent-term exemplar
3,GO:0006119,microglia,CA1,2419,-0.379129233485665,FALSE,FALSE,oxidative phosphorylation,-2.11097705826318,5.75222270996947e-5,manuscript-fixed programme/location/constituent-term exemplar
3,GO:0006119,microglia,CA1,2420,-0.379327882671203,FALSE,FALSE,oxidative phosphorylation,-2.11097705826318,5.75222270996947e-5,manuscript-fixed programme/location/constituent-term exemplar
3,GO:0006119,microglia,CA1,2421,-0.379526531856741,FALSE,FALSE,oxidative phosphorylation,-2.11097705826318,5.75222270996947e-5,manuscript-fixed programme/location/constituent-term exemplar
3,GO:0006119,microglia,CA1,2422,-0.37972518104228,FALSE,FALSE,oxidative phosphorylation,-2.11097705826318,5.75222270996947e-5,manuscript-fixed programme/location/constituent-term exemplar
3,GO:0006119,microglia,CA1,2423,-0.379923830227818,FALSE,FALSE,oxidative phosphorylation,-2.11097705826318,5.75222270996947e-5,manuscript-fixed programme/location/constituent-term exemplar
3,GO:0006119,microglia,CA1,2424,-0.380122479413356,FALSE,FALSE,oxidative phosphorylation,-2.11097705826318,5.75222270996947e-5,manuscript-fixed programme/location/constituent-term exemplar
3,GO:0006119,microglia,CA1,2425,-0.380321128598895,FALSE,FALSE,oxidative phosphorylation,-2.11097705826318,5.75222270996947e-5,manuscript-fixed programme/location/constituent-term exemplar
3,GO:0006119,microglia,CA1,2426,-0.380519777784433,FALSE,FALSE,oxidative phosphorylation,-2.11097705826318,5.75222270996947e-5,manuscript-fixed programme/location/constituent-term exemplar
3,GO:0006119,microglia,CA1,2427,-0.380718426969971,FALSE,FALSE,oxidative phosphorylation,-2.11097705826318,5.75222270996947e-5,manuscript-fixed programme/location/constituent-term exemplar
3,GO:0006119,microglia,CA1,2428,-0.38091707615551,FALSE,FALSE,oxidative phosphorylation,-2.11097705826318,5.75222270996947e-5,manuscript-fixed programme/location/constituent-term exemplar
3,GO:0006119,microglia,CA1,2429,-0.381115725341048,FALSE,FALSE,oxidative phosphorylation,-2.11097705826318,5.75222270996947e-5,manuscript-fixed programme/location/constituent-term exemplar
3,GO:0006119,microglia,CA1,2430,-0.381314374526586,FALSE,FALSE,oxidative phosphorylation,-2.11097705826318,5.75222270996947e-5,manuscript-fixed programme/location/constituent-term exemplar
3,GO:0006119,microglia,CA1,2431,-0.381513023712125,FALSE,FALSE,oxidative phosphorylation,-2.11097705826318,5.75222270996947e-5,manuscript-fixed programme/location/constituent-term exemplar
3,GO:0006119,microglia,CA1,2432,-0.381711672897663,FALSE,FALSE,oxidative phosphorylation,-2.11097705826318,5.75222270996947e-5,manuscript-fixed programme/location/constituent-term exemplar
3,GO:0006119,microglia,CA1,2433,-0.381910322083201,FALSE,FALSE,oxidative phosphorylation,-2.11097705826318,5.75222270996947e-5,manuscript-fixed programme/location/constituent-term exemplar
3,GO:0006119,microglia,CA1,2434,-0.38210897126874,FALSE,FALSE,oxidative phosphorylation,-2.11097705826318,5.75222270996947e-5,manuscript-fixed programme/location/constituent-term exemplar
3,GO:0006119,microglia,CA1,2435,-0.382307620454278,FALSE,FALSE,oxidative phosphorylation,-2.11097705826318,5.75222270996947e-5,manuscript-fixed programme/location/constituent-term exemplar
3,GO:0006119,microglia,CA1,2436,-0.382506269639816,FALSE,FALSE,oxidative phosphorylation,-2.11097705826318,5.75222270996947e-5,manuscript-fixed programme/location/constituent-term exemplar
3,GO:0006119,microglia,CA1,2437,-0.382704918825355,FALSE,FALSE,oxidative phosphorylation,-2.11097705826318,5.75222270996947e-5,manuscript-fixed programme/location/constituent-term exemplar
3,GO:0006119,microglia,CA1,2438,-0.382903568010893,FALSE,FALSE,oxidative phosphorylation,-2.11097705826318,5.75222270996947e-5,manuscript-fixed programme/location/constituent-term exemplar
3,GO:0006119,microglia,CA1,2439,-0.383102217196431,FALSE,FALSE,oxidative phosphorylation,-2.11097705826318,5.75222270996947e-5,manuscript-fixed programme/location/constituent-term exemplar
3,GO:0006119,microglia,CA1,2440,-0.38330086638197,FALSE,FALSE,oxidative phosphorylation,-2.11097705826318,5.75222270996947e-5,manuscript-fixed programme/location/constituent-term exemplar
3,GO:0006119,microglia,CA1,2441,-0.383499515567508,FALSE,FALSE,oxidative phosphorylation,-2.11097705826318,5.75222270996947e-5,manuscript-fixed programme/location/constituent-term exemplar
3,GO:0006119,microglia,CA1,2442,-0.383698164753046,FALSE,FALSE,oxidative phosphorylation,-2.11097705826318,5.75222270996947e-5,manuscript-fixed programme/location/constituent-term exemplar
3,GO:0006119,microglia,CA1,2443,-0.383896813938585,FALSE,FALSE,oxidative phosphorylation,-2.11097705826318,5.75222270996947e-5,manuscript-fixed programme/location/constituent-term exemplar
3,GO:0006119,microglia,CA1,2444,-0.384095463124123,FALSE,FALSE,oxidative phosphorylation,-2.11097705826318,5.75222270996947e-5,manuscript-fixed programme/location/constituent-term exemplar
3,GO:0006119,microglia,CA1,2445,-0.384294112309661,FALSE,FALSE,oxidative phosphorylation,-2.11097705826318,5.75222270996947e-5,manuscript-fixed programme/location/constituent-term exemplar
3,GO:0006119,microglia,CA1,2446,-0.3844927614952,FALSE,FALSE,oxidative phosphorylation,-2.11097705826318,5.75222270996947e-5,manuscript-fixed programme/location/constituent-term exemplar
3,GO:0006119,microglia,CA1,2447,-0.384691410680738,FALSE,FALSE,oxidative phosphorylation,-2.11097705826318,5.75222270996947e-5,manuscript-fixed programme/location/constituent-term exemplar
3,GO:0006119,microglia,CA1,2448,-0.384890059866276,FALSE,FALSE,oxidative phosphorylation,-2.11097705826318,5.75222270996947e-5,manuscript-fixed programme/location/constituent-term exemplar
3,GO:0006119,microglia,CA1,2449,-0.385088709051815,FALSE,FALSE,oxidative phosphorylation,-2.11097705826318,5.75222270996947e-5,manuscript-fixed programme/location/constituent-term exemplar
3,GO:0006119,microglia,CA1,2450,-0.385287358237353,FALSE,FALSE,oxidative phosphorylation,-2.11097705826318,5.75222270996947e-5,manuscript-fixed programme/location/constituent-term exemplar
3,GO:0006119,microglia,CA1,2451,-0.383641662937414,TRUE,FALSE,oxidative phosphorylation,-2.11097705826318,5.75222270996947e-5,manuscript-fixed programme/location/constituent-term exemplar
3,GO:0006119,microglia,CA1,2452,-0.383840312122952,FALSE,FALSE,oxidative phosphorylation,-2.11097705826318,5.75222270996947e-5,manuscript-fixed programme/location/constituent-term exemplar
3,GO:0006119,microglia,CA1,2453,-0.38403896130849,FALSE,FALSE,oxidative phosphorylation,-2.11097705826318,5.75222270996947e-5,manuscript-fixed programme/location/constituent-term exemplar
3,GO:0006119,microglia,CA1,2454,-0.384237610494029,FALSE,FALSE,oxidative phosphorylation,-2.11097705826318,5.75222270996947e-5,manuscript-fixed programme/location/constituent-term exemplar
3,GO:0006119,microglia,CA1,2455,-0.382546605270018,TRUE,FALSE,oxidative phosphorylation,-2.11097705826318,5.75222270996947e-5,manuscript-fixed programme/location/constituent-term exemplar
3,GO:0006119,microglia,CA1,2456,-0.382745254455556,FALSE,FALSE,oxidative phosphorylation,-2.11097705826318,5.75222270996947e-5,manuscript-fixed programme/location/constituent-term exemplar
3,GO:0006119,microglia,CA1,2457,-0.382943903641095,FALSE,FALSE,oxidative phosphorylation,-2.11097705826318,5.75222270996947e-5,manuscript-fixed programme/location/constituent-term exemplar
3,GO:0006119,microglia,CA1,2458,-0.383142552826633,FALSE,FALSE,oxidative phosphorylation,-2.11097705826318,5.75222270996947e-5,manuscript-fixed programme/location/constituent-term exemplar
3,GO:0006119,microglia,CA1,2459,-0.383341202012171,FALSE,FALSE,oxidative phosphorylation,-2.11097705826318,5.75222270996947e-5,manuscript-fixed programme/location/constituent-term exemplar
3,GO:0006119,microglia,CA1,2460,-0.38353985119771,FALSE,FALSE,oxidative phosphorylation,-2.11097705826318,5.75222270996947e-5,manuscript-fixed programme/location/constituent-term exemplar
3,GO:0006119,microglia,CA1,2461,-0.383738500383248,FALSE,FALSE,oxidative phosphorylation,-2.11097705826318,5.75222270996947e-5,manuscript-fixed programme/location/constituent-term exemplar
3,GO:0006119,microglia,CA1,2462,-0.381997332102266,TRUE,FALSE,oxidative phosphorylation,-2.11097705826318,5.75222270996947e-5,manuscript-fixed programme/location/constituent-term exemplar
3,GO:0006119,microglia,CA1,2463,-0.382195981287805,FALSE,FALSE,oxidative phosphorylation,-2.11097705826318,5.75222270996947e-5,manuscript-fixed programme/location/constituent-term exemplar
3,GO:0006119,microglia,CA1,2464,-0.382394630473343,FALSE,FALSE,oxidative phosphorylation,-2.11097705826318,5.75222270996947e-5,manuscript-fixed programme/location/constituent-term exemplar
3,GO:0006119,microglia,CA1,2465,-0.382593279658881,FALSE,FALSE,oxidative phosphorylation,-2.11097705826318,5.75222270996947e-5,manuscript-fixed programme/location/constituent-term exemplar
3,GO:0006119,microglia,CA1,2466,-0.38279192884442,FALSE,FALSE,oxidative phosphorylation,-2.11097705826318,5.75222270996947e-5,manuscript-fixed programme/location/constituent-term exemplar
3,GO:0006119,microglia,CA1,2467,-0.382990578029958,FALSE,FALSE,oxidative phosphorylation,-2.11097705826318,5.75222270996947e-5,manuscript-fixed programme/location/constituent-term exemplar
3,GO:0006119,microglia,CA1,2468,-0.383189227215496,FALSE,FALSE,oxidative phosphorylation,-2.11097705826318,5.75222270996947e-5,manuscript-fixed programme/location/constituent-term exemplar
3,GO:0006119,microglia,CA1,2469,-0.383387876401035,FALSE,FALSE,oxidative phosphorylation,-2.11097705826318,5.75222270996947e-5,manuscript-fixed programme/location/constituent-term exemplar
3,GO:0006119,microglia,CA1,2470,-0.383586525586573,FALSE,FALSE,oxidative phosphorylation,-2.11097705826318,5.75222270996947e-5,manuscript-fixed programme/location/constituent-term exemplar
3,GO:0006119,microglia,CA1,2471,-0.383785174772111,FALSE,FALSE,oxidative phosphorylation,-2.11097705826318,5.75222270996947e-5,manuscript-fixed programme/location/constituent-term exemplar
3,GO:0006119,microglia,CA1,2472,-0.381972196514449,TRUE,FALSE,oxidative phosphorylation,-2.11097705826318,5.75222270996947e-5,manuscript-fixed programme/location/constituent-term exemplar
3,GO:0006119,microglia,CA1,2473,-0.382170845699987,FALSE,FALSE,oxidative phosphorylation,-2.11097705826318,5.75222270996947e-5,manuscript-fixed programme/location/constituent-term exemplar
3,GO:0006119,microglia,CA1,2474,-0.382369494885526,FALSE,FALSE,oxidative phosphorylation,-2.11097705826318,5.75222270996947e-5,manuscript-fixed programme/location/constituent-term exemplar
3,GO:0006119,microglia,CA1,2475,-0.382568144071064,FALSE,FALSE,oxidative phosphorylation,-2.11097705826318,5.75222270996947e-5,manuscript-fixed programme/location/constituent-term exemplar
3,GO:0006119,microglia,CA1,2476,-0.382766793256602,FALSE,FALSE,oxidative phosphorylation,-2.11097705826318,5.75222270996947e-5,manuscript-fixed programme/location/constituent-term exemplar
3,GO:0006119,microglia,CA1,2477,-0.382965442442141,FALSE,FALSE,oxidative phosphorylation,-2.11097705826318,5.75222270996947e-5,manuscript-fixed programme/location/constituent-term exemplar
3,GO:0006119,microglia,CA1,2478,-0.383164091627679,FALSE,FALSE,oxidative phosphorylation,-2.11097705826318,5.75222270996947e-5,manuscript-fixed programme/location/constituent-term exemplar
3,GO:0006119,microglia,CA1,2479,-0.383362740813218,FALSE,FALSE,oxidative phosphorylation,-2.11097705826318,5.75222270996947e-5,manuscript-fixed programme/location/constituent-term exemplar
3,GO:0006119,microglia,CA1,2480,-0.383561389998756,FALSE,FALSE,oxidative phosphorylation,-2.11097705826318,5.75222270996947e-5,manuscript-fixed programme/location/constituent-term exemplar
3,GO:0006119,microglia,CA1,2481,-0.383760039184294,FALSE,FALSE,oxidative phosphorylation,-2.11097705826318,5.75222270996947e-5,manuscript-fixed programme/location/constituent-term exemplar
3,GO:0006119,microglia,CA1,2482,-0.383958688369832,FALSE,FALSE,oxidative phosphorylation,-2.11097705826318,5.75222270996947e-5,manuscript-fixed programme/location/constituent-term exemplar
3,GO:0006119,microglia,CA1,2483,-0.384157337555371,FALSE,FALSE,oxidative phosphorylation,-2.11097705826318,5.75222270996947e-5,manuscript-fixed programme/location/constituent-term exemplar
3,GO:0006119,microglia,CA1,2484,-0.384355986740909,FALSE,FALSE,oxidative phosphorylation,-2.11097705826318,5.75222270996947e-5,manuscript-fixed programme/location/constituent-term exemplar
3,GO:0006119,microglia,CA1,2485,-0.384554635926448,FALSE,FALSE,oxidative phosphorylation,-2.11097705826318,5.75222270996947e-5,manuscript-fixed programme/location/constituent-term exemplar
3,GO:0006119,microglia,CA1,2486,-0.384753285111986,FALSE,FALSE,oxidative phosphorylation,-2.11097705826318,5.75222270996947e-5,manuscript-fixed programme/location/constituent-term exemplar
3,GO:0006119,microglia,CA1,2487,-0.384951934297524,FALSE,FALSE,oxidative phosphorylation,-2.11097705826318,5.75222270996947e-5,manuscript-fixed programme/location/constituent-term exemplar
3,GO:0006119,microglia,CA1,2488,-0.385150583483063,FALSE,FALSE,oxidative phosphorylation,-2.11097705826318,5.75222270996947e-5,manuscript-fixed programme/location/constituent-term exemplar
3,GO:0006119,microglia,CA1,2489,-0.385349232668601,FALSE,FALSE,oxidative phosphorylation,-2.11097705826318,5.75222270996947e-5,manuscript-fixed programme/location/constituent-term exemplar
3,GO:0006119,microglia,CA1,2490,-0.385547881854139,FALSE,FALSE,oxidative phosphorylation,-2.11097705826318,5.75222270996947e-5,manuscript-fixed programme/location/constituent-term exemplar
3,GO:0006119,microglia,CA1,2491,-0.385746531039678,FALSE,FALSE,oxidative phosphorylation,-2.11097705826318,5.75222270996947e-5,manuscript-fixed programme/location/constituent-term exemplar
3,GO:0006119,microglia,CA1,2492,-0.385945180225216,FALSE,FALSE,oxidative phosphorylation,-2.11097705826318,5.75222270996947e-5,manuscript-fixed programme/location/constituent-term exemplar
3,GO:0006119,microglia,CA1,2493,-0.386143829410754,FALSE,FALSE,oxidative phosphorylation,-2.11097705826318,5.75222270996947e-5,manuscript-fixed programme/location/constituent-term exemplar
3,GO:0006119,microglia,CA1,2494,-0.386342478596293,FALSE,FALSE,oxidative phosphorylation,-2.11097705826318,5.75222270996947e-5,manuscript-fixed programme/location/constituent-term exemplar
3,GO:0006119,microglia,CA1,2495,-0.386541127781831,FALSE,FALSE,oxidative phosphorylation,-2.11097705826318,5.75222270996947e-5,manuscript-fixed programme/location/constituent-term exemplar
3,GO:0006119,microglia,CA1,2496,-0.386739776967369,FALSE,FALSE,oxidative phosphorylation,-2.11097705826318,5.75222270996947e-5,manuscript-fixed programme/location/constituent-term exemplar
3,GO:0006119,microglia,CA1,2497,-0.386938426152908,FALSE,FALSE,oxidative phosphorylation,-2.11097705826318,5.75222270996947e-5,manuscript-fixed programme/location/constituent-term exemplar
3,GO:0006119,microglia,CA1,2498,-0.387137075338446,FALSE,FALSE,oxidative phosphorylation,-2.11097705826318,5.75222270996947e-5,manuscript-fixed programme/location/constituent-term exemplar
3,GO:0006119,microglia,CA1,2499,-0.387335724523984,FALSE,FALSE,oxidative phosphorylation,-2.11097705826318,5.75222270996947e-5,manuscript-fixed programme/location/constituent-term exemplar
3,GO:0006119,microglia,CA1,2500,-0.387534373709523,FALSE,FALSE,oxidative phosphorylation,-2.11097705826318,5.75222270996947e-5,manuscript-fixed programme/location/constituent-term exemplar
3,GO:0006119,microglia,CA1,2501,-0.387733022895061,FALSE,FALSE,oxidative phosphorylation,-2.11097705826318,5.75222270996947e-5,manuscript-fixed programme/location/constituent-term exemplar
3,GO:0006119,microglia,CA1,2502,-0.387931672080599,FALSE,FALSE,oxidative phosphorylation,-2.11097705826318,5.75222270996947e-5,manuscript-fixed programme/location/constituent-term exemplar
3,GO:0006119,microglia,CA1,2503,-0.388130321266138,FALSE,FALSE,oxidative phosphorylation,-2.11097705826318,5.75222270996947e-5,manuscript-fixed programme/location/constituent-term exemplar
3,GO:0006119,microglia,CA1,2504,-0.388328970451676,FALSE,FALSE,oxidative phosphorylation,-2.11097705826318,5.75222270996947e-5,manuscript-fixed programme/location/constituent-term exemplar
3,GO:0006119,microglia,CA1,2505,-0.388527619637214,FALSE,FALSE,oxidative phosphorylation,-2.11097705826318,5.75222270996947e-5,manuscript-fixed programme/location/constituent-term exemplar
3,GO:0006119,microglia,CA1,2506,-0.388726268822753,FALSE,FALSE,oxidative phosphorylation,-2.11097705826318,5.75222270996947e-5,manuscript-fixed programme/location/constituent-term exemplar
3,GO:0006119,microglia,CA1,2507,-0.388924918008291,FALSE,FALSE,oxidative phosphorylation,-2.11097705826318,5.75222270996947e-5,manuscript-fixed programme/location/constituent-term exemplar
3,GO:0006119,microglia,CA1,2508,-0.389123567193829,FALSE,FALSE,oxidative phosphorylation,-2.11097705826318,5.75222270996947e-5,manuscript-fixed programme/location/constituent-term exemplar
3,GO:0006119,microglia,CA1,2509,-0.389322216379368,FALSE,FALSE,oxidative phosphorylation,-2.11097705826318,5.75222270996947e-5,manuscript-fixed programme/location/constituent-term exemplar
3,GO:0006119,microglia,CA1,2510,-0.389520865564906,FALSE,FALSE,oxidative phosphorylation,-2.11097705826318,5.75222270996947e-5,manuscript-fixed programme/location/constituent-term exemplar
3,GO:0006119,microglia,CA1,2511,-0.389719514750444,FALSE,FALSE,oxidative phosphorylation,-2.11097705826318,5.75222270996947e-5,manuscript-fixed programme/location/constituent-term exemplar
3,GO:0006119,microglia,CA1,2512,-0.389918163935983,FALSE,FALSE,oxidative phosphorylation,-2.11097705826318,5.75222270996947e-5,manuscript-fixed programme/location/constituent-term exemplar
3,GO:0006119,microglia,CA1,2513,-0.390116813121521,FALSE,FALSE,oxidative phosphorylation,-2.11097705826318,5.75222270996947e-5,manuscript-fixed programme/location/constituent-term exemplar
3,GO:0006119,microglia,CA1,2514,-0.390315462307059,FALSE,FALSE,oxidative phosphorylation,-2.11097705826318,5.75222270996947e-5,manuscript-fixed programme/location/constituent-term exemplar
3,GO:0006119,microglia,CA1,2515,-0.390514111492598,FALSE,FALSE,oxidative phosphorylation,-2.11097705826318,5.75222270996947e-5,manuscript-fixed programme/location/constituent-term exemplar
3,GO:0006119,microglia,CA1,2516,-0.390712760678136,FALSE,FALSE,oxidative phosphorylation,-2.11097705826318,5.75222270996947e-5,manuscript-fixed programme/location/constituent-term exemplar
3,GO:0006119,microglia,CA1,2517,-0.390911409863674,FALSE,FALSE,oxidative phosphorylation,-2.11097705826318,5.75222270996947e-5,manuscript-fixed programme/location/constituent-term exemplar
3,GO:0006119,microglia,CA1,2518,-0.391110059049213,FALSE,FALSE,oxidative phosphorylation,-2.11097705826318,5.75222270996947e-5,manuscript-fixed programme/location/constituent-term exemplar
3,GO:0006119,microglia,CA1,2519,-0.391308708234751,FALSE,FALSE,oxidative phosphorylation,-2.11097705826318,5.75222270996947e-5,manuscript-fixed programme/location/constituent-term exemplar
3,GO:0006119,microglia,CA1,2520,-0.391507357420289,FALSE,FALSE,oxidative phosphorylation,-2.11097705826318,5.75222270996947e-5,manuscript-fixed programme/location/constituent-term exemplar
3,GO:0006119,microglia,CA1,2521,-0.391706006605828,FALSE,FALSE,oxidative phosphorylation,-2.11097705826318,5.75222270996947e-5,manuscript-fixed programme/location/constituent-term exemplar
3,GO:0006119,microglia,CA1,2522,-0.391904655791366,FALSE,FALSE,oxidative phosphorylation,-2.11097705826318,5.75222270996947e-5,manuscript-fixed programme/location/constituent-term exemplar
3,GO:0006119,microglia,CA1,2523,-0.392103304976904,FALSE,FALSE,oxidative phosphorylation,-2.11097705826318,5.75222270996947e-5,manuscript-fixed programme/location/constituent-term exemplar
3,GO:0006119,microglia,CA1,2524,-0.392301954162443,FALSE,FALSE,oxidative phosphorylation,-2.11097705826318,5.75222270996947e-5,manuscript-fixed programme/location/constituent-term exemplar
3,GO:0006119,microglia,CA1,2525,-0.392500603347981,FALSE,FALSE,oxidative phosphorylation,-2.11097705826318,5.75222270996947e-5,manuscript-fixed programme/location/constituent-term exemplar
3,GO:0006119,microglia,CA1,2526,-0.390439333260593,TRUE,FALSE,oxidative phosphorylation,-2.11097705826318,5.75222270996947e-5,manuscript-fixed programme/location/constituent-term exemplar
3,GO:0006119,microglia,CA1,2527,-0.390637982446132,FALSE,FALSE,oxidative phosphorylation,-2.11097705826318,5.75222270996947e-5,manuscript-fixed programme/location/constituent-term exemplar
3,GO:0006119,microglia,CA1,2528,-0.39083663163167,FALSE,FALSE,oxidative phosphorylation,-2.11097705826318,5.75222270996947e-5,manuscript-fixed programme/location/constituent-term exemplar
3,GO:0006119,microglia,CA1,2529,-0.391035280817208,FALSE,FALSE,oxidative phosphorylation,-2.11097705826318,5.75222270996947e-5,manuscript-fixed programme/location/constituent-term exemplar
3,GO:0006119,microglia,CA1,2530,-0.391233930002747,FALSE,FALSE,oxidative phosphorylation,-2.11097705826318,5.75222270996947e-5,manuscript-fixed programme/location/constituent-term exemplar
3,GO:0006119,microglia,CA1,2531,-0.391432579188285,FALSE,FALSE,oxidative phosphorylation,-2.11097705826318,5.75222270996947e-5,manuscript-fixed programme/location/constituent-term exemplar
3,GO:0006119,microglia,CA1,2532,-0.391631228373823,FALSE,FALSE,oxidative phosphorylation,-2.11097705826318,5.75222270996947e-5,manuscript-fixed programme/location/constituent-term exemplar
3,GO:0006119,microglia,CA1,2533,-0.391829877559362,FALSE,FALSE,oxidative phosphorylation,-2.11097705826318,5.75222270996947e-5,manuscript-fixed programme/location/constituent-term exemplar
3,GO:0006119,microglia,CA1,2534,-0.3920285267449,FALSE,FALSE,oxidative phosphorylation,-2.11097705826318,5.75222270996947e-5,manuscript-fixed programme/location/constituent-term exemplar
3,GO:0006119,microglia,CA1,2535,-0.392227175930438,FALSE,FALSE,oxidative phosphorylation,-2.11097705826318,5.75222270996947e-5,manuscript-fixed programme/location/constituent-term exemplar
3,GO:0006119,microglia,CA1,2536,-0.392425825115977,FALSE,FALSE,oxidative phosphorylation,-2.11097705826318,5.75222270996947e-5,manuscript-fixed programme/location/constituent-term exemplar
3,GO:0006119,microglia,CA1,2537,-0.390302309611314,TRUE,FALSE,oxidative phosphorylation,-2.11097705826318,5.75222270996947e-5,manuscript-fixed programme/location/constituent-term exemplar
3,GO:0006119,microglia,CA1,2538,-0.390500958796852,FALSE,FALSE,oxidative phosphorylation,-2.11097705826318,5.75222270996947e-5,manuscript-fixed programme/location/constituent-term exemplar
3,GO:0006119,microglia,CA1,2539,-0.39069960798239,FALSE,FALSE,oxidative phosphorylation,-2.11097705826318,5.75222270996947e-5,manuscript-fixed programme/location/constituent-term exemplar
3,GO:0006119,microglia,CA1,2540,-0.390898257167929,FALSE,FALSE,oxidative phosphorylation,-2.11097705826318,5.75222270996947e-5,manuscript-fixed programme/location/constituent-term exemplar
3,GO:0006119,microglia,CA1,2541,-0.391096906353467,FALSE,FALSE,oxidative phosphorylation,-2.11097705826318,5.75222270996947e-5,manuscript-fixed programme/location/constituent-term exemplar
3,GO:0006119,microglia,CA1,2542,-0.391295555539006,FALSE,FALSE,oxidative phosphorylation,-2.11097705826318,5.75222270996947e-5,manuscript-fixed programme/location/constituent-term exemplar
3,GO:0006119,microglia,CA1,2543,-0.391494204724544,FALSE,FALSE,oxidative phosphorylation,-2.11097705826318,5.75222270996947e-5,manuscript-fixed programme/location/constituent-term exemplar
3,GO:0006119,microglia,CA1,2544,-0.391692853910082,FALSE,FALSE,oxidative phosphorylation,-2.11097705826318,5.75222270996947e-5,manuscript-fixed programme/location/constituent-term exemplar
3,GO:0006119,microglia,CA1,2545,-0.39189150309562,FALSE,FALSE,oxidative phosphorylation,-2.11097705826318,5.75222270996947e-5,manuscript-fixed programme/location/constituent-term exemplar
3,GO:0006119,microglia,CA1,2546,-0.392090152281159,FALSE,FALSE,oxidative phosphorylation,-2.11097705826318,5.75222270996947e-5,manuscript-fixed programme/location/constituent-term exemplar
3,GO:0006119,microglia,CA1,2547,-0.392288801466697,FALSE,FALSE,oxidative phosphorylation,-2.11097705826318,5.75222270996947e-5,manuscript-fixed programme/location/constituent-term exemplar
3,GO:0006119,microglia,CA1,2548,-0.392487450652236,FALSE,FALSE,oxidative phosphorylation,-2.11097705826318,5.75222270996947e-5,manuscript-fixed programme/location/constituent-term exemplar
3,GO:0006119,microglia,CA1,2549,-0.392686099837774,FALSE,FALSE,oxidative phosphorylation,-2.11097705826318,5.75222270996947e-5,manuscript-fixed programme/location/constituent-term exemplar
3,GO:0006119,microglia,CA1,2550,-0.392884749023312,FALSE,FALSE,oxidative phosphorylation,-2.11097705826318,5.75222270996947e-5,manuscript-fixed programme/location/constituent-term exemplar
3,GO:0006119,microglia,CA1,2551,-0.393083398208851,FALSE,FALSE,oxidative phosphorylation,-2.11097705826318,5.75222270996947e-5,manuscript-fixed programme/location/constituent-term exemplar
3,GO:0006119,microglia,CA1,2552,-0.393282047394389,FALSE,FALSE,oxidative phosphorylation,-2.11097705826318,5.75222270996947e-5,manuscript-fixed programme/location/constituent-term exemplar
3,GO:0006119,microglia,CA1,2553,-0.393480696579927,FALSE,FALSE,oxidative phosphorylation,-2.11097705826318,5.75222270996947e-5,manuscript-fixed programme/location/constituent-term exemplar
3,GO:0006119,microglia,CA1,2554,-0.393679345765466,FALSE,FALSE,oxidative phosphorylation,-2.11097705826318,5.75222270996947e-5,manuscript-fixed programme/location/constituent-term exemplar
3,GO:0006119,microglia,CA1,2555,-0.391458249082562,TRUE,FALSE,oxidative phosphorylation,-2.11097705826318,5.75222270996947e-5,manuscript-fixed programme/location/constituent-term exemplar
3,GO:0006119,microglia,CA1,2556,-0.3916568982681,FALSE,FALSE,oxidative phosphorylation,-2.11097705826318,5.75222270996947e-5,manuscript-fixed programme/location/constituent-term exemplar
3,GO:0006119,microglia,CA1,2557,-0.391855547453639,FALSE,FALSE,oxidative phosphorylation,-2.11097705826318,5.75222270996947e-5,manuscript-fixed programme/location/constituent-term exemplar
3,GO:0006119,microglia,CA1,2558,-0.392054196639177,FALSE,FALSE,oxidative phosphorylation,-2.11097705826318,5.75222270996947e-5,manuscript-fixed programme/location/constituent-term exemplar
3,GO:0006119,microglia,CA1,2559,-0.392252845824715,FALSE,FALSE,oxidative phosphorylation,-2.11097705826318,5.75222270996947e-5,manuscript-fixed programme/location/constituent-term exemplar
3,GO:0006119,microglia,CA1,2560,-0.392451495010254,FALSE,FALSE,oxidative phosphorylation,-2.11097705826318,5.75222270996947e-5,manuscript-fixed programme/location/constituent-term exemplar
3,GO:0006119,microglia,CA1,2561,-0.392650144195792,FALSE,FALSE,oxidative phosphorylation,-2.11097705826318,5.75222270996947e-5,manuscript-fixed programme/location/constituent-term exemplar
3,GO:0006119,microglia,CA1,2562,-0.39284879338133,FALSE,FALSE,oxidative phosphorylation,-2.11097705826318,5.75222270996947e-5,manuscript-fixed programme/location/constituent-term exemplar
3,GO:0006119,microglia,CA1,2563,-0.393047442566869,FALSE,FALSE,oxidative phosphorylation,-2.11097705826318,5.75222270996947e-5,manuscript-fixed programme/location/constituent-term exemplar
3,GO:0006119,microglia,CA1,2564,-0.393246091752407,FALSE,FALSE,oxidative phosphorylation,-2.11097705826318,5.75222270996947e-5,manuscript-fixed programme/location/constituent-term exemplar
3,GO:0006119,microglia,CA1,2565,-0.393444740937945,FALSE,FALSE,oxidative phosphorylation,-2.11097705826318,5.75222270996947e-5,manuscript-fixed programme/location/constituent-term exemplar
3,GO:0006119,microglia,CA1,2566,-0.393643390123484,FALSE,FALSE,oxidative phosphorylation,-2.11097705826318,5.75222270996947e-5,manuscript-fixed programme/location/constituent-term exemplar
3,GO:0006119,microglia,CA1,2567,-0.393842039309022,FALSE,FALSE,oxidative phosphorylation,-2.11097705826318,5.75222270996947e-5,manuscript-fixed programme/location/constituent-term exemplar
3,GO:0006119,microglia,CA1,2568,-0.394040688494561,FALSE,FALSE,oxidative phosphorylation,-2.11097705826318,5.75222270996947e-5,manuscript-fixed programme/location/constituent-term exemplar
3,GO:0006119,microglia,CA1,2569,-0.394239337680099,FALSE,FALSE,oxidative phosphorylation,-2.11097705826318,5.75222270996947e-5,manuscript-fixed programme/location/constituent-term exemplar
3,GO:0006119,microglia,CA1,2570,-0.394437986865637,FALSE,FALSE,oxidative phosphorylation,-2.11097705826318,5.75222270996947e-5,manuscript-fixed programme/location/constituent-term exemplar
3,GO:0006119,microglia,CA1,2571,-0.394636636051175,FALSE,FALSE,oxidative phosphorylation,-2.11097705826318,5.75222270996947e-5,manuscript-fixed programme/location/constituent-term exemplar
3,GO:0006119,microglia,CA1,2572,-0.394835285236714,FALSE,FALSE,oxidative phosphorylation,-2.11097705826318,5.75222270996947e-5,manuscript-fixed programme/location/constituent-term exemplar
3,GO:0006119,microglia,CA1,2573,-0.395033934422252,FALSE,FALSE,oxidative phosphorylation,-2.11097705826318,5.75222270996947e-5,manuscript-fixed programme/location/constituent-term exemplar
3,GO:0006119,microglia,CA1,2574,-0.395232583607791,FALSE,FALSE,oxidative phosphorylation,-2.11097705826318,5.75222270996947e-5,manuscript-fixed programme/location/constituent-term exemplar
3,GO:0006119,microglia,CA1,2575,-0.395431232793329,FALSE,FALSE,oxidative phosphorylation,-2.11097705826318,5.75222270996947e-5,manuscript-fixed programme/location/constituent-term exemplar
3,GO:0006119,microglia,CA1,2576,-0.395629881978867,FALSE,FALSE,oxidative phosphorylation,-2.11097705826318,5.75222270996947e-5,manuscript-fixed programme/location/constituent-term exemplar
3,GO:0006119,microglia,CA1,2577,-0.395828531164406,FALSE,FALSE,oxidative phosphorylation,-2.11097705826318,5.75222270996947e-5,manuscript-fixed programme/location/constituent-term exemplar
3,GO:0006119,microglia,CA1,2578,-0.396027180349944,FALSE,FALSE,oxidative phosphorylation,-2.11097705826318,5.75222270996947e-5,manuscript-fixed programme/location/constituent-term exemplar
3,GO:0006119,microglia,CA1,2579,-0.396225829535482,FALSE,FALSE,oxidative phosphorylation,-2.11097705826318,5.75222270996947e-5,manuscript-fixed programme/location/constituent-term exemplar
3,GO:0006119,microglia,CA1,2580,-0.396424478721021,FALSE,FALSE,oxidative phosphorylation,-2.11097705826318,5.75222270996947e-5,manuscript-fixed programme/location/constituent-term exemplar
3,GO:0006119,microglia,CA1,2581,-0.396623127906559,FALSE,FALSE,oxidative phosphorylation,-2.11097705826318,5.75222270996947e-5,manuscript-fixed programme/location/constituent-term exemplar
3,GO:0006119,microglia,CA1,2582,-0.396821777092097,FALSE,FALSE,oxidative phosphorylation,-2.11097705826318,5.75222270996947e-5,manuscript-fixed programme/location/constituent-term exemplar
3,GO:0006119,microglia,CA1,2583,-0.397020426277636,FALSE,FALSE,oxidative phosphorylation,-2.11097705826318,5.75222270996947e-5,manuscript-fixed programme/location/constituent-term exemplar
3,GO:0006119,microglia,CA1,2584,-0.397219075463174,FALSE,FALSE,oxidative phosphorylation,-2.11097705826318,5.75222270996947e-5,manuscript-fixed programme/location/constituent-term exemplar
3,GO:0006119,microglia,CA1,2585,-0.397417724648712,FALSE,FALSE,oxidative phosphorylation,-2.11097705826318,5.75222270996947e-5,manuscript-fixed programme/location/constituent-term exemplar
3,GO:0006119,microglia,CA1,2586,-0.397616373834251,FALSE,FALSE,oxidative phosphorylation,-2.11097705826318,5.75222270996947e-5,manuscript-fixed programme/location/constituent-term exemplar
3,GO:0006119,microglia,CA1,2587,-0.395259274214397,TRUE,FALSE,oxidative phosphorylation,-2.11097705826318,5.75222270996947e-5,manuscript-fixed programme/location/constituent-term exemplar
3,GO:0006119,microglia,CA1,2588,-0.395457923399935,FALSE,FALSE,oxidative phosphorylation,-2.11097705826318,5.75222270996947e-5,manuscript-fixed programme/location/constituent-term exemplar
3,GO:0006119,microglia,CA1,2589,-0.395656572585473,FALSE,FALSE,oxidative phosphorylation,-2.11097705826318,5.75222270996947e-5,manuscript-fixed programme/location/constituent-term exemplar
3,GO:0006119,microglia,CA1,2590,-0.395855221771012,FALSE,FALSE,oxidative phosphorylation,-2.11097705826318,5.75222270996947e-5,manuscript-fixed programme/location/constituent-term exemplar
3,GO:0006119,microglia,CA1,2591,-0.39605387095655,FALSE,FALSE,oxidative phosphorylation,-2.11097705826318,5.75222270996947e-5,manuscript-fixed programme/location/constituent-term exemplar
3,GO:0006119,microglia,CA1,2592,-0.396252520142088,FALSE,FALSE,oxidative phosphorylation,-2.11097705826318,5.75222270996947e-5,manuscript-fixed programme/location/constituent-term exemplar
3,GO:0006119,microglia,CA1,2593,-0.396451169327627,FALSE,FALSE,oxidative phosphorylation,-2.11097705826318,5.75222270996947e-5,manuscript-fixed programme/location/constituent-term exemplar
3,GO:0006119,microglia,CA1,2594,-0.396649818513165,FALSE,FALSE,oxidative phosphorylation,-2.11097705826318,5.75222270996947e-5,manuscript-fixed programme/location/constituent-term exemplar
3,GO:0006119,microglia,CA1,2595,-0.396848467698703,FALSE,FALSE,oxidative phosphorylation,-2.11097705826318,5.75222270996947e-5,manuscript-fixed programme/location/constituent-term exemplar
3,GO:0006119,microglia,CA1,2596,-0.397047116884242,FALSE,FALSE,oxidative phosphorylation,-2.11097705826318,5.75222270996947e-5,manuscript-fixed programme/location/constituent-term exemplar
3,GO:0006119,microglia,CA1,2597,-0.39724576606978,FALSE,FALSE,oxidative phosphorylation,-2.11097705826318,5.75222270996947e-5,manuscript-fixed programme/location/constituent-term exemplar
3,GO:0006119,microglia,CA1,2598,-0.397444415255318,FALSE,FALSE,oxidative phosphorylation,-2.11097705826318,5.75222270996947e-5,manuscript-fixed programme/location/constituent-term exemplar
3,GO:0006119,microglia,CA1,2599,-0.397643064440857,FALSE,FALSE,oxidative phosphorylation,-2.11097705826318,5.75222270996947e-5,manuscript-fixed programme/location/constituent-term exemplar
3,GO:0006119,microglia,CA1,2600,-0.397841713626395,FALSE,FALSE,oxidative phosphorylation,-2.11097705826318,5.75222270996947e-5,manuscript-fixed programme/location/constituent-term exemplar
3,GO:0006119,microglia,CA1,2601,-0.398040362811933,FALSE,FALSE,oxidative phosphorylation,-2.11097705826318,5.75222270996947e-5,manuscript-fixed programme/location/constituent-term exemplar
3,GO:0006119,microglia,CA1,2602,-0.398239011997472,FALSE,FALSE,oxidative phosphorylation,-2.11097705826318,5.75222270996947e-5,manuscript-fixed programme/location/constituent-term exemplar
3,GO:0006119,microglia,CA1,2603,-0.39843766118301,FALSE,FALSE,oxidative phosphorylation,-2.11097705826318,5.75222270996947e-5,manuscript-fixed programme/location/constituent-term exemplar
3,GO:0006119,microglia,CA1,2604,-0.398636310368548,FALSE,FALSE,oxidative phosphorylation,-2.11097705826318,5.75222270996947e-5,manuscript-fixed programme/location/constituent-term exemplar
3,GO:0006119,microglia,CA1,2605,-0.398834959554087,FALSE,FALSE,oxidative phosphorylation,-2.11097705826318,5.75222270996947e-5,manuscript-fixed programme/location/constituent-term exemplar
3,GO:0006119,microglia,CA1,2606,-0.399033608739625,FALSE,FALSE,oxidative phosphorylation,-2.11097705826318,5.75222270996947e-5,manuscript-fixed programme/location/constituent-term exemplar
3,GO:0006119,microglia,CA1,2607,-0.399232257925163,FALSE,FALSE,oxidative phosphorylation,-2.11097705826318,5.75222270996947e-5,manuscript-fixed programme/location/constituent-term exemplar
3,GO:0006119,microglia,CA1,2608,-0.399430907110702,FALSE,FALSE,oxidative phosphorylation,-2.11097705826318,5.75222270996947e-5,manuscript-fixed programme/location/constituent-term exemplar
3,GO:0006119,microglia,CA1,2609,-0.39962955629624,FALSE,FALSE,oxidative phosphorylation,-2.11097705826318,5.75222270996947e-5,manuscript-fixed programme/location/constituent-term exemplar
3,GO:0006119,microglia,CA1,2610,-0.399828205481778,FALSE,FALSE,oxidative phosphorylation,-2.11097705826318,5.75222270996947e-5,manuscript-fixed programme/location/constituent-term exemplar
3,GO:0006119,microglia,CA1,2611,-0.400026854667317,FALSE,FALSE,oxidative phosphorylation,-2.11097705826318,5.75222270996947e-5,manuscript-fixed programme/location/constituent-term exemplar
3,GO:0006119,microglia,CA1,2612,-0.400225503852855,FALSE,FALSE,oxidative phosphorylation,-2.11097705826318,5.75222270996947e-5,manuscript-fixed programme/location/constituent-term exemplar
3,GO:0006119,microglia,CA1,2613,-0.400424153038393,FALSE,FALSE,oxidative phosphorylation,-2.11097705826318,5.75222270996947e-5,manuscript-fixed programme/location/constituent-term exemplar
3,GO:0006119,microglia,CA1,2614,-0.400622802223932,FALSE,FALSE,oxidative phosphorylation,-2.11097705826318,5.75222270996947e-5,manuscript-fixed programme/location/constituent-term exemplar
3,GO:0006119,microglia,CA1,2615,-0.40082145140947,FALSE,FALSE,oxidative phosphorylation,-2.11097705826318,5.75222270996947e-5,manuscript-fixed programme/location/constituent-term exemplar
3,GO:0006119,microglia,CA1,2616,-0.398292219458609,TRUE,FALSE,oxidative phosphorylation,-2.11097705826318,5.75222270996947e-5,manuscript-fixed programme/location/constituent-term exemplar
3,GO:0006119,microglia,CA1,2617,-0.398490868644148,FALSE,FALSE,oxidative phosphorylation,-2.11097705826318,5.75222270996947e-5,manuscript-fixed programme/location/constituent-term exemplar
3,GO:0006119,microglia,CA1,2618,-0.398689517829686,FALSE,FALSE,oxidative phosphorylation,-2.11097705826318,5.75222270996947e-5,manuscript-fixed programme/location/constituent-term exemplar
3,GO:0006119,microglia,CA1,2619,-0.398888167015224,FALSE,FALSE,oxidative phosphorylation,-2.11097705826318,5.75222270996947e-5,manuscript-fixed programme/location/constituent-term exemplar
3,GO:0006119,microglia,CA1,2620,-0.399086816200763,FALSE,FALSE,oxidative phosphorylation,-2.11097705826318,5.75222270996947e-5,manuscript-fixed programme/location/constituent-term exemplar
3,GO:0006119,microglia,CA1,2621,-0.399285465386301,FALSE,FALSE,oxidative phosphorylation,-2.11097705826318,5.75222270996947e-5,manuscript-fixed programme/location/constituent-term exemplar
3,GO:0006119,microglia,CA1,2622,-0.399484114571839,FALSE,FALSE,oxidative phosphorylation,-2.11097705826318,5.75222270996947e-5,manuscript-fixed programme/location/constituent-term exemplar
3,GO:0006119,microglia,CA1,2623,-0.399682763757378,FALSE,FALSE,oxidative phosphorylation,-2.11097705826318,5.75222270996947e-5,manuscript-fixed programme/location/constituent-term exemplar
3,GO:0006119,microglia,CA1,2624,-0.399881412942916,FALSE,FALSE,oxidative phosphorylation,-2.11097705826318,5.75222270996947e-5,manuscript-fixed programme/location/constituent-term exemplar
3,GO:0006119,microglia,CA1,2625,-0.400080062128454,FALSE,FALSE,oxidative phosphorylation,-2.11097705826318,5.75222270996947e-5,manuscript-fixed programme/location/constituent-term exemplar
3,GO:0006119,microglia,CA1,2626,-0.400278711313993,FALSE,FALSE,oxidative phosphorylation,-2.11097705826318,5.75222270996947e-5,manuscript-fixed programme/location/constituent-term exemplar
3,GO:0006119,microglia,CA1,2627,-0.400477360499531,FALSE,FALSE,oxidative phosphorylation,-2.11097705826318,5.75222270996947e-5,manuscript-fixed programme/location/constituent-term exemplar
3,GO:0006119,microglia,CA1,2628,-0.400676009685069,FALSE,FALSE,oxidative phosphorylation,-2.11097705826318,5.75222270996947e-5,manuscript-fixed programme/location/constituent-term exemplar
3,GO:0006119,microglia,CA1,2629,-0.400874658870608,FALSE,FALSE,oxidative phosphorylation,-2.11097705826318,5.75222270996947e-5,manuscript-fixed programme/location/constituent-term exemplar
3,GO:0006119,microglia,CA1,2630,-0.401073308056146,FALSE,FALSE,oxidative phosphorylation,-2.11097705826318,5.75222270996947e-5,manuscript-fixed programme/location/constituent-term exemplar
3,GO:0006119,microglia,CA1,2631,-0.401271957241684,FALSE,FALSE,oxidative phosphorylation,-2.11097705826318,5.75222270996947e-5,manuscript-fixed programme/location/constituent-term exemplar
3,GO:0006119,microglia,CA1,2632,-0.401470606427223,FALSE,FALSE,oxidative phosphorylation,-2.11097705826318,5.75222270996947e-5,manuscript-fixed programme/location/constituent-term exemplar
3,GO:0006119,microglia,CA1,2633,-0.401669255612761,FALSE,FALSE,oxidative phosphorylation,-2.11097705826318,5.75222270996947e-5,manuscript-fixed programme/location/constituent-term exemplar
3,GO:0006119,microglia,CA1,2634,-0.401867904798299,FALSE,FALSE,oxidative phosphorylation,-2.11097705826318,5.75222270996947e-5,manuscript-fixed programme/location/constituent-term exemplar
3,GO:0006119,microglia,CA1,2635,-0.402066553983838,FALSE,FALSE,oxidative phosphorylation,-2.11097705826318,5.75222270996947e-5,manuscript-fixed programme/location/constituent-term exemplar
3,GO:0006119,microglia,CA1,2636,-0.402265203169376,FALSE,FALSE,oxidative phosphorylation,-2.11097705826318,5.75222270996947e-5,manuscript-fixed programme/location/constituent-term exemplar
3,GO:0006119,microglia,CA1,2637,-0.402463852354914,FALSE,FALSE,oxidative phosphorylation,-2.11097705826318,5.75222270996947e-5,manuscript-fixed programme/location/constituent-term exemplar
3,GO:0006119,microglia,CA1,2638,-0.402662501540453,FALSE,FALSE,oxidative phosphorylation,-2.11097705826318,5.75222270996947e-5,manuscript-fixed programme/location/constituent-term exemplar
3,GO:0006119,microglia,CA1,2639,-0.402861150725991,FALSE,FALSE,oxidative phosphorylation,-2.11097705826318,5.75222270996947e-5,manuscript-fixed programme/location/constituent-term exemplar
3,GO:0006119,microglia,CA1,2640,-0.403059799911529,FALSE,FALSE,oxidative phosphorylation,-2.11097705826318,5.75222270996947e-5,manuscript-fixed programme/location/constituent-term exemplar
3,GO:0006119,microglia,CA1,2641,-0.403258449097068,FALSE,FALSE,oxidative phosphorylation,-2.11097705826318,5.75222270996947e-5,manuscript-fixed programme/location/constituent-term exemplar
3,GO:0006119,microglia,CA1,2642,-0.403457098282606,FALSE,FALSE,oxidative phosphorylation,-2.11097705826318,5.75222270996947e-5,manuscript-fixed programme/location/constituent-term exemplar
3,GO:0006119,microglia,CA1,2643,-0.403655747468144,FALSE,FALSE,oxidative phosphorylation,-2.11097705826318,5.75222270996947e-5,manuscript-fixed programme/location/constituent-term exemplar
3,GO:0006119,microglia,CA1,2644,-0.403854396653683,FALSE,FALSE,oxidative phosphorylation,-2.11097705826318,5.75222270996947e-5,manuscript-fixed programme/location/constituent-term exemplar
3,GO:0006119,microglia,CA1,2645,-0.404053045839221,FALSE,FALSE,oxidative phosphorylation,-2.11097705826318,5.75222270996947e-5,manuscript-fixed programme/location/constituent-term exemplar
3,GO:0006119,microglia,CA1,2646,-0.404251695024759,FALSE,FALSE,oxidative phosphorylation,-2.11097705826318,5.75222270996947e-5,manuscript-fixed programme/location/constituent-term exemplar
3,GO:0006119,microglia,CA1,2647,-0.404450344210298,FALSE,FALSE,oxidative phosphorylation,-2.11097705826318,5.75222270996947e-5,manuscript-fixed programme/location/constituent-term exemplar
3,GO:0006119,microglia,CA1,2648,-0.404648993395836,FALSE,FALSE,oxidative phosphorylation,-2.11097705826318,5.75222270996947e-5,manuscript-fixed programme/location/constituent-term exemplar
3,GO:0006119,microglia,CA1,2649,-0.404847642581374,FALSE,FALSE,oxidative phosphorylation,-2.11097705826318,5.75222270996947e-5,manuscript-fixed programme/location/constituent-term exemplar
3,GO:0006119,microglia,CA1,2650,-0.405046291766913,FALSE,FALSE,oxidative phosphorylation,-2.11097705826318,5.75222270996947e-5,manuscript-fixed programme/location/constituent-term exemplar
3,GO:0006119,microglia,CA1,2651,-0.405244940952451,FALSE,FALSE,oxidative phosphorylation,-2.11097705826318,5.75222270996947e-5,manuscript-fixed programme/location/constituent-term exemplar
3,GO:0006119,microglia,CA1,2652,-0.405443590137989,FALSE,FALSE,oxidative phosphorylation,-2.11097705826318,5.75222270996947e-5,manuscript-fixed programme/location/constituent-term exemplar
3,GO:0006119,microglia,CA1,2653,-0.405642239323528,FALSE,FALSE,oxidative phosphorylation,-2.11097705826318,5.75222270996947e-5,manuscript-fixed programme/location/constituent-term exemplar
3,GO:0006119,microglia,CA1,2654,-0.405840888509066,FALSE,FALSE,oxidative phosphorylation,-2.11097705826318,5.75222270996947e-5,manuscript-fixed programme/location/constituent-term exemplar
3,GO:0006119,microglia,CA1,2655,-0.406039537694604,FALSE,FALSE,oxidative phosphorylation,-2.11097705826318,5.75222270996947e-5,manuscript-fixed programme/location/constituent-term exemplar
3,GO:0006119,microglia,CA1,2656,-0.406238186880143,FALSE,FALSE,oxidative phosphorylation,-2.11097705826318,5.75222270996947e-5,manuscript-fixed programme/location/constituent-term exemplar
3,GO:0006119,microglia,CA1,2657,-0.406436836065681,FALSE,FALSE,oxidative phosphorylation,-2.11097705826318,5.75222270996947e-5,manuscript-fixed programme/location/constituent-term exemplar
3,GO:0006119,microglia,CA1,2658,-0.40663548525122,FALSE,FALSE,oxidative phosphorylation,-2.11097705826318,5.75222270996947e-5,manuscript-fixed programme/location/constituent-term exemplar
3,GO:0006119,microglia,CA1,2659,-0.406834134436758,FALSE,FALSE,oxidative phosphorylation,-2.11097705826318,5.75222270996947e-5,manuscript-fixed programme/location/constituent-term exemplar
3,GO:0006119,microglia,CA1,2660,-0.407032783622296,FALSE,FALSE,oxidative phosphorylation,-2.11097705826318,5.75222270996947e-5,manuscript-fixed programme/location/constituent-term exemplar
3,GO:0006119,microglia,CA1,2661,-0.407231432807834,FALSE,FALSE,oxidative phosphorylation,-2.11097705826318,5.75222270996947e-5,manuscript-fixed programme/location/constituent-term exemplar
3,GO:0006119,microglia,CA1,2662,-0.407430081993373,FALSE,FALSE,oxidative phosphorylation,-2.11097705826318,5.75222270996947e-5,manuscript-fixed programme/location/constituent-term exemplar
3,GO:0006119,microglia,CA1,2663,-0.407628731178911,FALSE,FALSE,oxidative phosphorylation,-2.11097705826318,5.75222270996947e-5,manuscript-fixed programme/location/constituent-term exemplar
3,GO:0006119,microglia,CA1,2664,-0.40782738036445,FALSE,FALSE,oxidative phosphorylation,-2.11097705826318,5.75222270996947e-5,manuscript-fixed programme/location/constituent-term exemplar
3,GO:0006119,microglia,CA1,2665,-0.408026029549988,FALSE,FALSE,oxidative phosphorylation,-2.11097705826318,5.75222270996947e-5,manuscript-fixed programme/location/constituent-term exemplar
3,GO:0006119,microglia,CA1,2666,-0.408224678735526,FALSE,FALSE,oxidative phosphorylation,-2.11097705826318,5.75222270996947e-5,manuscript-fixed programme/location/constituent-term exemplar
3,GO:0006119,microglia,CA1,2667,-0.408423327921065,FALSE,FALSE,oxidative phosphorylation,-2.11097705826318,5.75222270996947e-5,manuscript-fixed programme/location/constituent-term exemplar
3,GO:0006119,microglia,CA1,2668,-0.408621977106603,FALSE,FALSE,oxidative phosphorylation,-2.11097705826318,5.75222270996947e-5,manuscript-fixed programme/location/constituent-term exemplar
3,GO:0006119,microglia,CA1,2669,-0.408820626292141,FALSE,FALSE,oxidative phosphorylation,-2.11097705826318,5.75222270996947e-5,manuscript-fixed programme/location/constituent-term exemplar
3,GO:0006119,microglia,CA1,2670,-0.40901927547768,FALSE,FALSE,oxidative phosphorylation,-2.11097705826318,5.75222270996947e-5,manuscript-fixed programme/location/constituent-term exemplar
3,GO:0006119,microglia,CA1,2671,-0.409217924663218,FALSE,FALSE,oxidative phosphorylation,-2.11097705826318,5.75222270996947e-5,manuscript-fixed programme/location/constituent-term exemplar
3,GO:0006119,microglia,CA1,2672,-0.409416573848756,FALSE,FALSE,oxidative phosphorylation,-2.11097705826318,5.75222270996947e-5,manuscript-fixed programme/location/constituent-term exemplar
3,GO:0006119,microglia,CA1,2673,-0.409615223034295,FALSE,FALSE,oxidative phosphorylation,-2.11097705826318,5.75222270996947e-5,manuscript-fixed programme/location/constituent-term exemplar
3,GO:0006119,microglia,CA1,2674,-0.409813872219833,FALSE,FALSE,oxidative phosphorylation,-2.11097705826318,5.75222270996947e-5,manuscript-fixed programme/location/constituent-term exemplar
3,GO:0006119,microglia,CA1,2675,-0.410012521405371,FALSE,FALSE,oxidative phosphorylation,-2.11097705826318,5.75222270996947e-5,manuscript-fixed programme/location/constituent-term exemplar
3,GO:0006119,microglia,CA1,2676,-0.41021117059091,FALSE,FALSE,oxidative phosphorylation,-2.11097705826318,5.75222270996947e-5,manuscript-fixed programme/location/constituent-term exemplar
3,GO:0006119,microglia,CA1,2677,-0.410409819776448,FALSE,FALSE,oxidative phosphorylation,-2.11097705826318,5.75222270996947e-5,manuscript-fixed programme/location/constituent-term exemplar
3,GO:0006119,microglia,CA1,2678,-0.410608468961986,FALSE,FALSE,oxidative phosphorylation,-2.11097705826318,5.75222270996947e-5,manuscript-fixed programme/location/constituent-term exemplar
3,GO:0006119,microglia,CA1,2679,-0.410807118147525,FALSE,FALSE,oxidative phosphorylation,-2.11097705826318,5.75222270996947e-5,manuscript-fixed programme/location/constituent-term exemplar
3,GO:0006119,microglia,CA1,2680,-0.411005767333063,FALSE,FALSE,oxidative phosphorylation,-2.11097705826318,5.75222270996947e-5,manuscript-fixed programme/location/constituent-term exemplar
3,GO:0006119,microglia,CA1,2681,-0.411204416518601,FALSE,FALSE,oxidative phosphorylation,-2.11097705826318,5.75222270996947e-5,manuscript-fixed programme/location/constituent-term exemplar
3,GO:0006119,microglia,CA1,2682,-0.41140306570414,FALSE,FALSE,oxidative phosphorylation,-2.11097705826318,5.75222270996947e-5,manuscript-fixed programme/location/constituent-term exemplar
3,GO:0006119,microglia,CA1,2683,-0.411601714889678,FALSE,FALSE,oxidative phosphorylation,-2.11097705826318,5.75222270996947e-5,manuscript-fixed programme/location/constituent-term exemplar
3,GO:0006119,microglia,CA1,2684,-0.411800364075216,FALSE,FALSE,oxidative phosphorylation,-2.11097705826318,5.75222270996947e-5,manuscript-fixed programme/location/constituent-term exemplar
3,GO:0006119,microglia,CA1,2685,-0.408831979996076,TRUE,FALSE,oxidative phosphorylation,-2.11097705826318,5.75222270996947e-5,manuscript-fixed programme/location/constituent-term exemplar
3,GO:0006119,microglia,CA1,2686,-0.409030629181615,FALSE,FALSE,oxidative phosphorylation,-2.11097705826318,5.75222270996947e-5,manuscript-fixed programme/location/constituent-term exemplar
3,GO:0006119,microglia,CA1,2687,-0.406060268333215,TRUE,FALSE,oxidative phosphorylation,-2.11097705826318,5.75222270996947e-5,manuscript-fixed programme/location/constituent-term exemplar
3,GO:0006119,microglia,CA1,2688,-0.406258917518753,FALSE,FALSE,oxidative phosphorylation,-2.11097705826318,5.75222270996947e-5,manuscript-fixed programme/location/constituent-term exemplar
3,GO:0006119,microglia,CA1,2689,-0.406457566704291,FALSE,FALSE,oxidative phosphorylation,-2.11097705826318,5.75222270996947e-5,manuscript-fixed programme/location/constituent-term exemplar
3,GO:0006119,microglia,CA1,2690,-0.40665621588983,FALSE,FALSE,oxidative phosphorylation,-2.11097705826318,5.75222270996947e-5,manuscript-fixed programme/location/constituent-term exemplar
3,GO:0006119,microglia,CA1,2691,-0.406854865075368,FALSE,FALSE,oxidative phosphorylation,-2.11097705826318,5.75222270996947e-5,manuscript-fixed programme/location/constituent-term exemplar
3,GO:0006119,microglia,CA1,2692,-0.407053514260906,FALSE,FALSE,oxidative phosphorylation,-2.11097705826318,5.75222270996947e-5,manuscript-fixed programme/location/constituent-term exemplar
3,GO:0006119,microglia,CA1,2693,-0.407252163446445,FALSE,FALSE,oxidative phosphorylation,-2.11097705826318,5.75222270996947e-5,manuscript-fixed programme/location/constituent-term exemplar
3,GO:0006119,microglia,CA1,2694,-0.407450812631983,FALSE,FALSE,oxidative phosphorylation,-2.11097705826318,5.75222270996947e-5,manuscript-fixed programme/location/constituent-term exemplar
3,GO:0006119,microglia,CA1,2695,-0.407649461817521,FALSE,FALSE,oxidative phosphorylation,-2.11097705826318,5.75222270996947e-5,manuscript-fixed programme/location/constituent-term exemplar
3,GO:0006119,microglia,CA1,2696,-0.40784811100306,FALSE,FALSE,oxidative phosphorylation,-2.11097705826318,5.75222270996947e-5,manuscript-fixed programme/location/constituent-term exemplar
3,GO:0006119,microglia,CA1,2697,-0.408046760188598,FALSE,FALSE,oxidative phosphorylation,-2.11097705826318,5.75222270996947e-5,manuscript-fixed programme/location/constituent-term exemplar
3,GO:0006119,microglia,CA1,2698,-0.408245409374136,FALSE,FALSE,oxidative phosphorylation,-2.11097705826318,5.75222270996947e-5,manuscript-fixed programme/location/constituent-term exemplar
3,GO:0006119,microglia,CA1,2699,-0.408444058559675,FALSE,FALSE,oxidative phosphorylation,-2.11097705826318,5.75222270996947e-5,manuscript-fixed programme/location/constituent-term exemplar
3,GO:0006119,microglia,CA1,2700,-0.408642707745213,FALSE,FALSE,oxidative phosphorylation,-2.11097705826318,5.75222270996947e-5,manuscript-fixed programme/location/constituent-term exemplar
3,GO:0006119,microglia,CA1,2701,-0.408841356930751,FALSE,FALSE,oxidative phosphorylation,-2.11097705826318,5.75222270996947e-5,manuscript-fixed programme/location/constituent-term exemplar
3,GO:0006119,microglia,CA1,2702,-0.40904000611629,FALSE,FALSE,oxidative phosphorylation,-2.11097705826318,5.75222270996947e-5,manuscript-fixed programme/location/constituent-term exemplar
3,GO:0006119,microglia,CA1,2703,-0.409238655301828,FALSE,FALSE,oxidative phosphorylation,-2.11097705826318,5.75222270996947e-5,manuscript-fixed programme/location/constituent-term exemplar
3,GO:0006119,microglia,CA1,2704,-0.409437304487366,FALSE,FALSE,oxidative phosphorylation,-2.11097705826318,5.75222270996947e-5,manuscript-fixed programme/location/constituent-term exemplar
3,GO:0006119,microglia,CA1,2705,-0.409635953672905,FALSE,FALSE,oxidative phosphorylation,-2.11097705826318,5.75222270996947e-5,manuscript-fixed programme/location/constituent-term exemplar
3,GO:0006119,microglia,CA1,2706,-0.409834602858443,FALSE,FALSE,oxidative phosphorylation,-2.11097705826318,5.75222270996947e-5,manuscript-fixed programme/location/constituent-term exemplar
3,GO:0006119,microglia,CA1,2707,-0.410033252043981,FALSE,FALSE,oxidative phosphorylation,-2.11097705826318,5.75222270996947e-5,manuscript-fixed programme/location/constituent-term exemplar
3,GO:0006119,microglia,CA1,2708,-0.406941959697654,TRUE,FALSE,oxidative phosphorylation,-2.11097705826318,5.75222270996947e-5,manuscript-fixed programme/location/constituent-term exemplar
3,GO:0006119,microglia,CA1,2709,-0.407140608883193,FALSE,FALSE,oxidative phosphorylation,-2.11097705826318,5.75222270996947e-5,manuscript-fixed programme/location/constituent-term exemplar
3,GO:0006119,microglia,CA1,2710,-0.407339258068731,FALSE,FALSE,oxidative phosphorylation,-2.11097705826318,5.75222270996947e-5,manuscript-fixed programme/location/constituent-term exemplar
3,GO:0006119,microglia,CA1,2711,-0.407537907254269,FALSE,FALSE,oxidative phosphorylation,-2.11097705826318,5.75222270996947e-5,manuscript-fixed programme/location/constituent-term exemplar
3,GO:0006119,microglia,CA1,2712,-0.407736556439808,FALSE,FALSE,oxidative phosphorylation,-2.11097705826318,5.75222270996947e-5,manuscript-fixed programme/location/constituent-term exemplar
3,GO:0006119,microglia,CA1,2713,-0.407935205625346,FALSE,FALSE,oxidative phosphorylation,-2.11097705826318,5.75222270996947e-5,manuscript-fixed programme/location/constituent-term exemplar
3,GO:0006119,microglia,CA1,2714,-0.408133854810884,FALSE,FALSE,oxidative phosphorylation,-2.11097705826318,5.75222270996947e-5,manuscript-fixed programme/location/constituent-term exemplar
3,GO:0006119,microglia,CA1,2715,-0.408332503996423,FALSE,FALSE,oxidative phosphorylation,-2.11097705826318,5.75222270996947e-5,manuscript-fixed programme/location/constituent-term exemplar
3,GO:0006119,microglia,CA1,2716,-0.408531153181961,FALSE,FALSE,oxidative phosphorylation,-2.11097705826318,5.75222270996947e-5,manuscript-fixed programme/location/constituent-term exemplar
3,GO:0006119,microglia,CA1,2717,-0.408729802367499,FALSE,FALSE,oxidative phosphorylation,-2.11097705826318,5.75222270996947e-5,manuscript-fixed programme/location/constituent-term exemplar
3,GO:0006119,microglia,CA1,2718,-0.408928451553038,FALSE,FALSE,oxidative phosphorylation,-2.11097705826318,5.75222270996947e-5,manuscript-fixed programme/location/constituent-term exemplar
3,GO:0006119,microglia,CA1,2719,-0.409127100738576,FALSE,FALSE,oxidative phosphorylation,-2.11097705826318,5.75222270996947e-5,manuscript-fixed programme/location/constituent-term exemplar
3,GO:0006119,microglia,CA1,2720,-0.409325749924114,FALSE,FALSE,oxidative phosphorylation,-2.11097705826318,5.75222270996947e-5,manuscript-fixed programme/location/constituent-term exemplar
3,GO:0006119,microglia,CA1,2721,-0.409524399109653,FALSE,FALSE,oxidative phosphorylation,-2.11097705826318,5.75222270996947e-5,manuscript-fixed programme/location/constituent-term exemplar
3,GO:0006119,microglia,CA1,2722,-0.409723048295191,FALSE,FALSE,oxidative phosphorylation,-2.11097705826318,5.75222270996947e-5,manuscript-fixed programme/location/constituent-term exemplar
3,GO:0006119,microglia,CA1,2723,-0.409921697480729,FALSE,FALSE,oxidative phosphorylation,-2.11097705826318,5.75222270996947e-5,manuscript-fixed programme/location/constituent-term exemplar
3,GO:0006119,microglia,CA1,2724,-0.410120346666268,FALSE,FALSE,oxidative phosphorylation,-2.11097705826318,5.75222270996947e-5,manuscript-fixed programme/location/constituent-term exemplar
3,GO:0006119,microglia,CA1,2725,-0.410318995851806,FALSE,FALSE,oxidative phosphorylation,-2.11097705826318,5.75222270996947e-5,manuscript-fixed programme/location/constituent-term exemplar
3,GO:0006119,microglia,CA1,2726,-0.410517645037344,FALSE,FALSE,oxidative phosphorylation,-2.11097705826318,5.75222270996947e-5,manuscript-fixed programme/location/constituent-term exemplar
3,GO:0006119,microglia,CA1,2727,-0.410716294222883,FALSE,FALSE,oxidative phosphorylation,-2.11097705826318,5.75222270996947e-5,manuscript-fixed programme/location/constituent-term exemplar
3,GO:0006119,microglia,CA1,2728,-0.410914943408421,FALSE,FALSE,oxidative phosphorylation,-2.11097705826318,5.75222270996947e-5,manuscript-fixed programme/location/constituent-term exemplar
3,GO:0006119,microglia,CA1,2729,-0.411113592593959,FALSE,FALSE,oxidative phosphorylation,-2.11097705826318,5.75222270996947e-5,manuscript-fixed programme/location/constituent-term exemplar
3,GO:0006119,microglia,CA1,2730,-0.411312241779498,FALSE,FALSE,oxidative phosphorylation,-2.11097705826318,5.75222270996947e-5,manuscript-fixed programme/location/constituent-term exemplar
3,GO:0006119,microglia,CA1,2731,-0.411510890965036,FALSE,FALSE,oxidative phosphorylation,-2.11097705826318,5.75222270996947e-5,manuscript-fixed programme/location/constituent-term exemplar
3,GO:0006119,microglia,CA1,2732,-0.411709540150574,FALSE,FALSE,oxidative phosphorylation,-2.11097705826318,5.75222270996947e-5,manuscript-fixed programme/location/constituent-term exemplar
3,GO:0006119,microglia,CA1,2733,-0.411908189336113,FALSE,FALSE,oxidative phosphorylation,-2.11097705826318,5.75222270996947e-5,manuscript-fixed programme/location/constituent-term exemplar
3,GO:0006119,microglia,CA1,2734,-0.412106838521651,FALSE,FALSE,oxidative phosphorylation,-2.11097705826318,5.75222270996947e-5,manuscript-fixed programme/location/constituent-term exemplar
3,GO:0006119,microglia,CA1,2735,-0.412305487707189,FALSE,FALSE,oxidative phosphorylation,-2.11097705826318,5.75222270996947e-5,manuscript-fixed programme/location/constituent-term exemplar
3,GO:0006119,microglia,CA1,2736,-0.412504136892728,FALSE,FALSE,oxidative phosphorylation,-2.11097705826318,5.75222270996947e-5,manuscript-fixed programme/location/constituent-term exemplar
3,GO:0006119,microglia,CA1,2737,-0.412702786078266,FALSE,FALSE,oxidative phosphorylation,-2.11097705826318,5.75222270996947e-5,manuscript-fixed programme/location/constituent-term exemplar
3,GO:0006119,microglia,CA1,2738,-0.412901435263804,FALSE,FALSE,oxidative phosphorylation,-2.11097705826318,5.75222270996947e-5,manuscript-fixed programme/location/constituent-term exemplar
3,GO:0006119,microglia,CA1,2739,-0.413100084449343,FALSE,FALSE,oxidative phosphorylation,-2.11097705826318,5.75222270996947e-5,manuscript-fixed programme/location/constituent-term exemplar
3,GO:0006119,microglia,CA1,2740,-0.413298733634881,FALSE,FALSE,oxidative phosphorylation,-2.11097705826318,5.75222270996947e-5,manuscript-fixed programme/location/constituent-term exemplar
3,GO:0006119,microglia,CA1,2741,-0.413497382820419,FALSE,FALSE,oxidative phosphorylation,-2.11097705826318,5.75222270996947e-5,manuscript-fixed programme/location/constituent-term exemplar
3,GO:0006119,microglia,CA1,2742,-0.413696032005958,FALSE,FALSE,oxidative phosphorylation,-2.11097705826318,5.75222270996947e-5,manuscript-fixed programme/location/constituent-term exemplar
3,GO:0006119,microglia,CA1,2743,-0.41389468119149597,FALSE,FALSE,oxidative phosphorylation,-2.11097705826318,5.75222270996947e-5,manuscript-fixed programme/location/constituent-term exemplar
3,GO:0006119,microglia,CA1,2744,-0.414093330377034,FALSE,FALSE,oxidative phosphorylation,-2.11097705826318,5.75222270996947e-5,manuscript-fixed programme/location/constituent-term exemplar
3,GO:0006119,microglia,CA1,2745,-0.414291979562573,FALSE,FALSE,oxidative phosphorylation,-2.11097705826318,5.75222270996947e-5,manuscript-fixed programme/location/constituent-term exemplar
3,GO:0006119,microglia,CA1,2746,-0.414490628748111,FALSE,FALSE,oxidative phosphorylation,-2.11097705826318,5.75222270996947e-5,manuscript-fixed programme/location/constituent-term exemplar
3,GO:0006119,microglia,CA1,2747,-0.41468927793365,FALSE,FALSE,oxidative phosphorylation,-2.11097705826318,5.75222270996947e-5,manuscript-fixed programme/location/constituent-term exemplar
3,GO:0006119,microglia,CA1,2748,-0.414887927119188,FALSE,FALSE,oxidative phosphorylation,-2.11097705826318,5.75222270996947e-5,manuscript-fixed programme/location/constituent-term exemplar
3,GO:0006119,microglia,CA1,2749,-0.415086576304726,FALSE,FALSE,oxidative phosphorylation,-2.11097705826318,5.75222270996947e-5,manuscript-fixed programme/location/constituent-term exemplar
3,GO:0006119,microglia,CA1,2750,-0.415285225490264,FALSE,FALSE,oxidative phosphorylation,-2.11097705826318,5.75222270996947e-5,manuscript-fixed programme/location/constituent-term exemplar
3,GO:0006119,microglia,CA1,2751,-0.415483874675803,FALSE,FALSE,oxidative phosphorylation,-2.11097705826318,5.75222270996947e-5,manuscript-fixed programme/location/constituent-term exemplar
3,GO:0006119,microglia,CA1,2752,-0.415682523861341,FALSE,FALSE,oxidative phosphorylation,-2.11097705826318,5.75222270996947e-5,manuscript-fixed programme/location/constituent-term exemplar
3,GO:0006119,microglia,CA1,2753,-0.41588117304688,FALSE,FALSE,oxidative phosphorylation,-2.11097705826318,5.75222270996947e-5,manuscript-fixed programme/location/constituent-term exemplar
3,GO:0006119,microglia,CA1,2754,-0.416079822232418,FALSE,FALSE,oxidative phosphorylation,-2.11097705826318,5.75222270996947e-5,manuscript-fixed programme/location/constituent-term exemplar
3,GO:0006119,microglia,CA1,2755,-0.416278471417956,FALSE,FALSE,oxidative phosphorylation,-2.11097705826318,5.75222270996947e-5,manuscript-fixed programme/location/constituent-term exemplar
3,GO:0006119,microglia,CA1,2756,-0.416477120603495,FALSE,FALSE,oxidative phosphorylation,-2.11097705826318,5.75222270996947e-5,manuscript-fixed programme/location/constituent-term exemplar
3,GO:0006119,microglia,CA1,2757,-0.416675769789033,FALSE,FALSE,oxidative phosphorylation,-2.11097705826318,5.75222270996947e-5,manuscript-fixed programme/location/constituent-term exemplar
3,GO:0006119,microglia,CA1,2758,-0.416874418974571,FALSE,FALSE,oxidative phosphorylation,-2.11097705826318,5.75222270996947e-5,manuscript-fixed programme/location/constituent-term exemplar
3,GO:0006119,microglia,CA1,2759,-0.41707306816011,FALSE,FALSE,oxidative phosphorylation,-2.11097705826318,5.75222270996947e-5,manuscript-fixed programme/location/constituent-term exemplar
3,GO:0006119,microglia,CA1,2760,-0.417271717345648,FALSE,FALSE,oxidative phosphorylation,-2.11097705826318,5.75222270996947e-5,manuscript-fixed programme/location/constituent-term exemplar
3,GO:0006119,microglia,CA1,2761,-0.417470366531186,FALSE,FALSE,oxidative phosphorylation,-2.11097705826318,5.75222270996947e-5,manuscript-fixed programme/location/constituent-term exemplar
3,GO:0006119,microglia,CA1,2762,-0.417669015716725,FALSE,FALSE,oxidative phosphorylation,-2.11097705826318,5.75222270996947e-5,manuscript-fixed programme/location/constituent-term exemplar
3,GO:0006119,microglia,CA1,2763,-0.417867664902263,FALSE,FALSE,oxidative phosphorylation,-2.11097705826318,5.75222270996947e-5,manuscript-fixed programme/location/constituent-term exemplar
3,GO:0006119,microglia,CA1,2764,-0.418066314087801,FALSE,FALSE,oxidative phosphorylation,-2.11097705826318,5.75222270996947e-5,manuscript-fixed programme/location/constituent-term exemplar
3,GO:0006119,microglia,CA1,2765,-0.41826496327334,FALSE,FALSE,oxidative phosphorylation,-2.11097705826318,5.75222270996947e-5,manuscript-fixed programme/location/constituent-term exemplar
3,GO:0006119,microglia,CA1,2766,-0.418463612458878,FALSE,FALSE,oxidative phosphorylation,-2.11097705826318,5.75222270996947e-5,manuscript-fixed programme/location/constituent-term exemplar
3,GO:0006119,microglia,CA1,2767,-0.418662261644416,FALSE,FALSE,oxidative phosphorylation,-2.11097705826318,5.75222270996947e-5,manuscript-fixed programme/location/constituent-term exemplar
3,GO:0006119,microglia,CA1,2768,-0.418860910829955,FALSE,FALSE,oxidative phosphorylation,-2.11097705826318,5.75222270996947e-5,manuscript-fixed programme/location/constituent-term exemplar
3,GO:0006119,microglia,CA1,2769,-0.419059560015493,FALSE,FALSE,oxidative phosphorylation,-2.11097705826318,5.75222270996947e-5,manuscript-fixed programme/location/constituent-term exemplar
3,GO:0006119,microglia,CA1,2770,-0.419258209201031,FALSE,FALSE,oxidative phosphorylation,-2.11097705826318,5.75222270996947e-5,manuscript-fixed programme/location/constituent-term exemplar
3,GO:0006119,microglia,CA1,2771,-0.41945685838657,FALSE,FALSE,oxidative phosphorylation,-2.11097705826318,5.75222270996947e-5,manuscript-fixed programme/location/constituent-term exemplar
3,GO:0006119,microglia,CA1,2772,-0.419655507572108,FALSE,FALSE,oxidative phosphorylation,-2.11097705826318,5.75222270996947e-5,manuscript-fixed programme/location/constituent-term exemplar
3,GO:0006119,microglia,CA1,2773,-0.419854156757646,FALSE,FALSE,oxidative phosphorylation,-2.11097705826318,5.75222270996947e-5,manuscript-fixed programme/location/constituent-term exemplar
3,GO:0006119,microglia,CA1,2774,-0.420052805943185,FALSE,FALSE,oxidative phosphorylation,-2.11097705826318,5.75222270996947e-5,manuscript-fixed programme/location/constituent-term exemplar
3,GO:0006119,microglia,CA1,2775,-0.420251455128723,FALSE,FALSE,oxidative phosphorylation,-2.11097705826318,5.75222270996947e-5,manuscript-fixed programme/location/constituent-term exemplar
3,GO:0006119,microglia,CA1,2776,-0.420450104314261,FALSE,FALSE,oxidative phosphorylation,-2.11097705826318,5.75222270996947e-5,manuscript-fixed programme/location/constituent-term exemplar
3,GO:0006119,microglia,CA1,2777,-0.4206487534998,FALSE,FALSE,oxidative phosphorylation,-2.11097705826318,5.75222270996947e-5,manuscript-fixed programme/location/constituent-term exemplar
3,GO:0006119,microglia,CA1,2778,-0.420847402685338,FALSE,FALSE,oxidative phosphorylation,-2.11097705826318,5.75222270996947e-5,manuscript-fixed programme/location/constituent-term exemplar
3,GO:0006119,microglia,CA1,2779,-0.421046051870876,FALSE,FALSE,oxidative phosphorylation,-2.11097705826318,5.75222270996947e-5,manuscript-fixed programme/location/constituent-term exemplar
3,GO:0006119,microglia,CA1,2780,-0.421244701056415,FALSE,FALSE,oxidative phosphorylation,-2.11097705826318,5.75222270996947e-5,manuscript-fixed programme/location/constituent-term exemplar
3,GO:0006119,microglia,CA1,2781,-0.421443350241953,FALSE,FALSE,oxidative phosphorylation,-2.11097705826318,5.75222270996947e-5,manuscript-fixed programme/location/constituent-term exemplar
3,GO:0006119,microglia,CA1,2782,-0.421641999427491,FALSE,FALSE,oxidative phosphorylation,-2.11097705826318,5.75222270996947e-5,manuscript-fixed programme/location/constituent-term exemplar
3,GO:0006119,microglia,CA1,2783,-0.42184064861303,FALSE,FALSE,oxidative phosphorylation,-2.11097705826318,5.75222270996947e-5,manuscript-fixed programme/location/constituent-term exemplar
3,GO:0006119,microglia,CA1,2784,-0.422039297798568,FALSE,FALSE,oxidative phosphorylation,-2.11097705826318,5.75222270996947e-5,manuscript-fixed programme/location/constituent-term exemplar
3,GO:0006119,microglia,CA1,2785,-0.422237946984106,FALSE,FALSE,oxidative phosphorylation,-2.11097705826318,5.75222270996947e-5,manuscript-fixed programme/location/constituent-term exemplar
3,GO:0006119,microglia,CA1,2786,-0.422436596169645,FALSE,FALSE,oxidative phosphorylation,-2.11097705826318,5.75222270996947e-5,manuscript-fixed programme/location/constituent-term exemplar
3,GO:0006119,microglia,CA1,2787,-0.422635245355183,FALSE,FALSE,oxidative phosphorylation,-2.11097705826318,5.75222270996947e-5,manuscript-fixed programme/location/constituent-term exemplar
3,GO:0006119,microglia,CA1,2788,-0.422833894540721,FALSE,FALSE,oxidative phosphorylation,-2.11097705826318,5.75222270996947e-5,manuscript-fixed programme/location/constituent-term exemplar
3,GO:0006119,microglia,CA1,2789,-0.42303254372626,FALSE,FALSE,oxidative phosphorylation,-2.11097705826318,5.75222270996947e-5,manuscript-fixed programme/location/constituent-term exemplar
3,GO:0006119,microglia,CA1,2790,-0.423231192911798,FALSE,FALSE,oxidative phosphorylation,-2.11097705826318,5.75222270996947e-5,manuscript-fixed programme/location/constituent-term exemplar
3,GO:0006119,microglia,CA1,2791,-0.423429842097336,FALSE,FALSE,oxidative phosphorylation,-2.11097705826318,5.75222270996947e-5,manuscript-fixed programme/location/constituent-term exemplar
3,GO:0006119,microglia,CA1,2792,-0.423628491282875,FALSE,FALSE,oxidative phosphorylation,-2.11097705826318,5.75222270996947e-5,manuscript-fixed programme/location/constituent-term exemplar
3,GO:0006119,microglia,CA1,2793,-0.423827140468413,FALSE,FALSE,oxidative phosphorylation,-2.11097705826318,5.75222270996947e-5,manuscript-fixed programme/location/constituent-term exemplar
3,GO:0006119,microglia,CA1,2794,-0.424025789653951,FALSE,FALSE,oxidative phosphorylation,-2.11097705826318,5.75222270996947e-5,manuscript-fixed programme/location/constituent-term exemplar
3,GO:0006119,microglia,CA1,2795,-0.42422443883949,FALSE,FALSE,oxidative phosphorylation,-2.11097705826318,5.75222270996947e-5,manuscript-fixed programme/location/constituent-term exemplar
3,GO:0006119,microglia,CA1,2796,-0.424423088025028,FALSE,FALSE,oxidative phosphorylation,-2.11097705826318,5.75222270996947e-5,manuscript-fixed programme/location/constituent-term exemplar
3,GO:0006119,microglia,CA1,2797,-0.424621737210567,FALSE,FALSE,oxidative phosphorylation,-2.11097705826318,5.75222270996947e-5,manuscript-fixed programme/location/constituent-term exemplar
3,GO:0006119,microglia,CA1,2798,-0.421075780100799,TRUE,FALSE,oxidative phosphorylation,-2.11097705826318,5.75222270996947e-5,manuscript-fixed programme/location/constituent-term exemplar
3,GO:0006119,microglia,CA1,2799,-0.421274429286337,FALSE,FALSE,oxidative phosphorylation,-2.11097705826318,5.75222270996947e-5,manuscript-fixed programme/location/constituent-term exemplar
3,GO:0006119,microglia,CA1,2800,-0.421473078471875,FALSE,FALSE,oxidative phosphorylation,-2.11097705826318,5.75222270996947e-5,manuscript-fixed programme/location/constituent-term exemplar
3,GO:0006119,microglia,CA1,2801,-0.421671727657414,FALSE,FALSE,oxidative phosphorylation,-2.11097705826318,5.75222270996947e-5,manuscript-fixed programme/location/constituent-term exemplar
3,GO:0006119,microglia,CA1,2802,-0.421870376842952,FALSE,FALSE,oxidative phosphorylation,-2.11097705826318,5.75222270996947e-5,manuscript-fixed programme/location/constituent-term exemplar
3,GO:0006119,microglia,CA1,2803,-0.42206902602849,FALSE,FALSE,oxidative phosphorylation,-2.11097705826318,5.75222270996947e-5,manuscript-fixed programme/location/constituent-term exemplar
3,GO:0006119,microglia,CA1,2804,-0.422267675214029,FALSE,FALSE,oxidative phosphorylation,-2.11097705826318,5.75222270996947e-5,manuscript-fixed programme/location/constituent-term exemplar
3,GO:0006119,microglia,CA1,2805,-0.422466324399567,FALSE,FALSE,oxidative phosphorylation,-2.11097705826318,5.75222270996947e-5,manuscript-fixed programme/location/constituent-term exemplar
3,GO:0006119,microglia,CA1,2806,-0.422664973585105,FALSE,FALSE,oxidative phosphorylation,-2.11097705826318,5.75222270996947e-5,manuscript-fixed programme/location/constituent-term exemplar
3,GO:0006119,microglia,CA1,2807,-0.422863622770644,FALSE,FALSE,oxidative phosphorylation,-2.11097705826318,5.75222270996947e-5,manuscript-fixed programme/location/constituent-term exemplar
3,GO:0006119,microglia,CA1,2808,-0.423062271956182,FALSE,FALSE,oxidative phosphorylation,-2.11097705826318,5.75222270996947e-5,manuscript-fixed programme/location/constituent-term exemplar
3,GO:0006119,microglia,CA1,2809,-0.42326092114172,FALSE,FALSE,oxidative phosphorylation,-2.11097705826318,5.75222270996947e-5,manuscript-fixed programme/location/constituent-term exemplar
3,GO:0006119,microglia,CA1,2810,-0.423459570327259,FALSE,FALSE,oxidative phosphorylation,-2.11097705826318,5.75222270996947e-5,manuscript-fixed programme/location/constituent-term exemplar
3,GO:0006119,microglia,CA1,2811,-0.423658219512797,FALSE,FALSE,oxidative phosphorylation,-2.11097705826318,5.75222270996947e-5,manuscript-fixed programme/location/constituent-term exemplar
3,GO:0006119,microglia,CA1,2812,-0.423856868698335,FALSE,FALSE,oxidative phosphorylation,-2.11097705826318,5.75222270996947e-5,manuscript-fixed programme/location/constituent-term exemplar
3,GO:0006119,microglia,CA1,2813,-0.424055517883874,FALSE,FALSE,oxidative phosphorylation,-2.11097705826318,5.75222270996947e-5,manuscript-fixed programme/location/constituent-term exemplar
3,GO:0006119,microglia,CA1,2814,-0.424254167069412,FALSE,FALSE,oxidative phosphorylation,-2.11097705826318,5.75222270996947e-5,manuscript-fixed programme/location/constituent-term exemplar
3,GO:0006119,microglia,CA1,2815,-0.42445281625495,FALSE,FALSE,oxidative phosphorylation,-2.11097705826318,5.75222270996947e-5,manuscript-fixed programme/location/constituent-term exemplar
3,GO:0006119,microglia,CA1,2816,-0.424651465440489,FALSE,FALSE,oxidative phosphorylation,-2.11097705826318,5.75222270996947e-5,manuscript-fixed programme/location/constituent-term exemplar
3,GO:0006119,microglia,CA1,2817,-0.424850114626027,FALSE,FALSE,oxidative phosphorylation,-2.11097705826318,5.75222270996947e-5,manuscript-fixed programme/location/constituent-term exemplar
3,GO:0006119,microglia,CA1,2818,-0.425048763811565,FALSE,FALSE,oxidative phosphorylation,-2.11097705826318,5.75222270996947e-5,manuscript-fixed programme/location/constituent-term exemplar
3,GO:0006119,microglia,CA1,2819,-0.425247412997104,FALSE,FALSE,oxidative phosphorylation,-2.11097705826318,5.75222270996947e-5,manuscript-fixed programme/location/constituent-term exemplar
3,GO:0006119,microglia,CA1,2820,-0.425446062182642,FALSE,FALSE,oxidative phosphorylation,-2.11097705826318,5.75222270996947e-5,manuscript-fixed programme/location/constituent-term exemplar
3,GO:0006119,microglia,CA1,2821,-0.42564471136818,FALSE,FALSE,oxidative phosphorylation,-2.11097705826318,5.75222270996947e-5,manuscript-fixed programme/location/constituent-term exemplar
3,GO:0006119,microglia,CA1,2822,-0.425843360553719,FALSE,FALSE,oxidative phosphorylation,-2.11097705826318,5.75222270996947e-5,manuscript-fixed programme/location/constituent-term exemplar
3,GO:0006119,microglia,CA1,2823,-0.426042009739257,FALSE,FALSE,oxidative phosphorylation,-2.11097705826318,5.75222270996947e-5,manuscript-fixed programme/location/constituent-term exemplar
3,GO:0006119,microglia,CA1,2824,-0.426240658924795,FALSE,FALSE,oxidative phosphorylation,-2.11097705826318,5.75222270996947e-5,manuscript-fixed programme/location/constituent-term exemplar
3,GO:0006119,microglia,CA1,2825,-0.426439308110334,FALSE,FALSE,oxidative phosphorylation,-2.11097705826318,5.75222270996947e-5,manuscript-fixed programme/location/constituent-term exemplar
3,GO:0006119,microglia,CA1,2826,-0.426637957295872,FALSE,FALSE,oxidative phosphorylation,-2.11097705826318,5.75222270996947e-5,manuscript-fixed programme/location/constituent-term exemplar
3,GO:0006119,microglia,CA1,2827,-0.42683660648141,FALSE,FALSE,oxidative phosphorylation,-2.11097705826318,5.75222270996947e-5,manuscript-fixed programme/location/constituent-term exemplar
3,GO:0006119,microglia,CA1,2828,-0.427035255666949,FALSE,FALSE,oxidative phosphorylation,-2.11097705826318,5.75222270996947e-5,manuscript-fixed programme/location/constituent-term exemplar
3,GO:0006119,microglia,CA1,2829,-0.427233904852487,FALSE,FALSE,oxidative phosphorylation,-2.11097705826318,5.75222270996947e-5,manuscript-fixed programme/location/constituent-term exemplar
3,GO:0006119,microglia,CA1,2830,-0.427432554038025,FALSE,FALSE,oxidative phosphorylation,-2.11097705826318,5.75222270996947e-5,manuscript-fixed programme/location/constituent-term exemplar
3,GO:0006119,microglia,CA1,2831,-0.427631203223564,FALSE,FALSE,oxidative phosphorylation,-2.11097705826318,5.75222270996947e-5,manuscript-fixed programme/location/constituent-term exemplar
3,GO:0006119,microglia,CA1,2832,-0.427829852409102,FALSE,FALSE,oxidative phosphorylation,-2.11097705826318,5.75222270996947e-5,manuscript-fixed programme/location/constituent-term exemplar
3,GO:0006119,microglia,CA1,2833,-0.42802850159464,FALSE,FALSE,oxidative phosphorylation,-2.11097705826318,5.75222270996947e-5,manuscript-fixed programme/location/constituent-term exemplar
3,GO:0006119,microglia,CA1,2834,-0.428227150780179,FALSE,FALSE,oxidative phosphorylation,-2.11097705826318,5.75222270996947e-5,manuscript-fixed programme/location/constituent-term exemplar
3,GO:0006119,microglia,CA1,2835,-0.428425799965717,FALSE,FALSE,oxidative phosphorylation,-2.11097705826318,5.75222270996947e-5,manuscript-fixed programme/location/constituent-term exemplar
3,GO:0006119,microglia,CA1,2836,-0.428624449151255,FALSE,FALSE,oxidative phosphorylation,-2.11097705826318,5.75222270996947e-5,manuscript-fixed programme/location/constituent-term exemplar
3,GO:0006119,microglia,CA1,2837,-0.428823098336794,FALSE,FALSE,oxidative phosphorylation,-2.11097705826318,5.75222270996947e-5,manuscript-fixed programme/location/constituent-term exemplar
3,GO:0006119,microglia,CA1,2838,-0.429021747522332,FALSE,FALSE,oxidative phosphorylation,-2.11097705826318,5.75222270996947e-5,manuscript-fixed programme/location/constituent-term exemplar
3,GO:0006119,microglia,CA1,2839,-0.42922039670787,FALSE,FALSE,oxidative phosphorylation,-2.11097705826318,5.75222270996947e-5,manuscript-fixed programme/location/constituent-term exemplar
3,GO:0006119,microglia,CA1,2840,-0.429419045893409,FALSE,FALSE,oxidative phosphorylation,-2.11097705826318,5.75222270996947e-5,manuscript-fixed programme/location/constituent-term exemplar
3,GO:0006119,microglia,CA1,2841,-0.429617695078947,FALSE,FALSE,oxidative phosphorylation,-2.11097705826318,5.75222270996947e-5,manuscript-fixed programme/location/constituent-term exemplar
3,GO:0006119,microglia,CA1,2842,-0.429816344264485,FALSE,FALSE,oxidative phosphorylation,-2.11097705826318,5.75222270996947e-5,manuscript-fixed programme/location/constituent-term exemplar
3,GO:0006119,microglia,CA1,2843,-0.430014993450024,FALSE,FALSE,oxidative phosphorylation,-2.11097705826318,5.75222270996947e-5,manuscript-fixed programme/location/constituent-term exemplar
3,GO:0006119,microglia,CA1,2844,-0.430213642635562,FALSE,FALSE,oxidative phosphorylation,-2.11097705826318,5.75222270996947e-5,manuscript-fixed programme/location/constituent-term exemplar
3,GO:0006119,microglia,CA1,2845,-0.430412291821101,FALSE,FALSE,oxidative phosphorylation,-2.11097705826318,5.75222270996947e-5,manuscript-fixed programme/location/constituent-term exemplar
3,GO:0006119,microglia,CA1,2846,-0.430610941006639,FALSE,FALSE,oxidative phosphorylation,-2.11097705826318,5.75222270996947e-5,manuscript-fixed programme/location/constituent-term exemplar
3,GO:0006119,microglia,CA1,2847,-0.430809590192177,FALSE,FALSE,oxidative phosphorylation,-2.11097705826318,5.75222270996947e-5,manuscript-fixed programme/location/constituent-term exemplar
3,GO:0006119,microglia,CA1,2848,-0.431008239377715,FALSE,FALSE,oxidative phosphorylation,-2.11097705826318,5.75222270996947e-5,manuscript-fixed programme/location/constituent-term exemplar
3,GO:0006119,microglia,CA1,2849,-0.431206888563254,FALSE,FALSE,oxidative phosphorylation,-2.11097705826318,5.75222270996947e-5,manuscript-fixed programme/location/constituent-term exemplar
3,GO:0006119,microglia,CA1,2850,-0.431405537748792,FALSE,FALSE,oxidative phosphorylation,-2.11097705826318,5.75222270996947e-5,manuscript-fixed programme/location/constituent-term exemplar
3,GO:0006119,microglia,CA1,2851,-0.431604186934331,FALSE,FALSE,oxidative phosphorylation,-2.11097705826318,5.75222270996947e-5,manuscript-fixed programme/location/constituent-term exemplar
3,GO:0006119,microglia,CA1,2852,-0.431802836119869,FALSE,FALSE,oxidative phosphorylation,-2.11097705826318,5.75222270996947e-5,manuscript-fixed programme/location/constituent-term exemplar
3,GO:0006119,microglia,CA1,2853,-0.432001485305407,FALSE,FALSE,oxidative phosphorylation,-2.11097705826318,5.75222270996947e-5,manuscript-fixed programme/location/constituent-term exemplar
3,GO:0006119,microglia,CA1,2854,-0.432200134490946,FALSE,FALSE,oxidative phosphorylation,-2.11097705826318,5.75222270996947e-5,manuscript-fixed programme/location/constituent-term exemplar
3,GO:0006119,microglia,CA1,2855,-0.432398783676484,FALSE,FALSE,oxidative phosphorylation,-2.11097705826318,5.75222270996947e-5,manuscript-fixed programme/location/constituent-term exemplar
3,GO:0006119,microglia,CA1,2856,-0.432597432862022,FALSE,FALSE,oxidative phosphorylation,-2.11097705826318,5.75222270996947e-5,manuscript-fixed programme/location/constituent-term exemplar
3,GO:0006119,microglia,CA1,2857,-0.432796082047561,FALSE,FALSE,oxidative phosphorylation,-2.11097705826318,5.75222270996947e-5,manuscript-fixed programme/location/constituent-term exemplar
3,GO:0006119,microglia,CA1,2858,-0.432994731233099,FALSE,FALSE,oxidative phosphorylation,-2.11097705826318,5.75222270996947e-5,manuscript-fixed programme/location/constituent-term exemplar
3,GO:0006119,microglia,CA1,2859,-0.433193380418637,FALSE,FALSE,oxidative phosphorylation,-2.11097705826318,5.75222270996947e-5,manuscript-fixed programme/location/constituent-term exemplar
3,GO:0006119,microglia,CA1,2860,-0.433392029604176,FALSE,FALSE,oxidative phosphorylation,-2.11097705826318,5.75222270996947e-5,manuscript-fixed programme/location/constituent-term exemplar
3,GO:0006119,microglia,CA1,2861,-0.433590678789714,FALSE,FALSE,oxidative phosphorylation,-2.11097705826318,5.75222270996947e-5,manuscript-fixed programme/location/constituent-term exemplar
3,GO:0006119,microglia,CA1,2862,-0.433789327975252,FALSE,FALSE,oxidative phosphorylation,-2.11097705826318,5.75222270996947e-5,manuscript-fixed programme/location/constituent-term exemplar
3,GO:0006119,microglia,CA1,2863,-0.433987977160791,FALSE,FALSE,oxidative phosphorylation,-2.11097705826318,5.75222270996947e-5,manuscript-fixed programme/location/constituent-term exemplar
3,GO:0006119,microglia,CA1,2864,-0.434186626346329,FALSE,FALSE,oxidative phosphorylation,-2.11097705826318,5.75222270996947e-5,manuscript-fixed programme/location/constituent-term exemplar
3,GO:0006119,microglia,CA1,2865,-0.434385275531867,FALSE,FALSE,oxidative phosphorylation,-2.11097705826318,5.75222270996947e-5,manuscript-fixed programme/location/constituent-term exemplar
3,GO:0006119,microglia,CA1,2866,-0.434583924717406,FALSE,FALSE,oxidative phosphorylation,-2.11097705826318,5.75222270996947e-5,manuscript-fixed programme/location/constituent-term exemplar
3,GO:0006119,microglia,CA1,2867,-0.434782573902944,FALSE,FALSE,oxidative phosphorylation,-2.11097705826318,5.75222270996947e-5,manuscript-fixed programme/location/constituent-term exemplar
3,GO:0006119,microglia,CA1,2868,-0.434981223088482,FALSE,FALSE,oxidative phosphorylation,-2.11097705826318,5.75222270996947e-5,manuscript-fixed programme/location/constituent-term exemplar
3,GO:0006119,microglia,CA1,2869,-0.435179872274021,FALSE,FALSE,oxidative phosphorylation,-2.11097705826318,5.75222270996947e-5,manuscript-fixed programme/location/constituent-term exemplar
3,GO:0006119,microglia,CA1,2870,-0.435378521459559,FALSE,FALSE,oxidative phosphorylation,-2.11097705826318,5.75222270996947e-5,manuscript-fixed programme/location/constituent-term exemplar
3,GO:0006119,microglia,CA1,2871,-0.435577170645097,FALSE,FALSE,oxidative phosphorylation,-2.11097705826318,5.75222270996947e-5,manuscript-fixed programme/location/constituent-term exemplar
3,GO:0006119,microglia,CA1,2872,-0.435775819830636,FALSE,FALSE,oxidative phosphorylation,-2.11097705826318,5.75222270996947e-5,manuscript-fixed programme/location/constituent-term exemplar
3,GO:0006119,microglia,CA1,2873,-0.435974469016174,FALSE,FALSE,oxidative phosphorylation,-2.11097705826318,5.75222270996947e-5,manuscript-fixed programme/location/constituent-term exemplar
3,GO:0006119,microglia,CA1,2874,-0.436173118201712,FALSE,FALSE,oxidative phosphorylation,-2.11097705826318,5.75222270996947e-5,manuscript-fixed programme/location/constituent-term exemplar
3,GO:0006119,microglia,CA1,2875,-0.436371767387251,FALSE,FALSE,oxidative phosphorylation,-2.11097705826318,5.75222270996947e-5,manuscript-fixed programme/location/constituent-term exemplar
3,GO:0006119,microglia,CA1,2876,-0.436570416572789,FALSE,FALSE,oxidative phosphorylation,-2.11097705826318,5.75222270996947e-5,manuscript-fixed programme/location/constituent-term exemplar
3,GO:0006119,microglia,CA1,2877,-0.436769065758327,FALSE,FALSE,oxidative phosphorylation,-2.11097705826318,5.75222270996947e-5,manuscript-fixed programme/location/constituent-term exemplar
3,GO:0006119,microglia,CA1,2878,-0.436967714943866,FALSE,FALSE,oxidative phosphorylation,-2.11097705826318,5.75222270996947e-5,manuscript-fixed programme/location/constituent-term exemplar
3,GO:0006119,microglia,CA1,2879,-0.437166364129404,FALSE,FALSE,oxidative phosphorylation,-2.11097705826318,5.75222270996947e-5,manuscript-fixed programme/location/constituent-term exemplar
3,GO:0006119,microglia,CA1,2880,-0.437365013314942,FALSE,FALSE,oxidative phosphorylation,-2.11097705826318,5.75222270996947e-5,manuscript-fixed programme/location/constituent-term exemplar
3,GO:0006119,microglia,CA1,2881,-0.437563662500481,FALSE,FALSE,oxidative phosphorylation,-2.11097705826318,5.75222270996947e-5,manuscript-fixed programme/location/constituent-term exemplar
3,GO:0006119,microglia,CA1,2882,-0.437762311686019,FALSE,FALSE,oxidative phosphorylation,-2.11097705826318,5.75222270996947e-5,manuscript-fixed programme/location/constituent-term exemplar
3,GO:0006119,microglia,CA1,2883,-0.437960960871557,FALSE,FALSE,oxidative phosphorylation,-2.11097705826318,5.75222270996947e-5,manuscript-fixed programme/location/constituent-term exemplar
3,GO:0006119,microglia,CA1,2884,-0.438159610057096,FALSE,FALSE,oxidative phosphorylation,-2.11097705826318,5.75222270996947e-5,manuscript-fixed programme/location/constituent-term exemplar
3,GO:0006119,microglia,CA1,2885,-0.438358259242634,FALSE,FALSE,oxidative phosphorylation,-2.11097705826318,5.75222270996947e-5,manuscript-fixed programme/location/constituent-term exemplar
3,GO:0006119,microglia,CA1,2886,-0.438556908428172,FALSE,FALSE,oxidative phosphorylation,-2.11097705826318,5.75222270996947e-5,manuscript-fixed programme/location/constituent-term exemplar
3,GO:0006119,microglia,CA1,2887,-0.438755557613711,FALSE,FALSE,oxidative phosphorylation,-2.11097705826318,5.75222270996947e-5,manuscript-fixed programme/location/constituent-term exemplar
3,GO:0006119,microglia,CA1,2888,-0.438954206799249,FALSE,FALSE,oxidative phosphorylation,-2.11097705826318,5.75222270996947e-5,manuscript-fixed programme/location/constituent-term exemplar
3,GO:0006119,microglia,CA1,2889,-0.439152855984787,FALSE,FALSE,oxidative phosphorylation,-2.11097705826318,5.75222270996947e-5,manuscript-fixed programme/location/constituent-term exemplar
3,GO:0006119,microglia,CA1,2890,-0.439351505170326,FALSE,FALSE,oxidative phosphorylation,-2.11097705826318,5.75222270996947e-5,manuscript-fixed programme/location/constituent-term exemplar
3,GO:0006119,microglia,CA1,2891,-0.439550154355864,FALSE,FALSE,oxidative phosphorylation,-2.11097705826318,5.75222270996947e-5,manuscript-fixed programme/location/constituent-term exemplar
3,GO:0006119,microglia,CA1,2892,-0.439748803541402,FALSE,FALSE,oxidative phosphorylation,-2.11097705826318,5.75222270996947e-5,manuscript-fixed programme/location/constituent-term exemplar
3,GO:0006119,microglia,CA1,2893,-0.439947452726941,FALSE,FALSE,oxidative phosphorylation,-2.11097705826318,5.75222270996947e-5,manuscript-fixed programme/location/constituent-term exemplar
3,GO:0006119,microglia,CA1,2894,-0.440146101912479,FALSE,FALSE,oxidative phosphorylation,-2.11097705826318,5.75222270996947e-5,manuscript-fixed programme/location/constituent-term exemplar
3,GO:0006119,microglia,CA1,2895,-0.440344751098018,FALSE,FALSE,oxidative phosphorylation,-2.11097705826318,5.75222270996947e-5,manuscript-fixed programme/location/constituent-term exemplar
3,GO:0006119,microglia,CA1,2896,-0.440543400283556,FALSE,FALSE,oxidative phosphorylation,-2.11097705826318,5.75222270996947e-5,manuscript-fixed programme/location/constituent-term exemplar
3,GO:0006119,microglia,CA1,2897,-0.440742049469094,FALSE,FALSE,oxidative phosphorylation,-2.11097705826318,5.75222270996947e-5,manuscript-fixed programme/location/constituent-term exemplar
3,GO:0006119,microglia,CA1,2898,-0.440940698654632,FALSE,FALSE,oxidative phosphorylation,-2.11097705826318,5.75222270996947e-5,manuscript-fixed programme/location/constituent-term exemplar
3,GO:0006119,microglia,CA1,2899,-0.441139347840171,FALSE,FALSE,oxidative phosphorylation,-2.11097705826318,5.75222270996947e-5,manuscript-fixed programme/location/constituent-term exemplar
3,GO:0006119,microglia,CA1,2900,-0.441337997025709,FALSE,FALSE,oxidative phosphorylation,-2.11097705826318,5.75222270996947e-5,manuscript-fixed programme/location/constituent-term exemplar
3,GO:0006119,microglia,CA1,2901,-0.441536646211248,FALSE,FALSE,oxidative phosphorylation,-2.11097705826318,5.75222270996947e-5,manuscript-fixed programme/location/constituent-term exemplar
3,GO:0006119,microglia,CA1,2902,-0.441735295396786,FALSE,FALSE,oxidative phosphorylation,-2.11097705826318,5.75222270996947e-5,manuscript-fixed programme/location/constituent-term exemplar
3,GO:0006119,microglia,CA1,2903,-0.441933944582324,FALSE,FALSE,oxidative phosphorylation,-2.11097705826318,5.75222270996947e-5,manuscript-fixed programme/location/constituent-term exemplar
3,GO:0006119,microglia,CA1,2904,-0.442132593767863,FALSE,FALSE,oxidative phosphorylation,-2.11097705826318,5.75222270996947e-5,manuscript-fixed programme/location/constituent-term exemplar
3,GO:0006119,microglia,CA1,2905,-0.442331242953401,FALSE,FALSE,oxidative phosphorylation,-2.11097705826318,5.75222270996947e-5,manuscript-fixed programme/location/constituent-term exemplar
3,GO:0006119,microglia,CA1,2906,-0.442529892138939,FALSE,FALSE,oxidative phosphorylation,-2.11097705826318,5.75222270996947e-5,manuscript-fixed programme/location/constituent-term exemplar
3,GO:0006119,microglia,CA1,2907,-0.442728541324478,FALSE,FALSE,oxidative phosphorylation,-2.11097705826318,5.75222270996947e-5,manuscript-fixed programme/location/constituent-term exemplar
3,GO:0006119,microglia,CA1,2908,-0.442927190510016,FALSE,FALSE,oxidative phosphorylation,-2.11097705826318,5.75222270996947e-5,manuscript-fixed programme/location/constituent-term exemplar
3,GO:0006119,microglia,CA1,2909,-0.443125839695554,FALSE,FALSE,oxidative phosphorylation,-2.11097705826318,5.75222270996947e-5,manuscript-fixed programme/location/constituent-term exemplar
3,GO:0006119,microglia,CA1,2910,-0.443324488881093,FALSE,FALSE,oxidative phosphorylation,-2.11097705826318,5.75222270996947e-5,manuscript-fixed programme/location/constituent-term exemplar
3,GO:0006119,microglia,CA1,2911,-0.443523138066631,FALSE,FALSE,oxidative phosphorylation,-2.11097705826318,5.75222270996947e-5,manuscript-fixed programme/location/constituent-term exemplar
3,GO:0006119,microglia,CA1,2912,-0.443721787252169,FALSE,FALSE,oxidative phosphorylation,-2.11097705826318,5.75222270996947e-5,manuscript-fixed programme/location/constituent-term exemplar
3,GO:0006119,microglia,CA1,2913,-0.443920436437708,FALSE,FALSE,oxidative phosphorylation,-2.11097705826318,5.75222270996947e-5,manuscript-fixed programme/location/constituent-term exemplar
3,GO:0006119,microglia,CA1,2914,-0.444119085623246,FALSE,FALSE,oxidative phosphorylation,-2.11097705826318,5.75222270996947e-5,manuscript-fixed programme/location/constituent-term exemplar
3,GO:0006119,microglia,CA1,2915,-0.444317734808784,FALSE,FALSE,oxidative phosphorylation,-2.11097705826318,5.75222270996947e-5,manuscript-fixed programme/location/constituent-term exemplar
3,GO:0006119,microglia,CA1,2916,-0.44451638399432303,FALSE,FALSE,oxidative phosphorylation,-2.11097705826318,5.75222270996947e-5,manuscript-fixed programme/location/constituent-term exemplar
3,GO:0006119,microglia,CA1,2917,-0.444715033179861,FALSE,FALSE,oxidative phosphorylation,-2.11097705826318,5.75222270996947e-5,manuscript-fixed programme/location/constituent-term exemplar
3,GO:0006119,microglia,CA1,2918,-0.440626061049551,TRUE,FALSE,oxidative phosphorylation,-2.11097705826318,5.75222270996947e-5,manuscript-fixed programme/location/constituent-term exemplar
3,GO:0006119,microglia,CA1,2919,-0.44082471023509,FALSE,FALSE,oxidative phosphorylation,-2.11097705826318,5.75222270996947e-5,manuscript-fixed programme/location/constituent-term exemplar
3,GO:0006119,microglia,CA1,2920,-0.441023359420628,FALSE,FALSE,oxidative phosphorylation,-2.11097705826318,5.75222270996947e-5,manuscript-fixed programme/location/constituent-term exemplar
3,GO:0006119,microglia,CA1,2921,-0.441222008606166,FALSE,FALSE,oxidative phosphorylation,-2.11097705826318,5.75222270996947e-5,manuscript-fixed programme/location/constituent-term exemplar
3,GO:0006119,microglia,CA1,2922,-0.441420657791704,FALSE,FALSE,oxidative phosphorylation,-2.11097705826318,5.75222270996947e-5,manuscript-fixed programme/location/constituent-term exemplar
3,GO:0006119,microglia,CA1,2923,-0.441619306977243,FALSE,FALSE,oxidative phosphorylation,-2.11097705826318,5.75222270996947e-5,manuscript-fixed programme/location/constituent-term exemplar
3,GO:0006119,microglia,CA1,2924,-0.441817956162781,FALSE,FALSE,oxidative phosphorylation,-2.11097705826318,5.75222270996947e-5,manuscript-fixed programme/location/constituent-term exemplar
3,GO:0006119,microglia,CA1,2925,-0.44201660534832,FALSE,FALSE,oxidative phosphorylation,-2.11097705826318,5.75222270996947e-5,manuscript-fixed programme/location/constituent-term exemplar
3,GO:0006119,microglia,CA1,2926,-0.442215254533858,FALSE,FALSE,oxidative phosphorylation,-2.11097705826318,5.75222270996947e-5,manuscript-fixed programme/location/constituent-term exemplar
3,GO:0006119,microglia,CA1,2927,-0.442413903719396,FALSE,FALSE,oxidative phosphorylation,-2.11097705826318,5.75222270996947e-5,manuscript-fixed programme/location/constituent-term exemplar
3,GO:0006119,microglia,CA1,2928,-0.442612552904935,FALSE,FALSE,oxidative phosphorylation,-2.11097705826318,5.75222270996947e-5,manuscript-fixed programme/location/constituent-term exemplar
3,GO:0006119,microglia,CA1,2929,-0.442811202090473,FALSE,FALSE,oxidative phosphorylation,-2.11097705826318,5.75222270996947e-5,manuscript-fixed programme/location/constituent-term exemplar
3,GO:0006119,microglia,CA1,2930,-0.443009851276011,FALSE,FALSE,oxidative phosphorylation,-2.11097705826318,5.75222270996947e-5,manuscript-fixed programme/location/constituent-term exemplar
3,GO:0006119,microglia,CA1,2931,-0.44320850046155,FALSE,FALSE,oxidative phosphorylation,-2.11097705826318,5.75222270996947e-5,manuscript-fixed programme/location/constituent-term exemplar
3,GO:0006119,microglia,CA1,2932,-0.443407149647088,FALSE,FALSE,oxidative phosphorylation,-2.11097705826318,5.75222270996947e-5,manuscript-fixed programme/location/constituent-term exemplar
3,GO:0006119,microglia,CA1,2933,-0.443605798832626,FALSE,FALSE,oxidative phosphorylation,-2.11097705826318,5.75222270996947e-5,manuscript-fixed programme/location/constituent-term exemplar
3,GO:0006119,microglia,CA1,2934,-0.443804448018165,FALSE,FALSE,oxidative phosphorylation,-2.11097705826318,5.75222270996947e-5,manuscript-fixed programme/location/constituent-term exemplar
3,GO:0006119,microglia,CA1,2935,-0.444003097203703,FALSE,FALSE,oxidative phosphorylation,-2.11097705826318,5.75222270996947e-5,manuscript-fixed programme/location/constituent-term exemplar
3,GO:0006119,microglia,CA1,2936,-0.444201746389241,FALSE,FALSE,oxidative phosphorylation,-2.11097705826318,5.75222270996947e-5,manuscript-fixed programme/location/constituent-term exemplar
3,GO:0006119,microglia,CA1,2937,-0.44440039557478,FALSE,FALSE,oxidative phosphorylation,-2.11097705826318,5.75222270996947e-5,manuscript-fixed programme/location/constituent-term exemplar
3,GO:0006119,microglia,CA1,2938,-0.444599044760318,FALSE,FALSE,oxidative phosphorylation,-2.11097705826318,5.75222270996947e-5,manuscript-fixed programme/location/constituent-term exemplar
3,GO:0006119,microglia,CA1,2939,-0.440371674327648,TRUE,FALSE,oxidative phosphorylation,-2.11097705826318,5.75222270996947e-5,manuscript-fixed programme/location/constituent-term exemplar
3,GO:0006119,microglia,CA1,2940,-0.440570323513187,FALSE,FALSE,oxidative phosphorylation,-2.11097705826318,5.75222270996947e-5,manuscript-fixed programme/location/constituent-term exemplar
3,GO:0006119,microglia,CA1,2941,-0.440768972698725,FALSE,FALSE,oxidative phosphorylation,-2.11097705826318,5.75222270996947e-5,manuscript-fixed programme/location/constituent-term exemplar
3,GO:0006119,microglia,CA1,2942,-0.440967621884263,FALSE,FALSE,oxidative phosphorylation,-2.11097705826318,5.75222270996947e-5,manuscript-fixed programme/location/constituent-term exemplar
3,GO:0006119,microglia,CA1,2943,-0.441166271069802,FALSE,FALSE,oxidative phosphorylation,-2.11097705826318,5.75222270996947e-5,manuscript-fixed programme/location/constituent-term exemplar
3,GO:0006119,microglia,CA1,2944,-0.44136492025534,FALSE,FALSE,oxidative phosphorylation,-2.11097705826318,5.75222270996947e-5,manuscript-fixed programme/location/constituent-term exemplar
3,GO:0006119,microglia,CA1,2945,-0.441563569440878,FALSE,FALSE,oxidative phosphorylation,-2.11097705826318,5.75222270996947e-5,manuscript-fixed programme/location/constituent-term exemplar
3,GO:0006119,microglia,CA1,2946,-0.441762218626417,FALSE,FALSE,oxidative phosphorylation,-2.11097705826318,5.75222270996947e-5,manuscript-fixed programme/location/constituent-term exemplar
3,GO:0006119,microglia,CA1,2947,-0.441960867811955,FALSE,FALSE,oxidative phosphorylation,-2.11097705826318,5.75222270996947e-5,manuscript-fixed programme/location/constituent-term exemplar
3,GO:0006119,microglia,CA1,2948,-0.442159516997493,FALSE,FALSE,oxidative phosphorylation,-2.11097705826318,5.75222270996947e-5,manuscript-fixed programme/location/constituent-term exemplar
3,GO:0006119,microglia,CA1,2949,-0.442358166183032,FALSE,FALSE,oxidative phosphorylation,-2.11097705826318,5.75222270996947e-5,manuscript-fixed programme/location/constituent-term exemplar
3,GO:0006119,microglia,CA1,2950,-0.44255681536857,FALSE,FALSE,oxidative phosphorylation,-2.11097705826318,5.75222270996947e-5,manuscript-fixed programme/location/constituent-term exemplar
3,GO:0006119,microglia,CA1,2951,-0.442755464554108,FALSE,FALSE,oxidative phosphorylation,-2.11097705826318,5.75222270996947e-5,manuscript-fixed programme/location/constituent-term exemplar
3,GO:0006119,microglia,CA1,2952,-0.442954113739647,FALSE,FALSE,oxidative phosphorylation,-2.11097705826318,5.75222270996947e-5,manuscript-fixed programme/location/constituent-term exemplar
3,GO:0006119,microglia,CA1,2953,-0.443152762925185,FALSE,FALSE,oxidative phosphorylation,-2.11097705826318,5.75222270996947e-5,manuscript-fixed programme/location/constituent-term exemplar
3,GO:0006119,microglia,CA1,2954,-0.443351412110723,FALSE,FALSE,oxidative phosphorylation,-2.11097705826318,5.75222270996947e-5,manuscript-fixed programme/location/constituent-term exemplar
3,GO:0006119,microglia,CA1,2955,-0.443550061296262,FALSE,FALSE,oxidative phosphorylation,-2.11097705826318,5.75222270996947e-5,manuscript-fixed programme/location/constituent-term exemplar
3,GO:0006119,microglia,CA1,2956,-0.4437487104818,FALSE,FALSE,oxidative phosphorylation,-2.11097705826318,5.75222270996947e-5,manuscript-fixed programme/location/constituent-term exemplar
3,GO:0006119,microglia,CA1,2957,-0.443947359667338,FALSE,FALSE,oxidative phosphorylation,-2.11097705826318,5.75222270996947e-5,manuscript-fixed programme/location/constituent-term exemplar
3,GO:0006119,microglia,CA1,2958,-0.444146008852877,FALSE,FALSE,oxidative phosphorylation,-2.11097705826318,5.75222270996947e-5,manuscript-fixed programme/location/constituent-term exemplar
3,GO:0006119,microglia,CA1,2959,-0.444344658038415,FALSE,FALSE,oxidative phosphorylation,-2.11097705826318,5.75222270996947e-5,manuscript-fixed programme/location/constituent-term exemplar
3,GO:0006119,microglia,CA1,2960,-0.444543307223953,FALSE,FALSE,oxidative phosphorylation,-2.11097705826318,5.75222270996947e-5,manuscript-fixed programme/location/constituent-term exemplar
3,GO:0006119,microglia,CA1,2961,-0.444741956409492,FALSE,FALSE,oxidative phosphorylation,-2.11097705826318,5.75222270996947e-5,manuscript-fixed programme/location/constituent-term exemplar
3,GO:0006119,microglia,CA1,2962,-0.44494060559503,FALSE,FALSE,oxidative phosphorylation,-2.11097705826318,5.75222270996947e-5,manuscript-fixed programme/location/constituent-term exemplar
3,GO:0006119,microglia,CA1,2963,-0.445139254780568,FALSE,FALSE,oxidative phosphorylation,-2.11097705826318,5.75222270996947e-5,manuscript-fixed programme/location/constituent-term exemplar
3,GO:0006119,microglia,CA1,2964,-0.445337903966107,FALSE,FALSE,oxidative phosphorylation,-2.11097705826318,5.75222270996947e-5,manuscript-fixed programme/location/constituent-term exemplar
3,GO:0006119,microglia,CA1,2965,-0.445536553151645,FALSE,FALSE,oxidative phosphorylation,-2.11097705826318,5.75222270996947e-5,manuscript-fixed programme/location/constituent-term exemplar
3,GO:0006119,microglia,CA1,2966,-0.445735202337183,FALSE,FALSE,oxidative phosphorylation,-2.11097705826318,5.75222270996947e-5,manuscript-fixed programme/location/constituent-term exemplar
3,GO:0006119,microglia,CA1,2967,-0.445933851522722,FALSE,FALSE,oxidative phosphorylation,-2.11097705826318,5.75222270996947e-5,manuscript-fixed programme/location/constituent-term exemplar
3,GO:0006119,microglia,CA1,2968,-0.44613250070826,FALSE,FALSE,oxidative phosphorylation,-2.11097705826318,5.75222270996947e-5,manuscript-fixed programme/location/constituent-term exemplar
3,GO:0006119,microglia,CA1,2969,-0.446331149893799,FALSE,FALSE,oxidative phosphorylation,-2.11097705826318,5.75222270996947e-5,manuscript-fixed programme/location/constituent-term exemplar
3,GO:0006119,microglia,CA1,2970,-0.446529799079337,FALSE,FALSE,oxidative phosphorylation,-2.11097705826318,5.75222270996947e-5,manuscript-fixed programme/location/constituent-term exemplar
3,GO:0006119,microglia,CA1,2971,-0.446728448264875,FALSE,FALSE,oxidative phosphorylation,-2.11097705826318,5.75222270996947e-5,manuscript-fixed programme/location/constituent-term exemplar
3,GO:0006119,microglia,CA1,2972,-0.446927097450413,FALSE,FALSE,oxidative phosphorylation,-2.11097705826318,5.75222270996947e-5,manuscript-fixed programme/location/constituent-term exemplar
3,GO:0006119,microglia,CA1,2973,-0.447125746635952,FALSE,FALSE,oxidative phosphorylation,-2.11097705826318,5.75222270996947e-5,manuscript-fixed programme/location/constituent-term exemplar
3,GO:0006119,microglia,CA1,2974,-0.44732439582149,FALSE,FALSE,oxidative phosphorylation,-2.11097705826318,5.75222270996947e-5,manuscript-fixed programme/location/constituent-term exemplar
3,GO:0006119,microglia,CA1,2975,-0.447523045007029,FALSE,FALSE,oxidative phosphorylation,-2.11097705826318,5.75222270996947e-5,manuscript-fixed programme/location/constituent-term exemplar
3,GO:0006119,microglia,CA1,2976,-0.447721694192567,FALSE,FALSE,oxidative phosphorylation,-2.11097705826318,5.75222270996947e-5,manuscript-fixed programme/location/constituent-term exemplar
3,GO:0006119,microglia,CA1,2977,-0.447920343378105,FALSE,FALSE,oxidative phosphorylation,-2.11097705826318,5.75222270996947e-5,manuscript-fixed programme/location/constituent-term exemplar
3,GO:0006119,microglia,CA1,2978,-0.44348257281948,TRUE,FALSE,oxidative phosphorylation,-2.11097705826318,5.75222270996947e-5,manuscript-fixed programme/location/constituent-term exemplar
3,GO:0006119,microglia,CA1,2979,-0.44368122200501797,FALSE,FALSE,oxidative phosphorylation,-2.11097705826318,5.75222270996947e-5,manuscript-fixed programme/location/constituent-term exemplar
3,GO:0006119,microglia,CA1,2980,-0.443879871190557,FALSE,FALSE,oxidative phosphorylation,-2.11097705826318,5.75222270996947e-5,manuscript-fixed programme/location/constituent-term exemplar
3,GO:0006119,microglia,CA1,2981,-0.444078520376095,FALSE,FALSE,oxidative phosphorylation,-2.11097705826318,5.75222270996947e-5,manuscript-fixed programme/location/constituent-term exemplar
3,GO:0006119,microglia,CA1,2982,-0.444277169561633,FALSE,FALSE,oxidative phosphorylation,-2.11097705826318,5.75222270996947e-5,manuscript-fixed programme/location/constituent-term exemplar
3,GO:0006119,microglia,CA1,2983,-0.444475818747172,FALSE,FALSE,oxidative phosphorylation,-2.11097705826318,5.75222270996947e-5,manuscript-fixed programme/location/constituent-term exemplar
3,GO:0006119,microglia,CA1,2984,-0.44467446793271,FALSE,FALSE,oxidative phosphorylation,-2.11097705826318,5.75222270996947e-5,manuscript-fixed programme/location/constituent-term exemplar
3,GO:0006119,microglia,CA1,2985,-0.444873117118248,FALSE,FALSE,oxidative phosphorylation,-2.11097705826318,5.75222270996947e-5,manuscript-fixed programme/location/constituent-term exemplar
3,GO:0006119,microglia,CA1,2986,-0.445071766303787,FALSE,FALSE,oxidative phosphorylation,-2.11097705826318,5.75222270996947e-5,manuscript-fixed programme/location/constituent-term exemplar
3,GO:0006119,microglia,CA1,2987,-0.445270415489325,FALSE,FALSE,oxidative phosphorylation,-2.11097705826318,5.75222270996947e-5,manuscript-fixed programme/location/constituent-term exemplar
3,GO:0006119,microglia,CA1,2988,-0.445469064674864,FALSE,FALSE,oxidative phosphorylation,-2.11097705826318,5.75222270996947e-5,manuscript-fixed programme/location/constituent-term exemplar
3,GO:0006119,microglia,CA1,2989,-0.445667713860402,FALSE,FALSE,oxidative phosphorylation,-2.11097705826318,5.75222270996947e-5,manuscript-fixed programme/location/constituent-term exemplar
3,GO:0006119,microglia,CA1,2990,-0.44586636304594,FALSE,FALSE,oxidative phosphorylation,-2.11097705826318,5.75222270996947e-5,manuscript-fixed programme/location/constituent-term exemplar
3,GO:0006119,microglia,CA1,2991,-0.446065012231478,FALSE,FALSE,oxidative phosphorylation,-2.11097705826318,5.75222270996947e-5,manuscript-fixed programme/location/constituent-term exemplar
3,GO:0006119,microglia,CA1,2992,-0.446263661417017,FALSE,FALSE,oxidative phosphorylation,-2.11097705826318,5.75222270996947e-5,manuscript-fixed programme/location/constituent-term exemplar
3,GO:0006119,microglia,CA1,2993,-0.446462310602555,FALSE,FALSE,oxidative phosphorylation,-2.11097705826318,5.75222270996947e-5,manuscript-fixed programme/location/constituent-term exemplar
3,GO:0006119,microglia,CA1,2994,-0.446660959788094,FALSE,FALSE,oxidative phosphorylation,-2.11097705826318,5.75222270996947e-5,manuscript-fixed programme/location/constituent-term exemplar
3,GO:0006119,microglia,CA1,2995,-0.446859608973632,FALSE,FALSE,oxidative phosphorylation,-2.11097705826318,5.75222270996947e-5,manuscript-fixed programme/location/constituent-term exemplar
3,GO:0006119,microglia,CA1,2996,-0.44705825815917,FALSE,FALSE,oxidative phosphorylation,-2.11097705826318,5.75222270996947e-5,manuscript-fixed programme/location/constituent-term exemplar
3,GO:0006119,microglia,CA1,2997,-0.447256907344709,FALSE,FALSE,oxidative phosphorylation,-2.11097705826318,5.75222270996947e-5,manuscript-fixed programme/location/constituent-term exemplar
3,GO:0006119,microglia,CA1,2998,-0.447455556530247,FALSE,FALSE,oxidative phosphorylation,-2.11097705826318,5.75222270996947e-5,manuscript-fixed programme/location/constituent-term exemplar
3,GO:0006119,microglia,CA1,2999,-0.447654205715785,FALSE,FALSE,oxidative phosphorylation,-2.11097705826318,5.75222270996947e-5,manuscript-fixed programme/location/constituent-term exemplar
3,GO:0006119,microglia,CA1,3000,-0.447852854901324,FALSE,FALSE,oxidative phosphorylation,-2.11097705826318,5.75222270996947e-5,manuscript-fixed programme/location/constituent-term exemplar
3,GO:0006119,microglia,CA1,3001,-0.448051504086862,FALSE,FALSE,oxidative phosphorylation,-2.11097705826318,5.75222270996947e-5,manuscript-fixed programme/location/constituent-term exemplar
3,GO:0006119,microglia,CA1,3002,-0.4482501532724,FALSE,FALSE,oxidative phosphorylation,-2.11097705826318,5.75222270996947e-5,manuscript-fixed programme/location/constituent-term exemplar
3,GO:0006119,microglia,CA1,3003,-0.448448802457939,FALSE,FALSE,oxidative phosphorylation,-2.11097705826318,5.75222270996947e-5,manuscript-fixed programme/location/constituent-term exemplar
3,GO:0006119,microglia,CA1,3004,-0.448647451643477,FALSE,FALSE,oxidative phosphorylation,-2.11097705826318,5.75222270996947e-5,manuscript-fixed programme/location/constituent-term exemplar
3,GO:0006119,microglia,CA1,3005,-0.448846100829015,FALSE,FALSE,oxidative phosphorylation,-2.11097705826318,5.75222270996947e-5,manuscript-fixed programme/location/constituent-term exemplar
3,GO:0006119,microglia,CA1,3006,-0.449044750014554,FALSE,FALSE,oxidative phosphorylation,-2.11097705826318,5.75222270996947e-5,manuscript-fixed programme/location/constituent-term exemplar
3,GO:0006119,microglia,CA1,3007,-0.449243399200092,FALSE,FALSE,oxidative phosphorylation,-2.11097705826318,5.75222270996947e-5,manuscript-fixed programme/location/constituent-term exemplar
3,GO:0006119,microglia,CA1,3008,-0.44944204838563,FALSE,FALSE,oxidative phosphorylation,-2.11097705826318,5.75222270996947e-5,manuscript-fixed programme/location/constituent-term exemplar
3,GO:0006119,microglia,CA1,3009,-0.449640697571169,FALSE,FALSE,oxidative phosphorylation,-2.11097705826318,5.75222270996947e-5,manuscript-fixed programme/location/constituent-term exemplar
3,GO:0006119,microglia,CA1,3010,-0.449839346756707,FALSE,FALSE,oxidative phosphorylation,-2.11097705826318,5.75222270996947e-5,manuscript-fixed programme/location/constituent-term exemplar
3,GO:0006119,microglia,CA1,3011,-0.450037995942245,FALSE,FALSE,oxidative phosphorylation,-2.11097705826318,5.75222270996947e-5,manuscript-fixed programme/location/constituent-term exemplar
3,GO:0006119,microglia,CA1,3012,-0.450236645127784,FALSE,FALSE,oxidative phosphorylation,-2.11097705826318,5.75222270996947e-5,manuscript-fixed programme/location/constituent-term exemplar
3,GO:0006119,microglia,CA1,3013,-0.450435294313322,FALSE,FALSE,oxidative phosphorylation,-2.11097705826318,5.75222270996947e-5,manuscript-fixed programme/location/constituent-term exemplar
3,GO:0006119,microglia,CA1,3014,-0.45063394349886,FALSE,FALSE,oxidative phosphorylation,-2.11097705826318,5.75222270996947e-5,manuscript-fixed programme/location/constituent-term exemplar
3,GO:0006119,microglia,CA1,3015,-0.450832592684399,FALSE,FALSE,oxidative phosphorylation,-2.11097705826318,5.75222270996947e-5,manuscript-fixed programme/location/constituent-term exemplar
3,GO:0006119,microglia,CA1,3016,-0.451031241869937,FALSE,FALSE,oxidative phosphorylation,-2.11097705826318,5.75222270996947e-5,manuscript-fixed programme/location/constituent-term exemplar
3,GO:0006119,microglia,CA1,3017,-0.451229891055475,FALSE,FALSE,oxidative phosphorylation,-2.11097705826318,5.75222270996947e-5,manuscript-fixed programme/location/constituent-term exemplar
3,GO:0006119,microglia,CA1,3018,-0.446570043152714,TRUE,FALSE,oxidative phosphorylation,-2.11097705826318,5.75222270996947e-5,manuscript-fixed programme/location/constituent-term exemplar
3,GO:0006119,microglia,CA1,3019,-0.446768692338252,FALSE,FALSE,oxidative phosphorylation,-2.11097705826318,5.75222270996947e-5,manuscript-fixed programme/location/constituent-term exemplar
3,GO:0006119,microglia,CA1,3020,-0.44696734152379,FALSE,FALSE,oxidative phosphorylation,-2.11097705826318,5.75222270996947e-5,manuscript-fixed programme/location/constituent-term exemplar
3,GO:0006119,microglia,CA1,3021,-0.447165990709329,FALSE,FALSE,oxidative phosphorylation,-2.11097705826318,5.75222270996947e-5,manuscript-fixed programme/location/constituent-term exemplar
3,GO:0006119,microglia,CA1,3022,-0.447364639894867,FALSE,FALSE,oxidative phosphorylation,-2.11097705826318,5.75222270996947e-5,manuscript-fixed programme/location/constituent-term exemplar
3,GO:0006119,microglia,CA1,3023,-0.447563289080405,FALSE,FALSE,oxidative phosphorylation,-2.11097705826318,5.75222270996947e-5,manuscript-fixed programme/location/constituent-term exemplar
3,GO:0006119,microglia,CA1,3024,-0.447761938265944,FALSE,FALSE,oxidative phosphorylation,-2.11097705826318,5.75222270996947e-5,manuscript-fixed programme/location/constituent-term exemplar
3,GO:0006119,microglia,CA1,3025,-0.447960587451482,FALSE,FALSE,oxidative phosphorylation,-2.11097705826318,5.75222270996947e-5,manuscript-fixed programme/location/constituent-term exemplar
3,GO:0006119,microglia,CA1,3026,-0.448159236637021,FALSE,FALSE,oxidative phosphorylation,-2.11097705826318,5.75222270996947e-5,manuscript-fixed programme/location/constituent-term exemplar
3,GO:0006119,microglia,CA1,3027,-0.448357885822559,FALSE,FALSE,oxidative phosphorylation,-2.11097705826318,5.75222270996947e-5,manuscript-fixed programme/location/constituent-term exemplar
3,GO:0006119,microglia,CA1,3028,-0.448556535008097,FALSE,FALSE,oxidative phosphorylation,-2.11097705826318,5.75222270996947e-5,manuscript-fixed programme/location/constituent-term exemplar
3,GO:0006119,microglia,CA1,3029,-0.448755184193635,FALSE,FALSE,oxidative phosphorylation,-2.11097705826318,5.75222270996947e-5,manuscript-fixed programme/location/constituent-term exemplar
3,GO:0006119,microglia,CA1,3030,-0.448953833379174,FALSE,FALSE,oxidative phosphorylation,-2.11097705826318,5.75222270996947e-5,manuscript-fixed programme/location/constituent-term exemplar
3,GO:0006119,microglia,CA1,3031,-0.449152482564712,FALSE,FALSE,oxidative phosphorylation,-2.11097705826318,5.75222270996947e-5,manuscript-fixed programme/location/constituent-term exemplar
3,GO:0006119,microglia,CA1,3032,-0.449351131750251,FALSE,FALSE,oxidative phosphorylation,-2.11097705826318,5.75222270996947e-5,manuscript-fixed programme/location/constituent-term exemplar
3,GO:0006119,microglia,CA1,3033,-0.449549780935789,FALSE,FALSE,oxidative phosphorylation,-2.11097705826318,5.75222270996947e-5,manuscript-fixed programme/location/constituent-term exemplar
3,GO:0006119,microglia,CA1,3034,-0.449748430121327,FALSE,FALSE,oxidative phosphorylation,-2.11097705826318,5.75222270996947e-5,manuscript-fixed programme/location/constituent-term exemplar
3,GO:0006119,microglia,CA1,3035,-0.449947079306866,FALSE,FALSE,oxidative phosphorylation,-2.11097705826318,5.75222270996947e-5,manuscript-fixed programme/location/constituent-term exemplar
3,GO:0006119,microglia,CA1,3036,-0.450145728492404,FALSE,FALSE,oxidative phosphorylation,-2.11097705826318,5.75222270996947e-5,manuscript-fixed programme/location/constituent-term exemplar
3,GO:0006119,microglia,CA1,3037,-0.450344377677942,FALSE,FALSE,oxidative phosphorylation,-2.11097705826318,5.75222270996947e-5,manuscript-fixed programme/location/constituent-term exemplar
3,GO:0006119,microglia,CA1,3038,-0.450543026863481,FALSE,FALSE,oxidative phosphorylation,-2.11097705826318,5.75222270996947e-5,manuscript-fixed programme/location/constituent-term exemplar
3,GO:0006119,microglia,CA1,3039,-0.450741676049019,FALSE,FALSE,oxidative phosphorylation,-2.11097705826318,5.75222270996947e-5,manuscript-fixed programme/location/constituent-term exemplar
3,GO:0006119,microglia,CA1,3040,-0.450940325234557,FALSE,FALSE,oxidative phosphorylation,-2.11097705826318,5.75222270996947e-5,manuscript-fixed programme/location/constituent-term exemplar
3,GO:0006119,microglia,CA1,3041,-0.451138974420096,FALSE,FALSE,oxidative phosphorylation,-2.11097705826318,5.75222270996947e-5,manuscript-fixed programme/location/constituent-term exemplar
3,GO:0006119,microglia,CA1,3042,-0.451337623605634,FALSE,FALSE,oxidative phosphorylation,-2.11097705826318,5.75222270996947e-5,manuscript-fixed programme/location/constituent-term exemplar
3,GO:0006119,microglia,CA1,3043,-0.451536272791172,FALSE,FALSE,oxidative phosphorylation,-2.11097705826318,5.75222270996947e-5,manuscript-fixed programme/location/constituent-term exemplar
3,GO:0006119,microglia,CA1,3044,-0.451734921976711,FALSE,FALSE,oxidative phosphorylation,-2.11097705826318,5.75222270996947e-5,manuscript-fixed programme/location/constituent-term exemplar
3,GO:0006119,microglia,CA1,3045,-0.451933571162249,FALSE,FALSE,oxidative phosphorylation,-2.11097705826318,5.75222270996947e-5,manuscript-fixed programme/location/constituent-term exemplar
3,GO:0006119,microglia,CA1,3046,-0.452132220347787,FALSE,FALSE,oxidative phosphorylation,-2.11097705826318,5.75222270996947e-5,manuscript-fixed programme/location/constituent-term exemplar
3,GO:0006119,microglia,CA1,3047,-0.452330869533326,FALSE,FALSE,oxidative phosphorylation,-2.11097705826318,5.75222270996947e-5,manuscript-fixed programme/location/constituent-term exemplar
3,GO:0006119,microglia,CA1,3048,-0.452529518718864,FALSE,FALSE,oxidative phosphorylation,-2.11097705826318,5.75222270996947e-5,manuscript-fixed programme/location/constituent-term exemplar
3,GO:0006119,microglia,CA1,3049,-0.44769907807095,TRUE,FALSE,oxidative phosphorylation,-2.11097705826318,5.75222270996947e-5,manuscript-fixed programme/location/constituent-term exemplar
3,GO:0006119,microglia,CA1,3050,-0.447897727256488,FALSE,FALSE,oxidative phosphorylation,-2.11097705826318,5.75222270996947e-5,manuscript-fixed programme/location/constituent-term exemplar
3,GO:0006119,microglia,CA1,3051,-0.448096376442027,FALSE,FALSE,oxidative phosphorylation,-2.11097705826318,5.75222270996947e-5,manuscript-fixed programme/location/constituent-term exemplar
3,GO:0006119,microglia,CA1,3052,-0.448295025627565,FALSE,FALSE,oxidative phosphorylation,-2.11097705826318,5.75222270996947e-5,manuscript-fixed programme/location/constituent-term exemplar
3,GO:0006119,microglia,CA1,3053,-0.448493674813103,FALSE,FALSE,oxidative phosphorylation,-2.11097705826318,5.75222270996947e-5,manuscript-fixed programme/location/constituent-term exemplar
3,GO:0006119,microglia,CA1,3054,-0.448692323998642,FALSE,FALSE,oxidative phosphorylation,-2.11097705826318,5.75222270996947e-5,manuscript-fixed programme/location/constituent-term exemplar
3,GO:0006119,microglia,CA1,3055,-0.44889097318418,FALSE,FALSE,oxidative phosphorylation,-2.11097705826318,5.75222270996947e-5,manuscript-fixed programme/location/constituent-term exemplar
3,GO:0006119,microglia,CA1,3056,-0.449089622369718,FALSE,FALSE,oxidative phosphorylation,-2.11097705826318,5.75222270996947e-5,manuscript-fixed programme/location/constituent-term exemplar
3,GO:0006119,microglia,CA1,3057,-0.449288271555257,FALSE,FALSE,oxidative phosphorylation,-2.11097705826318,5.75222270996947e-5,manuscript-fixed programme/location/constituent-term exemplar
3,GO:0006119,microglia,CA1,3058,-0.449486920740795,FALSE,FALSE,oxidative phosphorylation,-2.11097705826318,5.75222270996947e-5,manuscript-fixed programme/location/constituent-term exemplar
3,GO:0006119,microglia,CA1,3059,-0.449685569926333,FALSE,FALSE,oxidative phosphorylation,-2.11097705826318,5.75222270996947e-5,manuscript-fixed programme/location/constituent-term exemplar
3,GO:0006119,microglia,CA1,3060,-0.449884219111872,FALSE,FALSE,oxidative phosphorylation,-2.11097705826318,5.75222270996947e-5,manuscript-fixed programme/location/constituent-term exemplar
3,GO:0006119,microglia,CA1,3061,-0.45008286829741,FALSE,FALSE,oxidative phosphorylation,-2.11097705826318,5.75222270996947e-5,manuscript-fixed programme/location/constituent-term exemplar
3,GO:0006119,microglia,CA1,3062,-0.450281517482948,FALSE,FALSE,oxidative phosphorylation,-2.11097705826318,5.75222270996947e-5,manuscript-fixed programme/location/constituent-term exemplar
3,GO:0006119,microglia,CA1,3063,-0.450480166668487,FALSE,FALSE,oxidative phosphorylation,-2.11097705826318,5.75222270996947e-5,manuscript-fixed programme/location/constituent-term exemplar
3,GO:0006119,microglia,CA1,3064,-0.45067881585402503,FALSE,FALSE,oxidative phosphorylation,-2.11097705826318,5.75222270996947e-5,manuscript-fixed programme/location/constituent-term exemplar
3,GO:0006119,microglia,CA1,3065,-0.450877465039563,FALSE,FALSE,oxidative phosphorylation,-2.11097705826318,5.75222270996947e-5,manuscript-fixed programme/location/constituent-term exemplar
3,GO:0006119,microglia,CA1,3066,-0.451076114225102,FALSE,FALSE,oxidative phosphorylation,-2.11097705826318,5.75222270996947e-5,manuscript-fixed programme/location/constituent-term exemplar
3,GO:0006119,microglia,CA1,3067,-0.45127476341064,FALSE,FALSE,oxidative phosphorylation,-2.11097705826318,5.75222270996947e-5,manuscript-fixed programme/location/constituent-term exemplar
3,GO:0006119,microglia,CA1,3068,-0.451473412596178,FALSE,FALSE,oxidative phosphorylation,-2.11097705826318,5.75222270996947e-5,manuscript-fixed programme/location/constituent-term exemplar
3,GO:0006119,microglia,CA1,3069,-0.451672061781717,FALSE,FALSE,oxidative phosphorylation,-2.11097705826318,5.75222270996947e-5,manuscript-fixed programme/location/constituent-term exemplar
3,GO:0006119,microglia,CA1,3070,-0.451870710967255,FALSE,FALSE,oxidative phosphorylation,-2.11097705826318,5.75222270996947e-5,manuscript-fixed programme/location/constituent-term exemplar
3,GO:0006119,microglia,CA1,3071,-0.452069360152793,FALSE,FALSE,oxidative phosphorylation,-2.11097705826318,5.75222270996947e-5,manuscript-fixed programme/location/constituent-term exemplar
3,GO:0006119,microglia,CA1,3072,-0.452268009338332,FALSE,FALSE,oxidative phosphorylation,-2.11097705826318,5.75222270996947e-5,manuscript-fixed programme/location/constituent-term exemplar
3,GO:0006119,microglia,CA1,3073,-0.45246665852387,FALSE,FALSE,oxidative phosphorylation,-2.11097705826318,5.75222270996947e-5,manuscript-fixed programme/location/constituent-term exemplar
3,GO:0006119,microglia,CA1,3074,-0.452665307709408,FALSE,FALSE,oxidative phosphorylation,-2.11097705826318,5.75222270996947e-5,manuscript-fixed programme/location/constituent-term exemplar
3,GO:0006119,microglia,CA1,3075,-0.452863956894947,FALSE,FALSE,oxidative phosphorylation,-2.11097705826318,5.75222270996947e-5,manuscript-fixed programme/location/constituent-term exemplar
3,GO:0006119,microglia,CA1,3076,-0.453062606080485,FALSE,FALSE,oxidative phosphorylation,-2.11097705826318,5.75222270996947e-5,manuscript-fixed programme/location/constituent-term exemplar
3,GO:0006119,microglia,CA1,3077,-0.453261255266023,FALSE,FALSE,oxidative phosphorylation,-2.11097705826318,5.75222270996947e-5,manuscript-fixed programme/location/constituent-term exemplar
3,GO:0006119,microglia,CA1,3078,-0.453459904451562,FALSE,FALSE,oxidative phosphorylation,-2.11097705826318,5.75222270996947e-5,manuscript-fixed programme/location/constituent-term exemplar
3,GO:0006119,microglia,CA1,3079,-0.4536585536371,FALSE,FALSE,oxidative phosphorylation,-2.11097705826318,5.75222270996947e-5,manuscript-fixed programme/location/constituent-term exemplar
3,GO:0006119,microglia,CA1,3080,-0.453857202822639,FALSE,FALSE,oxidative phosphorylation,-2.11097705826318,5.75222270996947e-5,manuscript-fixed programme/location/constituent-term exemplar
3,GO:0006119,microglia,CA1,3081,-0.454055852008177,FALSE,FALSE,oxidative phosphorylation,-2.11097705826318,5.75222270996947e-5,manuscript-fixed programme/location/constituent-term exemplar
3,GO:0006119,microglia,CA1,3082,-0.454254501193715,FALSE,FALSE,oxidative phosphorylation,-2.11097705826318,5.75222270996947e-5,manuscript-fixed programme/location/constituent-term exemplar
3,GO:0006119,microglia,CA1,3083,-0.454453150379253,FALSE,FALSE,oxidative phosphorylation,-2.11097705826318,5.75222270996947e-5,manuscript-fixed programme/location/constituent-term exemplar
3,GO:0006119,microglia,CA1,3084,-0.454651799564792,FALSE,FALSE,oxidative phosphorylation,-2.11097705826318,5.75222270996947e-5,manuscript-fixed programme/location/constituent-term exemplar
3,GO:0006119,microglia,CA1,3085,-0.45485044875033,FALSE,FALSE,oxidative phosphorylation,-2.11097705826318,5.75222270996947e-5,manuscript-fixed programme/location/constituent-term exemplar
3,GO:0006119,microglia,CA1,3086,-0.455049097935869,FALSE,FALSE,oxidative phosphorylation,-2.11097705826318,5.75222270996947e-5,manuscript-fixed programme/location/constituent-term exemplar
3,GO:0006119,microglia,CA1,3087,-0.455247747121407,FALSE,FALSE,oxidative phosphorylation,-2.11097705826318,5.75222270996947e-5,manuscript-fixed programme/location/constituent-term exemplar
3,GO:0006119,microglia,CA1,3088,-0.455446396306945,FALSE,FALSE,oxidative phosphorylation,-2.11097705826318,5.75222270996947e-5,manuscript-fixed programme/location/constituent-term exemplar
3,GO:0006119,microglia,CA1,3089,-0.455645045492484,FALSE,FALSE,oxidative phosphorylation,-2.11097705826318,5.75222270996947e-5,manuscript-fixed programme/location/constituent-term exemplar
3,GO:0006119,microglia,CA1,3090,-0.455843694678022,FALSE,FALSE,oxidative phosphorylation,-2.11097705826318,5.75222270996947e-5,manuscript-fixed programme/location/constituent-term exemplar
3,GO:0006119,microglia,CA1,3091,-0.45604234386356,FALSE,FALSE,oxidative phosphorylation,-2.11097705826318,5.75222270996947e-5,manuscript-fixed programme/location/constituent-term exemplar
3,GO:0006119,microglia,CA1,3092,-0.456240993049099,FALSE,FALSE,oxidative phosphorylation,-2.11097705826318,5.75222270996947e-5,manuscript-fixed programme/location/constituent-term exemplar
3,GO:0006119,microglia,CA1,3093,-0.456439642234637,FALSE,FALSE,oxidative phosphorylation,-2.11097705826318,5.75222270996947e-5,manuscript-fixed programme/location/constituent-term exemplar
3,GO:0006119,microglia,CA1,3094,-0.456638291420175,FALSE,FALSE,oxidative phosphorylation,-2.11097705826318,5.75222270996947e-5,manuscript-fixed programme/location/constituent-term exemplar
3,GO:0006119,microglia,CA1,3095,-0.456836940605714,FALSE,FALSE,oxidative phosphorylation,-2.11097705826318,5.75222270996947e-5,manuscript-fixed programme/location/constituent-term exemplar
3,GO:0006119,microglia,CA1,3096,-0.457035589791252,FALSE,FALSE,oxidative phosphorylation,-2.11097705826318,5.75222270996947e-5,manuscript-fixed programme/location/constituent-term exemplar
3,GO:0006119,microglia,CA1,3097,-0.45723423897679,FALSE,FALSE,oxidative phosphorylation,-2.11097705826318,5.75222270996947e-5,manuscript-fixed programme/location/constituent-term exemplar
3,GO:0006119,microglia,CA1,3098,-0.457432888162329,FALSE,FALSE,oxidative phosphorylation,-2.11097705826318,5.75222270996947e-5,manuscript-fixed programme/location/constituent-term exemplar
3,GO:0006119,microglia,CA1,3099,-0.457631537347867,FALSE,FALSE,oxidative phosphorylation,-2.11097705826318,5.75222270996947e-5,manuscript-fixed programme/location/constituent-term exemplar
3,GO:0006119,microglia,CA1,3100,-0.457830186533405,FALSE,FALSE,oxidative phosphorylation,-2.11097705826318,5.75222270996947e-5,manuscript-fixed programme/location/constituent-term exemplar
3,GO:0006119,microglia,CA1,3101,-0.458028835718944,FALSE,FALSE,oxidative phosphorylation,-2.11097705826318,5.75222270996947e-5,manuscript-fixed programme/location/constituent-term exemplar
3,GO:0006119,microglia,CA1,3102,-0.458227484904482,FALSE,FALSE,oxidative phosphorylation,-2.11097705826318,5.75222270996947e-5,manuscript-fixed programme/location/constituent-term exemplar
3,GO:0006119,microglia,CA1,3103,-0.45842613409002,FALSE,FALSE,oxidative phosphorylation,-2.11097705826318,5.75222270996947e-5,manuscript-fixed programme/location/constituent-term exemplar
3,GO:0006119,microglia,CA1,3104,-0.458624783275559,FALSE,FALSE,oxidative phosphorylation,-2.11097705826318,5.75222270996947e-5,manuscript-fixed programme/location/constituent-term exemplar
3,GO:0006119,microglia,CA1,3105,-0.458823432461097,FALSE,FALSE,oxidative phosphorylation,-2.11097705826318,5.75222270996947e-5,manuscript-fixed programme/location/constituent-term exemplar
3,GO:0006119,microglia,CA1,3106,-0.459022081646635,FALSE,FALSE,oxidative phosphorylation,-2.11097705826318,5.75222270996947e-5,manuscript-fixed programme/location/constituent-term exemplar
3,GO:0006119,microglia,CA1,3107,-0.459220730832174,FALSE,FALSE,oxidative phosphorylation,-2.11097705826318,5.75222270996947e-5,manuscript-fixed programme/location/constituent-term exemplar
3,GO:0006119,microglia,CA1,3108,-0.459419380017712,FALSE,FALSE,oxidative phosphorylation,-2.11097705826318,5.75222270996947e-5,manuscript-fixed programme/location/constituent-term exemplar
3,GO:0006119,microglia,CA1,3109,-0.45961802920325,FALSE,FALSE,oxidative phosphorylation,-2.11097705826318,5.75222270996947e-5,manuscript-fixed programme/location/constituent-term exemplar
3,GO:0006119,microglia,CA1,3110,-0.459816678388789,FALSE,FALSE,oxidative phosphorylation,-2.11097705826318,5.75222270996947e-5,manuscript-fixed programme/location/constituent-term exemplar
3,GO:0006119,microglia,CA1,3111,-0.460015327574327,FALSE,FALSE,oxidative phosphorylation,-2.11097705826318,5.75222270996947e-5,manuscript-fixed programme/location/constituent-term exemplar
3,GO:0006119,microglia,CA1,3112,-0.460213976759865,FALSE,FALSE,oxidative phosphorylation,-2.11097705826318,5.75222270996947e-5,manuscript-fixed programme/location/constituent-term exemplar
3,GO:0006119,microglia,CA1,3113,-0.460412625945404,FALSE,FALSE,oxidative phosphorylation,-2.11097705826318,5.75222270996947e-5,manuscript-fixed programme/location/constituent-term exemplar
3,GO:0006119,microglia,CA1,3114,-0.460611275130942,FALSE,FALSE,oxidative phosphorylation,-2.11097705826318,5.75222270996947e-5,manuscript-fixed programme/location/constituent-term exemplar
3,GO:0006119,microglia,CA1,3115,-0.46080992431648,FALSE,FALSE,oxidative phosphorylation,-2.11097705826318,5.75222270996947e-5,manuscript-fixed programme/location/constituent-term exemplar
3,GO:0006119,microglia,CA1,3116,-0.461008573502019,FALSE,FALSE,oxidative phosphorylation,-2.11097705826318,5.75222270996947e-5,manuscript-fixed programme/location/constituent-term exemplar
3,GO:0006119,microglia,CA1,3117,-0.461207222687557,FALSE,FALSE,oxidative phosphorylation,-2.11097705826318,5.75222270996947e-5,manuscript-fixed programme/location/constituent-term exemplar
3,GO:0006119,microglia,CA1,3118,-0.461405871873095,FALSE,FALSE,oxidative phosphorylation,-2.11097705826318,5.75222270996947e-5,manuscript-fixed programme/location/constituent-term exemplar
3,GO:0006119,microglia,CA1,3119,-0.456167372075169,TRUE,FALSE,oxidative phosphorylation,-2.11097705826318,5.75222270996947e-5,manuscript-fixed programme/location/constituent-term exemplar
3,GO:0006119,microglia,CA1,3120,-0.456366021260707,FALSE,FALSE,oxidative phosphorylation,-2.11097705826318,5.75222270996947e-5,manuscript-fixed programme/location/constituent-term exemplar
3,GO:0006119,microglia,CA1,3121,-0.456564670446245,FALSE,FALSE,oxidative phosphorylation,-2.11097705826318,5.75222270996947e-5,manuscript-fixed programme/location/constituent-term exemplar
3,GO:0006119,microglia,CA1,3122,-0.456763319631784,FALSE,FALSE,oxidative phosphorylation,-2.11097705826318,5.75222270996947e-5,manuscript-fixed programme/location/constituent-term exemplar
3,GO:0006119,microglia,CA1,3123,-0.456961968817322,FALSE,FALSE,oxidative phosphorylation,-2.11097705826318,5.75222270996947e-5,manuscript-fixed programme/location/constituent-term exemplar
3,GO:0006119,microglia,CA1,3124,-0.457160618002861,FALSE,FALSE,oxidative phosphorylation,-2.11097705826318,5.75222270996947e-5,manuscript-fixed programme/location/constituent-term exemplar
3,GO:0006119,microglia,CA1,3125,-0.457359267188399,FALSE,FALSE,oxidative phosphorylation,-2.11097705826318,5.75222270996947e-5,manuscript-fixed programme/location/constituent-term exemplar
3,GO:0006119,microglia,CA1,3126,-0.457557916373937,FALSE,FALSE,oxidative phosphorylation,-2.11097705826318,5.75222270996947e-5,manuscript-fixed programme/location/constituent-term exemplar
3,GO:0006119,microglia,CA1,3127,-0.457756565559475,FALSE,FALSE,oxidative phosphorylation,-2.11097705826318,5.75222270996947e-5,manuscript-fixed programme/location/constituent-term exemplar
3,GO:0006119,microglia,CA1,3128,-0.457955214745014,FALSE,FALSE,oxidative phosphorylation,-2.11097705826318,5.75222270996947e-5,manuscript-fixed programme/location/constituent-term exemplar
3,GO:0006119,microglia,CA1,3129,-0.458153863930552,FALSE,FALSE,oxidative phosphorylation,-2.11097705826318,5.75222270996947e-5,manuscript-fixed programme/location/constituent-term exemplar
3,GO:0006119,microglia,CA1,3130,-0.458352513116091,FALSE,FALSE,oxidative phosphorylation,-2.11097705826318,5.75222270996947e-5,manuscript-fixed programme/location/constituent-term exemplar
3,GO:0006119,microglia,CA1,3131,-0.458551162301629,FALSE,FALSE,oxidative phosphorylation,-2.11097705826318,5.75222270996947e-5,manuscript-fixed programme/location/constituent-term exemplar
3,GO:0006119,microglia,CA1,3132,-0.458749811487167,FALSE,FALSE,oxidative phosphorylation,-2.11097705826318,5.75222270996947e-5,manuscript-fixed programme/location/constituent-term exemplar
3,GO:0006119,microglia,CA1,3133,-0.458948460672706,FALSE,FALSE,oxidative phosphorylation,-2.11097705826318,5.75222270996947e-5,manuscript-fixed programme/location/constituent-term exemplar
3,GO:0006119,microglia,CA1,3134,-0.459147109858244,FALSE,FALSE,oxidative phosphorylation,-2.11097705826318,5.75222270996947e-5,manuscript-fixed programme/location/constituent-term exemplar
3,GO:0006119,microglia,CA1,3135,-0.459345759043782,FALSE,FALSE,oxidative phosphorylation,-2.11097705826318,5.75222270996947e-5,manuscript-fixed programme/location/constituent-term exemplar
3,GO:0006119,microglia,CA1,3136,-0.459544408229321,FALSE,FALSE,oxidative phosphorylation,-2.11097705826318,5.75222270996947e-5,manuscript-fixed programme/location/constituent-term exemplar
3,GO:0006119,microglia,CA1,3137,-0.459743057414859,FALSE,FALSE,oxidative phosphorylation,-2.11097705826318,5.75222270996947e-5,manuscript-fixed programme/location/constituent-term exemplar
3,GO:0006119,microglia,CA1,3138,-0.459941706600397,FALSE,FALSE,oxidative phosphorylation,-2.11097705826318,5.75222270996947e-5,manuscript-fixed programme/location/constituent-term exemplar
3,GO:0006119,microglia,CA1,3139,-0.460140355785936,FALSE,FALSE,oxidative phosphorylation,-2.11097705826318,5.75222270996947e-5,manuscript-fixed programme/location/constituent-term exemplar
3,GO:0006119,microglia,CA1,3140,-0.460339004971474,FALSE,FALSE,oxidative phosphorylation,-2.11097705826318,5.75222270996947e-5,manuscript-fixed programme/location/constituent-term exemplar
3,GO:0006119,microglia,CA1,3141,-0.460537654157012,FALSE,FALSE,oxidative phosphorylation,-2.11097705826318,5.75222270996947e-5,manuscript-fixed programme/location/constituent-term exemplar
3,GO:0006119,microglia,CA1,3142,-0.460736303342551,FALSE,FALSE,oxidative phosphorylation,-2.11097705826318,5.75222270996947e-5,manuscript-fixed programme/location/constituent-term exemplar
3,GO:0006119,microglia,CA1,3143,-0.460934952528089,FALSE,FALSE,oxidative phosphorylation,-2.11097705826318,5.75222270996947e-5,manuscript-fixed programme/location/constituent-term exemplar
3,GO:0006119,microglia,CA1,3144,-0.461133601713627,FALSE,FALSE,oxidative phosphorylation,-2.11097705826318,5.75222270996947e-5,manuscript-fixed programme/location/constituent-term exemplar
3,GO:0006119,microglia,CA1,3145,-0.461332250899166,FALSE,FALSE,oxidative phosphorylation,-2.11097705826318,5.75222270996947e-5,manuscript-fixed programme/location/constituent-term exemplar
3,GO:0006119,microglia,CA1,3146,-0.461530900084704,FALSE,FALSE,oxidative phosphorylation,-2.11097705826318,5.75222270996947e-5,manuscript-fixed programme/location/constituent-term exemplar
3,GO:0006119,microglia,CA1,3147,-0.461729549270242,FALSE,FALSE,oxidative phosphorylation,-2.11097705826318,5.75222270996947e-5,manuscript-fixed programme/location/constituent-term exemplar
3,GO:0006119,microglia,CA1,3148,-0.461928198455781,FALSE,FALSE,oxidative phosphorylation,-2.11097705826318,5.75222270996947e-5,manuscript-fixed programme/location/constituent-term exemplar
3,GO:0006119,microglia,CA1,3149,-0.462126847641319,FALSE,FALSE,oxidative phosphorylation,-2.11097705826318,5.75222270996947e-5,manuscript-fixed programme/location/constituent-term exemplar
3,GO:0006119,microglia,CA1,3150,-0.462325496826857,FALSE,FALSE,oxidative phosphorylation,-2.11097705826318,5.75222270996947e-5,manuscript-fixed programme/location/constituent-term exemplar
3,GO:0006119,microglia,CA1,3151,-0.462524146012396,FALSE,FALSE,oxidative phosphorylation,-2.11097705826318,5.75222270996947e-5,manuscript-fixed programme/location/constituent-term exemplar
3,GO:0006119,microglia,CA1,3152,-0.462722795197934,FALSE,FALSE,oxidative phosphorylation,-2.11097705826318,5.75222270996947e-5,manuscript-fixed programme/location/constituent-term exemplar
3,GO:0006119,microglia,CA1,3153,-0.462921444383472,FALSE,FALSE,oxidative phosphorylation,-2.11097705826318,5.75222270996947e-5,manuscript-fixed programme/location/constituent-term exemplar
3,GO:0006119,microglia,CA1,3154,-0.463120093569011,FALSE,FALSE,oxidative phosphorylation,-2.11097705826318,5.75222270996947e-5,manuscript-fixed programme/location/constituent-term exemplar
3,GO:0006119,microglia,CA1,3155,-0.463318742754549,FALSE,FALSE,oxidative phosphorylation,-2.11097705826318,5.75222270996947e-5,manuscript-fixed programme/location/constituent-term exemplar
3,GO:0006119,microglia,CA1,3156,-0.463517391940087,FALSE,FALSE,oxidative phosphorylation,-2.11097705826318,5.75222270996947e-5,manuscript-fixed programme/location/constituent-term exemplar
3,GO:0006119,microglia,CA1,3157,-0.463716041125626,FALSE,FALSE,oxidative phosphorylation,-2.11097705826318,5.75222270996947e-5,manuscript-fixed programme/location/constituent-term exemplar
3,GO:0006119,microglia,CA1,3158,-0.463914690311164,FALSE,FALSE,oxidative phosphorylation,-2.11097705826318,5.75222270996947e-5,manuscript-fixed programme/location/constituent-term exemplar
3,GO:0006119,microglia,CA1,3159,-0.464113339496702,FALSE,FALSE,oxidative phosphorylation,-2.11097705826318,5.75222270996947e-5,manuscript-fixed programme/location/constituent-term exemplar
3,GO:0006119,microglia,CA1,3160,-0.464311988682241,FALSE,FALSE,oxidative phosphorylation,-2.11097705826318,5.75222270996947e-5,manuscript-fixed programme/location/constituent-term exemplar
3,GO:0006119,microglia,CA1,3161,-0.464510637867779,FALSE,FALSE,oxidative phosphorylation,-2.11097705826318,5.75222270996947e-5,manuscript-fixed programme/location/constituent-term exemplar
3,GO:0006119,microglia,CA1,3162,-0.464709287053317,FALSE,FALSE,oxidative phosphorylation,-2.11097705826318,5.75222270996947e-5,manuscript-fixed programme/location/constituent-term exemplar
3,GO:0006119,microglia,CA1,3163,-0.464907936238856,FALSE,FALSE,oxidative phosphorylation,-2.11097705826318,5.75222270996947e-5,manuscript-fixed programme/location/constituent-term exemplar
3,GO:0006119,microglia,CA1,3164,-0.465106585424394,FALSE,FALSE,oxidative phosphorylation,-2.11097705826318,5.75222270996947e-5,manuscript-fixed programme/location/constituent-term exemplar
3,GO:0006119,microglia,CA1,3165,-0.465305234609932,FALSE,FALSE,oxidative phosphorylation,-2.11097705826318,5.75222270996947e-5,manuscript-fixed programme/location/constituent-term exemplar
3,GO:0006119,microglia,CA1,3166,-0.45981616384286,TRUE,FALSE,oxidative phosphorylation,-2.11097705826318,5.75222270996947e-5,manuscript-fixed programme/location/constituent-term exemplar
3,GO:0006119,microglia,CA1,3167,-0.46001481302839897,FALSE,FALSE,oxidative phosphorylation,-2.11097705826318,5.75222270996947e-5,manuscript-fixed programme/location/constituent-term exemplar
3,GO:0006119,microglia,CA1,3168,-0.460213462213937,FALSE,FALSE,oxidative phosphorylation,-2.11097705826318,5.75222270996947e-5,manuscript-fixed programme/location/constituent-term exemplar
3,GO:0006119,microglia,CA1,3169,-0.460412111399475,FALSE,FALSE,oxidative phosphorylation,-2.11097705826318,5.75222270996947e-5,manuscript-fixed programme/location/constituent-term exemplar
3,GO:0006119,microglia,CA1,3170,-0.460610760585014,FALSE,FALSE,oxidative phosphorylation,-2.11097705826318,5.75222270996947e-5,manuscript-fixed programme/location/constituent-term exemplar
3,GO:0006119,microglia,CA1,3171,-0.460809409770552,FALSE,FALSE,oxidative phosphorylation,-2.11097705826318,5.75222270996947e-5,manuscript-fixed programme/location/constituent-term exemplar
3,GO:0006119,microglia,CA1,3172,-0.46100805895609,FALSE,FALSE,oxidative phosphorylation,-2.11097705826318,5.75222270996947e-5,manuscript-fixed programme/location/constituent-term exemplar
3,GO:0006119,microglia,CA1,3173,-0.461206708141629,FALSE,FALSE,oxidative phosphorylation,-2.11097705826318,5.75222270996947e-5,manuscript-fixed programme/location/constituent-term exemplar
3,GO:0006119,microglia,CA1,3174,-0.461405357327167,FALSE,FALSE,oxidative phosphorylation,-2.11097705826318,5.75222270996947e-5,manuscript-fixed programme/location/constituent-term exemplar
3,GO:0006119,microglia,CA1,3175,-0.461604006512705,FALSE,FALSE,oxidative phosphorylation,-2.11097705826318,5.75222270996947e-5,manuscript-fixed programme/location/constituent-term exemplar
3,GO:0006119,microglia,CA1,3176,-0.461802655698244,FALSE,FALSE,oxidative phosphorylation,-2.11097705826318,5.75222270996947e-5,manuscript-fixed programme/location/constituent-term exemplar
3,GO:0006119,microglia,CA1,3177,-0.462001304883782,FALSE,FALSE,oxidative phosphorylation,-2.11097705826318,5.75222270996947e-5,manuscript-fixed programme/location/constituent-term exemplar
3,GO:0006119,microglia,CA1,3178,-0.462199954069321,FALSE,FALSE,oxidative phosphorylation,-2.11097705826318,5.75222270996947e-5,manuscript-fixed programme/location/constituent-term exemplar
3,GO:0006119,microglia,CA1,3179,-0.462398603254859,FALSE,FALSE,oxidative phosphorylation,-2.11097705826318,5.75222270996947e-5,manuscript-fixed programme/location/constituent-term exemplar
3,GO:0006119,microglia,CA1,3180,-0.462597252440397,FALSE,FALSE,oxidative phosphorylation,-2.11097705826318,5.75222270996947e-5,manuscript-fixed programme/location/constituent-term exemplar
3,GO:0006119,microglia,CA1,3181,-0.462795901625935,FALSE,FALSE,oxidative phosphorylation,-2.11097705826318,5.75222270996947e-5,manuscript-fixed programme/location/constituent-term exemplar
3,GO:0006119,microglia,CA1,3182,-0.462994550811474,FALSE,FALSE,oxidative phosphorylation,-2.11097705826318,5.75222270996947e-5,manuscript-fixed programme/location/constituent-term exemplar
3,GO:0006119,microglia,CA1,3183,-0.463193199997012,FALSE,FALSE,oxidative phosphorylation,-2.11097705826318,5.75222270996947e-5,manuscript-fixed programme/location/constituent-term exemplar
3,GO:0006119,microglia,CA1,3184,-0.463391849182551,FALSE,FALSE,oxidative phosphorylation,-2.11097705826318,5.75222270996947e-5,manuscript-fixed programme/location/constituent-term exemplar
3,GO:0006119,microglia,CA1,3185,-0.463590498368089,FALSE,FALSE,oxidative phosphorylation,-2.11097705826318,5.75222270996947e-5,manuscript-fixed programme/location/constituent-term exemplar
3,GO:0006119,microglia,CA1,3186,-0.463789147553627,FALSE,FALSE,oxidative phosphorylation,-2.11097705826318,5.75222270996947e-5,manuscript-fixed programme/location/constituent-term exemplar
3,GO:0006119,microglia,CA1,3187,-0.463987796739166,FALSE,FALSE,oxidative phosphorylation,-2.11097705826318,5.75222270996947e-5,manuscript-fixed programme/location/constituent-term exemplar
3,GO:0006119,microglia,CA1,3188,-0.464186445924704,FALSE,FALSE,oxidative phosphorylation,-2.11097705826318,5.75222270996947e-5,manuscript-fixed programme/location/constituent-term exemplar
3,GO:0006119,microglia,CA1,3189,-0.464385095110242,FALSE,FALSE,oxidative phosphorylation,-2.11097705826318,5.75222270996947e-5,manuscript-fixed programme/location/constituent-term exemplar
3,GO:0006119,microglia,CA1,3190,-0.464583744295781,FALSE,FALSE,oxidative phosphorylation,-2.11097705826318,5.75222270996947e-5,manuscript-fixed programme/location/constituent-term exemplar
3,GO:0006119,microglia,CA1,3191,-0.464782393481319,FALSE,FALSE,oxidative phosphorylation,-2.11097705826318,5.75222270996947e-5,manuscript-fixed programme/location/constituent-term exemplar
3,GO:0006119,microglia,CA1,3192,-0.464981042666857,FALSE,FALSE,oxidative phosphorylation,-2.11097705826318,5.75222270996947e-5,manuscript-fixed programme/location/constituent-term exemplar
3,GO:0006119,microglia,CA1,3193,-0.465179691852396,FALSE,FALSE,oxidative phosphorylation,-2.11097705826318,5.75222270996947e-5,manuscript-fixed programme/location/constituent-term exemplar
3,GO:0006119,microglia,CA1,3194,-0.465378341037934,FALSE,FALSE,oxidative phosphorylation,-2.11097705826318,5.75222270996947e-5,manuscript-fixed programme/location/constituent-term exemplar
3,GO:0006119,microglia,CA1,3195,-0.465576990223472,FALSE,FALSE,oxidative phosphorylation,-2.11097705826318,5.75222270996947e-5,manuscript-fixed programme/location/constituent-term exemplar
3,GO:0006119,microglia,CA1,3196,-0.465775639409011,FALSE,FALSE,oxidative phosphorylation,-2.11097705826318,5.75222270996947e-5,manuscript-fixed programme/location/constituent-term exemplar
3,GO:0006119,microglia,CA1,3197,-0.465974288594549,FALSE,FALSE,oxidative phosphorylation,-2.11097705826318,5.75222270996947e-5,manuscript-fixed programme/location/constituent-term exemplar
3,GO:0006119,microglia,CA1,3198,-0.466172937780087,FALSE,FALSE,oxidative phosphorylation,-2.11097705826318,5.75222270996947e-5,manuscript-fixed programme/location/constituent-term exemplar
3,GO:0006119,microglia,CA1,3199,-0.466371586965626,FALSE,FALSE,oxidative phosphorylation,-2.11097705826318,5.75222270996947e-5,manuscript-fixed programme/location/constituent-term exemplar
3,GO:0006119,microglia,CA1,3200,-0.466570236151164,FALSE,FALSE,oxidative phosphorylation,-2.11097705826318,5.75222270996947e-5,manuscript-fixed programme/location/constituent-term exemplar
3,GO:0006119,microglia,CA1,3201,-0.466768885336702,FALSE,FALSE,oxidative phosphorylation,-2.11097705826318,5.75222270996947e-5,manuscript-fixed programme/location/constituent-term exemplar
3,GO:0006119,microglia,CA1,3202,-0.466967534522241,FALSE,FALSE,oxidative phosphorylation,-2.11097705826318,5.75222270996947e-5,manuscript-fixed programme/location/constituent-term exemplar
3,GO:0006119,microglia,CA1,3203,-0.467166183707779,FALSE,FALSE,oxidative phosphorylation,-2.11097705826318,5.75222270996947e-5,manuscript-fixed programme/location/constituent-term exemplar
3,GO:0006119,microglia,CA1,3204,-0.467364832893317,FALSE,FALSE,oxidative phosphorylation,-2.11097705826318,5.75222270996947e-5,manuscript-fixed programme/location/constituent-term exemplar
3,GO:0006119,microglia,CA1,3205,-0.467563482078856,FALSE,FALSE,oxidative phosphorylation,-2.11097705826318,5.75222270996947e-5,manuscript-fixed programme/location/constituent-term exemplar
3,GO:0006119,microglia,CA1,3206,-0.467762131264394,FALSE,FALSE,oxidative phosphorylation,-2.11097705826318,5.75222270996947e-5,manuscript-fixed programme/location/constituent-term exemplar
3,GO:0006119,microglia,CA1,3207,-0.467960780449932,FALSE,FALSE,oxidative phosphorylation,-2.11097705826318,5.75222270996947e-5,manuscript-fixed programme/location/constituent-term exemplar
3,GO:0006119,microglia,CA1,3208,-0.468159429635471,FALSE,FALSE,oxidative phosphorylation,-2.11097705826318,5.75222270996947e-5,manuscript-fixed programme/location/constituent-term exemplar
3,GO:0006119,microglia,CA1,3209,-0.468358078821009,FALSE,FALSE,oxidative phosphorylation,-2.11097705826318,5.75222270996947e-5,manuscript-fixed programme/location/constituent-term exemplar
3,GO:0006119,microglia,CA1,3210,-0.468556728006547,FALSE,FALSE,oxidative phosphorylation,-2.11097705826318,5.75222270996947e-5,manuscript-fixed programme/location/constituent-term exemplar
3,GO:0006119,microglia,CA1,3211,-0.468755377192086,FALSE,FALSE,oxidative phosphorylation,-2.11097705826318,5.75222270996947e-5,manuscript-fixed programme/location/constituent-term exemplar
3,GO:0006119,microglia,CA1,3212,-0.468954026377624,FALSE,FALSE,oxidative phosphorylation,-2.11097705826318,5.75222270996947e-5,manuscript-fixed programme/location/constituent-term exemplar
3,GO:0006119,microglia,CA1,3213,-0.469152675563162,FALSE,FALSE,oxidative phosphorylation,-2.11097705826318,5.75222270996947e-5,manuscript-fixed programme/location/constituent-term exemplar
3,GO:0006119,microglia,CA1,3214,-0.469351324748701,FALSE,FALSE,oxidative phosphorylation,-2.11097705826318,5.75222270996947e-5,manuscript-fixed programme/location/constituent-term exemplar
3,GO:0006119,microglia,CA1,3215,-0.469549973934239,FALSE,FALSE,oxidative phosphorylation,-2.11097705826318,5.75222270996947e-5,manuscript-fixed programme/location/constituent-term exemplar
3,GO:0006119,microglia,CA1,3216,-0.469748623119777,FALSE,FALSE,oxidative phosphorylation,-2.11097705826318,5.75222270996947e-5,manuscript-fixed programme/location/constituent-term exemplar
3,GO:0006119,microglia,CA1,3217,-0.469947272305316,FALSE,FALSE,oxidative phosphorylation,-2.11097705826318,5.75222270996947e-5,manuscript-fixed programme/location/constituent-term exemplar
3,GO:0006119,microglia,CA1,3218,-0.470145921490854,FALSE,FALSE,oxidative phosphorylation,-2.11097705826318,5.75222270996947e-5,manuscript-fixed programme/location/constituent-term exemplar
3,GO:0006119,microglia,CA1,3219,-0.470344570676392,FALSE,FALSE,oxidative phosphorylation,-2.11097705826318,5.75222270996947e-5,manuscript-fixed programme/location/constituent-term exemplar
3,GO:0006119,microglia,CA1,3220,-0.470543219861931,FALSE,FALSE,oxidative phosphorylation,-2.11097705826318,5.75222270996947e-5,manuscript-fixed programme/location/constituent-term exemplar
3,GO:0006119,microglia,CA1,3221,-0.470741869047469,FALSE,FALSE,oxidative phosphorylation,-2.11097705826318,5.75222270996947e-5,manuscript-fixed programme/location/constituent-term exemplar
3,GO:0006119,microglia,CA1,3222,-0.470940518233007,FALSE,FALSE,oxidative phosphorylation,-2.11097705826318,5.75222270996947e-5,manuscript-fixed programme/location/constituent-term exemplar
3,GO:0006119,microglia,CA1,3223,-0.471139167418546,FALSE,FALSE,oxidative phosphorylation,-2.11097705826318,5.75222270996947e-5,manuscript-fixed programme/location/constituent-term exemplar
3,GO:0006119,microglia,CA1,3224,-0.471337816604084,FALSE,FALSE,oxidative phosphorylation,-2.11097705826318,5.75222270996947e-5,manuscript-fixed programme/location/constituent-term exemplar
3,GO:0006119,microglia,CA1,3225,-0.471536465789622,FALSE,FALSE,oxidative phosphorylation,-2.11097705826318,5.75222270996947e-5,manuscript-fixed programme/location/constituent-term exemplar
3,GO:0006119,microglia,CA1,3226,-0.465634967850014,TRUE,FALSE,oxidative phosphorylation,-2.11097705826318,5.75222270996947e-5,manuscript-fixed programme/location/constituent-term exemplar
3,GO:0006119,microglia,CA1,3227,-0.465833617035552,FALSE,FALSE,oxidative phosphorylation,-2.11097705826318,5.75222270996947e-5,manuscript-fixed programme/location/constituent-term exemplar
3,GO:0006119,microglia,CA1,3228,-0.46603226622109,FALSE,FALSE,oxidative phosphorylation,-2.11097705826318,5.75222270996947e-5,manuscript-fixed programme/location/constituent-term exemplar
3,GO:0006119,microglia,CA1,3229,-0.466230915406629,FALSE,FALSE,oxidative phosphorylation,-2.11097705826318,5.75222270996947e-5,manuscript-fixed programme/location/constituent-term exemplar
3,GO:0006119,microglia,CA1,3230,-0.466429564592167,FALSE,FALSE,oxidative phosphorylation,-2.11097705826318,5.75222270996947e-5,manuscript-fixed programme/location/constituent-term exemplar
3,GO:0006119,microglia,CA1,3231,-0.466628213777705,FALSE,FALSE,oxidative phosphorylation,-2.11097705826318,5.75222270996947e-5,manuscript-fixed programme/location/constituent-term exemplar
3,GO:0006119,microglia,CA1,3232,-0.466826862963244,FALSE,FALSE,oxidative phosphorylation,-2.11097705826318,5.75222270996947e-5,manuscript-fixed programme/location/constituent-term exemplar
3,GO:0006119,microglia,CA1,3233,-0.467025512148782,FALSE,FALSE,oxidative phosphorylation,-2.11097705826318,5.75222270996947e-5,manuscript-fixed programme/location/constituent-term exemplar
3,GO:0006119,microglia,CA1,3234,-0.46722416133432,FALSE,FALSE,oxidative phosphorylation,-2.11097705826318,5.75222270996947e-5,manuscript-fixed programme/location/constituent-term exemplar
3,GO:0006119,microglia,CA1,3235,-0.467422810519859,FALSE,FALSE,oxidative phosphorylation,-2.11097705826318,5.75222270996947e-5,manuscript-fixed programme/location/constituent-term exemplar
3,GO:0006119,microglia,CA1,3236,-0.467621459705397,FALSE,FALSE,oxidative phosphorylation,-2.11097705826318,5.75222270996947e-5,manuscript-fixed programme/location/constituent-term exemplar
3,GO:0006119,microglia,CA1,3237,-0.467820108890935,FALSE,FALSE,oxidative phosphorylation,-2.11097705826318,5.75222270996947e-5,manuscript-fixed programme/location/constituent-term exemplar
3,GO:0006119,microglia,CA1,3238,-0.468018758076474,FALSE,FALSE,oxidative phosphorylation,-2.11097705826318,5.75222270996947e-5,manuscript-fixed programme/location/constituent-term exemplar
3,GO:0006119,microglia,CA1,3239,-0.468217407262012,FALSE,FALSE,oxidative phosphorylation,-2.11097705826318,5.75222270996947e-5,manuscript-fixed programme/location/constituent-term exemplar
3,GO:0006119,microglia,CA1,3240,-0.46841605644755,FALSE,FALSE,oxidative phosphorylation,-2.11097705826318,5.75222270996947e-5,manuscript-fixed programme/location/constituent-term exemplar
3,GO:0006119,microglia,CA1,3241,-0.468614705633089,FALSE,FALSE,oxidative phosphorylation,-2.11097705826318,5.75222270996947e-5,manuscript-fixed programme/location/constituent-term exemplar
3,GO:0006119,microglia,CA1,3242,-0.468813354818627,FALSE,FALSE,oxidative phosphorylation,-2.11097705826318,5.75222270996947e-5,manuscript-fixed programme/location/constituent-term exemplar
3,GO:0006119,microglia,CA1,3243,-0.469012004004165,FALSE,FALSE,oxidative phosphorylation,-2.11097705826318,5.75222270996947e-5,manuscript-fixed programme/location/constituent-term exemplar
3,GO:0006119,microglia,CA1,3244,-0.469210653189704,FALSE,FALSE,oxidative phosphorylation,-2.11097705826318,5.75222270996947e-5,manuscript-fixed programme/location/constituent-term exemplar
3,GO:0006119,microglia,CA1,3245,-0.469409302375242,FALSE,FALSE,oxidative phosphorylation,-2.11097705826318,5.75222270996947e-5,manuscript-fixed programme/location/constituent-term exemplar
3,GO:0006119,microglia,CA1,3246,-0.46960795156078,FALSE,FALSE,oxidative phosphorylation,-2.11097705826318,5.75222270996947e-5,manuscript-fixed programme/location/constituent-term exemplar
3,GO:0006119,microglia,CA1,3247,-0.469806600746319,FALSE,FALSE,oxidative phosphorylation,-2.11097705826318,5.75222270996947e-5,manuscript-fixed programme/location/constituent-term exemplar
3,GO:0006119,microglia,CA1,3248,-0.470005249931857,FALSE,FALSE,oxidative phosphorylation,-2.11097705826318,5.75222270996947e-5,manuscript-fixed programme/location/constituent-term exemplar
3,GO:0006119,microglia,CA1,3249,-0.470203899117395,FALSE,FALSE,oxidative phosphorylation,-2.11097705826318,5.75222270996947e-5,manuscript-fixed programme/location/constituent-term exemplar
3,GO:0006119,microglia,CA1,3250,-0.470402548302934,FALSE,FALSE,oxidative phosphorylation,-2.11097705826318,5.75222270996947e-5,manuscript-fixed programme/location/constituent-term exemplar
3,GO:0006119,microglia,CA1,3251,-0.470601197488472,FALSE,FALSE,oxidative phosphorylation,-2.11097705826318,5.75222270996947e-5,manuscript-fixed programme/location/constituent-term exemplar
3,GO:0006119,microglia,CA1,3252,-0.47079984667401,FALSE,FALSE,oxidative phosphorylation,-2.11097705826318,5.75222270996947e-5,manuscript-fixed programme/location/constituent-term exemplar
3,GO:0006119,microglia,CA1,3253,-0.470998495859549,FALSE,FALSE,oxidative phosphorylation,-2.11097705826318,5.75222270996947e-5,manuscript-fixed programme/location/constituent-term exemplar
3,GO:0006119,microglia,CA1,3254,-0.471197145045087,FALSE,FALSE,oxidative phosphorylation,-2.11097705826318,5.75222270996947e-5,manuscript-fixed programme/location/constituent-term exemplar
3,GO:0006119,microglia,CA1,3255,-0.471395794230625,FALSE,FALSE,oxidative phosphorylation,-2.11097705826318,5.75222270996947e-5,manuscript-fixed programme/location/constituent-term exemplar
3,GO:0006119,microglia,CA1,3256,-0.471594443416164,FALSE,FALSE,oxidative phosphorylation,-2.11097705826318,5.75222270996947e-5,manuscript-fixed programme/location/constituent-term exemplar
3,GO:0006119,microglia,CA1,3257,-0.471793092601702,FALSE,FALSE,oxidative phosphorylation,-2.11097705826318,5.75222270996947e-5,manuscript-fixed programme/location/constituent-term exemplar
3,GO:0006119,microglia,CA1,3258,-0.47199174178724,FALSE,FALSE,oxidative phosphorylation,-2.11097705826318,5.75222270996947e-5,manuscript-fixed programme/location/constituent-term exemplar
3,GO:0006119,microglia,CA1,3259,-0.472190390972779,FALSE,FALSE,oxidative phosphorylation,-2.11097705826318,5.75222270996947e-5,manuscript-fixed programme/location/constituent-term exemplar
3,GO:0006119,microglia,CA1,3260,-0.472389040158317,FALSE,FALSE,oxidative phosphorylation,-2.11097705826318,5.75222270996947e-5,manuscript-fixed programme/location/constituent-term exemplar
3,GO:0006119,microglia,CA1,3261,-0.472587689343855,FALSE,FALSE,oxidative phosphorylation,-2.11097705826318,5.75222270996947e-5,manuscript-fixed programme/location/constituent-term exemplar
3,GO:0006119,microglia,CA1,3262,-0.472786338529394,FALSE,FALSE,oxidative phosphorylation,-2.11097705826318,5.75222270996947e-5,manuscript-fixed programme/location/constituent-term exemplar
3,GO:0006119,microglia,CA1,3263,-0.472984987714932,FALSE,FALSE,oxidative phosphorylation,-2.11097705826318,5.75222270996947e-5,manuscript-fixed programme/location/constituent-term exemplar
3,GO:0006119,microglia,CA1,3264,-0.47318363690047,FALSE,FALSE,oxidative phosphorylation,-2.11097705826318,5.75222270996947e-5,manuscript-fixed programme/location/constituent-term exemplar
3,GO:0006119,microglia,CA1,3265,-0.473382286086009,FALSE,FALSE,oxidative phosphorylation,-2.11097705826318,5.75222270996947e-5,manuscript-fixed programme/location/constituent-term exemplar
3,GO:0006119,microglia,CA1,3266,-0.473580935271547,FALSE,FALSE,oxidative phosphorylation,-2.11097705826318,5.75222270996947e-5,manuscript-fixed programme/location/constituent-term exemplar
3,GO:0006119,microglia,CA1,3267,-0.473779584457085,FALSE,FALSE,oxidative phosphorylation,-2.11097705826318,5.75222270996947e-5,manuscript-fixed programme/location/constituent-term exemplar
3,GO:0006119,microglia,CA1,3268,-0.473978233642624,FALSE,FALSE,oxidative phosphorylation,-2.11097705826318,5.75222270996947e-5,manuscript-fixed programme/location/constituent-term exemplar
3,GO:0006119,microglia,CA1,3269,-0.467888537780272,TRUE,FALSE,oxidative phosphorylation,-2.11097705826318,5.75222270996947e-5,manuscript-fixed programme/location/constituent-term exemplar
3,GO:0006119,microglia,CA1,3270,-0.46808718696581,FALSE,FALSE,oxidative phosphorylation,-2.11097705826318,5.75222270996947e-5,manuscript-fixed programme/location/constituent-term exemplar
3,GO:0006119,microglia,CA1,3271,-0.468285836151349,FALSE,FALSE,oxidative phosphorylation,-2.11097705826318,5.75222270996947e-5,manuscript-fixed programme/location/constituent-term exemplar
3,GO:0006119,microglia,CA1,3272,-0.468484485336887,FALSE,FALSE,oxidative phosphorylation,-2.11097705826318,5.75222270996947e-5,manuscript-fixed programme/location/constituent-term exemplar
3,GO:0006119,microglia,CA1,3273,-0.468683134522425,FALSE,FALSE,oxidative phosphorylation,-2.11097705826318,5.75222270996947e-5,manuscript-fixed programme/location/constituent-term exemplar
3,GO:0006119,microglia,CA1,3274,-0.468881783707964,FALSE,FALSE,oxidative phosphorylation,-2.11097705826318,5.75222270996947e-5,manuscript-fixed programme/location/constituent-term exemplar
3,GO:0006119,microglia,CA1,3275,-0.469080432893502,FALSE,FALSE,oxidative phosphorylation,-2.11097705826318,5.75222270996947e-5,manuscript-fixed programme/location/constituent-term exemplar
3,GO:0006119,microglia,CA1,3276,-0.46927908207904,FALSE,FALSE,oxidative phosphorylation,-2.11097705826318,5.75222270996947e-5,manuscript-fixed programme/location/constituent-term exemplar
3,GO:0006119,microglia,CA1,3277,-0.469477731264579,FALSE,FALSE,oxidative phosphorylation,-2.11097705826318,5.75222270996947e-5,manuscript-fixed programme/location/constituent-term exemplar
3,GO:0006119,microglia,CA1,3278,-0.469676380450117,FALSE,FALSE,oxidative phosphorylation,-2.11097705826318,5.75222270996947e-5,manuscript-fixed programme/location/constituent-term exemplar
3,GO:0006119,microglia,CA1,3279,-0.469875029635655,FALSE,FALSE,oxidative phosphorylation,-2.11097705826318,5.75222270996947e-5,manuscript-fixed programme/location/constituent-term exemplar
3,GO:0006119,microglia,CA1,3280,-0.470073678821194,FALSE,FALSE,oxidative phosphorylation,-2.11097705826318,5.75222270996947e-5,manuscript-fixed programme/location/constituent-term exemplar
3,GO:0006119,microglia,CA1,3281,-0.470272328006732,FALSE,FALSE,oxidative phosphorylation,-2.11097705826318,5.75222270996947e-5,manuscript-fixed programme/location/constituent-term exemplar
3,GO:0006119,microglia,CA1,3282,-0.47047097719227,FALSE,FALSE,oxidative phosphorylation,-2.11097705826318,5.75222270996947e-5,manuscript-fixed programme/location/constituent-term exemplar
3,GO:0006119,microglia,CA1,3283,-0.470669626377809,FALSE,FALSE,oxidative phosphorylation,-2.11097705826318,5.75222270996947e-5,manuscript-fixed programme/location/constituent-term exemplar
3,GO:0006119,microglia,CA1,3284,-0.470868275563347,FALSE,FALSE,oxidative phosphorylation,-2.11097705826318,5.75222270996947e-5,manuscript-fixed programme/location/constituent-term exemplar
3,GO:0006119,microglia,CA1,3285,-0.471066924748885,FALSE,FALSE,oxidative phosphorylation,-2.11097705826318,5.75222270996947e-5,manuscript-fixed programme/location/constituent-term exemplar
3,GO:0006119,microglia,CA1,3286,-0.471265573934424,FALSE,FALSE,oxidative phosphorylation,-2.11097705826318,5.75222270996947e-5,manuscript-fixed programme/location/constituent-term exemplar
3,GO:0006119,microglia,CA1,3287,-0.471464223119962,FALSE,FALSE,oxidative phosphorylation,-2.11097705826318,5.75222270996947e-5,manuscript-fixed programme/location/constituent-term exemplar
3,GO:0006119,microglia,CA1,3288,-0.4716628723055,FALSE,FALSE,oxidative phosphorylation,-2.11097705826318,5.75222270996947e-5,manuscript-fixed programme/location/constituent-term exemplar
3,GO:0006119,microglia,CA1,3289,-0.471861521491039,FALSE,FALSE,oxidative phosphorylation,-2.11097705826318,5.75222270996947e-5,manuscript-fixed programme/location/constituent-term exemplar
3,GO:0006119,microglia,CA1,3290,-0.472060170676577,FALSE,FALSE,oxidative phosphorylation,-2.11097705826318,5.75222270996947e-5,manuscript-fixed programme/location/constituent-term exemplar
3,GO:0006119,microglia,CA1,3291,-0.472258819862115,FALSE,FALSE,oxidative phosphorylation,-2.11097705826318,5.75222270996947e-5,manuscript-fixed programme/location/constituent-term exemplar
3,GO:0006119,microglia,CA1,3292,-0.472457469047654,FALSE,FALSE,oxidative phosphorylation,-2.11097705826318,5.75222270996947e-5,manuscript-fixed programme/location/constituent-term exemplar
3,GO:0006119,microglia,CA1,3293,-0.472656118233192,FALSE,FALSE,oxidative phosphorylation,-2.11097705826318,5.75222270996947e-5,manuscript-fixed programme/location/constituent-term exemplar
3,GO:0006119,microglia,CA1,3294,-0.47285476741873,FALSE,FALSE,oxidative phosphorylation,-2.11097705826318,5.75222270996947e-5,manuscript-fixed programme/location/constituent-term exemplar
3,GO:0006119,microglia,CA1,3295,-0.473053416604269,FALSE,FALSE,oxidative phosphorylation,-2.11097705826318,5.75222270996947e-5,manuscript-fixed programme/location/constituent-term exemplar
3,GO:0006119,microglia,CA1,3296,-0.473252065789807,FALSE,FALSE,oxidative phosphorylation,-2.11097705826318,5.75222270996947e-5,manuscript-fixed programme/location/constituent-term exemplar
3,GO:0006119,microglia,CA1,3297,-0.473450714975345,FALSE,FALSE,oxidative phosphorylation,-2.11097705826318,5.75222270996947e-5,manuscript-fixed programme/location/constituent-term exemplar
3,GO:0006119,microglia,CA1,3298,-0.473649364160884,FALSE,FALSE,oxidative phosphorylation,-2.11097705826318,5.75222270996947e-5,manuscript-fixed programme/location/constituent-term exemplar
3,GO:0006119,microglia,CA1,3299,-0.473848013346422,FALSE,FALSE,oxidative phosphorylation,-2.11097705826318,5.75222270996947e-5,manuscript-fixed programme/location/constituent-term exemplar
3,GO:0006119,microglia,CA1,3300,-0.47404666253196,FALSE,FALSE,oxidative phosphorylation,-2.11097705826318,5.75222270996947e-5,manuscript-fixed programme/location/constituent-term exemplar
3,GO:0006119,microglia,CA1,3301,-0.467796708394367,TRUE,FALSE,oxidative phosphorylation,-2.11097705826318,5.75222270996947e-5,manuscript-fixed programme/location/constituent-term exemplar
3,GO:0006119,microglia,CA1,3302,-0.467995357579905,FALSE,FALSE,oxidative phosphorylation,-2.11097705826318,5.75222270996947e-5,manuscript-fixed programme/location/constituent-term exemplar
3,GO:0006119,microglia,CA1,3303,-0.468194006765443,FALSE,FALSE,oxidative phosphorylation,-2.11097705826318,5.75222270996947e-5,manuscript-fixed programme/location/constituent-term exemplar
3,GO:0006119,microglia,CA1,3304,-0.468392655950982,FALSE,FALSE,oxidative phosphorylation,-2.11097705826318,5.75222270996947e-5,manuscript-fixed programme/location/constituent-term exemplar
3,GO:0006119,microglia,CA1,3305,-0.46859130513652,FALSE,FALSE,oxidative phosphorylation,-2.11097705826318,5.75222270996947e-5,manuscript-fixed programme/location/constituent-term exemplar
3,GO:0006119,microglia,CA1,3306,-0.468789954322058,FALSE,FALSE,oxidative phosphorylation,-2.11097705826318,5.75222270996947e-5,manuscript-fixed programme/location/constituent-term exemplar
3,GO:0006119,microglia,CA1,3307,-0.468988603507597,FALSE,FALSE,oxidative phosphorylation,-2.11097705826318,5.75222270996947e-5,manuscript-fixed programme/location/constituent-term exemplar
3,GO:0006119,microglia,CA1,3308,-0.469187252693135,FALSE,FALSE,oxidative phosphorylation,-2.11097705826318,5.75222270996947e-5,manuscript-fixed programme/location/constituent-term exemplar
3,GO:0006119,microglia,CA1,3309,-0.469385901878673,FALSE,FALSE,oxidative phosphorylation,-2.11097705826318,5.75222270996947e-5,manuscript-fixed programme/location/constituent-term exemplar
3,GO:0006119,microglia,CA1,3310,-0.469584551064212,FALSE,FALSE,oxidative phosphorylation,-2.11097705826318,5.75222270996947e-5,manuscript-fixed programme/location/constituent-term exemplar
3,GO:0006119,microglia,CA1,3311,-0.46978320024975,FALSE,FALSE,oxidative phosphorylation,-2.11097705826318,5.75222270996947e-5,manuscript-fixed programme/location/constituent-term exemplar
3,GO:0006119,microglia,CA1,3312,-0.469981849435288,FALSE,FALSE,oxidative phosphorylation,-2.11097705826318,5.75222270996947e-5,manuscript-fixed programme/location/constituent-term exemplar
3,GO:0006119,microglia,CA1,3313,-0.470180498620827,FALSE,FALSE,oxidative phosphorylation,-2.11097705826318,5.75222270996947e-5,manuscript-fixed programme/location/constituent-term exemplar
3,GO:0006119,microglia,CA1,3314,-0.47037914780636497,FALSE,FALSE,oxidative phosphorylation,-2.11097705826318,5.75222270996947e-5,manuscript-fixed programme/location/constituent-term exemplar
3,GO:0006119,microglia,CA1,3315,-0.470577796991903,FALSE,FALSE,oxidative phosphorylation,-2.11097705826318,5.75222270996947e-5,manuscript-fixed programme/location/constituent-term exemplar
3,GO:0006119,microglia,CA1,3316,-0.470776446177442,FALSE,FALSE,oxidative phosphorylation,-2.11097705826318,5.75222270996947e-5,manuscript-fixed programme/location/constituent-term exemplar
3,GO:0006119,microglia,CA1,3317,-0.47097509536298,FALSE,FALSE,oxidative phosphorylation,-2.11097705826318,5.75222270996947e-5,manuscript-fixed programme/location/constituent-term exemplar
3,GO:0006119,microglia,CA1,3318,-0.471173744548518,FALSE,FALSE,oxidative phosphorylation,-2.11097705826318,5.75222270996947e-5,manuscript-fixed programme/location/constituent-term exemplar
3,GO:0006119,microglia,CA1,3319,-0.471372393734057,FALSE,FALSE,oxidative phosphorylation,-2.11097705826318,5.75222270996947e-5,manuscript-fixed programme/location/constituent-term exemplar
3,GO:0006119,microglia,CA1,3320,-0.471571042919595,FALSE,FALSE,oxidative phosphorylation,-2.11097705826318,5.75222270996947e-5,manuscript-fixed programme/location/constituent-term exemplar
3,GO:0006119,microglia,CA1,3321,-0.471769692105134,FALSE,FALSE,oxidative phosphorylation,-2.11097705826318,5.75222270996947e-5,manuscript-fixed programme/location/constituent-term exemplar
3,GO:0006119,microglia,CA1,3322,-0.471968341290672,FALSE,FALSE,oxidative phosphorylation,-2.11097705826318,5.75222270996947e-5,manuscript-fixed programme/location/constituent-term exemplar
3,GO:0006119,microglia,CA1,3323,-0.47216699047621,FALSE,FALSE,oxidative phosphorylation,-2.11097705826318,5.75222270996947e-5,manuscript-fixed programme/location/constituent-term exemplar
3,GO:0006119,microglia,CA1,3324,-0.472365639661748,FALSE,FALSE,oxidative phosphorylation,-2.11097705826318,5.75222270996947e-5,manuscript-fixed programme/location/constituent-term exemplar
3,GO:0006119,microglia,CA1,3325,-0.472564288847287,FALSE,FALSE,oxidative phosphorylation,-2.11097705826318,5.75222270996947e-5,manuscript-fixed programme/location/constituent-term exemplar
3,GO:0006119,microglia,CA1,3326,-0.472762938032825,FALSE,FALSE,oxidative phosphorylation,-2.11097705826318,5.75222270996947e-5,manuscript-fixed programme/location/constituent-term exemplar
3,GO:0006119,microglia,CA1,3327,-0.472961587218364,FALSE,FALSE,oxidative phosphorylation,-2.11097705826318,5.75222270996947e-5,manuscript-fixed programme/location/constituent-term exemplar
3,GO:0006119,microglia,CA1,3328,-0.473160236403902,FALSE,FALSE,oxidative phosphorylation,-2.11097705826318,5.75222270996947e-5,manuscript-fixed programme/location/constituent-term exemplar
3,GO:0006119,microglia,CA1,3329,-0.47335888558944,FALSE,FALSE,oxidative phosphorylation,-2.11097705826318,5.75222270996947e-5,manuscript-fixed programme/location/constituent-term exemplar
3,GO:0006119,microglia,CA1,3330,-0.473557534774979,FALSE,FALSE,oxidative phosphorylation,-2.11097705826318,5.75222270996947e-5,manuscript-fixed programme/location/constituent-term exemplar
3,GO:0006119,microglia,CA1,3331,-0.473756183960517,FALSE,FALSE,oxidative phosphorylation,-2.11097705826318,5.75222270996947e-5,manuscript-fixed programme/location/constituent-term exemplar
3,GO:0006119,microglia,CA1,3332,-0.473954833146055,FALSE,FALSE,oxidative phosphorylation,-2.11097705826318,5.75222270996947e-5,manuscript-fixed programme/location/constituent-term exemplar
3,GO:0006119,microglia,CA1,3333,-0.474153482331594,FALSE,FALSE,oxidative phosphorylation,-2.11097705826318,5.75222270996947e-5,manuscript-fixed programme/location/constituent-term exemplar
3,GO:0006119,microglia,CA1,3334,-0.474352131517132,FALSE,FALSE,oxidative phosphorylation,-2.11097705826318,5.75222270996947e-5,manuscript-fixed programme/location/constituent-term exemplar
3,GO:0006119,microglia,CA1,3335,-0.47455078070267,FALSE,FALSE,oxidative phosphorylation,-2.11097705826318,5.75222270996947e-5,manuscript-fixed programme/location/constituent-term exemplar
3,GO:0006119,microglia,CA1,3336,-0.474749429888209,FALSE,FALSE,oxidative phosphorylation,-2.11097705826318,5.75222270996947e-5,manuscript-fixed programme/location/constituent-term exemplar
3,GO:0006119,microglia,CA1,3337,-0.474948079073747,FALSE,FALSE,oxidative phosphorylation,-2.11097705826318,5.75222270996947e-5,manuscript-fixed programme/location/constituent-term exemplar
3,GO:0006119,microglia,CA1,3338,-0.475146728259285,FALSE,FALSE,oxidative phosphorylation,-2.11097705826318,5.75222270996947e-5,manuscript-fixed programme/location/constituent-term exemplar
3,GO:0006119,microglia,CA1,3339,-0.475345377444824,FALSE,FALSE,oxidative phosphorylation,-2.11097705826318,5.75222270996947e-5,manuscript-fixed programme/location/constituent-term exemplar
3,GO:0006119,microglia,CA1,3340,-0.475544026630362,FALSE,FALSE,oxidative phosphorylation,-2.11097705826318,5.75222270996947e-5,manuscript-fixed programme/location/constituent-term exemplar
3,GO:0006119,microglia,CA1,3341,-0.4757426758159,FALSE,FALSE,oxidative phosphorylation,-2.11097705826318,5.75222270996947e-5,manuscript-fixed programme/location/constituent-term exemplar
3,GO:0006119,microglia,CA1,3342,-0.469243386157913,TRUE,FALSE,oxidative phosphorylation,-2.11097705826318,5.75222270996947e-5,manuscript-fixed programme/location/constituent-term exemplar
3,GO:0006119,microglia,CA1,3343,-0.469442035343451,FALSE,FALSE,oxidative phosphorylation,-2.11097705826318,5.75222270996947e-5,manuscript-fixed programme/location/constituent-term exemplar
3,GO:0006119,microglia,CA1,3344,-0.469640684528989,FALSE,FALSE,oxidative phosphorylation,-2.11097705826318,5.75222270996947e-5,manuscript-fixed programme/location/constituent-term exemplar
3,GO:0006119,microglia,CA1,3345,-0.469839333714528,FALSE,FALSE,oxidative phosphorylation,-2.11097705826318,5.75222270996947e-5,manuscript-fixed programme/location/constituent-term exemplar
3,GO:0006119,microglia,CA1,3346,-0.470037982900066,FALSE,FALSE,oxidative phosphorylation,-2.11097705826318,5.75222270996947e-5,manuscript-fixed programme/location/constituent-term exemplar
3,GO:0006119,microglia,CA1,3347,-0.470236632085605,FALSE,FALSE,oxidative phosphorylation,-2.11097705826318,5.75222270996947e-5,manuscript-fixed programme/location/constituent-term exemplar
3,GO:0006119,microglia,CA1,3348,-0.470435281271143,FALSE,FALSE,oxidative phosphorylation,-2.11097705826318,5.75222270996947e-5,manuscript-fixed programme/location/constituent-term exemplar
3,GO:0006119,microglia,CA1,3349,-0.470633930456681,FALSE,FALSE,oxidative phosphorylation,-2.11097705826318,5.75222270996947e-5,manuscript-fixed programme/location/constituent-term exemplar
3,GO:0006119,microglia,CA1,3350,-0.470832579642219,FALSE,FALSE,oxidative phosphorylation,-2.11097705826318,5.75222270996947e-5,manuscript-fixed programme/location/constituent-term exemplar
3,GO:0006119,microglia,CA1,3351,-0.471031228827758,FALSE,FALSE,oxidative phosphorylation,-2.11097705826318,5.75222270996947e-5,manuscript-fixed programme/location/constituent-term exemplar
3,GO:0006119,microglia,CA1,3352,-0.471229878013296,FALSE,FALSE,oxidative phosphorylation,-2.11097705826318,5.75222270996947e-5,manuscript-fixed programme/location/constituent-term exemplar
3,GO:0006119,microglia,CA1,3353,-0.471428527198835,FALSE,FALSE,oxidative phosphorylation,-2.11097705826318,5.75222270996947e-5,manuscript-fixed programme/location/constituent-term exemplar
3,GO:0006119,microglia,CA1,3354,-0.471627176384373,FALSE,FALSE,oxidative phosphorylation,-2.11097705826318,5.75222270996947e-5,manuscript-fixed programme/location/constituent-term exemplar
3,GO:0006119,microglia,CA1,3355,-0.471825825569911,FALSE,FALSE,oxidative phosphorylation,-2.11097705826318,5.75222270996947e-5,manuscript-fixed programme/location/constituent-term exemplar
3,GO:0006119,microglia,CA1,3356,-0.47202447475545,FALSE,FALSE,oxidative phosphorylation,-2.11097705826318,5.75222270996947e-5,manuscript-fixed programme/location/constituent-term exemplar
3,GO:0006119,microglia,CA1,3357,-0.472223123940988,FALSE,FALSE,oxidative phosphorylation,-2.11097705826318,5.75222270996947e-5,manuscript-fixed programme/location/constituent-term exemplar
3,GO:0006119,microglia,CA1,3358,-0.465654005395869,TRUE,FALSE,oxidative phosphorylation,-2.11097705826318,5.75222270996947e-5,manuscript-fixed programme/location/constituent-term exemplar
3,GO:0006119,microglia,CA1,3359,-0.465852654581407,FALSE,FALSE,oxidative phosphorylation,-2.11097705826318,5.75222270996947e-5,manuscript-fixed programme/location/constituent-term exemplar
3,GO:0006119,microglia,CA1,3360,-0.466051303766945,FALSE,FALSE,oxidative phosphorylation,-2.11097705826318,5.75222270996947e-5,manuscript-fixed programme/location/constituent-term exemplar
3,GO:0006119,microglia,CA1,3361,-0.466249952952484,FALSE,FALSE,oxidative phosphorylation,-2.11097705826318,5.75222270996947e-5,manuscript-fixed programme/location/constituent-term exemplar
3,GO:0006119,microglia,CA1,3362,-0.466448602138022,FALSE,FALSE,oxidative phosphorylation,-2.11097705826318,5.75222270996947e-5,manuscript-fixed programme/location/constituent-term exemplar
3,GO:0006119,microglia,CA1,3363,-0.46664725132356,FALSE,FALSE,oxidative phosphorylation,-2.11097705826318,5.75222270996947e-5,manuscript-fixed programme/location/constituent-term exemplar
3,GO:0006119,microglia,CA1,3364,-0.466845900509099,FALSE,FALSE,oxidative phosphorylation,-2.11097705826318,5.75222270996947e-5,manuscript-fixed programme/location/constituent-term exemplar
3,GO:0006119,microglia,CA1,3365,-0.467044549694637,FALSE,FALSE,oxidative phosphorylation,-2.11097705826318,5.75222270996947e-5,manuscript-fixed programme/location/constituent-term exemplar
3,GO:0006119,microglia,CA1,3366,-0.467243198880175,FALSE,FALSE,oxidative phosphorylation,-2.11097705826318,5.75222270996947e-5,manuscript-fixed programme/location/constituent-term exemplar
3,GO:0006119,microglia,CA1,3367,-0.467441848065714,FALSE,FALSE,oxidative phosphorylation,-2.11097705826318,5.75222270996947e-5,manuscript-fixed programme/location/constituent-term exemplar
3,GO:0006119,microglia,CA1,3368,-0.467640497251252,FALSE,FALSE,oxidative phosphorylation,-2.11097705826318,5.75222270996947e-5,manuscript-fixed programme/location/constituent-term exemplar
3,GO:0006119,microglia,CA1,3369,-0.46783914643679,FALSE,FALSE,oxidative phosphorylation,-2.11097705826318,5.75222270996947e-5,manuscript-fixed programme/location/constituent-term exemplar
3,GO:0006119,microglia,CA1,3370,-0.468037795622329,FALSE,FALSE,oxidative phosphorylation,-2.11097705826318,5.75222270996947e-5,manuscript-fixed programme/location/constituent-term exemplar
3,GO:0006119,microglia,CA1,3371,-0.461388168209046,TRUE,FALSE,oxidative phosphorylation,-2.11097705826318,5.75222270996947e-5,manuscript-fixed programme/location/constituent-term exemplar
3,GO:0006119,microglia,CA1,3372,-0.461586817394585,FALSE,FALSE,oxidative phosphorylation,-2.11097705826318,5.75222270996947e-5,manuscript-fixed programme/location/constituent-term exemplar
3,GO:0006119,microglia,CA1,3373,-0.461785466580123,FALSE,FALSE,oxidative phosphorylation,-2.11097705826318,5.75222270996947e-5,manuscript-fixed programme/location/constituent-term exemplar
3,GO:0006119,microglia,CA1,3374,-0.461984115765661,FALSE,FALSE,oxidative phosphorylation,-2.11097705826318,5.75222270996947e-5,manuscript-fixed programme/location/constituent-term exemplar
3,GO:0006119,microglia,CA1,3375,-0.4621827649512,FALSE,FALSE,oxidative phosphorylation,-2.11097705826318,5.75222270996947e-5,manuscript-fixed programme/location/constituent-term exemplar
3,GO:0006119,microglia,CA1,3376,-0.462381414136738,FALSE,FALSE,oxidative phosphorylation,-2.11097705826318,5.75222270996947e-5,manuscript-fixed programme/location/constituent-term exemplar
3,GO:0006119,microglia,CA1,3377,-0.462580063322276,FALSE,FALSE,oxidative phosphorylation,-2.11097705826318,5.75222270996947e-5,manuscript-fixed programme/location/constituent-term exemplar
3,GO:0006119,microglia,CA1,3378,-0.462778712507815,FALSE,FALSE,oxidative phosphorylation,-2.11097705826318,5.75222270996947e-5,manuscript-fixed programme/location/constituent-term exemplar
3,GO:0006119,microglia,CA1,3379,-0.462977361693353,FALSE,FALSE,oxidative phosphorylation,-2.11097705826318,5.75222270996947e-5,manuscript-fixed programme/location/constituent-term exemplar
3,GO:0006119,microglia,CA1,3380,-0.463176010878891,FALSE,FALSE,oxidative phosphorylation,-2.11097705826318,5.75222270996947e-5,manuscript-fixed programme/location/constituent-term exemplar
3,GO:0006119,microglia,CA1,3381,-0.46337466006443,FALSE,FALSE,oxidative phosphorylation,-2.11097705826318,5.75222270996947e-5,manuscript-fixed programme/location/constituent-term exemplar
3,GO:0006119,microglia,CA1,3382,-0.463573309249968,FALSE,FALSE,oxidative phosphorylation,-2.11097705826318,5.75222270996947e-5,manuscript-fixed programme/location/constituent-term exemplar
3,GO:0006119,microglia,CA1,3383,-0.463771958435506,FALSE,FALSE,oxidative phosphorylation,-2.11097705826318,5.75222270996947e-5,manuscript-fixed programme/location/constituent-term exemplar
3,GO:0006119,microglia,CA1,3384,-0.463970607621045,FALSE,FALSE,oxidative phosphorylation,-2.11097705826318,5.75222270996947e-5,manuscript-fixed programme/location/constituent-term exemplar
3,GO:0006119,microglia,CA1,3385,-0.464169256806583,FALSE,FALSE,oxidative phosphorylation,-2.11097705826318,5.75222270996947e-5,manuscript-fixed programme/location/constituent-term exemplar
3,GO:0006119,microglia,CA1,3386,-0.464367905992122,FALSE,FALSE,oxidative phosphorylation,-2.11097705826318,5.75222270996947e-5,manuscript-fixed programme/location/constituent-term exemplar
3,GO:0006119,microglia,CA1,3387,-0.46456655517766,FALSE,FALSE,oxidative phosphorylation,-2.11097705826318,5.75222270996947e-5,manuscript-fixed programme/location/constituent-term exemplar
3,GO:0006119,microglia,CA1,3388,-0.464765204363198,FALSE,FALSE,oxidative phosphorylation,-2.11097705826318,5.75222270996947e-5,manuscript-fixed programme/location/constituent-term exemplar
3,GO:0006119,microglia,CA1,3389,-0.464963853548736,FALSE,FALSE,oxidative phosphorylation,-2.11097705826318,5.75222270996947e-5,manuscript-fixed programme/location/constituent-term exemplar
3,GO:0006119,microglia,CA1,3390,-0.465162502734275,FALSE,FALSE,oxidative phosphorylation,-2.11097705826318,5.75222270996947e-5,manuscript-fixed programme/location/constituent-term exemplar
3,GO:0006119,microglia,CA1,3391,-0.465361151919813,FALSE,FALSE,oxidative phosphorylation,-2.11097705826318,5.75222270996947e-5,manuscript-fixed programme/location/constituent-term exemplar
3,GO:0006119,microglia,CA1,3392,-0.465559801105352,FALSE,FALSE,oxidative phosphorylation,-2.11097705826318,5.75222270996947e-5,manuscript-fixed programme/location/constituent-term exemplar
3,GO:0006119,microglia,CA1,3393,-0.46575845029089,FALSE,FALSE,oxidative phosphorylation,-2.11097705826318,5.75222270996947e-5,manuscript-fixed programme/location/constituent-term exemplar
3,GO:0006119,microglia,CA1,3394,-0.4589876612708,TRUE,FALSE,oxidative phosphorylation,-2.11097705826318,5.75222270996947e-5,manuscript-fixed programme/location/constituent-term exemplar
3,GO:0006119,microglia,CA1,3395,-0.459186310456338,FALSE,FALSE,oxidative phosphorylation,-2.11097705826318,5.75222270996947e-5,manuscript-fixed programme/location/constituent-term exemplar
3,GO:0006119,microglia,CA1,3396,-0.459384959641877,FALSE,FALSE,oxidative phosphorylation,-2.11097705826318,5.75222270996947e-5,manuscript-fixed programme/location/constituent-term exemplar
3,GO:0006119,microglia,CA1,3397,-0.459583608827415,FALSE,FALSE,oxidative phosphorylation,-2.11097705826318,5.75222270996947e-5,manuscript-fixed programme/location/constituent-term exemplar
3,GO:0006119,microglia,CA1,3398,-0.459782258012953,FALSE,FALSE,oxidative phosphorylation,-2.11097705826318,5.75222270996947e-5,manuscript-fixed programme/location/constituent-term exemplar
3,GO:0006119,microglia,CA1,3399,-0.459980907198492,FALSE,FALSE,oxidative phosphorylation,-2.11097705826318,5.75222270996947e-5,manuscript-fixed programme/location/constituent-term exemplar
3,GO:0006119,microglia,CA1,3400,-0.46017955638403,FALSE,FALSE,oxidative phosphorylation,-2.11097705826318,5.75222270996947e-5,manuscript-fixed programme/location/constituent-term exemplar
3,GO:0006119,microglia,CA1,3401,-0.460378205569568,FALSE,FALSE,oxidative phosphorylation,-2.11097705826318,5.75222270996947e-5,manuscript-fixed programme/location/constituent-term exemplar
3,GO:0006119,microglia,CA1,3402,-0.460576854755107,FALSE,FALSE,oxidative phosphorylation,-2.11097705826318,5.75222270996947e-5,manuscript-fixed programme/location/constituent-term exemplar
3,GO:0006119,microglia,CA1,3403,-0.460775503940645,FALSE,FALSE,oxidative phosphorylation,-2.11097705826318,5.75222270996947e-5,manuscript-fixed programme/location/constituent-term exemplar
3,GO:0006119,microglia,CA1,3404,-0.460974153126183,FALSE,FALSE,oxidative phosphorylation,-2.11097705826318,5.75222270996947e-5,manuscript-fixed programme/location/constituent-term exemplar
3,GO:0006119,microglia,CA1,3405,-0.461172802311722,FALSE,FALSE,oxidative phosphorylation,-2.11097705826318,5.75222270996947e-5,manuscript-fixed programme/location/constituent-term exemplar
3,GO:0006119,microglia,CA1,3406,-0.46137145149726,FALSE,FALSE,oxidative phosphorylation,-2.11097705826318,5.75222270996947e-5,manuscript-fixed programme/location/constituent-term exemplar
3,GO:0006119,microglia,CA1,3407,-0.461570100682798,FALSE,FALSE,oxidative phosphorylation,-2.11097705826318,5.75222270996947e-5,manuscript-fixed programme/location/constituent-term exemplar
3,GO:0006119,microglia,CA1,3408,-0.461768749868337,FALSE,FALSE,oxidative phosphorylation,-2.11097705826318,5.75222270996947e-5,manuscript-fixed programme/location/constituent-term exemplar
3,GO:0006119,microglia,CA1,3409,-0.461967399053875,FALSE,FALSE,oxidative phosphorylation,-2.11097705826318,5.75222270996947e-5,manuscript-fixed programme/location/constituent-term exemplar
3,GO:0006119,microglia,CA1,3410,-0.462166048239413,FALSE,FALSE,oxidative phosphorylation,-2.11097705826318,5.75222270996947e-5,manuscript-fixed programme/location/constituent-term exemplar
3,GO:0006119,microglia,CA1,3411,-0.462364697424952,FALSE,FALSE,oxidative phosphorylation,-2.11097705826318,5.75222270996947e-5,manuscript-fixed programme/location/constituent-term exemplar
3,GO:0006119,microglia,CA1,3412,-0.46256334661049,FALSE,FALSE,oxidative phosphorylation,-2.11097705826318,5.75222270996947e-5,manuscript-fixed programme/location/constituent-term exemplar
3,GO:0006119,microglia,CA1,3413,-0.462761995796028,FALSE,FALSE,oxidative phosphorylation,-2.11097705826318,5.75222270996947e-5,manuscript-fixed programme/location/constituent-term exemplar
3,GO:0006119,microglia,CA1,3414,-0.462960644981567,FALSE,FALSE,oxidative phosphorylation,-2.11097705826318,5.75222270996947e-5,manuscript-fixed programme/location/constituent-term exemplar
3,GO:0006119,microglia,CA1,3415,-0.463159294167105,FALSE,FALSE,oxidative phosphorylation,-2.11097705826318,5.75222270996947e-5,manuscript-fixed programme/location/constituent-term exemplar
3,GO:0006119,microglia,CA1,3416,-0.463357943352643,FALSE,FALSE,oxidative phosphorylation,-2.11097705826318,5.75222270996947e-5,manuscript-fixed programme/location/constituent-term exemplar
3,GO:0006119,microglia,CA1,3417,-0.463556592538182,FALSE,FALSE,oxidative phosphorylation,-2.11097705826318,5.75222270996947e-5,manuscript-fixed programme/location/constituent-term exemplar
3,GO:0006119,microglia,CA1,3418,-0.46375524172372,FALSE,FALSE,oxidative phosphorylation,-2.11097705826318,5.75222270996947e-5,manuscript-fixed programme/location/constituent-term exemplar
3,GO:0006119,microglia,CA1,3419,-0.463953890909258,FALSE,FALSE,oxidative phosphorylation,-2.11097705826318,5.75222270996947e-5,manuscript-fixed programme/location/constituent-term exemplar
3,GO:0006119,microglia,CA1,3420,-0.464152540094797,FALSE,FALSE,oxidative phosphorylation,-2.11097705826318,5.75222270996947e-5,manuscript-fixed programme/location/constituent-term exemplar
3,GO:0006119,microglia,CA1,3421,-0.464351189280335,FALSE,FALSE,oxidative phosphorylation,-2.11097705826318,5.75222270996947e-5,manuscript-fixed programme/location/constituent-term exemplar
3,GO:0006119,microglia,CA1,3422,-0.464549838465873,FALSE,FALSE,oxidative phosphorylation,-2.11097705826318,5.75222270996947e-5,manuscript-fixed programme/location/constituent-term exemplar
3,GO:0006119,microglia,CA1,3423,-0.464748487651412,FALSE,FALSE,oxidative phosphorylation,-2.11097705826318,5.75222270996947e-5,manuscript-fixed programme/location/constituent-term exemplar
3,GO:0006119,microglia,CA1,3424,-0.46494713683695,FALSE,FALSE,oxidative phosphorylation,-2.11097705826318,5.75222270996947e-5,manuscript-fixed programme/location/constituent-term exemplar
3,GO:0006119,microglia,CA1,3425,-0.465145786022488,FALSE,FALSE,oxidative phosphorylation,-2.11097705826318,5.75222270996947e-5,manuscript-fixed programme/location/constituent-term exemplar
3,GO:0006119,microglia,CA1,3426,-0.465344435208027,FALSE,FALSE,oxidative phosphorylation,-2.11097705826318,5.75222270996947e-5,manuscript-fixed programme/location/constituent-term exemplar
3,GO:0006119,microglia,CA1,3427,-0.465543084393565,FALSE,FALSE,oxidative phosphorylation,-2.11097705826318,5.75222270996947e-5,manuscript-fixed programme/location/constituent-term exemplar
3,GO:0006119,microglia,CA1,3428,-0.465741733579103,FALSE,FALSE,oxidative phosphorylation,-2.11097705826318,5.75222270996947e-5,manuscript-fixed programme/location/constituent-term exemplar
3,GO:0006119,microglia,CA1,3429,-0.465940382764642,FALSE,FALSE,oxidative phosphorylation,-2.11097705826318,5.75222270996947e-5,manuscript-fixed programme/location/constituent-term exemplar
3,GO:0006119,microglia,CA1,3430,-0.46613903195018,FALSE,FALSE,oxidative phosphorylation,-2.11097705826318,5.75222270996947e-5,manuscript-fixed programme/location/constituent-term exemplar
3,GO:0006119,microglia,CA1,3431,-0.466337681135718,FALSE,FALSE,oxidative phosphorylation,-2.11097705826318,5.75222270996947e-5,manuscript-fixed programme/location/constituent-term exemplar
3,GO:0006119,microglia,CA1,3432,-0.466536330321257,FALSE,FALSE,oxidative phosphorylation,-2.11097705826318,5.75222270996947e-5,manuscript-fixed programme/location/constituent-term exemplar
3,GO:0006119,microglia,CA1,3433,-0.459599745544453,TRUE,FALSE,oxidative phosphorylation,-2.11097705826318,5.75222270996947e-5,manuscript-fixed programme/location/constituent-term exemplar
3,GO:0006119,microglia,CA1,3434,-0.459798394729992,FALSE,FALSE,oxidative phosphorylation,-2.11097705826318,5.75222270996947e-5,manuscript-fixed programme/location/constituent-term exemplar
3,GO:0006119,microglia,CA1,3435,-0.45999704391553,FALSE,FALSE,oxidative phosphorylation,-2.11097705826318,5.75222270996947e-5,manuscript-fixed programme/location/constituent-term exemplar
3,GO:0006119,microglia,CA1,3436,-0.460195693101068,FALSE,FALSE,oxidative phosphorylation,-2.11097705826318,5.75222270996947e-5,manuscript-fixed programme/location/constituent-term exemplar
3,GO:0006119,microglia,CA1,3437,-0.460394342286607,FALSE,FALSE,oxidative phosphorylation,-2.11097705826318,5.75222270996947e-5,manuscript-fixed programme/location/constituent-term exemplar
3,GO:0006119,microglia,CA1,3438,-0.460592991472145,FALSE,FALSE,oxidative phosphorylation,-2.11097705826318,5.75222270996947e-5,manuscript-fixed programme/location/constituent-term exemplar
3,GO:0006119,microglia,CA1,3439,-0.460791640657683,FALSE,FALSE,oxidative phosphorylation,-2.11097705826318,5.75222270996947e-5,manuscript-fixed programme/location/constituent-term exemplar
3,GO:0006119,microglia,CA1,3440,-0.460990289843222,FALSE,FALSE,oxidative phosphorylation,-2.11097705826318,5.75222270996947e-5,manuscript-fixed programme/location/constituent-term exemplar
3,GO:0006119,microglia,CA1,3441,-0.46118893902876,FALSE,FALSE,oxidative phosphorylation,-2.11097705826318,5.75222270996947e-5,manuscript-fixed programme/location/constituent-term exemplar
3,GO:0006119,microglia,CA1,3442,-0.461387588214298,FALSE,FALSE,oxidative phosphorylation,-2.11097705826318,5.75222270996947e-5,manuscript-fixed programme/location/constituent-term exemplar
3,GO:0006119,microglia,CA1,3443,-0.461586237399837,FALSE,FALSE,oxidative phosphorylation,-2.11097705826318,5.75222270996947e-5,manuscript-fixed programme/location/constituent-term exemplar
3,GO:0006119,microglia,CA1,3444,-0.461784886585375,FALSE,FALSE,oxidative phosphorylation,-2.11097705826318,5.75222270996947e-5,manuscript-fixed programme/location/constituent-term exemplar
3,GO:0006119,microglia,CA1,3445,-0.461983535770913,FALSE,FALSE,oxidative phosphorylation,-2.11097705826318,5.75222270996947e-5,manuscript-fixed programme/location/constituent-term exemplar
3,GO:0006119,microglia,CA1,3446,-0.462182184956452,FALSE,FALSE,oxidative phosphorylation,-2.11097705826318,5.75222270996947e-5,manuscript-fixed programme/location/constituent-term exemplar
3,GO:0006119,microglia,CA1,3447,-0.46238083414199,FALSE,FALSE,oxidative phosphorylation,-2.11097705826318,5.75222270996947e-5,manuscript-fixed programme/location/constituent-term exemplar
3,GO:0006119,microglia,CA1,3448,-0.462579483327528,FALSE,FALSE,oxidative phosphorylation,-2.11097705826318,5.75222270996947e-5,manuscript-fixed programme/location/constituent-term exemplar
3,GO:0006119,microglia,CA1,3449,-0.462778132513067,FALSE,FALSE,oxidative phosphorylation,-2.11097705826318,5.75222270996947e-5,manuscript-fixed programme/location/constituent-term exemplar
3,GO:0006119,microglia,CA1,3450,-0.462976781698605,FALSE,FALSE,oxidative phosphorylation,-2.11097705826318,5.75222270996947e-5,manuscript-fixed programme/location/constituent-term exemplar
3,GO:0006119,microglia,CA1,3451,-0.463175430884143,FALSE,FALSE,oxidative phosphorylation,-2.11097705826318,5.75222270996947e-5,manuscript-fixed programme/location/constituent-term exemplar
3,GO:0006119,microglia,CA1,3452,-0.456111029095062,TRUE,FALSE,oxidative phosphorylation,-2.11097705826318,5.75222270996947e-5,manuscript-fixed programme/location/constituent-term exemplar
3,GO:0006119,microglia,CA1,3453,-0.456309678280601,FALSE,FALSE,oxidative phosphorylation,-2.11097705826318,5.75222270996947e-5,manuscript-fixed programme/location/constituent-term exemplar
3,GO:0006119,microglia,CA1,3454,-0.456508327466139,FALSE,FALSE,oxidative phosphorylation,-2.11097705826318,5.75222270996947e-5,manuscript-fixed programme/location/constituent-term exemplar
3,GO:0006119,microglia,CA1,3455,-0.456706976651677,FALSE,FALSE,oxidative phosphorylation,-2.11097705826318,5.75222270996947e-5,manuscript-fixed programme/location/constituent-term exemplar
3,GO:0006119,microglia,CA1,3456,-0.456905625837216,FALSE,FALSE,oxidative phosphorylation,-2.11097705826318,5.75222270996947e-5,manuscript-fixed programme/location/constituent-term exemplar
3,GO:0006119,microglia,CA1,3457,-0.457104275022754,FALSE,FALSE,oxidative phosphorylation,-2.11097705826318,5.75222270996947e-5,manuscript-fixed programme/location/constituent-term exemplar
3,GO:0006119,microglia,CA1,3458,-0.457302924208292,FALSE,FALSE,oxidative phosphorylation,-2.11097705826318,5.75222270996947e-5,manuscript-fixed programme/location/constituent-term exemplar
3,GO:0006119,microglia,CA1,3459,-0.457501573393831,FALSE,FALSE,oxidative phosphorylation,-2.11097705826318,5.75222270996947e-5,manuscript-fixed programme/location/constituent-term exemplar
3,GO:0006119,microglia,CA1,3460,-0.457700222579369,FALSE,FALSE,oxidative phosphorylation,-2.11097705826318,5.75222270996947e-5,manuscript-fixed programme/location/constituent-term exemplar
3,GO:0006119,microglia,CA1,3461,-0.457898871764908,FALSE,FALSE,oxidative phosphorylation,-2.11097705826318,5.75222270996947e-5,manuscript-fixed programme/location/constituent-term exemplar
3,GO:0006119,microglia,CA1,3462,-0.458097520950446,FALSE,FALSE,oxidative phosphorylation,-2.11097705826318,5.75222270996947e-5,manuscript-fixed programme/location/constituent-term exemplar
3,GO:0006119,microglia,CA1,3463,-0.458296170135984,FALSE,FALSE,oxidative phosphorylation,-2.11097705826318,5.75222270996947e-5,manuscript-fixed programme/location/constituent-term exemplar
3,GO:0006119,microglia,CA1,3464,-0.458494819321522,FALSE,FALSE,oxidative phosphorylation,-2.11097705826318,5.75222270996947e-5,manuscript-fixed programme/location/constituent-term exemplar
3,GO:0006119,microglia,CA1,3465,-0.458693468507061,FALSE,FALSE,oxidative phosphorylation,-2.11097705826318,5.75222270996947e-5,manuscript-fixed programme/location/constituent-term exemplar
3,GO:0006119,microglia,CA1,3466,-0.458892117692599,FALSE,FALSE,oxidative phosphorylation,-2.11097705826318,5.75222270996947e-5,manuscript-fixed programme/location/constituent-term exemplar
3,GO:0006119,microglia,CA1,3467,-0.459090766878138,FALSE,FALSE,oxidative phosphorylation,-2.11097705826318,5.75222270996947e-5,manuscript-fixed programme/location/constituent-term exemplar
3,GO:0006119,microglia,CA1,3468,-0.459289416063676,FALSE,FALSE,oxidative phosphorylation,-2.11097705826318,5.75222270996947e-5,manuscript-fixed programme/location/constituent-term exemplar
3,GO:0006119,microglia,CA1,3469,-0.459488065249214,FALSE,FALSE,oxidative phosphorylation,-2.11097705826318,5.75222270996947e-5,manuscript-fixed programme/location/constituent-term exemplar
3,GO:0006119,microglia,CA1,3470,-0.459686714434753,FALSE,FALSE,oxidative phosphorylation,-2.11097705826318,5.75222270996947e-5,manuscript-fixed programme/location/constituent-term exemplar
3,GO:0006119,microglia,CA1,3471,-0.459885363620291,FALSE,FALSE,oxidative phosphorylation,-2.11097705826318,5.75222270996947e-5,manuscript-fixed programme/location/constituent-term exemplar
3,GO:0006119,microglia,CA1,3472,-0.460084012805829,FALSE,FALSE,oxidative phosphorylation,-2.11097705826318,5.75222270996947e-5,manuscript-fixed programme/location/constituent-term exemplar
3,GO:0006119,microglia,CA1,3473,-0.460282661991368,FALSE,FALSE,oxidative phosphorylation,-2.11097705826318,5.75222270996947e-5,manuscript-fixed programme/location/constituent-term exemplar
3,GO:0006119,microglia,CA1,3474,-0.460481311176906,FALSE,FALSE,oxidative phosphorylation,-2.11097705826318,5.75222270996947e-5,manuscript-fixed programme/location/constituent-term exemplar
3,GO:0006119,microglia,CA1,3475,-0.460679960362444,FALSE,FALSE,oxidative phosphorylation,-2.11097705826318,5.75222270996947e-5,manuscript-fixed programme/location/constituent-term exemplar
3,GO:0006119,microglia,CA1,3476,-0.460878609547983,FALSE,FALSE,oxidative phosphorylation,-2.11097705826318,5.75222270996947e-5,manuscript-fixed programme/location/constituent-term exemplar
3,GO:0006119,microglia,CA1,3477,-0.461077258733521,FALSE,FALSE,oxidative phosphorylation,-2.11097705826318,5.75222270996947e-5,manuscript-fixed programme/location/constituent-term exemplar
3,GO:0006119,microglia,CA1,3478,-0.461275907919059,FALSE,FALSE,oxidative phosphorylation,-2.11097705826318,5.75222270996947e-5,manuscript-fixed programme/location/constituent-term exemplar
3,GO:0006119,microglia,CA1,3479,-0.461474557104598,FALSE,FALSE,oxidative phosphorylation,-2.11097705826318,5.75222270996947e-5,manuscript-fixed programme/location/constituent-term exemplar
3,GO:0006119,microglia,CA1,3480,-0.461673206290136,FALSE,FALSE,oxidative phosphorylation,-2.11097705826318,5.75222270996947e-5,manuscript-fixed programme/location/constituent-term exemplar
3,GO:0006119,microglia,CA1,3481,-0.461871855475674,FALSE,FALSE,oxidative phosphorylation,-2.11097705826318,5.75222270996947e-5,manuscript-fixed programme/location/constituent-term exemplar
3,GO:0006119,microglia,CA1,3482,-0.462070504661213,FALSE,FALSE,oxidative phosphorylation,-2.11097705826318,5.75222270996947e-5,manuscript-fixed programme/location/constituent-term exemplar
3,GO:0006119,microglia,CA1,3483,-0.462269153846751,FALSE,FALSE,oxidative phosphorylation,-2.11097705826318,5.75222270996947e-5,manuscript-fixed programme/location/constituent-term exemplar
3,GO:0006119,microglia,CA1,3484,-0.462467803032289,FALSE,FALSE,oxidative phosphorylation,-2.11097705826318,5.75222270996947e-5,manuscript-fixed programme/location/constituent-term exemplar
3,GO:0006119,microglia,CA1,3485,-0.462666452217828,FALSE,FALSE,oxidative phosphorylation,-2.11097705826318,5.75222270996947e-5,manuscript-fixed programme/location/constituent-term exemplar
3,GO:0006119,microglia,CA1,3486,-0.462865101403366,FALSE,FALSE,oxidative phosphorylation,-2.11097705826318,5.75222270996947e-5,manuscript-fixed programme/location/constituent-term exemplar
3,GO:0006119,microglia,CA1,3487,-0.463063750588904,FALSE,FALSE,oxidative phosphorylation,-2.11097705826318,5.75222270996947e-5,manuscript-fixed programme/location/constituent-term exemplar
3,GO:0006119,microglia,CA1,3488,-0.463262399774443,FALSE,FALSE,oxidative phosphorylation,-2.11097705826318,5.75222270996947e-5,manuscript-fixed programme/location/constituent-term exemplar
3,GO:0006119,microglia,CA1,3489,-0.463461048959981,FALSE,FALSE,oxidative phosphorylation,-2.11097705826318,5.75222270996947e-5,manuscript-fixed programme/location/constituent-term exemplar
3,GO:0006119,microglia,CA1,3490,-0.463659698145519,FALSE,FALSE,oxidative phosphorylation,-2.11097705826318,5.75222270996947e-5,manuscript-fixed programme/location/constituent-term exemplar
3,GO:0006119,microglia,CA1,3491,-0.463858347331058,FALSE,FALSE,oxidative phosphorylation,-2.11097705826318,5.75222270996947e-5,manuscript-fixed programme/location/constituent-term exemplar
3,GO:0006119,microglia,CA1,3492,-0.464056996516596,FALSE,FALSE,oxidative phosphorylation,-2.11097705826318,5.75222270996947e-5,manuscript-fixed programme/location/constituent-term exemplar
3,GO:0006119,microglia,CA1,3493,-0.464255645702134,FALSE,FALSE,oxidative phosphorylation,-2.11097705826318,5.75222270996947e-5,manuscript-fixed programme/location/constituent-term exemplar
3,GO:0006119,microglia,CA1,3494,-0.464454294887673,FALSE,FALSE,oxidative phosphorylation,-2.11097705826318,5.75222270996947e-5,manuscript-fixed programme/location/constituent-term exemplar
3,GO:0006119,microglia,CA1,3495,-0.464652944073211,FALSE,FALSE,oxidative phosphorylation,-2.11097705826318,5.75222270996947e-5,manuscript-fixed programme/location/constituent-term exemplar
3,GO:0006119,microglia,CA1,3496,-0.464851593258749,FALSE,FALSE,oxidative phosphorylation,-2.11097705826318,5.75222270996947e-5,manuscript-fixed programme/location/constituent-term exemplar
3,GO:0006119,microglia,CA1,3497,-0.465050242444288,FALSE,FALSE,oxidative phosphorylation,-2.11097705826318,5.75222270996947e-5,manuscript-fixed programme/location/constituent-term exemplar
3,GO:0006119,microglia,CA1,3498,-0.465248891629826,FALSE,FALSE,oxidative phosphorylation,-2.11097705826318,5.75222270996947e-5,manuscript-fixed programme/location/constituent-term exemplar
3,GO:0006119,microglia,CA1,3499,-0.465447540815364,FALSE,FALSE,oxidative phosphorylation,-2.11097705826318,5.75222270996947e-5,manuscript-fixed programme/location/constituent-term exemplar
3,GO:0006119,microglia,CA1,3500,-0.465646190000903,FALSE,FALSE,oxidative phosphorylation,-2.11097705826318,5.75222270996947e-5,manuscript-fixed programme/location/constituent-term exemplar
3,GO:0006119,microglia,CA1,3501,-0.465844839186441,FALSE,FALSE,oxidative phosphorylation,-2.11097705826318,5.75222270996947e-5,manuscript-fixed programme/location/constituent-term exemplar
3,GO:0006119,microglia,CA1,3502,-0.466043488371979,FALSE,FALSE,oxidative phosphorylation,-2.11097705826318,5.75222270996947e-5,manuscript-fixed programme/location/constituent-term exemplar
3,GO:0006119,microglia,CA1,3503,-0.466242137557518,FALSE,FALSE,oxidative phosphorylation,-2.11097705826318,5.75222270996947e-5,manuscript-fixed programme/location/constituent-term exemplar
3,GO:0006119,microglia,CA1,3504,-0.466440786743056,FALSE,FALSE,oxidative phosphorylation,-2.11097705826318,5.75222270996947e-5,manuscript-fixed programme/location/constituent-term exemplar
3,GO:0006119,microglia,CA1,3505,-0.466639435928594,FALSE,FALSE,oxidative phosphorylation,-2.11097705826318,5.75222270996947e-5,manuscript-fixed programme/location/constituent-term exemplar
3,GO:0006119,microglia,CA1,3506,-0.466838085114133,FALSE,FALSE,oxidative phosphorylation,-2.11097705826318,5.75222270996947e-5,manuscript-fixed programme/location/constituent-term exemplar
3,GO:0006119,microglia,CA1,3507,-0.467036734299671,FALSE,FALSE,oxidative phosphorylation,-2.11097705826318,5.75222270996947e-5,manuscript-fixed programme/location/constituent-term exemplar
3,GO:0006119,microglia,CA1,3508,-0.467235383485209,FALSE,FALSE,oxidative phosphorylation,-2.11097705826318,5.75222270996947e-5,manuscript-fixed programme/location/constituent-term exemplar
3,GO:0006119,microglia,CA1,3509,-0.467434032670748,FALSE,FALSE,oxidative phosphorylation,-2.11097705826318,5.75222270996947e-5,manuscript-fixed programme/location/constituent-term exemplar
3,GO:0006119,microglia,CA1,3510,-0.467632681856286,FALSE,FALSE,oxidative phosphorylation,-2.11097705826318,5.75222270996947e-5,manuscript-fixed programme/location/constituent-term exemplar
3,GO:0006119,microglia,CA1,3511,-0.467831331041825,FALSE,FALSE,oxidative phosphorylation,-2.11097705826318,5.75222270996947e-5,manuscript-fixed programme/location/constituent-term exemplar
3,GO:0006119,microglia,CA1,3512,-0.468029980227363,FALSE,FALSE,oxidative phosphorylation,-2.11097705826318,5.75222270996947e-5,manuscript-fixed programme/location/constituent-term exemplar
3,GO:0006119,microglia,CA1,3513,-0.468228629412901,FALSE,FALSE,oxidative phosphorylation,-2.11097705826318,5.75222270996947e-5,manuscript-fixed programme/location/constituent-term exemplar
3,GO:0006119,microglia,CA1,3514,-0.468427278598439,FALSE,FALSE,oxidative phosphorylation,-2.11097705826318,5.75222270996947e-5,manuscript-fixed programme/location/constituent-term exemplar
3,GO:0006119,microglia,CA1,3515,-0.468625927783978,FALSE,FALSE,oxidative phosphorylation,-2.11097705826318,5.75222270996947e-5,manuscript-fixed programme/location/constituent-term exemplar
3,GO:0006119,microglia,CA1,3516,-0.468824576969516,FALSE,FALSE,oxidative phosphorylation,-2.11097705826318,5.75222270996947e-5,manuscript-fixed programme/location/constituent-term exemplar
3,GO:0006119,microglia,CA1,3517,-0.469023226155055,FALSE,FALSE,oxidative phosphorylation,-2.11097705826318,5.75222270996947e-5,manuscript-fixed programme/location/constituent-term exemplar
3,GO:0006119,microglia,CA1,3518,-0.469221875340593,FALSE,FALSE,oxidative phosphorylation,-2.11097705826318,5.75222270996947e-5,manuscript-fixed programme/location/constituent-term exemplar
3,GO:0006119,microglia,CA1,3519,-0.469420524526131,FALSE,FALSE,oxidative phosphorylation,-2.11097705826318,5.75222270996947e-5,manuscript-fixed programme/location/constituent-term exemplar
3,GO:0006119,microglia,CA1,3520,-0.46961917371167,FALSE,FALSE,oxidative phosphorylation,-2.11097705826318,5.75222270996947e-5,manuscript-fixed programme/location/constituent-term exemplar
3,GO:0006119,microglia,CA1,3521,-0.469817822897208,FALSE,FALSE,oxidative phosphorylation,-2.11097705826318,5.75222270996947e-5,manuscript-fixed programme/location/constituent-term exemplar
3,GO:0006119,microglia,CA1,3522,-0.470016472082746,FALSE,FALSE,oxidative phosphorylation,-2.11097705826318,5.75222270996947e-5,manuscript-fixed programme/location/constituent-term exemplar
3,GO:0006119,microglia,CA1,3523,-0.470215121268285,FALSE,FALSE,oxidative phosphorylation,-2.11097705826318,5.75222270996947e-5,manuscript-fixed programme/location/constituent-term exemplar
3,GO:0006119,microglia,CA1,3524,-0.470413770453823,FALSE,FALSE,oxidative phosphorylation,-2.11097705826318,5.75222270996947e-5,manuscript-fixed programme/location/constituent-term exemplar
3,GO:0006119,microglia,CA1,3525,-0.470612419639361,FALSE,FALSE,oxidative phosphorylation,-2.11097705826318,5.75222270996947e-5,manuscript-fixed programme/location/constituent-term exemplar
3,GO:0006119,microglia,CA1,3526,-0.4708110688249,FALSE,FALSE,oxidative phosphorylation,-2.11097705826318,5.75222270996947e-5,manuscript-fixed programme/location/constituent-term exemplar
3,GO:0006119,microglia,CA1,3527,-0.471009718010438,FALSE,FALSE,oxidative phosphorylation,-2.11097705826318,5.75222270996947e-5,manuscript-fixed programme/location/constituent-term exemplar
3,GO:0006119,microglia,CA1,3528,-0.471208367195976,FALSE,FALSE,oxidative phosphorylation,-2.11097705826318,5.75222270996947e-5,manuscript-fixed programme/location/constituent-term exemplar
3,GO:0006119,microglia,CA1,3529,-0.471407016381515,FALSE,FALSE,oxidative phosphorylation,-2.11097705826318,5.75222270996947e-5,manuscript-fixed programme/location/constituent-term exemplar
3,GO:0006119,microglia,CA1,3530,-0.471605665567053,FALSE,FALSE,oxidative phosphorylation,-2.11097705826318,5.75222270996947e-5,manuscript-fixed programme/location/constituent-term exemplar
3,GO:0006119,microglia,CA1,3531,-0.471804314752591,FALSE,FALSE,oxidative phosphorylation,-2.11097705826318,5.75222270996947e-5,manuscript-fixed programme/location/constituent-term exemplar
3,GO:0006119,microglia,CA1,3532,-0.47200296393813,FALSE,FALSE,oxidative phosphorylation,-2.11097705826318,5.75222270996947e-5,manuscript-fixed programme/location/constituent-term exemplar
3,GO:0006119,microglia,CA1,3533,-0.472201613123668,FALSE,FALSE,oxidative phosphorylation,-2.11097705826318,5.75222270996947e-5,manuscript-fixed programme/location/constituent-term exemplar
3,GO:0006119,microglia,CA1,3534,-0.472400262309206,FALSE,FALSE,oxidative phosphorylation,-2.11097705826318,5.75222270996947e-5,manuscript-fixed programme/location/constituent-term exemplar
3,GO:0006119,microglia,CA1,3535,-0.472598911494745,FALSE,FALSE,oxidative phosphorylation,-2.11097705826318,5.75222270996947e-5,manuscript-fixed programme/location/constituent-term exemplar
3,GO:0006119,microglia,CA1,3536,-0.472797560680283,FALSE,FALSE,oxidative phosphorylation,-2.11097705826318,5.75222270996947e-5,manuscript-fixed programme/location/constituent-term exemplar
3,GO:0006119,microglia,CA1,3537,-0.465220661420944,TRUE,FALSE,oxidative phosphorylation,-2.11097705826318,5.75222270996947e-5,manuscript-fixed programme/location/constituent-term exemplar
3,GO:0006119,microglia,CA1,3538,-0.465419310606483,FALSE,FALSE,oxidative phosphorylation,-2.11097705826318,5.75222270996947e-5,manuscript-fixed programme/location/constituent-term exemplar
3,GO:0006119,microglia,CA1,3539,-0.465617959792021,FALSE,FALSE,oxidative phosphorylation,-2.11097705826318,5.75222270996947e-5,manuscript-fixed programme/location/constituent-term exemplar
3,GO:0006119,microglia,CA1,3540,-0.46581660897756,FALSE,FALSE,oxidative phosphorylation,-2.11097705826318,5.75222270996947e-5,manuscript-fixed programme/location/constituent-term exemplar
3,GO:0006119,microglia,CA1,3541,-0.466015258163098,FALSE,FALSE,oxidative phosphorylation,-2.11097705826318,5.75222270996947e-5,manuscript-fixed programme/location/constituent-term exemplar
3,GO:0006119,microglia,CA1,3542,-0.466213907348636,FALSE,FALSE,oxidative phosphorylation,-2.11097705826318,5.75222270996947e-5,manuscript-fixed programme/location/constituent-term exemplar
3,GO:0006119,microglia,CA1,3543,-0.466412556534175,FALSE,FALSE,oxidative phosphorylation,-2.11097705826318,5.75222270996947e-5,manuscript-fixed programme/location/constituent-term exemplar
3,GO:0006119,microglia,CA1,3544,-0.466611205719713,FALSE,FALSE,oxidative phosphorylation,-2.11097705826318,5.75222270996947e-5,manuscript-fixed programme/location/constituent-term exemplar
3,GO:0006119,microglia,CA1,3545,-0.466809854905251,FALSE,FALSE,oxidative phosphorylation,-2.11097705826318,5.75222270996947e-5,manuscript-fixed programme/location/constituent-term exemplar
3,GO:0006119,microglia,CA1,3546,-0.46700850409079,FALSE,FALSE,oxidative phosphorylation,-2.11097705826318,5.75222270996947e-5,manuscript-fixed programme/location/constituent-term exemplar
3,GO:0006119,microglia,CA1,3547,-0.467207153276328,FALSE,FALSE,oxidative phosphorylation,-2.11097705826318,5.75222270996947e-5,manuscript-fixed programme/location/constituent-term exemplar
3,GO:0006119,microglia,CA1,3548,-0.467405802461866,FALSE,FALSE,oxidative phosphorylation,-2.11097705826318,5.75222270996947e-5,manuscript-fixed programme/location/constituent-term exemplar
3,GO:0006119,microglia,CA1,3549,-0.467604451647405,FALSE,FALSE,oxidative phosphorylation,-2.11097705826318,5.75222270996947e-5,manuscript-fixed programme/location/constituent-term exemplar
3,GO:0006119,microglia,CA1,3550,-0.467803100832943,FALSE,FALSE,oxidative phosphorylation,-2.11097705826318,5.75222270996947e-5,manuscript-fixed programme/location/constituent-term exemplar
3,GO:0006119,microglia,CA1,3551,-0.468001750018481,FALSE,FALSE,oxidative phosphorylation,-2.11097705826318,5.75222270996947e-5,manuscript-fixed programme/location/constituent-term exemplar
3,GO:0006119,microglia,CA1,3552,-0.46820039920402,FALSE,FALSE,oxidative phosphorylation,-2.11097705826318,5.75222270996947e-5,manuscript-fixed programme/location/constituent-term exemplar
3,GO:0006119,microglia,CA1,3553,-0.468399048389558,FALSE,FALSE,oxidative phosphorylation,-2.11097705826318,5.75222270996947e-5,manuscript-fixed programme/location/constituent-term exemplar
3,GO:0006119,microglia,CA1,3554,-0.468597697575096,FALSE,FALSE,oxidative phosphorylation,-2.11097705826318,5.75222270996947e-5,manuscript-fixed programme/location/constituent-term exemplar
3,GO:0006119,microglia,CA1,3555,-0.468796346760635,FALSE,FALSE,oxidative phosphorylation,-2.11097705826318,5.75222270996947e-5,manuscript-fixed programme/location/constituent-term exemplar
3,GO:0006119,microglia,CA1,3556,-0.468994995946173,FALSE,FALSE,oxidative phosphorylation,-2.11097705826318,5.75222270996947e-5,manuscript-fixed programme/location/constituent-term exemplar
3,GO:0006119,microglia,CA1,3557,-0.469193645131711,FALSE,FALSE,oxidative phosphorylation,-2.11097705826318,5.75222270996947e-5,manuscript-fixed programme/location/constituent-term exemplar
3,GO:0006119,microglia,CA1,3558,-0.46939229431725,FALSE,FALSE,oxidative phosphorylation,-2.11097705826318,5.75222270996947e-5,manuscript-fixed programme/location/constituent-term exemplar
3,GO:0006119,microglia,CA1,3559,-0.469590943502788,FALSE,FALSE,oxidative phosphorylation,-2.11097705826318,5.75222270996947e-5,manuscript-fixed programme/location/constituent-term exemplar
3,GO:0006119,microglia,CA1,3560,-0.469789592688326,FALSE,FALSE,oxidative phosphorylation,-2.11097705826318,5.75222270996947e-5,manuscript-fixed programme/location/constituent-term exemplar
3,GO:0006119,microglia,CA1,3561,-0.469988241873865,FALSE,FALSE,oxidative phosphorylation,-2.11097705826318,5.75222270996947e-5,manuscript-fixed programme/location/constituent-term exemplar
3,GO:0006119,microglia,CA1,3562,-0.470186891059403,FALSE,FALSE,oxidative phosphorylation,-2.11097705826318,5.75222270996947e-5,manuscript-fixed programme/location/constituent-term exemplar
3,GO:0006119,microglia,CA1,3563,-0.470385540244941,FALSE,FALSE,oxidative phosphorylation,-2.11097705826318,5.75222270996947e-5,manuscript-fixed programme/location/constituent-term exemplar
3,GO:0006119,microglia,CA1,3564,-0.47058418943048,FALSE,FALSE,oxidative phosphorylation,-2.11097705826318,5.75222270996947e-5,manuscript-fixed programme/location/constituent-term exemplar
3,GO:0006119,microglia,CA1,3565,-0.470782838616018,FALSE,FALSE,oxidative phosphorylation,-2.11097705826318,5.75222270996947e-5,manuscript-fixed programme/location/constituent-term exemplar
3,GO:0006119,microglia,CA1,3566,-0.463047780552591,TRUE,FALSE,oxidative phosphorylation,-2.11097705826318,5.75222270996947e-5,manuscript-fixed programme/location/constituent-term exemplar
3,GO:0006119,microglia,CA1,3567,-0.46324642973813,FALSE,FALSE,oxidative phosphorylation,-2.11097705826318,5.75222270996947e-5,manuscript-fixed programme/location/constituent-term exemplar
3,GO:0006119,microglia,CA1,3568,-0.463445078923668,FALSE,FALSE,oxidative phosphorylation,-2.11097705826318,5.75222270996947e-5,manuscript-fixed programme/location/constituent-term exemplar
3,GO:0006119,microglia,CA1,3569,-0.463643728109206,FALSE,FALSE,oxidative phosphorylation,-2.11097705826318,5.75222270996947e-5,manuscript-fixed programme/location/constituent-term exemplar
3,GO:0006119,microglia,CA1,3570,-0.463842377294745,FALSE,FALSE,oxidative phosphorylation,-2.11097705826318,5.75222270996947e-5,manuscript-fixed programme/location/constituent-term exemplar
3,GO:0006119,microglia,CA1,3571,-0.464041026480283,FALSE,FALSE,oxidative phosphorylation,-2.11097705826318,5.75222270996947e-5,manuscript-fixed programme/location/constituent-term exemplar
3,GO:0006119,microglia,CA1,3572,-0.46423967566582103,FALSE,FALSE,oxidative phosphorylation,-2.11097705826318,5.75222270996947e-5,manuscript-fixed programme/location/constituent-term exemplar
3,GO:0006119,microglia,CA1,3573,-0.46443832485136,FALSE,FALSE,oxidative phosphorylation,-2.11097705826318,5.75222270996947e-5,manuscript-fixed programme/location/constituent-term exemplar
3,GO:0006119,microglia,CA1,3574,-0.464636974036898,FALSE,FALSE,oxidative phosphorylation,-2.11097705826318,5.75222270996947e-5,manuscript-fixed programme/location/constituent-term exemplar
3,GO:0006119,microglia,CA1,3575,-0.464835623222436,FALSE,FALSE,oxidative phosphorylation,-2.11097705826318,5.75222270996947e-5,manuscript-fixed programme/location/constituent-term exemplar
3,GO:0006119,microglia,CA1,3576,-0.465034272407975,FALSE,FALSE,oxidative phosphorylation,-2.11097705826318,5.75222270996947e-5,manuscript-fixed programme/location/constituent-term exemplar
3,GO:0006119,microglia,CA1,3577,-0.465232921593513,FALSE,FALSE,oxidative phosphorylation,-2.11097705826318,5.75222270996947e-5,manuscript-fixed programme/location/constituent-term exemplar
3,GO:0006119,microglia,CA1,3578,-0.465431570779052,FALSE,FALSE,oxidative phosphorylation,-2.11097705826318,5.75222270996947e-5,manuscript-fixed programme/location/constituent-term exemplar
3,GO:0006119,microglia,CA1,3579,-0.457622412660115,TRUE,FALSE,oxidative phosphorylation,-2.11097705826318,5.75222270996947e-5,manuscript-fixed programme/location/constituent-term exemplar
3,GO:0006119,microglia,CA1,3580,-0.457821061845654,FALSE,FALSE,oxidative phosphorylation,-2.11097705826318,5.75222270996947e-5,manuscript-fixed programme/location/constituent-term exemplar
3,GO:0006119,microglia,CA1,3581,-0.458019711031192,FALSE,FALSE,oxidative phosphorylation,-2.11097705826318,5.75222270996947e-5,manuscript-fixed programme/location/constituent-term exemplar
3,GO:0006119,microglia,CA1,3582,-0.45821836021673,FALSE,FALSE,oxidative phosphorylation,-2.11097705826318,5.75222270996947e-5,manuscript-fixed programme/location/constituent-term exemplar
3,GO:0006119,microglia,CA1,3583,-0.458417009402269,FALSE,FALSE,oxidative phosphorylation,-2.11097705826318,5.75222270996947e-5,manuscript-fixed programme/location/constituent-term exemplar
3,GO:0006119,microglia,CA1,3584,-0.458615658587807,FALSE,FALSE,oxidative phosphorylation,-2.11097705826318,5.75222270996947e-5,manuscript-fixed programme/location/constituent-term exemplar
3,GO:0006119,microglia,CA1,3585,-0.458814307773345,FALSE,FALSE,oxidative phosphorylation,-2.11097705826318,5.75222270996947e-5,manuscript-fixed programme/location/constituent-term exemplar
3,GO:0006119,microglia,CA1,3586,-0.459012956958884,FALSE,FALSE,oxidative phosphorylation,-2.11097705826318,5.75222270996947e-5,manuscript-fixed programme/location/constituent-term exemplar
3,GO:0006119,microglia,CA1,3587,-0.459211606144422,FALSE,FALSE,oxidative phosphorylation,-2.11097705826318,5.75222270996947e-5,manuscript-fixed programme/location/constituent-term exemplar
3,GO:0006119,microglia,CA1,3588,-0.45941025532996,FALSE,FALSE,oxidative phosphorylation,-2.11097705826318,5.75222270996947e-5,manuscript-fixed programme/location/constituent-term exemplar
3,GO:0006119,microglia,CA1,3589,-0.459608904515499,FALSE,FALSE,oxidative phosphorylation,-2.11097705826318,5.75222270996947e-5,manuscript-fixed programme/location/constituent-term exemplar
3,GO:0006119,microglia,CA1,3590,-0.459807553701037,FALSE,FALSE,oxidative phosphorylation,-2.11097705826318,5.75222270996947e-5,manuscript-fixed programme/location/constituent-term exemplar
3,GO:0006119,microglia,CA1,3591,-0.460006202886575,FALSE,FALSE,oxidative phosphorylation,-2.11097705826318,5.75222270996947e-5,manuscript-fixed programme/location/constituent-term exemplar
3,GO:0006119,microglia,CA1,3592,-0.460204852072114,FALSE,FALSE,oxidative phosphorylation,-2.11097705826318,5.75222270996947e-5,manuscript-fixed programme/location/constituent-term exemplar
3,GO:0006119,microglia,CA1,3593,-0.460403501257652,FALSE,FALSE,oxidative phosphorylation,-2.11097705826318,5.75222270996947e-5,manuscript-fixed programme/location/constituent-term exemplar
3,GO:0006119,microglia,CA1,3594,-0.46060215044319,FALSE,FALSE,oxidative phosphorylation,-2.11097705826318,5.75222270996947e-5,manuscript-fixed programme/location/constituent-term exemplar
3,GO:0006119,microglia,CA1,3595,-0.460800799628729,FALSE,FALSE,oxidative phosphorylation,-2.11097705826318,5.75222270996947e-5,manuscript-fixed programme/location/constituent-term exemplar
3,GO:0006119,microglia,CA1,3596,-0.460999448814267,FALSE,FALSE,oxidative phosphorylation,-2.11097705826318,5.75222270996947e-5,manuscript-fixed programme/location/constituent-term exemplar
3,GO:0006119,microglia,CA1,3597,-0.461198097999805,FALSE,FALSE,oxidative phosphorylation,-2.11097705826318,5.75222270996947e-5,manuscript-fixed programme/location/constituent-term exemplar
3,GO:0006119,microglia,CA1,3598,-0.461396747185344,FALSE,FALSE,oxidative phosphorylation,-2.11097705826318,5.75222270996947e-5,manuscript-fixed programme/location/constituent-term exemplar
3,GO:0006119,microglia,CA1,3599,-0.461595396370882,FALSE,FALSE,oxidative phosphorylation,-2.11097705826318,5.75222270996947e-5,manuscript-fixed programme/location/constituent-term exemplar
3,GO:0006119,microglia,CA1,3600,-0.46179404555642,FALSE,FALSE,oxidative phosphorylation,-2.11097705826318,5.75222270996947e-5,manuscript-fixed programme/location/constituent-term exemplar
3,GO:0006119,microglia,CA1,3601,-0.461992694741959,FALSE,FALSE,oxidative phosphorylation,-2.11097705826318,5.75222270996947e-5,manuscript-fixed programme/location/constituent-term exemplar
3,GO:0006119,microglia,CA1,3602,-0.462191343927497,FALSE,FALSE,oxidative phosphorylation,-2.11097705826318,5.75222270996947e-5,manuscript-fixed programme/location/constituent-term exemplar
3,GO:0006119,microglia,CA1,3603,-0.462389993113035,FALSE,FALSE,oxidative phosphorylation,-2.11097705826318,5.75222270996947e-5,manuscript-fixed programme/location/constituent-term exemplar
3,GO:0006119,microglia,CA1,3604,-0.462588642298574,FALSE,FALSE,oxidative phosphorylation,-2.11097705826318,5.75222270996947e-5,manuscript-fixed programme/location/constituent-term exemplar
3,GO:0006119,microglia,CA1,3605,-0.462787291484112,FALSE,FALSE,oxidative phosphorylation,-2.11097705826318,5.75222270996947e-5,manuscript-fixed programme/location/constituent-term exemplar
3,GO:0006119,microglia,CA1,3606,-0.46298594066965,FALSE,FALSE,oxidative phosphorylation,-2.11097705826318,5.75222270996947e-5,manuscript-fixed programme/location/constituent-term exemplar
3,GO:0006119,microglia,CA1,3607,-0.463184589855189,FALSE,FALSE,oxidative phosphorylation,-2.11097705826318,5.75222270996947e-5,manuscript-fixed programme/location/constituent-term exemplar
3,GO:0006119,microglia,CA1,3608,-0.463383239040727,FALSE,FALSE,oxidative phosphorylation,-2.11097705826318,5.75222270996947e-5,manuscript-fixed programme/location/constituent-term exemplar
3,GO:0006119,microglia,CA1,3609,-0.463581888226265,FALSE,FALSE,oxidative phosphorylation,-2.11097705826318,5.75222270996947e-5,manuscript-fixed programme/location/constituent-term exemplar
3,GO:0006119,microglia,CA1,3610,-0.463780537411804,FALSE,FALSE,oxidative phosphorylation,-2.11097705826318,5.75222270996947e-5,manuscript-fixed programme/location/constituent-term exemplar
3,GO:0006119,microglia,CA1,3611,-0.463979186597342,FALSE,FALSE,oxidative phosphorylation,-2.11097705826318,5.75222270996947e-5,manuscript-fixed programme/location/constituent-term exemplar
3,GO:0006119,microglia,CA1,3612,-0.46417783578288,FALSE,FALSE,oxidative phosphorylation,-2.11097705826318,5.75222270996947e-5,manuscript-fixed programme/location/constituent-term exemplar
3,GO:0006119,microglia,CA1,3613,-0.464376484968419,FALSE,FALSE,oxidative phosphorylation,-2.11097705826318,5.75222270996947e-5,manuscript-fixed programme/location/constituent-term exemplar
3,GO:0006119,microglia,CA1,3614,-0.464575134153957,FALSE,FALSE,oxidative phosphorylation,-2.11097705826318,5.75222270996947e-5,manuscript-fixed programme/location/constituent-term exemplar
3,GO:0006119,microglia,CA1,3615,-0.464773783339495,FALSE,FALSE,oxidative phosphorylation,-2.11097705826318,5.75222270996947e-5,manuscript-fixed programme/location/constituent-term exemplar
3,GO:0006119,microglia,CA1,3616,-0.464972432525034,FALSE,FALSE,oxidative phosphorylation,-2.11097705826318,5.75222270996947e-5,manuscript-fixed programme/location/constituent-term exemplar
3,GO:0006119,microglia,CA1,3617,-0.465171081710572,FALSE,FALSE,oxidative phosphorylation,-2.11097705826318,5.75222270996947e-5,manuscript-fixed programme/location/constituent-term exemplar
3,GO:0006119,microglia,CA1,3618,-0.46536973089611,FALSE,FALSE,oxidative phosphorylation,-2.11097705826318,5.75222270996947e-5,manuscript-fixed programme/location/constituent-term exemplar
3,GO:0006119,microglia,CA1,3619,-0.465568380081649,FALSE,FALSE,oxidative phosphorylation,-2.11097705826318,5.75222270996947e-5,manuscript-fixed programme/location/constituent-term exemplar
3,GO:0006119,microglia,CA1,3620,-0.465767029267187,FALSE,FALSE,oxidative phosphorylation,-2.11097705826318,5.75222270996947e-5,manuscript-fixed programme/location/constituent-term exemplar
3,GO:0006119,microglia,CA1,3621,-0.465965678452726,FALSE,FALSE,oxidative phosphorylation,-2.11097705826318,5.75222270996947e-5,manuscript-fixed programme/location/constituent-term exemplar
3,GO:0006119,microglia,CA1,3622,-0.466164327638264,FALSE,FALSE,oxidative phosphorylation,-2.11097705826318,5.75222270996947e-5,manuscript-fixed programme/location/constituent-term exemplar
3,GO:0006119,microglia,CA1,3623,-0.466362976823802,FALSE,FALSE,oxidative phosphorylation,-2.11097705826318,5.75222270996947e-5,manuscript-fixed programme/location/constituent-term exemplar
3,GO:0006119,microglia,CA1,3624,-0.46656162600934,FALSE,FALSE,oxidative phosphorylation,-2.11097705826318,5.75222270996947e-5,manuscript-fixed programme/location/constituent-term exemplar
3,GO:0006119,microglia,CA1,3625,-0.466760275194879,FALSE,FALSE,oxidative phosphorylation,-2.11097705826318,5.75222270996947e-5,manuscript-fixed programme/location/constituent-term exemplar
3,GO:0006119,microglia,CA1,3626,-0.466958924380417,FALSE,FALSE,oxidative phosphorylation,-2.11097705826318,5.75222270996947e-5,manuscript-fixed programme/location/constituent-term exemplar
3,GO:0006119,microglia,CA1,3627,-0.467157573565956,FALSE,FALSE,oxidative phosphorylation,-2.11097705826318,5.75222270996947e-5,manuscript-fixed programme/location/constituent-term exemplar
3,GO:0006119,microglia,CA1,3628,-0.467356222751494,FALSE,FALSE,oxidative phosphorylation,-2.11097705826318,5.75222270996947e-5,manuscript-fixed programme/location/constituent-term exemplar
3,GO:0006119,microglia,CA1,3629,-0.467554871937032,FALSE,FALSE,oxidative phosphorylation,-2.11097705826318,5.75222270996947e-5,manuscript-fixed programme/location/constituent-term exemplar
3,GO:0006119,microglia,CA1,3630,-0.467753521122571,FALSE,FALSE,oxidative phosphorylation,-2.11097705826318,5.75222270996947e-5,manuscript-fixed programme/location/constituent-term exemplar
3,GO:0006119,microglia,CA1,3631,-0.467952170308109,FALSE,FALSE,oxidative phosphorylation,-2.11097705826318,5.75222270996947e-5,manuscript-fixed programme/location/constituent-term exemplar
3,GO:0006119,microglia,CA1,3632,-0.468150819493647,FALSE,FALSE,oxidative phosphorylation,-2.11097705826318,5.75222270996947e-5,manuscript-fixed programme/location/constituent-term exemplar
3,GO:0006119,microglia,CA1,3633,-0.468349468679186,FALSE,FALSE,oxidative phosphorylation,-2.11097705826318,5.75222270996947e-5,manuscript-fixed programme/location/constituent-term exemplar
3,GO:0006119,microglia,CA1,3634,-0.468548117864724,FALSE,FALSE,oxidative phosphorylation,-2.11097705826318,5.75222270996947e-5,manuscript-fixed programme/location/constituent-term exemplar
3,GO:0006119,microglia,CA1,3635,-0.468746767050262,FALSE,FALSE,oxidative phosphorylation,-2.11097705826318,5.75222270996947e-5,manuscript-fixed programme/location/constituent-term exemplar
3,GO:0006119,microglia,CA1,3636,-0.468945416235801,FALSE,FALSE,oxidative phosphorylation,-2.11097705826318,5.75222270996947e-5,manuscript-fixed programme/location/constituent-term exemplar
3,GO:0006119,microglia,CA1,3637,-0.469144065421339,FALSE,FALSE,oxidative phosphorylation,-2.11097705826318,5.75222270996947e-5,manuscript-fixed programme/location/constituent-term exemplar
3,GO:0006119,microglia,CA1,3638,-0.469342714606877,FALSE,FALSE,oxidative phosphorylation,-2.11097705826318,5.75222270996947e-5,manuscript-fixed programme/location/constituent-term exemplar
3,GO:0006119,microglia,CA1,3639,-0.469541363792416,FALSE,FALSE,oxidative phosphorylation,-2.11097705826318,5.75222270996947e-5,manuscript-fixed programme/location/constituent-term exemplar
3,GO:0006119,microglia,CA1,3640,-0.469740012977954,FALSE,FALSE,oxidative phosphorylation,-2.11097705826318,5.75222270996947e-5,manuscript-fixed programme/location/constituent-term exemplar
3,GO:0006119,microglia,CA1,3641,-0.469938662163492,FALSE,FALSE,oxidative phosphorylation,-2.11097705826318,5.75222270996947e-5,manuscript-fixed programme/location/constituent-term exemplar
3,GO:0006119,microglia,CA1,3642,-0.470137311349031,FALSE,FALSE,oxidative phosphorylation,-2.11097705826318,5.75222270996947e-5,manuscript-fixed programme/location/constituent-term exemplar
3,GO:0006119,microglia,CA1,3643,-0.470335960534569,FALSE,FALSE,oxidative phosphorylation,-2.11097705826318,5.75222270996947e-5,manuscript-fixed programme/location/constituent-term exemplar
3,GO:0006119,microglia,CA1,3644,-0.470534609720107,FALSE,FALSE,oxidative phosphorylation,-2.11097705826318,5.75222270996947e-5,manuscript-fixed programme/location/constituent-term exemplar
3,GO:0006119,microglia,CA1,3645,-0.470733258905646,FALSE,FALSE,oxidative phosphorylation,-2.11097705826318,5.75222270996947e-5,manuscript-fixed programme/location/constituent-term exemplar
3,GO:0006119,microglia,CA1,3646,-0.470931908091184,FALSE,FALSE,oxidative phosphorylation,-2.11097705826318,5.75222270996947e-5,manuscript-fixed programme/location/constituent-term exemplar
3,GO:0006119,microglia,CA1,3647,-0.471130557276722,FALSE,FALSE,oxidative phosphorylation,-2.11097705826318,5.75222270996947e-5,manuscript-fixed programme/location/constituent-term exemplar
3,GO:0006119,microglia,CA1,3648,-0.471329206462261,FALSE,FALSE,oxidative phosphorylation,-2.11097705826318,5.75222270996947e-5,manuscript-fixed programme/location/constituent-term exemplar
3,GO:0006119,microglia,CA1,3649,-0.471527855647799,FALSE,FALSE,oxidative phosphorylation,-2.11097705826318,5.75222270996947e-5,manuscript-fixed programme/location/constituent-term exemplar
3,GO:0006119,microglia,CA1,3650,-0.471726504833337,FALSE,FALSE,oxidative phosphorylation,-2.11097705826318,5.75222270996947e-5,manuscript-fixed programme/location/constituent-term exemplar
3,GO:0006119,microglia,CA1,3651,-0.471925154018876,FALSE,FALSE,oxidative phosphorylation,-2.11097705826318,5.75222270996947e-5,manuscript-fixed programme/location/constituent-term exemplar
3,GO:0006119,microglia,CA1,3652,-0.472123803204414,FALSE,FALSE,oxidative phosphorylation,-2.11097705826318,5.75222270996947e-5,manuscript-fixed programme/location/constituent-term exemplar
3,GO:0006119,microglia,CA1,3653,-0.472322452389952,FALSE,FALSE,oxidative phosphorylation,-2.11097705826318,5.75222270996947e-5,manuscript-fixed programme/location/constituent-term exemplar
3,GO:0006119,microglia,CA1,3654,-0.472521101575491,FALSE,FALSE,oxidative phosphorylation,-2.11097705826318,5.75222270996947e-5,manuscript-fixed programme/location/constituent-term exemplar
3,GO:0006119,microglia,CA1,3655,-0.472719750761029,FALSE,FALSE,oxidative phosphorylation,-2.11097705826318,5.75222270996947e-5,manuscript-fixed programme/location/constituent-term exemplar
3,GO:0006119,microglia,CA1,3656,-0.472918399946567,FALSE,FALSE,oxidative phosphorylation,-2.11097705826318,5.75222270996947e-5,manuscript-fixed programme/location/constituent-term exemplar
3,GO:0006119,microglia,CA1,3657,-0.473117049132106,FALSE,FALSE,oxidative phosphorylation,-2.11097705826318,5.75222270996947e-5,manuscript-fixed programme/location/constituent-term exemplar
3,GO:0006119,microglia,CA1,3658,-0.473315698317644,FALSE,FALSE,oxidative phosphorylation,-2.11097705826318,5.75222270996947e-5,manuscript-fixed programme/location/constituent-term exemplar
3,GO:0006119,microglia,CA1,3659,-0.473514347503182,FALSE,FALSE,oxidative phosphorylation,-2.11097705826318,5.75222270996947e-5,manuscript-fixed programme/location/constituent-term exemplar
3,GO:0006119,microglia,CA1,3660,-0.473712996688721,FALSE,FALSE,oxidative phosphorylation,-2.11097705826318,5.75222270996947e-5,manuscript-fixed programme/location/constituent-term exemplar
3,GO:0006119,microglia,CA1,3661,-0.473911645874259,FALSE,FALSE,oxidative phosphorylation,-2.11097705826318,5.75222270996947e-5,manuscript-fixed programme/location/constituent-term exemplar
3,GO:0006119,microglia,CA1,3662,-0.474110295059797,FALSE,FALSE,oxidative phosphorylation,-2.11097705826318,5.75222270996947e-5,manuscript-fixed programme/location/constituent-term exemplar
3,GO:0006119,microglia,CA1,3663,-0.474308944245336,FALSE,FALSE,oxidative phosphorylation,-2.11097705826318,5.75222270996947e-5,manuscript-fixed programme/location/constituent-term exemplar
3,GO:0006119,microglia,CA1,3664,-0.474507593430874,FALSE,FALSE,oxidative phosphorylation,-2.11097705826318,5.75222270996947e-5,manuscript-fixed programme/location/constituent-term exemplar
3,GO:0006119,microglia,CA1,3665,-0.474706242616412,FALSE,FALSE,oxidative phosphorylation,-2.11097705826318,5.75222270996947e-5,manuscript-fixed programme/location/constituent-term exemplar
3,GO:0006119,microglia,CA1,3666,-0.474904891801951,FALSE,FALSE,oxidative phosphorylation,-2.11097705826318,5.75222270996947e-5,manuscript-fixed programme/location/constituent-term exemplar
3,GO:0006119,microglia,CA1,3667,-0.475103540987489,FALSE,FALSE,oxidative phosphorylation,-2.11097705826318,5.75222270996947e-5,manuscript-fixed programme/location/constituent-term exemplar
3,GO:0006119,microglia,CA1,3668,-0.475302190173027,FALSE,FALSE,oxidative phosphorylation,-2.11097705826318,5.75222270996947e-5,manuscript-fixed programme/location/constituent-term exemplar
3,GO:0006119,microglia,CA1,3669,-0.475500839358566,FALSE,FALSE,oxidative phosphorylation,-2.11097705826318,5.75222270996947e-5,manuscript-fixed programme/location/constituent-term exemplar
3,GO:0006119,microglia,CA1,3670,-0.475699488544104,FALSE,FALSE,oxidative phosphorylation,-2.11097705826318,5.75222270996947e-5,manuscript-fixed programme/location/constituent-term exemplar
3,GO:0006119,microglia,CA1,3671,-0.475898137729643,FALSE,FALSE,oxidative phosphorylation,-2.11097705826318,5.75222270996947e-5,manuscript-fixed programme/location/constituent-term exemplar
3,GO:0006119,microglia,CA1,3672,-0.476096786915181,FALSE,FALSE,oxidative phosphorylation,-2.11097705826318,5.75222270996947e-5,manuscript-fixed programme/location/constituent-term exemplar
3,GO:0006119,microglia,CA1,3673,-0.476295436100719,FALSE,FALSE,oxidative phosphorylation,-2.11097705826318,5.75222270996947e-5,manuscript-fixed programme/location/constituent-term exemplar
3,GO:0006119,microglia,CA1,3674,-0.476494085286257,FALSE,FALSE,oxidative phosphorylation,-2.11097705826318,5.75222270996947e-5,manuscript-fixed programme/location/constituent-term exemplar
3,GO:0006119,microglia,CA1,3675,-0.476692734471796,FALSE,FALSE,oxidative phosphorylation,-2.11097705826318,5.75222270996947e-5,manuscript-fixed programme/location/constituent-term exemplar
3,GO:0006119,microglia,CA1,3676,-0.476891383657334,FALSE,FALSE,oxidative phosphorylation,-2.11097705826318,5.75222270996947e-5,manuscript-fixed programme/location/constituent-term exemplar
3,GO:0006119,microglia,CA1,3677,-0.477090032842873,FALSE,FALSE,oxidative phosphorylation,-2.11097705826318,5.75222270996947e-5,manuscript-fixed programme/location/constituent-term exemplar
3,GO:0006119,microglia,CA1,3678,-0.477288682028411,FALSE,FALSE,oxidative phosphorylation,-2.11097705826318,5.75222270996947e-5,manuscript-fixed programme/location/constituent-term exemplar
3,GO:0006119,microglia,CA1,3679,-0.477487331213949,FALSE,FALSE,oxidative phosphorylation,-2.11097705826318,5.75222270996947e-5,manuscript-fixed programme/location/constituent-term exemplar
3,GO:0006119,microglia,CA1,3680,-0.477685980399488,FALSE,FALSE,oxidative phosphorylation,-2.11097705826318,5.75222270996947e-5,manuscript-fixed programme/location/constituent-term exemplar
3,GO:0006119,microglia,CA1,3681,-0.477884629585026,FALSE,FALSE,oxidative phosphorylation,-2.11097705826318,5.75222270996947e-5,manuscript-fixed programme/location/constituent-term exemplar
3,GO:0006119,microglia,CA1,3682,-0.478083278770564,FALSE,FALSE,oxidative phosphorylation,-2.11097705826318,5.75222270996947e-5,manuscript-fixed programme/location/constituent-term exemplar
3,GO:0006119,microglia,CA1,3683,-0.478281927956103,FALSE,FALSE,oxidative phosphorylation,-2.11097705826318,5.75222270996947e-5,manuscript-fixed programme/location/constituent-term exemplar
3,GO:0006119,microglia,CA1,3684,-0.478480577141641,FALSE,FALSE,oxidative phosphorylation,-2.11097705826318,5.75222270996947e-5,manuscript-fixed programme/location/constituent-term exemplar
3,GO:0006119,microglia,CA1,3685,-0.478679226327179,FALSE,FALSE,oxidative phosphorylation,-2.11097705826318,5.75222270996947e-5,manuscript-fixed programme/location/constituent-term exemplar
3,GO:0006119,microglia,CA1,3686,-0.478877875512718,FALSE,FALSE,oxidative phosphorylation,-2.11097705826318,5.75222270996947e-5,manuscript-fixed programme/location/constituent-term exemplar
3,GO:0006119,microglia,CA1,3687,-0.479076524698256,FALSE,FALSE,oxidative phosphorylation,-2.11097705826318,5.75222270996947e-5,manuscript-fixed programme/location/constituent-term exemplar
3,GO:0006119,microglia,CA1,3688,-0.479275173883794,FALSE,FALSE,oxidative phosphorylation,-2.11097705826318,5.75222270996947e-5,manuscript-fixed programme/location/constituent-term exemplar
3,GO:0006119,microglia,CA1,3689,-0.479473823069333,FALSE,FALSE,oxidative phosphorylation,-2.11097705826318,5.75222270996947e-5,manuscript-fixed programme/location/constituent-term exemplar
3,GO:0006119,microglia,CA1,3690,-0.479672472254871,FALSE,FALSE,oxidative phosphorylation,-2.11097705826318,5.75222270996947e-5,manuscript-fixed programme/location/constituent-term exemplar
3,GO:0006119,microglia,CA1,3691,-0.479871121440409,FALSE,FALSE,oxidative phosphorylation,-2.11097705826318,5.75222270996947e-5,manuscript-fixed programme/location/constituent-term exemplar
3,GO:0006119,microglia,CA1,3692,-0.480069770625948,FALSE,FALSE,oxidative phosphorylation,-2.11097705826318,5.75222270996947e-5,manuscript-fixed programme/location/constituent-term exemplar
3,GO:0006119,microglia,CA1,3693,-0.480268419811486,FALSE,FALSE,oxidative phosphorylation,-2.11097705826318,5.75222270996947e-5,manuscript-fixed programme/location/constituent-term exemplar
3,GO:0006119,microglia,CA1,3694,-0.47178467380418,TRUE,FALSE,oxidative phosphorylation,-2.11097705826318,5.75222270996947e-5,manuscript-fixed programme/location/constituent-term exemplar
3,GO:0006119,microglia,CA1,3695,-0.471983322989718,FALSE,FALSE,oxidative phosphorylation,-2.11097705826318,5.75222270996947e-5,manuscript-fixed programme/location/constituent-term exemplar
3,GO:0006119,microglia,CA1,3696,-0.463485956810873,TRUE,FALSE,oxidative phosphorylation,-2.11097705826318,5.75222270996947e-5,manuscript-fixed programme/location/constituent-term exemplar
3,GO:0006119,microglia,CA1,3697,-0.463684605996412,FALSE,FALSE,oxidative phosphorylation,-2.11097705826318,5.75222270996947e-5,manuscript-fixed programme/location/constituent-term exemplar
3,GO:0006119,microglia,CA1,3698,-0.46388325518195,FALSE,FALSE,oxidative phosphorylation,-2.11097705826318,5.75222270996947e-5,manuscript-fixed programme/location/constituent-term exemplar
3,GO:0006119,microglia,CA1,3699,-0.464081904367488,FALSE,FALSE,oxidative phosphorylation,-2.11097705826318,5.75222270996947e-5,manuscript-fixed programme/location/constituent-term exemplar
3,GO:0006119,microglia,CA1,3700,-0.464280553553026,FALSE,FALSE,oxidative phosphorylation,-2.11097705826318,5.75222270996947e-5,manuscript-fixed programme/location/constituent-term exemplar
3,GO:0006119,microglia,CA1,3701,-0.464479202738565,FALSE,FALSE,oxidative phosphorylation,-2.11097705826318,5.75222270996947e-5,manuscript-fixed programme/location/constituent-term exemplar
3,GO:0006119,microglia,CA1,3702,-0.464677851924103,FALSE,FALSE,oxidative phosphorylation,-2.11097705826318,5.75222270996947e-5,manuscript-fixed programme/location/constituent-term exemplar
3,GO:0006119,microglia,CA1,3703,-0.464876501109642,FALSE,FALSE,oxidative phosphorylation,-2.11097705826318,5.75222270996947e-5,manuscript-fixed programme/location/constituent-term exemplar
3,GO:0006119,microglia,CA1,3704,-0.46507515029518,FALSE,FALSE,oxidative phosphorylation,-2.11097705826318,5.75222270996947e-5,manuscript-fixed programme/location/constituent-term exemplar
3,GO:0006119,microglia,CA1,3705,-0.465273799480718,FALSE,FALSE,oxidative phosphorylation,-2.11097705826318,5.75222270996947e-5,manuscript-fixed programme/location/constituent-term exemplar
3,GO:0006119,microglia,CA1,3706,-0.465472448666257,FALSE,FALSE,oxidative phosphorylation,-2.11097705826318,5.75222270996947e-5,manuscript-fixed programme/location/constituent-term exemplar
3,GO:0006119,microglia,CA1,3707,-0.465671097851795,FALSE,FALSE,oxidative phosphorylation,-2.11097705826318,5.75222270996947e-5,manuscript-fixed programme/location/constituent-term exemplar
3,GO:0006119,microglia,CA1,3708,-0.465869747037333,FALSE,FALSE,oxidative phosphorylation,-2.11097705826318,5.75222270996947e-5,manuscript-fixed programme/location/constituent-term exemplar
3,GO:0006119,microglia,CA1,3709,-0.466068396222872,FALSE,FALSE,oxidative phosphorylation,-2.11097705826318,5.75222270996947e-5,manuscript-fixed programme/location/constituent-term exemplar
3,GO:0006119,microglia,CA1,3710,-0.46626704540841,FALSE,FALSE,oxidative phosphorylation,-2.11097705826318,5.75222270996947e-5,manuscript-fixed programme/location/constituent-term exemplar
3,GO:0006119,microglia,CA1,3711,-0.466465694593948,FALSE,FALSE,oxidative phosphorylation,-2.11097705826318,5.75222270996947e-5,manuscript-fixed programme/location/constituent-term exemplar
3,GO:0006119,microglia,CA1,3712,-0.466664343779487,FALSE,FALSE,oxidative phosphorylation,-2.11097705826318,5.75222270996947e-5,manuscript-fixed programme/location/constituent-term exemplar
3,GO:0006119,microglia,CA1,3713,-0.466862992965025,FALSE,FALSE,oxidative phosphorylation,-2.11097705826318,5.75222270996947e-5,manuscript-fixed programme/location/constituent-term exemplar
3,GO:0006119,microglia,CA1,3714,-0.467061642150563,FALSE,FALSE,oxidative phosphorylation,-2.11097705826318,5.75222270996947e-5,manuscript-fixed programme/location/constituent-term exemplar
3,GO:0006119,microglia,CA1,3715,-0.467260291336102,FALSE,FALSE,oxidative phosphorylation,-2.11097705826318,5.75222270996947e-5,manuscript-fixed programme/location/constituent-term exemplar
3,GO:0006119,microglia,CA1,3716,-0.46745894052164,FALSE,FALSE,oxidative phosphorylation,-2.11097705826318,5.75222270996947e-5,manuscript-fixed programme/location/constituent-term exemplar
3,GO:0006119,microglia,CA1,3717,-0.467657589707178,FALSE,FALSE,oxidative phosphorylation,-2.11097705826318,5.75222270996947e-5,manuscript-fixed programme/location/constituent-term exemplar
3,GO:0006119,microglia,CA1,3718,-0.467856238892717,FALSE,FALSE,oxidative phosphorylation,-2.11097705826318,5.75222270996947e-5,manuscript-fixed programme/location/constituent-term exemplar
3,GO:0006119,microglia,CA1,3719,-0.468054888078255,FALSE,FALSE,oxidative phosphorylation,-2.11097705826318,5.75222270996947e-5,manuscript-fixed programme/location/constituent-term exemplar
3,GO:0006119,microglia,CA1,3720,-0.468253537263793,FALSE,FALSE,oxidative phosphorylation,-2.11097705826318,5.75222270996947e-5,manuscript-fixed programme/location/constituent-term exemplar
3,GO:0006119,microglia,CA1,3721,-0.468452186449332,FALSE,FALSE,oxidative phosphorylation,-2.11097705826318,5.75222270996947e-5,manuscript-fixed programme/location/constituent-term exemplar
3,GO:0006119,microglia,CA1,3722,-0.46865083563487,FALSE,FALSE,oxidative phosphorylation,-2.11097705826318,5.75222270996947e-5,manuscript-fixed programme/location/constituent-term exemplar
3,GO:0006119,microglia,CA1,3723,-0.468849484820408,FALSE,FALSE,oxidative phosphorylation,-2.11097705826318,5.75222270996947e-5,manuscript-fixed programme/location/constituent-term exemplar
3,GO:0006119,microglia,CA1,3724,-0.469048134005947,FALSE,FALSE,oxidative phosphorylation,-2.11097705826318,5.75222270996947e-5,manuscript-fixed programme/location/constituent-term exemplar
3,GO:0006119,microglia,CA1,3725,-0.469246783191485,FALSE,FALSE,oxidative phosphorylation,-2.11097705826318,5.75222270996947e-5,manuscript-fixed programme/location/constituent-term exemplar
3,GO:0006119,microglia,CA1,3726,-0.469445432377023,FALSE,FALSE,oxidative phosphorylation,-2.11097705826318,5.75222270996947e-5,manuscript-fixed programme/location/constituent-term exemplar
3,GO:0006119,microglia,CA1,3727,-0.469644081562562,FALSE,FALSE,oxidative phosphorylation,-2.11097705826318,5.75222270996947e-5,manuscript-fixed programme/location/constituent-term exemplar
3,GO:0006119,microglia,CA1,3728,-0.4698427307481,FALSE,FALSE,oxidative phosphorylation,-2.11097705826318,5.75222270996947e-5,manuscript-fixed programme/location/constituent-term exemplar
3,GO:0006119,microglia,CA1,3729,-0.470041379933638,FALSE,FALSE,oxidative phosphorylation,-2.11097705826318,5.75222270996947e-5,manuscript-fixed programme/location/constituent-term exemplar
3,GO:0006119,microglia,CA1,3730,-0.470240029119177,FALSE,FALSE,oxidative phosphorylation,-2.11097705826318,5.75222270996947e-5,manuscript-fixed programme/location/constituent-term exemplar
3,GO:0006119,microglia,CA1,3731,-0.470438678304715,FALSE,FALSE,oxidative phosphorylation,-2.11097705826318,5.75222270996947e-5,manuscript-fixed programme/location/constituent-term exemplar
3,GO:0006119,microglia,CA1,3732,-0.470637327490253,FALSE,FALSE,oxidative phosphorylation,-2.11097705826318,5.75222270996947e-5,manuscript-fixed programme/location/constituent-term exemplar
3,GO:0006119,microglia,CA1,3733,-0.470835976675792,FALSE,FALSE,oxidative phosphorylation,-2.11097705826318,5.75222270996947e-5,manuscript-fixed programme/location/constituent-term exemplar
3,GO:0006119,microglia,CA1,3734,-0.47103462586133,FALSE,FALSE,oxidative phosphorylation,-2.11097705826318,5.75222270996947e-5,manuscript-fixed programme/location/constituent-term exemplar
3,GO:0006119,microglia,CA1,3735,-0.471233275046868,FALSE,FALSE,oxidative phosphorylation,-2.11097705826318,5.75222270996947e-5,manuscript-fixed programme/location/constituent-term exemplar
3,GO:0006119,microglia,CA1,3736,-0.471431924232407,FALSE,FALSE,oxidative phosphorylation,-2.11097705826318,5.75222270996947e-5,manuscript-fixed programme/location/constituent-term exemplar
3,GO:0006119,microglia,CA1,3737,-0.471630573417945,FALSE,FALSE,oxidative phosphorylation,-2.11097705826318,5.75222270996947e-5,manuscript-fixed programme/location/constituent-term exemplar
3,GO:0006119,microglia,CA1,3738,-0.471829222603483,FALSE,FALSE,oxidative phosphorylation,-2.11097705826318,5.75222270996947e-5,manuscript-fixed programme/location/constituent-term exemplar
3,GO:0006119,microglia,CA1,3739,-0.472027871789022,FALSE,FALSE,oxidative phosphorylation,-2.11097705826318,5.75222270996947e-5,manuscript-fixed programme/location/constituent-term exemplar
3,GO:0006119,microglia,CA1,3740,-0.47222652097456,FALSE,FALSE,oxidative phosphorylation,-2.11097705826318,5.75222270996947e-5,manuscript-fixed programme/location/constituent-term exemplar
3,GO:0006119,microglia,CA1,3741,-0.472425170160098,FALSE,FALSE,oxidative phosphorylation,-2.11097705826318,5.75222270996947e-5,manuscript-fixed programme/location/constituent-term exemplar
3,GO:0006119,microglia,CA1,3742,-0.472623819345637,FALSE,FALSE,oxidative phosphorylation,-2.11097705826318,5.75222270996947e-5,manuscript-fixed programme/location/constituent-term exemplar
3,GO:0006119,microglia,CA1,3743,-0.472822468531175,FALSE,FALSE,oxidative phosphorylation,-2.11097705826318,5.75222270996947e-5,manuscript-fixed programme/location/constituent-term exemplar
3,GO:0006119,microglia,CA1,3744,-0.473021117716713,FALSE,FALSE,oxidative phosphorylation,-2.11097705826318,5.75222270996947e-5,manuscript-fixed programme/location/constituent-term exemplar
3,GO:0006119,microglia,CA1,3745,-0.473219766902252,FALSE,FALSE,oxidative phosphorylation,-2.11097705826318,5.75222270996947e-5,manuscript-fixed programme/location/constituent-term exemplar
3,GO:0006119,microglia,CA1,3746,-0.47341841608779,FALSE,FALSE,oxidative phosphorylation,-2.11097705826318,5.75222270996947e-5,manuscript-fixed programme/location/constituent-term exemplar
3,GO:0006119,microglia,CA1,3747,-0.473617065273328,FALSE,FALSE,oxidative phosphorylation,-2.11097705826318,5.75222270996947e-5,manuscript-fixed programme/location/constituent-term exemplar
3,GO:0006119,microglia,CA1,3748,-0.473815714458867,FALSE,FALSE,oxidative phosphorylation,-2.11097705826318,5.75222270996947e-5,manuscript-fixed programme/location/constituent-term exemplar
3,GO:0006119,microglia,CA1,3749,-0.474014363644405,FALSE,FALSE,oxidative phosphorylation,-2.11097705826318,5.75222270996947e-5,manuscript-fixed programme/location/constituent-term exemplar
3,GO:0006119,microglia,CA1,3750,-0.474213012829943,FALSE,FALSE,oxidative phosphorylation,-2.11097705826318,5.75222270996947e-5,manuscript-fixed programme/location/constituent-term exemplar
3,GO:0006119,microglia,CA1,3751,-0.474411662015482,FALSE,FALSE,oxidative phosphorylation,-2.11097705826318,5.75222270996947e-5,manuscript-fixed programme/location/constituent-term exemplar
3,GO:0006119,microglia,CA1,3752,-0.47461031120102,FALSE,FALSE,oxidative phosphorylation,-2.11097705826318,5.75222270996947e-5,manuscript-fixed programme/location/constituent-term exemplar
3,GO:0006119,microglia,CA1,3753,-0.474808960386558,FALSE,FALSE,oxidative phosphorylation,-2.11097705826318,5.75222270996947e-5,manuscript-fixed programme/location/constituent-term exemplar
3,GO:0006119,microglia,CA1,3754,-0.475007609572097,FALSE,FALSE,oxidative phosphorylation,-2.11097705826318,5.75222270996947e-5,manuscript-fixed programme/location/constituent-term exemplar
3,GO:0006119,microglia,CA1,3755,-0.475206258757635,FALSE,FALSE,oxidative phosphorylation,-2.11097705826318,5.75222270996947e-5,manuscript-fixed programme/location/constituent-term exemplar
3,GO:0006119,microglia,CA1,3756,-0.475404907943174,FALSE,FALSE,oxidative phosphorylation,-2.11097705826318,5.75222270996947e-5,manuscript-fixed programme/location/constituent-term exemplar
3,GO:0006119,microglia,CA1,3757,-0.475603557128712,FALSE,FALSE,oxidative phosphorylation,-2.11097705826318,5.75222270996947e-5,manuscript-fixed programme/location/constituent-term exemplar
3,GO:0006119,microglia,CA1,3758,-0.47580220631425,FALSE,FALSE,oxidative phosphorylation,-2.11097705826318,5.75222270996947e-5,manuscript-fixed programme/location/constituent-term exemplar
3,GO:0006119,microglia,CA1,3759,-0.476000855499788,FALSE,FALSE,oxidative phosphorylation,-2.11097705826318,5.75222270996947e-5,manuscript-fixed programme/location/constituent-term exemplar
3,GO:0006119,microglia,CA1,3760,-0.476199504685327,FALSE,FALSE,oxidative phosphorylation,-2.11097705826318,5.75222270996947e-5,manuscript-fixed programme/location/constituent-term exemplar
3,GO:0006119,microglia,CA1,3761,-0.476398153870865,FALSE,FALSE,oxidative phosphorylation,-2.11097705826318,5.75222270996947e-5,manuscript-fixed programme/location/constituent-term exemplar
3,GO:0006119,microglia,CA1,3762,-0.476596803056404,FALSE,FALSE,oxidative phosphorylation,-2.11097705826318,5.75222270996947e-5,manuscript-fixed programme/location/constituent-term exemplar
3,GO:0006119,microglia,CA1,3763,-0.476795452241942,FALSE,FALSE,oxidative phosphorylation,-2.11097705826318,5.75222270996947e-5,manuscript-fixed programme/location/constituent-term exemplar
3,GO:0006119,microglia,CA1,3764,-0.47699410142748,FALSE,FALSE,oxidative phosphorylation,-2.11097705826318,5.75222270996947e-5,manuscript-fixed programme/location/constituent-term exemplar
3,GO:0006119,microglia,CA1,3765,-0.477192750613019,FALSE,FALSE,oxidative phosphorylation,-2.11097705826318,5.75222270996947e-5,manuscript-fixed programme/location/constituent-term exemplar
3,GO:0006119,microglia,CA1,3766,-0.477391399798557,FALSE,FALSE,oxidative phosphorylation,-2.11097705826318,5.75222270996947e-5,manuscript-fixed programme/location/constituent-term exemplar
3,GO:0006119,microglia,CA1,3767,-0.477590048984095,FALSE,FALSE,oxidative phosphorylation,-2.11097705826318,5.75222270996947e-5,manuscript-fixed programme/location/constituent-term exemplar
3,GO:0006119,microglia,CA1,3768,-0.477788698169634,FALSE,FALSE,oxidative phosphorylation,-2.11097705826318,5.75222270996947e-5,manuscript-fixed programme/location/constituent-term exemplar
3,GO:0006119,microglia,CA1,3769,-0.477987347355172,FALSE,FALSE,oxidative phosphorylation,-2.11097705826318,5.75222270996947e-5,manuscript-fixed programme/location/constituent-term exemplar
3,GO:0006119,microglia,CA1,3770,-0.47818599654071,FALSE,FALSE,oxidative phosphorylation,-2.11097705826318,5.75222270996947e-5,manuscript-fixed programme/location/constituent-term exemplar
3,GO:0006119,microglia,CA1,3771,-0.478384645726249,FALSE,FALSE,oxidative phosphorylation,-2.11097705826318,5.75222270996947e-5,manuscript-fixed programme/location/constituent-term exemplar
3,GO:0006119,microglia,CA1,3772,-0.478583294911787,FALSE,FALSE,oxidative phosphorylation,-2.11097705826318,5.75222270996947e-5,manuscript-fixed programme/location/constituent-term exemplar
3,GO:0006119,microglia,CA1,3773,-0.478781944097325,FALSE,FALSE,oxidative phosphorylation,-2.11097705826318,5.75222270996947e-5,manuscript-fixed programme/location/constituent-term exemplar
3,GO:0006119,microglia,CA1,3774,-0.478980593282864,FALSE,FALSE,oxidative phosphorylation,-2.11097705826318,5.75222270996947e-5,manuscript-fixed programme/location/constituent-term exemplar
3,GO:0006119,microglia,CA1,3775,-0.479179242468402,FALSE,FALSE,oxidative phosphorylation,-2.11097705826318,5.75222270996947e-5,manuscript-fixed programme/location/constituent-term exemplar
3,GO:0006119,microglia,CA1,3776,-0.47937789165394,FALSE,FALSE,oxidative phosphorylation,-2.11097705826318,5.75222270996947e-5,manuscript-fixed programme/location/constituent-term exemplar
3,GO:0006119,microglia,CA1,3777,-0.479576540839479,FALSE,FALSE,oxidative phosphorylation,-2.11097705826318,5.75222270996947e-5,manuscript-fixed programme/location/constituent-term exemplar
3,GO:0006119,microglia,CA1,3778,-0.479775190025017,FALSE,FALSE,oxidative phosphorylation,-2.11097705826318,5.75222270996947e-5,manuscript-fixed programme/location/constituent-term exemplar
3,GO:0006119,microglia,CA1,3779,-0.479973839210555,FALSE,FALSE,oxidative phosphorylation,-2.11097705826318,5.75222270996947e-5,manuscript-fixed programme/location/constituent-term exemplar
3,GO:0006119,microglia,CA1,3780,-0.480172488396094,FALSE,FALSE,oxidative phosphorylation,-2.11097705826318,5.75222270996947e-5,manuscript-fixed programme/location/constituent-term exemplar
3,GO:0006119,microglia,CA1,3781,-0.480371137581632,FALSE,FALSE,oxidative phosphorylation,-2.11097705826318,5.75222270996947e-5,manuscript-fixed programme/location/constituent-term exemplar
3,GO:0006119,microglia,CA1,3782,-0.48056978676717,FALSE,FALSE,oxidative phosphorylation,-2.11097705826318,5.75222270996947e-5,manuscript-fixed programme/location/constituent-term exemplar
3,GO:0006119,microglia,CA1,3783,-0.480768435952709,FALSE,FALSE,oxidative phosphorylation,-2.11097705826318,5.75222270996947e-5,manuscript-fixed programme/location/constituent-term exemplar
3,GO:0006119,microglia,CA1,3784,-0.480967085138247,FALSE,FALSE,oxidative phosphorylation,-2.11097705826318,5.75222270996947e-5,manuscript-fixed programme/location/constituent-term exemplar
3,GO:0006119,microglia,CA1,3785,-0.481165734323785,FALSE,FALSE,oxidative phosphorylation,-2.11097705826318,5.75222270996947e-5,manuscript-fixed programme/location/constituent-term exemplar
3,GO:0006119,microglia,CA1,3786,-0.481364383509324,FALSE,FALSE,oxidative phosphorylation,-2.11097705826318,5.75222270996947e-5,manuscript-fixed programme/location/constituent-term exemplar
3,GO:0006119,microglia,CA1,3787,-0.481563032694862,FALSE,FALSE,oxidative phosphorylation,-2.11097705826318,5.75222270996947e-5,manuscript-fixed programme/location/constituent-term exemplar
3,GO:0006119,microglia,CA1,3788,-0.4817616818804,FALSE,FALSE,oxidative phosphorylation,-2.11097705826318,5.75222270996947e-5,manuscript-fixed programme/location/constituent-term exemplar
3,GO:0006119,microglia,CA1,3789,-0.481960331065939,FALSE,FALSE,oxidative phosphorylation,-2.11097705826318,5.75222270996947e-5,manuscript-fixed programme/location/constituent-term exemplar
3,GO:0006119,microglia,CA1,3790,-0.482158980251477,FALSE,FALSE,oxidative phosphorylation,-2.11097705826318,5.75222270996947e-5,manuscript-fixed programme/location/constituent-term exemplar
3,GO:0006119,microglia,CA1,3791,-0.482357629437015,FALSE,FALSE,oxidative phosphorylation,-2.11097705826318,5.75222270996947e-5,manuscript-fixed programme/location/constituent-term exemplar
3,GO:0006119,microglia,CA1,3792,-0.482556278622554,FALSE,FALSE,oxidative phosphorylation,-2.11097705826318,5.75222270996947e-5,manuscript-fixed programme/location/constituent-term exemplar
3,GO:0006119,microglia,CA1,3793,-0.482754927808092,FALSE,FALSE,oxidative phosphorylation,-2.11097705826318,5.75222270996947e-5,manuscript-fixed programme/location/constituent-term exemplar
3,GO:0006119,microglia,CA1,3794,-0.48295357699363,FALSE,FALSE,oxidative phosphorylation,-2.11097705826318,5.75222270996947e-5,manuscript-fixed programme/location/constituent-term exemplar
3,GO:0006119,microglia,CA1,3795,-0.483152226179169,FALSE,FALSE,oxidative phosphorylation,-2.11097705826318,5.75222270996947e-5,manuscript-fixed programme/location/constituent-term exemplar
3,GO:0006119,microglia,CA1,3796,-0.483350875364707,FALSE,FALSE,oxidative phosphorylation,-2.11097705826318,5.75222270996947e-5,manuscript-fixed programme/location/constituent-term exemplar
3,GO:0006119,microglia,CA1,3797,-0.483549524550245,FALSE,FALSE,oxidative phosphorylation,-2.11097705826318,5.75222270996947e-5,manuscript-fixed programme/location/constituent-term exemplar
3,GO:0006119,microglia,CA1,3798,-0.483748173735784,FALSE,FALSE,oxidative phosphorylation,-2.11097705826318,5.75222270996947e-5,manuscript-fixed programme/location/constituent-term exemplar
3,GO:0006119,microglia,CA1,3799,-0.483946822921322,FALSE,FALSE,oxidative phosphorylation,-2.11097705826318,5.75222270996947e-5,manuscript-fixed programme/location/constituent-term exemplar
3,GO:0006119,microglia,CA1,3800,-0.48414547210686,FALSE,FALSE,oxidative phosphorylation,-2.11097705826318,5.75222270996947e-5,manuscript-fixed programme/location/constituent-term exemplar
3,GO:0006119,microglia,CA1,3801,-0.484344121292399,FALSE,FALSE,oxidative phosphorylation,-2.11097705826318,5.75222270996947e-5,manuscript-fixed programme/location/constituent-term exemplar
3,GO:0006119,microglia,CA1,3802,-0.484542770477937,FALSE,FALSE,oxidative phosphorylation,-2.11097705826318,5.75222270996947e-5,manuscript-fixed programme/location/constituent-term exemplar
3,GO:0006119,microglia,CA1,3803,-0.484741419663475,FALSE,FALSE,oxidative phosphorylation,-2.11097705826318,5.75222270996947e-5,manuscript-fixed programme/location/constituent-term exemplar
3,GO:0006119,microglia,CA1,3804,-0.48494006884901403,FALSE,FALSE,oxidative phosphorylation,-2.11097705826318,5.75222270996947e-5,manuscript-fixed programme/location/constituent-term exemplar
3,GO:0006119,microglia,CA1,3805,-0.485138718034552,FALSE,FALSE,oxidative phosphorylation,-2.11097705826318,5.75222270996947e-5,manuscript-fixed programme/location/constituent-term exemplar
3,GO:0006119,microglia,CA1,3806,-0.485337367220091,FALSE,FALSE,oxidative phosphorylation,-2.11097705826318,5.75222270996947e-5,manuscript-fixed programme/location/constituent-term exemplar
3,GO:0006119,microglia,CA1,3807,-0.485536016405629,FALSE,FALSE,oxidative phosphorylation,-2.11097705826318,5.75222270996947e-5,manuscript-fixed programme/location/constituent-term exemplar
3,GO:0006119,microglia,CA1,3808,-0.485734665591167,FALSE,FALSE,oxidative phosphorylation,-2.11097705826318,5.75222270996947e-5,manuscript-fixed programme/location/constituent-term exemplar
3,GO:0006119,microglia,CA1,3809,-0.485933314776705,FALSE,FALSE,oxidative phosphorylation,-2.11097705826318,5.75222270996947e-5,manuscript-fixed programme/location/constituent-term exemplar
3,GO:0006119,microglia,CA1,3810,-0.486131963962244,FALSE,FALSE,oxidative phosphorylation,-2.11097705826318,5.75222270996947e-5,manuscript-fixed programme/location/constituent-term exemplar
3,GO:0006119,microglia,CA1,3811,-0.486330613147782,FALSE,FALSE,oxidative phosphorylation,-2.11097705826318,5.75222270996947e-5,manuscript-fixed programme/location/constituent-term exemplar
3,GO:0006119,microglia,CA1,3812,-0.486529262333321,FALSE,FALSE,oxidative phosphorylation,-2.11097705826318,5.75222270996947e-5,manuscript-fixed programme/location/constituent-term exemplar
3,GO:0006119,microglia,CA1,3813,-0.486727911518859,FALSE,FALSE,oxidative phosphorylation,-2.11097705826318,5.75222270996947e-5,manuscript-fixed programme/location/constituent-term exemplar
3,GO:0006119,microglia,CA1,3814,-0.486926560704397,FALSE,FALSE,oxidative phosphorylation,-2.11097705826318,5.75222270996947e-5,manuscript-fixed programme/location/constituent-term exemplar
3,GO:0006119,microglia,CA1,3815,-0.487125209889936,FALSE,FALSE,oxidative phosphorylation,-2.11097705826318,5.75222270996947e-5,manuscript-fixed programme/location/constituent-term exemplar
3,GO:0006119,microglia,CA1,3816,-0.487323859075474,FALSE,FALSE,oxidative phosphorylation,-2.11097705826318,5.75222270996947e-5,manuscript-fixed programme/location/constituent-term exemplar
3,GO:0006119,microglia,CA1,3817,-0.487522508261012,FALSE,FALSE,oxidative phosphorylation,-2.11097705826318,5.75222270996947e-5,manuscript-fixed programme/location/constituent-term exemplar
3,GO:0006119,microglia,CA1,3818,-0.487721157446551,FALSE,FALSE,oxidative phosphorylation,-2.11097705826318,5.75222270996947e-5,manuscript-fixed programme/location/constituent-term exemplar
3,GO:0006119,microglia,CA1,3819,-0.487919806632089,FALSE,FALSE,oxidative phosphorylation,-2.11097705826318,5.75222270996947e-5,manuscript-fixed programme/location/constituent-term exemplar
3,GO:0006119,microglia,CA1,3820,-0.488118455817627,FALSE,FALSE,oxidative phosphorylation,-2.11097705826318,5.75222270996947e-5,manuscript-fixed programme/location/constituent-term exemplar
3,GO:0006119,microglia,CA1,3821,-0.488317105003166,FALSE,FALSE,oxidative phosphorylation,-2.11097705826318,5.75222270996947e-5,manuscript-fixed programme/location/constituent-term exemplar
3,GO:0006119,microglia,CA1,3822,-0.488515754188704,FALSE,FALSE,oxidative phosphorylation,-2.11097705826318,5.75222270996947e-5,manuscript-fixed programme/location/constituent-term exemplar
3,GO:0006119,microglia,CA1,3823,-0.488714403374242,FALSE,FALSE,oxidative phosphorylation,-2.11097705826318,5.75222270996947e-5,manuscript-fixed programme/location/constituent-term exemplar
3,GO:0006119,microglia,CA1,3824,-0.488913052559781,FALSE,FALSE,oxidative phosphorylation,-2.11097705826318,5.75222270996947e-5,manuscript-fixed programme/location/constituent-term exemplar
3,GO:0006119,microglia,CA1,3825,-0.489111701745319,FALSE,FALSE,oxidative phosphorylation,-2.11097705826318,5.75222270996947e-5,manuscript-fixed programme/location/constituent-term exemplar
3,GO:0006119,microglia,CA1,3826,-0.489310350930857,FALSE,FALSE,oxidative phosphorylation,-2.11097705826318,5.75222270996947e-5,manuscript-fixed programme/location/constituent-term exemplar
3,GO:0006119,microglia,CA1,3827,-0.489509000116396,FALSE,FALSE,oxidative phosphorylation,-2.11097705826318,5.75222270996947e-5,manuscript-fixed programme/location/constituent-term exemplar
3,GO:0006119,microglia,CA1,3828,-0.489707649301934,FALSE,FALSE,oxidative phosphorylation,-2.11097705826318,5.75222270996947e-5,manuscript-fixed programme/location/constituent-term exemplar
3,GO:0006119,microglia,CA1,3829,-0.489906298487472,FALSE,FALSE,oxidative phosphorylation,-2.11097705826318,5.75222270996947e-5,manuscript-fixed programme/location/constituent-term exemplar
3,GO:0006119,microglia,CA1,3830,-0.490104947673011,FALSE,FALSE,oxidative phosphorylation,-2.11097705826318,5.75222270996947e-5,manuscript-fixed programme/location/constituent-term exemplar
3,GO:0006119,microglia,CA1,3831,-0.490303596858549,FALSE,FALSE,oxidative phosphorylation,-2.11097705826318,5.75222270996947e-5,manuscript-fixed programme/location/constituent-term exemplar
3,GO:0006119,microglia,CA1,3832,-0.490502246044087,FALSE,FALSE,oxidative phosphorylation,-2.11097705826318,5.75222270996947e-5,manuscript-fixed programme/location/constituent-term exemplar
3,GO:0006119,microglia,CA1,3833,-0.490700895229626,FALSE,FALSE,oxidative phosphorylation,-2.11097705826318,5.75222270996947e-5,manuscript-fixed programme/location/constituent-term exemplar
3,GO:0006119,microglia,CA1,3834,-0.490899544415164,FALSE,FALSE,oxidative phosphorylation,-2.11097705826318,5.75222270996947e-5,manuscript-fixed programme/location/constituent-term exemplar
3,GO:0006119,microglia,CA1,3835,-0.491098193600702,FALSE,FALSE,oxidative phosphorylation,-2.11097705826318,5.75222270996947e-5,manuscript-fixed programme/location/constituent-term exemplar
3,GO:0006119,microglia,CA1,3836,-0.491296842786241,FALSE,FALSE,oxidative phosphorylation,-2.11097705826318,5.75222270996947e-5,manuscript-fixed programme/location/constituent-term exemplar
3,GO:0006119,microglia,CA1,3837,-0.491495491971779,FALSE,FALSE,oxidative phosphorylation,-2.11097705826318,5.75222270996947e-5,manuscript-fixed programme/location/constituent-term exemplar
3,GO:0006119,microglia,CA1,3838,-0.491694141157317,FALSE,FALSE,oxidative phosphorylation,-2.11097705826318,5.75222270996947e-5,manuscript-fixed programme/location/constituent-term exemplar
3,GO:0006119,microglia,CA1,3839,-0.491892790342856,FALSE,FALSE,oxidative phosphorylation,-2.11097705826318,5.75222270996947e-5,manuscript-fixed programme/location/constituent-term exemplar
3,GO:0006119,microglia,CA1,3840,-0.492091439528394,FALSE,FALSE,oxidative phosphorylation,-2.11097705826318,5.75222270996947e-5,manuscript-fixed programme/location/constituent-term exemplar
3,GO:0006119,microglia,CA1,3841,-0.492290088713932,FALSE,FALSE,oxidative phosphorylation,-2.11097705826318,5.75222270996947e-5,manuscript-fixed programme/location/constituent-term exemplar
3,GO:0006119,microglia,CA1,3842,-0.492488737899471,FALSE,FALSE,oxidative phosphorylation,-2.11097705826318,5.75222270996947e-5,manuscript-fixed programme/location/constituent-term exemplar
3,GO:0006119,microglia,CA1,3843,-0.492687387085009,FALSE,FALSE,oxidative phosphorylation,-2.11097705826318,5.75222270996947e-5,manuscript-fixed programme/location/constituent-term exemplar
3,GO:0006119,microglia,CA1,3844,-0.492886036270547,FALSE,FALSE,oxidative phosphorylation,-2.11097705826318,5.75222270996947e-5,manuscript-fixed programme/location/constituent-term exemplar
3,GO:0006119,microglia,CA1,3845,-0.493084685456086,FALSE,FALSE,oxidative phosphorylation,-2.11097705826318,5.75222270996947e-5,manuscript-fixed programme/location/constituent-term exemplar
3,GO:0006119,microglia,CA1,3846,-0.493283334641624,FALSE,FALSE,oxidative phosphorylation,-2.11097705826318,5.75222270996947e-5,manuscript-fixed programme/location/constituent-term exemplar
3,GO:0006119,microglia,CA1,3847,-0.493481983827162,FALSE,FALSE,oxidative phosphorylation,-2.11097705826318,5.75222270996947e-5,manuscript-fixed programme/location/constituent-term exemplar
3,GO:0006119,microglia,CA1,3848,-0.493680633012701,FALSE,FALSE,oxidative phosphorylation,-2.11097705826318,5.75222270996947e-5,manuscript-fixed programme/location/constituent-term exemplar
3,GO:0006119,microglia,CA1,3849,-0.493879282198239,FALSE,FALSE,oxidative phosphorylation,-2.11097705826318,5.75222270996947e-5,manuscript-fixed programme/location/constituent-term exemplar
3,GO:0006119,microglia,CA1,3850,-0.494077931383777,FALSE,FALSE,oxidative phosphorylation,-2.11097705826318,5.75222270996947e-5,manuscript-fixed programme/location/constituent-term exemplar
3,GO:0006119,microglia,CA1,3851,-0.494276580569316,FALSE,FALSE,oxidative phosphorylation,-2.11097705826318,5.75222270996947e-5,manuscript-fixed programme/location/constituent-term exemplar
3,GO:0006119,microglia,CA1,3852,-0.494475229754854,FALSE,FALSE,oxidative phosphorylation,-2.11097705826318,5.75222270996947e-5,manuscript-fixed programme/location/constituent-term exemplar
3,GO:0006119,microglia,CA1,3853,-0.494673878940392,FALSE,FALSE,oxidative phosphorylation,-2.11097705826318,5.75222270996947e-5,manuscript-fixed programme/location/constituent-term exemplar
3,GO:0006119,microglia,CA1,3854,-0.494872528125931,FALSE,FALSE,oxidative phosphorylation,-2.11097705826318,5.75222270996947e-5,manuscript-fixed programme/location/constituent-term exemplar
3,GO:0006119,microglia,CA1,3855,-0.495071177311469,FALSE,FALSE,oxidative phosphorylation,-2.11097705826318,5.75222270996947e-5,manuscript-fixed programme/location/constituent-term exemplar
3,GO:0006119,microglia,CA1,3856,-0.495269826497007,FALSE,FALSE,oxidative phosphorylation,-2.11097705826318,5.75222270996947e-5,manuscript-fixed programme/location/constituent-term exemplar
3,GO:0006119,microglia,CA1,3857,-0.495468475682546,FALSE,FALSE,oxidative phosphorylation,-2.11097705826318,5.75222270996947e-5,manuscript-fixed programme/location/constituent-term exemplar
3,GO:0006119,microglia,CA1,3858,-0.495667124868084,FALSE,FALSE,oxidative phosphorylation,-2.11097705826318,5.75222270996947e-5,manuscript-fixed programme/location/constituent-term exemplar
3,GO:0006119,microglia,CA1,3859,-0.495865774053622,FALSE,FALSE,oxidative phosphorylation,-2.11097705826318,5.75222270996947e-5,manuscript-fixed programme/location/constituent-term exemplar
3,GO:0006119,microglia,CA1,3860,-0.496064423239161,FALSE,FALSE,oxidative phosphorylation,-2.11097705826318,5.75222270996947e-5,manuscript-fixed programme/location/constituent-term exemplar
3,GO:0006119,microglia,CA1,3861,-0.496263072424699,FALSE,FALSE,oxidative phosphorylation,-2.11097705826318,5.75222270996947e-5,manuscript-fixed programme/location/constituent-term exemplar
3,GO:0006119,microglia,CA1,3862,-0.496461721610237,FALSE,FALSE,oxidative phosphorylation,-2.11097705826318,5.75222270996947e-5,manuscript-fixed programme/location/constituent-term exemplar
3,GO:0006119,microglia,CA1,3863,-0.496660370795776,FALSE,FALSE,oxidative phosphorylation,-2.11097705826318,5.75222270996947e-5,manuscript-fixed programme/location/constituent-term exemplar
3,GO:0006119,microglia,CA1,3864,-0.496859019981314,FALSE,FALSE,oxidative phosphorylation,-2.11097705826318,5.75222270996947e-5,manuscript-fixed programme/location/constituent-term exemplar
3,GO:0006119,microglia,CA1,3865,-0.497057669166853,FALSE,FALSE,oxidative phosphorylation,-2.11097705826318,5.75222270996947e-5,manuscript-fixed programme/location/constituent-term exemplar
3,GO:0006119,microglia,CA1,3866,-0.497256318352391,FALSE,FALSE,oxidative phosphorylation,-2.11097705826318,5.75222270996947e-5,manuscript-fixed programme/location/constituent-term exemplar
3,GO:0006119,microglia,CA1,3867,-0.497454967537929,FALSE,FALSE,oxidative phosphorylation,-2.11097705826318,5.75222270996947e-5,manuscript-fixed programme/location/constituent-term exemplar
3,GO:0006119,microglia,CA1,3868,-0.497653616723467,FALSE,FALSE,oxidative phosphorylation,-2.11097705826318,5.75222270996947e-5,manuscript-fixed programme/location/constituent-term exemplar
3,GO:0006119,microglia,CA1,3869,-0.497852265909006,FALSE,FALSE,oxidative phosphorylation,-2.11097705826318,5.75222270996947e-5,manuscript-fixed programme/location/constituent-term exemplar
3,GO:0006119,microglia,CA1,3870,-0.498050915094544,FALSE,FALSE,oxidative phosphorylation,-2.11097705826318,5.75222270996947e-5,manuscript-fixed programme/location/constituent-term exemplar
3,GO:0006119,microglia,CA1,3871,-0.498249564280083,FALSE,FALSE,oxidative phosphorylation,-2.11097705826318,5.75222270996947e-5,manuscript-fixed programme/location/constituent-term exemplar
3,GO:0006119,microglia,CA1,3872,-0.498448213465621,FALSE,FALSE,oxidative phosphorylation,-2.11097705826318,5.75222270996947e-5,manuscript-fixed programme/location/constituent-term exemplar
3,GO:0006119,microglia,CA1,3873,-0.498646862651159,FALSE,FALSE,oxidative phosphorylation,-2.11097705826318,5.75222270996947e-5,manuscript-fixed programme/location/constituent-term exemplar
3,GO:0006119,microglia,CA1,3874,-0.498845511836698,FALSE,FALSE,oxidative phosphorylation,-2.11097705826318,5.75222270996947e-5,manuscript-fixed programme/location/constituent-term exemplar
3,GO:0006119,microglia,CA1,3875,-0.499044161022236,FALSE,FALSE,oxidative phosphorylation,-2.11097705826318,5.75222270996947e-5,manuscript-fixed programme/location/constituent-term exemplar
3,GO:0006119,microglia,CA1,3876,-0.499242810207774,FALSE,FALSE,oxidative phosphorylation,-2.11097705826318,5.75222270996947e-5,manuscript-fixed programme/location/constituent-term exemplar
3,GO:0006119,microglia,CA1,3877,-0.499441459393313,FALSE,FALSE,oxidative phosphorylation,-2.11097705826318,5.75222270996947e-5,manuscript-fixed programme/location/constituent-term exemplar
3,GO:0006119,microglia,CA1,3878,-0.499640108578851,FALSE,FALSE,oxidative phosphorylation,-2.11097705826318,5.75222270996947e-5,manuscript-fixed programme/location/constituent-term exemplar
3,GO:0006119,microglia,CA1,3879,-0.499838757764389,FALSE,FALSE,oxidative phosphorylation,-2.11097705826318,5.75222270996947e-5,manuscript-fixed programme/location/constituent-term exemplar
3,GO:0006119,microglia,CA1,3880,-0.500037406949928,FALSE,FALSE,oxidative phosphorylation,-2.11097705826318,5.75222270996947e-5,manuscript-fixed programme/location/constituent-term exemplar
3,GO:0006119,microglia,CA1,3881,-0.500236056135466,FALSE,FALSE,oxidative phosphorylation,-2.11097705826318,5.75222270996947e-5,manuscript-fixed programme/location/constituent-term exemplar
3,GO:0006119,microglia,CA1,3882,-0.500434705321004,FALSE,FALSE,oxidative phosphorylation,-2.11097705826318,5.75222270996947e-5,manuscript-fixed programme/location/constituent-term exemplar
3,GO:0006119,microglia,CA1,3883,-0.500633354506543,FALSE,FALSE,oxidative phosphorylation,-2.11097705826318,5.75222270996947e-5,manuscript-fixed programme/location/constituent-term exemplar
3,GO:0006119,microglia,CA1,3884,-0.500832003692081,FALSE,FALSE,oxidative phosphorylation,-2.11097705826318,5.75222270996947e-5,manuscript-fixed programme/location/constituent-term exemplar
3,GO:0006119,microglia,CA1,3885,-0.501030652877619,FALSE,FALSE,oxidative phosphorylation,-2.11097705826318,5.75222270996947e-5,manuscript-fixed programme/location/constituent-term exemplar
3,GO:0006119,microglia,CA1,3886,-0.501229302063158,FALSE,FALSE,oxidative phosphorylation,-2.11097705826318,5.75222270996947e-5,manuscript-fixed programme/location/constituent-term exemplar
3,GO:0006119,microglia,CA1,3887,-0.501427951248696,FALSE,FALSE,oxidative phosphorylation,-2.11097705826318,5.75222270996947e-5,manuscript-fixed programme/location/constituent-term exemplar
3,GO:0006119,microglia,CA1,3888,-0.501626600434234,FALSE,FALSE,oxidative phosphorylation,-2.11097705826318,5.75222270996947e-5,manuscript-fixed programme/location/constituent-term exemplar
3,GO:0006119,microglia,CA1,3889,-0.501825249619773,FALSE,FALSE,oxidative phosphorylation,-2.11097705826318,5.75222270996947e-5,manuscript-fixed programme/location/constituent-term exemplar
3,GO:0006119,microglia,CA1,3890,-0.502023898805311,FALSE,FALSE,oxidative phosphorylation,-2.11097705826318,5.75222270996947e-5,manuscript-fixed programme/location/constituent-term exemplar
3,GO:0006119,microglia,CA1,3891,-0.502222547990849,FALSE,FALSE,oxidative phosphorylation,-2.11097705826318,5.75222270996947e-5,manuscript-fixed programme/location/constituent-term exemplar
3,GO:0006119,microglia,CA1,3892,-0.502421197176388,FALSE,FALSE,oxidative phosphorylation,-2.11097705826318,5.75222270996947e-5,manuscript-fixed programme/location/constituent-term exemplar
3,GO:0006119,microglia,CA1,3893,-0.502619846361926,FALSE,FALSE,oxidative phosphorylation,-2.11097705826318,5.75222270996947e-5,manuscript-fixed programme/location/constituent-term exemplar
3,GO:0006119,microglia,CA1,3894,-0.502818495547464,FALSE,FALSE,oxidative phosphorylation,-2.11097705826318,5.75222270996947e-5,manuscript-fixed programme/location/constituent-term exemplar
3,GO:0006119,microglia,CA1,3895,-0.503017144733003,FALSE,FALSE,oxidative phosphorylation,-2.11097705826318,5.75222270996947e-5,manuscript-fixed programme/location/constituent-term exemplar
3,GO:0006119,microglia,CA1,3896,-0.503215793918541,FALSE,FALSE,oxidative phosphorylation,-2.11097705826318,5.75222270996947e-5,manuscript-fixed programme/location/constituent-term exemplar
3,GO:0006119,microglia,CA1,3897,-0.503414443104079,FALSE,FALSE,oxidative phosphorylation,-2.11097705826318,5.75222270996947e-5,manuscript-fixed programme/location/constituent-term exemplar
3,GO:0006119,microglia,CA1,3898,-0.503613092289618,FALSE,FALSE,oxidative phosphorylation,-2.11097705826318,5.75222270996947e-5,manuscript-fixed programme/location/constituent-term exemplar
3,GO:0006119,microglia,CA1,3899,-0.503811741475156,FALSE,FALSE,oxidative phosphorylation,-2.11097705826318,5.75222270996947e-5,manuscript-fixed programme/location/constituent-term exemplar
3,GO:0006119,microglia,CA1,3900,-0.504010390660694,FALSE,FALSE,oxidative phosphorylation,-2.11097705826318,5.75222270996947e-5,manuscript-fixed programme/location/constituent-term exemplar
3,GO:0006119,microglia,CA1,3901,-0.504209039846233,FALSE,FALSE,oxidative phosphorylation,-2.11097705826318,5.75222270996947e-5,manuscript-fixed programme/location/constituent-term exemplar
3,GO:0006119,microglia,CA1,3902,-0.504407689031771,FALSE,FALSE,oxidative phosphorylation,-2.11097705826318,5.75222270996947e-5,manuscript-fixed programme/location/constituent-term exemplar
3,GO:0006119,microglia,CA1,3903,-0.504606338217309,FALSE,FALSE,oxidative phosphorylation,-2.11097705826318,5.75222270996947e-5,manuscript-fixed programme/location/constituent-term exemplar
3,GO:0006119,microglia,CA1,3904,-0.504804987402848,FALSE,FALSE,oxidative phosphorylation,-2.11097705826318,5.75222270996947e-5,manuscript-fixed programme/location/constituent-term exemplar
3,GO:0006119,microglia,CA1,3905,-0.505003636588386,FALSE,FALSE,oxidative phosphorylation,-2.11097705826318,5.75222270996947e-5,manuscript-fixed programme/location/constituent-term exemplar
3,GO:0006119,microglia,CA1,3906,-0.505202285773924,FALSE,FALSE,oxidative phosphorylation,-2.11097705826318,5.75222270996947e-5,manuscript-fixed programme/location/constituent-term exemplar
3,GO:0006119,microglia,CA1,3907,-0.505400934959463,FALSE,FALSE,oxidative phosphorylation,-2.11097705826318,5.75222270996947e-5,manuscript-fixed programme/location/constituent-term exemplar
3,GO:0006119,microglia,CA1,3908,-0.505599584145001,FALSE,FALSE,oxidative phosphorylation,-2.11097705826318,5.75222270996947e-5,manuscript-fixed programme/location/constituent-term exemplar
3,GO:0006119,microglia,CA1,3909,-0.50579823333054,FALSE,FALSE,oxidative phosphorylation,-2.11097705826318,5.75222270996947e-5,manuscript-fixed programme/location/constituent-term exemplar
3,GO:0006119,microglia,CA1,3910,-0.505996882516078,FALSE,FALSE,oxidative phosphorylation,-2.11097705826318,5.75222270996947e-5,manuscript-fixed programme/location/constituent-term exemplar
3,GO:0006119,microglia,CA1,3911,-0.506195531701616,FALSE,FALSE,oxidative phosphorylation,-2.11097705826318,5.75222270996947e-5,manuscript-fixed programme/location/constituent-term exemplar
3,GO:0006119,microglia,CA1,3912,-0.506394180887154,FALSE,FALSE,oxidative phosphorylation,-2.11097705826318,5.75222270996947e-5,manuscript-fixed programme/location/constituent-term exemplar
3,GO:0006119,microglia,CA1,3913,-0.506592830072693,FALSE,FALSE,oxidative phosphorylation,-2.11097705826318,5.75222270996947e-5,manuscript-fixed programme/location/constituent-term exemplar
3,GO:0006119,microglia,CA1,3914,-0.506791479258231,FALSE,FALSE,oxidative phosphorylation,-2.11097705826318,5.75222270996947e-5,manuscript-fixed programme/location/constituent-term exemplar
3,GO:0006119,microglia,CA1,3915,-0.506990128443769,FALSE,FALSE,oxidative phosphorylation,-2.11097705826318,5.75222270996947e-5,manuscript-fixed programme/location/constituent-term exemplar
3,GO:0006119,microglia,CA1,3916,-0.507188777629308,FALSE,FALSE,oxidative phosphorylation,-2.11097705826318,5.75222270996947e-5,manuscript-fixed programme/location/constituent-term exemplar
3,GO:0006119,microglia,CA1,3917,-0.507387426814846,FALSE,FALSE,oxidative phosphorylation,-2.11097705826318,5.75222270996947e-5,manuscript-fixed programme/location/constituent-term exemplar
3,GO:0006119,microglia,CA1,3918,-0.507586076000385,FALSE,FALSE,oxidative phosphorylation,-2.11097705826318,5.75222270996947e-5,manuscript-fixed programme/location/constituent-term exemplar
3,GO:0006119,microglia,CA1,3919,-0.507784725185923,FALSE,FALSE,oxidative phosphorylation,-2.11097705826318,5.75222270996947e-5,manuscript-fixed programme/location/constituent-term exemplar
3,GO:0006119,microglia,CA1,3920,-0.507983374371461,FALSE,FALSE,oxidative phosphorylation,-2.11097705826318,5.75222270996947e-5,manuscript-fixed programme/location/constituent-term exemplar
3,GO:0006119,microglia,CA1,3921,-0.508182023557,FALSE,FALSE,oxidative phosphorylation,-2.11097705826318,5.75222270996947e-5,manuscript-fixed programme/location/constituent-term exemplar
3,GO:0006119,microglia,CA1,3922,-0.508380672742538,FALSE,FALSE,oxidative phosphorylation,-2.11097705826318,5.75222270996947e-5,manuscript-fixed programme/location/constituent-term exemplar
3,GO:0006119,microglia,CA1,3923,-0.508579321928076,FALSE,FALSE,oxidative phosphorylation,-2.11097705826318,5.75222270996947e-5,manuscript-fixed programme/location/constituent-term exemplar
3,GO:0006119,microglia,CA1,3924,-0.508777971113614,FALSE,FALSE,oxidative phosphorylation,-2.11097705826318,5.75222270996947e-5,manuscript-fixed programme/location/constituent-term exemplar
3,GO:0006119,microglia,CA1,3925,-0.508976620299153,FALSE,FALSE,oxidative phosphorylation,-2.11097705826318,5.75222270996947e-5,manuscript-fixed programme/location/constituent-term exemplar
3,GO:0006119,microglia,CA1,3926,-0.509175269484691,FALSE,FALSE,oxidative phosphorylation,-2.11097705826318,5.75222270996947e-5,manuscript-fixed programme/location/constituent-term exemplar
3,GO:0006119,microglia,CA1,3927,-0.50937391867023,FALSE,FALSE,oxidative phosphorylation,-2.11097705826318,5.75222270996947e-5,manuscript-fixed programme/location/constituent-term exemplar
3,GO:0006119,microglia,CA1,3928,-0.509572567855768,FALSE,FALSE,oxidative phosphorylation,-2.11097705826318,5.75222270996947e-5,manuscript-fixed programme/location/constituent-term exemplar
3,GO:0006119,microglia,CA1,3929,-0.509771217041306,FALSE,FALSE,oxidative phosphorylation,-2.11097705826318,5.75222270996947e-5,manuscript-fixed programme/location/constituent-term exemplar
3,GO:0006119,microglia,CA1,3930,-0.509969866226845,FALSE,FALSE,oxidative phosphorylation,-2.11097705826318,5.75222270996947e-5,manuscript-fixed programme/location/constituent-term exemplar
3,GO:0006119,microglia,CA1,3931,-0.510168515412383,FALSE,FALSE,oxidative phosphorylation,-2.11097705826318,5.75222270996947e-5,manuscript-fixed programme/location/constituent-term exemplar
3,GO:0006119,microglia,CA1,3932,-0.510367164597921,FALSE,TRUE,oxidative phosphorylation,-2.11097705826318,5.75222270996947e-5,manuscript-fixed programme/location/constituent-term exemplar
3,GO:0006119,microglia,CA1,3933,-0.500366592934797,TRUE,FALSE,oxidative phosphorylation,-2.11097705826318,5.75222270996947e-5,manuscript-fixed programme/location/constituent-term exemplar
3,GO:0006119,microglia,CA1,3934,-0.500565242120335,FALSE,FALSE,oxidative phosphorylation,-2.11097705826318,5.75222270996947e-5,manuscript-fixed programme/location/constituent-term exemplar
3,GO:0006119,microglia,CA1,3935,-0.500763891305874,FALSE,FALSE,oxidative phosphorylation,-2.11097705826318,5.75222270996947e-5,manuscript-fixed programme/location/constituent-term exemplar
3,GO:0006119,microglia,CA1,3936,-0.500962540491412,FALSE,FALSE,oxidative phosphorylation,-2.11097705826318,5.75222270996947e-5,manuscript-fixed programme/location/constituent-term exemplar
3,GO:0006119,microglia,CA1,3937,-0.50116118967695,FALSE,FALSE,oxidative phosphorylation,-2.11097705826318,5.75222270996947e-5,manuscript-fixed programme/location/constituent-term exemplar
3,GO:0006119,microglia,CA1,3938,-0.501359838862489,FALSE,FALSE,oxidative phosphorylation,-2.11097705826318,5.75222270996947e-5,manuscript-fixed programme/location/constituent-term exemplar
3,GO:0006119,microglia,CA1,3939,-0.501558488048027,FALSE,FALSE,oxidative phosphorylation,-2.11097705826318,5.75222270996947e-5,manuscript-fixed programme/location/constituent-term exemplar
3,GO:0006119,microglia,CA1,3940,-0.501757137233565,FALSE,FALSE,oxidative phosphorylation,-2.11097705826318,5.75222270996947e-5,manuscript-fixed programme/location/constituent-term exemplar
3,GO:0006119,microglia,CA1,3941,-0.501955786419104,FALSE,FALSE,oxidative phosphorylation,-2.11097705826318,5.75222270996947e-5,manuscript-fixed programme/location/constituent-term exemplar
3,GO:0006119,microglia,CA1,3942,-0.502154435604642,FALSE,FALSE,oxidative phosphorylation,-2.11097705826318,5.75222270996947e-5,manuscript-fixed programme/location/constituent-term exemplar
3,GO:0006119,microglia,CA1,3943,-0.50235308479018,FALSE,FALSE,oxidative phosphorylation,-2.11097705826318,5.75222270996947e-5,manuscript-fixed programme/location/constituent-term exemplar
3,GO:0006119,microglia,CA1,3944,-0.502551733975719,FALSE,FALSE,oxidative phosphorylation,-2.11097705826318,5.75222270996947e-5,manuscript-fixed programme/location/constituent-term exemplar
3,GO:0006119,microglia,CA1,3945,-0.502750383161257,FALSE,FALSE,oxidative phosphorylation,-2.11097705826318,5.75222270996947e-5,manuscript-fixed programme/location/constituent-term exemplar
3,GO:0006119,microglia,CA1,3946,-0.502949032346796,FALSE,FALSE,oxidative phosphorylation,-2.11097705826318,5.75222270996947e-5,manuscript-fixed programme/location/constituent-term exemplar
3,GO:0006119,microglia,CA1,3947,-0.503147681532334,FALSE,FALSE,oxidative phosphorylation,-2.11097705826318,5.75222270996947e-5,manuscript-fixed programme/location/constituent-term exemplar
3,GO:0006119,microglia,CA1,3948,-0.503346330717872,FALSE,FALSE,oxidative phosphorylation,-2.11097705826318,5.75222270996947e-5,manuscript-fixed programme/location/constituent-term exemplar
3,GO:0006119,microglia,CA1,3949,-0.50354497990341,FALSE,FALSE,oxidative phosphorylation,-2.11097705826318,5.75222270996947e-5,manuscript-fixed programme/location/constituent-term exemplar
3,GO:0006119,microglia,CA1,3950,-0.503743629088949,FALSE,FALSE,oxidative phosphorylation,-2.11097705826318,5.75222270996947e-5,manuscript-fixed programme/location/constituent-term exemplar
3,GO:0006119,microglia,CA1,3951,-0.503942278274487,FALSE,FALSE,oxidative phosphorylation,-2.11097705826318,5.75222270996947e-5,manuscript-fixed programme/location/constituent-term exemplar
3,GO:0006119,microglia,CA1,3952,-0.504140927460025,FALSE,FALSE,oxidative phosphorylation,-2.11097705826318,5.75222270996947e-5,manuscript-fixed programme/location/constituent-term exemplar
3,GO:0006119,microglia,CA1,3953,-0.504339576645564,FALSE,FALSE,oxidative phosphorylation,-2.11097705826318,5.75222270996947e-5,manuscript-fixed programme/location/constituent-term exemplar
3,GO:0006119,microglia,CA1,3954,-0.504538225831102,FALSE,FALSE,oxidative phosphorylation,-2.11097705826318,5.75222270996947e-5,manuscript-fixed programme/location/constituent-term exemplar
3,GO:0006119,microglia,CA1,3955,-0.504736875016641,FALSE,FALSE,oxidative phosphorylation,-2.11097705826318,5.75222270996947e-5,manuscript-fixed programme/location/constituent-term exemplar
3,GO:0006119,microglia,CA1,3956,-0.504935524202179,FALSE,FALSE,oxidative phosphorylation,-2.11097705826318,5.75222270996947e-5,manuscript-fixed programme/location/constituent-term exemplar
3,GO:0006119,microglia,CA1,3957,-0.505134173387717,FALSE,FALSE,oxidative phosphorylation,-2.11097705826318,5.75222270996947e-5,manuscript-fixed programme/location/constituent-term exemplar
3,GO:0006119,microglia,CA1,3958,-0.505332822573256,FALSE,FALSE,oxidative phosphorylation,-2.11097705826318,5.75222270996947e-5,manuscript-fixed programme/location/constituent-term exemplar
3,GO:0006119,microglia,CA1,3959,-0.505531471758794,FALSE,FALSE,oxidative phosphorylation,-2.11097705826318,5.75222270996947e-5,manuscript-fixed programme/location/constituent-term exemplar
3,GO:0006119,microglia,CA1,3960,-0.505730120944332,FALSE,FALSE,oxidative phosphorylation,-2.11097705826318,5.75222270996947e-5,manuscript-fixed programme/location/constituent-term exemplar
3,GO:0006119,microglia,CA1,3961,-0.50592877012987,FALSE,FALSE,oxidative phosphorylation,-2.11097705826318,5.75222270996947e-5,manuscript-fixed programme/location/constituent-term exemplar
3,GO:0006119,microglia,CA1,3962,-0.506127419315409,FALSE,FALSE,oxidative phosphorylation,-2.11097705826318,5.75222270996947e-5,manuscript-fixed programme/location/constituent-term exemplar
3,GO:0006119,microglia,CA1,3963,-0.506326068500947,FALSE,FALSE,oxidative phosphorylation,-2.11097705826318,5.75222270996947e-5,manuscript-fixed programme/location/constituent-term exemplar
3,GO:0006119,microglia,CA1,3964,-0.506524717686486,FALSE,FALSE,oxidative phosphorylation,-2.11097705826318,5.75222270996947e-5,manuscript-fixed programme/location/constituent-term exemplar
3,GO:0006119,microglia,CA1,3965,-0.496388840362347,TRUE,FALSE,oxidative phosphorylation,-2.11097705826318,5.75222270996947e-5,manuscript-fixed programme/location/constituent-term exemplar
3,GO:0006119,microglia,CA1,3966,-0.496587489547886,FALSE,FALSE,oxidative phosphorylation,-2.11097705826318,5.75222270996947e-5,manuscript-fixed programme/location/constituent-term exemplar
3,GO:0006119,microglia,CA1,3967,-0.496786138733424,FALSE,FALSE,oxidative phosphorylation,-2.11097705826318,5.75222270996947e-5,manuscript-fixed programme/location/constituent-term exemplar
3,GO:0006119,microglia,CA1,3968,-0.496984787918962,FALSE,FALSE,oxidative phosphorylation,-2.11097705826318,5.75222270996947e-5,manuscript-fixed programme/location/constituent-term exemplar
3,GO:0006119,microglia,CA1,3969,-0.497183437104501,FALSE,FALSE,oxidative phosphorylation,-2.11097705826318,5.75222270996947e-5,manuscript-fixed programme/location/constituent-term exemplar
3,GO:0006119,microglia,CA1,3970,-0.497382086290039,FALSE,FALSE,oxidative phosphorylation,-2.11097705826318,5.75222270996947e-5,manuscript-fixed programme/location/constituent-term exemplar
3,GO:0006119,microglia,CA1,3971,-0.497580735475577,FALSE,FALSE,oxidative phosphorylation,-2.11097705826318,5.75222270996947e-5,manuscript-fixed programme/location/constituent-term exemplar
3,GO:0006119,microglia,CA1,3972,-0.497779384661116,FALSE,FALSE,oxidative phosphorylation,-2.11097705826318,5.75222270996947e-5,manuscript-fixed programme/location/constituent-term exemplar
3,GO:0006119,microglia,CA1,3973,-0.497978033846654,FALSE,FALSE,oxidative phosphorylation,-2.11097705826318,5.75222270996947e-5,manuscript-fixed programme/location/constituent-term exemplar
3,GO:0006119,microglia,CA1,3974,-0.498176683032192,FALSE,FALSE,oxidative phosphorylation,-2.11097705826318,5.75222270996947e-5,manuscript-fixed programme/location/constituent-term exemplar
3,GO:0006119,microglia,CA1,3975,-0.498375332217731,FALSE,FALSE,oxidative phosphorylation,-2.11097705826318,5.75222270996947e-5,manuscript-fixed programme/location/constituent-term exemplar
3,GO:0006119,microglia,CA1,3976,-0.498573981403269,FALSE,FALSE,oxidative phosphorylation,-2.11097705826318,5.75222270996947e-5,manuscript-fixed programme/location/constituent-term exemplar
3,GO:0006119,microglia,CA1,3977,-0.488376912694724,TRUE,FALSE,oxidative phosphorylation,-2.11097705826318,5.75222270996947e-5,manuscript-fixed programme/location/constituent-term exemplar
3,GO:0006119,microglia,CA1,3978,-0.488575561880262,FALSE,FALSE,oxidative phosphorylation,-2.11097705826318,5.75222270996947e-5,manuscript-fixed programme/location/constituent-term exemplar
3,GO:0006119,microglia,CA1,3979,-0.4887742110658,FALSE,FALSE,oxidative phosphorylation,-2.11097705826318,5.75222270996947e-5,manuscript-fixed programme/location/constituent-term exemplar
3,GO:0006119,microglia,CA1,3980,-0.488972860251339,FALSE,FALSE,oxidative phosphorylation,-2.11097705826318,5.75222270996947e-5,manuscript-fixed programme/location/constituent-term exemplar
3,GO:0006119,microglia,CA1,3981,-0.489171509436877,FALSE,FALSE,oxidative phosphorylation,-2.11097705826318,5.75222270996947e-5,manuscript-fixed programme/location/constituent-term exemplar
3,GO:0006119,microglia,CA1,3982,-0.489370158622415,FALSE,FALSE,oxidative phosphorylation,-2.11097705826318,5.75222270996947e-5,manuscript-fixed programme/location/constituent-term exemplar
3,GO:0006119,microglia,CA1,3983,-0.489568807807954,FALSE,FALSE,oxidative phosphorylation,-2.11097705826318,5.75222270996947e-5,manuscript-fixed programme/location/constituent-term exemplar
3,GO:0006119,microglia,CA1,3984,-0.489767456993492,FALSE,FALSE,oxidative phosphorylation,-2.11097705826318,5.75222270996947e-5,manuscript-fixed programme/location/constituent-term exemplar
3,GO:0006119,microglia,CA1,3985,-0.48996610617903,FALSE,FALSE,oxidative phosphorylation,-2.11097705826318,5.75222270996947e-5,manuscript-fixed programme/location/constituent-term exemplar
3,GO:0006119,microglia,CA1,3986,-0.490164755364569,FALSE,FALSE,oxidative phosphorylation,-2.11097705826318,5.75222270996947e-5,manuscript-fixed programme/location/constituent-term exemplar
3,GO:0006119,microglia,CA1,3987,-0.490363404550107,FALSE,FALSE,oxidative phosphorylation,-2.11097705826318,5.75222270996947e-5,manuscript-fixed programme/location/constituent-term exemplar
3,GO:0006119,microglia,CA1,3988,-0.490562053735645,FALSE,FALSE,oxidative phosphorylation,-2.11097705826318,5.75222270996947e-5,manuscript-fixed programme/location/constituent-term exemplar
3,GO:0006119,microglia,CA1,3989,-0.490760702921184,FALSE,FALSE,oxidative phosphorylation,-2.11097705826318,5.75222270996947e-5,manuscript-fixed programme/location/constituent-term exemplar
3,GO:0006119,microglia,CA1,3990,-0.490959352106722,FALSE,FALSE,oxidative phosphorylation,-2.11097705826318,5.75222270996947e-5,manuscript-fixed programme/location/constituent-term exemplar
3,GO:0006119,microglia,CA1,3991,-0.49115800129226,FALSE,FALSE,oxidative phosphorylation,-2.11097705826318,5.75222270996947e-5,manuscript-fixed programme/location/constituent-term exemplar
3,GO:0006119,microglia,CA1,3992,-0.480856327214076,TRUE,FALSE,oxidative phosphorylation,-2.11097705826318,5.75222270996947e-5,manuscript-fixed programme/location/constituent-term exemplar
3,GO:0006119,microglia,CA1,3993,-0.481054976399615,FALSE,FALSE,oxidative phosphorylation,-2.11097705826318,5.75222270996947e-5,manuscript-fixed programme/location/constituent-term exemplar
3,GO:0006119,microglia,CA1,3994,-0.481253625585153,FALSE,FALSE,oxidative phosphorylation,-2.11097705826318,5.75222270996947e-5,manuscript-fixed programme/location/constituent-term exemplar
3,GO:0006119,microglia,CA1,3995,-0.481452274770691,FALSE,FALSE,oxidative phosphorylation,-2.11097705826318,5.75222270996947e-5,manuscript-fixed programme/location/constituent-term exemplar
3,GO:0006119,microglia,CA1,3996,-0.48165092395623,FALSE,FALSE,oxidative phosphorylation,-2.11097705826318,5.75222270996947e-5,manuscript-fixed programme/location/constituent-term exemplar
3,GO:0006119,microglia,CA1,3997,-0.481849573141768,FALSE,FALSE,oxidative phosphorylation,-2.11097705826318,5.75222270996947e-5,manuscript-fixed programme/location/constituent-term exemplar
3,GO:0006119,microglia,CA1,3998,-0.482048222327306,FALSE,FALSE,oxidative phosphorylation,-2.11097705826318,5.75222270996947e-5,manuscript-fixed programme/location/constituent-term exemplar
3,GO:0006119,microglia,CA1,3999,-0.482246871512845,FALSE,FALSE,oxidative phosphorylation,-2.11097705826318,5.75222270996947e-5,manuscript-fixed programme/location/constituent-term exemplar
3,GO:0006119,microglia,CA1,4000,-0.482445520698383,FALSE,FALSE,oxidative phosphorylation,-2.11097705826318,5.75222270996947e-5,manuscript-fixed programme/location/constituent-term exemplar
3,GO:0006119,microglia,CA1,4001,-0.482644169883921,FALSE,FALSE,oxidative phosphorylation,-2.11097705826318,5.75222270996947e-5,manuscript-fixed programme/location/constituent-term exemplar
3,GO:0006119,microglia,CA1,4002,-0.48284281906946,FALSE,FALSE,oxidative phosphorylation,-2.11097705826318,5.75222270996947e-5,manuscript-fixed programme/location/constituent-term exemplar
3,GO:0006119,microglia,CA1,4003,-0.483041468254998,FALSE,FALSE,oxidative phosphorylation,-2.11097705826318,5.75222270996947e-5,manuscript-fixed programme/location/constituent-term exemplar
3,GO:0006119,microglia,CA1,4004,-0.483240117440536,FALSE,FALSE,oxidative phosphorylation,-2.11097705826318,5.75222270996947e-5,manuscript-fixed programme/location/constituent-term exemplar
3,GO:0006119,microglia,CA1,4005,-0.483438766626075,FALSE,FALSE,oxidative phosphorylation,-2.11097705826318,5.75222270996947e-5,manuscript-fixed programme/location/constituent-term exemplar
3,GO:0006119,microglia,CA1,4006,-0.483637415811613,FALSE,FALSE,oxidative phosphorylation,-2.11097705826318,5.75222270996947e-5,manuscript-fixed programme/location/constituent-term exemplar
3,GO:0006119,microglia,CA1,4007,-0.483836064997151,FALSE,FALSE,oxidative phosphorylation,-2.11097705826318,5.75222270996947e-5,manuscript-fixed programme/location/constituent-term exemplar
3,GO:0006119,microglia,CA1,4008,-0.48403471418269,FALSE,FALSE,oxidative phosphorylation,-2.11097705826318,5.75222270996947e-5,manuscript-fixed programme/location/constituent-term exemplar
3,GO:0006119,microglia,CA1,4009,-0.484233363368228,FALSE,FALSE,oxidative phosphorylation,-2.11097705826318,5.75222270996947e-5,manuscript-fixed programme/location/constituent-term exemplar
3,GO:0006119,microglia,CA1,4010,-0.484432012553766,FALSE,FALSE,oxidative phosphorylation,-2.11097705826318,5.75222270996947e-5,manuscript-fixed programme/location/constituent-term exemplar
3,GO:0006119,microglia,CA1,4011,-0.484630661739305,FALSE,FALSE,oxidative phosphorylation,-2.11097705826318,5.75222270996947e-5,manuscript-fixed programme/location/constituent-term exemplar
3,GO:0006119,microglia,CA1,4012,-0.484829310924843,FALSE,FALSE,oxidative phosphorylation,-2.11097705826318,5.75222270996947e-5,manuscript-fixed programme/location/constituent-term exemplar
3,GO:0006119,microglia,CA1,4013,-0.485027960110381,FALSE,FALSE,oxidative phosphorylation,-2.11097705826318,5.75222270996947e-5,manuscript-fixed programme/location/constituent-term exemplar
3,GO:0006119,microglia,CA1,4014,-0.48522660929592,FALSE,FALSE,oxidative phosphorylation,-2.11097705826318,5.75222270996947e-5,manuscript-fixed programme/location/constituent-term exemplar
3,GO:0006119,microglia,CA1,4015,-0.485425258481458,FALSE,FALSE,oxidative phosphorylation,-2.11097705826318,5.75222270996947e-5,manuscript-fixed programme/location/constituent-term exemplar
3,GO:0006119,microglia,CA1,4016,-0.485623907666996,FALSE,FALSE,oxidative phosphorylation,-2.11097705826318,5.75222270996947e-5,manuscript-fixed programme/location/constituent-term exemplar
3,GO:0006119,microglia,CA1,4017,-0.485822556852535,FALSE,FALSE,oxidative phosphorylation,-2.11097705826318,5.75222270996947e-5,manuscript-fixed programme/location/constituent-term exemplar
3,GO:0006119,microglia,CA1,4018,-0.486021206038073,FALSE,FALSE,oxidative phosphorylation,-2.11097705826318,5.75222270996947e-5,manuscript-fixed programme/location/constituent-term exemplar
3,GO:0006119,microglia,CA1,4019,-0.486219855223611,FALSE,FALSE,oxidative phosphorylation,-2.11097705826318,5.75222270996947e-5,manuscript-fixed programme/location/constituent-term exemplar
3,GO:0006119,microglia,CA1,4020,-0.48641850440915,FALSE,FALSE,oxidative phosphorylation,-2.11097705826318,5.75222270996947e-5,manuscript-fixed programme/location/constituent-term exemplar
3,GO:0006119,microglia,CA1,4021,-0.486617153594688,FALSE,FALSE,oxidative phosphorylation,-2.11097705826318,5.75222270996947e-5,manuscript-fixed programme/location/constituent-term exemplar
3,GO:0006119,microglia,CA1,4022,-0.486815802780226,FALSE,FALSE,oxidative phosphorylation,-2.11097705826318,5.75222270996947e-5,manuscript-fixed programme/location/constituent-term exemplar
3,GO:0006119,microglia,CA1,4023,-0.487014451965765,FALSE,FALSE,oxidative phosphorylation,-2.11097705826318,5.75222270996947e-5,manuscript-fixed programme/location/constituent-term exemplar
3,GO:0006119,microglia,CA1,4024,-0.487213101151303,FALSE,FALSE,oxidative phosphorylation,-2.11097705826318,5.75222270996947e-5,manuscript-fixed programme/location/constituent-term exemplar
3,GO:0006119,microglia,CA1,4025,-0.487411750336841,FALSE,FALSE,oxidative phosphorylation,-2.11097705826318,5.75222270996947e-5,manuscript-fixed programme/location/constituent-term exemplar
3,GO:0006119,microglia,CA1,4026,-0.48761039952238,FALSE,FALSE,oxidative phosphorylation,-2.11097705826318,5.75222270996947e-5,manuscript-fixed programme/location/constituent-term exemplar
3,GO:0006119,microglia,CA1,4027,-0.487809048707918,FALSE,FALSE,oxidative phosphorylation,-2.11097705826318,5.75222270996947e-5,manuscript-fixed programme/location/constituent-term exemplar
3,GO:0006119,microglia,CA1,4028,-0.488007697893456,FALSE,FALSE,oxidative phosphorylation,-2.11097705826318,5.75222270996947e-5,manuscript-fixed programme/location/constituent-term exemplar
3,GO:0006119,microglia,CA1,4029,-0.488206347078995,FALSE,FALSE,oxidative phosphorylation,-2.11097705826318,5.75222270996947e-5,manuscript-fixed programme/location/constituent-term exemplar
3,GO:0006119,microglia,CA1,4030,-0.488404996264533,FALSE,FALSE,oxidative phosphorylation,-2.11097705826318,5.75222270996947e-5,manuscript-fixed programme/location/constituent-term exemplar
3,GO:0006119,microglia,CA1,4031,-0.488603645450071,FALSE,FALSE,oxidative phosphorylation,-2.11097705826318,5.75222270996947e-5,manuscript-fixed programme/location/constituent-term exemplar
3,GO:0006119,microglia,CA1,4032,-0.48880229463561,FALSE,FALSE,oxidative phosphorylation,-2.11097705826318,5.75222270996947e-5,manuscript-fixed programme/location/constituent-term exemplar
3,GO:0006119,microglia,CA1,4033,-0.489000943821148,FALSE,FALSE,oxidative phosphorylation,-2.11097705826318,5.75222270996947e-5,manuscript-fixed programme/location/constituent-term exemplar
3,GO:0006119,microglia,CA1,4034,-0.489199593006687,FALSE,FALSE,oxidative phosphorylation,-2.11097705826318,5.75222270996947e-5,manuscript-fixed programme/location/constituent-term exemplar
3,GO:0006119,microglia,CA1,4035,-0.489398242192225,FALSE,FALSE,oxidative phosphorylation,-2.11097705826318,5.75222270996947e-5,manuscript-fixed programme/location/constituent-term exemplar
3,GO:0006119,microglia,CA1,4036,-0.489596891377763,FALSE,FALSE,oxidative phosphorylation,-2.11097705826318,5.75222270996947e-5,manuscript-fixed programme/location/constituent-term exemplar
3,GO:0006119,microglia,CA1,4037,-0.489795540563301,FALSE,FALSE,oxidative phosphorylation,-2.11097705826318,5.75222270996947e-5,manuscript-fixed programme/location/constituent-term exemplar
3,GO:0006119,microglia,CA1,4038,-0.48999418974884,FALSE,FALSE,oxidative phosphorylation,-2.11097705826318,5.75222270996947e-5,manuscript-fixed programme/location/constituent-term exemplar
3,GO:0006119,microglia,CA1,4039,-0.490192838934378,FALSE,FALSE,oxidative phosphorylation,-2.11097705826318,5.75222270996947e-5,manuscript-fixed programme/location/constituent-term exemplar
3,GO:0006119,microglia,CA1,4040,-0.490391488119917,FALSE,FALSE,oxidative phosphorylation,-2.11097705826318,5.75222270996947e-5,manuscript-fixed programme/location/constituent-term exemplar
3,GO:0006119,microglia,CA1,4041,-0.490590137305455,FALSE,FALSE,oxidative phosphorylation,-2.11097705826318,5.75222270996947e-5,manuscript-fixed programme/location/constituent-term exemplar
3,GO:0006119,microglia,CA1,4042,-0.490788786490993,FALSE,FALSE,oxidative phosphorylation,-2.11097705826318,5.75222270996947e-5,manuscript-fixed programme/location/constituent-term exemplar
3,GO:0006119,microglia,CA1,4043,-0.490987435676532,FALSE,FALSE,oxidative phosphorylation,-2.11097705826318,5.75222270996947e-5,manuscript-fixed programme/location/constituent-term exemplar
3,GO:0006119,microglia,CA1,4044,-0.49118608486207,FALSE,FALSE,oxidative phosphorylation,-2.11097705826318,5.75222270996947e-5,manuscript-fixed programme/location/constituent-term exemplar
3,GO:0006119,microglia,CA1,4045,-0.491384734047608,FALSE,FALSE,oxidative phosphorylation,-2.11097705826318,5.75222270996947e-5,manuscript-fixed programme/location/constituent-term exemplar
3,GO:0006119,microglia,CA1,4046,-0.491583383233147,FALSE,FALSE,oxidative phosphorylation,-2.11097705826318,5.75222270996947e-5,manuscript-fixed programme/location/constituent-term exemplar
3,GO:0006119,microglia,CA1,4047,-0.491782032418685,FALSE,FALSE,oxidative phosphorylation,-2.11097705826318,5.75222270996947e-5,manuscript-fixed programme/location/constituent-term exemplar
3,GO:0006119,microglia,CA1,4048,-0.491980681604223,FALSE,FALSE,oxidative phosphorylation,-2.11097705826318,5.75222270996947e-5,manuscript-fixed programme/location/constituent-term exemplar
3,GO:0006119,microglia,CA1,4049,-0.492179330789762,FALSE,FALSE,oxidative phosphorylation,-2.11097705826318,5.75222270996947e-5,manuscript-fixed programme/location/constituent-term exemplar
3,GO:0006119,microglia,CA1,4050,-0.4923779799753,FALSE,FALSE,oxidative phosphorylation,-2.11097705826318,5.75222270996947e-5,manuscript-fixed programme/location/constituent-term exemplar
3,GO:0006119,microglia,CA1,4051,-0.492576629160838,FALSE,FALSE,oxidative phosphorylation,-2.11097705826318,5.75222270996947e-5,manuscript-fixed programme/location/constituent-term exemplar
3,GO:0006119,microglia,CA1,4052,-0.492775278346377,FALSE,FALSE,oxidative phosphorylation,-2.11097705826318,5.75222270996947e-5,manuscript-fixed programme/location/constituent-term exemplar
3,GO:0006119,microglia,CA1,4053,-0.48210604518739397,TRUE,FALSE,oxidative phosphorylation,-2.11097705826318,5.75222270996947e-5,manuscript-fixed programme/location/constituent-term exemplar
3,GO:0006119,microglia,CA1,4054,-0.482304694372932,FALSE,FALSE,oxidative phosphorylation,-2.11097705826318,5.75222270996947e-5,manuscript-fixed programme/location/constituent-term exemplar
3,GO:0006119,microglia,CA1,4055,-0.48250334355847,FALSE,FALSE,oxidative phosphorylation,-2.11097705826318,5.75222270996947e-5,manuscript-fixed programme/location/constituent-term exemplar
3,GO:0006119,microglia,CA1,4056,-0.482701992744009,FALSE,FALSE,oxidative phosphorylation,-2.11097705826318,5.75222270996947e-5,manuscript-fixed programme/location/constituent-term exemplar
3,GO:0006119,microglia,CA1,4057,-0.482900641929547,FALSE,FALSE,oxidative phosphorylation,-2.11097705826318,5.75222270996947e-5,manuscript-fixed programme/location/constituent-term exemplar
3,GO:0006119,microglia,CA1,4058,-0.483099291115085,FALSE,FALSE,oxidative phosphorylation,-2.11097705826318,5.75222270996947e-5,manuscript-fixed programme/location/constituent-term exemplar
3,GO:0006119,microglia,CA1,4059,-0.483297940300624,FALSE,FALSE,oxidative phosphorylation,-2.11097705826318,5.75222270996947e-5,manuscript-fixed programme/location/constituent-term exemplar
3,GO:0006119,microglia,CA1,4060,-0.483496589486162,FALSE,FALSE,oxidative phosphorylation,-2.11097705826318,5.75222270996947e-5,manuscript-fixed programme/location/constituent-term exemplar
3,GO:0006119,microglia,CA1,4061,-0.4836952386717,FALSE,FALSE,oxidative phosphorylation,-2.11097705826318,5.75222270996947e-5,manuscript-fixed programme/location/constituent-term exemplar
3,GO:0006119,microglia,CA1,4062,-0.483893887857239,FALSE,FALSE,oxidative phosphorylation,-2.11097705826318,5.75222270996947e-5,manuscript-fixed programme/location/constituent-term exemplar
3,GO:0006119,microglia,CA1,4063,-0.484092537042777,FALSE,FALSE,oxidative phosphorylation,-2.11097705826318,5.75222270996947e-5,manuscript-fixed programme/location/constituent-term exemplar
3,GO:0006119,microglia,CA1,4064,-0.484291186228315,FALSE,FALSE,oxidative phosphorylation,-2.11097705826318,5.75222270996947e-5,manuscript-fixed programme/location/constituent-term exemplar
3,GO:0006119,microglia,CA1,4065,-0.484489835413854,FALSE,FALSE,oxidative phosphorylation,-2.11097705826318,5.75222270996947e-5,manuscript-fixed programme/location/constituent-term exemplar
3,GO:0006119,microglia,CA1,4066,-0.484688484599392,FALSE,FALSE,oxidative phosphorylation,-2.11097705826318,5.75222270996947e-5,manuscript-fixed programme/location/constituent-term exemplar
3,GO:0006119,microglia,CA1,4067,-0.473909083414542,TRUE,FALSE,oxidative phosphorylation,-2.11097705826318,5.75222270996947e-5,manuscript-fixed programme/location/constituent-term exemplar
3,GO:0006119,microglia,CA1,4068,-0.47410773260008,FALSE,FALSE,oxidative phosphorylation,-2.11097705826318,5.75222270996947e-5,manuscript-fixed programme/location/constituent-term exemplar
3,GO:0006119,microglia,CA1,4069,-0.474306381785618,FALSE,FALSE,oxidative phosphorylation,-2.11097705826318,5.75222270996947e-5,manuscript-fixed programme/location/constituent-term exemplar
3,GO:0006119,microglia,CA1,4070,-0.463498456069424,TRUE,FALSE,oxidative phosphorylation,-2.11097705826318,5.75222270996947e-5,manuscript-fixed programme/location/constituent-term exemplar
3,GO:0006119,microglia,CA1,4071,-0.463697105254963,FALSE,FALSE,oxidative phosphorylation,-2.11097705826318,5.75222270996947e-5,manuscript-fixed programme/location/constituent-term exemplar
3,GO:0006119,microglia,CA1,4072,-0.463895754440501,FALSE,FALSE,oxidative phosphorylation,-2.11097705826318,5.75222270996947e-5,manuscript-fixed programme/location/constituent-term exemplar
3,GO:0006119,microglia,CA1,4073,-0.464094403626039,FALSE,FALSE,oxidative phosphorylation,-2.11097705826318,5.75222270996947e-5,manuscript-fixed programme/location/constituent-term exemplar
3,GO:0006119,microglia,CA1,4074,-0.464293052811578,FALSE,FALSE,oxidative phosphorylation,-2.11097705826318,5.75222270996947e-5,manuscript-fixed programme/location/constituent-term exemplar
3,GO:0006119,microglia,CA1,4075,-0.464491701997116,FALSE,FALSE,oxidative phosphorylation,-2.11097705826318,5.75222270996947e-5,manuscript-fixed programme/location/constituent-term exemplar
3,GO:0006119,microglia,CA1,4076,-0.464690351182654,FALSE,FALSE,oxidative phosphorylation,-2.11097705826318,5.75222270996947e-5,manuscript-fixed programme/location/constituent-term exemplar
3,GO:0006119,microglia,CA1,4077,-0.464889000368193,FALSE,FALSE,oxidative phosphorylation,-2.11097705826318,5.75222270996947e-5,manuscript-fixed programme/location/constituent-term exemplar
3,GO:0006119,microglia,CA1,4078,-0.465087649553731,FALSE,FALSE,oxidative phosphorylation,-2.11097705826318,5.75222270996947e-5,manuscript-fixed programme/location/constituent-term exemplar
3,GO:0006119,microglia,CA1,4079,-0.465286298739269,FALSE,FALSE,oxidative phosphorylation,-2.11097705826318,5.75222270996947e-5,manuscript-fixed programme/location/constituent-term exemplar
3,GO:0006119,microglia,CA1,4080,-0.465484947924808,FALSE,FALSE,oxidative phosphorylation,-2.11097705826318,5.75222270996947e-5,manuscript-fixed programme/location/constituent-term exemplar
3,GO:0006119,microglia,CA1,4081,-0.465683597110346,FALSE,FALSE,oxidative phosphorylation,-2.11097705826318,5.75222270996947e-5,manuscript-fixed programme/location/constituent-term exemplar
3,GO:0006119,microglia,CA1,4082,-0.465882246295884,FALSE,FALSE,oxidative phosphorylation,-2.11097705826318,5.75222270996947e-5,manuscript-fixed programme/location/constituent-term exemplar
3,GO:0006119,microglia,CA1,4083,-0.466080895481423,FALSE,FALSE,oxidative phosphorylation,-2.11097705826318,5.75222270996947e-5,manuscript-fixed programme/location/constituent-term exemplar
3,GO:0006119,microglia,CA1,4084,-0.466279544666961,FALSE,FALSE,oxidative phosphorylation,-2.11097705826318,5.75222270996947e-5,manuscript-fixed programme/location/constituent-term exemplar
3,GO:0006119,microglia,CA1,4085,-0.466478193852499,FALSE,FALSE,oxidative phosphorylation,-2.11097705826318,5.75222270996947e-5,manuscript-fixed programme/location/constituent-term exemplar
3,GO:0006119,microglia,CA1,4086,-0.466676843038038,FALSE,FALSE,oxidative phosphorylation,-2.11097705826318,5.75222270996947e-5,manuscript-fixed programme/location/constituent-term exemplar
3,GO:0006119,microglia,CA1,4087,-0.466875492223576,FALSE,FALSE,oxidative phosphorylation,-2.11097705826318,5.75222270996947e-5,manuscript-fixed programme/location/constituent-term exemplar
3,GO:0006119,microglia,CA1,4088,-0.467074141409114,FALSE,FALSE,oxidative phosphorylation,-2.11097705826318,5.75222270996947e-5,manuscript-fixed programme/location/constituent-term exemplar
3,GO:0006119,microglia,CA1,4089,-0.467272790594653,FALSE,FALSE,oxidative phosphorylation,-2.11097705826318,5.75222270996947e-5,manuscript-fixed programme/location/constituent-term exemplar
3,GO:0006119,microglia,CA1,4090,-0.467471439780191,FALSE,FALSE,oxidative phosphorylation,-2.11097705826318,5.75222270996947e-5,manuscript-fixed programme/location/constituent-term exemplar
3,GO:0006119,microglia,CA1,4091,-0.467670088965729,FALSE,FALSE,oxidative phosphorylation,-2.11097705826318,5.75222270996947e-5,manuscript-fixed programme/location/constituent-term exemplar
3,GO:0006119,microglia,CA1,4092,-0.467868738151268,FALSE,FALSE,oxidative phosphorylation,-2.11097705826318,5.75222270996947e-5,manuscript-fixed programme/location/constituent-term exemplar
3,GO:0006119,microglia,CA1,4093,-0.468067387336806,FALSE,FALSE,oxidative phosphorylation,-2.11097705826318,5.75222270996947e-5,manuscript-fixed programme/location/constituent-term exemplar
3,GO:0006119,microglia,CA1,4094,-0.468266036522344,FALSE,FALSE,oxidative phosphorylation,-2.11097705826318,5.75222270996947e-5,manuscript-fixed programme/location/constituent-term exemplar
3,GO:0006119,microglia,CA1,4095,-0.468464685707883,FALSE,FALSE,oxidative phosphorylation,-2.11097705826318,5.75222270996947e-5,manuscript-fixed programme/location/constituent-term exemplar
3,GO:0006119,microglia,CA1,4096,-0.468663334893421,FALSE,FALSE,oxidative phosphorylation,-2.11097705826318,5.75222270996947e-5,manuscript-fixed programme/location/constituent-term exemplar
3,GO:0006119,microglia,CA1,4097,-0.46886198407896,FALSE,FALSE,oxidative phosphorylation,-2.11097705826318,5.75222270996947e-5,manuscript-fixed programme/location/constituent-term exemplar
3,GO:0006119,microglia,CA1,4098,-0.469060633264498,FALSE,FALSE,oxidative phosphorylation,-2.11097705826318,5.75222270996947e-5,manuscript-fixed programme/location/constituent-term exemplar
3,GO:0006119,microglia,CA1,4099,-0.469259282450036,FALSE,FALSE,oxidative phosphorylation,-2.11097705826318,5.75222270996947e-5,manuscript-fixed programme/location/constituent-term exemplar
3,GO:0006119,microglia,CA1,4100,-0.469457931635574,FALSE,FALSE,oxidative phosphorylation,-2.11097705826318,5.75222270996947e-5,manuscript-fixed programme/location/constituent-term exemplar
3,GO:0006119,microglia,CA1,4101,-0.469656580821113,FALSE,FALSE,oxidative phosphorylation,-2.11097705826318,5.75222270996947e-5,manuscript-fixed programme/location/constituent-term exemplar
3,GO:0006119,microglia,CA1,4102,-0.469855230006651,FALSE,FALSE,oxidative phosphorylation,-2.11097705826318,5.75222270996947e-5,manuscript-fixed programme/location/constituent-term exemplar
3,GO:0006119,microglia,CA1,4103,-0.47005387919219,FALSE,FALSE,oxidative phosphorylation,-2.11097705826318,5.75222270996947e-5,manuscript-fixed programme/location/constituent-term exemplar
3,GO:0006119,microglia,CA1,4104,-0.470252528377728,FALSE,FALSE,oxidative phosphorylation,-2.11097705826318,5.75222270996947e-5,manuscript-fixed programme/location/constituent-term exemplar
3,GO:0006119,microglia,CA1,4105,-0.470451177563266,FALSE,FALSE,oxidative phosphorylation,-2.11097705826318,5.75222270996947e-5,manuscript-fixed programme/location/constituent-term exemplar
3,GO:0006119,microglia,CA1,4106,-0.470649826748805,FALSE,FALSE,oxidative phosphorylation,-2.11097705826318,5.75222270996947e-5,manuscript-fixed programme/location/constituent-term exemplar
3,GO:0006119,microglia,CA1,4107,-0.470848475934343,FALSE,FALSE,oxidative phosphorylation,-2.11097705826318,5.75222270996947e-5,manuscript-fixed programme/location/constituent-term exemplar
3,GO:0006119,microglia,CA1,4108,-0.471047125119881,FALSE,FALSE,oxidative phosphorylation,-2.11097705826318,5.75222270996947e-5,manuscript-fixed programme/location/constituent-term exemplar
3,GO:0006119,microglia,CA1,4109,-0.47124577430542,FALSE,FALSE,oxidative phosphorylation,-2.11097705826318,5.75222270996947e-5,manuscript-fixed programme/location/constituent-term exemplar
3,GO:0006119,microglia,CA1,4110,-0.471444423490958,FALSE,FALSE,oxidative phosphorylation,-2.11097705826318,5.75222270996947e-5,manuscript-fixed programme/location/constituent-term exemplar
3,GO:0006119,microglia,CA1,4111,-0.471643072676496,FALSE,FALSE,oxidative phosphorylation,-2.11097705826318,5.75222270996947e-5,manuscript-fixed programme/location/constituent-term exemplar
3,GO:0006119,microglia,CA1,4112,-0.471841721862035,FALSE,FALSE,oxidative phosphorylation,-2.11097705826318,5.75222270996947e-5,manuscript-fixed programme/location/constituent-term exemplar
3,GO:0006119,microglia,CA1,4113,-0.472040371047573,FALSE,FALSE,oxidative phosphorylation,-2.11097705826318,5.75222270996947e-5,manuscript-fixed programme/location/constituent-term exemplar
3,GO:0006119,microglia,CA1,4114,-0.472239020233111,FALSE,FALSE,oxidative phosphorylation,-2.11097705826318,5.75222270996947e-5,manuscript-fixed programme/location/constituent-term exemplar
3,GO:0006119,microglia,CA1,4115,-0.47243766941865,FALSE,FALSE,oxidative phosphorylation,-2.11097705826318,5.75222270996947e-5,manuscript-fixed programme/location/constituent-term exemplar
3,GO:0006119,microglia,CA1,4116,-0.472636318604188,FALSE,FALSE,oxidative phosphorylation,-2.11097705826318,5.75222270996947e-5,manuscript-fixed programme/location/constituent-term exemplar
3,GO:0006119,microglia,CA1,4117,-0.472834967789726,FALSE,FALSE,oxidative phosphorylation,-2.11097705826318,5.75222270996947e-5,manuscript-fixed programme/location/constituent-term exemplar
3,GO:0006119,microglia,CA1,4118,-0.473033616975265,FALSE,FALSE,oxidative phosphorylation,-2.11097705826318,5.75222270996947e-5,manuscript-fixed programme/location/constituent-term exemplar
3,GO:0006119,microglia,CA1,4119,-0.473232266160803,FALSE,FALSE,oxidative phosphorylation,-2.11097705826318,5.75222270996947e-5,manuscript-fixed programme/location/constituent-term exemplar
3,GO:0006119,microglia,CA1,4120,-0.473430915346341,FALSE,FALSE,oxidative phosphorylation,-2.11097705826318,5.75222270996947e-5,manuscript-fixed programme/location/constituent-term exemplar
3,GO:0006119,microglia,CA1,4121,-0.47362956453188,FALSE,FALSE,oxidative phosphorylation,-2.11097705826318,5.75222270996947e-5,manuscript-fixed programme/location/constituent-term exemplar
3,GO:0006119,microglia,CA1,4122,-0.473828213717418,FALSE,FALSE,oxidative phosphorylation,-2.11097705826318,5.75222270996947e-5,manuscript-fixed programme/location/constituent-term exemplar
3,GO:0006119,microglia,CA1,4123,-0.474026862902956,FALSE,FALSE,oxidative phosphorylation,-2.11097705826318,5.75222270996947e-5,manuscript-fixed programme/location/constituent-term exemplar
3,GO:0006119,microglia,CA1,4124,-0.474225512088495,FALSE,FALSE,oxidative phosphorylation,-2.11097705826318,5.75222270996947e-5,manuscript-fixed programme/location/constituent-term exemplar
3,GO:0006119,microglia,CA1,4125,-0.474424161274033,FALSE,FALSE,oxidative phosphorylation,-2.11097705826318,5.75222270996947e-5,manuscript-fixed programme/location/constituent-term exemplar
3,GO:0006119,microglia,CA1,4126,-0.46314266862583,TRUE,FALSE,oxidative phosphorylation,-2.11097705826318,5.75222270996947e-5,manuscript-fixed programme/location/constituent-term exemplar
3,GO:0006119,microglia,CA1,4127,-0.463341317811368,FALSE,FALSE,oxidative phosphorylation,-2.11097705826318,5.75222270996947e-5,manuscript-fixed programme/location/constituent-term exemplar
3,GO:0006119,microglia,CA1,4128,-0.463539966996907,FALSE,FALSE,oxidative phosphorylation,-2.11097705826318,5.75222270996947e-5,manuscript-fixed programme/location/constituent-term exemplar
3,GO:0006119,microglia,CA1,4129,-0.463738616182445,FALSE,FALSE,oxidative phosphorylation,-2.11097705826318,5.75222270996947e-5,manuscript-fixed programme/location/constituent-term exemplar
3,GO:0006119,microglia,CA1,4130,-0.463937265367984,FALSE,FALSE,oxidative phosphorylation,-2.11097705826318,5.75222270996947e-5,manuscript-fixed programme/location/constituent-term exemplar
3,GO:0006119,microglia,CA1,4131,-0.464135914553522,FALSE,FALSE,oxidative phosphorylation,-2.11097705826318,5.75222270996947e-5,manuscript-fixed programme/location/constituent-term exemplar
3,GO:0006119,microglia,CA1,4132,-0.46433456373906,FALSE,FALSE,oxidative phosphorylation,-2.11097705826318,5.75222270996947e-5,manuscript-fixed programme/location/constituent-term exemplar
3,GO:0006119,microglia,CA1,4133,-0.464533212924598,FALSE,FALSE,oxidative phosphorylation,-2.11097705826318,5.75222270996947e-5,manuscript-fixed programme/location/constituent-term exemplar
3,GO:0006119,microglia,CA1,4134,-0.464731862110137,FALSE,FALSE,oxidative phosphorylation,-2.11097705826318,5.75222270996947e-5,manuscript-fixed programme/location/constituent-term exemplar
3,GO:0006119,microglia,CA1,4135,-0.464930511295675,FALSE,FALSE,oxidative phosphorylation,-2.11097705826318,5.75222270996947e-5,manuscript-fixed programme/location/constituent-term exemplar
3,GO:0006119,microglia,CA1,4136,-0.465129160481214,FALSE,FALSE,oxidative phosphorylation,-2.11097705826318,5.75222270996947e-5,manuscript-fixed programme/location/constituent-term exemplar
3,GO:0006119,microglia,CA1,4137,-0.465327809666752,FALSE,FALSE,oxidative phosphorylation,-2.11097705826318,5.75222270996947e-5,manuscript-fixed programme/location/constituent-term exemplar
3,GO:0006119,microglia,CA1,4138,-0.46552645885229,FALSE,FALSE,oxidative phosphorylation,-2.11097705826318,5.75222270996947e-5,manuscript-fixed programme/location/constituent-term exemplar
3,GO:0006119,microglia,CA1,4139,-0.465725108037829,FALSE,FALSE,oxidative phosphorylation,-2.11097705826318,5.75222270996947e-5,manuscript-fixed programme/location/constituent-term exemplar
3,GO:0006119,microglia,CA1,4140,-0.465923757223367,FALSE,FALSE,oxidative phosphorylation,-2.11097705826318,5.75222270996947e-5,manuscript-fixed programme/location/constituent-term exemplar
3,GO:0006119,microglia,CA1,4141,-0.466122406408905,FALSE,FALSE,oxidative phosphorylation,-2.11097705826318,5.75222270996947e-5,manuscript-fixed programme/location/constituent-term exemplar
3,GO:0006119,microglia,CA1,4142,-0.466321055594444,FALSE,FALSE,oxidative phosphorylation,-2.11097705826318,5.75222270996947e-5,manuscript-fixed programme/location/constituent-term exemplar
3,GO:0006119,microglia,CA1,4143,-0.466519704779982,FALSE,FALSE,oxidative phosphorylation,-2.11097705826318,5.75222270996947e-5,manuscript-fixed programme/location/constituent-term exemplar
3,GO:0006119,microglia,CA1,4144,-0.46671835396552,FALSE,FALSE,oxidative phosphorylation,-2.11097705826318,5.75222270996947e-5,manuscript-fixed programme/location/constituent-term exemplar
3,GO:0006119,microglia,CA1,4145,-0.466917003151059,FALSE,FALSE,oxidative phosphorylation,-2.11097705826318,5.75222270996947e-5,manuscript-fixed programme/location/constituent-term exemplar
3,GO:0006119,microglia,CA1,4146,-0.467115652336597,FALSE,FALSE,oxidative phosphorylation,-2.11097705826318,5.75222270996947e-5,manuscript-fixed programme/location/constituent-term exemplar
3,GO:0006119,microglia,CA1,4147,-0.467314301522135,FALSE,FALSE,oxidative phosphorylation,-2.11097705826318,5.75222270996947e-5,manuscript-fixed programme/location/constituent-term exemplar
3,GO:0006119,microglia,CA1,4148,-0.467512950707674,FALSE,FALSE,oxidative phosphorylation,-2.11097705826318,5.75222270996947e-5,manuscript-fixed programme/location/constituent-term exemplar
3,GO:0006119,microglia,CA1,4149,-0.467711599893212,FALSE,FALSE,oxidative phosphorylation,-2.11097705826318,5.75222270996947e-5,manuscript-fixed programme/location/constituent-term exemplar
3,GO:0006119,microglia,CA1,4150,-0.46791024907875,FALSE,FALSE,oxidative phosphorylation,-2.11097705826318,5.75222270996947e-5,manuscript-fixed programme/location/constituent-term exemplar
3,GO:0006119,microglia,CA1,4151,-0.468108898264289,FALSE,FALSE,oxidative phosphorylation,-2.11097705826318,5.75222270996947e-5,manuscript-fixed programme/location/constituent-term exemplar
3,GO:0006119,microglia,CA1,4152,-0.468307547449827,FALSE,FALSE,oxidative phosphorylation,-2.11097705826318,5.75222270996947e-5,manuscript-fixed programme/location/constituent-term exemplar
3,GO:0006119,microglia,CA1,4153,-0.468506196635365,FALSE,FALSE,oxidative phosphorylation,-2.11097705826318,5.75222270996947e-5,manuscript-fixed programme/location/constituent-term exemplar
3,GO:0006119,microglia,CA1,4154,-0.468704845820904,FALSE,FALSE,oxidative phosphorylation,-2.11097705826318,5.75222270996947e-5,manuscript-fixed programme/location/constituent-term exemplar
3,GO:0006119,microglia,CA1,4155,-0.468903495006442,FALSE,FALSE,oxidative phosphorylation,-2.11097705826318,5.75222270996947e-5,manuscript-fixed programme/location/constituent-term exemplar
3,GO:0006119,microglia,CA1,4156,-0.46910214419198,FALSE,FALSE,oxidative phosphorylation,-2.11097705826318,5.75222270996947e-5,manuscript-fixed programme/location/constituent-term exemplar
3,GO:0006119,microglia,CA1,4157,-0.469300793377519,FALSE,FALSE,oxidative phosphorylation,-2.11097705826318,5.75222270996947e-5,manuscript-fixed programme/location/constituent-term exemplar
3,GO:0006119,microglia,CA1,4158,-0.469499442563057,FALSE,FALSE,oxidative phosphorylation,-2.11097705826318,5.75222270996947e-5,manuscript-fixed programme/location/constituent-term exemplar
3,GO:0006119,microglia,CA1,4159,-0.469698091748595,FALSE,FALSE,oxidative phosphorylation,-2.11097705826318,5.75222270996947e-5,manuscript-fixed programme/location/constituent-term exemplar
3,GO:0006119,microglia,CA1,4160,-0.469896740934134,FALSE,FALSE,oxidative phosphorylation,-2.11097705826318,5.75222270996947e-5,manuscript-fixed programme/location/constituent-term exemplar
3,GO:0006119,microglia,CA1,4161,-0.470095390119672,FALSE,FALSE,oxidative phosphorylation,-2.11097705826318,5.75222270996947e-5,manuscript-fixed programme/location/constituent-term exemplar
3,GO:0006119,microglia,CA1,4162,-0.47029403930521,FALSE,FALSE,oxidative phosphorylation,-2.11097705826318,5.75222270996947e-5,manuscript-fixed programme/location/constituent-term exemplar
3,GO:0006119,microglia,CA1,4163,-0.470492688490749,FALSE,FALSE,oxidative phosphorylation,-2.11097705826318,5.75222270996947e-5,manuscript-fixed programme/location/constituent-term exemplar
3,GO:0006119,microglia,CA1,4164,-0.470691337676287,FALSE,FALSE,oxidative phosphorylation,-2.11097705826318,5.75222270996947e-5,manuscript-fixed programme/location/constituent-term exemplar
3,GO:0006119,microglia,CA1,4165,-0.470889986861825,FALSE,FALSE,oxidative phosphorylation,-2.11097705826318,5.75222270996947e-5,manuscript-fixed programme/location/constituent-term exemplar
3,GO:0006119,microglia,CA1,4166,-0.471088636047364,FALSE,FALSE,oxidative phosphorylation,-2.11097705826318,5.75222270996947e-5,manuscript-fixed programme/location/constituent-term exemplar
3,GO:0006119,microglia,CA1,4167,-0.471287285232902,FALSE,FALSE,oxidative phosphorylation,-2.11097705826318,5.75222270996947e-5,manuscript-fixed programme/location/constituent-term exemplar
3,GO:0006119,microglia,CA1,4168,-0.47148593441844,FALSE,FALSE,oxidative phosphorylation,-2.11097705826318,5.75222270996947e-5,manuscript-fixed programme/location/constituent-term exemplar
3,GO:0006119,microglia,CA1,4169,-0.471684583603979,FALSE,FALSE,oxidative phosphorylation,-2.11097705826318,5.75222270996947e-5,manuscript-fixed programme/location/constituent-term exemplar
3,GO:0006119,microglia,CA1,4170,-0.471883232789517,FALSE,FALSE,oxidative phosphorylation,-2.11097705826318,5.75222270996947e-5,manuscript-fixed programme/location/constituent-term exemplar
3,GO:0006119,microglia,CA1,4171,-0.472081881975055,FALSE,FALSE,oxidative phosphorylation,-2.11097705826318,5.75222270996947e-5,manuscript-fixed programme/location/constituent-term exemplar
3,GO:0006119,microglia,CA1,4172,-0.472280531160594,FALSE,FALSE,oxidative phosphorylation,-2.11097705826318,5.75222270996947e-5,manuscript-fixed programme/location/constituent-term exemplar
3,GO:0006119,microglia,CA1,4173,-0.472479180346132,FALSE,FALSE,oxidative phosphorylation,-2.11097705826318,5.75222270996947e-5,manuscript-fixed programme/location/constituent-term exemplar
3,GO:0006119,microglia,CA1,4174,-0.47267782953167,FALSE,FALSE,oxidative phosphorylation,-2.11097705826318,5.75222270996947e-5,manuscript-fixed programme/location/constituent-term exemplar
3,GO:0006119,microglia,CA1,4175,-0.472876478717209,FALSE,FALSE,oxidative phosphorylation,-2.11097705826318,5.75222270996947e-5,manuscript-fixed programme/location/constituent-term exemplar
3,GO:0006119,microglia,CA1,4176,-0.473075127902747,FALSE,FALSE,oxidative phosphorylation,-2.11097705826318,5.75222270996947e-5,manuscript-fixed programme/location/constituent-term exemplar
3,GO:0006119,microglia,CA1,4177,-0.473273777088285,FALSE,FALSE,oxidative phosphorylation,-2.11097705826318,5.75222270996947e-5,manuscript-fixed programme/location/constituent-term exemplar
3,GO:0006119,microglia,CA1,4178,-0.473472426273824,FALSE,FALSE,oxidative phosphorylation,-2.11097705826318,5.75222270996947e-5,manuscript-fixed programme/location/constituent-term exemplar
3,GO:0006119,microglia,CA1,4179,-0.473671075459362,FALSE,FALSE,oxidative phosphorylation,-2.11097705826318,5.75222270996947e-5,manuscript-fixed programme/location/constituent-term exemplar
3,GO:0006119,microglia,CA1,4180,-0.4738697246449,FALSE,FALSE,oxidative phosphorylation,-2.11097705826318,5.75222270996947e-5,manuscript-fixed programme/location/constituent-term exemplar
3,GO:0006119,microglia,CA1,4181,-0.474068373830439,FALSE,FALSE,oxidative phosphorylation,-2.11097705826318,5.75222270996947e-5,manuscript-fixed programme/location/constituent-term exemplar
3,GO:0006119,microglia,CA1,4182,-0.474267023015977,FALSE,FALSE,oxidative phosphorylation,-2.11097705826318,5.75222270996947e-5,manuscript-fixed programme/location/constituent-term exemplar
3,GO:0006119,microglia,CA1,4183,-0.474465672201515,FALSE,FALSE,oxidative phosphorylation,-2.11097705826318,5.75222270996947e-5,manuscript-fixed programme/location/constituent-term exemplar
3,GO:0006119,microglia,CA1,4184,-0.474664321387054,FALSE,FALSE,oxidative phosphorylation,-2.11097705826318,5.75222270996947e-5,manuscript-fixed programme/location/constituent-term exemplar
3,GO:0006119,microglia,CA1,4185,-0.474862970572592,FALSE,FALSE,oxidative phosphorylation,-2.11097705826318,5.75222270996947e-5,manuscript-fixed programme/location/constituent-term exemplar
3,GO:0006119,microglia,CA1,4186,-0.47506161975813,FALSE,FALSE,oxidative phosphorylation,-2.11097705826318,5.75222270996947e-5,manuscript-fixed programme/location/constituent-term exemplar
3,GO:0006119,microglia,CA1,4187,-0.475260268943669,FALSE,FALSE,oxidative phosphorylation,-2.11097705826318,5.75222270996947e-5,manuscript-fixed programme/location/constituent-term exemplar
3,GO:0006119,microglia,CA1,4188,-0.475458918129207,FALSE,FALSE,oxidative phosphorylation,-2.11097705826318,5.75222270996947e-5,manuscript-fixed programme/location/constituent-term exemplar
3,GO:0006119,microglia,CA1,4189,-0.475657567314746,FALSE,FALSE,oxidative phosphorylation,-2.11097705826318,5.75222270996947e-5,manuscript-fixed programme/location/constituent-term exemplar
3,GO:0006119,microglia,CA1,4190,-0.475856216500284,FALSE,FALSE,oxidative phosphorylation,-2.11097705826318,5.75222270996947e-5,manuscript-fixed programme/location/constituent-term exemplar
3,GO:0006119,microglia,CA1,4191,-0.476054865685822,FALSE,FALSE,oxidative phosphorylation,-2.11097705826318,5.75222270996947e-5,manuscript-fixed programme/location/constituent-term exemplar
3,GO:0006119,microglia,CA1,4192,-0.47625351487136,FALSE,FALSE,oxidative phosphorylation,-2.11097705826318,5.75222270996947e-5,manuscript-fixed programme/location/constituent-term exemplar
3,GO:0006119,microglia,CA1,4193,-0.464479951314216,TRUE,FALSE,oxidative phosphorylation,-2.11097705826318,5.75222270996947e-5,manuscript-fixed programme/location/constituent-term exemplar
3,GO:0006119,microglia,CA1,4194,-0.464678600499755,FALSE,FALSE,oxidative phosphorylation,-2.11097705826318,5.75222270996947e-5,manuscript-fixed programme/location/constituent-term exemplar
3,GO:0006119,microglia,CA1,4195,-0.464877249685293,FALSE,FALSE,oxidative phosphorylation,-2.11097705826318,5.75222270996947e-5,manuscript-fixed programme/location/constituent-term exemplar
3,GO:0006119,microglia,CA1,4196,-0.465075898870831,FALSE,FALSE,oxidative phosphorylation,-2.11097705826318,5.75222270996947e-5,manuscript-fixed programme/location/constituent-term exemplar
3,GO:0006119,microglia,CA1,4197,-0.46527454805637,FALSE,FALSE,oxidative phosphorylation,-2.11097705826318,5.75222270996947e-5,manuscript-fixed programme/location/constituent-term exemplar
3,GO:0006119,microglia,CA1,4198,-0.465473197241908,FALSE,FALSE,oxidative phosphorylation,-2.11097705826318,5.75222270996947e-5,manuscript-fixed programme/location/constituent-term exemplar
3,GO:0006119,microglia,CA1,4199,-0.465671846427446,FALSE,FALSE,oxidative phosphorylation,-2.11097705826318,5.75222270996947e-5,manuscript-fixed programme/location/constituent-term exemplar
3,GO:0006119,microglia,CA1,4200,-0.465870495612985,FALSE,FALSE,oxidative phosphorylation,-2.11097705826318,5.75222270996947e-5,manuscript-fixed programme/location/constituent-term exemplar
3,GO:0006119,microglia,CA1,4201,-0.466069144798523,FALSE,FALSE,oxidative phosphorylation,-2.11097705826318,5.75222270996947e-5,manuscript-fixed programme/location/constituent-term exemplar
3,GO:0006119,microglia,CA1,4202,-0.466267793984061,FALSE,FALSE,oxidative phosphorylation,-2.11097705826318,5.75222270996947e-5,manuscript-fixed programme/location/constituent-term exemplar
3,GO:0006119,microglia,CA1,4203,-0.4664664431696,FALSE,FALSE,oxidative phosphorylation,-2.11097705826318,5.75222270996947e-5,manuscript-fixed programme/location/constituent-term exemplar
3,GO:0006119,microglia,CA1,4204,-0.466665092355138,FALSE,FALSE,oxidative phosphorylation,-2.11097705826318,5.75222270996947e-5,manuscript-fixed programme/location/constituent-term exemplar
3,GO:0006119,microglia,CA1,4205,-0.466863741540676,FALSE,FALSE,oxidative phosphorylation,-2.11097705826318,5.75222270996947e-5,manuscript-fixed programme/location/constituent-term exemplar
3,GO:0006119,microglia,CA1,4206,-0.467062390726215,FALSE,FALSE,oxidative phosphorylation,-2.11097705826318,5.75222270996947e-5,manuscript-fixed programme/location/constituent-term exemplar
3,GO:0006119,microglia,CA1,4207,-0.467261039911753,FALSE,FALSE,oxidative phosphorylation,-2.11097705826318,5.75222270996947e-5,manuscript-fixed programme/location/constituent-term exemplar
3,GO:0006119,microglia,CA1,4208,-0.467459689097291,FALSE,FALSE,oxidative phosphorylation,-2.11097705826318,5.75222270996947e-5,manuscript-fixed programme/location/constituent-term exemplar
3,GO:0006119,microglia,CA1,4209,-0.455579359029377,TRUE,FALSE,oxidative phosphorylation,-2.11097705826318,5.75222270996947e-5,manuscript-fixed programme/location/constituent-term exemplar
3,GO:0006119,microglia,CA1,4210,-0.455778008214916,FALSE,FALSE,oxidative phosphorylation,-2.11097705826318,5.75222270996947e-5,manuscript-fixed programme/location/constituent-term exemplar
3,GO:0006119,microglia,CA1,4211,-0.455976657400454,FALSE,FALSE,oxidative phosphorylation,-2.11097705826318,5.75222270996947e-5,manuscript-fixed programme/location/constituent-term exemplar
3,GO:0006119,microglia,CA1,4212,-0.456175306585992,FALSE,FALSE,oxidative phosphorylation,-2.11097705826318,5.75222270996947e-5,manuscript-fixed programme/location/constituent-term exemplar
3,GO:0006119,microglia,CA1,4213,-0.456373955771531,FALSE,FALSE,oxidative phosphorylation,-2.11097705826318,5.75222270996947e-5,manuscript-fixed programme/location/constituent-term exemplar
3,GO:0006119,microglia,CA1,4214,-0.456572604957069,FALSE,FALSE,oxidative phosphorylation,-2.11097705826318,5.75222270996947e-5,manuscript-fixed programme/location/constituent-term exemplar
3,GO:0006119,microglia,CA1,4215,-0.456771254142607,FALSE,FALSE,oxidative phosphorylation,-2.11097705826318,5.75222270996947e-5,manuscript-fixed programme/location/constituent-term exemplar
3,GO:0006119,microglia,CA1,4216,-0.456969903328146,FALSE,FALSE,oxidative phosphorylation,-2.11097705826318,5.75222270996947e-5,manuscript-fixed programme/location/constituent-term exemplar
3,GO:0006119,microglia,CA1,4217,-0.457168552513684,FALSE,FALSE,oxidative phosphorylation,-2.11097705826318,5.75222270996947e-5,manuscript-fixed programme/location/constituent-term exemplar
3,GO:0006119,microglia,CA1,4218,-0.457367201699222,FALSE,FALSE,oxidative phosphorylation,-2.11097705826318,5.75222270996947e-5,manuscript-fixed programme/location/constituent-term exemplar
3,GO:0006119,microglia,CA1,4219,-0.457565850884761,FALSE,FALSE,oxidative phosphorylation,-2.11097705826318,5.75222270996947e-5,manuscript-fixed programme/location/constituent-term exemplar
3,GO:0006119,microglia,CA1,4220,-0.457764500070299,FALSE,FALSE,oxidative phosphorylation,-2.11097705826318,5.75222270996947e-5,manuscript-fixed programme/location/constituent-term exemplar
3,GO:0006119,microglia,CA1,4221,-0.457963149255837,FALSE,FALSE,oxidative phosphorylation,-2.11097705826318,5.75222270996947e-5,manuscript-fixed programme/location/constituent-term exemplar
3,GO:0006119,microglia,CA1,4222,-0.458161798441376,FALSE,FALSE,oxidative phosphorylation,-2.11097705826318,5.75222270996947e-5,manuscript-fixed programme/location/constituent-term exemplar
3,GO:0006119,microglia,CA1,4223,-0.458360447626914,FALSE,FALSE,oxidative phosphorylation,-2.11097705826318,5.75222270996947e-5,manuscript-fixed programme/location/constituent-term exemplar
3,GO:0006119,microglia,CA1,4224,-0.458559096812452,FALSE,FALSE,oxidative phosphorylation,-2.11097705826318,5.75222270996947e-5,manuscript-fixed programme/location/constituent-term exemplar
3,GO:0006119,microglia,CA1,4225,-0.458757745997991,FALSE,FALSE,oxidative phosphorylation,-2.11097705826318,5.75222270996947e-5,manuscript-fixed programme/location/constituent-term exemplar
3,GO:0006119,microglia,CA1,4226,-0.446771931772523,TRUE,FALSE,oxidative phosphorylation,-2.11097705826318,5.75222270996947e-5,manuscript-fixed programme/location/constituent-term exemplar
3,GO:0006119,microglia,CA1,4227,-0.446970580958061,FALSE,FALSE,oxidative phosphorylation,-2.11097705826318,5.75222270996947e-5,manuscript-fixed programme/location/constituent-term exemplar
3,GO:0006119,microglia,CA1,4228,-0.447169230143599,FALSE,FALSE,oxidative phosphorylation,-2.11097705826318,5.75222270996947e-5,manuscript-fixed programme/location/constituent-term exemplar
3,GO:0006119,microglia,CA1,4229,-0.435172535278534,TRUE,FALSE,oxidative phosphorylation,-2.11097705826318,5.75222270996947e-5,manuscript-fixed programme/location/constituent-term exemplar
3,GO:0006119,microglia,CA1,4230,-0.435371184464072,FALSE,FALSE,oxidative phosphorylation,-2.11097705826318,5.75222270996947e-5,manuscript-fixed programme/location/constituent-term exemplar
3,GO:0006119,microglia,CA1,4231,-0.43556983364961,FALSE,FALSE,oxidative phosphorylation,-2.11097705826318,5.75222270996947e-5,manuscript-fixed programme/location/constituent-term exemplar
3,GO:0006119,microglia,CA1,4232,-0.435768482835149,FALSE,FALSE,oxidative phosphorylation,-2.11097705826318,5.75222270996947e-5,manuscript-fixed programme/location/constituent-term exemplar
3,GO:0006119,microglia,CA1,4233,-0.435967132020687,FALSE,FALSE,oxidative phosphorylation,-2.11097705826318,5.75222270996947e-5,manuscript-fixed programme/location/constituent-term exemplar
3,GO:0006119,microglia,CA1,4234,-0.436165781206225,FALSE,FALSE,oxidative phosphorylation,-2.11097705826318,5.75222270996947e-5,manuscript-fixed programme/location/constituent-term exemplar
3,GO:0006119,microglia,CA1,4235,-0.436364430391764,FALSE,FALSE,oxidative phosphorylation,-2.11097705826318,5.75222270996947e-5,manuscript-fixed programme/location/constituent-term exemplar
3,GO:0006119,microglia,CA1,4236,-0.436563079577302,FALSE,FALSE,oxidative phosphorylation,-2.11097705826318,5.75222270996947e-5,manuscript-fixed programme/location/constituent-term exemplar
3,GO:0006119,microglia,CA1,4237,-0.43676172876284,FALSE,FALSE,oxidative phosphorylation,-2.11097705826318,5.75222270996947e-5,manuscript-fixed programme/location/constituent-term exemplar
3,GO:0006119,microglia,CA1,4238,-0.436960377948379,FALSE,FALSE,oxidative phosphorylation,-2.11097705826318,5.75222270996947e-5,manuscript-fixed programme/location/constituent-term exemplar
3,GO:0006119,microglia,CA1,4239,-0.437159027133917,FALSE,FALSE,oxidative phosphorylation,-2.11097705826318,5.75222270996947e-5,manuscript-fixed programme/location/constituent-term exemplar
3,GO:0006119,microglia,CA1,4240,-0.437357676319455,FALSE,FALSE,oxidative phosphorylation,-2.11097705826318,5.75222270996947e-5,manuscript-fixed programme/location/constituent-term exemplar
3,GO:0006119,microglia,CA1,4241,-0.437556325504994,FALSE,FALSE,oxidative phosphorylation,-2.11097705826318,5.75222270996947e-5,manuscript-fixed programme/location/constituent-term exemplar
3,GO:0006119,microglia,CA1,4242,-0.437754974690532,FALSE,FALSE,oxidative phosphorylation,-2.11097705826318,5.75222270996947e-5,manuscript-fixed programme/location/constituent-term exemplar
3,GO:0006119,microglia,CA1,4243,-0.43795362387607,FALSE,FALSE,oxidative phosphorylation,-2.11097705826318,5.75222270996947e-5,manuscript-fixed programme/location/constituent-term exemplar
3,GO:0006119,microglia,CA1,4244,-0.438152273061609,FALSE,FALSE,oxidative phosphorylation,-2.11097705826318,5.75222270996947e-5,manuscript-fixed programme/location/constituent-term exemplar
3,GO:0006119,microglia,CA1,4245,-0.438350922247147,FALSE,FALSE,oxidative phosphorylation,-2.11097705826318,5.75222270996947e-5,manuscript-fixed programme/location/constituent-term exemplar
3,GO:0006119,microglia,CA1,4246,-0.438549571432685,FALSE,FALSE,oxidative phosphorylation,-2.11097705826318,5.75222270996947e-5,manuscript-fixed programme/location/constituent-term exemplar
3,GO:0006119,microglia,CA1,4247,-0.438748220618224,FALSE,FALSE,oxidative phosphorylation,-2.11097705826318,5.75222270996947e-5,manuscript-fixed programme/location/constituent-term exemplar
3,GO:0006119,microglia,CA1,4248,-0.438946869803762,FALSE,FALSE,oxidative phosphorylation,-2.11097705826318,5.75222270996947e-5,manuscript-fixed programme/location/constituent-term exemplar
3,GO:0006119,microglia,CA1,4249,-0.4391455189893,FALSE,FALSE,oxidative phosphorylation,-2.11097705826318,5.75222270996947e-5,manuscript-fixed programme/location/constituent-term exemplar
3,GO:0006119,microglia,CA1,4250,-0.439344168174839,FALSE,FALSE,oxidative phosphorylation,-2.11097705826318,5.75222270996947e-5,manuscript-fixed programme/location/constituent-term exemplar
3,GO:0006119,microglia,CA1,4251,-0.439542817360377,FALSE,FALSE,oxidative phosphorylation,-2.11097705826318,5.75222270996947e-5,manuscript-fixed programme/location/constituent-term exemplar
3,GO:0006119,microglia,CA1,4252,-0.439741466545915,FALSE,FALSE,oxidative phosphorylation,-2.11097705826318,5.75222270996947e-5,manuscript-fixed programme/location/constituent-term exemplar
3,GO:0006119,microglia,CA1,4253,-0.439940115731454,FALSE,FALSE,oxidative phosphorylation,-2.11097705826318,5.75222270996947e-5,manuscript-fixed programme/location/constituent-term exemplar
3,GO:0006119,microglia,CA1,4254,-0.440138764916992,FALSE,FALSE,oxidative phosphorylation,-2.11097705826318,5.75222270996947e-5,manuscript-fixed programme/location/constituent-term exemplar
3,GO:0006119,microglia,CA1,4255,-0.44033741410253,FALSE,FALSE,oxidative phosphorylation,-2.11097705826318,5.75222270996947e-5,manuscript-fixed programme/location/constituent-term exemplar
3,GO:0006119,microglia,CA1,4256,-0.440536063288069,FALSE,FALSE,oxidative phosphorylation,-2.11097705826318,5.75222270996947e-5,manuscript-fixed programme/location/constituent-term exemplar
3,GO:0006119,microglia,CA1,4257,-0.440734712473607,FALSE,FALSE,oxidative phosphorylation,-2.11097705826318,5.75222270996947e-5,manuscript-fixed programme/location/constituent-term exemplar
3,GO:0006119,microglia,CA1,4258,-0.440933361659145,FALSE,FALSE,oxidative phosphorylation,-2.11097705826318,5.75222270996947e-5,manuscript-fixed programme/location/constituent-term exemplar
3,GO:0006119,microglia,CA1,4259,-0.441132010844684,FALSE,FALSE,oxidative phosphorylation,-2.11097705826318,5.75222270996947e-5,manuscript-fixed programme/location/constituent-term exemplar
3,GO:0006119,microglia,CA1,4260,-0.441330660030222,FALSE,FALSE,oxidative phosphorylation,-2.11097705826318,5.75222270996947e-5,manuscript-fixed programme/location/constituent-term exemplar
3,GO:0006119,microglia,CA1,4261,-0.441529309215761,FALSE,FALSE,oxidative phosphorylation,-2.11097705826318,5.75222270996947e-5,manuscript-fixed programme/location/constituent-term exemplar
3,GO:0006119,microglia,CA1,4262,-0.441727958401299,FALSE,FALSE,oxidative phosphorylation,-2.11097705826318,5.75222270996947e-5,manuscript-fixed programme/location/constituent-term exemplar
3,GO:0006119,microglia,CA1,4263,-0.441926607586837,FALSE,FALSE,oxidative phosphorylation,-2.11097705826318,5.75222270996947e-5,manuscript-fixed programme/location/constituent-term exemplar
3,GO:0006119,microglia,CA1,4264,-0.442125256772375,FALSE,FALSE,oxidative phosphorylation,-2.11097705826318,5.75222270996947e-5,manuscript-fixed programme/location/constituent-term exemplar
3,GO:0006119,microglia,CA1,4265,-0.442323905957914,FALSE,FALSE,oxidative phosphorylation,-2.11097705826318,5.75222270996947e-5,manuscript-fixed programme/location/constituent-term exemplar
3,GO:0006119,microglia,CA1,4266,-0.442522555143452,FALSE,FALSE,oxidative phosphorylation,-2.11097705826318,5.75222270996947e-5,manuscript-fixed programme/location/constituent-term exemplar
3,GO:0006119,microglia,CA1,4267,-0.442721204328991,FALSE,FALSE,oxidative phosphorylation,-2.11097705826318,5.75222270996947e-5,manuscript-fixed programme/location/constituent-term exemplar
3,GO:0006119,microglia,CA1,4268,-0.442919853514529,FALSE,FALSE,oxidative phosphorylation,-2.11097705826318,5.75222270996947e-5,manuscript-fixed programme/location/constituent-term exemplar
3,GO:0006119,microglia,CA1,4269,-0.443118502700067,FALSE,FALSE,oxidative phosphorylation,-2.11097705826318,5.75222270996947e-5,manuscript-fixed programme/location/constituent-term exemplar
3,GO:0006119,microglia,CA1,4270,-0.443317151885605,FALSE,FALSE,oxidative phosphorylation,-2.11097705826318,5.75222270996947e-5,manuscript-fixed programme/location/constituent-term exemplar
3,GO:0006119,microglia,CA1,4271,-0.443515801071144,FALSE,FALSE,oxidative phosphorylation,-2.11097705826318,5.75222270996947e-5,manuscript-fixed programme/location/constituent-term exemplar
3,GO:0006119,microglia,CA1,4272,-0.443714450256682,FALSE,FALSE,oxidative phosphorylation,-2.11097705826318,5.75222270996947e-5,manuscript-fixed programme/location/constituent-term exemplar
3,GO:0006119,microglia,CA1,4273,-0.443913099442221,FALSE,FALSE,oxidative phosphorylation,-2.11097705826318,5.75222270996947e-5,manuscript-fixed programme/location/constituent-term exemplar
3,GO:0006119,microglia,CA1,4274,-0.444111748627759,FALSE,FALSE,oxidative phosphorylation,-2.11097705826318,5.75222270996947e-5,manuscript-fixed programme/location/constituent-term exemplar
3,GO:0006119,microglia,CA1,4275,-0.444310397813297,FALSE,FALSE,oxidative phosphorylation,-2.11097705826318,5.75222270996947e-5,manuscript-fixed programme/location/constituent-term exemplar
3,GO:0006119,microglia,CA1,4276,-0.444509046998836,FALSE,FALSE,oxidative phosphorylation,-2.11097705826318,5.75222270996947e-5,manuscript-fixed programme/location/constituent-term exemplar
3,GO:0006119,microglia,CA1,4277,-0.444707696184374,FALSE,FALSE,oxidative phosphorylation,-2.11097705826318,5.75222270996947e-5,manuscript-fixed programme/location/constituent-term exemplar
3,GO:0006119,microglia,CA1,4278,-0.444906345369912,FALSE,FALSE,oxidative phosphorylation,-2.11097705826318,5.75222270996947e-5,manuscript-fixed programme/location/constituent-term exemplar
3,GO:0006119,microglia,CA1,4279,-0.445104994555451,FALSE,FALSE,oxidative phosphorylation,-2.11097705826318,5.75222270996947e-5,manuscript-fixed programme/location/constituent-term exemplar
3,GO:0006119,microglia,CA1,4280,-0.432758347108406,TRUE,FALSE,oxidative phosphorylation,-2.11097705826318,5.75222270996947e-5,manuscript-fixed programme/location/constituent-term exemplar
3,GO:0006119,microglia,CA1,4281,-0.432956996293944,FALSE,FALSE,oxidative phosphorylation,-2.11097705826318,5.75222270996947e-5,manuscript-fixed programme/location/constituent-term exemplar
3,GO:0006119,microglia,CA1,4282,-0.433155645479483,FALSE,FALSE,oxidative phosphorylation,-2.11097705826318,5.75222270996947e-5,manuscript-fixed programme/location/constituent-term exemplar
3,GO:0006119,microglia,CA1,4283,-0.433354294665021,FALSE,FALSE,oxidative phosphorylation,-2.11097705826318,5.75222270996947e-5,manuscript-fixed programme/location/constituent-term exemplar
3,GO:0006119,microglia,CA1,4284,-0.433552943850559,FALSE,FALSE,oxidative phosphorylation,-2.11097705826318,5.75222270996947e-5,manuscript-fixed programme/location/constituent-term exemplar
3,GO:0006119,microglia,CA1,4285,-0.433751593036098,FALSE,FALSE,oxidative phosphorylation,-2.11097705826318,5.75222270996947e-5,manuscript-fixed programme/location/constituent-term exemplar
3,GO:0006119,microglia,CA1,4286,-0.433950242221636,FALSE,FALSE,oxidative phosphorylation,-2.11097705826318,5.75222270996947e-5,manuscript-fixed programme/location/constituent-term exemplar
3,GO:0006119,microglia,CA1,4287,-0.434148891407174,FALSE,FALSE,oxidative phosphorylation,-2.11097705826318,5.75222270996947e-5,manuscript-fixed programme/location/constituent-term exemplar
3,GO:0006119,microglia,CA1,4288,-0.434347540592713,FALSE,FALSE,oxidative phosphorylation,-2.11097705826318,5.75222270996947e-5,manuscript-fixed programme/location/constituent-term exemplar
3,GO:0006119,microglia,CA1,4289,-0.434546189778251,FALSE,FALSE,oxidative phosphorylation,-2.11097705826318,5.75222270996947e-5,manuscript-fixed programme/location/constituent-term exemplar
3,GO:0006119,microglia,CA1,4290,-0.434744838963789,FALSE,FALSE,oxidative phosphorylation,-2.11097705826318,5.75222270996947e-5,manuscript-fixed programme/location/constituent-term exemplar
3,GO:0006119,microglia,CA1,4291,-0.434943488149328,FALSE,FALSE,oxidative phosphorylation,-2.11097705826318,5.75222270996947e-5,manuscript-fixed programme/location/constituent-term exemplar
3,GO:0006119,microglia,CA1,4292,-0.435142137334866,FALSE,FALSE,oxidative phosphorylation,-2.11097705826318,5.75222270996947e-5,manuscript-fixed programme/location/constituent-term exemplar
3,GO:0006119,microglia,CA1,4293,-0.435340786520404,FALSE,FALSE,oxidative phosphorylation,-2.11097705826318,5.75222270996947e-5,manuscript-fixed programme/location/constituent-term exemplar
3,GO:0006119,microglia,CA1,4294,-0.42283100833851,TRUE,FALSE,oxidative phosphorylation,-2.11097705826318,5.75222270996947e-5,manuscript-fixed programme/location/constituent-term exemplar
3,GO:0006119,microglia,CA1,4295,-0.423029657524048,FALSE,FALSE,oxidative phosphorylation,-2.11097705826318,5.75222270996947e-5,manuscript-fixed programme/location/constituent-term exemplar
3,GO:0006119,microglia,CA1,4296,-0.423228306709586,FALSE,FALSE,oxidative phosphorylation,-2.11097705826318,5.75222270996947e-5,manuscript-fixed programme/location/constituent-term exemplar
3,GO:0006119,microglia,CA1,4297,-0.423426955895125,FALSE,FALSE,oxidative phosphorylation,-2.11097705826318,5.75222270996947e-5,manuscript-fixed programme/location/constituent-term exemplar
3,GO:0006119,microglia,CA1,4298,-0.423625605080663,FALSE,FALSE,oxidative phosphorylation,-2.11097705826318,5.75222270996947e-5,manuscript-fixed programme/location/constituent-term exemplar
3,GO:0006119,microglia,CA1,4299,-0.423824254266202,FALSE,FALSE,oxidative phosphorylation,-2.11097705826318,5.75222270996947e-5,manuscript-fixed programme/location/constituent-term exemplar
3,GO:0006119,microglia,CA1,4300,-0.42402290345174,FALSE,FALSE,oxidative phosphorylation,-2.11097705826318,5.75222270996947e-5,manuscript-fixed programme/location/constituent-term exemplar
3,GO:0006119,microglia,CA1,4301,-0.424221552637278,FALSE,FALSE,oxidative phosphorylation,-2.11097705826318,5.75222270996947e-5,manuscript-fixed programme/location/constituent-term exemplar
3,GO:0006119,microglia,CA1,4302,-0.424420201822816,FALSE,FALSE,oxidative phosphorylation,-2.11097705826318,5.75222270996947e-5,manuscript-fixed programme/location/constituent-term exemplar
3,GO:0006119,microglia,CA1,4303,-0.424618851008355,FALSE,FALSE,oxidative phosphorylation,-2.11097705826318,5.75222270996947e-5,manuscript-fixed programme/location/constituent-term exemplar
3,GO:0006119,microglia,CA1,4304,-0.424817500193893,FALSE,FALSE,oxidative phosphorylation,-2.11097705826318,5.75222270996947e-5,manuscript-fixed programme/location/constituent-term exemplar
3,GO:0006119,microglia,CA1,4305,-0.425016149379432,FALSE,FALSE,oxidative phosphorylation,-2.11097705826318,5.75222270996947e-5,manuscript-fixed programme/location/constituent-term exemplar
3,GO:0006119,microglia,CA1,4306,-0.42521479856497,FALSE,FALSE,oxidative phosphorylation,-2.11097705826318,5.75222270996947e-5,manuscript-fixed programme/location/constituent-term exemplar
3,GO:0006119,microglia,CA1,4307,-0.425413447750508,FALSE,FALSE,oxidative phosphorylation,-2.11097705826318,5.75222270996947e-5,manuscript-fixed programme/location/constituent-term exemplar
3,GO:0006119,microglia,CA1,4308,-0.425612096936047,FALSE,FALSE,oxidative phosphorylation,-2.11097705826318,5.75222270996947e-5,manuscript-fixed programme/location/constituent-term exemplar
3,GO:0006119,microglia,CA1,4309,-0.425810746121585,FALSE,FALSE,oxidative phosphorylation,-2.11097705826318,5.75222270996947e-5,manuscript-fixed programme/location/constituent-term exemplar
3,GO:0006119,microglia,CA1,4310,-0.426009395307123,FALSE,FALSE,oxidative phosphorylation,-2.11097705826318,5.75222270996947e-5,manuscript-fixed programme/location/constituent-term exemplar
3,GO:0006119,microglia,CA1,4311,-0.426208044492662,FALSE,FALSE,oxidative phosphorylation,-2.11097705826318,5.75222270996947e-5,manuscript-fixed programme/location/constituent-term exemplar
3,GO:0006119,microglia,CA1,4312,-0.4264066936782,FALSE,FALSE,oxidative phosphorylation,-2.11097705826318,5.75222270996947e-5,manuscript-fixed programme/location/constituent-term exemplar
3,GO:0006119,microglia,CA1,4313,-0.426605342863738,FALSE,FALSE,oxidative phosphorylation,-2.11097705826318,5.75222270996947e-5,manuscript-fixed programme/location/constituent-term exemplar
3,GO:0006119,microglia,CA1,4314,-0.426803992049277,FALSE,FALSE,oxidative phosphorylation,-2.11097705826318,5.75222270996947e-5,manuscript-fixed programme/location/constituent-term exemplar
3,GO:0006119,microglia,CA1,4315,-0.427002641234815,FALSE,FALSE,oxidative phosphorylation,-2.11097705826318,5.75222270996947e-5,manuscript-fixed programme/location/constituent-term exemplar
3,GO:0006119,microglia,CA1,4316,-0.427201290420353,FALSE,FALSE,oxidative phosphorylation,-2.11097705826318,5.75222270996947e-5,manuscript-fixed programme/location/constituent-term exemplar
3,GO:0006119,microglia,CA1,4317,-0.427399939605892,FALSE,FALSE,oxidative phosphorylation,-2.11097705826318,5.75222270996947e-5,manuscript-fixed programme/location/constituent-term exemplar
3,GO:0006119,microglia,CA1,4318,-0.414625765161859,TRUE,FALSE,oxidative phosphorylation,-2.11097705826318,5.75222270996947e-5,manuscript-fixed programme/location/constituent-term exemplar
3,GO:0006119,microglia,CA1,4319,-0.414824414347398,FALSE,FALSE,oxidative phosphorylation,-2.11097705826318,5.75222270996947e-5,manuscript-fixed programme/location/constituent-term exemplar
3,GO:0006119,microglia,CA1,4320,-0.415023063532936,FALSE,FALSE,oxidative phosphorylation,-2.11097705826318,5.75222270996947e-5,manuscript-fixed programme/location/constituent-term exemplar
3,GO:0006119,microglia,CA1,4321,-0.415221712718474,FALSE,FALSE,oxidative phosphorylation,-2.11097705826318,5.75222270996947e-5,manuscript-fixed programme/location/constituent-term exemplar
3,GO:0006119,microglia,CA1,4322,-0.415420361904013,FALSE,FALSE,oxidative phosphorylation,-2.11097705826318,5.75222270996947e-5,manuscript-fixed programme/location/constituent-term exemplar
3,GO:0006119,microglia,CA1,4323,-0.415619011089551,FALSE,FALSE,oxidative phosphorylation,-2.11097705826318,5.75222270996947e-5,manuscript-fixed programme/location/constituent-term exemplar
3,GO:0006119,microglia,CA1,4324,-0.415817660275089,FALSE,FALSE,oxidative phosphorylation,-2.11097705826318,5.75222270996947e-5,manuscript-fixed programme/location/constituent-term exemplar
3,GO:0006119,microglia,CA1,4325,-0.416016309460628,FALSE,FALSE,oxidative phosphorylation,-2.11097705826318,5.75222270996947e-5,manuscript-fixed programme/location/constituent-term exemplar
3,GO:0006119,microglia,CA1,4326,-0.416214958646166,FALSE,FALSE,oxidative phosphorylation,-2.11097705826318,5.75222270996947e-5,manuscript-fixed programme/location/constituent-term exemplar
3,GO:0006119,microglia,CA1,4327,-0.416413607831704,FALSE,FALSE,oxidative phosphorylation,-2.11097705826318,5.75222270996947e-5,manuscript-fixed programme/location/constituent-term exemplar
3,GO:0006119,microglia,CA1,4328,-0.416612257017243,FALSE,FALSE,oxidative phosphorylation,-2.11097705826318,5.75222270996947e-5,manuscript-fixed programme/location/constituent-term exemplar
3,GO:0006119,microglia,CA1,4329,-0.416810906202781,FALSE,FALSE,oxidative phosphorylation,-2.11097705826318,5.75222270996947e-5,manuscript-fixed programme/location/constituent-term exemplar
3,GO:0006119,microglia,CA1,4330,-0.417009555388319,FALSE,FALSE,oxidative phosphorylation,-2.11097705826318,5.75222270996947e-5,manuscript-fixed programme/location/constituent-term exemplar
3,GO:0006119,microglia,CA1,4331,-0.417208204573858,FALSE,FALSE,oxidative phosphorylation,-2.11097705826318,5.75222270996947e-5,manuscript-fixed programme/location/constituent-term exemplar
3,GO:0006119,microglia,CA1,4332,-0.417406853759396,FALSE,FALSE,oxidative phosphorylation,-2.11097705826318,5.75222270996947e-5,manuscript-fixed programme/location/constituent-term exemplar
3,GO:0006119,microglia,CA1,4333,-0.417605502944934,FALSE,FALSE,oxidative phosphorylation,-2.11097705826318,5.75222270996947e-5,manuscript-fixed programme/location/constituent-term exemplar
3,GO:0006119,microglia,CA1,4334,-0.417804152130473,FALSE,FALSE,oxidative phosphorylation,-2.11097705826318,5.75222270996947e-5,manuscript-fixed programme/location/constituent-term exemplar
3,GO:0006119,microglia,CA1,4335,-0.418002801316011,FALSE,FALSE,oxidative phosphorylation,-2.11097705826318,5.75222270996947e-5,manuscript-fixed programme/location/constituent-term exemplar
3,GO:0006119,microglia,CA1,4336,-0.418201450501549,FALSE,FALSE,oxidative phosphorylation,-2.11097705826318,5.75222270996947e-5,manuscript-fixed programme/location/constituent-term exemplar
3,GO:0006119,microglia,CA1,4337,-0.418400099687088,FALSE,FALSE,oxidative phosphorylation,-2.11097705826318,5.75222270996947e-5,manuscript-fixed programme/location/constituent-term exemplar
3,GO:0006119,microglia,CA1,4338,-0.418598748872626,FALSE,FALSE,oxidative phosphorylation,-2.11097705826318,5.75222270996947e-5,manuscript-fixed programme/location/constituent-term exemplar
3,GO:0006119,microglia,CA1,4339,-0.418797398058164,FALSE,FALSE,oxidative phosphorylation,-2.11097705826318,5.75222270996947e-5,manuscript-fixed programme/location/constituent-term exemplar
3,GO:0006119,microglia,CA1,4340,-0.418996047243703,FALSE,FALSE,oxidative phosphorylation,-2.11097705826318,5.75222270996947e-5,manuscript-fixed programme/location/constituent-term exemplar
3,GO:0006119,microglia,CA1,4341,-0.419194696429241,FALSE,FALSE,oxidative phosphorylation,-2.11097705826318,5.75222270996947e-5,manuscript-fixed programme/location/constituent-term exemplar
3,GO:0006119,microglia,CA1,4342,-0.41939334561478,FALSE,FALSE,oxidative phosphorylation,-2.11097705826318,5.75222270996947e-5,manuscript-fixed programme/location/constituent-term exemplar
3,GO:0006119,microglia,CA1,4343,-0.419591994800318,FALSE,FALSE,oxidative phosphorylation,-2.11097705826318,5.75222270996947e-5,manuscript-fixed programme/location/constituent-term exemplar
3,GO:0006119,microglia,CA1,4344,-0.419790643985856,FALSE,FALSE,oxidative phosphorylation,-2.11097705826318,5.75222270996947e-5,manuscript-fixed programme/location/constituent-term exemplar
3,GO:0006119,microglia,CA1,4345,-0.419989293171394,FALSE,FALSE,oxidative phosphorylation,-2.11097705826318,5.75222270996947e-5,manuscript-fixed programme/location/constituent-term exemplar
3,GO:0006119,microglia,CA1,4346,-0.420187942356933,FALSE,FALSE,oxidative phosphorylation,-2.11097705826318,5.75222270996947e-5,manuscript-fixed programme/location/constituent-term exemplar
3,GO:0006119,microglia,CA1,4347,-0.420386591542471,FALSE,FALSE,oxidative phosphorylation,-2.11097705826318,5.75222270996947e-5,manuscript-fixed programme/location/constituent-term exemplar
3,GO:0006119,microglia,CA1,4348,-0.42058524072801,FALSE,FALSE,oxidative phosphorylation,-2.11097705826318,5.75222270996947e-5,manuscript-fixed programme/location/constituent-term exemplar
3,GO:0006119,microglia,CA1,4349,-0.420783889913548,FALSE,FALSE,oxidative phosphorylation,-2.11097705826318,5.75222270996947e-5,manuscript-fixed programme/location/constituent-term exemplar
3,GO:0006119,microglia,CA1,4350,-0.420982539099086,FALSE,FALSE,oxidative phosphorylation,-2.11097705826318,5.75222270996947e-5,manuscript-fixed programme/location/constituent-term exemplar
3,GO:0006119,microglia,CA1,4351,-0.421181188284625,FALSE,FALSE,oxidative phosphorylation,-2.11097705826318,5.75222270996947e-5,manuscript-fixed programme/location/constituent-term exemplar
3,GO:0006119,microglia,CA1,4352,-0.421379837470163,FALSE,FALSE,oxidative phosphorylation,-2.11097705826318,5.75222270996947e-5,manuscript-fixed programme/location/constituent-term exemplar
3,GO:0006119,microglia,CA1,4353,-0.421578486655701,FALSE,FALSE,oxidative phosphorylation,-2.11097705826318,5.75222270996947e-5,manuscript-fixed programme/location/constituent-term exemplar
3,GO:0006119,microglia,CA1,4354,-0.42177713584124,FALSE,FALSE,oxidative phosphorylation,-2.11097705826318,5.75222270996947e-5,manuscript-fixed programme/location/constituent-term exemplar
3,GO:0006119,microglia,CA1,4355,-0.421975785026778,FALSE,FALSE,oxidative phosphorylation,-2.11097705826318,5.75222270996947e-5,manuscript-fixed programme/location/constituent-term exemplar
3,GO:0006119,microglia,CA1,4356,-0.422174434212316,FALSE,FALSE,oxidative phosphorylation,-2.11097705826318,5.75222270996947e-5,manuscript-fixed programme/location/constituent-term exemplar
3,GO:0006119,microglia,CA1,4357,-0.422373083397855,FALSE,FALSE,oxidative phosphorylation,-2.11097705826318,5.75222270996947e-5,manuscript-fixed programme/location/constituent-term exemplar
3,GO:0006119,microglia,CA1,4358,-0.422571732583393,FALSE,FALSE,oxidative phosphorylation,-2.11097705826318,5.75222270996947e-5,manuscript-fixed programme/location/constituent-term exemplar
3,GO:0006119,microglia,CA1,4359,-0.422770381768931,FALSE,FALSE,oxidative phosphorylation,-2.11097705826318,5.75222270996947e-5,manuscript-fixed programme/location/constituent-term exemplar
3,GO:0006119,microglia,CA1,4360,-0.42296903095447,FALSE,FALSE,oxidative phosphorylation,-2.11097705826318,5.75222270996947e-5,manuscript-fixed programme/location/constituent-term exemplar
3,GO:0006119,microglia,CA1,4361,-0.423167680140008,FALSE,FALSE,oxidative phosphorylation,-2.11097705826318,5.75222270996947e-5,manuscript-fixed programme/location/constituent-term exemplar
3,GO:0006119,microglia,CA1,4362,-0.423366329325546,FALSE,FALSE,oxidative phosphorylation,-2.11097705826318,5.75222270996947e-5,manuscript-fixed programme/location/constituent-term exemplar
3,GO:0006119,microglia,CA1,4363,-0.423564978511085,FALSE,FALSE,oxidative phosphorylation,-2.11097705826318,5.75222270996947e-5,manuscript-fixed programme/location/constituent-term exemplar
3,GO:0006119,microglia,CA1,4364,-0.423763627696623,FALSE,FALSE,oxidative phosphorylation,-2.11097705826318,5.75222270996947e-5,manuscript-fixed programme/location/constituent-term exemplar
3,GO:0006119,microglia,CA1,4365,-0.410599381953299,TRUE,FALSE,oxidative phosphorylation,-2.11097705826318,5.75222270996947e-5,manuscript-fixed programme/location/constituent-term exemplar
3,GO:0006119,microglia,CA1,4366,-0.410798031138838,FALSE,FALSE,oxidative phosphorylation,-2.11097705826318,5.75222270996947e-5,manuscript-fixed programme/location/constituent-term exemplar
3,GO:0006119,microglia,CA1,4367,-0.410996680324376,FALSE,FALSE,oxidative phosphorylation,-2.11097705826318,5.75222270996947e-5,manuscript-fixed programme/location/constituent-term exemplar
3,GO:0006119,microglia,CA1,4368,-0.411195329509914,FALSE,FALSE,oxidative phosphorylation,-2.11097705826318,5.75222270996947e-5,manuscript-fixed programme/location/constituent-term exemplar
3,GO:0006119,microglia,CA1,4369,-0.411393978695453,FALSE,FALSE,oxidative phosphorylation,-2.11097705826318,5.75222270996947e-5,manuscript-fixed programme/location/constituent-term exemplar
3,GO:0006119,microglia,CA1,4370,-0.411592627880991,FALSE,FALSE,oxidative phosphorylation,-2.11097705826318,5.75222270996947e-5,manuscript-fixed programme/location/constituent-term exemplar
3,GO:0006119,microglia,CA1,4371,-0.411791277066529,FALSE,FALSE,oxidative phosphorylation,-2.11097705826318,5.75222270996947e-5,manuscript-fixed programme/location/constituent-term exemplar
3,GO:0006119,microglia,CA1,4372,-0.411989926252068,FALSE,FALSE,oxidative phosphorylation,-2.11097705826318,5.75222270996947e-5,manuscript-fixed programme/location/constituent-term exemplar
3,GO:0006119,microglia,CA1,4373,-0.412188575437606,FALSE,FALSE,oxidative phosphorylation,-2.11097705826318,5.75222270996947e-5,manuscript-fixed programme/location/constituent-term exemplar
3,GO:0006119,microglia,CA1,4374,-0.412387224623145,FALSE,FALSE,oxidative phosphorylation,-2.11097705826318,5.75222270996947e-5,manuscript-fixed programme/location/constituent-term exemplar
3,GO:0006119,microglia,CA1,4375,-0.412585873808683,FALSE,FALSE,oxidative phosphorylation,-2.11097705826318,5.75222270996947e-5,manuscript-fixed programme/location/constituent-term exemplar
3,GO:0006119,microglia,CA1,4376,-0.412784522994221,FALSE,FALSE,oxidative phosphorylation,-2.11097705826318,5.75222270996947e-5,manuscript-fixed programme/location/constituent-term exemplar
3,GO:0006119,microglia,CA1,4377,-0.412983172179759,FALSE,FALSE,oxidative phosphorylation,-2.11097705826318,5.75222270996947e-5,manuscript-fixed programme/location/constituent-term exemplar
3,GO:0006119,microglia,CA1,4378,-0.413181821365298,FALSE,FALSE,oxidative phosphorylation,-2.11097705826318,5.75222270996947e-5,manuscript-fixed programme/location/constituent-term exemplar
3,GO:0006119,microglia,CA1,4379,-0.413380470550836,FALSE,FALSE,oxidative phosphorylation,-2.11097705826318,5.75222270996947e-5,manuscript-fixed programme/location/constituent-term exemplar
3,GO:0006119,microglia,CA1,4380,-0.413579119736375,FALSE,FALSE,oxidative phosphorylation,-2.11097705826318,5.75222270996947e-5,manuscript-fixed programme/location/constituent-term exemplar
3,GO:0006119,microglia,CA1,4381,-0.413777768921913,FALSE,FALSE,oxidative phosphorylation,-2.11097705826318,5.75222270996947e-5,manuscript-fixed programme/location/constituent-term exemplar
3,GO:0006119,microglia,CA1,4382,-0.413976418107451,FALSE,FALSE,oxidative phosphorylation,-2.11097705826318,5.75222270996947e-5,manuscript-fixed programme/location/constituent-term exemplar
3,GO:0006119,microglia,CA1,4383,-0.41417506729299,FALSE,FALSE,oxidative phosphorylation,-2.11097705826318,5.75222270996947e-5,manuscript-fixed programme/location/constituent-term exemplar
3,GO:0006119,microglia,CA1,4384,-0.414373716478528,FALSE,FALSE,oxidative phosphorylation,-2.11097705826318,5.75222270996947e-5,manuscript-fixed programme/location/constituent-term exemplar
3,GO:0006119,microglia,CA1,4385,-0.414572365664066,FALSE,FALSE,oxidative phosphorylation,-2.11097705826318,5.75222270996947e-5,manuscript-fixed programme/location/constituent-term exemplar
3,GO:0006119,microglia,CA1,4386,-0.414771014849605,FALSE,FALSE,oxidative phosphorylation,-2.11097705826318,5.75222270996947e-5,manuscript-fixed programme/location/constituent-term exemplar
3,GO:0006119,microglia,CA1,4387,-0.414969664035143,FALSE,FALSE,oxidative phosphorylation,-2.11097705826318,5.75222270996947e-5,manuscript-fixed programme/location/constituent-term exemplar
3,GO:0006119,microglia,CA1,4388,-0.415168313220681,FALSE,FALSE,oxidative phosphorylation,-2.11097705826318,5.75222270996947e-5,manuscript-fixed programme/location/constituent-term exemplar
3,GO:0006119,microglia,CA1,4389,-0.41536696240622,FALSE,FALSE,oxidative phosphorylation,-2.11097705826318,5.75222270996947e-5,manuscript-fixed programme/location/constituent-term exemplar
3,GO:0006119,microglia,CA1,4390,-0.415565611591758,FALSE,FALSE,oxidative phosphorylation,-2.11097705826318,5.75222270996947e-5,manuscript-fixed programme/location/constituent-term exemplar
3,GO:0006119,microglia,CA1,4391,-0.415764260777296,FALSE,FALSE,oxidative phosphorylation,-2.11097705826318,5.75222270996947e-5,manuscript-fixed programme/location/constituent-term exemplar
3,GO:0006119,microglia,CA1,4392,-0.415962909962835,FALSE,FALSE,oxidative phosphorylation,-2.11097705826318,5.75222270996947e-5,manuscript-fixed programme/location/constituent-term exemplar
3,GO:0006119,microglia,CA1,4393,-0.416161559148373,FALSE,FALSE,oxidative phosphorylation,-2.11097705826318,5.75222270996947e-5,manuscript-fixed programme/location/constituent-term exemplar
3,GO:0006119,microglia,CA1,4394,-0.416360208333911,FALSE,FALSE,oxidative phosphorylation,-2.11097705826318,5.75222270996947e-5,manuscript-fixed programme/location/constituent-term exemplar
3,GO:0006119,microglia,CA1,4395,-0.41655885751945,FALSE,FALSE,oxidative phosphorylation,-2.11097705826318,5.75222270996947e-5,manuscript-fixed programme/location/constituent-term exemplar
3,GO:0006119,microglia,CA1,4396,-0.416757506704988,FALSE,FALSE,oxidative phosphorylation,-2.11097705826318,5.75222270996947e-5,manuscript-fixed programme/location/constituent-term exemplar
3,GO:0006119,microglia,CA1,4397,-0.403331072683546,TRUE,FALSE,oxidative phosphorylation,-2.11097705826318,5.75222270996947e-5,manuscript-fixed programme/location/constituent-term exemplar
3,GO:0006119,microglia,CA1,4398,-0.403529721869084,FALSE,FALSE,oxidative phosphorylation,-2.11097705826318,5.75222270996947e-5,manuscript-fixed programme/location/constituent-term exemplar
3,GO:0006119,microglia,CA1,4399,-0.403728371054623,FALSE,FALSE,oxidative phosphorylation,-2.11097705826318,5.75222270996947e-5,manuscript-fixed programme/location/constituent-term exemplar
3,GO:0006119,microglia,CA1,4400,-0.40392702024016103,FALSE,FALSE,oxidative phosphorylation,-2.11097705826318,5.75222270996947e-5,manuscript-fixed programme/location/constituent-term exemplar
3,GO:0006119,microglia,CA1,4401,-0.404125669425699,FALSE,FALSE,oxidative phosphorylation,-2.11097705826318,5.75222270996947e-5,manuscript-fixed programme/location/constituent-term exemplar
3,GO:0006119,microglia,CA1,4402,-0.404324318611238,FALSE,FALSE,oxidative phosphorylation,-2.11097705826318,5.75222270996947e-5,manuscript-fixed programme/location/constituent-term exemplar
3,GO:0006119,microglia,CA1,4403,-0.404522967796776,FALSE,FALSE,oxidative phosphorylation,-2.11097705826318,5.75222270996947e-5,manuscript-fixed programme/location/constituent-term exemplar
3,GO:0006119,microglia,CA1,4404,-0.404721616982315,FALSE,FALSE,oxidative phosphorylation,-2.11097705826318,5.75222270996947e-5,manuscript-fixed programme/location/constituent-term exemplar
3,GO:0006119,microglia,CA1,4405,-0.404920266167853,FALSE,FALSE,oxidative phosphorylation,-2.11097705826318,5.75222270996947e-5,manuscript-fixed programme/location/constituent-term exemplar
3,GO:0006119,microglia,CA1,4406,-0.405118915353391,FALSE,FALSE,oxidative phosphorylation,-2.11097705826318,5.75222270996947e-5,manuscript-fixed programme/location/constituent-term exemplar
3,GO:0006119,microglia,CA1,4407,-0.405317564538929,FALSE,FALSE,oxidative phosphorylation,-2.11097705826318,5.75222270996947e-5,manuscript-fixed programme/location/constituent-term exemplar
3,GO:0006119,microglia,CA1,4408,-0.405516213724468,FALSE,FALSE,oxidative phosphorylation,-2.11097705826318,5.75222270996947e-5,manuscript-fixed programme/location/constituent-term exemplar
3,GO:0006119,microglia,CA1,4409,-0.405714862910006,FALSE,FALSE,oxidative phosphorylation,-2.11097705826318,5.75222270996947e-5,manuscript-fixed programme/location/constituent-term exemplar
3,GO:0006119,microglia,CA1,4410,-0.405913512095545,FALSE,FALSE,oxidative phosphorylation,-2.11097705826318,5.75222270996947e-5,manuscript-fixed programme/location/constituent-term exemplar
3,GO:0006119,microglia,CA1,4411,-0.406112161281083,FALSE,FALSE,oxidative phosphorylation,-2.11097705826318,5.75222270996947e-5,manuscript-fixed programme/location/constituent-term exemplar
3,GO:0006119,microglia,CA1,4412,-0.406310810466621,FALSE,FALSE,oxidative phosphorylation,-2.11097705826318,5.75222270996947e-5,manuscript-fixed programme/location/constituent-term exemplar
3,GO:0006119,microglia,CA1,4413,-0.40650945965216,FALSE,FALSE,oxidative phosphorylation,-2.11097705826318,5.75222270996947e-5,manuscript-fixed programme/location/constituent-term exemplar
3,GO:0006119,microglia,CA1,4414,-0.406708108837698,FALSE,FALSE,oxidative phosphorylation,-2.11097705826318,5.75222270996947e-5,manuscript-fixed programme/location/constituent-term exemplar
3,GO:0006119,microglia,CA1,4415,-0.406906758023236,FALSE,FALSE,oxidative phosphorylation,-2.11097705826318,5.75222270996947e-5,manuscript-fixed programme/location/constituent-term exemplar
3,GO:0006119,microglia,CA1,4416,-0.407105407208775,FALSE,FALSE,oxidative phosphorylation,-2.11097705826318,5.75222270996947e-5,manuscript-fixed programme/location/constituent-term exemplar
3,GO:0006119,microglia,CA1,4417,-0.407304056394313,FALSE,FALSE,oxidative phosphorylation,-2.11097705826318,5.75222270996947e-5,manuscript-fixed programme/location/constituent-term exemplar
3,GO:0006119,microglia,CA1,4418,-0.407502705579851,FALSE,FALSE,oxidative phosphorylation,-2.11097705826318,5.75222270996947e-5,manuscript-fixed programme/location/constituent-term exemplar
3,GO:0006119,microglia,CA1,4419,-0.40770135476539,FALSE,FALSE,oxidative phosphorylation,-2.11097705826318,5.75222270996947e-5,manuscript-fixed programme/location/constituent-term exemplar
3,GO:0006119,microglia,CA1,4420,-0.407900003950928,FALSE,FALSE,oxidative phosphorylation,-2.11097705826318,5.75222270996947e-5,manuscript-fixed programme/location/constituent-term exemplar
3,GO:0006119,microglia,CA1,4421,-0.408098653136466,FALSE,FALSE,oxidative phosphorylation,-2.11097705826318,5.75222270996947e-5,manuscript-fixed programme/location/constituent-term exemplar
3,GO:0006119,microglia,CA1,4422,-0.408297302322005,FALSE,FALSE,oxidative phosphorylation,-2.11097705826318,5.75222270996947e-5,manuscript-fixed programme/location/constituent-term exemplar
3,GO:0006119,microglia,CA1,4423,-0.408495951507543,FALSE,FALSE,oxidative phosphorylation,-2.11097705826318,5.75222270996947e-5,manuscript-fixed programme/location/constituent-term exemplar
3,GO:0006119,microglia,CA1,4424,-0.408694600693081,FALSE,FALSE,oxidative phosphorylation,-2.11097705826318,5.75222270996947e-5,manuscript-fixed programme/location/constituent-term exemplar
3,GO:0006119,microglia,CA1,4425,-0.40889324987862,FALSE,FALSE,oxidative phosphorylation,-2.11097705826318,5.75222270996947e-5,manuscript-fixed programme/location/constituent-term exemplar
3,GO:0006119,microglia,CA1,4426,-0.409091899064158,FALSE,FALSE,oxidative phosphorylation,-2.11097705826318,5.75222270996947e-5,manuscript-fixed programme/location/constituent-term exemplar
3,GO:0006119,microglia,CA1,4427,-0.409290548249696,FALSE,FALSE,oxidative phosphorylation,-2.11097705826318,5.75222270996947e-5,manuscript-fixed programme/location/constituent-term exemplar
3,GO:0006119,microglia,CA1,4428,-0.409489197435235,FALSE,FALSE,oxidative phosphorylation,-2.11097705826318,5.75222270996947e-5,manuscript-fixed programme/location/constituent-term exemplar
3,GO:0006119,microglia,CA1,4429,-0.409687846620773,FALSE,FALSE,oxidative phosphorylation,-2.11097705826318,5.75222270996947e-5,manuscript-fixed programme/location/constituent-term exemplar
3,GO:0006119,microglia,CA1,4430,-0.409886495806311,FALSE,FALSE,oxidative phosphorylation,-2.11097705826318,5.75222270996947e-5,manuscript-fixed programme/location/constituent-term exemplar
3,GO:0006119,microglia,CA1,4431,-0.41008514499185,FALSE,FALSE,oxidative phosphorylation,-2.11097705826318,5.75222270996947e-5,manuscript-fixed programme/location/constituent-term exemplar
3,GO:0006119,microglia,CA1,4432,-0.410283794177388,FALSE,FALSE,oxidative phosphorylation,-2.11097705826318,5.75222270996947e-5,manuscript-fixed programme/location/constituent-term exemplar
3,GO:0006119,microglia,CA1,4433,-0.410482443362926,FALSE,FALSE,oxidative phosphorylation,-2.11097705826318,5.75222270996947e-5,manuscript-fixed programme/location/constituent-term exemplar
3,GO:0006119,microglia,CA1,4434,-0.410681092548465,FALSE,FALSE,oxidative phosphorylation,-2.11097705826318,5.75222270996947e-5,manuscript-fixed programme/location/constituent-term exemplar
3,GO:0006119,microglia,CA1,4435,-0.410879741734003,FALSE,FALSE,oxidative phosphorylation,-2.11097705826318,5.75222270996947e-5,manuscript-fixed programme/location/constituent-term exemplar
3,GO:0006119,microglia,CA1,4436,-0.411078390919541,FALSE,FALSE,oxidative phosphorylation,-2.11097705826318,5.75222270996947e-5,manuscript-fixed programme/location/constituent-term exemplar
3,GO:0006119,microglia,CA1,4437,-0.41127704010508,FALSE,FALSE,oxidative phosphorylation,-2.11097705826318,5.75222270996947e-5,manuscript-fixed programme/location/constituent-term exemplar
3,GO:0006119,microglia,CA1,4438,-0.411475689290618,FALSE,FALSE,oxidative phosphorylation,-2.11097705826318,5.75222270996947e-5,manuscript-fixed programme/location/constituent-term exemplar
3,GO:0006119,microglia,CA1,4439,-0.411674338476156,FALSE,FALSE,oxidative phosphorylation,-2.11097705826318,5.75222270996947e-5,manuscript-fixed programme/location/constituent-term exemplar
3,GO:0006119,microglia,CA1,4440,-0.411872987661695,FALSE,FALSE,oxidative phosphorylation,-2.11097705826318,5.75222270996947e-5,manuscript-fixed programme/location/constituent-term exemplar
3,GO:0006119,microglia,CA1,4441,-0.412071636847233,FALSE,FALSE,oxidative phosphorylation,-2.11097705826318,5.75222270996947e-5,manuscript-fixed programme/location/constituent-term exemplar
3,GO:0006119,microglia,CA1,4442,-0.412270286032771,FALSE,FALSE,oxidative phosphorylation,-2.11097705826318,5.75222270996947e-5,manuscript-fixed programme/location/constituent-term exemplar
3,GO:0006119,microglia,CA1,4443,-0.41246893521831,FALSE,FALSE,oxidative phosphorylation,-2.11097705826318,5.75222270996947e-5,manuscript-fixed programme/location/constituent-term exemplar
3,GO:0006119,microglia,CA1,4444,-0.398699304590425,TRUE,FALSE,oxidative phosphorylation,-2.11097705826318,5.75222270996947e-5,manuscript-fixed programme/location/constituent-term exemplar
3,GO:0006119,microglia,CA1,4445,-0.384917226136343,TRUE,FALSE,oxidative phosphorylation,-2.11097705826318,5.75222270996947e-5,manuscript-fixed programme/location/constituent-term exemplar
3,GO:0006119,microglia,CA1,4446,-0.385115875321882,FALSE,FALSE,oxidative phosphorylation,-2.11097705826318,5.75222270996947e-5,manuscript-fixed programme/location/constituent-term exemplar
3,GO:0006119,microglia,CA1,4447,-0.38531452450742,FALSE,FALSE,oxidative phosphorylation,-2.11097705826318,5.75222270996947e-5,manuscript-fixed programme/location/constituent-term exemplar
3,GO:0006119,microglia,CA1,4448,-0.385513173692958,FALSE,FALSE,oxidative phosphorylation,-2.11097705826318,5.75222270996947e-5,manuscript-fixed programme/location/constituent-term exemplar
3,GO:0006119,microglia,CA1,4449,-0.385711822878497,FALSE,FALSE,oxidative phosphorylation,-2.11097705826318,5.75222270996947e-5,manuscript-fixed programme/location/constituent-term exemplar
3,GO:0006119,microglia,CA1,4450,-0.385910472064035,FALSE,FALSE,oxidative phosphorylation,-2.11097705826318,5.75222270996947e-5,manuscript-fixed programme/location/constituent-term exemplar
3,GO:0006119,microglia,CA1,4451,-0.386109121249573,FALSE,FALSE,oxidative phosphorylation,-2.11097705826318,5.75222270996947e-5,manuscript-fixed programme/location/constituent-term exemplar
3,GO:0006119,microglia,CA1,4452,-0.372299153261944,TRUE,FALSE,oxidative phosphorylation,-2.11097705826318,5.75222270996947e-5,manuscript-fixed programme/location/constituent-term exemplar
3,GO:0006119,microglia,CA1,4453,-0.372497802447482,FALSE,FALSE,oxidative phosphorylation,-2.11097705826318,5.75222270996947e-5,manuscript-fixed programme/location/constituent-term exemplar
3,GO:0006119,microglia,CA1,4454,-0.37269645163302,FALSE,FALSE,oxidative phosphorylation,-2.11097705826318,5.75222270996947e-5,manuscript-fixed programme/location/constituent-term exemplar
3,GO:0006119,microglia,CA1,4455,-0.372895100818559,FALSE,FALSE,oxidative phosphorylation,-2.11097705826318,5.75222270996947e-5,manuscript-fixed programme/location/constituent-term exemplar
3,GO:0006119,microglia,CA1,4456,-0.373093750004097,FALSE,FALSE,oxidative phosphorylation,-2.11097705826318,5.75222270996947e-5,manuscript-fixed programme/location/constituent-term exemplar
3,GO:0006119,microglia,CA1,4457,-0.373292399189635,FALSE,FALSE,oxidative phosphorylation,-2.11097705826318,5.75222270996947e-5,manuscript-fixed programme/location/constituent-term exemplar
3,GO:0006119,microglia,CA1,4458,-0.373491048375174,FALSE,FALSE,oxidative phosphorylation,-2.11097705826318,5.75222270996947e-5,manuscript-fixed programme/location/constituent-term exemplar
3,GO:0006119,microglia,CA1,4459,-0.373689697560712,FALSE,FALSE,oxidative phosphorylation,-2.11097705826318,5.75222270996947e-5,manuscript-fixed programme/location/constituent-term exemplar
3,GO:0006119,microglia,CA1,4460,-0.37388834674625,FALSE,FALSE,oxidative phosphorylation,-2.11097705826318,5.75222270996947e-5,manuscript-fixed programme/location/constituent-term exemplar
3,GO:0006119,microglia,CA1,4461,-0.374086995931789,FALSE,FALSE,oxidative phosphorylation,-2.11097705826318,5.75222270996947e-5,manuscript-fixed programme/location/constituent-term exemplar
3,GO:0006119,microglia,CA1,4462,-0.374285645117327,FALSE,FALSE,oxidative phosphorylation,-2.11097705826318,5.75222270996947e-5,manuscript-fixed programme/location/constituent-term exemplar
3,GO:0006119,microglia,CA1,4463,-0.374484294302865,FALSE,FALSE,oxidative phosphorylation,-2.11097705826318,5.75222270996947e-5,manuscript-fixed programme/location/constituent-term exemplar
3,GO:0006119,microglia,CA1,4464,-0.374682943488404,FALSE,FALSE,oxidative phosphorylation,-2.11097705826318,5.75222270996947e-5,manuscript-fixed programme/location/constituent-term exemplar
3,GO:0006119,microglia,CA1,4465,-0.374881592673942,FALSE,FALSE,oxidative phosphorylation,-2.11097705826318,5.75222270996947e-5,manuscript-fixed programme/location/constituent-term exemplar
3,GO:0006119,microglia,CA1,4466,-0.37508024185948,FALSE,FALSE,oxidative phosphorylation,-2.11097705826318,5.75222270996947e-5,manuscript-fixed programme/location/constituent-term exemplar
3,GO:0006119,microglia,CA1,4467,-0.375278891045019,FALSE,FALSE,oxidative phosphorylation,-2.11097705826318,5.75222270996947e-5,manuscript-fixed programme/location/constituent-term exemplar
3,GO:0006119,microglia,CA1,4468,-0.375477540230557,FALSE,FALSE,oxidative phosphorylation,-2.11097705826318,5.75222270996947e-5,manuscript-fixed programme/location/constituent-term exemplar
3,GO:0006119,microglia,CA1,4469,-0.375676189416095,FALSE,FALSE,oxidative phosphorylation,-2.11097705826318,5.75222270996947e-5,manuscript-fixed programme/location/constituent-term exemplar
3,GO:0006119,microglia,CA1,4470,-0.375874838601634,FALSE,FALSE,oxidative phosphorylation,-2.11097705826318,5.75222270996947e-5,manuscript-fixed programme/location/constituent-term exemplar
3,GO:0006119,microglia,CA1,4471,-0.376073487787172,FALSE,FALSE,oxidative phosphorylation,-2.11097705826318,5.75222270996947e-5,manuscript-fixed programme/location/constituent-term exemplar
3,GO:0006119,microglia,CA1,4472,-0.37627213697271,FALSE,FALSE,oxidative phosphorylation,-2.11097705826318,5.75222270996947e-5,manuscript-fixed programme/location/constituent-term exemplar
3,GO:0006119,microglia,CA1,4473,-0.376470786158249,FALSE,FALSE,oxidative phosphorylation,-2.11097705826318,5.75222270996947e-5,manuscript-fixed programme/location/constituent-term exemplar
3,GO:0006119,microglia,CA1,4474,-0.376669435343787,FALSE,FALSE,oxidative phosphorylation,-2.11097705826318,5.75222270996947e-5,manuscript-fixed programme/location/constituent-term exemplar
3,GO:0006119,microglia,CA1,4475,-0.376868084529325,FALSE,FALSE,oxidative phosphorylation,-2.11097705826318,5.75222270996947e-5,manuscript-fixed programme/location/constituent-term exemplar
3,GO:0006119,microglia,CA1,4476,-0.377066733714864,FALSE,FALSE,oxidative phosphorylation,-2.11097705826318,5.75222270996947e-5,manuscript-fixed programme/location/constituent-term exemplar
3,GO:0006119,microglia,CA1,4477,-0.377265382900402,FALSE,FALSE,oxidative phosphorylation,-2.11097705826318,5.75222270996947e-5,manuscript-fixed programme/location/constituent-term exemplar
3,GO:0006119,microglia,CA1,4478,-0.37746403208594,FALSE,FALSE,oxidative phosphorylation,-2.11097705826318,5.75222270996947e-5,manuscript-fixed programme/location/constituent-term exemplar
3,GO:0006119,microglia,CA1,4479,-0.377662681271479,FALSE,FALSE,oxidative phosphorylation,-2.11097705826318,5.75222270996947e-5,manuscript-fixed programme/location/constituent-term exemplar
3,GO:0006119,microglia,CA1,4480,-0.377861330457017,FALSE,FALSE,oxidative phosphorylation,-2.11097705826318,5.75222270996947e-5,manuscript-fixed programme/location/constituent-term exemplar
3,GO:0006119,microglia,CA1,4481,-0.378059979642555,FALSE,FALSE,oxidative phosphorylation,-2.11097705826318,5.75222270996947e-5,manuscript-fixed programme/location/constituent-term exemplar
3,GO:0006119,microglia,CA1,4482,-0.378258628828094,FALSE,FALSE,oxidative phosphorylation,-2.11097705826318,5.75222270996947e-5,manuscript-fixed programme/location/constituent-term exemplar
3,GO:0006119,microglia,CA1,4483,-0.378457278013632,FALSE,FALSE,oxidative phosphorylation,-2.11097705826318,5.75222270996947e-5,manuscript-fixed programme/location/constituent-term exemplar
3,GO:0006119,microglia,CA1,4484,-0.37865592719917,FALSE,FALSE,oxidative phosphorylation,-2.11097705826318,5.75222270996947e-5,manuscript-fixed programme/location/constituent-term exemplar
3,GO:0006119,microglia,CA1,4485,-0.378854576384709,FALSE,FALSE,oxidative phosphorylation,-2.11097705826318,5.75222270996947e-5,manuscript-fixed programme/location/constituent-term exemplar
3,GO:0006119,microglia,CA1,4486,-0.379053225570247,FALSE,FALSE,oxidative phosphorylation,-2.11097705826318,5.75222270996947e-5,manuscript-fixed programme/location/constituent-term exemplar
3,GO:0006119,microglia,CA1,4487,-0.379251874755786,FALSE,FALSE,oxidative phosphorylation,-2.11097705826318,5.75222270996947e-5,manuscript-fixed programme/location/constituent-term exemplar
3,GO:0006119,microglia,CA1,4488,-0.379450523941324,FALSE,FALSE,oxidative phosphorylation,-2.11097705826318,5.75222270996947e-5,manuscript-fixed programme/location/constituent-term exemplar
3,GO:0006119,microglia,CA1,4489,-0.379649173126862,FALSE,FALSE,oxidative phosphorylation,-2.11097705826318,5.75222270996947e-5,manuscript-fixed programme/location/constituent-term exemplar
3,GO:0006119,microglia,CA1,4490,-0.3798478223124,FALSE,FALSE,oxidative phosphorylation,-2.11097705826318,5.75222270996947e-5,manuscript-fixed programme/location/constituent-term exemplar
3,GO:0006119,microglia,CA1,4491,-0.380046471497939,FALSE,FALSE,oxidative phosphorylation,-2.11097705826318,5.75222270996947e-5,manuscript-fixed programme/location/constituent-term exemplar
3,GO:0006119,microglia,CA1,4492,-0.380245120683477,FALSE,FALSE,oxidative phosphorylation,-2.11097705826318,5.75222270996947e-5,manuscript-fixed programme/location/constituent-term exemplar
3,GO:0006119,microglia,CA1,4493,-0.380443769869016,FALSE,FALSE,oxidative phosphorylation,-2.11097705826318,5.75222270996947e-5,manuscript-fixed programme/location/constituent-term exemplar
3,GO:0006119,microglia,CA1,4494,-0.380642419054554,FALSE,FALSE,oxidative phosphorylation,-2.11097705826318,5.75222270996947e-5,manuscript-fixed programme/location/constituent-term exemplar
3,GO:0006119,microglia,CA1,4495,-0.380841068240092,FALSE,FALSE,oxidative phosphorylation,-2.11097705826318,5.75222270996947e-5,manuscript-fixed programme/location/constituent-term exemplar
3,GO:0006119,microglia,CA1,4496,-0.366628852019663,TRUE,FALSE,oxidative phosphorylation,-2.11097705826318,5.75222270996947e-5,manuscript-fixed programme/location/constituent-term exemplar
3,GO:0006119,microglia,CA1,4497,-0.366827501205202,FALSE,FALSE,oxidative phosphorylation,-2.11097705826318,5.75222270996947e-5,manuscript-fixed programme/location/constituent-term exemplar
3,GO:0006119,microglia,CA1,4498,-0.36702615039074,FALSE,FALSE,oxidative phosphorylation,-2.11097705826318,5.75222270996947e-5,manuscript-fixed programme/location/constituent-term exemplar
3,GO:0006119,microglia,CA1,4499,-0.367224799576279,FALSE,FALSE,oxidative phosphorylation,-2.11097705826318,5.75222270996947e-5,manuscript-fixed programme/location/constituent-term exemplar
3,GO:0006119,microglia,CA1,4500,-0.367423448761817,FALSE,FALSE,oxidative phosphorylation,-2.11097705826318,5.75222270996947e-5,manuscript-fixed programme/location/constituent-term exemplar
3,GO:0006119,microglia,CA1,4501,-0.367622097947355,FALSE,FALSE,oxidative phosphorylation,-2.11097705826318,5.75222270996947e-5,manuscript-fixed programme/location/constituent-term exemplar
3,GO:0006119,microglia,CA1,4502,-0.367820747132893,FALSE,FALSE,oxidative phosphorylation,-2.11097705826318,5.75222270996947e-5,manuscript-fixed programme/location/constituent-term exemplar
3,GO:0006119,microglia,CA1,4503,-0.368019396318432,FALSE,FALSE,oxidative phosphorylation,-2.11097705826318,5.75222270996947e-5,manuscript-fixed programme/location/constituent-term exemplar
3,GO:0006119,microglia,CA1,4504,-0.36821804550397,FALSE,FALSE,oxidative phosphorylation,-2.11097705826318,5.75222270996947e-5,manuscript-fixed programme/location/constituent-term exemplar
3,GO:0006119,microglia,CA1,4505,-0.368416694689509,FALSE,FALSE,oxidative phosphorylation,-2.11097705826318,5.75222270996947e-5,manuscript-fixed programme/location/constituent-term exemplar
3,GO:0006119,microglia,CA1,4506,-0.368615343875047,FALSE,FALSE,oxidative phosphorylation,-2.11097705826318,5.75222270996947e-5,manuscript-fixed programme/location/constituent-term exemplar
3,GO:0006119,microglia,CA1,4507,-0.368813993060585,FALSE,FALSE,oxidative phosphorylation,-2.11097705826318,5.75222270996947e-5,manuscript-fixed programme/location/constituent-term exemplar
3,GO:0006119,microglia,CA1,4508,-0.369012642246124,FALSE,FALSE,oxidative phosphorylation,-2.11097705826318,5.75222270996947e-5,manuscript-fixed programme/location/constituent-term exemplar
3,GO:0006119,microglia,CA1,4509,-0.369211291431662,FALSE,FALSE,oxidative phosphorylation,-2.11097705826318,5.75222270996947e-5,manuscript-fixed programme/location/constituent-term exemplar
3,GO:0006119,microglia,CA1,4510,-0.3694099406172,FALSE,FALSE,oxidative phosphorylation,-2.11097705826318,5.75222270996947e-5,manuscript-fixed programme/location/constituent-term exemplar
3,GO:0006119,microglia,CA1,4511,-0.369608589802739,FALSE,FALSE,oxidative phosphorylation,-2.11097705826318,5.75222270996947e-5,manuscript-fixed programme/location/constituent-term exemplar
3,GO:0006119,microglia,CA1,4512,-0.369807238988277,FALSE,FALSE,oxidative phosphorylation,-2.11097705826318,5.75222270996947e-5,manuscript-fixed programme/location/constituent-term exemplar
3,GO:0006119,microglia,CA1,4513,-0.370005888173815,FALSE,FALSE,oxidative phosphorylation,-2.11097705826318,5.75222270996947e-5,manuscript-fixed programme/location/constituent-term exemplar
3,GO:0006119,microglia,CA1,4514,-0.355646946537361,TRUE,FALSE,oxidative phosphorylation,-2.11097705826318,5.75222270996947e-5,manuscript-fixed programme/location/constituent-term exemplar
3,GO:0006119,microglia,CA1,4515,-0.3558455957229,FALSE,FALSE,oxidative phosphorylation,-2.11097705826318,5.75222270996947e-5,manuscript-fixed programme/location/constituent-term exemplar
3,GO:0006119,microglia,CA1,4516,-0.356044244908438,FALSE,FALSE,oxidative phosphorylation,-2.11097705826318,5.75222270996947e-5,manuscript-fixed programme/location/constituent-term exemplar
3,GO:0006119,microglia,CA1,4517,-0.356242894093976,FALSE,FALSE,oxidative phosphorylation,-2.11097705826318,5.75222270996947e-5,manuscript-fixed programme/location/constituent-term exemplar
3,GO:0006119,microglia,CA1,4518,-0.356441543279515,FALSE,FALSE,oxidative phosphorylation,-2.11097705826318,5.75222270996947e-5,manuscript-fixed programme/location/constituent-term exemplar
3,GO:0006119,microglia,CA1,4519,-0.356640192465053,FALSE,FALSE,oxidative phosphorylation,-2.11097705826318,5.75222270996947e-5,manuscript-fixed programme/location/constituent-term exemplar
3,GO:0006119,microglia,CA1,4520,-0.356838841650591,FALSE,FALSE,oxidative phosphorylation,-2.11097705826318,5.75222270996947e-5,manuscript-fixed programme/location/constituent-term exemplar
3,GO:0006119,microglia,CA1,4521,-0.35703749083613,FALSE,FALSE,oxidative phosphorylation,-2.11097705826318,5.75222270996947e-5,manuscript-fixed programme/location/constituent-term exemplar
3,GO:0006119,microglia,CA1,4522,-0.357236140021668,FALSE,FALSE,oxidative phosphorylation,-2.11097705826318,5.75222270996947e-5,manuscript-fixed programme/location/constituent-term exemplar
3,GO:0006119,microglia,CA1,4523,-0.357434789207207,FALSE,FALSE,oxidative phosphorylation,-2.11097705826318,5.75222270996947e-5,manuscript-fixed programme/location/constituent-term exemplar
3,GO:0006119,microglia,CA1,4524,-0.357633438392745,FALSE,FALSE,oxidative phosphorylation,-2.11097705826318,5.75222270996947e-5,manuscript-fixed programme/location/constituent-term exemplar
3,GO:0006119,microglia,CA1,4525,-0.357832087578283,FALSE,FALSE,oxidative phosphorylation,-2.11097705826318,5.75222270996947e-5,manuscript-fixed programme/location/constituent-term exemplar
3,GO:0006119,microglia,CA1,4526,-0.358030736763821,FALSE,FALSE,oxidative phosphorylation,-2.11097705826318,5.75222270996947e-5,manuscript-fixed programme/location/constituent-term exemplar
3,GO:0006119,microglia,CA1,4527,-0.35822938594936,FALSE,FALSE,oxidative phosphorylation,-2.11097705826318,5.75222270996947e-5,manuscript-fixed programme/location/constituent-term exemplar
3,GO:0006119,microglia,CA1,4528,-0.358428035134898,FALSE,FALSE,oxidative phosphorylation,-2.11097705826318,5.75222270996947e-5,manuscript-fixed programme/location/constituent-term exemplar
3,GO:0006119,microglia,CA1,4529,-0.358626684320437,FALSE,FALSE,oxidative phosphorylation,-2.11097705826318,5.75222270996947e-5,manuscript-fixed programme/location/constituent-term exemplar
3,GO:0006119,microglia,CA1,4530,-0.358825333505975,FALSE,FALSE,oxidative phosphorylation,-2.11097705826318,5.75222270996947e-5,manuscript-fixed programme/location/constituent-term exemplar
3,GO:0006119,microglia,CA1,4531,-0.359023982691513,FALSE,FALSE,oxidative phosphorylation,-2.11097705826318,5.75222270996947e-5,manuscript-fixed programme/location/constituent-term exemplar
3,GO:0006119,microglia,CA1,4532,-0.359222631877052,FALSE,FALSE,oxidative phosphorylation,-2.11097705826318,5.75222270996947e-5,manuscript-fixed programme/location/constituent-term exemplar
3,GO:0006119,microglia,CA1,4533,-0.35942128106259,FALSE,FALSE,oxidative phosphorylation,-2.11097705826318,5.75222270996947e-5,manuscript-fixed programme/location/constituent-term exemplar
3,GO:0006119,microglia,CA1,4534,-0.359619930248128,FALSE,FALSE,oxidative phosphorylation,-2.11097705826318,5.75222270996947e-5,manuscript-fixed programme/location/constituent-term exemplar
3,GO:0006119,microglia,CA1,4535,-0.359818579433667,FALSE,FALSE,oxidative phosphorylation,-2.11097705826318,5.75222270996947e-5,manuscript-fixed programme/location/constituent-term exemplar
3,GO:0006119,microglia,CA1,4536,-0.360017228619205,FALSE,FALSE,oxidative phosphorylation,-2.11097705826318,5.75222270996947e-5,manuscript-fixed programme/location/constituent-term exemplar
3,GO:0006119,microglia,CA1,4537,-0.360215877804743,FALSE,FALSE,oxidative phosphorylation,-2.11097705826318,5.75222270996947e-5,manuscript-fixed programme/location/constituent-term exemplar
3,GO:0006119,microglia,CA1,4538,-0.360414526990282,FALSE,FALSE,oxidative phosphorylation,-2.11097705826318,5.75222270996947e-5,manuscript-fixed programme/location/constituent-term exemplar
3,GO:0006119,microglia,CA1,4539,-0.36061317617582,FALSE,FALSE,oxidative phosphorylation,-2.11097705826318,5.75222270996947e-5,manuscript-fixed programme/location/constituent-term exemplar
3,GO:0006119,microglia,CA1,4540,-0.360811825361358,FALSE,FALSE,oxidative phosphorylation,-2.11097705826318,5.75222270996947e-5,manuscript-fixed programme/location/constituent-term exemplar
3,GO:0006119,microglia,CA1,4541,-0.361010474546897,FALSE,FALSE,oxidative phosphorylation,-2.11097705826318,5.75222270996947e-5,manuscript-fixed programme/location/constituent-term exemplar
3,GO:0006119,microglia,CA1,4542,-0.361209123732435,FALSE,FALSE,oxidative phosphorylation,-2.11097705826318,5.75222270996947e-5,manuscript-fixed programme/location/constituent-term exemplar
3,GO:0006119,microglia,CA1,4543,-0.361407772917973,FALSE,FALSE,oxidative phosphorylation,-2.11097705826318,5.75222270996947e-5,manuscript-fixed programme/location/constituent-term exemplar
3,GO:0006119,microglia,CA1,4544,-0.361606422103512,FALSE,FALSE,oxidative phosphorylation,-2.11097705826318,5.75222270996947e-5,manuscript-fixed programme/location/constituent-term exemplar
3,GO:0006119,microglia,CA1,4545,-0.36180507128905,FALSE,FALSE,oxidative phosphorylation,-2.11097705826318,5.75222270996947e-5,manuscript-fixed programme/location/constituent-term exemplar
3,GO:0006119,microglia,CA1,4546,-0.362003720474588,FALSE,FALSE,oxidative phosphorylation,-2.11097705826318,5.75222270996947e-5,manuscript-fixed programme/location/constituent-term exemplar
3,GO:0006119,microglia,CA1,4547,-0.362202369660127,FALSE,FALSE,oxidative phosphorylation,-2.11097705826318,5.75222270996947e-5,manuscript-fixed programme/location/constituent-term exemplar
3,GO:0006119,microglia,CA1,4548,-0.362401018845665,FALSE,FALSE,oxidative phosphorylation,-2.11097705826318,5.75222270996947e-5,manuscript-fixed programme/location/constituent-term exemplar
3,GO:0006119,microglia,CA1,4549,-0.362599668031203,FALSE,FALSE,oxidative phosphorylation,-2.11097705826318,5.75222270996947e-5,manuscript-fixed programme/location/constituent-term exemplar
3,GO:0006119,microglia,CA1,4550,-0.362798317216742,FALSE,FALSE,oxidative phosphorylation,-2.11097705826318,5.75222270996947e-5,manuscript-fixed programme/location/constituent-term exemplar
3,GO:0006119,microglia,CA1,4551,-0.36299696640228,FALSE,FALSE,oxidative phosphorylation,-2.11097705826318,5.75222270996947e-5,manuscript-fixed programme/location/constituent-term exemplar
3,GO:0006119,microglia,CA1,4552,-0.363195615587818,FALSE,FALSE,oxidative phosphorylation,-2.11097705826318,5.75222270996947e-5,manuscript-fixed programme/location/constituent-term exemplar
3,GO:0006119,microglia,CA1,4553,-0.363394264773357,FALSE,FALSE,oxidative phosphorylation,-2.11097705826318,5.75222270996947e-5,manuscript-fixed programme/location/constituent-term exemplar
3,GO:0006119,microglia,CA1,4554,-0.363592913958895,FALSE,FALSE,oxidative phosphorylation,-2.11097705826318,5.75222270996947e-5,manuscript-fixed programme/location/constituent-term exemplar
3,GO:0006119,microglia,CA1,4555,-0.363791563144433,FALSE,FALSE,oxidative phosphorylation,-2.11097705826318,5.75222270996947e-5,manuscript-fixed programme/location/constituent-term exemplar
3,GO:0006119,microglia,CA1,4556,-0.363990212329972,FALSE,FALSE,oxidative phosphorylation,-2.11097705826318,5.75222270996947e-5,manuscript-fixed programme/location/constituent-term exemplar
3,GO:0006119,microglia,CA1,4557,-0.349297752663764,TRUE,FALSE,oxidative phosphorylation,-2.11097705826318,5.75222270996947e-5,manuscript-fixed programme/location/constituent-term exemplar
3,GO:0006119,microglia,CA1,4558,-0.349496401849302,FALSE,FALSE,oxidative phosphorylation,-2.11097705826318,5.75222270996947e-5,manuscript-fixed programme/location/constituent-term exemplar
3,GO:0006119,microglia,CA1,4559,-0.34969505103484,FALSE,FALSE,oxidative phosphorylation,-2.11097705826318,5.75222270996947e-5,manuscript-fixed programme/location/constituent-term exemplar
3,GO:0006119,microglia,CA1,4560,-0.349893700220378,FALSE,FALSE,oxidative phosphorylation,-2.11097705826318,5.75222270996947e-5,manuscript-fixed programme/location/constituent-term exemplar
3,GO:0006119,microglia,CA1,4561,-0.350092349405917,FALSE,FALSE,oxidative phosphorylation,-2.11097705826318,5.75222270996947e-5,manuscript-fixed programme/location/constituent-term exemplar
3,GO:0006119,microglia,CA1,4562,-0.350290998591455,FALSE,FALSE,oxidative phosphorylation,-2.11097705826318,5.75222270996947e-5,manuscript-fixed programme/location/constituent-term exemplar
3,GO:0006119,microglia,CA1,4563,-0.350489647776994,FALSE,FALSE,oxidative phosphorylation,-2.11097705826318,5.75222270996947e-5,manuscript-fixed programme/location/constituent-term exemplar
3,GO:0006119,microglia,CA1,4564,-0.350688296962532,FALSE,FALSE,oxidative phosphorylation,-2.11097705826318,5.75222270996947e-5,manuscript-fixed programme/location/constituent-term exemplar
3,GO:0006119,microglia,CA1,4565,-0.35088694614807,FALSE,FALSE,oxidative phosphorylation,-2.11097705826318,5.75222270996947e-5,manuscript-fixed programme/location/constituent-term exemplar
3,GO:0006119,microglia,CA1,4566,-0.351085595333609,FALSE,FALSE,oxidative phosphorylation,-2.11097705826318,5.75222270996947e-5,manuscript-fixed programme/location/constituent-term exemplar
3,GO:0006119,microglia,CA1,4567,-0.351284244519147,FALSE,FALSE,oxidative phosphorylation,-2.11097705826318,5.75222270996947e-5,manuscript-fixed programme/location/constituent-term exemplar
3,GO:0006119,microglia,CA1,4568,-0.351482893704685,FALSE,FALSE,oxidative phosphorylation,-2.11097705826318,5.75222270996947e-5,manuscript-fixed programme/location/constituent-term exemplar
3,GO:0006119,microglia,CA1,4569,-0.336674623894198,TRUE,FALSE,oxidative phosphorylation,-2.11097705826318,5.75222270996947e-5,manuscript-fixed programme/location/constituent-term exemplar
3,GO:0006119,microglia,CA1,4570,-0.336873273079736,FALSE,FALSE,oxidative phosphorylation,-2.11097705826318,5.75222270996947e-5,manuscript-fixed programme/location/constituent-term exemplar
3,GO:0006119,microglia,CA1,4571,-0.337071922265274,FALSE,FALSE,oxidative phosphorylation,-2.11097705826318,5.75222270996947e-5,manuscript-fixed programme/location/constituent-term exemplar
3,GO:0006119,microglia,CA1,4572,-0.337270571450813,FALSE,FALSE,oxidative phosphorylation,-2.11097705826318,5.75222270996947e-5,manuscript-fixed programme/location/constituent-term exemplar
3,GO:0006119,microglia,CA1,4573,-0.337469220636351,FALSE,FALSE,oxidative phosphorylation,-2.11097705826318,5.75222270996947e-5,manuscript-fixed programme/location/constituent-term exemplar
3,GO:0006119,microglia,CA1,4574,-0.337667869821889,FALSE,FALSE,oxidative phosphorylation,-2.11097705826318,5.75222270996947e-5,manuscript-fixed programme/location/constituent-term exemplar
3,GO:0006119,microglia,CA1,4575,-0.337866519007428,FALSE,FALSE,oxidative phosphorylation,-2.11097705826318,5.75222270996947e-5,manuscript-fixed programme/location/constituent-term exemplar
3,GO:0006119,microglia,CA1,4576,-0.338065168192966,FALSE,FALSE,oxidative phosphorylation,-2.11097705826318,5.75222270996947e-5,manuscript-fixed programme/location/constituent-term exemplar
3,GO:0006119,microglia,CA1,4577,-0.338263817378504,FALSE,FALSE,oxidative phosphorylation,-2.11097705826318,5.75222270996947e-5,manuscript-fixed programme/location/constituent-term exemplar
3,GO:0006119,microglia,CA1,4578,-0.338462466564043,FALSE,FALSE,oxidative phosphorylation,-2.11097705826318,5.75222270996947e-5,manuscript-fixed programme/location/constituent-term exemplar
3,GO:0006119,microglia,CA1,4579,-0.338661115749581,FALSE,FALSE,oxidative phosphorylation,-2.11097705826318,5.75222270996947e-5,manuscript-fixed programme/location/constituent-term exemplar
3,GO:0006119,microglia,CA1,4580,-0.338859764935119,FALSE,FALSE,oxidative phosphorylation,-2.11097705826318,5.75222270996947e-5,manuscript-fixed programme/location/constituent-term exemplar
3,GO:0006119,microglia,CA1,4581,-0.339058414120658,FALSE,FALSE,oxidative phosphorylation,-2.11097705826318,5.75222270996947e-5,manuscript-fixed programme/location/constituent-term exemplar
3,GO:0006119,microglia,CA1,4582,-0.324122544565279,TRUE,FALSE,oxidative phosphorylation,-2.11097705826318,5.75222270996947e-5,manuscript-fixed programme/location/constituent-term exemplar
3,GO:0006119,microglia,CA1,4583,-0.324321193750818,FALSE,FALSE,oxidative phosphorylation,-2.11097705826318,5.75222270996947e-5,manuscript-fixed programme/location/constituent-term exemplar
3,GO:0006119,microglia,CA1,4584,-0.324519842936356,FALSE,FALSE,oxidative phosphorylation,-2.11097705826318,5.75222270996947e-5,manuscript-fixed programme/location/constituent-term exemplar
3,GO:0006119,microglia,CA1,4585,-0.324718492121894,FALSE,FALSE,oxidative phosphorylation,-2.11097705826318,5.75222270996947e-5,manuscript-fixed programme/location/constituent-term exemplar
3,GO:0006119,microglia,CA1,4586,-0.324917141307433,FALSE,FALSE,oxidative phosphorylation,-2.11097705826318,5.75222270996947e-5,manuscript-fixed programme/location/constituent-term exemplar
3,GO:0006119,microglia,CA1,4587,-0.325115790492971,FALSE,FALSE,oxidative phosphorylation,-2.11097705826318,5.75222270996947e-5,manuscript-fixed programme/location/constituent-term exemplar
3,GO:0006119,microglia,CA1,4588,-0.325314439678509,FALSE,FALSE,oxidative phosphorylation,-2.11097705826318,5.75222270996947e-5,manuscript-fixed programme/location/constituent-term exemplar
3,GO:0006119,microglia,CA1,4589,-0.325513088864048,FALSE,FALSE,oxidative phosphorylation,-2.11097705826318,5.75222270996947e-5,manuscript-fixed programme/location/constituent-term exemplar
3,GO:0006119,microglia,CA1,4590,-0.325711738049586,FALSE,FALSE,oxidative phosphorylation,-2.11097705826318,5.75222270996947e-5,manuscript-fixed programme/location/constituent-term exemplar
3,GO:0006119,microglia,CA1,4591,-0.325910387235124,FALSE,FALSE,oxidative phosphorylation,-2.11097705826318,5.75222270996947e-5,manuscript-fixed programme/location/constituent-term exemplar
3,GO:0006119,microglia,CA1,4592,-0.326109036420663,FALSE,FALSE,oxidative phosphorylation,-2.11097705826318,5.75222270996947e-5,manuscript-fixed programme/location/constituent-term exemplar
3,GO:0006119,microglia,CA1,4593,-0.326307685606201,FALSE,FALSE,oxidative phosphorylation,-2.11097705826318,5.75222270996947e-5,manuscript-fixed programme/location/constituent-term exemplar
3,GO:0006119,microglia,CA1,4594,-0.326506334791739,FALSE,FALSE,oxidative phosphorylation,-2.11097705826318,5.75222270996947e-5,manuscript-fixed programme/location/constituent-term exemplar
3,GO:0006119,microglia,CA1,4595,-0.311428747529585,TRUE,FALSE,oxidative phosphorylation,-2.11097705826318,5.75222270996947e-5,manuscript-fixed programme/location/constituent-term exemplar
3,GO:0006119,microglia,CA1,4596,-0.311627396715123,FALSE,FALSE,oxidative phosphorylation,-2.11097705826318,5.75222270996947e-5,manuscript-fixed programme/location/constituent-term exemplar
3,GO:0006119,microglia,CA1,4597,-0.311826045900662,FALSE,FALSE,oxidative phosphorylation,-2.11097705826318,5.75222270996947e-5,manuscript-fixed programme/location/constituent-term exemplar
3,GO:0006119,microglia,CA1,4598,-0.3120246950862,FALSE,FALSE,oxidative phosphorylation,-2.11097705826318,5.75222270996947e-5,manuscript-fixed programme/location/constituent-term exemplar
3,GO:0006119,microglia,CA1,4599,-0.312223344271738,FALSE,FALSE,oxidative phosphorylation,-2.11097705826318,5.75222270996947e-5,manuscript-fixed programme/location/constituent-term exemplar
3,GO:0006119,microglia,CA1,4600,-0.312421993457277,FALSE,FALSE,oxidative phosphorylation,-2.11097705826318,5.75222270996947e-5,manuscript-fixed programme/location/constituent-term exemplar
3,GO:0006119,microglia,CA1,4601,-0.312620642642815,FALSE,FALSE,oxidative phosphorylation,-2.11097705826318,5.75222270996947e-5,manuscript-fixed programme/location/constituent-term exemplar
3,GO:0006119,microglia,CA1,4602,-0.312819291828353,FALSE,FALSE,oxidative phosphorylation,-2.11097705826318,5.75222270996947e-5,manuscript-fixed programme/location/constituent-term exemplar
3,GO:0006119,microglia,CA1,4603,-0.313017941013892,FALSE,FALSE,oxidative phosphorylation,-2.11097705826318,5.75222270996947e-5,manuscript-fixed programme/location/constituent-term exemplar
3,GO:0006119,microglia,CA1,4604,-0.31321659019943,FALSE,FALSE,oxidative phosphorylation,-2.11097705826318,5.75222270996947e-5,manuscript-fixed programme/location/constituent-term exemplar
3,GO:0006119,microglia,CA1,4605,-0.313415239384968,FALSE,FALSE,oxidative phosphorylation,-2.11097705826318,5.75222270996947e-5,manuscript-fixed programme/location/constituent-term exemplar
3,GO:0006119,microglia,CA1,4606,-0.313613888570507,FALSE,FALSE,oxidative phosphorylation,-2.11097705826318,5.75222270996947e-5,manuscript-fixed programme/location/constituent-term exemplar
3,GO:0006119,microglia,CA1,4607,-0.313812537756045,FALSE,FALSE,oxidative phosphorylation,-2.11097705826318,5.75222270996947e-5,manuscript-fixed programme/location/constituent-term exemplar
3,GO:0006119,microglia,CA1,4608,-0.314011186941583,FALSE,FALSE,oxidative phosphorylation,-2.11097705826318,5.75222270996947e-5,manuscript-fixed programme/location/constituent-term exemplar
3,GO:0006119,microglia,CA1,4609,-0.314209836127122,FALSE,FALSE,oxidative phosphorylation,-2.11097705826318,5.75222270996947e-5,manuscript-fixed programme/location/constituent-term exemplar
3,GO:0006119,microglia,CA1,4610,-0.31440848531266,FALSE,FALSE,oxidative phosphorylation,-2.11097705826318,5.75222270996947e-5,manuscript-fixed programme/location/constituent-term exemplar
3,GO:0006119,microglia,CA1,4611,-0.314607134498198,FALSE,FALSE,oxidative phosphorylation,-2.11097705826318,5.75222270996947e-5,manuscript-fixed programme/location/constituent-term exemplar
3,GO:0006119,microglia,CA1,4612,-0.314805783683737,FALSE,FALSE,oxidative phosphorylation,-2.11097705826318,5.75222270996947e-5,manuscript-fixed programme/location/constituent-term exemplar
3,GO:0006119,microglia,CA1,4613,-0.315004432869275,FALSE,FALSE,oxidative phosphorylation,-2.11097705826318,5.75222270996947e-5,manuscript-fixed programme/location/constituent-term exemplar
3,GO:0006119,microglia,CA1,4614,-0.315203082054814,FALSE,FALSE,oxidative phosphorylation,-2.11097705826318,5.75222270996947e-5,manuscript-fixed programme/location/constituent-term exemplar
3,GO:0006119,microglia,CA1,4615,-0.315401731240352,FALSE,FALSE,oxidative phosphorylation,-2.11097705826318,5.75222270996947e-5,manuscript-fixed programme/location/constituent-term exemplar
3,GO:0006119,microglia,CA1,4616,-0.31560038042589,FALSE,FALSE,oxidative phosphorylation,-2.11097705826318,5.75222270996947e-5,manuscript-fixed programme/location/constituent-term exemplar
3,GO:0006119,microglia,CA1,4617,-0.315799029611428,FALSE,FALSE,oxidative phosphorylation,-2.11097705826318,5.75222270996947e-5,manuscript-fixed programme/location/constituent-term exemplar
3,GO:0006119,microglia,CA1,4618,-0.30040375203387,TRUE,FALSE,oxidative phosphorylation,-2.11097705826318,5.75222270996947e-5,manuscript-fixed programme/location/constituent-term exemplar
3,GO:0006119,microglia,CA1,4619,-0.300602401219408,FALSE,FALSE,oxidative phosphorylation,-2.11097705826318,5.75222270996947e-5,manuscript-fixed programme/location/constituent-term exemplar
3,GO:0006119,microglia,CA1,4620,-0.300801050404947,FALSE,FALSE,oxidative phosphorylation,-2.11097705826318,5.75222270996947e-5,manuscript-fixed programme/location/constituent-term exemplar
3,GO:0006119,microglia,CA1,4621,-0.300999699590485,FALSE,FALSE,oxidative phosphorylation,-2.11097705826318,5.75222270996947e-5,manuscript-fixed programme/location/constituent-term exemplar
3,GO:0006119,microglia,CA1,4622,-0.301198348776023,FALSE,FALSE,oxidative phosphorylation,-2.11097705826318,5.75222270996947e-5,manuscript-fixed programme/location/constituent-term exemplar
3,GO:0006119,microglia,CA1,4623,-0.285744600293419,TRUE,FALSE,oxidative phosphorylation,-2.11097705826318,5.75222270996947e-5,manuscript-fixed programme/location/constituent-term exemplar
3,GO:0006119,microglia,CA1,4624,-0.285943249478957,FALSE,FALSE,oxidative phosphorylation,-2.11097705826318,5.75222270996947e-5,manuscript-fixed programme/location/constituent-term exemplar
3,GO:0006119,microglia,CA1,4625,-0.286141898664496,FALSE,FALSE,oxidative phosphorylation,-2.11097705826318,5.75222270996947e-5,manuscript-fixed programme/location/constituent-term exemplar
3,GO:0006119,microglia,CA1,4626,-0.286340547850034,FALSE,FALSE,oxidative phosphorylation,-2.11097705826318,5.75222270996947e-5,manuscript-fixed programme/location/constituent-term exemplar
3,GO:0006119,microglia,CA1,4627,-0.286539197035573,FALSE,FALSE,oxidative phosphorylation,-2.11097705826318,5.75222270996947e-5,manuscript-fixed programme/location/constituent-term exemplar
3,GO:0006119,microglia,CA1,4628,-0.286737846221111,FALSE,FALSE,oxidative phosphorylation,-2.11097705826318,5.75222270996947e-5,manuscript-fixed programme/location/constituent-term exemplar
3,GO:0006119,microglia,CA1,4629,-0.286936495406649,FALSE,FALSE,oxidative phosphorylation,-2.11097705826318,5.75222270996947e-5,manuscript-fixed programme/location/constituent-term exemplar
3,GO:0006119,microglia,CA1,4630,-0.287135144592187,FALSE,FALSE,oxidative phosphorylation,-2.11097705826318,5.75222270996947e-5,manuscript-fixed programme/location/constituent-term exemplar
3,GO:0006119,microglia,CA1,4631,-0.287333793777726,FALSE,FALSE,oxidative phosphorylation,-2.11097705826318,5.75222270996947e-5,manuscript-fixed programme/location/constituent-term exemplar
3,GO:0006119,microglia,CA1,4632,-0.287532442963264,FALSE,FALSE,oxidative phosphorylation,-2.11097705826318,5.75222270996947e-5,manuscript-fixed programme/location/constituent-term exemplar
3,GO:0006119,microglia,CA1,4633,-0.287731092148803,FALSE,FALSE,oxidative phosphorylation,-2.11097705826318,5.75222270996947e-5,manuscript-fixed programme/location/constituent-term exemplar
3,GO:0006119,microglia,CA1,4634,-0.287929741334341,FALSE,FALSE,oxidative phosphorylation,-2.11097705826318,5.75222270996947e-5,manuscript-fixed programme/location/constituent-term exemplar
3,GO:0006119,microglia,CA1,4635,-0.288128390519879,FALSE,FALSE,oxidative phosphorylation,-2.11097705826318,5.75222270996947e-5,manuscript-fixed programme/location/constituent-term exemplar
3,GO:0006119,microglia,CA1,4636,-0.288327039705418,FALSE,FALSE,oxidative phosphorylation,-2.11097705826318,5.75222270996947e-5,manuscript-fixed programme/location/constituent-term exemplar
3,GO:0006119,microglia,CA1,4637,-0.288525688890956,FALSE,FALSE,oxidative phosphorylation,-2.11097705826318,5.75222270996947e-5,manuscript-fixed programme/location/constituent-term exemplar
3,GO:0006119,microglia,CA1,4638,-0.288724338076494,FALSE,FALSE,oxidative phosphorylation,-2.11097705826318,5.75222270996947e-5,manuscript-fixed programme/location/constituent-term exemplar
3,GO:0006119,microglia,CA1,4639,-0.288922987262033,FALSE,FALSE,oxidative phosphorylation,-2.11097705826318,5.75222270996947e-5,manuscript-fixed programme/location/constituent-term exemplar
3,GO:0006119,microglia,CA1,4640,-0.289121636447571,FALSE,FALSE,oxidative phosphorylation,-2.11097705826318,5.75222270996947e-5,manuscript-fixed programme/location/constituent-term exemplar
3,GO:0006119,microglia,CA1,4641,-0.289320285633109,FALSE,FALSE,oxidative phosphorylation,-2.11097705826318,5.75222270996947e-5,manuscript-fixed programme/location/constituent-term exemplar
3,GO:0006119,microglia,CA1,4642,-0.289518934818648,FALSE,FALSE,oxidative phosphorylation,-2.11097705826318,5.75222270996947e-5,manuscript-fixed programme/location/constituent-term exemplar
3,GO:0006119,microglia,CA1,4643,-0.273839844672892,TRUE,FALSE,oxidative phosphorylation,-2.11097705826318,5.75222270996947e-5,manuscript-fixed programme/location/constituent-term exemplar
3,GO:0006119,microglia,CA1,4644,-0.274038493858431,FALSE,FALSE,oxidative phosphorylation,-2.11097705826318,5.75222270996947e-5,manuscript-fixed programme/location/constituent-term exemplar
3,GO:0006119,microglia,CA1,4645,-0.274237143043969,FALSE,FALSE,oxidative phosphorylation,-2.11097705826318,5.75222270996947e-5,manuscript-fixed programme/location/constituent-term exemplar
3,GO:0006119,microglia,CA1,4646,-0.274435792229508,FALSE,FALSE,oxidative phosphorylation,-2.11097705826318,5.75222270996947e-5,manuscript-fixed programme/location/constituent-term exemplar
3,GO:0006119,microglia,CA1,4647,-0.274634441415046,FALSE,FALSE,oxidative phosphorylation,-2.11097705826318,5.75222270996947e-5,manuscript-fixed programme/location/constituent-term exemplar
3,GO:0006119,microglia,CA1,4648,-0.274833090600584,FALSE,FALSE,oxidative phosphorylation,-2.11097705826318,5.75222270996947e-5,manuscript-fixed programme/location/constituent-term exemplar
3,GO:0006119,microglia,CA1,4649,-0.275031739786122,FALSE,FALSE,oxidative phosphorylation,-2.11097705826318,5.75222270996947e-5,manuscript-fixed programme/location/constituent-term exemplar
3,GO:0006119,microglia,CA1,4650,-0.275230388971661,FALSE,FALSE,oxidative phosphorylation,-2.11097705826318,5.75222270996947e-5,manuscript-fixed programme/location/constituent-term exemplar
3,GO:0006119,microglia,CA1,4651,-0.275429038157199,FALSE,FALSE,oxidative phosphorylation,-2.11097705826318,5.75222270996947e-5,manuscript-fixed programme/location/constituent-term exemplar
3,GO:0006119,microglia,CA1,4652,-0.275627687342738,FALSE,FALSE,oxidative phosphorylation,-2.11097705826318,5.75222270996947e-5,manuscript-fixed programme/location/constituent-term exemplar
3,GO:0006119,microglia,CA1,4653,-0.275826336528276,FALSE,FALSE,oxidative phosphorylation,-2.11097705826318,5.75222270996947e-5,manuscript-fixed programme/location/constituent-term exemplar
3,GO:0006119,microglia,CA1,4654,-0.276024985713814,FALSE,FALSE,oxidative phosphorylation,-2.11097705826318,5.75222270996947e-5,manuscript-fixed programme/location/constituent-term exemplar
3,GO:0006119,microglia,CA1,4655,-0.276223634899353,FALSE,FALSE,oxidative phosphorylation,-2.11097705826318,5.75222270996947e-5,manuscript-fixed programme/location/constituent-term exemplar
3,GO:0006119,microglia,CA1,4656,-0.276422284084891,FALSE,FALSE,oxidative phosphorylation,-2.11097705826318,5.75222270996947e-5,manuscript-fixed programme/location/constituent-term exemplar
3,GO:0006119,microglia,CA1,4657,-0.276620933270429,FALSE,FALSE,oxidative phosphorylation,-2.11097705826318,5.75222270996947e-5,manuscript-fixed programme/location/constituent-term exemplar
3,GO:0006119,microglia,CA1,4658,-0.276819582455968,FALSE,FALSE,oxidative phosphorylation,-2.11097705826318,5.75222270996947e-5,manuscript-fixed programme/location/constituent-term exemplar
3,GO:0006119,microglia,CA1,4659,-0.277018231641506,FALSE,FALSE,oxidative phosphorylation,-2.11097705826318,5.75222270996947e-5,manuscript-fixed programme/location/constituent-term exemplar
3,GO:0006119,microglia,CA1,4660,-0.277216880827044,FALSE,FALSE,oxidative phosphorylation,-2.11097705826318,5.75222270996947e-5,manuscript-fixed programme/location/constituent-term exemplar
3,GO:0006119,microglia,CA1,4661,-0.277415530012583,FALSE,FALSE,oxidative phosphorylation,-2.11097705826318,5.75222270996947e-5,manuscript-fixed programme/location/constituent-term exemplar
3,GO:0006119,microglia,CA1,4662,-0.277614179198121,FALSE,FALSE,oxidative phosphorylation,-2.11097705826318,5.75222270996947e-5,manuscript-fixed programme/location/constituent-term exemplar
3,GO:0006119,microglia,CA1,4663,-0.277812828383659,FALSE,FALSE,oxidative phosphorylation,-2.11097705826318,5.75222270996947e-5,manuscript-fixed programme/location/constituent-term exemplar
3,GO:0006119,microglia,CA1,4664,-0.278011477569198,FALSE,FALSE,oxidative phosphorylation,-2.11097705826318,5.75222270996947e-5,manuscript-fixed programme/location/constituent-term exemplar
3,GO:0006119,microglia,CA1,4665,-0.278210126754736,FALSE,FALSE,oxidative phosphorylation,-2.11097705826318,5.75222270996947e-5,manuscript-fixed programme/location/constituent-term exemplar
3,GO:0006119,microglia,CA1,4666,-0.278408775940274,FALSE,FALSE,oxidative phosphorylation,-2.11097705826318,5.75222270996947e-5,manuscript-fixed programme/location/constituent-term exemplar
3,GO:0006119,microglia,CA1,4667,-0.278607425125813,FALSE,FALSE,oxidative phosphorylation,-2.11097705826318,5.75222270996947e-5,manuscript-fixed programme/location/constituent-term exemplar
3,GO:0006119,microglia,CA1,4668,-0.278806074311351,FALSE,FALSE,oxidative phosphorylation,-2.11097705826318,5.75222270996947e-5,manuscript-fixed programme/location/constituent-term exemplar
3,GO:0006119,microglia,CA1,4669,-0.279004723496889,FALSE,FALSE,oxidative phosphorylation,-2.11097705826318,5.75222270996947e-5,manuscript-fixed programme/location/constituent-term exemplar
3,GO:0006119,microglia,CA1,4670,-0.279203372682428,FALSE,FALSE,oxidative phosphorylation,-2.11097705826318,5.75222270996947e-5,manuscript-fixed programme/location/constituent-term exemplar
3,GO:0006119,microglia,CA1,4671,-0.279402021867966,FALSE,FALSE,oxidative phosphorylation,-2.11097705826318,5.75222270996947e-5,manuscript-fixed programme/location/constituent-term exemplar
3,GO:0006119,microglia,CA1,4672,-0.279600671053504,FALSE,FALSE,oxidative phosphorylation,-2.11097705826318,5.75222270996947e-5,manuscript-fixed programme/location/constituent-term exemplar
3,GO:0006119,microglia,CA1,4673,-0.279799320239043,FALSE,FALSE,oxidative phosphorylation,-2.11097705826318,5.75222270996947e-5,manuscript-fixed programme/location/constituent-term exemplar
3,GO:0006119,microglia,CA1,4674,-0.279997969424581,FALSE,FALSE,oxidative phosphorylation,-2.11097705826318,5.75222270996947e-5,manuscript-fixed programme/location/constituent-term exemplar
3,GO:0006119,microglia,CA1,4675,-0.280196618610119,FALSE,FALSE,oxidative phosphorylation,-2.11097705826318,5.75222270996947e-5,manuscript-fixed programme/location/constituent-term exemplar
3,GO:0006119,microglia,CA1,4676,-0.280395267795658,FALSE,FALSE,oxidative phosphorylation,-2.11097705826318,5.75222270996947e-5,manuscript-fixed programme/location/constituent-term exemplar
3,GO:0006119,microglia,CA1,4677,-0.280593916981196,FALSE,FALSE,oxidative phosphorylation,-2.11097705826318,5.75222270996947e-5,manuscript-fixed programme/location/constituent-term exemplar
3,GO:0006119,microglia,CA1,4678,-0.280792566166734,FALSE,FALSE,oxidative phosphorylation,-2.11097705826318,5.75222270996947e-5,manuscript-fixed programme/location/constituent-term exemplar
3,GO:0006119,microglia,CA1,4679,-0.264688099985582,TRUE,FALSE,oxidative phosphorylation,-2.11097705826318,5.75222270996947e-5,manuscript-fixed programme/location/constituent-term exemplar
3,GO:0006119,microglia,CA1,4680,-0.26488674917112,FALSE,FALSE,oxidative phosphorylation,-2.11097705826318,5.75222270996947e-5,manuscript-fixed programme/location/constituent-term exemplar
3,GO:0006119,microglia,CA1,4681,-0.265085398356658,FALSE,FALSE,oxidative phosphorylation,-2.11097705826318,5.75222270996947e-5,manuscript-fixed programme/location/constituent-term exemplar
3,GO:0006119,microglia,CA1,4682,-0.265284047542197,FALSE,FALSE,oxidative phosphorylation,-2.11097705826318,5.75222270996947e-5,manuscript-fixed programme/location/constituent-term exemplar
3,GO:0006119,microglia,CA1,4683,-0.265482696727735,FALSE,FALSE,oxidative phosphorylation,-2.11097705826318,5.75222270996947e-5,manuscript-fixed programme/location/constituent-term exemplar
3,GO:0006119,microglia,CA1,4684,-0.265681345913273,FALSE,FALSE,oxidative phosphorylation,-2.11097705826318,5.75222270996947e-5,manuscript-fixed programme/location/constituent-term exemplar
3,GO:0006119,microglia,CA1,4685,-0.265879995098812,FALSE,FALSE,oxidative phosphorylation,-2.11097705826318,5.75222270996947e-5,manuscript-fixed programme/location/constituent-term exemplar
3,GO:0006119,microglia,CA1,4686,-0.26607864428435,FALSE,FALSE,oxidative phosphorylation,-2.11097705826318,5.75222270996947e-5,manuscript-fixed programme/location/constituent-term exemplar
3,GO:0006119,microglia,CA1,4687,-0.266277293469888,FALSE,FALSE,oxidative phosphorylation,-2.11097705826318,5.75222270996947e-5,manuscript-fixed programme/location/constituent-term exemplar
3,GO:0006119,microglia,CA1,4688,-0.266475942655427,FALSE,FALSE,oxidative phosphorylation,-2.11097705826318,5.75222270996947e-5,manuscript-fixed programme/location/constituent-term exemplar
3,GO:0006119,microglia,CA1,4689,-0.266674591840965,FALSE,FALSE,oxidative phosphorylation,-2.11097705826318,5.75222270996947e-5,manuscript-fixed programme/location/constituent-term exemplar
3,GO:0006119,microglia,CA1,4690,-0.266873241026503,FALSE,FALSE,oxidative phosphorylation,-2.11097705826318,5.75222270996947e-5,manuscript-fixed programme/location/constituent-term exemplar
3,GO:0006119,microglia,CA1,4691,-0.267071890212042,FALSE,FALSE,oxidative phosphorylation,-2.11097705826318,5.75222270996947e-5,manuscript-fixed programme/location/constituent-term exemplar
3,GO:0006119,microglia,CA1,4692,-0.26727053939758,FALSE,FALSE,oxidative phosphorylation,-2.11097705826318,5.75222270996947e-5,manuscript-fixed programme/location/constituent-term exemplar
3,GO:0006119,microglia,CA1,4693,-0.267469188583118,FALSE,FALSE,oxidative phosphorylation,-2.11097705826318,5.75222270996947e-5,manuscript-fixed programme/location/constituent-term exemplar
3,GO:0006119,microglia,CA1,4694,-0.267667837768657,FALSE,FALSE,oxidative phosphorylation,-2.11097705826318,5.75222270996947e-5,manuscript-fixed programme/location/constituent-term exemplar
3,GO:0006119,microglia,CA1,4695,-0.267866486954195,FALSE,FALSE,oxidative phosphorylation,-2.11097705826318,5.75222270996947e-5,manuscript-fixed programme/location/constituent-term exemplar
3,GO:0006119,microglia,CA1,4696,-0.268065136139733,FALSE,FALSE,oxidative phosphorylation,-2.11097705826318,5.75222270996947e-5,manuscript-fixed programme/location/constituent-term exemplar
3,GO:0006119,microglia,CA1,4697,-0.268263785325272,FALSE,FALSE,oxidative phosphorylation,-2.11097705826318,5.75222270996947e-5,manuscript-fixed programme/location/constituent-term exemplar
3,GO:0006119,microglia,CA1,4698,-0.26846243451081,FALSE,FALSE,oxidative phosphorylation,-2.11097705826318,5.75222270996947e-5,manuscript-fixed programme/location/constituent-term exemplar
3,GO:0006119,microglia,CA1,4699,-0.268661083696348,FALSE,FALSE,oxidative phosphorylation,-2.11097705826318,5.75222270996947e-5,manuscript-fixed programme/location/constituent-term exemplar
3,GO:0006119,microglia,CA1,4700,-0.268859732881887,FALSE,FALSE,oxidative phosphorylation,-2.11097705826318,5.75222270996947e-5,manuscript-fixed programme/location/constituent-term exemplar
3,GO:0006119,microglia,CA1,4701,-0.269058382067425,FALSE,FALSE,oxidative phosphorylation,-2.11097705826318,5.75222270996947e-5,manuscript-fixed programme/location/constituent-term exemplar
3,GO:0006119,microglia,CA1,4702,-0.269257031252963,FALSE,FALSE,oxidative phosphorylation,-2.11097705826318,5.75222270996947e-5,manuscript-fixed programme/location/constituent-term exemplar
3,GO:0006119,microglia,CA1,4703,-0.269455680438502,FALSE,FALSE,oxidative phosphorylation,-2.11097705826318,5.75222270996947e-5,manuscript-fixed programme/location/constituent-term exemplar
3,GO:0006119,microglia,CA1,4704,-0.26965432962404,FALSE,FALSE,oxidative phosphorylation,-2.11097705826318,5.75222270996947e-5,manuscript-fixed programme/location/constituent-term exemplar
3,GO:0006119,microglia,CA1,4705,-0.269852978809578,FALSE,FALSE,oxidative phosphorylation,-2.11097705826318,5.75222270996947e-5,manuscript-fixed programme/location/constituent-term exemplar
3,GO:0006119,microglia,CA1,4706,-0.270051627995117,FALSE,FALSE,oxidative phosphorylation,-2.11097705826318,5.75222270996947e-5,manuscript-fixed programme/location/constituent-term exemplar
3,GO:0006119,microglia,CA1,4707,-0.270250277180655,FALSE,FALSE,oxidative phosphorylation,-2.11097705826318,5.75222270996947e-5,manuscript-fixed programme/location/constituent-term exemplar
3,GO:0006119,microglia,CA1,4708,-0.270448926366193,FALSE,FALSE,oxidative phosphorylation,-2.11097705826318,5.75222270996947e-5,manuscript-fixed programme/location/constituent-term exemplar
3,GO:0006119,microglia,CA1,4709,-0.270647575551732,FALSE,FALSE,oxidative phosphorylation,-2.11097705826318,5.75222270996947e-5,manuscript-fixed programme/location/constituent-term exemplar
3,GO:0006119,microglia,CA1,4710,-0.27084622473727,FALSE,FALSE,oxidative phosphorylation,-2.11097705826318,5.75222270996947e-5,manuscript-fixed programme/location/constituent-term exemplar
3,GO:0006119,microglia,CA1,4711,-0.271044873922808,FALSE,FALSE,oxidative phosphorylation,-2.11097705826318,5.75222270996947e-5,manuscript-fixed programme/location/constituent-term exemplar
3,GO:0006119,microglia,CA1,4712,-0.271243523108347,FALSE,FALSE,oxidative phosphorylation,-2.11097705826318,5.75222270996947e-5,manuscript-fixed programme/location/constituent-term exemplar
3,GO:0006119,microglia,CA1,4713,-0.271442172293885,FALSE,FALSE,oxidative phosphorylation,-2.11097705826318,5.75222270996947e-5,manuscript-fixed programme/location/constituent-term exemplar
3,GO:0006119,microglia,CA1,4714,-0.271640821479423,FALSE,FALSE,oxidative phosphorylation,-2.11097705826318,5.75222270996947e-5,manuscript-fixed programme/location/constituent-term exemplar
3,GO:0006119,microglia,CA1,4715,-0.271839470664962,FALSE,FALSE,oxidative phosphorylation,-2.11097705826318,5.75222270996947e-5,manuscript-fixed programme/location/constituent-term exemplar
3,GO:0006119,microglia,CA1,4716,-0.2720381198505,FALSE,FALSE,oxidative phosphorylation,-2.11097705826318,5.75222270996947e-5,manuscript-fixed programme/location/constituent-term exemplar
3,GO:0006119,microglia,CA1,4717,-0.272236769036038,FALSE,FALSE,oxidative phosphorylation,-2.11097705826318,5.75222270996947e-5,manuscript-fixed programme/location/constituent-term exemplar
3,GO:0006119,microglia,CA1,4718,-0.272435418221577,FALSE,FALSE,oxidative phosphorylation,-2.11097705826318,5.75222270996947e-5,manuscript-fixed programme/location/constituent-term exemplar
3,GO:0006119,microglia,CA1,4719,-0.272634067407115,FALSE,FALSE,oxidative phosphorylation,-2.11097705826318,5.75222270996947e-5,manuscript-fixed programme/location/constituent-term exemplar
3,GO:0006119,microglia,CA1,4720,-0.272832716592654,FALSE,FALSE,oxidative phosphorylation,-2.11097705826318,5.75222270996947e-5,manuscript-fixed programme/location/constituent-term exemplar
3,GO:0006119,microglia,CA1,4721,-0.273031365778192,FALSE,FALSE,oxidative phosphorylation,-2.11097705826318,5.75222270996947e-5,manuscript-fixed programme/location/constituent-term exemplar
3,GO:0006119,microglia,CA1,4722,-0.27323001496373,FALSE,FALSE,oxidative phosphorylation,-2.11097705826318,5.75222270996947e-5,manuscript-fixed programme/location/constituent-term exemplar
3,GO:0006119,microglia,CA1,4723,-0.273428664149268,FALSE,FALSE,oxidative phosphorylation,-2.11097705826318,5.75222270996947e-5,manuscript-fixed programme/location/constituent-term exemplar
3,GO:0006119,microglia,CA1,4724,-0.273627313334807,FALSE,FALSE,oxidative phosphorylation,-2.11097705826318,5.75222270996947e-5,manuscript-fixed programme/location/constituent-term exemplar
3,GO:0006119,microglia,CA1,4725,-0.273825962520345,FALSE,FALSE,oxidative phosphorylation,-2.11097705826318,5.75222270996947e-5,manuscript-fixed programme/location/constituent-term exemplar
3,GO:0006119,microglia,CA1,4726,-0.274024611705884,FALSE,FALSE,oxidative phosphorylation,-2.11097705826318,5.75222270996947e-5,manuscript-fixed programme/location/constituent-term exemplar
3,GO:0006119,microglia,CA1,4727,-0.274223260891422,FALSE,FALSE,oxidative phosphorylation,-2.11097705826318,5.75222270996947e-5,manuscript-fixed programme/location/constituent-term exemplar
3,GO:0006119,microglia,CA1,4728,-0.27442191007696,FALSE,FALSE,oxidative phosphorylation,-2.11097705826318,5.75222270996947e-5,manuscript-fixed programme/location/constituent-term exemplar
3,GO:0006119,microglia,CA1,4729,-0.274620559262499,FALSE,FALSE,oxidative phosphorylation,-2.11097705826318,5.75222270996947e-5,manuscript-fixed programme/location/constituent-term exemplar
3,GO:0006119,microglia,CA1,4730,-0.274819208448037,FALSE,FALSE,oxidative phosphorylation,-2.11097705826318,5.75222270996947e-5,manuscript-fixed programme/location/constituent-term exemplar
3,GO:0006119,microglia,CA1,4731,-0.258105343053407,TRUE,FALSE,oxidative phosphorylation,-2.11097705826318,5.75222270996947e-5,manuscript-fixed programme/location/constituent-term exemplar
3,GO:0006119,microglia,CA1,4732,-0.258303992238946,FALSE,FALSE,oxidative phosphorylation,-2.11097705826318,5.75222270996947e-5,manuscript-fixed programme/location/constituent-term exemplar
3,GO:0006119,microglia,CA1,4733,-0.258502641424484,FALSE,FALSE,oxidative phosphorylation,-2.11097705826318,5.75222270996947e-5,manuscript-fixed programme/location/constituent-term exemplar
3,GO:0006119,microglia,CA1,4734,-0.258701290610023,FALSE,FALSE,oxidative phosphorylation,-2.11097705826318,5.75222270996947e-5,manuscript-fixed programme/location/constituent-term exemplar
3,GO:0006119,microglia,CA1,4735,-0.258899939795561,FALSE,FALSE,oxidative phosphorylation,-2.11097705826318,5.75222270996947e-5,manuscript-fixed programme/location/constituent-term exemplar
3,GO:0006119,microglia,CA1,4736,-0.259098588981099,FALSE,FALSE,oxidative phosphorylation,-2.11097705826318,5.75222270996947e-5,manuscript-fixed programme/location/constituent-term exemplar
3,GO:0006119,microglia,CA1,4737,-0.259297238166638,FALSE,FALSE,oxidative phosphorylation,-2.11097705826318,5.75222270996947e-5,manuscript-fixed programme/location/constituent-term exemplar
3,GO:0006119,microglia,CA1,4738,-0.259495887352176,FALSE,FALSE,oxidative phosphorylation,-2.11097705826318,5.75222270996947e-5,manuscript-fixed programme/location/constituent-term exemplar
3,GO:0006119,microglia,CA1,4739,-0.259694536537714,FALSE,FALSE,oxidative phosphorylation,-2.11097705826318,5.75222270996947e-5,manuscript-fixed programme/location/constituent-term exemplar
3,GO:0006119,microglia,CA1,4740,-0.259893185723253,FALSE,FALSE,oxidative phosphorylation,-2.11097705826318,5.75222270996947e-5,manuscript-fixed programme/location/constituent-term exemplar
3,GO:0006119,microglia,CA1,4741,-0.260091834908791,FALSE,FALSE,oxidative phosphorylation,-2.11097705826318,5.75222270996947e-5,manuscript-fixed programme/location/constituent-term exemplar
3,GO:0006119,microglia,CA1,4742,-0.260290484094329,FALSE,FALSE,oxidative phosphorylation,-2.11097705826318,5.75222270996947e-5,manuscript-fixed programme/location/constituent-term exemplar
3,GO:0006119,microglia,CA1,4743,-0.260489133279868,FALSE,FALSE,oxidative phosphorylation,-2.11097705826318,5.75222270996947e-5,manuscript-fixed programme/location/constituent-term exemplar
3,GO:0006119,microglia,CA1,4744,-0.260687782465406,FALSE,FALSE,oxidative phosphorylation,-2.11097705826318,5.75222270996947e-5,manuscript-fixed programme/location/constituent-term exemplar
3,GO:0006119,microglia,CA1,4745,-0.260886431650944,FALSE,FALSE,oxidative phosphorylation,-2.11097705826318,5.75222270996947e-5,manuscript-fixed programme/location/constituent-term exemplar
3,GO:0006119,microglia,CA1,4746,-0.261085080836483,FALSE,FALSE,oxidative phosphorylation,-2.11097705826318,5.75222270996947e-5,manuscript-fixed programme/location/constituent-term exemplar
3,GO:0006119,microglia,CA1,4747,-0.261283730022021,FALSE,FALSE,oxidative phosphorylation,-2.11097705826318,5.75222270996947e-5,manuscript-fixed programme/location/constituent-term exemplar
3,GO:0006119,microglia,CA1,4748,-0.261482379207559,FALSE,FALSE,oxidative phosphorylation,-2.11097705826318,5.75222270996947e-5,manuscript-fixed programme/location/constituent-term exemplar
3,GO:0006119,microglia,CA1,4749,-0.261681028393098,FALSE,FALSE,oxidative phosphorylation,-2.11097705826318,5.75222270996947e-5,manuscript-fixed programme/location/constituent-term exemplar
3,GO:0006119,microglia,CA1,4750,-0.261879677578636,FALSE,FALSE,oxidative phosphorylation,-2.11097705826318,5.75222270996947e-5,manuscript-fixed programme/location/constituent-term exemplar
3,GO:0006119,microglia,CA1,4751,-0.262078326764174,FALSE,FALSE,oxidative phosphorylation,-2.11097705826318,5.75222270996947e-5,manuscript-fixed programme/location/constituent-term exemplar
3,GO:0006119,microglia,CA1,4752,-0.262276975949713,FALSE,FALSE,oxidative phosphorylation,-2.11097705826318,5.75222270996947e-5,manuscript-fixed programme/location/constituent-term exemplar
3,GO:0006119,microglia,CA1,4753,-0.262475625135251,FALSE,FALSE,oxidative phosphorylation,-2.11097705826318,5.75222270996947e-5,manuscript-fixed programme/location/constituent-term exemplar
3,GO:0006119,microglia,CA1,4754,-0.262674274320789,FALSE,FALSE,oxidative phosphorylation,-2.11097705826318,5.75222270996947e-5,manuscript-fixed programme/location/constituent-term exemplar
3,GO:0006119,microglia,CA1,4755,-0.262872923506328,FALSE,FALSE,oxidative phosphorylation,-2.11097705826318,5.75222270996947e-5,manuscript-fixed programme/location/constituent-term exemplar
3,GO:0006119,microglia,CA1,4756,-0.263071572691866,FALSE,FALSE,oxidative phosphorylation,-2.11097705826318,5.75222270996947e-5,manuscript-fixed programme/location/constituent-term exemplar
3,GO:0006119,microglia,CA1,4757,-0.263270221877404,FALSE,FALSE,oxidative phosphorylation,-2.11097705826318,5.75222270996947e-5,manuscript-fixed programme/location/constituent-term exemplar
3,GO:0006119,microglia,CA1,4758,-0.263468871062943,FALSE,FALSE,oxidative phosphorylation,-2.11097705826318,5.75222270996947e-5,manuscript-fixed programme/location/constituent-term exemplar
3,GO:0006119,microglia,CA1,4759,-0.263667520248481,FALSE,FALSE,oxidative phosphorylation,-2.11097705826318,5.75222270996947e-5,manuscript-fixed programme/location/constituent-term exemplar
3,GO:0006119,microglia,CA1,4760,-0.263866169434019,FALSE,FALSE,oxidative phosphorylation,-2.11097705826318,5.75222270996947e-5,manuscript-fixed programme/location/constituent-term exemplar
3,GO:0006119,microglia,CA1,4761,-0.264064818619558,FALSE,FALSE,oxidative phosphorylation,-2.11097705826318,5.75222270996947e-5,manuscript-fixed programme/location/constituent-term exemplar
3,GO:0006119,microglia,CA1,4762,-0.264263467805096,FALSE,FALSE,oxidative phosphorylation,-2.11097705826318,5.75222270996947e-5,manuscript-fixed programme/location/constituent-term exemplar
3,GO:0006119,microglia,CA1,4763,-0.264462116990634,FALSE,FALSE,oxidative phosphorylation,-2.11097705826318,5.75222270996947e-5,manuscript-fixed programme/location/constituent-term exemplar
3,GO:0006119,microglia,CA1,4764,-0.264660766176173,FALSE,FALSE,oxidative phosphorylation,-2.11097705826318,5.75222270996947e-5,manuscript-fixed programme/location/constituent-term exemplar
3,GO:0006119,microglia,CA1,4765,-0.264859415361711,FALSE,FALSE,oxidative phosphorylation,-2.11097705826318,5.75222270996947e-5,manuscript-fixed programme/location/constituent-term exemplar
3,GO:0006119,microglia,CA1,4766,-0.265058064547249,FALSE,FALSE,oxidative phosphorylation,-2.11097705826318,5.75222270996947e-5,manuscript-fixed programme/location/constituent-term exemplar
3,GO:0006119,microglia,CA1,4767,-0.265256713732788,FALSE,FALSE,oxidative phosphorylation,-2.11097705826318,5.75222270996947e-5,manuscript-fixed programme/location/constituent-term exemplar
3,GO:0006119,microglia,CA1,4768,-0.265455362918326,FALSE,FALSE,oxidative phosphorylation,-2.11097705826318,5.75222270996947e-5,manuscript-fixed programme/location/constituent-term exemplar
3,GO:0006119,microglia,CA1,4769,-0.265654012103864,FALSE,FALSE,oxidative phosphorylation,-2.11097705826318,5.75222270996947e-5,manuscript-fixed programme/location/constituent-term exemplar
3,GO:0006119,microglia,CA1,4770,-0.265852661289403,FALSE,FALSE,oxidative phosphorylation,-2.11097705826318,5.75222270996947e-5,manuscript-fixed programme/location/constituent-term exemplar
3,GO:0006119,microglia,CA1,4771,-0.266051310474941,FALSE,FALSE,oxidative phosphorylation,-2.11097705826318,5.75222270996947e-5,manuscript-fixed programme/location/constituent-term exemplar
3,GO:0006119,microglia,CA1,4772,-0.266249959660479,FALSE,FALSE,oxidative phosphorylation,-2.11097705826318,5.75222270996947e-5,manuscript-fixed programme/location/constituent-term exemplar
3,GO:0006119,microglia,CA1,4773,-0.266448608846018,FALSE,FALSE,oxidative phosphorylation,-2.11097705826318,5.75222270996947e-5,manuscript-fixed programme/location/constituent-term exemplar
3,GO:0006119,microglia,CA1,4774,-0.266647258031556,FALSE,FALSE,oxidative phosphorylation,-2.11097705826318,5.75222270996947e-5,manuscript-fixed programme/location/constituent-term exemplar
3,GO:0006119,microglia,CA1,4775,-0.266845907217094,FALSE,FALSE,oxidative phosphorylation,-2.11097705826318,5.75222270996947e-5,manuscript-fixed programme/location/constituent-term exemplar
3,GO:0006119,microglia,CA1,4776,-0.267044556402633,FALSE,FALSE,oxidative phosphorylation,-2.11097705826318,5.75222270996947e-5,manuscript-fixed programme/location/constituent-term exemplar
3,GO:0006119,microglia,CA1,4777,-0.267243205588171,FALSE,FALSE,oxidative phosphorylation,-2.11097705826318,5.75222270996947e-5,manuscript-fixed programme/location/constituent-term exemplar
3,GO:0006119,microglia,CA1,4778,-0.267441854773709,FALSE,FALSE,oxidative phosphorylation,-2.11097705826318,5.75222270996947e-5,manuscript-fixed programme/location/constituent-term exemplar
3,GO:0006119,microglia,CA1,4779,-0.267640503959248,FALSE,FALSE,oxidative phosphorylation,-2.11097705826318,5.75222270996947e-5,manuscript-fixed programme/location/constituent-term exemplar
3,GO:0006119,microglia,CA1,4780,-0.267839153144786,FALSE,FALSE,oxidative phosphorylation,-2.11097705826318,5.75222270996947e-5,manuscript-fixed programme/location/constituent-term exemplar
3,GO:0006119,microglia,CA1,4781,-0.268037802330324,FALSE,FALSE,oxidative phosphorylation,-2.11097705826318,5.75222270996947e-5,manuscript-fixed programme/location/constituent-term exemplar
3,GO:0006119,microglia,CA1,4782,-0.268236451515863,FALSE,FALSE,oxidative phosphorylation,-2.11097705826318,5.75222270996947e-5,manuscript-fixed programme/location/constituent-term exemplar
3,GO:0006119,microglia,CA1,4783,-0.268435100701401,FALSE,FALSE,oxidative phosphorylation,-2.11097705826318,5.75222270996947e-5,manuscript-fixed programme/location/constituent-term exemplar
3,GO:0006119,microglia,CA1,4784,-0.268633749886939,FALSE,FALSE,oxidative phosphorylation,-2.11097705826318,5.75222270996947e-5,manuscript-fixed programme/location/constituent-term exemplar
3,GO:0006119,microglia,CA1,4785,-0.268832399072478,FALSE,FALSE,oxidative phosphorylation,-2.11097705826318,5.75222270996947e-5,manuscript-fixed programme/location/constituent-term exemplar
3,GO:0006119,microglia,CA1,4786,-0.269031048258016,FALSE,FALSE,oxidative phosphorylation,-2.11097705826318,5.75222270996947e-5,manuscript-fixed programme/location/constituent-term exemplar
3,GO:0006119,microglia,CA1,4787,-0.269229697443555,FALSE,FALSE,oxidative phosphorylation,-2.11097705826318,5.75222270996947e-5,manuscript-fixed programme/location/constituent-term exemplar
3,GO:0006119,microglia,CA1,4788,-0.269428346629093,FALSE,FALSE,oxidative phosphorylation,-2.11097705826318,5.75222270996947e-5,manuscript-fixed programme/location/constituent-term exemplar
3,GO:0006119,microglia,CA1,4789,-0.269626995814631,FALSE,FALSE,oxidative phosphorylation,-2.11097705826318,5.75222270996947e-5,manuscript-fixed programme/location/constituent-term exemplar
3,GO:0006119,microglia,CA1,4790,-0.269825645000169,FALSE,FALSE,oxidative phosphorylation,-2.11097705826318,5.75222270996947e-5,manuscript-fixed programme/location/constituent-term exemplar
3,GO:0006119,microglia,CA1,4791,-0.252303176331695,TRUE,FALSE,oxidative phosphorylation,-2.11097705826318,5.75222270996947e-5,manuscript-fixed programme/location/constituent-term exemplar
3,GO:0006119,microglia,CA1,4792,-0.252501825517233,FALSE,FALSE,oxidative phosphorylation,-2.11097705826318,5.75222270996947e-5,manuscript-fixed programme/location/constituent-term exemplar
3,GO:0006119,microglia,CA1,4793,-0.252700474702772,FALSE,FALSE,oxidative phosphorylation,-2.11097705826318,5.75222270996947e-5,manuscript-fixed programme/location/constituent-term exemplar
3,GO:0006119,microglia,CA1,4794,-0.25289912388831,FALSE,FALSE,oxidative phosphorylation,-2.11097705826318,5.75222270996947e-5,manuscript-fixed programme/location/constituent-term exemplar
3,GO:0006119,microglia,CA1,4795,-0.253097773073848,FALSE,FALSE,oxidative phosphorylation,-2.11097705826318,5.75222270996947e-5,manuscript-fixed programme/location/constituent-term exemplar
3,GO:0006119,microglia,CA1,4796,-0.253296422259387,FALSE,FALSE,oxidative phosphorylation,-2.11097705826318,5.75222270996947e-5,manuscript-fixed programme/location/constituent-term exemplar
3,GO:0006119,microglia,CA1,4797,-0.253495071444925,FALSE,FALSE,oxidative phosphorylation,-2.11097705826318,5.75222270996947e-5,manuscript-fixed programme/location/constituent-term exemplar
3,GO:0006119,microglia,CA1,4798,-0.253693720630463,FALSE,FALSE,oxidative phosphorylation,-2.11097705826318,5.75222270996947e-5,manuscript-fixed programme/location/constituent-term exemplar
3,GO:0006119,microglia,CA1,4799,-0.253892369816002,FALSE,FALSE,oxidative phosphorylation,-2.11097705826318,5.75222270996947e-5,manuscript-fixed programme/location/constituent-term exemplar
3,GO:0006119,microglia,CA1,4800,-0.25409101900154,FALSE,FALSE,oxidative phosphorylation,-2.11097705826318,5.75222270996947e-5,manuscript-fixed programme/location/constituent-term exemplar
3,GO:0006119,microglia,CA1,4801,-0.254289668187078,FALSE,FALSE,oxidative phosphorylation,-2.11097705826318,5.75222270996947e-5,manuscript-fixed programme/location/constituent-term exemplar
3,GO:0006119,microglia,CA1,4802,-0.254488317372617,FALSE,FALSE,oxidative phosphorylation,-2.11097705826318,5.75222270996947e-5,manuscript-fixed programme/location/constituent-term exemplar
3,GO:0006119,microglia,CA1,4803,-0.254686966558155,FALSE,FALSE,oxidative phosphorylation,-2.11097705826318,5.75222270996947e-5,manuscript-fixed programme/location/constituent-term exemplar
3,GO:0006119,microglia,CA1,4804,-0.254885615743693,FALSE,FALSE,oxidative phosphorylation,-2.11097705826318,5.75222270996947e-5,manuscript-fixed programme/location/constituent-term exemplar
3,GO:0006119,microglia,CA1,4805,-0.255084264929232,FALSE,FALSE,oxidative phosphorylation,-2.11097705826318,5.75222270996947e-5,manuscript-fixed programme/location/constituent-term exemplar
3,GO:0006119,microglia,CA1,4806,-0.25528291411477,FALSE,FALSE,oxidative phosphorylation,-2.11097705826318,5.75222270996947e-5,manuscript-fixed programme/location/constituent-term exemplar
3,GO:0006119,microglia,CA1,4807,-0.255481563300308,FALSE,FALSE,oxidative phosphorylation,-2.11097705826318,5.75222270996947e-5,manuscript-fixed programme/location/constituent-term exemplar
3,GO:0006119,microglia,CA1,4808,-0.255680212485847,FALSE,FALSE,oxidative phosphorylation,-2.11097705826318,5.75222270996947e-5,manuscript-fixed programme/location/constituent-term exemplar
3,GO:0006119,microglia,CA1,4809,-0.255878861671385,FALSE,FALSE,oxidative phosphorylation,-2.11097705826318,5.75222270996947e-5,manuscript-fixed programme/location/constituent-term exemplar
3,GO:0006119,microglia,CA1,4810,-0.256077510856923,FALSE,FALSE,oxidative phosphorylation,-2.11097705826318,5.75222270996947e-5,manuscript-fixed programme/location/constituent-term exemplar
3,GO:0006119,microglia,CA1,4811,-0.256276160042462,FALSE,FALSE,oxidative phosphorylation,-2.11097705826318,5.75222270996947e-5,manuscript-fixed programme/location/constituent-term exemplar
3,GO:0006119,microglia,CA1,4812,-0.256474809228,FALSE,FALSE,oxidative phosphorylation,-2.11097705826318,5.75222270996947e-5,manuscript-fixed programme/location/constituent-term exemplar
3,GO:0006119,microglia,CA1,4813,-0.256673458413538,FALSE,FALSE,oxidative phosphorylation,-2.11097705826318,5.75222270996947e-5,manuscript-fixed programme/location/constituent-term exemplar
3,GO:0006119,microglia,CA1,4814,-0.256872107599077,FALSE,FALSE,oxidative phosphorylation,-2.11097705826318,5.75222270996947e-5,manuscript-fixed programme/location/constituent-term exemplar
3,GO:0006119,microglia,CA1,4815,-0.239018076315306,TRUE,FALSE,oxidative phosphorylation,-2.11097705826318,5.75222270996947e-5,manuscript-fixed programme/location/constituent-term exemplar
3,GO:0006119,microglia,CA1,4816,-0.239216725500844,FALSE,FALSE,oxidative phosphorylation,-2.11097705826318,5.75222270996947e-5,manuscript-fixed programme/location/constituent-term exemplar
3,GO:0006119,microglia,CA1,4817,-0.239415374686383,FALSE,FALSE,oxidative phosphorylation,-2.11097705826318,5.75222270996947e-5,manuscript-fixed programme/location/constituent-term exemplar
3,GO:0006119,microglia,CA1,4818,-0.239614023871921,FALSE,FALSE,oxidative phosphorylation,-2.11097705826318,5.75222270996947e-5,manuscript-fixed programme/location/constituent-term exemplar
3,GO:0006119,microglia,CA1,4819,-0.239812673057459,FALSE,FALSE,oxidative phosphorylation,-2.11097705826318,5.75222270996947e-5,manuscript-fixed programme/location/constituent-term exemplar
3,GO:0006119,microglia,CA1,4820,-0.240011322242998,FALSE,FALSE,oxidative phosphorylation,-2.11097705826318,5.75222270996947e-5,manuscript-fixed programme/location/constituent-term exemplar
3,GO:0006119,microglia,CA1,4821,-0.240209971428536,FALSE,FALSE,oxidative phosphorylation,-2.11097705826318,5.75222270996947e-5,manuscript-fixed programme/location/constituent-term exemplar
3,GO:0006119,microglia,CA1,4822,-0.240408620614074,FALSE,FALSE,oxidative phosphorylation,-2.11097705826318,5.75222270996947e-5,manuscript-fixed programme/location/constituent-term exemplar
3,GO:0006119,microglia,CA1,4823,-0.240607269799613,FALSE,FALSE,oxidative phosphorylation,-2.11097705826318,5.75222270996947e-5,manuscript-fixed programme/location/constituent-term exemplar
3,GO:0006119,microglia,CA1,4824,-0.22263962239495,TRUE,FALSE,oxidative phosphorylation,-2.11097705826318,5.75222270996947e-5,manuscript-fixed programme/location/constituent-term exemplar
3,GO:0006119,microglia,CA1,4825,-0.222838271580489,FALSE,FALSE,oxidative phosphorylation,-2.11097705826318,5.75222270996947e-5,manuscript-fixed programme/location/constituent-term exemplar
3,GO:0006119,microglia,CA1,4826,-0.223036920766027,FALSE,FALSE,oxidative phosphorylation,-2.11097705826318,5.75222270996947e-5,manuscript-fixed programme/location/constituent-term exemplar
3,GO:0006119,microglia,CA1,4827,-0.223235569951565,FALSE,FALSE,oxidative phosphorylation,-2.11097705826318,5.75222270996947e-5,manuscript-fixed programme/location/constituent-term exemplar
3,GO:0006119,microglia,CA1,4828,-0.223434219137104,FALSE,FALSE,oxidative phosphorylation,-2.11097705826318,5.75222270996947e-5,manuscript-fixed programme/location/constituent-term exemplar
3,GO:0006119,microglia,CA1,4829,-0.223632868322642,FALSE,FALSE,oxidative phosphorylation,-2.11097705826318,5.75222270996947e-5,manuscript-fixed programme/location/constituent-term exemplar
3,GO:0006119,microglia,CA1,4830,-0.22383151750818,FALSE,FALSE,oxidative phosphorylation,-2.11097705826318,5.75222270996947e-5,manuscript-fixed programme/location/constituent-term exemplar
3,GO:0006119,microglia,CA1,4831,-0.224030166693719,FALSE,FALSE,oxidative phosphorylation,-2.11097705826318,5.75222270996947e-5,manuscript-fixed programme/location/constituent-term exemplar
3,GO:0006119,microglia,CA1,4832,-0.224228815879257,FALSE,FALSE,oxidative phosphorylation,-2.11097705826318,5.75222270996947e-5,manuscript-fixed programme/location/constituent-term exemplar
3,GO:0006119,microglia,CA1,4833,-0.206124797365962,TRUE,FALSE,oxidative phosphorylation,-2.11097705826318,5.75222270996947e-5,manuscript-fixed programme/location/constituent-term exemplar
3,GO:0006119,microglia,CA1,4834,-0.206323446551501,FALSE,FALSE,oxidative phosphorylation,-2.11097705826318,5.75222270996947e-5,manuscript-fixed programme/location/constituent-term exemplar
3,GO:0006119,microglia,CA1,4835,-0.206522095737039,FALSE,FALSE,oxidative phosphorylation,-2.11097705826318,5.75222270996947e-5,manuscript-fixed programme/location/constituent-term exemplar
3,GO:0006119,microglia,CA1,4836,-0.206720744922577,FALSE,FALSE,oxidative phosphorylation,-2.11097705826318,5.75222270996947e-5,manuscript-fixed programme/location/constituent-term exemplar
3,GO:0006119,microglia,CA1,4837,-0.206919394108116,FALSE,FALSE,oxidative phosphorylation,-2.11097705826318,5.75222270996947e-5,manuscript-fixed programme/location/constituent-term exemplar
3,GO:0006119,microglia,CA1,4838,-0.207118043293654,FALSE,FALSE,oxidative phosphorylation,-2.11097705826318,5.75222270996947e-5,manuscript-fixed programme/location/constituent-term exemplar
3,GO:0006119,microglia,CA1,4839,-0.207316692479192,FALSE,FALSE,oxidative phosphorylation,-2.11097705826318,5.75222270996947e-5,manuscript-fixed programme/location/constituent-term exemplar
3,GO:0006119,microglia,CA1,4840,-0.207515341664731,FALSE,FALSE,oxidative phosphorylation,-2.11097705826318,5.75222270996947e-5,manuscript-fixed programme/location/constituent-term exemplar
3,GO:0006119,microglia,CA1,4841,-0.207713990850269,FALSE,FALSE,oxidative phosphorylation,-2.11097705826318,5.75222270996947e-5,manuscript-fixed programme/location/constituent-term exemplar
3,GO:0006119,microglia,CA1,4842,-0.207912640035807,FALSE,FALSE,oxidative phosphorylation,-2.11097705826318,5.75222270996947e-5,manuscript-fixed programme/location/constituent-term exemplar
3,GO:0006119,microglia,CA1,4843,-0.208111289221346,FALSE,FALSE,oxidative phosphorylation,-2.11097705826318,5.75222270996947e-5,manuscript-fixed programme/location/constituent-term exemplar
3,GO:0006119,microglia,CA1,4844,-0.208309938406884,FALSE,FALSE,oxidative phosphorylation,-2.11097705826318,5.75222270996947e-5,manuscript-fixed programme/location/constituent-term exemplar
3,GO:0006119,microglia,CA1,4845,-0.208508587592422,FALSE,FALSE,oxidative phosphorylation,-2.11097705826318,5.75222270996947e-5,manuscript-fixed programme/location/constituent-term exemplar
3,GO:0006119,microglia,CA1,4846,-0.208707236777961,FALSE,FALSE,oxidative phosphorylation,-2.11097705826318,5.75222270996947e-5,manuscript-fixed programme/location/constituent-term exemplar
3,GO:0006119,microglia,CA1,4847,-0.208905885963499,FALSE,FALSE,oxidative phosphorylation,-2.11097705826318,5.75222270996947e-5,manuscript-fixed programme/location/constituent-term exemplar
3,GO:0006119,microglia,CA1,4848,-0.209104535149037,FALSE,FALSE,oxidative phosphorylation,-2.11097705826318,5.75222270996947e-5,manuscript-fixed programme/location/constituent-term exemplar
3,GO:0006119,microglia,CA1,4849,-0.209303184334576,FALSE,FALSE,oxidative phosphorylation,-2.11097705826318,5.75222270996947e-5,manuscript-fixed programme/location/constituent-term exemplar
3,GO:0006119,microglia,CA1,4850,-0.191008040914966,TRUE,FALSE,oxidative phosphorylation,-2.11097705826318,5.75222270996947e-5,manuscript-fixed programme/location/constituent-term exemplar
3,GO:0006119,microglia,CA1,4851,-0.191206690100504,FALSE,FALSE,oxidative phosphorylation,-2.11097705826318,5.75222270996947e-5,manuscript-fixed programme/location/constituent-term exemplar
3,GO:0006119,microglia,CA1,4852,-0.191405339286042,FALSE,FALSE,oxidative phosphorylation,-2.11097705826318,5.75222270996947e-5,manuscript-fixed programme/location/constituent-term exemplar
3,GO:0006119,microglia,CA1,4853,-0.191603988471581,FALSE,FALSE,oxidative phosphorylation,-2.11097705826318,5.75222270996947e-5,manuscript-fixed programme/location/constituent-term exemplar
3,GO:0006119,microglia,CA1,4854,-0.191802637657119,FALSE,FALSE,oxidative phosphorylation,-2.11097705826318,5.75222270996947e-5,manuscript-fixed programme/location/constituent-term exemplar
3,GO:0006119,microglia,CA1,4855,-0.192001286842657,FALSE,FALSE,oxidative phosphorylation,-2.11097705826318,5.75222270996947e-5,manuscript-fixed programme/location/constituent-term exemplar
3,GO:0006119,microglia,CA1,4856,-0.192199936028196,FALSE,FALSE,oxidative phosphorylation,-2.11097705826318,5.75222270996947e-5,manuscript-fixed programme/location/constituent-term exemplar
3,GO:0006119,microglia,CA1,4857,-0.192398585213734,FALSE,FALSE,oxidative phosphorylation,-2.11097705826318,5.75222270996947e-5,manuscript-fixed programme/location/constituent-term exemplar
3,GO:0006119,microglia,CA1,4858,-0.192597234399272,FALSE,FALSE,oxidative phosphorylation,-2.11097705826318,5.75222270996947e-5,manuscript-fixed programme/location/constituent-term exemplar
3,GO:0006119,microglia,CA1,4859,-0.192795883584811,FALSE,FALSE,oxidative phosphorylation,-2.11097705826318,5.75222270996947e-5,manuscript-fixed programme/location/constituent-term exemplar
3,GO:0006119,microglia,CA1,4860,-0.192994532770349,FALSE,FALSE,oxidative phosphorylation,-2.11097705826318,5.75222270996947e-5,manuscript-fixed programme/location/constituent-term exemplar
3,GO:0006119,microglia,CA1,4861,-0.193193181955887,FALSE,FALSE,oxidative phosphorylation,-2.11097705826318,5.75222270996947e-5,manuscript-fixed programme/location/constituent-term exemplar
3,GO:0006119,microglia,CA1,4862,-0.193391831141426,FALSE,FALSE,oxidative phosphorylation,-2.11097705826318,5.75222270996947e-5,manuscript-fixed programme/location/constituent-term exemplar
3,GO:0006119,microglia,CA1,4863,-0.193590480326964,FALSE,FALSE,oxidative phosphorylation,-2.11097705826318,5.75222270996947e-5,manuscript-fixed programme/location/constituent-term exemplar
3,GO:0006119,microglia,CA1,4864,-0.193789129512502,FALSE,FALSE,oxidative phosphorylation,-2.11097705826318,5.75222270996947e-5,manuscript-fixed programme/location/constituent-term exemplar
3,GO:0006119,microglia,CA1,4865,-0.193987778698041,FALSE,FALSE,oxidative phosphorylation,-2.11097705826318,5.75222270996947e-5,manuscript-fixed programme/location/constituent-term exemplar
3,GO:0006119,microglia,CA1,4866,-0.175454521292084,TRUE,FALSE,oxidative phosphorylation,-2.11097705826318,5.75222270996947e-5,manuscript-fixed programme/location/constituent-term exemplar
3,GO:0006119,microglia,CA1,4867,-0.175653170477622,FALSE,FALSE,oxidative phosphorylation,-2.11097705826318,5.75222270996947e-5,manuscript-fixed programme/location/constituent-term exemplar
3,GO:0006119,microglia,CA1,4868,-0.17585181966316,FALSE,FALSE,oxidative phosphorylation,-2.11097705826318,5.75222270996947e-5,manuscript-fixed programme/location/constituent-term exemplar
3,GO:0006119,microglia,CA1,4869,-0.176050468848699,FALSE,FALSE,oxidative phosphorylation,-2.11097705826318,5.75222270996947e-5,manuscript-fixed programme/location/constituent-term exemplar
3,GO:0006119,microglia,CA1,4870,-0.157462602420331,TRUE,FALSE,oxidative phosphorylation,-2.11097705826318,5.75222270996947e-5,manuscript-fixed programme/location/constituent-term exemplar
3,GO:0006119,microglia,CA1,4871,-0.157661251605869,FALSE,FALSE,oxidative phosphorylation,-2.11097705826318,5.75222270996947e-5,manuscript-fixed programme/location/constituent-term exemplar
3,GO:0006119,microglia,CA1,4872,-0.157859900791408,FALSE,FALSE,oxidative phosphorylation,-2.11097705826318,5.75222270996947e-5,manuscript-fixed programme/location/constituent-term exemplar
3,GO:0006119,microglia,CA1,4873,-0.158058549976946,FALSE,FALSE,oxidative phosphorylation,-2.11097705826318,5.75222270996947e-5,manuscript-fixed programme/location/constituent-term exemplar
3,GO:0006119,microglia,CA1,4874,-0.158257199162484,FALSE,FALSE,oxidative phosphorylation,-2.11097705826318,5.75222270996947e-5,manuscript-fixed programme/location/constituent-term exemplar
3,GO:0006119,microglia,CA1,4875,-0.158455848348023,FALSE,FALSE,oxidative phosphorylation,-2.11097705826318,5.75222270996947e-5,manuscript-fixed programme/location/constituent-term exemplar
3,GO:0006119,microglia,CA1,4876,-0.158654497533561,FALSE,FALSE,oxidative phosphorylation,-2.11097705826318,5.75222270996947e-5,manuscript-fixed programme/location/constituent-term exemplar
3,GO:0006119,microglia,CA1,4877,-0.158853146719099,FALSE,FALSE,oxidative phosphorylation,-2.11097705826318,5.75222270996947e-5,manuscript-fixed programme/location/constituent-term exemplar
3,GO:0006119,microglia,CA1,4878,-0.159051795904638,FALSE,FALSE,oxidative phosphorylation,-2.11097705826318,5.75222270996947e-5,manuscript-fixed programme/location/constituent-term exemplar
3,GO:0006119,microglia,CA1,4879,-0.159250445090176,FALSE,FALSE,oxidative phosphorylation,-2.11097705826318,5.75222270996947e-5,manuscript-fixed programme/location/constituent-term exemplar
3,GO:0006119,microglia,CA1,4880,-0.159449094275714,FALSE,FALSE,oxidative phosphorylation,-2.11097705826318,5.75222270996947e-5,manuscript-fixed programme/location/constituent-term exemplar
3,GO:0006119,microglia,CA1,4881,-0.140709084339323,TRUE,FALSE,oxidative phosphorylation,-2.11097705826318,5.75222270996947e-5,manuscript-fixed programme/location/constituent-term exemplar
3,GO:0006119,microglia,CA1,4882,-0.140907733524862,FALSE,FALSE,oxidative phosphorylation,-2.11097705826318,5.75222270996947e-5,manuscript-fixed programme/location/constituent-term exemplar
3,GO:0006119,microglia,CA1,4883,-0.1411063827104,FALSE,FALSE,oxidative phosphorylation,-2.11097705826318,5.75222270996947e-5,manuscript-fixed programme/location/constituent-term exemplar
3,GO:0006119,microglia,CA1,4884,-0.141305031895938,FALSE,FALSE,oxidative phosphorylation,-2.11097705826318,5.75222270996947e-5,manuscript-fixed programme/location/constituent-term exemplar
3,GO:0006119,microglia,CA1,4885,-0.141503681081477,FALSE,FALSE,oxidative phosphorylation,-2.11097705826318,5.75222270996947e-5,manuscript-fixed programme/location/constituent-term exemplar
3,GO:0006119,microglia,CA1,4886,-0.141702330267015,FALSE,FALSE,oxidative phosphorylation,-2.11097705826318,5.75222270996947e-5,manuscript-fixed programme/location/constituent-term exemplar
3,GO:0006119,microglia,CA1,4887,-0.141900979452554,FALSE,FALSE,oxidative phosphorylation,-2.11097705826318,5.75222270996947e-5,manuscript-fixed programme/location/constituent-term exemplar
3,GO:0006119,microglia,CA1,4888,-0.142099628638092,FALSE,FALSE,oxidative phosphorylation,-2.11097705826318,5.75222270996947e-5,manuscript-fixed programme/location/constituent-term exemplar
3,GO:0006119,microglia,CA1,4889,-0.14229827782363,FALSE,FALSE,oxidative phosphorylation,-2.11097705826318,5.75222270996947e-5,manuscript-fixed programme/location/constituent-term exemplar
3,GO:0006119,microglia,CA1,4890,-0.142496927009168,FALSE,FALSE,oxidative phosphorylation,-2.11097705826318,5.75222270996947e-5,manuscript-fixed programme/location/constituent-term exemplar
3,GO:0006119,microglia,CA1,4891,-0.142695576194707,FALSE,FALSE,oxidative phosphorylation,-2.11097705826318,5.75222270996947e-5,manuscript-fixed programme/location/constituent-term exemplar
3,GO:0006119,microglia,CA1,4892,-0.142894225380245,FALSE,FALSE,oxidative phosphorylation,-2.11097705826318,5.75222270996947e-5,manuscript-fixed programme/location/constituent-term exemplar
3,GO:0006119,microglia,CA1,4893,-0.123980861803412,TRUE,FALSE,oxidative phosphorylation,-2.11097705826318,5.75222270996947e-5,manuscript-fixed programme/location/constituent-term exemplar
3,GO:0006119,microglia,CA1,4894,-0.105066389568143,TRUE,FALSE,oxidative phosphorylation,-2.11097705826318,5.75222270996947e-5,manuscript-fixed programme/location/constituent-term exemplar
3,GO:0006119,microglia,CA1,4895,-0.105265038753681,FALSE,FALSE,oxidative phosphorylation,-2.11097705826318,5.75222270996947e-5,manuscript-fixed programme/location/constituent-term exemplar
3,GO:0006119,microglia,CA1,4896,-0.105463687939219,FALSE,FALSE,oxidative phosphorylation,-2.11097705826318,5.75222270996947e-5,manuscript-fixed programme/location/constituent-term exemplar
3,GO:0006119,microglia,CA1,4897,-0.105662337124758,FALSE,FALSE,oxidative phosphorylation,-2.11097705826318,5.75222270996947e-5,manuscript-fixed programme/location/constituent-term exemplar
3,GO:0006119,microglia,CA1,4898,-0.105860986310296,FALSE,FALSE,oxidative phosphorylation,-2.11097705826318,5.75222270996947e-5,manuscript-fixed programme/location/constituent-term exemplar
3,GO:0006119,microglia,CA1,4899,-0.106059635495834,FALSE,FALSE,oxidative phosphorylation,-2.11097705826318,5.75222270996947e-5,manuscript-fixed programme/location/constituent-term exemplar
3,GO:0006119,microglia,CA1,4900,-0.106258284681373,FALSE,FALSE,oxidative phosphorylation,-2.11097705826318,5.75222270996947e-5,manuscript-fixed programme/location/constituent-term exemplar
3,GO:0006119,microglia,CA1,4901,-0.106456933866911,FALSE,FALSE,oxidative phosphorylation,-2.11097705826318,5.75222270996947e-5,manuscript-fixed programme/location/constituent-term exemplar
3,GO:0006119,microglia,CA1,4902,-0.106655583052449,FALSE,FALSE,oxidative phosphorylation,-2.11097705826318,5.75222270996947e-5,manuscript-fixed programme/location/constituent-term exemplar
3,GO:0006119,microglia,CA1,4903,-0.106854232237988,FALSE,FALSE,oxidative phosphorylation,-2.11097705826318,5.75222270996947e-5,manuscript-fixed programme/location/constituent-term exemplar
3,GO:0006119,microglia,CA1,4904,-0.107052881423526,FALSE,FALSE,oxidative phosphorylation,-2.11097705826318,5.75222270996947e-5,manuscript-fixed programme/location/constituent-term exemplar
3,GO:0006119,microglia,CA1,4905,-0.107251530609064,FALSE,FALSE,oxidative phosphorylation,-2.11097705826318,5.75222270996947e-5,manuscript-fixed programme/location/constituent-term exemplar
3,GO:0006119,microglia,CA1,4906,-0.107450179794603,FALSE,FALSE,oxidative phosphorylation,-2.11097705826318,5.75222270996947e-5,manuscript-fixed programme/location/constituent-term exemplar
3,GO:0006119,microglia,CA1,4907,-0.107648828980141,FALSE,FALSE,oxidative phosphorylation,-2.11097705826318,5.75222270996947e-5,manuscript-fixed programme/location/constituent-term exemplar
3,GO:0006119,microglia,CA1,4908,-0.107847478165679,FALSE,FALSE,oxidative phosphorylation,-2.11097705826318,5.75222270996947e-5,manuscript-fixed programme/location/constituent-term exemplar
3,GO:0006119,microglia,CA1,4909,-0.108046127351218,FALSE,FALSE,oxidative phosphorylation,-2.11097705826318,5.75222270996947e-5,manuscript-fixed programme/location/constituent-term exemplar
3,GO:0006119,microglia,CA1,4910,-0.108244776536756,FALSE,FALSE,oxidative phosphorylation,-2.11097705826318,5.75222270996947e-5,manuscript-fixed programme/location/constituent-term exemplar
3,GO:0006119,microglia,CA1,4911,-0.108443425722294,FALSE,FALSE,oxidative phosphorylation,-2.11097705826318,5.75222270996947e-5,manuscript-fixed programme/location/constituent-term exemplar
3,GO:0006119,microglia,CA1,4912,-0.108642074907833,FALSE,FALSE,oxidative phosphorylation,-2.11097705826318,5.75222270996947e-5,manuscript-fixed programme/location/constituent-term exemplar
3,GO:0006119,microglia,CA1,4913,-0.108840724093371,FALSE,FALSE,oxidative phosphorylation,-2.11097705826318,5.75222270996947e-5,manuscript-fixed programme/location/constituent-term exemplar
3,GO:0006119,microglia,CA1,4914,-0.109039373278909,FALSE,FALSE,oxidative phosphorylation,-2.11097705826318,5.75222270996947e-5,manuscript-fixed programme/location/constituent-term exemplar
3,GO:0006119,microglia,CA1,4915,-0.109238022464448,FALSE,FALSE,oxidative phosphorylation,-2.11097705826318,5.75222270996947e-5,manuscript-fixed programme/location/constituent-term exemplar
3,GO:0006119,microglia,CA1,4916,-0.109436671649986,FALSE,FALSE,oxidative phosphorylation,-2.11097705826318,5.75222270996947e-5,manuscript-fixed programme/location/constituent-term exemplar
3,GO:0006119,microglia,CA1,4917,-0.109635320835524,FALSE,FALSE,oxidative phosphorylation,-2.11097705826318,5.75222270996947e-5,manuscript-fixed programme/location/constituent-term exemplar
3,GO:0006119,microglia,CA1,4918,-0.109833970021063,FALSE,FALSE,oxidative phosphorylation,-2.11097705826318,5.75222270996947e-5,manuscript-fixed programme/location/constituent-term exemplar
3,GO:0006119,microglia,CA1,4919,-0.0903645460460423,TRUE,FALSE,oxidative phosphorylation,-2.11097705826318,5.75222270996947e-5,manuscript-fixed programme/location/constituent-term exemplar
3,GO:0006119,microglia,CA1,4920,-0.0905631952315806,FALSE,FALSE,oxidative phosphorylation,-2.11097705826318,5.75222270996947e-5,manuscript-fixed programme/location/constituent-term exemplar
3,GO:0006119,microglia,CA1,4921,-0.090761844417119,FALSE,FALSE,oxidative phosphorylation,-2.11097705826318,5.75222270996947e-5,manuscript-fixed programme/location/constituent-term exemplar
3,GO:0006119,microglia,CA1,4922,-0.0909604936026572,FALSE,FALSE,oxidative phosphorylation,-2.11097705826318,5.75222270996947e-5,manuscript-fixed programme/location/constituent-term exemplar
3,GO:0006119,microglia,CA1,4923,-0.0911591427881956,FALSE,FALSE,oxidative phosphorylation,-2.11097705826318,5.75222270996947e-5,manuscript-fixed programme/location/constituent-term exemplar
3,GO:0006119,microglia,CA1,4924,-0.0913577919737339,FALSE,FALSE,oxidative phosphorylation,-2.11097705826318,5.75222270996947e-5,manuscript-fixed programme/location/constituent-term exemplar
3,GO:0006119,microglia,CA1,4925,-0.0915564411592723,FALSE,FALSE,oxidative phosphorylation,-2.11097705826318,5.75222270996947e-5,manuscript-fixed programme/location/constituent-term exemplar
3,GO:0006119,microglia,CA1,4926,-0.0917550903448107,FALSE,FALSE,oxidative phosphorylation,-2.11097705826318,5.75222270996947e-5,manuscript-fixed programme/location/constituent-term exemplar
3,GO:0006119,microglia,CA1,4927,-0.091953739530349,FALSE,FALSE,oxidative phosphorylation,-2.11097705826318,5.75222270996947e-5,manuscript-fixed programme/location/constituent-term exemplar
3,GO:0006119,microglia,CA1,4928,-0.0921523887158873,FALSE,FALSE,oxidative phosphorylation,-2.11097705826318,5.75222270996947e-5,manuscript-fixed programme/location/constituent-term exemplar
3,GO:0006119,microglia,CA1,4929,-0.0923510379014256,FALSE,FALSE,oxidative phosphorylation,-2.11097705826318,5.75222270996947e-5,manuscript-fixed programme/location/constituent-term exemplar
3,GO:0006119,microglia,CA1,4930,-0.0726414675617707,TRUE,FALSE,oxidative phosphorylation,-2.11097705826318,5.75222270996947e-5,manuscript-fixed programme/location/constituent-term exemplar
3,GO:0006119,microglia,CA1,4931,-0.0728401167473091,FALSE,FALSE,oxidative phosphorylation,-2.11097705826318,5.75222270996947e-5,manuscript-fixed programme/location/constituent-term exemplar
3,GO:0006119,microglia,CA1,4932,-0.0730387659328474,FALSE,FALSE,oxidative phosphorylation,-2.11097705826318,5.75222270996947e-5,manuscript-fixed programme/location/constituent-term exemplar
3,GO:0006119,microglia,CA1,4933,-0.0732374151183858,FALSE,FALSE,oxidative phosphorylation,-2.11097705826318,5.75222270996947e-5,manuscript-fixed programme/location/constituent-term exemplar
3,GO:0006119,microglia,CA1,4934,-0.0734360643039241,FALSE,FALSE,oxidative phosphorylation,-2.11097705826318,5.75222270996947e-5,manuscript-fixed programme/location/constituent-term exemplar
3,GO:0006119,microglia,CA1,4935,-0.0736347134894624,FALSE,FALSE,oxidative phosphorylation,-2.11097705826318,5.75222270996947e-5,manuscript-fixed programme/location/constituent-term exemplar
3,GO:0006119,microglia,CA1,4936,-0.0738333626750007,FALSE,FALSE,oxidative phosphorylation,-2.11097705826318,5.75222270996947e-5,manuscript-fixed programme/location/constituent-term exemplar
3,GO:0006119,microglia,CA1,4937,-0.0740320118605391,FALSE,FALSE,oxidative phosphorylation,-2.11097705826318,5.75222270996947e-5,manuscript-fixed programme/location/constituent-term exemplar
3,GO:0006119,microglia,CA1,4938,-0.0742306610460775,FALSE,FALSE,oxidative phosphorylation,-2.11097705826318,5.75222270996947e-5,manuscript-fixed programme/location/constituent-term exemplar
3,GO:0006119,microglia,CA1,4939,-0.0744293102316158,FALSE,FALSE,oxidative phosphorylation,-2.11097705826318,5.75222270996947e-5,manuscript-fixed programme/location/constituent-term exemplar
3,GO:0006119,microglia,CA1,4940,-0.0746279594171542,FALSE,FALSE,oxidative phosphorylation,-2.11097705826318,5.75222270996947e-5,manuscript-fixed programme/location/constituent-term exemplar
3,GO:0006119,microglia,CA1,4941,-0.0748266086026924,FALSE,FALSE,oxidative phosphorylation,-2.11097705826318,5.75222270996947e-5,manuscript-fixed programme/location/constituent-term exemplar
3,GO:0006119,microglia,CA1,4942,-0.0750252577882308,FALSE,FALSE,oxidative phosphorylation,-2.11097705826318,5.75222270996947e-5,manuscript-fixed programme/location/constituent-term exemplar
3,GO:0006119,microglia,CA1,4943,-0.0752239069737691,FALSE,FALSE,oxidative phosphorylation,-2.11097705826318,5.75222270996947e-5,manuscript-fixed programme/location/constituent-term exemplar
3,GO:0006119,microglia,CA1,4944,-0.0754225561593075,FALSE,FALSE,oxidative phosphorylation,-2.11097705826318,5.75222270996947e-5,manuscript-fixed programme/location/constituent-term exemplar
3,GO:0006119,microglia,CA1,4945,-0.0756212053448458,FALSE,FALSE,oxidative phosphorylation,-2.11097705826318,5.75222270996947e-5,manuscript-fixed programme/location/constituent-term exemplar
3,GO:0006119,microglia,CA1,4946,-0.0758198545303842,FALSE,FALSE,oxidative phosphorylation,-2.11097705826318,5.75222270996947e-5,manuscript-fixed programme/location/constituent-term exemplar
3,GO:0006119,microglia,CA1,4947,-0.0760185037159224,FALSE,FALSE,oxidative phosphorylation,-2.11097705826318,5.75222270996947e-5,manuscript-fixed programme/location/constituent-term exemplar
3,GO:0006119,microglia,CA1,4948,-0.0762171529014608,FALSE,FALSE,oxidative phosphorylation,-2.11097705826318,5.75222270996947e-5,manuscript-fixed programme/location/constituent-term exemplar
3,GO:0006119,microglia,CA1,4949,-0.0764158020869992,FALSE,FALSE,oxidative phosphorylation,-2.11097705826318,5.75222270996947e-5,manuscript-fixed programme/location/constituent-term exemplar
3,GO:0006119,microglia,CA1,4950,-0.0766144512725375,FALSE,FALSE,oxidative phosphorylation,-2.11097705826318,5.75222270996947e-5,manuscript-fixed programme/location/constituent-term exemplar
3,GO:0006119,microglia,CA1,4951,-0.0768131004580759,FALSE,FALSE,oxidative phosphorylation,-2.11097705826318,5.75222270996947e-5,manuscript-fixed programme/location/constituent-term exemplar
3,GO:0006119,microglia,CA1,4952,-0.0770117496436142,FALSE,FALSE,oxidative phosphorylation,-2.11097705826318,5.75222270996947e-5,manuscript-fixed programme/location/constituent-term exemplar
3,GO:0006119,microglia,CA1,4953,-0.0772103988291525,FALSE,FALSE,oxidative phosphorylation,-2.11097705826318,5.75222270996947e-5,manuscript-fixed programme/location/constituent-term exemplar
3,GO:0006119,microglia,CA1,4954,-0.0774090480146908,FALSE,FALSE,oxidative phosphorylation,-2.11097705826318,5.75222270996947e-5,manuscript-fixed programme/location/constituent-term exemplar
3,GO:0006119,microglia,CA1,4955,-0.0776076972002292,FALSE,FALSE,oxidative phosphorylation,-2.11097705826318,5.75222270996947e-5,manuscript-fixed programme/location/constituent-term exemplar
3,GO:0006119,microglia,CA1,4956,-0.0778063463857676,FALSE,FALSE,oxidative phosphorylation,-2.11097705826318,5.75222270996947e-5,manuscript-fixed programme/location/constituent-term exemplar
3,GO:0006119,microglia,CA1,4957,-0.0780049955713059,FALSE,FALSE,oxidative phosphorylation,-2.11097705826318,5.75222270996947e-5,manuscript-fixed programme/location/constituent-term exemplar
3,GO:0006119,microglia,CA1,4958,-0.0782036447568443,FALSE,FALSE,oxidative phosphorylation,-2.11097705826318,5.75222270996947e-5,manuscript-fixed programme/location/constituent-term exemplar
3,GO:0006119,microglia,CA1,4959,-0.0784022939423825,FALSE,FALSE,oxidative phosphorylation,-2.11097705826318,5.75222270996947e-5,manuscript-fixed programme/location/constituent-term exemplar
3,GO:0006119,microglia,CA1,4960,-0.0786009431279209,FALSE,FALSE,oxidative phosphorylation,-2.11097705826318,5.75222270996947e-5,manuscript-fixed programme/location/constituent-term exemplar
3,GO:0006119,microglia,CA1,4961,-0.0581910625010185,TRUE,FALSE,oxidative phosphorylation,-2.11097705826318,5.75222270996947e-5,manuscript-fixed programme/location/constituent-term exemplar
3,GO:0006119,microglia,CA1,4962,-0.0583897116865568,FALSE,FALSE,oxidative phosphorylation,-2.11097705826318,5.75222270996947e-5,manuscript-fixed programme/location/constituent-term exemplar
3,GO:0006119,microglia,CA1,4963,-0.0585883608720952,FALSE,FALSE,oxidative phosphorylation,-2.11097705826318,5.75222270996947e-5,manuscript-fixed programme/location/constituent-term exemplar
3,GO:0006119,microglia,CA1,4964,-0.0587870100576335,FALSE,FALSE,oxidative phosphorylation,-2.11097705826318,5.75222270996947e-5,manuscript-fixed programme/location/constituent-term exemplar
3,GO:0006119,microglia,CA1,4965,-0.0589856592431719,FALSE,FALSE,oxidative phosphorylation,-2.11097705826318,5.75222270996947e-5,manuscript-fixed programme/location/constituent-term exemplar
3,GO:0006119,microglia,CA1,4966,-0.0591843084287101,FALSE,FALSE,oxidative phosphorylation,-2.11097705826318,5.75222270996947e-5,manuscript-fixed programme/location/constituent-term exemplar
3,GO:0006119,microglia,CA1,4967,-0.0593829576142485,FALSE,FALSE,oxidative phosphorylation,-2.11097705826318,5.75222270996947e-5,manuscript-fixed programme/location/constituent-term exemplar
3,GO:0006119,microglia,CA1,4968,-0.0595816067997869,FALSE,FALSE,oxidative phosphorylation,-2.11097705826318,5.75222270996947e-5,manuscript-fixed programme/location/constituent-term exemplar
3,GO:0006119,microglia,CA1,4969,-0.0597802559853252,FALSE,FALSE,oxidative phosphorylation,-2.11097705826318,5.75222270996947e-5,manuscript-fixed programme/location/constituent-term exemplar
3,GO:0006119,microglia,CA1,4970,-0.0599789051708636,FALSE,FALSE,oxidative phosphorylation,-2.11097705826318,5.75222270996947e-5,manuscript-fixed programme/location/constituent-term exemplar
3,GO:0006119,microglia,CA1,4971,-0.0601775543564019,FALSE,FALSE,oxidative phosphorylation,-2.11097705826318,5.75222270996947e-5,manuscript-fixed programme/location/constituent-term exemplar
3,GO:0006119,microglia,CA1,4972,-0.0603762035419402,FALSE,FALSE,oxidative phosphorylation,-2.11097705826318,5.75222270996947e-5,manuscript-fixed programme/location/constituent-term exemplar
3,GO:0006119,microglia,CA1,4973,-0.0605748527274785,FALSE,FALSE,oxidative phosphorylation,-2.11097705826318,5.75222270996947e-5,manuscript-fixed programme/location/constituent-term exemplar
3,GO:0006119,microglia,CA1,4974,-0.0607735019130169,FALSE,FALSE,oxidative phosphorylation,-2.11097705826318,5.75222270996947e-5,manuscript-fixed programme/location/constituent-term exemplar
3,GO:0006119,microglia,CA1,4975,-0.0609721510985552,FALSE,FALSE,oxidative phosphorylation,-2.11097705826318,5.75222270996947e-5,manuscript-fixed programme/location/constituent-term exemplar
3,GO:0006119,microglia,CA1,4976,-0.0611708002840936,FALSE,FALSE,oxidative phosphorylation,-2.11097705826318,5.75222270996947e-5,manuscript-fixed programme/location/constituent-term exemplar
3,GO:0006119,microglia,CA1,4977,-0.061369449469632,FALSE,FALSE,oxidative phosphorylation,-2.11097705826318,5.75222270996947e-5,manuscript-fixed programme/location/constituent-term exemplar
3,GO:0006119,microglia,CA1,4978,-0.0615680986551702,FALSE,FALSE,oxidative phosphorylation,-2.11097705826318,5.75222270996947e-5,manuscript-fixed programme/location/constituent-term exemplar
3,GO:0006119,microglia,CA1,4979,-0.0617667478407086,FALSE,FALSE,oxidative phosphorylation,-2.11097705826318,5.75222270996947e-5,manuscript-fixed programme/location/constituent-term exemplar
3,GO:0006119,microglia,CA1,4980,-0.0619653970262469,FALSE,FALSE,oxidative phosphorylation,-2.11097705826318,5.75222270996947e-5,manuscript-fixed programme/location/constituent-term exemplar
3,GO:0006119,microglia,CA1,4981,-0.0621640462117853,FALSE,FALSE,oxidative phosphorylation,-2.11097705826318,5.75222270996947e-5,manuscript-fixed programme/location/constituent-term exemplar
3,GO:0006119,microglia,CA1,4982,-0.0623626953973236,FALSE,FALSE,oxidative phosphorylation,-2.11097705826318,5.75222270996947e-5,manuscript-fixed programme/location/constituent-term exemplar
3,GO:0006119,microglia,CA1,4983,-0.062561344582862,FALSE,FALSE,oxidative phosphorylation,-2.11097705826318,5.75222270996947e-5,manuscript-fixed programme/location/constituent-term exemplar
3,GO:0006119,microglia,CA1,4984,-0.0627599937684002,FALSE,FALSE,oxidative phosphorylation,-2.11097705826318,5.75222270996947e-5,manuscript-fixed programme/location/constituent-term exemplar
3,GO:0006119,microglia,CA1,4985,-0.0629586429539386,FALSE,FALSE,oxidative phosphorylation,-2.11097705826318,5.75222270996947e-5,manuscript-fixed programme/location/constituent-term exemplar
3,GO:0006119,microglia,CA1,4986,-0.063157292139477,FALSE,FALSE,oxidative phosphorylation,-2.11097705826318,5.75222270996947e-5,manuscript-fixed programme/location/constituent-term exemplar
3,GO:0006119,microglia,CA1,4987,-0.0633559413250153,FALSE,FALSE,oxidative phosphorylation,-2.11097705826318,5.75222270996947e-5,manuscript-fixed programme/location/constituent-term exemplar
3,GO:0006119,microglia,CA1,4988,-0.0635545905105537,FALSE,FALSE,oxidative phosphorylation,-2.11097705826318,5.75222270996947e-5,manuscript-fixed programme/location/constituent-term exemplar
3,GO:0006119,microglia,CA1,4989,-0.063753239696092,FALSE,FALSE,oxidative phosphorylation,-2.11097705826318,5.75222270996947e-5,manuscript-fixed programme/location/constituent-term exemplar
3,GO:0006119,microglia,CA1,4990,-0.0639518888816304,FALSE,FALSE,oxidative phosphorylation,-2.11097705826318,5.75222270996947e-5,manuscript-fixed programme/location/constituent-term exemplar
3,GO:0006119,microglia,CA1,4991,-0.0641505380671686,FALSE,FALSE,oxidative phosphorylation,-2.11097705826318,5.75222270996947e-5,manuscript-fixed programme/location/constituent-term exemplar
3,GO:0006119,microglia,CA1,4992,-0.064349187252707,FALSE,FALSE,oxidative phosphorylation,-2.11097705826318,5.75222270996947e-5,manuscript-fixed programme/location/constituent-term exemplar
3,GO:0006119,microglia,CA1,4993,-0.0645478364382454,FALSE,FALSE,oxidative phosphorylation,-2.11097705826318,5.75222270996947e-5,manuscript-fixed programme/location/constituent-term exemplar
3,GO:0006119,microglia,CA1,4994,-0.0647464856237837,FALSE,FALSE,oxidative phosphorylation,-2.11097705826318,5.75222270996947e-5,manuscript-fixed programme/location/constituent-term exemplar
3,GO:0006119,microglia,CA1,4995,-0.0649451348093221,FALSE,FALSE,oxidative phosphorylation,-2.11097705826318,5.75222270996947e-5,manuscript-fixed programme/location/constituent-term exemplar
3,GO:0006119,microglia,CA1,4996,-0.0651437839948604,FALSE,FALSE,oxidative phosphorylation,-2.11097705826318,5.75222270996947e-5,manuscript-fixed programme/location/constituent-term exemplar
3,GO:0006119,microglia,CA1,4997,-0.0653424331803987,FALSE,FALSE,oxidative phosphorylation,-2.11097705826318,5.75222270996947e-5,manuscript-fixed programme/location/constituent-term exemplar
3,GO:0006119,microglia,CA1,4998,-0.065541082365937,FALSE,FALSE,oxidative phosphorylation,-2.11097705826318,5.75222270996947e-5,manuscript-fixed programme/location/constituent-term exemplar
3,GO:0006119,microglia,CA1,4999,-0.0657397315514754,FALSE,FALSE,oxidative phosphorylation,-2.11097705826318,5.75222270996947e-5,manuscript-fixed programme/location/constituent-term exemplar
3,GO:0006119,microglia,CA1,5000,-0.0659383807370137,FALSE,FALSE,oxidative phosphorylation,-2.11097705826318,5.75222270996947e-5,manuscript-fixed programme/location/constituent-term exemplar
3,GO:0006119,microglia,CA1,5001,-0.0445506143850608,TRUE,FALSE,oxidative phosphorylation,-2.11097705826318,5.75222270996947e-5,manuscript-fixed programme/location/constituent-term exemplar
3,GO:0006119,microglia,CA1,5002,-0.0447492635705992,FALSE,FALSE,oxidative phosphorylation,-2.11097705826318,5.75222270996947e-5,manuscript-fixed programme/location/constituent-term exemplar
3,GO:0006119,microglia,CA1,5003,-0.0449479127561375,FALSE,FALSE,oxidative phosphorylation,-2.11097705826318,5.75222270996947e-5,manuscript-fixed programme/location/constituent-term exemplar
3,GO:0006119,microglia,CA1,5004,-0.0451465619416758,FALSE,FALSE,oxidative phosphorylation,-2.11097705826318,5.75222270996947e-5,manuscript-fixed programme/location/constituent-term exemplar
3,GO:0006119,microglia,CA1,5005,-0.0453452111272141,FALSE,FALSE,oxidative phosphorylation,-2.11097705826318,5.75222270996947e-5,manuscript-fixed programme/location/constituent-term exemplar
3,GO:0006119,microglia,CA1,5006,-0.0455438603127525,FALSE,FALSE,oxidative phosphorylation,-2.11097705826318,5.75222270996947e-5,manuscript-fixed programme/location/constituent-term exemplar
3,GO:0006119,microglia,CA1,5007,-0.0457425094982908,FALSE,FALSE,oxidative phosphorylation,-2.11097705826318,5.75222270996947e-5,manuscript-fixed programme/location/constituent-term exemplar
3,GO:0006119,microglia,CA1,5008,-0.0459411586838292,FALSE,FALSE,oxidative phosphorylation,-2.11097705826318,5.75222270996947e-5,manuscript-fixed programme/location/constituent-term exemplar
3,GO:0006119,microglia,CA1,5009,-0.0461398078693676,FALSE,FALSE,oxidative phosphorylation,-2.11097705826318,5.75222270996947e-5,manuscript-fixed programme/location/constituent-term exemplar
3,GO:0006119,microglia,CA1,5010,-0.0463384570549058,FALSE,FALSE,oxidative phosphorylation,-2.11097705826318,5.75222270996947e-5,manuscript-fixed programme/location/constituent-term exemplar
3,GO:0006119,microglia,CA1,5011,-0.0465371062404442,FALSE,FALSE,oxidative phosphorylation,-2.11097705826318,5.75222270996947e-5,manuscript-fixed programme/location/constituent-term exemplar
3,GO:0006119,microglia,CA1,5012,-0.0467357554259825,FALSE,FALSE,oxidative phosphorylation,-2.11097705826318,5.75222270996947e-5,manuscript-fixed programme/location/constituent-term exemplar
3,GO:0006119,microglia,CA1,5013,-0.0469344046115209,FALSE,FALSE,oxidative phosphorylation,-2.11097705826318,5.75222270996947e-5,manuscript-fixed programme/location/constituent-term exemplar
3,GO:0006119,microglia,CA1,5014,-0.0471330537970592,FALSE,FALSE,oxidative phosphorylation,-2.11097705826318,5.75222270996947e-5,manuscript-fixed programme/location/constituent-term exemplar
3,GO:0006119,microglia,CA1,5015,-0.0473317029825976,FALSE,FALSE,oxidative phosphorylation,-2.11097705826318,5.75222270996947e-5,manuscript-fixed programme/location/constituent-term exemplar
3,GO:0006119,microglia,CA1,5016,-0.0475303521681358,FALSE,FALSE,oxidative phosphorylation,-2.11097705826318,5.75222270996947e-5,manuscript-fixed programme/location/constituent-term exemplar
3,GO:0006119,microglia,CA1,5017,-0.0256659668400915,TRUE,FALSE,oxidative phosphorylation,-2.11097705826318,5.75222270996947e-5,manuscript-fixed programme/location/constituent-term exemplar
3,GO:0006119,microglia,CA1,5018,-0.0258646160256298,FALSE,FALSE,oxidative phosphorylation,-2.11097705826318,5.75222270996947e-5,manuscript-fixed programme/location/constituent-term exemplar
3,GO:0006119,microglia,CA1,5019,-0.0260632652111682,FALSE,FALSE,oxidative phosphorylation,-2.11097705826318,5.75222270996947e-5,manuscript-fixed programme/location/constituent-term exemplar
3,GO:0006119,microglia,CA1,5020,-0.0262619143967066,FALSE,FALSE,oxidative phosphorylation,-2.11097705826318,5.75222270996947e-5,manuscript-fixed programme/location/constituent-term exemplar
3,GO:0006119,microglia,CA1,5021,-0.0264605635822449,FALSE,FALSE,oxidative phosphorylation,-2.11097705826318,5.75222270996947e-5,manuscript-fixed programme/location/constituent-term exemplar
3,GO:0006119,microglia,CA1,5022,-0.0266592127677833,FALSE,FALSE,oxidative phosphorylation,-2.11097705826318,5.75222270996947e-5,manuscript-fixed programme/location/constituent-term exemplar
3,GO:0006119,microglia,CA1,5023,-0.0268578619533215,FALSE,FALSE,oxidative phosphorylation,-2.11097705826318,5.75222270996947e-5,manuscript-fixed programme/location/constituent-term exemplar
3,GO:0006119,microglia,CA1,5024,-0.0270565111388599,FALSE,FALSE,oxidative phosphorylation,-2.11097705826318,5.75222270996947e-5,manuscript-fixed programme/location/constituent-term exemplar
3,GO:0006119,microglia,CA1,5025,-0.0272551603243982,FALSE,FALSE,oxidative phosphorylation,-2.11097705826318,5.75222270996947e-5,manuscript-fixed programme/location/constituent-term exemplar
3,GO:0006119,microglia,CA1,5026,-0.0274538095099366,FALSE,FALSE,oxidative phosphorylation,-2.11097705826318,5.75222270996947e-5,manuscript-fixed programme/location/constituent-term exemplar
3,GO:0006119,microglia,CA1,5027,-0.0276524586954749,FALSE,FALSE,oxidative phosphorylation,-2.11097705826318,5.75222270996947e-5,manuscript-fixed programme/location/constituent-term exemplar
3,GO:0006119,microglia,CA1,5028,-0.0278511078810133,FALSE,FALSE,oxidative phosphorylation,-2.11097705826318,5.75222270996947e-5,manuscript-fixed programme/location/constituent-term exemplar
3,GO:0006119,microglia,CA1,5029,-0.0280497570665516,FALSE,FALSE,oxidative phosphorylation,-2.11097705826318,5.75222270996947e-5,manuscript-fixed programme/location/constituent-term exemplar
3,GO:0006119,microglia,CA1,5030,-0.0282484062520899,FALSE,FALSE,oxidative phosphorylation,-2.11097705826318,5.75222270996947e-5,manuscript-fixed programme/location/constituent-term exemplar
3,GO:0006119,microglia,CA1,5031,-0.0284470554376283,FALSE,FALSE,oxidative phosphorylation,-2.11097705826318,5.75222270996947e-5,manuscript-fixed programme/location/constituent-term exemplar
3,GO:0006119,microglia,CA1,5032,-0.0286457046231666,FALSE,FALSE,oxidative phosphorylation,-2.11097705826318,5.75222270996947e-5,manuscript-fixed programme/location/constituent-term exemplar
3,GO:0006119,microglia,CA1,5033,-0.028844353808705,FALSE,FALSE,oxidative phosphorylation,-2.11097705826318,5.75222270996947e-5,manuscript-fixed programme/location/constituent-term exemplar
3,GO:0006119,microglia,CA1,5034,-0.0290430029942433,FALSE,FALSE,oxidative phosphorylation,-2.11097705826318,5.75222270996947e-5,manuscript-fixed programme/location/constituent-term exemplar
3,GO:0006119,microglia,CA1,5035,-0.0292416521797816,FALSE,FALSE,oxidative phosphorylation,-2.11097705826318,5.75222270996947e-5,manuscript-fixed programme/location/constituent-term exemplar
3,GO:0006119,microglia,CA1,5036,-0.0294403013653199,FALSE,FALSE,oxidative phosphorylation,-2.11097705826318,5.75222270996947e-5,manuscript-fixed programme/location/constituent-term exemplar
3,GO:0006119,microglia,CA1,5037,-0.0296389505508583,FALSE,FALSE,oxidative phosphorylation,-2.11097705826318,5.75222270996947e-5,manuscript-fixed programme/location/constituent-term exemplar
3,GO:0006119,microglia,CA1,5038,-0.0298375997363967,FALSE,FALSE,oxidative phosphorylation,-2.11097705826318,5.75222270996947e-5,manuscript-fixed programme/location/constituent-term exemplar
3,GO:0006119,microglia,CA1,5039,-0.030036248921935,FALSE,FALSE,oxidative phosphorylation,-2.11097705826318,5.75222270996947e-5,manuscript-fixed programme/location/constituent-term exemplar
3,GO:0006119,microglia,CA1,5040,-0.0302348981074734,FALSE,FALSE,oxidative phosphorylation,-2.11097705826318,5.75222270996947e-5,manuscript-fixed programme/location/constituent-term exemplar
3,GO:0006119,microglia,CA1,5041,-0.0304335472930116,FALSE,FALSE,oxidative phosphorylation,-2.11097705826318,5.75222270996947e-5,manuscript-fixed programme/location/constituent-term exemplar
3,GO:0006119,microglia,CA1,5042,-0.03063219647855,FALSE,FALSE,oxidative phosphorylation,-2.11097705826318,5.75222270996947e-5,manuscript-fixed programme/location/constituent-term exemplar
3,GO:0006119,microglia,CA1,5043,-0.0308308456640883,FALSE,FALSE,oxidative phosphorylation,-2.11097705826318,5.75222270996947e-5,manuscript-fixed programme/location/constituent-term exemplar
3,GO:0006119,microglia,CA1,5044,-0.0310294948496267,FALSE,FALSE,oxidative phosphorylation,-2.11097705826318,5.75222270996947e-5,manuscript-fixed programme/location/constituent-term exemplar
3,GO:0006119,microglia,CA1,5045,-0.0312281440351651,FALSE,FALSE,oxidative phosphorylation,-2.11097705826318,5.75222270996947e-5,manuscript-fixed programme/location/constituent-term exemplar
3,GO:0006119,microglia,CA1,5046,-0.0314267932207034,FALSE,FALSE,oxidative phosphorylation,-2.11097705826318,5.75222270996947e-5,manuscript-fixed programme/location/constituent-term exemplar
3,GO:0006119,microglia,CA1,5047,-0.0316254424062417,FALSE,FALSE,oxidative phosphorylation,-2.11097705826318,5.75222270996947e-5,manuscript-fixed programme/location/constituent-term exemplar
3,GO:0006119,microglia,CA1,5048,-0.03182409159178,FALSE,FALSE,oxidative phosphorylation,-2.11097705826318,5.75222270996947e-5,manuscript-fixed programme/location/constituent-term exemplar
3,GO:0006119,microglia,CA1,5049,-0.0320227407773184,FALSE,FALSE,oxidative phosphorylation,-2.11097705826318,5.75222270996947e-5,manuscript-fixed programme/location/constituent-term exemplar
3,GO:0006119,microglia,CA1,5050,-0.0322213899628567,FALSE,FALSE,oxidative phosphorylation,-2.11097705826318,5.75222270996947e-5,manuscript-fixed programme/location/constituent-term exemplar
3,GO:0006119,microglia,CA1,5051,-0.00921628388910678,TRUE,FALSE,oxidative phosphorylation,-2.11097705826318,5.75222270996947e-5,manuscript-fixed programme/location/constituent-term exemplar
3,GO:0006119,microglia,CA1,5052,-0.00941493307464514,FALSE,FALSE,oxidative phosphorylation,-2.11097705826318,5.75222270996947e-5,manuscript-fixed programme/location/constituent-term exemplar
3,GO:0006119,microglia,CA1,5053,-0.0096135822601835,FALSE,FALSE,oxidative phosphorylation,-2.11097705826318,5.75222270996947e-5,manuscript-fixed programme/location/constituent-term exemplar
3,GO:0006119,microglia,CA1,5054,-0.00981223144572174,FALSE,FALSE,oxidative phosphorylation,-2.11097705826318,5.75222270996947e-5,manuscript-fixed programme/location/constituent-term exemplar
3,GO:0006119,microglia,CA1,5055,-0.0100108806312601,FALSE,FALSE,oxidative phosphorylation,-2.11097705826318,5.75222270996947e-5,manuscript-fixed programme/location/constituent-term exemplar
3,GO:0006119,microglia,CA1,5056,-0.0102095298167985,FALSE,FALSE,oxidative phosphorylation,-2.11097705826318,5.75222270996947e-5,manuscript-fixed programme/location/constituent-term exemplar
3,GO:0006119,microglia,CA1,5057,-0.0104081790023368,FALSE,FALSE,oxidative phosphorylation,-2.11097705826318,5.75222270996947e-5,manuscript-fixed programme/location/constituent-term exemplar
3,GO:0006119,microglia,CA1,5058,-0.0106068281878752,FALSE,FALSE,oxidative phosphorylation,-2.11097705826318,5.75222270996947e-5,manuscript-fixed programme/location/constituent-term exemplar
3,GO:0006119,microglia,CA1,5059,-0.0108054773734135,FALSE,FALSE,oxidative phosphorylation,-2.11097705826318,5.75222270996947e-5,manuscript-fixed programme/location/constituent-term exemplar
3,GO:0006119,microglia,CA1,5060,-0.0110041265589518,FALSE,FALSE,oxidative phosphorylation,-2.11097705826318,5.75222270996947e-5,manuscript-fixed programme/location/constituent-term exemplar
3,GO:0006119,microglia,CA1,5061,-0.0112027757444901,FALSE,FALSE,oxidative phosphorylation,-2.11097705826318,5.75222270996947e-5,manuscript-fixed programme/location/constituent-term exemplar
3,GO:0006119,microglia,CA1,5062,-0.0114014249300285,FALSE,FALSE,oxidative phosphorylation,-2.11097705826318,5.75222270996947e-5,manuscript-fixed programme/location/constituent-term exemplar
3,GO:0006119,microglia,CA1,5063,-0.0116000741155668,FALSE,FALSE,oxidative phosphorylation,-2.11097705826318,5.75222270996947e-5,manuscript-fixed programme/location/constituent-term exemplar
3,GO:0006119,microglia,CA1,5064,-0.0117987233011052,FALSE,FALSE,oxidative phosphorylation,-2.11097705826318,5.75222270996947e-5,manuscript-fixed programme/location/constituent-term exemplar
3,GO:0006119,microglia,CA1,5065,-0.0119973724866436,FALSE,FALSE,oxidative phosphorylation,-2.11097705826318,5.75222270996947e-5,manuscript-fixed programme/location/constituent-term exemplar
3,GO:0006119,microglia,CA1,5066,-0.0121960216721818,FALSE,FALSE,oxidative phosphorylation,-2.11097705826318,5.75222270996947e-5,manuscript-fixed programme/location/constituent-term exemplar
3,GO:0006119,microglia,CA1,5067,-0.0123946708577202,FALSE,FALSE,oxidative phosphorylation,-2.11097705826318,5.75222270996947e-5,manuscript-fixed programme/location/constituent-term exemplar
3,GO:0006119,microglia,CA1,5068,-0.0125933200432585,FALSE,FALSE,oxidative phosphorylation,-2.11097705826318,5.75222270996947e-5,manuscript-fixed programme/location/constituent-term exemplar
3,GO:0006119,microglia,CA1,5069,-0.0127919692287969,FALSE,FALSE,oxidative phosphorylation,-2.11097705826318,5.75222270996947e-5,manuscript-fixed programme/location/constituent-term exemplar
3,GO:0006119,microglia,CA1,5070,-0.0129906184143352,FALSE,FALSE,oxidative phosphorylation,-2.11097705826318,5.75222270996947e-5,manuscript-fixed programme/location/constituent-term exemplar
3,GO:0006119,microglia,CA1,5071,-0.0131892675998736,FALSE,FALSE,oxidative phosphorylation,-2.11097705826318,5.75222270996947e-5,manuscript-fixed programme/location/constituent-term exemplar
3,GO:0006119,microglia,CA1,5072,-0.0133879167854118,FALSE,FALSE,oxidative phosphorylation,-2.11097705826318,5.75222270996947e-5,manuscript-fixed programme/location/constituent-term exemplar
3,GO:0006119,microglia,CA1,5073,-0.0135865659709502,FALSE,FALSE,oxidative phosphorylation,-2.11097705826318,5.75222270996947e-5,manuscript-fixed programme/location/constituent-term exemplar
3,GO:0006119,microglia,CA1,5074,-0.0137852151564886,FALSE,FALSE,oxidative phosphorylation,-2.11097705826318,5.75222270996947e-5,manuscript-fixed programme/location/constituent-term exemplar
3,GO:0006119,microglia,CA1,5075,-0.0139838643420269,FALSE,FALSE,oxidative phosphorylation,-2.11097705826318,5.75222270996947e-5,manuscript-fixed programme/location/constituent-term exemplar
3,GO:0006119,microglia,CA1,5076,-0.0141825135275653,FALSE,FALSE,oxidative phosphorylation,-2.11097705826318,5.75222270996947e-5,manuscript-fixed programme/location/constituent-term exemplar
3,GO:0006119,microglia,CA1,5077,-0.0143811627131036,FALSE,FALSE,oxidative phosphorylation,-2.11097705826318,5.75222270996947e-5,manuscript-fixed programme/location/constituent-term exemplar
3,GO:0006119,microglia,CA1,5078,-0.0145798118986419,FALSE,FALSE,oxidative phosphorylation,-2.11097705826318,5.75222270996947e-5,manuscript-fixed programme/location/constituent-term exemplar
3,GO:0006119,microglia,CA1,5079,-0.0147784610841802,FALSE,FALSE,oxidative phosphorylation,-2.11097705826318,5.75222270996947e-5,manuscript-fixed programme/location/constituent-term exemplar
3,GO:0006119,microglia,CA1,5080,-0.0149771102697186,FALSE,FALSE,oxidative phosphorylation,-2.11097705826318,5.75222270996947e-5,manuscript-fixed programme/location/constituent-term exemplar
3,GO:0006119,microglia,CA1,5081,-0.015175759455257,FALSE,FALSE,oxidative phosphorylation,-2.11097705826318,5.75222270996947e-5,manuscript-fixed programme/location/constituent-term exemplar
3,GO:0006119,microglia,CA1,5082,-0.0153744086407953,FALSE,FALSE,oxidative phosphorylation,-2.11097705826318,5.75222270996947e-5,manuscript-fixed programme/location/constituent-term exemplar
3,GO:0006119,microglia,CA1,5083,-0.0155730578263337,FALSE,FALSE,oxidative phosphorylation,-2.11097705826318,5.75222270996947e-5,manuscript-fixed programme/location/constituent-term exemplar
3,GO:0006119,microglia,CA1,5084,-0.0157717070118719,FALSE,FALSE,oxidative phosphorylation,-2.11097705826318,5.75222270996947e-5,manuscript-fixed programme/location/constituent-term exemplar
3,GO:0006119,microglia,CA1,5085,-0.0159703561974103,FALSE,FALSE,oxidative phosphorylation,-2.11097705826318,5.75222270996947e-5,manuscript-fixed programme/location/constituent-term exemplar
3,GO:0006119,microglia,CA1,5086,-0.0161690053829486,FALSE,FALSE,oxidative phosphorylation,-2.11097705826318,5.75222270996947e-5,manuscript-fixed programme/location/constituent-term exemplar
3,GO:0006119,microglia,CA1,5087,-0.016367654568487,FALSE,FALSE,oxidative phosphorylation,-2.11097705826318,5.75222270996947e-5,manuscript-fixed programme/location/constituent-term exemplar
3,GO:0006119,microglia,CA1,5088,-0.0165663037540253,FALSE,FALSE,oxidative phosphorylation,-2.11097705826318,5.75222270996947e-5,manuscript-fixed programme/location/constituent-term exemplar
3,GO:0006119,microglia,CA1,5089,-0.0167649529395637,FALSE,FALSE,oxidative phosphorylation,-2.11097705826318,5.75222270996947e-5,manuscript-fixed programme/location/constituent-term exemplar
3,GO:0006119,microglia,CA1,5090,-0.016963602125102,FALSE,FALSE,oxidative phosphorylation,-2.11097705826318,5.75222270996947e-5,manuscript-fixed programme/location/constituent-term exemplar
3,GO:0006119,microglia,CA1,5091,-0.0171622513106403,FALSE,FALSE,oxidative phosphorylation,-2.11097705826318,5.75222270996947e-5,manuscript-fixed programme/location/constituent-term exemplar
3,GO:0006119,microglia,CA1,5092,-0.0173609004961787,FALSE,FALSE,oxidative phosphorylation,-2.11097705826318,5.75222270996947e-5,manuscript-fixed programme/location/constituent-term exemplar
3,GO:0006119,microglia,CA1,5093,-0.017559549681717,FALSE,FALSE,oxidative phosphorylation,-2.11097705826318,5.75222270996947e-5,manuscript-fixed programme/location/constituent-term exemplar
3,GO:0006119,microglia,CA1,5094,-0.0177581988672554,FALSE,FALSE,oxidative phosphorylation,-2.11097705826318,5.75222270996947e-5,manuscript-fixed programme/location/constituent-term exemplar
3,GO:0006119,microglia,CA1,5095,-0.0179568480527937,FALSE,FALSE,oxidative phosphorylation,-2.11097705826318,5.75222270996947e-5,manuscript-fixed programme/location/constituent-term exemplar
3,GO:0006119,microglia,CA1,5096,-0.0181554972383321,FALSE,FALSE,oxidative phosphorylation,-2.11097705826318,5.75222270996947e-5,manuscript-fixed programme/location/constituent-term exemplar
3,GO:0006119,microglia,CA1,5097,-0.0183541464238703,FALSE,FALSE,oxidative phosphorylation,-2.11097705826318,5.75222270996947e-5,manuscript-fixed programme/location/constituent-term exemplar
3,GO:0006119,microglia,CA1,5098,-0.0185527956094087,FALSE,FALSE,oxidative phosphorylation,-2.11097705826318,5.75222270996947e-5,manuscript-fixed programme/location/constituent-term exemplar
3,GO:0006119,microglia,CA1,5099,-0.0187514447949471,FALSE,FALSE,oxidative phosphorylation,-2.11097705826318,5.75222270996947e-5,manuscript-fixed programme/location/constituent-term exemplar
3,GO:0006119,microglia,CA1,5100,-0.0189500939804854,FALSE,FALSE,oxidative phosphorylation,-2.11097705826318,5.75222270996947e-5,manuscript-fixed programme/location/constituent-term exemplar
3,GO:0006119,microglia,CA1,5101,0.00754866905045681,TRUE,FALSE,oxidative phosphorylation,-2.11097705826318,5.75222270996947e-5,manuscript-fixed programme/location/constituent-term exemplar
3,GO:0006119,microglia,CA1,5102,0.00735001986491846,FALSE,FALSE,oxidative phosphorylation,-2.11097705826318,5.75222270996947e-5,manuscript-fixed programme/location/constituent-term exemplar
3,GO:0006119,microglia,CA1,5103,0.0071513706793801,FALSE,FALSE,oxidative phosphorylation,-2.11097705826318,5.75222270996947e-5,manuscript-fixed programme/location/constituent-term exemplar
3,GO:0006119,microglia,CA1,5104,0.00695272149384185,FALSE,FALSE,oxidative phosphorylation,-2.11097705826318,5.75222270996947e-5,manuscript-fixed programme/location/constituent-term exemplar
3,GO:0006119,microglia,CA1,5105,0.00675407230830349,FALSE,FALSE,oxidative phosphorylation,-2.11097705826318,5.75222270996947e-5,manuscript-fixed programme/location/constituent-term exemplar
3,GO:0006119,microglia,CA1,5106,0.00655542312276514,FALSE,FALSE,oxidative phosphorylation,-2.11097705826318,5.75222270996947e-5,manuscript-fixed programme/location/constituent-term exemplar
3,GO:0006119,microglia,CA1,5107,0.00635677393722678,FALSE,FALSE,oxidative phosphorylation,-2.11097705826318,5.75222270996947e-5,manuscript-fixed programme/location/constituent-term exemplar
3,GO:0006119,microglia,CA1,5108,0.00615812475168842,FALSE,FALSE,oxidative phosphorylation,-2.11097705826318,5.75222270996947e-5,manuscript-fixed programme/location/constituent-term exemplar
3,GO:0006119,microglia,CA1,5109,0.00595947556615006,FALSE,FALSE,oxidative phosphorylation,-2.11097705826318,5.75222270996947e-5,manuscript-fixed programme/location/constituent-term exemplar
3,GO:0006119,microglia,CA1,5110,0.00576082638061182,FALSE,FALSE,oxidative phosphorylation,-2.11097705826318,5.75222270996947e-5,manuscript-fixed programme/location/constituent-term exemplar
3,GO:0006119,microglia,CA1,5111,0.00556217719507346,FALSE,FALSE,oxidative phosphorylation,-2.11097705826318,5.75222270996947e-5,manuscript-fixed programme/location/constituent-term exemplar
3,GO:0006119,microglia,CA1,5112,0.0053635280095351,FALSE,FALSE,oxidative phosphorylation,-2.11097705826318,5.75222270996947e-5,manuscript-fixed programme/location/constituent-term exemplar
3,GO:0006119,microglia,CA1,5113,0.00516487882399674,FALSE,FALSE,oxidative phosphorylation,-2.11097705826318,5.75222270996947e-5,manuscript-fixed programme/location/constituent-term exemplar
3,GO:0006119,microglia,CA1,5114,0.00496622963845839,FALSE,FALSE,oxidative phosphorylation,-2.11097705826318,5.75222270996947e-5,manuscript-fixed programme/location/constituent-term exemplar
3,GO:0006119,microglia,CA1,5115,0.00476758045292003,FALSE,FALSE,oxidative phosphorylation,-2.11097705826318,5.75222270996947e-5,manuscript-fixed programme/location/constituent-term exemplar
3,GO:0006119,microglia,CA1,5116,0.00456893126738178,FALSE,FALSE,oxidative phosphorylation,-2.11097705826318,5.75222270996947e-5,manuscript-fixed programme/location/constituent-term exemplar
3,GO:0006119,microglia,CA1,5117,0.00437028208184342,FALSE,FALSE,oxidative phosphorylation,-2.11097705826318,5.75222270996947e-5,manuscript-fixed programme/location/constituent-term exemplar
3,GO:0006119,microglia,CA1,5118,0.00417163289630507,FALSE,FALSE,oxidative phosphorylation,-2.11097705826318,5.75222270996947e-5,manuscript-fixed programme/location/constituent-term exemplar
3,GO:0006119,microglia,CA1,5119,0.00397298371076671,FALSE,FALSE,oxidative phosphorylation,-2.11097705826318,5.75222270996947e-5,manuscript-fixed programme/location/constituent-term exemplar
3,GO:0006119,microglia,CA1,5120,0.00377433452522835,FALSE,FALSE,oxidative phosphorylation,-2.11097705826318,5.75222270996947e-5,manuscript-fixed programme/location/constituent-term exemplar
3,GO:0006119,microglia,CA1,5121,0.00357568533968999,FALSE,FALSE,oxidative phosphorylation,-2.11097705826318,5.75222270996947e-5,manuscript-fixed programme/location/constituent-term exemplar
3,GO:0006119,microglia,CA1,5122,0.00337703615415175,FALSE,FALSE,oxidative phosphorylation,-2.11097705826318,5.75222270996947e-5,manuscript-fixed programme/location/constituent-term exemplar
3,GO:0006119,microglia,CA1,5123,0.00317838696861339,FALSE,FALSE,oxidative phosphorylation,-2.11097705826318,5.75222270996947e-5,manuscript-fixed programme/location/constituent-term exemplar
3,GO:0006119,microglia,CA1,5124,0.00297973778307503,FALSE,FALSE,oxidative phosphorylation,-2.11097705826318,5.75222270996947e-5,manuscript-fixed programme/location/constituent-term exemplar
3,GO:0006119,microglia,CA1,5125,0.00278108859753667,FALSE,FALSE,oxidative phosphorylation,-2.11097705826318,5.75222270996947e-5,manuscript-fixed programme/location/constituent-term exemplar
3,GO:0006119,microglia,CA1,5126,0.00258243941199832,FALSE,FALSE,oxidative phosphorylation,-2.11097705826318,5.75222270996947e-5,manuscript-fixed programme/location/constituent-term exemplar
3,GO:0006119,microglia,CA1,5127,0.00238379022645996,FALSE,FALSE,oxidative phosphorylation,-2.11097705826318,5.75222270996947e-5,manuscript-fixed programme/location/constituent-term exemplar
3,GO:0006119,microglia,CA1,5128,0.00218514104092171,FALSE,FALSE,oxidative phosphorylation,-2.11097705826318,5.75222270996947e-5,manuscript-fixed programme/location/constituent-term exemplar
3,GO:0006119,microglia,CA1,5129,0.00198649185538335,FALSE,FALSE,oxidative phosphorylation,-2.11097705826318,5.75222270996947e-5,manuscript-fixed programme/location/constituent-term exemplar
3,GO:0006119,microglia,CA1,5130,0.001787842669845,FALSE,FALSE,oxidative phosphorylation,-2.11097705826318,5.75222270996947e-5,manuscript-fixed programme/location/constituent-term exemplar
3,GO:0006119,microglia,CA1,5131,0.00158919348430664,FALSE,FALSE,oxidative phosphorylation,-2.11097705826318,5.75222270996947e-5,manuscript-fixed programme/location/constituent-term exemplar
3,GO:0006119,microglia,CA1,5132,0.00139054429876828,FALSE,FALSE,oxidative phosphorylation,-2.11097705826318,5.75222270996947e-5,manuscript-fixed programme/location/constituent-term exemplar
3,GO:0006119,microglia,CA1,5133,0.00119189511322992,FALSE,FALSE,oxidative phosphorylation,-2.11097705826318,5.75222270996947e-5,manuscript-fixed programme/location/constituent-term exemplar
3,GO:0006119,microglia,CA1,5134,9.9324592769167e-4,FALSE,FALSE,oxidative phosphorylation,-2.11097705826318,5.75222270996947e-5,manuscript-fixed programme/location/constituent-term exemplar
3,GO:0006119,microglia,CA1,5135,7.9459674215332e-4,FALSE,FALSE,oxidative phosphorylation,-2.11097705826318,5.75222270996947e-5,manuscript-fixed programme/location/constituent-term exemplar
3,GO:0006119,microglia,CA1,5136,5.9594755661496e-4,FALSE,FALSE,oxidative phosphorylation,-2.11097705826318,5.75222270996947e-5,manuscript-fixed programme/location/constituent-term exemplar
3,GO:0006119,microglia,CA1,5137,3.972983710766e-4,FALSE,FALSE,oxidative phosphorylation,-2.11097705826318,5.75222270996947e-5,manuscript-fixed programme/location/constituent-term exemplar
3,GO:0006119,microglia,CA1,5138,1.9864918553824e-4,FALSE,FALSE,oxidative phosphorylation,-2.11097705826318,5.75222270996947e-5,manuscript-fixed programme/location/constituent-term exemplar
3,GO:0006119,microglia,CA1,5139,0,FALSE,FALSE,oxidative phosphorylation,-2.11097705826318,5.75222270996947e-5,manuscript-fixed programme/location/constituent-term exemplar
