source,model_id,construct,estimand,sex,estimate,se,df,statistic,ci_low,ci_high,p_raw,test,L,status,role,n,se_cr2,df_cr2,result_id,n_obs,n_cage_episodes,unit,estimate_standardized
stage29,CC1_POOLED|crossing_rate,crossing_rate,Q1,"",-2.92368650089639,2.56387300985016,73.8824801641501,-1.14033982559349,-8.03245001178513,2.18507700999236,0.257827942499315,KR t,g_RS:sex_c=1,OK,primary,87,,,stage29|crossing_rate|Q1|,87,24,crossings/hour,-0.565531838929241
stage29,CC1_POOLED|crossing_rate,crossing_rate,RS_sexavg_CC1,"",0.795815157378886,1.28193650492508,73.8824801641501,0.620791399824749,-1.75856659806549,3.35019691282326,,KR t,g_RS=1,OK,estimation,87,,,stage29|crossing_rate|RS_sexavg_CC1|,87,24,crossings/hour,0.153935385774863
stage29,TR_POOLED|crossing_rate,crossing_rate,Q2c,"",-1.96579217236853,2.32662612390853,91.5050771024021,-0.844911071945746,-6.58700550857189,2.65542116383483,,KR t,g_RS:sex_c=1; g_RS:c2:sex_c=0.25; g_RS:c3:sex_c=0.25; g_RS:c4:sex_c=0.25,OK,estimation,87,,,stage29|crossing_rate|Q2c|,348,96,crossings/hour,-0.380245303951513
stage29,TR_POOLED|crossing_rate,crossing_rate,DiD_CC1,"",-2.71472443321094,2.4244897752634,113.941884176942,-1.11970958215982,-7.51764628127843,2.08819741485654,,KR t,g_RS:sex_c=1,OK,estimation,87,,,stage29|crossing_rate|DiD_CC1|,348,96,crossings/hour,-0.525112080392073
stage29,TR_POOLED|crossing_rate,crossing_rate,RS_sexavg_TR_CC1,"",-0.132468662092286,1.2122448876317,113.941884176942,-0.109275496596305,-2.53392958612603,2.26899226194146,,KR t,g_RS=1,OK,estimation,87,,,stage29|crossing_rate|RS_sexavg_TR_CC1|,348,96,crossings/hour,-0.0256235564416972
stage29,TR_POOLED|crossing_rate,crossing_rate,DiD_CC2,"",-1.67244984609424,2.5993255931868,152.240846757179,-0.643416834919784,-6.80785644530586,3.46295675311737,,KR t,g_RS:sex_c=1; g_RS:c2:sex_c=1,OK,estimation,87,,,stage29|crossing_rate|DiD_CC2|,348,96,crossings/hour,-0.323503780822128
stage29,TR_POOLED|crossing_rate,crossing_rate,Q2b_component_c2,"",1.0422745871167,2.4564370452564,207.853529481205,0.424303398749594,-3.8004505101722,5.8849996844056,,KR t,g_RS:c2:sex_c=1,OK,estimation,87,,,stage29|crossing_rate|Q2b_component_c2|,348,96,crossings/hour,0.201608299569945
stage29,TR_POOLED|crossing_rate,crossing_rate,Q2a_component_c2,"",1.31270450779328,1.2282185226282,207.853529481205,1.06878742146332,-1.10865804085117,3.73406705643773,,KR t,g_RS:c2=1,OK,estimation,87,,,stage29|crossing_rate|Q2a_component_c2|,348,96,crossings/hour,0.253917851327572
stage29,TR_POOLED|crossing_rate,crossing_rate,RS_sexavg_TR_CC2,"",1.180235845701,1.2996627965934,152.240846757181,0.908109279418139,-1.38746745390481,3.7479391453068,,KR t,g_RS=1; g_RS:c2=1,OK,estimation,87,,,stage29|crossing_rate|RS_sexavg_TR_CC2|,348,96,crossings/hour,0.228294294885876
stage29,TR_POOLED|crossing_rate,crossing_rate,DiD_CC3,"",-1.34565857161585,2.9468792381573,171.453527218848,-0.456638519214414,-7.16249390334172,4.47117676011002,,KR t,g_RS:sex_c=1; g_RS:c3:sex_c=1,OK,estimation,87,,,stage29|crossing_rate|DiD_CC3|,348,96,crossings/hour,-0.260292191499836
stage29,TR_POOLED|crossing_rate,crossing_rate,Q2b_component_c3,"",1.36906586159509,2.81218989226547,200.605690895707,0.486832651436704,-4.17617884920173,6.91431057239192,,KR t,g_RS:c3:sex_c=1,OK,estimation,87,,,stage29|crossing_rate|Q2b_component_c3|,348,96,crossings/hour,0.264819888892238
stage29,TR_POOLED|crossing_rate,crossing_rate,Q2a_component_c3,"",1.20812358291678,1.40609494613273,200.605690895707,0.85920483978664,-1.56449877248163,3.98074593831519,,KR t,g_RS:c3=1,OK,estimation,87,,,stage29|crossing_rate|Q2a_component_c3|,348,96,crossings/hour,0.233688650028392
stage29,TR_POOLED|crossing_rate,crossing_rate,RS_sexavg_TR_CC3,"",1.07565492082449,1.47343961907865,171.45352721885,0.730029861350618,-1.83276274503844,3.98407258668743,,KR t,g_RS=1; g_RS:c3=1,OK,estimation,87,,,stage29|crossing_rate|RS_sexavg_TR_CC3|,348,96,crossings/hour,0.208065093586694
stage29,TR_POOLED|crossing_rate,crossing_rate,DiD_CC4,"",-2.13033583855308,3.48449532080624,119.512195487678,-0.611375720849058,-9.02968088311859,4.76900920601243,,KR t,g_RS:sex_c=1; g_RS:c4:sex_c=1,OK,estimation,87,,,stage29|crossing_rate|DiD_CC4|,348,96,crossings/hour,-0.412073163092011
stage29,TR_POOLED|crossing_rate,crossing_rate,Q2b_component_c4,"",0.584388594657861,3.36007861837751,117.847055392763,0.173921107518623,-6.06957130751972,7.23834849683545,,KR t,g_RS:c4:sex_c=1,OK,estimation,87,,,stage29|crossing_rate|Q2b_component_c4|,348,96,crossings/hour,0.113038917300062
stage29,TR_POOLED|crossing_rate,crossing_rate,Q2a_component_c4,"",-0.791271104591185,1.68003930918875,117.847055392763,-0.470983684883699,-4.11825105567998,2.53570884649761,,KR t,g_RS:c4=1,OK,estimation,87,,,stage29|crossing_rate|Q2a_component_c4|,348,96,crossings/hour,-0.153056424734261
stage29,TR_POOLED|crossing_rate,crossing_rate,RS_sexavg_TR_CC4,"",-0.92373976668347,1.74224766040312,119.512195487678,-0.530200032795416,-4.37341228896622,2.52593275559928,,KR t,g_RS=1; g_RS:c4=1,OK,estimation,87,,,stage29|crossing_rate|RS_sexavg_TR_CC4|,348,96,crossings/hour,-0.178679981175958
stage29,CC1_BY_SEX|crossing_rate|Female,crossing_rate,RS_by_sex_CC1,Female,-0.707900458827341,2.00175958522404,36.3572368013109,-0.353639100345864,-4.76627243747428,3.3504715198196,0.725651904378276,KR t,g_RS=1,OK,follow-up,46,,,stage29|crossing_rate|RS_by_sex_CC1|Female,46,12,crossings/hour,-0.136929950641677
stage29,CC1_BY_SEX|crossing_rate|Female,crossing_rate,mean_RES_CC1,Female,22.8621563021715,1.26863787933766,19.2887799607341,18.0210260741288,20.2095547640923,25.5147578402506,,KR t,(Intercept)=1; BatchB4=0.333333; BatchB6=0.333333; g_RS=0.5,OK,estimation,46,,,stage29|crossing_rate|mean_RES_CC1|Female,46,12,crossings/hour,4.42225159622645
stage29,CC1_BY_SEX|crossing_rate|Female,crossing_rate,mean_SUS_CC1,Female,23.5700567609988,1.58295729945388,32.19872349648,14.889887913673,20.3464585385765,26.7936549834211,,KR t,(Intercept)=1; BatchB4=0.333333; BatchB6=0.333333; g_RS=-0.5,OK,estimation,46,,,stage29|crossing_rate|mean_SUS_CC1|Female,46,12,crossings/hour,4.55918154686812
stage29,TR_BY_SEX|crossing_rate|Female,crossing_rate,RS_by_sex_TR_CC1,Female,-1.45935302929943,1.94315881744712,57.0433044045723,-0.751020974814967,-5.35039742530047,2.43169136670161,,KR t,g_RS=1,OK,estimation,46,,,stage29|crossing_rate|RS_by_sex_TR_CC1|Female,184,48,crossings/hour,-0.282284233297116
stage29,TR_BY_SEX|crossing_rate|Female,crossing_rate,mean_RES_TR_CC1,Female,22.6299483186926,1.41579750390604,64.9159455739547,15.9838877072878,19.8023360447855,25.4575605925997,,KR t,(Intercept)=1; BatchB4=0.333333; BatchB6=0.333333; g_RS=0.5,OK,estimation,46,,,stage29|crossing_rate|mean_RES_TR_CC1|Female,184,48,crossings/hour,4.37733535508
stage29,TR_BY_SEX|crossing_rate|Female,crossing_rate,mean_SUS_TR_CC1,Female,24.089301347992,1.68754485081838,71.5860421576305,14.274762141172,20.7249097846462,27.4536929113378,,KR t,(Intercept)=1; BatchB4=0.333333; BatchB6=0.333333; g_RS=-0.5,OK,estimation,46,,,stage29|crossing_rate|mean_SUS_TR_CC1|Female,184,48,crossings/hour,4.65961958837711
stage29,TR_BY_SEX|crossing_rate|Female,crossing_rate,RS_by_sex_TR_CC2,Female,0.408244153698995,2.10342104723718,77.9454392980909,0.194085798578092,-3.77939164344699,4.59587995084498,,KR t,g_RS=1; g_RS:c2=1,OK,estimation,46,,,stage29|crossing_rate|RS_by_sex_TR_CC2|Female,184,48,crossings/hour,0.0789671077602606
stage29,TR_BY_SEX|crossing_rate|Female,crossing_rate,mean_RES_TR_CC2,Female,22.1814303734251,1.48127537589246,77.2238529003046,14.9745487803447,19.2319707134032,25.130890033447,,KR t,(Intercept)=1; BatchB4=0.333333; BatchB6=0.333333; c2=1; g_RS=0.5; g_RS:c2=0.5,OK,estimation,46,,,stage29|crossing_rate|mean_RES_TR_CC2|Female,184,48,crossings/hour,4.29057804430057
stage29,TR_BY_SEX|crossing_rate|Female,crossing_rate,mean_SUS_TR_CC2,Female,21.7731862197261,1.7891806817791,87.782382329859,12.1693613403402,18.2174427265922,25.32892971286,,KR t,(Intercept)=1; BatchB4=0.333333; BatchB6=0.333333; c2=1; g_RS=-0.5; g_RS:c2=-0.5,OK,estimation,46,,,stage29|crossing_rate|mean_SUS_TR_CC2|Female,184,48,crossings/hour,4.21161093654031
stage29,TR_BY_SEX|crossing_rate|Female,crossing_rate,RS_by_sex_TR_CC3,Female,0.510021680995241,2.40077432437655,87.0329699273257,0.212440492976235,-4.2617517607235,5.28179512271399,,KR t,g_RS=1; g_RS:c3=1,OK,estimation,46,,,stage29|crossing_rate|RS_by_sex_TR_CC3|Female,184,48,crossings/hour,0.0986540448364039
stage29,TR_BY_SEX|crossing_rate|Female,crossing_rate,mean_RES_TR_CC3,Female,25.2712140690241,1.64421264897454,89.1191681762648,15.3697966529969,22.0042587511939,28.5381693868542,,KR t,(Intercept)=1; BatchB4=0.333333; BatchB6=0.333333; c3=1; g_RS=0.5; g_RS:c3=0.5,OK,estimation,46,,,stage29|crossing_rate|mean_RES_TR_CC3|Female,184,48,crossings/hour,4.88823824307016
stage29,TR_BY_SEX|crossing_rate|Female,crossing_rate,mean_SUS_TR_CC3,Female,24.7611923880288,1.99685954146005,96.5585087898218,12.4000671423911,20.7977500977089,28.7246346783487,,KR t,(Intercept)=1; BatchB4=0.333333; BatchB6=0.333333; c3=1; g_RS=-0.5; g_RS:c3=-0.5,OK,estimation,46,,,stage29|crossing_rate|mean_SUS_TR_CC3|Female,184,48,crossings/hour,4.78958419823374
stage29,TR_BY_SEX|crossing_rate|Female,crossing_rate,RS_by_sex_TR_CC4,Female,-1.96344969393609,2.87174843729074,62.1765043862659,-0.683712287761683,-7.70366888078881,3.77676949291663,,KR t,g_RS=1; g_RS:c4=1,OK,estimation,46,,,stage29|crossing_rate|RS_by_sex_TR_CC4|Female,184,48,crossings/hour,-0.379792195817264
stage29,TR_BY_SEX|crossing_rate|Female,crossing_rate,mean_RES_TR_CC4,Female,28.6736031153561,1.89446230569273,68.4509426983357,15.1354835771574,24.8937133294251,32.4534929012871,,KR t,(Intercept)=1; BatchB4=0.333333; BatchB6=0.333333; c4=1; g_RS=0.5; g_RS:c4=0.5,OK,estimation,46,,,stage29|crossing_rate|mean_RES_TR_CC4|Female,184,48,crossings/hour,5.54636603260399
stage29,TR_BY_SEX|crossing_rate|Female,crossing_rate,mean_SUS_TR_CC4,Female,30.6370528092922,2.32271290644833,68.1712423979572,13.1902021658541,26.0023621706622,35.2717434479221,,KR t,(Intercept)=1; BatchB4=0.333333; BatchB6=0.333333; c4=1; g_RS=-0.5; g_RS:c4=-0.5,OK,estimation,46,,,stage29|crossing_rate|mean_SUS_TR_CC4|Female,184,48,crossings/hour,5.92615822842125
stage29,CC1_BY_SEX|crossing_rate|Male,crossing_rate,RS_by_sex_CC1,Male,2.28870677318131,1.46573236057202,36.4612283024419,1.56147659337215,-0.682631103135179,5.26004464949781,0.127050212103081,KR t,g_RS=1,OK,follow-up,41,,,stage29|crossing_rate|RS_by_sex_CC1|Male,41,12,crossings/hour,0.442707024097897
stage29,CC1_BY_SEX|crossing_rate|Male,crossing_rate,mean_RES_CC1,Male,21.6211955037744,0.889108509514052,17.2052920186992,24.317836655946,19.747044088699,23.4953469188498,,KR t,(Intercept)=1; BatchB2=0.333333; BatchB5=0.333333; g_RS=0.5,OK,estimation,41,,,stage29|crossing_rate|mean_RES_CC1|Male,41,12,crossings/hour,4.18221120812689
stage29,CC1_BY_SEX|crossing_rate|Male,crossing_rate,mean_SUS_CC1,Male,19.3324887305931,1.06211006777389,28.4289040034562,18.2019635414177,17.1583326793945,21.5066447817916,,KR t,(Intercept)=1; BatchB2=0.333333; BatchB5=0.333333; g_RS=-0.5,OK,estimation,41,,,stage29|crossing_rate|mean_SUS_CC1|Male,41,12,crossings/hour,3.739504184029
stage29,TR_BY_SEX|crossing_rate|Male,crossing_rate,RS_by_sex_TR_CC1,Male,1.23382045915563,1.22411046132769,62.3860560762563,1.00793228890259,-1.21284031309386,3.68048123140512,,KR t,g_RS=1,OK,estimation,41,,,stage29|crossing_rate|RS_by_sex_TR_CC1|Male,164,48,crossings/hour,0.238659224564902
stage29,TR_BY_SEX|crossing_rate|Male,crossing_rate,mean_RES_TR_CC1,Male,20.8173583946342,1.02251714723886,59.2745844629316,20.3589332959825,18.7715046051889,22.8632121840796,,KR t,(Intercept)=1; BatchB2=0.333333; BatchB5=0.333333; g_RS=0.5,OK,estimation,41,,,stage29|crossing_rate|mean_RES_TR_CC1|Male,164,48,crossings/hour,4.02672412755507
stage29,TR_BY_SEX|crossing_rate|Male,crossing_rate,mean_SUS_TR_CC1,Male,19.5835379354786,1.1185428618475,72.4318931960632,17.5080800239808,17.3539906225244,21.8130852484328,,KR t,(Intercept)=1; BatchB2=0.333333; BatchB5=0.333333; g_RS=-0.5,OK,estimation,41,,,stage29|crossing_rate|mean_SUS_TR_CC1|Male,164,48,crossings/hour,3.78806490299017
stage29,TR_BY_SEX|crossing_rate|Male,crossing_rate,RS_by_sex_TR_CC2,Male,1.76497207936873,1.30869483299804,85.1579579034547,1.34865060582949,-0.836994183814977,4.36693834255243,,KR t,g_RS=1; g_RS:c2=1,OK,estimation,41,,,stage29|crossing_rate|RS_by_sex_TR_CC2|Male,164,48,crossings/hour,0.341400456375243
stage29,TR_BY_SEX|crossing_rate|Male,crossing_rate,mean_RES_TR_CC2,Male,22.5777084037533,1.04106576605592,67.9727662489909,21.6871105936841,20.5002789409565,24.65513786655,,KR t,(Intercept)=1; BatchB2=0.333333; BatchB5=0.333333; c2=1; g_RS=0.5; g_RS:c2=0.5,OK,estimation,41,,,stage29|crossing_rate|mean_RES_TR_CC2|Male,164,48,crossings/hour,4.36723053188775
stage29,TR_BY_SEX|crossing_rate|Male,crossing_rate,mean_SUS_TR_CC2,Male,20.8127363243846,1.16417040555411,86.157874009635,17.8777404279387,18.498502649333,23.1269699994361,,KR t,(Intercept)=1; BatchB2=0.333333; BatchB5=0.333333; c2=1; g_RS=-0.5; g_RS:c2=-0.5,OK,estimation,41,,,stage29|crossing_rate|mean_SUS_TR_CC2|Male,164,48,crossings/hour,4.02583007551251
stage29,TR_BY_SEX|crossing_rate|Male,crossing_rate,RS_by_sex_TR_CC3,Male,1.44014340438683,1.48003690644364,93.4617764111539,0.973045603198726,-1.49872520751878,4.37901201629243,,KR t,g_RS=1; g_RS:c3=1,OK,estimation,41,,,stage29|crossing_rate|RS_by_sex_TR_CC3|Male,164,48,crossings/hour,0.278568494794156
stage29,TR_BY_SEX|crossing_rate|Male,crossing_rate,mean_RES_TR_CC3,Male,23.5892486347791,1.10677958803387,77.9226981991742,21.313411351111,21.3857853058502,25.792711963708,,KR t,(Intercept)=1; BatchB2=0.333333; BatchB5=0.333333; c3=1; g_RS=0.5; g_RS:c3=0.5,OK,estimation,41,,,stage29|crossing_rate|mean_RES_TR_CC3|Male,164,48,crossings/hour,4.56289385175038
stage29,TR_BY_SEX|crossing_rate|Male,crossing_rate,mean_SUS_TR_CC3,Male,22.1491052303922,1.27928225842706,94.7698198662938,17.3136968675119,19.609329279293,24.6888811814915,,KR t,(Intercept)=1; BatchB2=0.333333; BatchB5=0.333333; c3=1; g_RS=-0.5; g_RS:c3=-0.5,OK,estimation,41,,,stage29|crossing_rate|mean_SUS_TR_CC3|Male,164,48,crossings/hour,4.28432535695621
stage29,TR_BY_SEX|crossing_rate|Male,crossing_rate,RS_by_sex_TR_CC4,Male,0.100138474640476,1.74180195636584,56.5853459604656,0.0574913090862571,-3.38831379276895,3.5885907420499,,KR t,g_RS=1; g_RS:c4=1,OK,estimation,41,,,stage29|crossing_rate|RS_by_sex_TR_CC4|Male,164,48,crossings/hour,0.0193698933499315
stage29,TR_BY_SEX|crossing_rate|Male,crossing_rate,mean_RES_TR_CC4,Male,28.0192325351884,1.234908993017,63.9603428534344,22.6893096524748,25.5521887600388,30.4862763103381,,KR t,(Intercept)=1; BatchB2=0.333333; BatchB5=0.333333; c4=1; g_RS=0.5; g_RS:c4=0.5,OK,estimation,41,,,stage29|crossing_rate|mean_RES_TR_CC4|Male,164,48,crossings/hour,5.4197904242308
stage29,TR_BY_SEX|crossing_rate|Male,crossing_rate,mean_SUS_TR_CC4,Male,27.919094060548,1.43855322964866,65.1906302527784,19.4077587711972,25.0462641297775,30.7919239913184,,KR t,(Intercept)=1; BatchB2=0.333333; BatchB5=0.333333; c4=1; g_RS=-0.5; g_RS:c4=-0.5,OK,estimation,41,,,stage29|crossing_rate|mean_SUS_TR_CC4|Male,164,48,crossings/hour,5.40042053088089
stage29,CC1_POOLED|shared_zone_use,shared_zone_use,Q1,"",0.0128072720186787,0.0287334450133622,67.8475197847565,0.44572699210703,-0.0445317581186687,0.070146302156026,0.657213574536945,KR t,g_RS:sex_c=1,OK,primary,85,,,stage29|shared_zone_use|Q1|,85,22,fraction of dyadic observation time,0.210992949236881
stage29,CC1_POOLED|shared_zone_use,shared_zone_use,RS_sexavg_CC1,"",0.0152740827874541,0.0143667225066811,67.8475197847568,1.06315708265062,-0.0133954322812196,0.0439435978561277,,KR t,g_RS=1,OK,estimation,85,,,stage29|shared_zone_use|RS_sexavg_CC1|,85,22,fraction of dyadic observation time,0.25163233587239
stage29,TR_POOLED|shared_zone_use,shared_zone_use,Q2c,"",-0.00586736867274444,0.0120479565535192,81.2233647926553,-0.487001148010498,-0.0298380237585245,0.0181032864130356,,KR t,g_RS:sex_c=1; g_RS:c2:sex_c=0.25; g_RS:c3:sex_c=0.25; g_RS:c4:sex_c=0.25,OK,estimation,87,,,stage29|shared_zone_use|Q2c|,345,93,fraction of dyadic observation time,-0.0966617573763499
stage29,TR_POOLED|shared_zone_use,shared_zone_use,DiD_CC1,"",0.011925838647053,0.0226404601638737,268.477515254744,0.526748951246251,-0.0326495888498473,0.0565012661439533,,KR t,g_RS:sex_c=1,OK,estimation,87,,,stage29|shared_zone_use|DiD_CC1|,345,93,fraction of dyadic observation time,0.196471806376491
stage29,TR_POOLED|shared_zone_use,shared_zone_use,RS_sexavg_TR_CC1,"",0.014769910211024,0.0113202300819368,268.477515254744,1.30473586703786,-0.00751780353742615,0.0370576239594741,,KR t,g_RS=1,OK,estimation,87,,,stage29|shared_zone_use|RS_sexavg_TR_CC1|,345,93,fraction of dyadic observation time,0.243326362619835
stage29,TR_POOLED|shared_zone_use,shared_zone_use,DiD_CC2,"",-0.00906891179201839,0.0235806668008353,284.291406970443,-0.384590981612834,-0.0554837645850579,0.0373459410010212,,KR t,g_RS:sex_c=1; g_RS:c2:sex_c=1,OK,estimation,87,,,stage29|shared_zone_use|DiD_CC2|,345,93,fraction of dyadic observation time,-0.149405466095855
stage29,TR_POOLED|shared_zone_use,shared_zone_use,Q2b_component_c2,"",-0.0209947504390714,0.0325509122359473,216.73815234246,-0.644981937430498,-0.0851516106587854,0.0431621097806426,,KR t,g_RS:c2:sex_c=1,OK,estimation,87,,,stage29|shared_zone_use|Q2b_component_c2|,345,93,fraction of dyadic observation time,-0.345877272472346
stage29,TR_POOLED|shared_zone_use,shared_zone_use,Q2a_component_c2,"",-0.0161351947857719,0.0162754561179736,216.73815234246,-0.991382033708609,-0.0482136248956289,0.015943235324085,,KR t,g_RS:c2=1,OK,estimation,87,,,stage29|shared_zone_use|Q2a_component_c2|,345,93,fraction of dyadic observation time,-0.265818694988005
stage29,TR_POOLED|shared_zone_use,shared_zone_use,RS_sexavg_TR_CC2,"",-0.00136528457474795,0.0117903334004176,284.291406970443,-0.115796943850595,-0.0245727109712677,0.0218421418217718,,KR t,g_RS=1; g_RS:c2=1,OK,estimation,87,,,stage29|shared_zone_use|RS_sexavg_TR_CC2|,345,93,fraction of dyadic observation time,-0.0224923323681705
stage29,TR_POOLED|shared_zone_use,shared_zone_use,DiD_CC3,"",-0.0175220024708208,0.0237560364137035,292.052137111056,-0.737581057954319,-0.0642767315460808,0.0292327266044393,,KR t,g_RS:sex_c=1; g_RS:c3:sex_c=1,OK,estimation,87,,,stage29|shared_zone_use|DiD_CC3|,345,93,fraction of dyadic observation time,-0.288665609074478
stage29,TR_POOLED|shared_zone_use,shared_zone_use,Q2b_component_c3,"",-0.0294478411178738,0.0326737445667327,220.476137653274,-0.901269245639405,-0.0938406704905297,0.0349449882547822,,KR t,g_RS:c3:sex_c=1,OK,estimation,87,,,stage29|shared_zone_use|Q2b_component_c3|,345,93,fraction of dyadic observation time,-0.485137415450969
stage29,TR_POOLED|shared_zone_use,shared_zone_use,Q2a_component_c3,"",-0.015738080512849,0.0163368722833663,220.476137653274,-0.963347220928756,-0.047934495199177,0.016458334173479,,KR t,g_RS:c3=1,OK,estimation,87,,,stage29|shared_zone_use|Q2a_component_c3|,345,93,fraction of dyadic observation time,-0.259276449964563
stage29,TR_POOLED|shared_zone_use,shared_zone_use,RS_sexavg_TR_CC3,"",-0.000968170301824988,0.0118780182068518,292.052137111056,-0.0815094138571453,-0.024345534839455,0.022409194235805,,KR t,g_RS=1; g_RS:c3=1,OK,estimation,87,,,stage29|shared_zone_use|RS_sexavg_TR_CC3|,345,93,fraction of dyadic observation time,-0.015950087344728
stage29,TR_POOLED|shared_zone_use,shared_zone_use,DiD_CC4,"",-0.00880439907519159,0.0249908257061212,307.187205265958,-0.352305249083269,-0.0579792602246512,0.0403704620742681,,KR t,g_RS:sex_c=1; g_RS:c4:sex_c=1,OK,estimation,87,,,stage29|shared_zone_use|DiD_CC4|,345,93,fraction of dyadic observation time,-0.145047760711558
stage29,TR_POOLED|shared_zone_use,shared_zone_use,Q2b_component_c4,"",-0.0207302377222446,0.0335631111223222,232.787119342172,-0.617649467794935,-0.0868565143795796,0.0453960389350904,,KR t,g_RS:c4:sex_c=1,OK,estimation,87,,,stage29|shared_zone_use|Q2b_component_c4|,345,93,fraction of dyadic observation time,-0.341519567088049
stage29,TR_POOLED|shared_zone_use,shared_zone_use,Q2a_component_c4,"",-0.0227484031130093,0.0167815555611611,232.787119342172,-1.35555986035393,-0.0558115414416768,0.0103147352156582,,KR t,g_RS:c4=1,OK,estimation,87,,,stage29|shared_zone_use|Q2a_component_c4|,345,93,fraction of dyadic observation time,-0.374767761334585
stage29,TR_POOLED|shared_zone_use,shared_zone_use,RS_sexavg_TR_CC4,"",-0.00797849290198533,0.0124954128530606,307.187205265958,-0.638513748669864,-0.0325659234767152,0.0166089376727445,,KR t,g_RS=1; g_RS:c4=1,OK,estimation,87,,,stage29|shared_zone_use|RS_sexavg_TR_CC4|,345,93,fraction of dyadic observation time,-0.13144139871475
stage29,CC1_BY_SEX|shared_zone_use|Female,shared_zone_use,RS_by_sex_CC1,Female,0.021675130629315,0.0164866702325951,34.82666424147,1.31470638543264,-0.0118005451655183,0.0551508064241483,0.197200830432174,KR t,g_RS=1,OK,follow-up,46,,,stage29|shared_zone_use|RS_by_sex_CC1|Female,46,12,fraction of dyadic observation time,0.357086171817381
stage29,CC1_BY_SEX|shared_zone_use|Female,shared_zone_use,mean_RES_CC1,Female,0.261529405001492,0.0129682680810824,14.815019243903,20.1668721965273,0.233858105811535,0.28920070419145,,KR t,(Intercept)=1; BatchB4=0.333333; BatchB6=0.333333; g_RS=0.5,OK,estimation,46,,,stage29|shared_zone_use|mean_RES_CC1|Female,46,12,fraction of dyadic observation time,4.3085569192997
stage29,CC1_BY_SEX|shared_zone_use|Female,shared_zone_use,mean_SUS_CC1,Female,0.239854274372177,0.0151253322392819,23.7955285046309,15.8577855069691,0.208622921588355,0.271085627156,,KR t,(Intercept)=1; BatchB4=0.333333; BatchB6=0.333333; g_RS=-0.5,OK,estimation,46,,,stage29|shared_zone_use|mean_SUS_CC1|Female,46,12,fraction of dyadic observation time,3.95147074748232
stage29,TR_BY_SEX|shared_zone_use|Female,shared_zone_use,RS_by_sex_TR_CC1,Female,0.0208112781897087,0.0134294504299416,139.083423604122,1.54967459750319,-0.005740992202398,0.0473635485818154,,KR t,g_RS=1,OK,estimation,46,,,stage29|shared_zone_use|RS_by_sex_TR_CC1|Female,184,48,fraction of dyadic observation time,0.342854665398825
stage29,TR_BY_SEX|shared_zone_use|Female,shared_zone_use,mean_RES_TR_CC1,Female,0.261090083772147,0.0148761882296612,53.2406143072966,17.5508725583054,0.231255376361051,0.290924791183243,,KR t,(Intercept)=1; BatchB4=0.333333; BatchB6=0.333333; g_RS=0.5,OK,estimation,46,,,stage29|shared_zone_use|mean_RES_TR_CC1|Female,184,48,fraction of dyadic observation time,4.30131933726766
stage29,TR_BY_SEX|shared_zone_use|Female,shared_zone_use,mean_SUS_TR_CC1,Female,0.240278805582438,0.0161636651808705,71.2220994418872,14.8653664186762,0.208051114181642,0.272506496983235,,KR t,(Intercept)=1; BatchB4=0.333333; BatchB6=0.333333; g_RS=-0.5,OK,estimation,46,,,stage29|shared_zone_use|mean_SUS_TR_CC1|Female,184,48,fraction of dyadic observation time,3.95846467186883
stage29,TR_BY_SEX|shared_zone_use|Female,shared_zone_use,RS_by_sex_TR_CC2,Female,-0.00597106261097765,0.0143531026405714,148.425810664505,-0.416011977375501,-0.0343338808802119,0.0223917556582566,,KR t,g_RS=1; g_RS:c2=1,OK,estimation,46,,,stage29|shared_zone_use|RS_by_sex_TR_CC2|Female,184,48,fraction of dyadic observation time,-0.0983700594889234
stage29,TR_BY_SEX|shared_zone_use|Female,shared_zone_use,mean_RES_TR_CC2,Female,0.286309700116297,0.0149762394857942,54.0405306725665,19.1175962689351,0.256284663490981,0.316334736741613,,KR t,(Intercept)=1; BatchB4=0.333333; BatchB6=0.333333; c2=1; g_RS=0.5; g_RS:c2=0.5,OK,estimation,46,,,stage29|shared_zone_use|mean_RES_TR_CC2|Female,184,48,fraction of dyadic observation time,4.71679901344806
stage29,TR_BY_SEX|shared_zone_use|Female,shared_zone_use,mean_SUS_TR_CC2,Female,0.292280762727274,0.0165005173441994,73.8662561994042,17.7134302295087,0.259401775064806,0.325159750389742,,KR t,(Intercept)=1; BatchB4=0.333333; BatchB6=0.333333; c2=1; g_RS=-0.5; g_RS:c2=-0.5,OK,estimation,46,,,stage29|shared_zone_use|mean_SUS_TR_CC2|Female,184,48,fraction of dyadic observation time,4.81516907293697
stage29,TR_BY_SEX|shared_zone_use|Female,shared_zone_use,RS_by_sex_TR_CC3,Female,-0.00919988712104356,0.0144279085268339,148.699594073179,-0.6376452348539,-0.037710096049851,0.0193103218077638,,KR t,g_RS=1; g_RS:c3=1,OK,estimation,46,,,stage29|shared_zone_use|RS_by_sex_TR_CC3|Female,184,48,fraction of dyadic observation time,-0.151563214514721
stage29,TR_BY_SEX|shared_zone_use|Female,shared_zone_use,mean_RES_TR_CC3,Female,0.252485151467323,0.0150171133535247,54.3910467209638,16.8131614594266,0.222382608550163,0.282587694384483,,KR t,(Intercept)=1; BatchB4=0.333333; BatchB6=0.333333; c3=1; g_RS=0.5; g_RS:c3=0.5,OK,estimation,46,,,stage29|shared_zone_use|mean_RES_TR_CC3|Female,184,48,fraction of dyadic observation time,4.15955768479939
stage29,TR_BY_SEX|shared_zone_use|Female,shared_zone_use,mean_SUS_TR_CC3,Female,0.261685038588367,0.0164815588493356,73.8062932941325,15.8774446628825,0.228843383534087,0.294526693642646,,KR t,(Intercept)=1; BatchB4=0.333333; BatchB6=0.333333; c3=1; g_RS=-0.5; g_RS:c3=-0.5,OK,estimation,46,,,stage29|shared_zone_use|mean_SUS_TR_CC3|Female,184,48,fraction of dyadic observation time,4.31112089931412
stage29,TR_BY_SEX|shared_zone_use|Female,shared_zone_use,RS_by_sex_TR_CC4,Female,-0.0125331837461652,0.0154319191341052,158.353041798958,-0.812159760380437,-0.0430121204891446,0.0179457529968143,,KR t,g_RS=1; g_RS:c4=1,OK,estimation,46,,,stage29|shared_zone_use|RS_by_sex_TR_CC4|Female,184,48,fraction of dyadic observation time,-0.206477491699591
stage29,TR_BY_SEX|shared_zone_use|Female,shared_zone_use,mean_RES_TR_CC4,Female,0.25094162240172,0.0152020979547486,55.6623895021824,16.5070389066488,0.220484084161185,0.281399160642256,,KR t,(Intercept)=1; BatchB4=0.333333; BatchB6=0.333333; c4=1; g_RS=0.5; g_RS:c4=0.5,OK,estimation,46,,,stage29|shared_zone_use|mean_RES_TR_CC4|Female,184,48,fraction of dyadic observation time,4.13412886988007
stage29,TR_BY_SEX|shared_zone_use|Female,shared_zone_use,mean_SUS_TR_CC4,Female,0.263474806147885,0.016768986972628,75.5739842042811,15.7120287932691,0.230073429175655,0.296876183120116,,KR t,(Intercept)=1; BatchB4=0.333333; BatchB6=0.333333; c4=1; g_RS=-0.5; g_RS:c4=-0.5,OK,estimation,46,,,stage29|shared_zone_use|mean_SUS_TR_CC4|Female,184,48,fraction of dyadic observation time,4.34060636157965
stage29,CC1_BY_SEX|shared_zone_use|Male,shared_zone_use,RS_by_sex_CC1,Male,0.00915348165210336,0.0248900545923054,32.3599025729586,0.367756592021823,-0.0415237952511839,0.0598307585553906,0.715449282546574,KR t,g_RS=1,OK,follow-up,39,,,stage29|shared_zone_use|RS_by_sex_CC1|Male,39,10,fraction of dyadic observation time,0.150798709260352
stage29,CC1_BY_SEX|shared_zone_use|Male,shared_zone_use,mean_RES_CC1,Male,0.280379900964866,0.0173616691538397,12.2956313300716,16.1493632023772,0.24265270159334,0.318107100336393,,KR t,(Intercept)=1; BatchB2=0.333333; BatchB5=0.333333; g_RS=0.5,OK,estimation,39,,,stage29|shared_zone_use|mean_RES_CC1|Male,39,10,fraction of dyadic observation time,4.61910874736188
stage29,CC1_BY_SEX|shared_zone_use|Male,shared_zone_use,mean_SUS_CC1,Male,0.271226419312763,0.0211222034640994,20.1395718995569,12.8408203137403,0.227185841735868,0.315266996889658,,KR t,(Intercept)=1; BatchB2=0.333333; BatchB5=0.333333; g_RS=-0.5,OK,estimation,39,,,stage29|shared_zone_use|mean_SUS_CC1|Male,39,10,fraction of dyadic observation time,4.46831003810153
stage29,TR_BY_SEX|shared_zone_use|Male,shared_zone_use,RS_by_sex_TR_CC1,Male,0.00940182455797221,0.0189242501759656,125.902315069652,0.496813584186963,-0.0280489919279469,0.0468526410438914,,KR t,g_RS=1,OK,estimation,41,,,stage29|shared_zone_use|RS_by_sex_TR_CC1|Male,161,45,fraction of dyadic observation time,0.154890025666758
stage29,TR_BY_SEX|shared_zone_use|Male,shared_zone_use,mean_RES_TR_CC1,Male,0.280462263562884,0.0180215625563706,48.674353052401,15.5625941249884,0.244240448008251,0.316684079117516,,KR t,(Intercept)=1; BatchB2=0.333333; BatchB5=0.333333; g_RS=0.5,OK,estimation,41,,,stage29|shared_zone_use|mean_RES_TR_CC1|Male,161,45,fraction of dyadic observation time,4.62046562706563
stage29,TR_BY_SEX|shared_zone_use|Male,shared_zone_use,mean_SUS_TR_CC1,Male,0.271060439004911,0.0205340345224344,73.4105992048609,13.200544623063,0.230140023104015,0.311980854905808,,KR t,(Intercept)=1; BatchB2=0.333333; BatchB5=0.333333; g_RS=-0.5,OK,estimation,41,,,stage29|shared_zone_use|mean_SUS_TR_CC1|Male,161,45,fraction of dyadic observation time,4.46557560139886
stage29,TR_BY_SEX|shared_zone_use|Male,shared_zone_use,RS_by_sex_TR_CC2,Male,0.00380892435496118,0.0193713306108858,132.77256343141,0.196626882864759,-0.0345074198032262,0.0421252685131485,,KR t,g_RS=1; g_RS:c2=1,OK,estimation,41,,,stage29|shared_zone_use|RS_by_sex_TR_CC2|Male,161,45,fraction of dyadic observation time,0.0627499893733308
stage29,TR_BY_SEX|shared_zone_use|Male,shared_zone_use,mean_RES_TR_CC2,Male,0.250747664293795,0.0176080280444098,53.2695298185242,14.2405307204973,0.215434603525786,0.286060725061803,,KR t,(Intercept)=1; BatchB2=0.333333; BatchB5=0.333333; c2=1; g_RS=0.5; g_RS:c2=0.5,OK,estimation,41,,,stage29|shared_zone_use|mean_RES_TR_CC2|Male,161,45,fraction of dyadic observation time,4.13093351390107
stage29,TR_BY_SEX|shared_zone_use|Male,shared_zone_use,mean_SUS_TR_CC2,Male,0.246938739938833,0.0198331751196553,76.0469117452672,12.4507920919888,0.207437942354289,0.286439537523378,,KR t,(Intercept)=1; BatchB2=0.333333; BatchB5=0.333333; c2=1; g_RS=-0.5; g_RS:c2=-0.5,OK,estimation,41,,,stage29|shared_zone_use|mean_SUS_TR_CC2|Male,161,45,fraction of dyadic observation time,4.06818352452773
stage29,TR_BY_SEX|shared_zone_use|Male,shared_zone_use,RS_by_sex_TR_CC3,Male,0.008273538713524,0.01953159017459,138.414207743711,0.423597804355305,-0.0303453214941876,0.0468923989212356,,KR t,g_RS=1; g_RS:c3=1,OK,estimation,41,,,stage29|shared_zone_use|RS_by_sex_TR_CC3|Male,161,45,fraction of dyadic observation time,0.136302120486392
stage29,TR_BY_SEX|shared_zone_use|Male,shared_zone_use,mean_RES_TR_CC3,Male,0.246602674194062,0.0172287523208343,56.9201204697651,14.3134377697131,0.212101643443221,0.281103704944902,,KR t,(Intercept)=1; BatchB2=0.333333; BatchB5=0.333333; c3=1; g_RS=0.5; g_RS:c3=0.5,OK,estimation,41,,,stage29|shared_zone_use|mean_RES_TR_CC3|Male,161,45,fraction of dyadic observation time,4.06264702131898
stage29,TR_BY_SEX|shared_zone_use|Male,shared_zone_use,mean_SUS_TR_CC3,Male,0.238329135480538,0.0193521246852648,77.2786296021812,12.3153989216495,0.199796349295334,0.276861921665742,,KR t,(Intercept)=1; BatchB2=0.333333; BatchB5=0.333333; c3=1; g_RS=-0.5; g_RS:c3=-0.5,OK,estimation,41,,,stage29|shared_zone_use|mean_SUS_TR_CC3|Male,161,45,fraction of dyadic observation time,3.92634490083259
stage29,TR_BY_SEX|shared_zone_use|Male,shared_zone_use,RS_by_sex_TR_CC4,Male,-0.0056044108327941,0.0203085994572809,144.404986072879,-0.275962448547127,-0.0457449282161816,0.0345361065505934,,KR t,g_RS=1; g_RS:c4=1,OK,estimation,41,,,stage29|shared_zone_use|RS_by_sex_TR_CC4|Male,161,45,fraction of dyadic observation time,-0.0923296677560807
stage29,TR_BY_SEX|shared_zone_use|Male,shared_zone_use,mean_RES_TR_CC4,Male,0.247193284203085,0.0174742778035741,57.5317457842804,14.1461230605207,0.212208654309495,0.282177914096675,,KR t,(Intercept)=1; BatchB2=0.333333; BatchB5=0.333333; c4=1; g_RS=0.5; g_RS:c4=0.5,OK,estimation,41,,,stage29|shared_zone_use|mean_RES_TR_CC4|Male,161,45,fraction of dyadic observation time,4.07237700499316
stage29,TR_BY_SEX|shared_zone_use|Male,shared_zone_use,mean_SUS_TR_CC4,Male,0.252797695035879,0.0195031778235995,76.6541531802735,12.9618720252853,0.213959110016918,0.29163628005484,,KR t,(Intercept)=1; BatchB2=0.333333; BatchB5=0.333333; c4=1; g_RS=-0.5; g_RS:c4=-0.5,OK,estimation,41,,,stage29|shared_zone_use|mean_SUS_TR_CC4|Male,161,45,fraction of dyadic observation time,4.16470667274924
stage29,CC1_POOLED|occupancy_dispersion,occupancy_dispersion,Q1,"",-0.134105100570609,0.114113259365542,74.8979471013565,-1.17519297333385,-0.361435447428452,0.093225246287235,0.243640005519781,KR t,g_RS:sex_c=1,OK,secondary,87,,,stage29|occupancy_dispersion|Q1|,87,24,bits,-0.587150177629637
stage29,CC1_POOLED|occupancy_dispersion,occupancy_dispersion,RS_sexavg_CC1,"",-0.0225284963326148,0.0570566296827711,74.8979471013565,-0.39484449848985,-0.136193669761537,0.091136677096307,,KR t,g_RS=1,OK,estimation,87,,,stage29|occupancy_dispersion|RS_sexavg_CC1|,87,24,bits,-0.0986361485666147
stage29,TR_POOLED|occupancy_dispersion,occupancy_dispersion,Q2c,"",-0.00680921173469095,0.0748279430379314,79.2688745301627,-0.0909982482244535,-0.155742651893951,0.142124228424569,,KR t,g_RS:sex_c=1; g_RS:c2:sex_c=0.25; g_RS:c3:sex_c=0.25; g_RS:c4:sex_c=0.25,OK,estimation,87,,,stage29|occupancy_dispersion|Q2c|,348,96,bits,-0.0298126608348991
stage29,TR_POOLED|occupancy_dispersion,occupancy_dispersion,DiD_CC1,"",-0.106757505944382,0.111084148523042,258.630995298484,-0.961050765242506,-0.325502050160751,0.111987038271987,,KR t,g_RS:sex_c=1,OK,estimation,87,,,stage29|occupancy_dispersion|DiD_CC1|,348,96,bits,-0.467414649493792
stage29,TR_POOLED|occupancy_dispersion,occupancy_dispersion,RS_sexavg_TR_CC1,"",-0.0541313704940547,0.0555420742615212,258.630995298484,-0.9746011688216,-0.163503642602239,0.0552409016141299,,KR t,g_RS=1,OK,estimation,87,,,stage29|occupancy_dispersion|RS_sexavg_TR_CC1|,348,96,bits,-0.237002497784828
stage29,TR_POOLED|occupancy_dispersion,occupancy_dispersion,DiD_CC2,"",-0.0421206437565543,0.112328459419801,266.019146975272,-0.374977489890948,-0.26328658239224,0.179045294879132,,KR t,g_RS:sex_c=1; g_RS:c2:sex_c=1,OK,estimation,87,,,stage29|occupancy_dispersion|DiD_CC2|,348,96,bits,-0.184416128531324
stage29,TR_POOLED|occupancy_dispersion,occupancy_dispersion,Q2b_component_c2,"",0.0646368621878277,0.135868340775832,249.066814339913,0.47573159294314,-0.202960493533254,0.332234217908909,,KR t,g_RS:c2:sex_c=1,OK,estimation,87,,,stage29|occupancy_dispersion|Q2b_component_c2|,348,96,bits,0.282998520962468
stage29,TR_POOLED|occupancy_dispersion,occupancy_dispersion,Q2a_component_c2,"",0.0973038176780826,0.0679341703879158,249.066814339913,1.43232510417749,-0.0364948601824581,0.231102495538623,,KR t,g_RS:c2=1,OK,estimation,87,,,stage29|occupancy_dispersion|Q2a_component_c2|,348,96,bits,0.42602372013171
stage29,TR_POOLED|occupancy_dispersion,occupancy_dispersion,RS_sexavg_TR_CC2,"",0.043172447184028,0.0561642297099007,266.019146975272,0.768682262839216,-0.0674105221338149,0.153755416501871,,KR t,g_RS=1; g_RS:c2=1,OK,estimation,87,,,stage29|occupancy_dispersion|RS_sexavg_TR_CC2|,348,96,bits,0.189021222346883
stage29,TR_POOLED|occupancy_dispersion,occupancy_dispersion,DiD_CC3,"",0.0980168316997436,0.112558463297005,265.701065960747,0.870808190061275,-0.123603179004911,0.319636842404398,,KR t,g_RS:sex_c=1; g_RS:c3:sex_c=1,OK,estimation,87,,,stage29|occupancy_dispersion|DiD_CC3|,348,96,bits,0.429145497809736
stage29,TR_POOLED|occupancy_dispersion,occupancy_dispersion,Q2b_component_c3,"",0.204774337644126,0.136082166145476,249.463600757422,1.50478452426467,-0.0632420731100528,0.472790748398304,,KR t,g_RS:c3:sex_c=1,OK,estimation,87,,,stage29|occupancy_dispersion|Q2b_component_c3|,348,96,bits,0.896560147303529
stage29,TR_POOLED|occupancy_dispersion,occupancy_dispersion,Q2a_component_c3,"",0.0878974551712521,0.0680410830727381,249.463600757422,1.29182915970469,-0.0461107502058372,0.221905660548341,,KR t,g_RS:c3=1,OK,estimation,87,,,stage29|occupancy_dispersion|Q2a_component_c3|,348,96,bits,0.384839996371507
stage29,TR_POOLED|occupancy_dispersion,occupancy_dispersion,RS_sexavg_TR_CC3,"",0.0337660846771974,0.0562792316485026,265.701065960747,0.59997415899504,-0.0770439206751297,0.144576090029525,,KR t,g_RS=1; g_RS:c3=1,OK,estimation,87,,,stage29|occupancy_dispersion|RS_sexavg_TR_CC3|,348,96,bits,0.147837498586679
stage29,TR_POOLED|occupancy_dispersion,occupancy_dispersion,DiD_CC4,"",0.0236244710624288,0.113552697181301,257.292809272365,0.208048524155349,-0.199986554078552,0.24723549620341,,KR t,g_RS:sex_c=1; g_RS:c4:sex_c=1,OK,estimation,87,,,stage29|occupancy_dispersion|DiD_CC4|,348,96,bits,0.103434636875783
stage29,TR_POOLED|occupancy_dispersion,occupancy_dispersion,Q2b_component_c4,"",0.130381977006811,0.136829629254344,247.914733489984,0.952878245138352,-0.139114783973185,0.399878737986807,,KR t,g_RS:c4:sex_c=1,OK,estimation,87,,,stage29|occupancy_dispersion|Q2b_component_c4|,348,96,bits,0.570849286369575
stage29,TR_POOLED|occupancy_dispersion,occupancy_dispersion,Q2a_component_c4,"",0.137801812937063,0.0684148146271721,247.914733489984,2.0142101339895,0.00305343244706499,0.272550193427061,,KR t,g_RS:c4=1,OK,estimation,87,,,stage29|occupancy_dispersion|Q2a_component_c4|,348,96,bits,0.603335433174532
stage29,TR_POOLED|occupancy_dispersion,occupancy_dispersion,RS_sexavg_TR_CC4,"",0.0836704424430083,0.0567763485906503,257.292809272365,1.47368480925501,-0.0281350701274821,0.195475955013499,,KR t,g_RS=1; g_RS:c4=1,OK,estimation,87,,,stage29|occupancy_dispersion|RS_sexavg_TR_CC4|,348,96,bits,0.366332935389704
stage29,CC1_BY_SEX|occupancy_dispersion|Female,occupancy_dispersion,RS_by_sex_CC1,Female,-0.0895810466179191,0.0918992980107447,36.9762704522122,-0.974774003251314,-0.27579074530615,0.0966286520703117,0.336006655877766,KR t,g_RS=1,OK,follow-up,46,,,stage29|occupancy_dispersion|RS_by_sex_CC1|Female,46,12,bits,-0.392211237381432
stage29,CC1_BY_SEX|occupancy_dispersion|Female,occupancy_dispersion,mean_RES_CC1,Female,2.07218039049007,0.0551851766132662,20.8930229115437,37.5495833783728,1.95738074273011,2.18698003825002,,KR t,(Intercept)=1; BatchB4=0.333333; BatchB6=0.333333; g_RS=0.5,OK,estimation,46,,,stage29|occupancy_dispersion|mean_RES_CC1|Female,46,12,bits,9.07259365363428
stage29,CC1_BY_SEX|occupancy_dispersion|Female,occupancy_dispersion,mean_SUS_CC1,Female,2.16176143710799,0.0702657173241037,34.3249171204852,30.7655215008589,2.01901409109902,2.30450878311696,,KR t,(Intercept)=1; BatchB4=0.333333; BatchB6=0.333333; g_RS=-0.5,OK,estimation,46,,,stage29|occupancy_dispersion|mean_SUS_CC1|Female,46,12,bits,9.46480489101572
stage29,TR_BY_SEX|occupancy_dispersion|Female,occupancy_dispersion,RS_by_sex_TR_CC1,Female,-0.101830512038105,0.0806407753484693,122.542399121432,-1.26276702571459,-0.261459904018349,0.057798879942139,,KR t,g_RS=1,OK,estimation,46,,,stage29|occupancy_dispersion|RS_by_sex_TR_CC1|Female,184,48,bits,-0.44584287232095
stage29,TR_BY_SEX|occupancy_dispersion|Female,occupancy_dispersion,mean_RES_TR_CC1,Female,2.06974303984253,0.0538236400035997,83.7651235874995,38.4541632580796,1.96270444392742,2.17678163575763,,KR t,(Intercept)=1; BatchB4=0.333333; BatchB6=0.333333; g_RS=0.5,OK,estimation,46,,,stage29|occupancy_dispersion|mean_RES_TR_CC1|Female,184,48,bits,9.06192224099181
stage29,TR_BY_SEX|occupancy_dispersion|Female,occupancy_dispersion,mean_SUS_TR_CC1,Female,2.17157355188063,0.0658710181306808,113.893681246849,32.967056127362,2.04108226569135,2.30206483806991,,KR t,(Intercept)=1; BatchB4=0.333333; BatchB6=0.333333; g_RS=-0.5,OK,estimation,46,,,stage29|occupancy_dispersion|mean_SUS_TR_CC1|Female,184,48,bits,9.50776511331274
stage29,TR_BY_SEX|occupancy_dispersion|Female,occupancy_dispersion,RS_by_sex_TR_CC2,Female,0.0206646612821447,0.0823229304433071,132.438413587068,0.251019505390126,-0.142173245460524,0.183502568024814,,KR t,g_RS=1; g_RS:c2=1,OK,estimation,46,,,stage29|occupancy_dispersion|RS_by_sex_TR_CC2|Female,184,48,bits,0.0904757499218244
stage29,TR_BY_SEX|occupancy_dispersion|Female,occupancy_dispersion,mean_RES_TR_CC2,Female,2.06336991405634,0.0541227782869563,80.6868996484557,38.1238727826656,1.95567622727103,2.17106360084164,,KR t,(Intercept)=1; BatchB4=0.333333; BatchB6=0.333333; c2=1; g_RS=0.5; g_RS:c2=0.5,OK,estimation,46,,,stage29|occupancy_dispersion|mean_RES_TR_CC2|Female,184,48,bits,9.03401888816261
stage29,TR_BY_SEX|occupancy_dispersion|Female,occupancy_dispersion,mean_SUS_TR_CC2,Female,2.04270525277419,0.0667512244502314,105.475758876524,30.6017645308844,1.91035686370507,2.17505364184332,,KR t,(Intercept)=1; BatchB4=0.333333; BatchB6=0.333333; c2=1; g_RS=-0.5; g_RS:c2=-0.5,OK,estimation,46,,,stage29|occupancy_dispersion|mean_SUS_TR_CC2|Female,184,48,bits,8.94354313824076
stage29,TR_BY_SEX|occupancy_dispersion|Female,occupancy_dispersion,RS_by_sex_TR_CC3,Female,0.083244334930091,0.082524181231301,133.075374990049,1.00872657793201,-0.0799844501106628,0.246473119970845,,KR t,g_RS=1; g_RS:c3=1,OK,estimation,46,,,stage29|occupancy_dispersion|RS_by_sex_TR_CC3|Female,184,48,bits,0.364467315806003
stage29,TR_BY_SEX|occupancy_dispersion|Female,occupancy_dispersion,mean_RES_TR_CC3,Female,2.18845940614732,0.0542562447088366,79.4331550268097,40.3356225240352,2.08047420837279,2.29644460392185,,KR t,(Intercept)=1; BatchB4=0.333333; BatchB6=0.333333; c3=1; g_RS=0.5; g_RS:c3=0.5,OK,estimation,46,,,stage29|occupancy_dispersion|mean_RES_TR_CC3|Female,184,48,bits,9.58169617402504
stage29,TR_BY_SEX|occupancy_dispersion|Female,occupancy_dispersion,mean_SUS_TR_CC3,Female,2.10521507121723,0.066733170117617,105.862760827278,31.5467565456098,1.97290809068633,2.23752205174812,,KR t,(Intercept)=1; BatchB4=0.333333; BatchB6=0.333333; c3=1; g_RS=-0.5; g_RS:c3=-0.5,OK,estimation,46,,,stage29|occupancy_dispersion|mean_SUS_TR_CC3|Female,184,48,bits,9.21722885821905
stage29,TR_BY_SEX|occupancy_dispersion|Female,occupancy_dispersion,RS_by_sex_TR_CC4,Female,0.0956558955781455,0.0840565460586553,134.320922804389,1.13799460081784,-0.0705896872525625,0.261901478408854,,KR t,g_RS=1; g_RS:c4=1,OK,estimation,46,,,stage29|occupancy_dispersion|RS_by_sex_TR_CC4|Female,184,48,bits,0.418808649641618
stage29,TR_BY_SEX|occupancy_dispersion|Female,occupancy_dispersion,mean_RES_TR_CC4,Female,2.2309798528314,0.0547008834891484,74.5044981157532,40.7850789699583,2.12199822502342,2.33996148063939,,KR t,(Intercept)=1; BatchB4=0.333333; BatchB6=0.333333; c4=1; g_RS=0.5; g_RS:c4=0.5,OK,estimation,46,,,stage29|occupancy_dispersion|mean_RES_TR_CC4|Female,184,48,bits,9.76786275320228
stage29,TR_BY_SEX|occupancy_dispersion|Female,occupancy_dispersion,mean_SUS_TR_CC4,Female,2.13532395725326,0.0673296228723333,99.1495380292315,31.7144796919796,2.00172987076062,2.26891804374589,,KR t,(Intercept)=1; BatchB4=0.333333; BatchB6=0.333333; c4=1; g_RS=-0.5; g_RS:c4=-0.5,OK,estimation,46,,,stage29|occupancy_dispersion|mean_SUS_TR_CC4|Female,184,48,bits,9.34905410356068
stage29,CC1_BY_SEX|occupancy_dispersion|Male,occupancy_dispersion,RS_by_sex_CC1,Male,0.0515755409431726,0.0584184723337659,34.9888152657679,0.882863568367602,-0.0670216181228714,0.170172700009217,0.383335798280263,KR t,g_RS=1,OK,follow-up,41,,,stage29|occupancy_dispersion|RS_by_sex_CC1|Male,41,12,bits,0.225812350889547
stage29,CC1_BY_SEX|occupancy_dispersion|Male,occupancy_dispersion,mean_RES_CC1,Male,2.10111507088222,0.0395767517967646,16.2077821703597,53.0896290244311,2.01730343519768,2.18492670656676,,KR t,(Intercept)=1; BatchB2=0.333333; BatchB5=0.333333; g_RS=0.5,OK,estimation,41,,,stage29|occupancy_dispersion|mean_RES_CC1|Male,41,12,bits,9.19927789352986
stage29,CC1_BY_SEX|occupancy_dispersion|Male,occupancy_dispersion,mean_SUS_CC1,Male,2.04953952993905,0.0450896101225971,26.0537522505697,45.4548070911774,1.95686581456657,2.14221324531153,,KR t,(Intercept)=1; BatchB2=0.333333; BatchB5=0.333333; g_RS=-0.5,OK,estimation,41,,,stage29|occupancy_dispersion|mean_SUS_CC1|Male,41,12,bits,8.97346554264033
stage29,TR_BY_SEX|occupancy_dispersion|Male,occupancy_dispersion,RS_by_sex_TR_CC1,Male,-0.00339270728238011,0.0742079087137127,135.054258692826,-0.0457189448023507,-0.150152582037548,0.143367167472788,,KR t,g_RS=1,OK,estimation,41,,,stage29|occupancy_dispersion|RS_by_sex_TR_CC1|Male,164,48,bits,-0.0148542350366905
stage29,TR_BY_SEX|occupancy_dispersion|Male,occupancy_dispersion,mean_RES_TR_CC1,Male,2.06662725255275,0.0474808497518393,64.4430265646619,43.5254900313298,1.97178590811016,2.16146859699533,,KR t,(Intercept)=1; BatchB2=0.333333; BatchB5=0.333333; g_RS=0.5,OK,estimation,41,,,stage29|occupancy_dispersion|mean_RES_TR_CC1|Male,164,48,bits,9.04828044024847
stage29,TR_BY_SEX|occupancy_dispersion|Male,occupancy_dispersion,mean_SUS_TR_CC1,Male,2.07001995983513,0.0574399111958698,105.483847143327,36.0380076629361,1.95613331559412,2.18390660407613,,KR t,(Intercept)=1; BatchB2=0.333333; BatchB5=0.333333; g_RS=-0.5,OK,estimation,41,,,stage29|occupancy_dispersion|mean_SUS_TR_CC1|Male,164,48,bits,9.06313467528516
stage29,TR_BY_SEX|occupancy_dispersion|Male,occupancy_dispersion,RS_by_sex_TR_CC2,Male,0.0629542380872599,0.0748060658665295,133.335945287832,0.841565952680685,-0.0850058400411962,0.210914316215716,,KR t,g_RS=1; g_RS:c2=1,OK,estimation,41,,,stage29|occupancy_dispersion|RS_by_sex_TR_CC2|Male,164,48,bits,0.275631515268213
stage29,TR_BY_SEX|occupancy_dispersion|Male,occupancy_dispersion,mean_RES_TR_CC2,Male,2.13302049906207,0.0474910857776726,65.8206354981483,44.9141236535991,2.03819666388732,2.22784433423682,,KR t,(Intercept)=1; BatchB2=0.333333; BatchB5=0.333333; c2=1; g_RS=0.5; g_RS:c2=0.5,OK,estimation,41,,,stage29|occupancy_dispersion|mean_RES_TR_CC2|Male,164,48,bits,9.33896891007912
stage29,TR_BY_SEX|occupancy_dispersion|Male,occupancy_dispersion,mean_SUS_TR_CC2,Male,2.07006626097481,0.0576564661238526,98.6543960560613,35.9034536825076,1.95565836543739,2.18447415651223,,KR t,(Intercept)=1; BatchB2=0.333333; BatchB5=0.333333; c2=1; g_RS=-0.5; g_RS:c2=-0.5,OK,estimation,41,,,stage29|occupancy_dispersion|mean_SUS_TR_CC2|Male,164,48,bits,9.0633373948109
stage29,TR_BY_SEX|occupancy_dispersion|Male,occupancy_dispersion,RS_by_sex_TR_CC3,Male,-0.0143052101486106,0.0748984525076514,131.344031445728,-0.190994735801106,-0.162468597647531,0.13385817735031,,KR t,g_RS=1; g_RS:c3=1,OK,estimation,41,,,stage29|occupancy_dispersion|RS_by_sex_TR_CC3|Male,164,48,bits,-0.0626322686016226
stage29,TR_BY_SEX|occupancy_dispersion|Male,occupancy_dispersion,mean_RES_TR_CC3,Male,2.18748674806619,0.0473867236294533,69.6344676822719,46.1624391922837,2.09296818493827,2.28200531119412,,KR t,(Intercept)=1; BatchB2=0.333333; BatchB5=0.333333; c3=1; g_RS=0.5; g_RS:c3=0.5,OK,estimation,41,,,stage29|occupancy_dispersion|mean_RES_TR_CC3|Male,164,48,bits,9.57743760099033
stage29,TR_BY_SEX|occupancy_dispersion|Male,occupancy_dispersion,mean_SUS_TR_CC3,Male,2.20179195821481,0.0578008010825259,91.7404372821618,38.09275852546,2.08699025033644,2.31659366609317,,KR t,(Intercept)=1; BatchB2=0.333333; BatchB5=0.333333; c3=1; g_RS=-0.5; g_RS:c3=-0.5,OK,estimation,41,,,stage29|occupancy_dispersion|mean_SUS_TR_CC3|Male,164,48,bits,9.64006986959199
stage29,TR_BY_SEX|occupancy_dispersion|Male,occupancy_dispersion,RS_by_sex_TR_CC4,Male,0.0770922222204971,0.0751815341742102,125.005923815015,1.02541432636716,-0.0717012957319964,0.225885740172991,,KR t,g_RS=1; g_RS:c4=1,OK,estimation,41,,,stage29|occupancy_dispersion|RS_by_sex_TR_CC4|Male,164,48,bits,0.337531620930373
stage29,TR_BY_SEX|occupancy_dispersion|Male,occupancy_dispersion,mean_RES_TR_CC4,Male,2.24031539036971,0.0475818994080773,63.802417598832,47.0833535070987,2.14525394932547,2.33537683141396,,KR t,(Intercept)=1; BatchB2=0.333333; BatchB5=0.333333; c4=1; g_RS=0.5; g_RS:c4=0.5,OK,estimation,41,,,stage29|occupancy_dispersion|mean_RES_TR_CC4|Male,164,48,bits,9.80873638515635
stage29,TR_BY_SEX|occupancy_dispersion|Male,occupancy_dispersion,mean_SUS_TR_CC4,Male,2.16322316814922,0.0577786634081895,89.9411599803109,37.4398271013414,2.04843474547641,2.27801159082202,,KR t,(Intercept)=1; BatchB2=0.333333; BatchB5=0.333333; c4=1; g_RS=-0.5; g_RS:c4=-0.5,OK,estimation,41,,,stage29|occupancy_dispersion|mean_SUS_TR_CC4|Male,164,48,bits,9.47120476422601
stage29,CC1_POOLED|fragmentation,fragmentation,Q1,"",0.00952453417004272,0.0346054870091518,68.00865740138,0.275231906648903,-0.0595294808451492,0.0785785491852346,0.783972558581942,KR t,g_RS:sex_c=1,OK,secondary,87,,,stage29|fragmentation|Q1|,87,24,proportion of bouts,0.122897215097325
stage29,CC1_POOLED|fragmentation,fragmentation,RS_sexavg_CC1,"",0.00202550691675945,0.0173027435045759,68.00865740138,0.117062760378074,-0.0325015005908365,0.0365525144243554,,KR t,g_RS=1,OK,estimation,87,,,stage29|fragmentation|RS_sexavg_CC1|,87,24,proportion of bouts,0.0261355731194768
stage29,TR_POOLED|fragmentation,fragmentation,Q2c,"",-0.00174756356756364,0.0258199830900566,79.9051359041033,-0.067682599228217,-0.0531319039570829,0.0496367768219557,,KR t,g_RS:sex_c=1; g_RS:c2:sex_c=0.25; g_RS:c3:sex_c=0.25; g_RS:c4:sex_c=0.25,OK,estimation,87,,,stage29|fragmentation|Q2c|,348,96,proportion of bouts,-0.0225492073234018
stage29,TR_POOLED|fragmentation,fragmentation,DiD_CC1,"",0.016359297878699,0.0348841542899678,207.937241002817,0.468960713300242,-0.0524126543853025,0.0851312501427004,,KR t,g_RS:sex_c=1,OK,estimation,87,,,stage29|fragmentation|DiD_CC1|,348,96,proportion of bouts,0.211087714563858
stage29,TR_POOLED|fragmentation,fragmentation,RS_sexavg_TR_CC1,"",0.00404027667285676,0.0174420771449839,207.937241002817,0.231639651589243,-0.030345699459144,0.0384262528048575,,KR t,g_RS=1,OK,estimation,87,,,stage29|fragmentation|RS_sexavg_TR_CC1|,348,96,proportion of bouts,0.0521326022304098
stage29,TR_POOLED|fragmentation,fragmentation,DiD_CC2,"",0.00324305161555122,0.0359899963816641,224.541124763281,0.0901098066573704,-0.0676783013956059,0.0741644046267083,,KR t,g_RS:sex_c=1; g_RS:c2:sex_c=1,OK,estimation,87,,,stage29|fragmentation|DiD_CC2|,348,96,proportion of bouts,0.0418458272974351
stage29,TR_POOLED|fragmentation,fragmentation,Q2b_component_c2,"",-0.0131162462631478,0.0400212896835479,220.049351619275,-0.3277317239614,-0.0919903299463688,0.0657578374200733,,KR t,g_RS:c2:sex_c=1,OK,estimation,87,,,stage29|fragmentation|Q2b_component_c2|,348,96,proportion of bouts,-0.169241887266423
stage29,TR_POOLED|fragmentation,fragmentation,Q2a_component_c2,"",0.012500479348172,0.020010644841774,220.049351619275,0.624691480310328,-0.0269365624934385,0.0519375211897825,,KR t,g_RS:c2=1,OK,estimation,87,,,stage29|fragmentation|Q2a_component_c2|,348,96,proportion of bouts,0.161296507718348
stage29,TR_POOLED|fragmentation,fragmentation,RS_sexavg_TR_CC2,"",0.0165407560210288,0.0179949981908321,224.541124763281,0.919186311975058,-0.0189199204845498,0.0520014325266073,,KR t,g_RS=1; g_RS:c2=1,OK,estimation,87,,,stage29|fragmentation|RS_sexavg_TR_CC2|,348,96,proportion of bouts,0.213429109948759
stage29,TR_POOLED|fragmentation,fragmentation,DiD_CC3,"",0.0195938464901034,0.0363005691570079,229.608467023695,0.539766922258318,-0.0519309634133495,0.0911186563935563,,KR t,g_RS:sex_c=1; g_RS:c3:sex_c=1,OK,estimation,87,,,stage29|fragmentation|DiD_CC3|,348,96,proportion of bouts,0.252823825678754
stage29,TR_POOLED|fragmentation,fragmentation,Q2b_component_c3,"",0.00323454861140442,0.0403425102002282,224.089754275904,0.0801771777549461,-0.0762646712344023,0.0827337684572111,,KR t,g_RS:c3:sex_c=1,OK,estimation,87,,,stage29|fragmentation|Q2b_component_c3|,348,96,proportion of bouts,0.0417361111148957
stage29,TR_POOLED|fragmentation,fragmentation,Q2a_component_c3,"",0.00965646478567052,0.0201712551001141,224.089754275904,0.478724042591475,-0.0300931451372328,0.0494060747085739,,KR t,g_RS:c3=1,OK,estimation,87,,,stage29|fragmentation|Q2a_component_c3|,348,96,proportion of bouts,0.124599545621555
stage29,TR_POOLED|fragmentation,fragmentation,RS_sexavg_TR_CC3,"",0.0136967414585273,0.018150284578504,229.608467023695,0.754629570643142,-0.0220656634931992,0.0494591464102537,,KR t,g_RS=1; g_RS:c3=1,OK,estimation,87,,,stage29|fragmentation|RS_sexavg_TR_CC3|,348,96,proportion of bouts,0.176732147851965
stage29,TR_POOLED|fragmentation,fragmentation,DiD_CC4,"",-0.0461864502546081,0.0375095027979465,246.909221797871,-1.23132664550106,-0.120065854158628,0.027692953649412,,KR t,g_RS:sex_c=1; g_RS:c4:sex_c=1,OK,estimation,87,,,stage29|fragmentation|DiD_CC4|,348,96,proportion of bouts,-0.595954196833653
stage29,TR_POOLED|fragmentation,fragmentation,Q2b_component_c4,"",-0.0625457481333071,0.0414133010712686,235.646875068917,-1.51028163694731,-0.144133350001796,0.0190418537351818,,KR t,g_RS:c4:sex_c=1,OK,estimation,87,,,stage29|fragmentation|Q2b_component_c4|,348,96,proportion of bouts,-0.807041911397511
stage29,TR_POOLED|fragmentation,fragmentation,Q2a_component_c4,"",0.0166912770168217,0.0207066505356343,235.646875068917,0.806082905011483,-0.0241025239174228,0.0574850779510661,,KR t,g_RS:c4=1,OK,estimation,87,,,stage29|fragmentation|Q2a_component_c4|,348,96,proportion of bouts,0.215371316346086
stage29,TR_POOLED|fragmentation,fragmentation,RS_sexavg_TR_CC4,"",0.0207315536896784,0.0187547513989732,246.909221797867,1.10540274561109,-0.0162081482623316,0.0576712556416885,,KR t,g_RS=1; g_RS:c4=1,OK,estimation,87,,,stage29|fragmentation|RS_sexavg_TR_CC4|,348,96,proportion of bouts,0.267503918576496
stage29,CC1_BY_SEX|fragmentation|Female,fragmentation,RS_by_sex_CC1,Female,0.000663962894065826,0.0214429190685081,36.7189727597082,0.0309642027722311,-0.0427947451602459,0.0441226709483776,0.975465785094765,KR t,g_RS=1,OK,follow-up,46,,,stage29|fragmentation|RS_by_sex_CC1|Female,46,12,proportion of bouts,0.00856726314923646
stage29,CC1_BY_SEX|fragmentation|Female,fragmentation,mean_RES_CC1,Female,0.450287526622298,0.0131496480114491,20.2422126208764,34.2433140590716,0.422878867355624,0.477696185888971,,KR t,(Intercept)=1; BatchB4=0.333333; BatchB6=0.333333; g_RS=0.5,OK,estimation,46,,,stage29|fragmentation|mean_RES_CC1|Female,46,12,proportion of bouts,5.8101616338361
stage29,CC1_BY_SEX|fragmentation|Female,fragmentation,mean_SUS_CC1,Female,0.449623563728232,0.0166087165838993,33.5153631773845,27.0715417086534,0.415852603757614,0.48339452369885,,KR t,(Intercept)=1; BatchB4=0.333333; BatchB6=0.333333; g_RS=-0.5,OK,estimation,46,,,stage29|fragmentation|mean_SUS_CC1|Female,46,12,proportion of bouts,5.80159437068686
stage29,TR_BY_SEX|fragmentation|Female,fragmentation,RS_by_sex_TR_CC1,Female,0.0113608163945922,0.0224821728821322,106.177564385787,0.505325550788789,-0.0332114174494943,0.0559330502386787,,KR t,g_RS=1,OK,estimation,46,,,stage29|fragmentation|RS_by_sex_TR_CC1|Female,184,48,proportion of bouts,0.146591179285061
stage29,TR_BY_SEX|fragmentation|Female,fragmentation,mean_RES_TR_CC1,Female,0.453699283994478,0.0173211483943948,76.8342207187719,26.1933720365387,0.419207283465336,0.488191284523619,,KR t,(Intercept)=1; BatchB4=0.333333; BatchB6=0.333333; g_RS=0.5,OK,estimation,46,,,stage29|fragmentation|mean_RES_TR_CC1|Female,184,48,proportion of bouts,5.85418430960617
stage29,TR_BY_SEX|fragmentation|Female,fragmentation,mean_SUS_TR_CC1,Female,0.442338467599885,0.0203094373318661,103.964533200602,21.7799469464299,0.402063929525245,0.482613005674526,,KR t,(Intercept)=1; BatchB4=0.333333; BatchB6=0.333333; g_RS=-0.5,OK,estimation,46,,,stage29|fragmentation|mean_SUS_TR_CC1|Female,184,48,proportion of bouts,5.7075931303211
stage29,TR_BY_SEX|fragmentation|Female,fragmentation,RS_by_sex_TR_CC2,Female,0.0171069713953875,0.023309788846003,117.5659870324,0.733896454764361,-0.0290545219321103,0.0632684647228852,,KR t,g_RS=1; g_RS:c2=1,OK,estimation,46,,,stage29|fragmentation|RS_by_sex_TR_CC2|Female,184,48,proportion of bouts,0.220735114779194
stage29,TR_BY_SEX|fragmentation|Female,fragmentation,mean_RES_TR_CC2,Female,0.462339964939726,0.0174485903778033,76.6606073647523,26.4972673969054,0.427592927698469,0.497087002180983,,KR t,(Intercept)=1; BatchB4=0.333333; BatchB6=0.333333; c2=1; g_RS=0.5; g_RS:c2=0.5,OK,estimation,46,,,stage29|fragmentation|mean_RES_TR_CC2|Female,184,48,proportion of bouts,5.96567696696421
stage29,TR_BY_SEX|fragmentation|Female,fragmentation,mean_SUS_TR_CC2,Female,0.445232993544338,0.0207046214397159,102.993925100654,21.5040393199503,0.404170231426476,0.486295755662201,,KR t,(Intercept)=1; BatchB4=0.333333; BatchB6=0.333333; c2=1; g_RS=-0.5; g_RS:c2=-0.5,OK,estimation,46,,,stage29|fragmentation|mean_SUS_TR_CC2|Female,184,48,proportion of bouts,5.74494185218501
stage29,TR_BY_SEX|fragmentation|Female,fragmentation,RS_by_sex_TR_CC3,Female,0.0218857353280881,0.0233888028744293,118.469473853126,0.935735593035225,-0.0244285606586625,0.0682000313148387,,KR t,g_RS=1; g_RS:c3=1,OK,estimation,46,,,stage29|fragmentation|RS_by_sex_TR_CC3|Female,184,48,proportion of bouts,0.282396584878556
stage29,TR_BY_SEX|fragmentation|Female,fragmentation,mean_RES_TR_CC3,Female,0.453015316359804,0.0175023166580399,76.6415411743133,25.8831630812545,0.418161149872889,0.487869482846718,,KR t,(Intercept)=1; BatchB4=0.333333; BatchB6=0.333333; c3=1; g_RS=0.5; g_RS:c3=0.5,OK,estimation,46,,,stage29|fragmentation|mean_RES_TR_CC3|Female,184,48,proportion of bouts,5.84535892077167
stage29,TR_BY_SEX|fragmentation|Female,fragmentation,mean_SUS_TR_CC3,Female,0.431129581031715,0.02068753596382,103.211325450678,20.8400643646353,0.390101731099524,0.472157430963907,,KR t,(Intercept)=1; BatchB4=0.333333; BatchB6=0.333333; c3=1; g_RS=-0.5; g_RS:c3=-0.5,OK,estimation,46,,,stage29|fragmentation|mean_SUS_TR_CC3|Female,184,48,proportion of bouts,5.5629623358931
stage29,TR_BY_SEX|fragmentation|Female,fragmentation,RS_by_sex_TR_CC4,Female,0.000491727712503645,0.0242431477493351,128.685968319523,0.0202831627966765,-0.0474750421087328,0.0484584975337401,,KR t,g_RS=1; g_RS:c4=1,OK,estimation,46,,,stage29|fragmentation|RS_by_sex_TR_CC4|Female,184,48,proportion of bouts,0.00634487370972445
stage29,TR_BY_SEX|fragmentation|Female,fragmentation,mean_RES_TR_CC4,Female,0.395741827977419,0.0177190209034904,75.7739365355119,22.3342943231961,0.360449636632193,0.431034019322646,,KR t,(Intercept)=1; BatchB4=0.333333; BatchB6=0.333333; c4=1; g_RS=0.5; g_RS:c4=0.5,OK,estimation,46,,,stage29|fragmentation|mean_RES_TR_CC4|Female,184,48,proportion of bouts,5.10634616745057
stage29,TR_BY_SEX|fragmentation|Female,fragmentation,mean_SUS_TR_CC4,Female,0.395250100264916,0.0209969523723776,101.48528284814,18.8241652052745,0.353600209310915,0.436899991218917,,KR t,(Intercept)=1; BatchB4=0.333333; BatchB6=0.333333; c4=1; g_RS=-0.5; g_RS:c4=-0.5,OK,estimation,46,,,stage29|fragmentation|mean_SUS_TR_CC4|Female,184,48,proportion of bouts,5.10000129374085
stage29,CC1_BY_SEX|fragmentation|Male,fragmentation,RS_by_sex_CC1,Male,-0.000696048158262848,0.0280206863308165,31.3730673085379,-0.0248405106871829,-0.0578170837173313,0.0564249874008056,0.980339509218099,KR t,g_RS=1,OK,follow-up,41,,,stage29|fragmentation|RS_by_sex_CC1|Male,41,12,proportion of bouts,-0.0089812665582303
stage29,CC1_BY_SEX|fragmentation|Male,fragmentation,mean_RES_CC1,Male,0.429672384760085,0.0263457544294055,13.2878432094348,16.3089801019519,0.372880920553167,0.486463848967003,,KR t,(Intercept)=1; BatchB2=0.333333; BatchB5=0.333333; g_RS=0.5,OK,estimation,41,,,stage29|fragmentation|mean_RES_CC1|Male,41,12,proportion of bouts,5.54415980335594
stage29,CC1_BY_SEX|fragmentation|Male,fragmentation,mean_SUS_CC1,Male,0.430368432918348,0.027738418138536,17.2306243274086,15.5152478691801,0.371905098506671,0.488831767330024,,KR t,(Intercept)=1; BatchB2=0.333333; BatchB5=0.333333; g_RS=-0.5,OK,estimation,41,,,stage29|fragmentation|mean_SUS_CC1|Male,41,12,proportion of bouts,5.55314106991417
stage29,TR_BY_SEX|fragmentation|Male,fragmentation,RS_by_sex_TR_CC1,Male,-0.00418478223299228,0.026971336232117,102.328954382121,-0.155156652120525,-0.0576802356429488,0.0493106711769642,,KR t,g_RS=1,OK,estimation,41,,,stage29|fragmentation|RS_by_sex_TR_CC1|Male,164,48,proportion of bouts,-0.0539971901031262
stage29,TR_BY_SEX|fragmentation|Male,fragmentation,mean_RES_TR_CC1,Male,0.424027943750722,0.0233265348214561,67.781259650151,18.1779225674229,0.377477848141385,0.470578039360059,,KR t,(Intercept)=1; BatchB2=0.333333; BatchB5=0.333333; g_RS=0.5,OK,estimation,41,,,stage29|fragmentation|mean_RES_TR_CC1|Male,164,48,proportion of bouts,5.47132830646093
stage29,TR_BY_SEX|fragmentation|Male,fragmentation,mean_SUS_TR_CC1,Male,0.428212725983714,0.0253906531303384,90.047189517958,16.8649748309175,0.377770121978261,0.478655329989168,,KR t,(Intercept)=1; BatchB2=0.333333; BatchB5=0.333333; g_RS=-0.5,OK,estimation,41,,,stage29|fragmentation|mean_SUS_TR_CC1|Male,164,48,proportion of bouts,5.52532549656405
stage29,TR_BY_SEX|fragmentation|Male,fragmentation,RS_by_sex_TR_CC2,Male,0.0166686619180258,0.0276964457377659,108.102526494573,0.601833970894575,-0.0382299085520377,0.0715672323880893,,KR t,g_RS=1; g_RS:c2=1,OK,estimation,41,,,stage29|fragmentation|RS_by_sex_TR_CC2|Male,164,48,proportion of bouts,0.215079508619688
stage29,TR_BY_SEX|fragmentation|Male,fragmentation,mean_RES_TR_CC2,Male,0.44730010180961,0.0231715838901283,68.4192882265188,19.3038207457269,0.401067056249704,0.493533147369516,,KR t,(Intercept)=1; BatchB2=0.333333; BatchB5=0.333333; c2=1; g_RS=0.5; g_RS:c2=0.5,OK,estimation,41,,,stage29|fragmentation|mean_RES_TR_CC2|Male,164,48,proportion of bouts,5.77161421689819
stage29,TR_BY_SEX|fragmentation|Male,fragmentation,mean_SUS_TR_CC2,Male,0.430631439891584,0.0256693588833577,90.6385376777835,16.7760886373667,0.379639672231695,0.481623207551473,,KR t,(Intercept)=1; BatchB2=0.333333; BatchB5=0.333333; c2=1; g_RS=-0.5; g_RS:c2=-0.5,OK,estimation,41,,,stage29|fragmentation|mean_SUS_TR_CC2|Male,164,48,proportion of bouts,5.5565347082785
stage29,TR_BY_SEX|fragmentation|Male,fragmentation,RS_by_sex_TR_CC3,Male,0.00605112779371399,0.0281244628386808,111.998495760725,0.215155319709488,-0.0496738983562842,0.0617761539437122,,KR t,g_RS=1; g_RS:c3=1,OK,estimation,41,,,stage29|fragmentation|RS_by_sex_TR_CC3|Male,164,48,proportion of bouts,0.078079068305987
stage29,TR_BY_SEX|fragmentation|Male,fragmentation,mean_RES_TR_CC3,Male,0.455998428071086,0.02293088587054,68.7954301414671,19.8857746118269,0.410250135528899,0.501746720613272,,KR t,(Intercept)=1; BatchB2=0.333333; BatchB5=0.333333; c3=1; g_RS=0.5; g_RS:c3=0.5,OK,estimation,41,,,stage29|fragmentation|mean_RES_TR_CC3|Male,164,48,proportion of bouts,5.88385068478821
stage29,TR_BY_SEX|fragmentation|Male,fragmentation,mean_SUS_TR_CC3,Male,0.449947300277371,0.0260642807497746,90.1829338256269,17.2629854856541,0.398167488256193,0.50172711229855,,KR t,(Intercept)=1; BatchB2=0.333333; BatchB5=0.333333; c3=1; g_RS=-0.5; g_RS:c3=-0.5,OK,estimation,41,,,stage29|fragmentation|mean_SUS_TR_CC3|Male,164,48,proportion of bouts,5.80577161648221
stage29,TR_BY_SEX|fragmentation|Male,fragmentation,RS_by_sex_TR_CC4,Male,0.0410014140507181,0.0289965357684801,119.21079890875,1.41401077625582,-0.0164135800324369,0.0984164081338731,,KR t,g_RS=1; g_RS:c4=1,OK,estimation,41,,,stage29|fragmentation|RS_by_sex_TR_CC4|Male,164,48,proportion of bouts,0.529050503880234
stage29,TR_BY_SEX|fragmentation|Male,fragmentation,mean_RES_TR_CC4,Male,0.463313243705074,0.0232290720105884,69.1593225939754,19.9454047709647,0.41697441745067,0.509652069959478,,KR t,(Intercept)=1; BatchB2=0.333333; BatchB5=0.333333; c4=1; g_RS=0.5; g_RS:c4=0.5,OK,estimation,41,,,stage29|fragmentation|mean_RES_TR_CC4|Male,164,48,proportion of bouts,5.97823540264612
stage29,TR_BY_SEX|fragmentation|Male,fragmentation,mean_SUS_TR_CC4,Male,0.422311829654356,0.0262436019921503,89.3407596308043,16.0919918607466,0.370169091855991,0.47445456745272,,KR t,(Intercept)=1; BatchB2=0.333333; BatchB5=0.333333; c4=1; g_RS=-0.5; g_RS:c4=-0.5,OK,estimation,41,,,stage29|fragmentation|mean_SUS_TR_CC4|Male,164,48,proportion of bouts,5.44918489876588
stage29,S3|TR|crossing_rate,crossing_rate,Sex_by_CC_c2,"",-2.6025004618314,2.99063316378931,11.221030203015,-0.870217214649581,-9.16905511646441,3.96405419280162,,KR t,c2:sex_c=1,OK,estimation (S3),87,,,stage29|crossing_rate|Sex_by_CC_c2|,348,96,crossings/hour,-0.503404476349453
stage29,S3|TR|crossing_rate,crossing_rate,Sex_by_CC_c3,"",-0.728820219999471,3.05645728626695,12.238737055947,-0.238452610895023,-7.37388953652379,5.91624909652485,,KR t,c3:sex_c=1,OK,estimation (S3),87,,,stage29|crossing_rate|Sex_by_CC_c3|,348,96,crossings/hour,-0.14097648264913
stage29,S3|TR|crossing_rate,crossing_rate,Sex_by_CC_c4,"",-1.08462250857131,3.16403584973946,13.989647719703,-0.342797161625276,-7.87127563134435,5.70203061420173,,KR t,c4:sex_c=1,OK,estimation (S3),87,,,stage29|crossing_rate|Sex_by_CC_c4|,348,96,crossings/hour,-0.209799703774094
stage29,S3|TR|shared_zone_use,shared_zone_use,Sex_by_CC_c2,"",0.0651800394606762,0.0337542702903776,12.1374168523173,1.93101610255391,-0.0082719551909272,0.13863203411228,,KR t,c2:sex_c=1,OK,estimation (S3),87,,,stage29|shared_zone_use|Sex_by_CC_c2|,345,93,fraction of dyadic observation time,1.07380625141147
stage29,S3|TR|shared_zone_use,shared_zone_use,Sex_by_CC_c3,"",0.0397578671262018,0.0335273657567143,11.9342431900895,1.18583331045744,-0.0333366534102317,0.112852387662635,,KR t,c3:sex_c=1,OK,estimation (S3),87,,,stage29|shared_zone_use|Sex_by_CC_c3|,345,93,fraction of dyadic observation time,0.654989573743028
stage29,S3|TR|shared_zone_use,shared_zone_use,Sex_by_CC_c4,"",0.0329358268601757,0.0335215316271873,11.9242171187089,0.982527505797601,-0.0401528312347804,0.106024484955132,,KR t,c4:sex_c=1,OK,estimation (S3),87,,,stage29|shared_zone_use|Sex_by_CC_c4|,345,93,fraction of dyadic observation time,0.542600113017722
stage29,S3|TR|occupancy_dispersion,occupancy_dispersion,Sex_by_CC_c2,"",-0.0963517007097679,0.0854330900146402,11.4611263340738,-1.12780306428407,-0.283469736504185,0.0907663350846489,,KR t,c2:sex_c=1,OK,estimation (S3),87,,,stage29|occupancy_dispersion|Sex_by_CC_c2|,348,96,bits,-0.421855081916672
stage29,S3|TR|occupancy_dispersion,occupancy_dispersion,Sex_by_CC_c3,"",-0.0961487100493107,0.0854206835372905,11.4593219004503,-1.12559050182895,-0.283243008724065,0.0909455886254438,,KR t,c3:sex_c=1,OK,estimation (S3),87,,,stage29|occupancy_dispersion|Sex_by_CC_c3|,348,96,bits,-0.420966331214145
stage29,S3|TR|occupancy_dispersion,occupancy_dispersion,Sex_by_CC_c4,"",-0.0703102124475009,0.085408313510378,11.4526410844527,-0.823224456234667,-0.257390147275229,0.116769722380228,,KR t,c4:sex_c=1,OK,estimation (S3),87,,,stage29|occupancy_dispersion|Sex_by_CC_c4|,348,96,bits,-0.307838058001317
stage29,S3|TR|fragmentation,fragmentation,Sex_by_CC_c2,"",-0.00839778972697146,0.0327491180644425,11.7075659190059,-0.256427965798853,-0.0799501640684169,0.063154584614474,,KR t,c2:sex_c=1,OK,estimation (S3),87,,,stage29|fragmentation|Sex_by_CC_c2|,348,96,proportion of bouts,-0.108358577122212
stage29,S3|TR|fragmentation,fragmentation,Sex_by_CC_c3,"",-0.0341649162080432,0.0327318268510941,11.6959129720434,-1.04378274892717,-0.105687630963934,0.0373577985478472,,KR t,c3:sex_c=1,OK,estimation (S3),87,,,stage29|fragmentation|Sex_by_CC_c3|,348,96,proportion of bouts,-0.44083762849088
stage29,S3|TR|fragmentation,fragmentation,Sex_by_CC_c4,"",-0.0694665557128093,0.0327223336747335,11.6795151350662,-2.12290958228471,-0.140979979235491,0.0020468678098727,,KR t,c4:sex_c=1,OK,estimation (S3),87,,,stage29|fragmentation|Sex_by_CC_c4|,348,96,proportion of bouts,-0.89634265435883
stage29_exposure,EXPOSURE_CC1|crossing_rate,crossing_rate,SC_sexavg_CC1,"",-0.639377190919115,3.01960504320707,3.99972519333835,-0.211741993330374,-9.02337200783395,7.74461762599572,,KR t,g_SIS=1,,,111,,,stage29_exposure|crossing_rate|SC_sexavg_CC1|,111,30,crossings/hour,
stage29_exposure,EXPOSURE_CC1|crossing_rate,crossing_rate,DiD_SC_CC1,"",-1.27357820382686,6.03921008641415,3.99972519333835,-0.210884898124659,-18.0415678376566,15.4944114300028,,KR t,g_SIS:sex_c=1,,,111,,,stage29_exposure|crossing_rate|DiD_SC_CC1|,111,30,crossings/hour,
stage29_exposure,EXPOSURE_CC1_BY_SEX|crossing_rate|Female,crossing_rate,SC_by_sex_CC1,Female,-1.2776565228609,5.45261130246322,1.99999701304853,-0.234320117827529,-24.7383830043422,22.1830699586204,,KR t,g_SIS=1,,,58,,,stage29_exposure|crossing_rate|SC_by_sex_CC1|Female,58,15,crossings/hour,
stage29_exposure,EXPOSURE_CC1_BY_SEX|crossing_rate|Male,crossing_rate,SC_by_sex_CC1,Male,0.0201224138223359,2.56062118612515,1.99915505133066,0.00785841104938527,-11.0018048703376,11.0420496979823,,KR t,g_SIS=1,,,53,,,stage29_exposure|crossing_rate|SC_by_sex_CC1|Male,53,15,crossings/hour,
stage29_exposure,EXPOSURE_TR|crossing_rate,crossing_rate,SC_sexavg_TR_CC1,"",-0.757529262773172,2.77073451099288,4.94758929899778,-0.273403770649146,-7.9026823065563,6.38762378100996,,KR t,g_SIS=1,,,111,,,stage29_exposure|crossing_rate|SC_sexavg_TR_CC1|,444,120,crossings/hour,
stage29_exposure,EXPOSURE_TR|crossing_rate,crossing_rate,DiD_SC_TR_CC1,"",-0.918524722372813,5.54146902198577,4.94758929899749,-0.165754733758967,-15.2088308099393,13.3717813651937,,KR t,g_SIS:sex_c=1,,,111,,,stage29_exposure|crossing_rate|DiD_SC_TR_CC1|,444,120,crossings/hour,
stage29_exposure,EXPOSURE_TR|crossing_rate,crossing_rate,SC_sexavg_TR_CC2,"",1.20218761163159,2.79641371713695,5.13448931051944,0.42990334522548,-5.92995733635573,8.33433255961892,,KR t,g_SIS=1; g_SIS:c2=1,,,111,,,stage29_exposure|crossing_rate|SC_sexavg_TR_CC2|,444,120,crossings/hour,
stage29_exposure,EXPOSURE_TR|crossing_rate,crossing_rate,DiD_SC_TR_CC2,"",-5.06911415537057,5.59282743427388,5.13448931051916,-0.906359835868724,-19.3334040513454,9.19517574060426,,KR t,g_SIS:sex_c=1; g_SIS:c2:sex_c=1,,,111,,,stage29_exposure|crossing_rate|DiD_SC_TR_CC2|,444,120,crossings/hour,
stage29_exposure,EXPOSURE_TR|crossing_rate,crossing_rate,SC_sexavg_TR_CC3,"",-2.11322652730387,2.87467940278685,5.73168498605763,-0.73511728829838,-9.22790925234977,5.00145619774202,,KR t,g_SIS=1; g_SIS:c3=1,,,111,,,stage29_exposure|crossing_rate|SC_sexavg_TR_CC3|,444,120,crossings/hour,
stage29_exposure,EXPOSURE_TR|crossing_rate,crossing_rate,DiD_SC_TR_CC3,"",0.238270386278255,5.74935880557367,5.73168498605732,0.0414429494376425,-13.9910950638137,14.4676358363702,,KR t,g_SIS:sex_c=1; g_SIS:c3:sex_c=1,,,111,,,stage29_exposure|crossing_rate|DiD_SC_TR_CC3|,444,120,crossings/hour,
stage29_exposure,EXPOSURE_TR|crossing_rate,crossing_rate,SC_sexavg_TR_CC4,"",0.054915301257599,3.00126039484749,6.78946084921319,0.0182974130974695,-7.08679488075043,7.19662548326563,,KR t,g_SIS=1; g_SIS:c4=1,,,111,,,stage29_exposure|crossing_rate|SC_sexavg_TR_CC4|,444,120,crossings/hour,
stage29_exposure,EXPOSURE_TR|crossing_rate,crossing_rate,DiD_SC_TR_CC4,"",2.23569585578706,6.00252078969496,6.78946084921282,0.372459493955485,-12.0477245082291,16.5191162198032,,KR t,g_SIS:sex_c=1; g_SIS:c4:sex_c=1,,,111,,,stage29_exposure|crossing_rate|DiD_SC_TR_CC4|,444,120,crossings/hour,
stage29_exposure,EXPOSURE_TR_BY_SEX|crossing_rate|Female,crossing_rate,SC_by_sex_TR_CC1,Female,-1.21382293781049,4.88070746427053,2.3263418957806,-0.248698154252503,-19.6286954458462,17.2010495702252,,KR t,g_SIS=1,,,58,,,stage29_exposure|crossing_rate|SC_by_sex_TR_CC1|Female,232,60,crossings/hour,
stage29_exposure,EXPOSURE_TR_BY_SEX|crossing_rate|Female,crossing_rate,SC_by_sex_TR_CC2,Female,-1.33101962699825,4.91792851799894,2.39827013702564,-0.270646395555954,-19.4560928256679,16.7940535716714,,KR t,g_SIS=1; g_SIS:c2=1,,,58,,,stage29_exposure|crossing_rate|SC_by_sex_TR_CC2|Female,232,60,crossings/hour,
stage29_exposure,EXPOSURE_TR_BY_SEX|crossing_rate|Female,crossing_rate,SC_by_sex_TR_CC3,Female,-1.99122163684292,5.0280254747911,2.61962905091644,-0.39602457203653,-19.3908306340701,15.4083873603843,,KR t,g_SIS=1; g_SIS:c3=1,,,58,,,stage29_exposure|crossing_rate|SC_by_sex_TR_CC3|Female,232,60,crossings/hour,
stage29_exposure,EXPOSURE_TR_BY_SEX|crossing_rate|Female,crossing_rate,SC_by_sex_TR_CC4,Female,1.16318169112271,5.20638302628794,3.00568096216352,0.22341454427183,-15.3881502882476,17.714513670493,,KR t,g_SIS=1; g_SIS:c4=1,,,58,,,stage29_exposure|crossing_rate|SC_by_sex_TR_CC4|Female,232,60,crossings/hour,
stage29_exposure,EXPOSURE_TR_BY_SEX|crossing_rate|Male,crossing_rate,SC_by_sex_TR_CC1,Male,-0.268330869278455,2.50487890057515,3.38015363400235,-0.107123290158596,-7.75601834768293,7.21935660912602,,KR t,g_SIS=1,,,53,,,stage29_exposure|crossing_rate|SC_by_sex_TR_CC1|Male,212,60,crossings/hour,
stage29_exposure,EXPOSURE_TR_BY_SEX|crossing_rate|Male,crossing_rate,SC_by_sex_TR_CC2,Male,3.70341255001961,2.54581517449793,3.60985271920458,1.45470597674082,-3.67662133918681,11.083446439226,,KR t,g_SIS=1; g_SIS:c2=1,,,53,,,stage29_exposure|crossing_rate|SC_by_sex_TR_CC2|Male,212,60,crossings/hour,
stage29_exposure,EXPOSURE_TR_BY_SEX|crossing_rate|Male,crossing_rate,SC_by_sex_TR_CC3,Male,-2.21025763059797,2.67287535399797,4.38148874131457,-0.826921325490155,-9.38333946709469,4.96282420589876,,KR t,g_SIS=1; g_SIS:c3=1,,,53,,,stage29_exposure|crossing_rate|SC_by_sex_TR_CC3|Male,212,60,crossings/hour,
stage29_exposure,EXPOSURE_TR_BY_SEX|crossing_rate|Male,crossing_rate,SC_by_sex_TR_CC4,Male,-1.04633357884831,2.87428884506153,5.79999857911797,-0.364032160736412,-8.13867380216693,6.0460066444703,,KR t,g_SIS=1; g_SIS:c4=1,,,53,,,stage29_exposure|crossing_rate|SC_by_sex_TR_CC4|Male,212,60,crossings/hour,
stage29_exposure,EXPOSURE_CC1|shared_zone_use,shared_zone_use,SC_sexavg_CC1,"",-0.0165100629555539,0.0149164271530985,3.94703932536302,-1.1068376351856,-0.0581447821438452,0.0251246562327374,,KR t,g_SIS=1,,,109,,,stage29_exposure|shared_zone_use|SC_sexavg_CC1|,109,28,fraction of dyadic observation time,
stage29_exposure,EXPOSURE_CC1|shared_zone_use,shared_zone_use,DiD_SC_CC1,"",-0.0529022272482869,0.0298328543061971,3.94703932536302,-1.77328748718817,-0.13617166562487,0.0303672111282957,,KR t,g_SIS:sex_c=1,,,109,,,stage29_exposure|shared_zone_use|DiD_SC_CC1|,109,28,fraction of dyadic observation time,
stage29_exposure,EXPOSURE_CC1_BY_SEX|shared_zone_use|Female,shared_zone_use,SC_by_sex_CC1,Female,-0.042981455920625,0.0182302645001702,1.99984138431882,-2.35769787762671,-0.1214259153387,0.0354630034974504,,KR t,g_SIS=1,,,58,,,stage29_exposure|shared_zone_use|SC_by_sex_CC1|Female,58,15,fraction of dyadic observation time,
stage29_exposure,EXPOSURE_CC1_BY_SEX|shared_zone_use|Male,shared_zone_use,SC_by_sex_CC1,Male,0.00924644852460725,0.0277205000605736,1.96242458604351,0.33355994676872,-0.11224068652024,0.130733583569455,,KR t,g_SIS=1,,,51,,,stage29_exposure|shared_zone_use|SC_by_sex_CC1|Male,51,13,fraction of dyadic observation time,
stage29_exposure,EXPOSURE_TR|shared_zone_use,shared_zone_use,SC_sexavg_TR_CC1,"",-0.0174711111445354,0.0230743868804309,20.1779419500997,-0.757164696729273,-0.0655762421586836,0.0306340198696129,,KR t,g_SIS=1,,,111,,,stage29_exposure|shared_zone_use|SC_sexavg_TR_CC1|,441,117,fraction of dyadic observation time,
stage29_exposure,EXPOSURE_TR|shared_zone_use,shared_zone_use,DiD_SC_TR_CC1,"",-0.0514350102312769,0.0461487737608618,20.1779419501,-1.11454771253095,-0.147645272259573,0.0447752517970196,,KR t,g_SIS:sex_c=1,,,111,,,stage29_exposure|shared_zone_use|DiD_SC_TR_CC1|,441,117,fraction of dyadic observation time,
stage29_exposure,EXPOSURE_TR|shared_zone_use,shared_zone_use,SC_sexavg_TR_CC2,"",0.0444294915094598,0.0229494637604404,19.7966267962225,1.93597079100585,-0.00347379806970988,0.0923327810886295,,KR t,g_SIS=1; g_SIS:c2=1,,,111,,,stage29_exposure|shared_zone_use|SC_sexavg_TR_CC2|,441,117,fraction of dyadic observation time,
stage29_exposure,EXPOSURE_TR|shared_zone_use,shared_zone_use,DiD_SC_TR_CC2,"",0.0218542902526041,0.0458989275208807,19.7966267962225,0.476139453207528,-0.0739522889057353,0.117660869410944,,KR t,g_SIS:sex_c=1; g_SIS:c2:sex_c=1,,,111,,,stage29_exposure|shared_zone_use|DiD_SC_TR_CC2|,441,117,fraction of dyadic observation time,
stage29_exposure,EXPOSURE_TR|shared_zone_use,shared_zone_use,SC_sexavg_TR_CC3,"",0.00986620116357786,0.0228601901140829,19.5156334798635,0.431588762575506,-0.037895306339758,0.0576277086669137,,KR t,g_SIS=1; g_SIS:c3=1,,,111,,,stage29_exposure|shared_zone_use|SC_sexavg_TR_CC3|,441,117,fraction of dyadic observation time,
stage29_exposure,EXPOSURE_TR|shared_zone_use,shared_zone_use,DiD_SC_TR_CC3,"",0.0404694861346747,0.0457203802281659,19.5156334798635,0.885152002951709,-0.055053528871997,0.135992501141346,,KR t,g_SIS:sex_c=1; g_SIS:c3:sex_c=1,,,111,,,stage29_exposure|shared_zone_use|DiD_SC_TR_CC3|,441,117,fraction of dyadic observation time,
stage29_exposure,EXPOSURE_TR|shared_zone_use,shared_zone_use,SC_sexavg_TR_CC4,"",-0.00716811348026582,0.0228601876588894,19.5156334798634,-0.313563194984466,-0.0549296158539968,0.0405933888934651,,KR t,g_SIS=1; g_SIS:c4=1,,,111,,,stage29_exposure|shared_zone_use|SC_sexavg_TR_CC4|,441,117,fraction of dyadic observation time,
stage29_exposure,EXPOSURE_TR|shared_zone_use,shared_zone_use,DiD_SC_TR_CC4,"",-0.0115554046393299,0.0457203753177788,19.5156334798635,-0.25274080886288,-0.107078409386792,0.083967600108132,,KR t,g_SIS:sex_c=1; g_SIS:c4:sex_c=1,,,111,,,stage29_exposure|shared_zone_use|DiD_SC_TR_CC4|,441,117,fraction of dyadic observation time,
stage29_exposure,EXPOSURE_TR_BY_SEX|shared_zone_use|Female,shared_zone_use,SC_by_sex_TR_CC1,Female,-0.0431951711816729,0.0345940994425508,6.46042921392801,-1.2486282885729,-0.126402790592012,0.0400124482286658,,KR t,g_SIS=1,,,58,,,stage29_exposure|shared_zone_use|SC_by_sex_TR_CC1|Female,232,60,fraction of dyadic observation time,
stage29_exposure,EXPOSURE_TR_BY_SEX|shared_zone_use|Female,shared_zone_use,SC_by_sex_TR_CC2,Female,0.0553436179993604,0.0345940994425507,6.46042921392799,1.59979935570422,-0.027864001410978,0.138551237409699,,KR t,g_SIS=1; g_SIS:c2=1,,,58,,,stage29_exposure|shared_zone_use|SC_by_sex_TR_CC2|Female,232,60,fraction of dyadic observation time,
stage29_exposure,EXPOSURE_TR_BY_SEX|shared_zone_use|Female,shared_zone_use,SC_by_sex_TR_CC3,Female,0.0300810788933325,0.0345940994425507,6.46042921392799,0.869543632528638,-0.053126540517006,0.113288698303671,,KR t,g_SIS=1; g_SIS:c3=1,,,58,,,stage29_exposure|shared_zone_use|SC_by_sex_TR_CC3|Female,232,60,fraction of dyadic observation time,
stage29_exposure,EXPOSURE_TR_BY_SEX|shared_zone_use|Female,shared_zone_use,SC_by_sex_TR_CC4,Female,-0.0129303574950303,0.0345940994425507,6.46042921392798,-0.373773496156572,-0.0961379769053688,0.0702772619153082,,KR t,g_SIS=1; g_SIS:c4=1,,,58,,,stage29_exposure|shared_zone_use|SC_by_sex_TR_CC4|Female,232,60,fraction of dyadic observation time,
stage29_exposure,EXPOSURE_TR_BY_SEX|shared_zone_use|Male,shared_zone_use,SC_by_sex_TR_CC1,Male,0.00865332823612234,0.0315447706159542,12.5471048685242,0.27431894628347,-0.0597459036723156,0.0770525601445603,,KR t,g_SIS=1,,,53,,,stage29_exposure|shared_zone_use|SC_by_sex_TR_CC1|Male,209,57,fraction of dyadic observation time,
stage29_exposure,EXPOSURE_TR_BY_SEX|shared_zone_use|Male,shared_zone_use,SC_by_sex_TR_CC2,Male,0.0337047997123622,0.0311311239019262,12.0432799496265,1.08267211355889,-0.0340970674273445,0.101506666852069,,KR t,g_SIS=1; g_SIS:c2=1,,,53,,,stage29_exposure|shared_zone_use|SC_by_sex_TR_CC2|Male,209,57,fraction of dyadic observation time,
stage29_exposure,EXPOSURE_TR_BY_SEX|shared_zone_use|Male,shared_zone_use,SC_by_sex_TR_CC3,Male,-0.0102972195866729,0.0308405157390065,11.6642433005081,-0.333886102094239,-0.0777080839018006,0.0571136447284547,,KR t,g_SIS=1; g_SIS:c3=1,,,53,,,stage29_exposure|shared_zone_use|SC_by_sex_TR_CC3|Male,209,57,fraction of dyadic observation time,
stage29_exposure,EXPOSURE_TR_BY_SEX|shared_zone_use|Male,shared_zone_use,SC_by_sex_TR_CC4,Male,-0.00124934113186242,0.0308405007322458,11.6642436758653,-0.0405097551012248,-0.0686601723971989,0.0661614901334741,,KR t,g_SIS=1; g_SIS:c4=1,,,53,,,stage29_exposure|shared_zone_use|SC_by_sex_TR_CC4|Male,209,57,fraction of dyadic observation time,
stage29_exposure,EXPOSURE_CC1|occupancy_dispersion,occupancy_dispersion,SC_sexavg_CC1,"",0.0165832325303653,0.0542431326582135,3.9908044657145,0.305720405841167,-0.134156802877926,0.167323267938657,,KR t,g_SIS=1,,,111,,,stage29_exposure|occupancy_dispersion|SC_sexavg_CC1|,111,30,bits,
stage29_exposure,EXPOSURE_CC1|occupancy_dispersion,occupancy_dispersion,DiD_SC_CC1,"",-0.174254780996484,0.108486265316427,3.99080446571449,-1.60623817667819,-0.475734851813067,0.127225289820099,,KR t,g_SIS:sex_c=1,,,111,,,stage29_exposure|occupancy_dispersion|DiD_SC_CC1|,111,30,bits,
stage29_exposure,EXPOSURE_CC1_BY_SEX|occupancy_dispersion|Female,occupancy_dispersion,SC_by_sex_CC1,Female,-0.0706623644387823,0.09590069864788,1.99986033615127,-0.73682846355723,-0.483317383171896,0.341992654294331,,KR t,g_SIS=1,,,58,,,stage29_exposure|occupancy_dispersion|SC_by_sex_CC1|Female,58,15,bits,
stage29_exposure,EXPOSURE_CC1_BY_SEX|occupancy_dispersion|Male,occupancy_dispersion,SC_by_sex_CC1,Male,0.103703294285987,0.0606882826334469,1.98773295889443,1.70878610805891,-0.158967666616517,0.36637425518849,,KR t,g_SIS=1,,,53,,,stage29_exposure|occupancy_dispersion|SC_by_sex_CC1|Male,53,15,bits,
stage29_exposure,EXPOSURE_TR|occupancy_dispersion,occupancy_dispersion,SC_sexavg_TR_CC1,"",0.011988347893884,0.0793148009143661,14.3657466292961,0.151148937596496,-0.157719556567159,0.181696252354927,,KR t,g_SIS=1,,,111,,,stage29_exposure|occupancy_dispersion|SC_sexavg_TR_CC1|,444,120,bits,
stage29_exposure,EXPOSURE_TR|occupancy_dispersion,occupancy_dispersion,DiD_SC_TR_CC1,"",-0.161446783292585,0.158629601828732,14.3657466292963,-1.01775949401231,-0.500862592214669,0.177969025629499,,KR t,g_SIS:sex_c=1,,,111,,,stage29_exposure|occupancy_dispersion|DiD_SC_TR_CC1|,444,120,bits,
stage29_exposure,EXPOSURE_TR|occupancy_dispersion,occupancy_dispersion,SC_sexavg_TR_CC2,"",-0.104779732209607,0.0792842417053157,14.3471554460479,-1.3215707176598,-0.274442309384398,0.0648828449651835,,KR t,g_SIS=1; g_SIS:c2=1,,,111,,,stage29_exposure|occupancy_dispersion|SC_sexavg_TR_CC2|,444,120,bits,
stage29_exposure,EXPOSURE_TR|occupancy_dispersion,occupancy_dispersion,DiD_SC_TR_CC2,"",-0.169198914551551,0.158568483410632,14.347155446048,-1.06704000008243,-0.508524068901132,0.170126239798031,,KR t,g_SIS:sex_c=1; g_SIS:c2:sex_c=1,,,111,,,stage29_exposure|occupancy_dispersion|DiD_SC_TR_CC2|,444,120,bits,
stage29_exposure,EXPOSURE_TR|occupancy_dispersion,occupancy_dispersion,SC_sexavg_TR_CC3,"",-0.0747327898795021,0.0792733374169207,14.3401152067673,-0.94272289163835,-0.244379642610332,0.0949140628513281,,KR t,g_SIS=1; g_SIS:c3=1,,,111,,,stage29_exposure|occupancy_dispersion|SC_sexavg_TR_CC3|,444,120,bits,
stage29_exposure,EXPOSURE_TR|occupancy_dispersion,occupancy_dispersion,DiD_SC_TR_CC3,"",-0.208775159361418,0.158546674833841,14.3401152067673,-1.31680566357016,-0.548068864823079,0.130518546100242,,KR t,g_SIS:sex_c=1; g_SIS:c3:sex_c=1,,,111,,,stage29_exposure|occupancy_dispersion|DiD_SC_TR_CC3|,444,120,bits,
stage29_exposure,EXPOSURE_TR|occupancy_dispersion,occupancy_dispersion,SC_sexavg_TR_CC4,"",0.02260216400773,0.0792733366469809,14.340115773815,0.285116849671431,-0.14704468646215,0.19224901447761,,KR t,g_SIS=1; g_SIS:c4=1,,,111,,,stage29_exposure|occupancy_dispersion|SC_sexavg_TR_CC4|,444,120,bits,
stage29_exposure,EXPOSURE_TR|occupancy_dispersion,occupancy_dispersion,DiD_SC_TR_CC4,"",-0.0540391982301089,0.158546673293962,14.340115773815,-0.340840946753355,-0.393332899169868,0.285254502709651,,KR t,g_SIS:sex_c=1; g_SIS:c4:sex_c=1,,,111,,,stage29_exposure|occupancy_dispersion|DiD_SC_TR_CC4|,444,120,bits,
stage29_exposure,EXPOSURE_TR_BY_SEX|occupancy_dispersion|Female,occupancy_dispersion,SC_by_sex_TR_CC1,Female,-0.0686214529047228,0.125781402094539,6.82645826274603,-0.545561201910804,-0.367586871364062,0.230343965554617,,KR t,g_SIS=1,,,58,,,stage29_exposure|occupancy_dispersion|SC_by_sex_TR_CC1|Female,232,60,bits,
stage29_exposure,EXPOSURE_TR_BY_SEX|occupancy_dispersion|Female,occupancy_dispersion,SC_by_sex_TR_CC2,Female,-0.18909174512987,0.125781402094539,6.826458262746,-1.50333628009446,-0.48805716358921,0.10987367332947,,KR t,g_SIS=1; g_SIS:c2=1,,,58,,,stage29_exposure|occupancy_dispersion|SC_by_sex_TR_CC2|Female,232,60,bits,
stage29_exposure,EXPOSURE_TR_BY_SEX|occupancy_dispersion|Female,occupancy_dispersion,SC_by_sex_TR_CC3,Female,-0.179485446981702,0.125781402094539,6.82645826274598,-1.42696331884421,-0.478450865441043,0.119479971477638,,KR t,g_SIS=1; g_SIS:c3=1,,,58,,,stage29_exposure|occupancy_dispersion|SC_by_sex_TR_CC3|Female,232,60,bits,
stage29_exposure,EXPOSURE_TR_BY_SEX|occupancy_dispersion|Female,occupancy_dispersion,SC_by_sex_TR_CC4,Female,-0.00387981755107733,0.125781402094539,6.82645826274599,-0.0308457171447429,-0.302845236010418,0.295085600908263,,KR t,g_SIS=1; g_SIS:c4=1,,,58,,,stage29_exposure|occupancy_dispersion|SC_by_sex_TR_CC4|Female,232,60,bits,
stage29_exposure,EXPOSURE_TR_BY_SEX|occupancy_dispersion|Male,occupancy_dispersion,SC_by_sex_TR_CC1,Male,0.0924172060857198,0.0966352788955135,7.85319509514011,0.956350591026343,-0.131151332620849,0.315985744792288,,KR t,g_SIS=1,,,53,,,stage29_exposure|occupancy_dispersion|SC_by_sex_TR_CC1|Male,212,60,bits,
stage29_exposure,EXPOSURE_TR_BY_SEX|occupancy_dispersion|Male,occupancy_dispersion,SC_by_sex_TR_CC2,Male,-0.0194233725360251,0.0965625214978516,7.83672036001494,-0.201148149765924,-0.242907095528273,0.204060350456223,,KR t,g_SIS=1; g_SIS:c2=1,,,53,,,stage29_exposure|occupancy_dispersion|SC_by_sex_TR_CC2|Male,212,60,bits,
stage29_exposure,EXPOSURE_TR_BY_SEX|occupancy_dispersion|Male,occupancy_dispersion,SC_by_sex_TR_CC3,Male,0.0299511068266875,0.0965405963803382,7.83068706361257,0.310243648264716,-0.193512550407759,0.253414764061134,,KR t,g_SIS=1; g_SIS:c3=1,,,53,,,stage29_exposure|occupancy_dispersion|SC_by_sex_TR_CC3|Male,212,60,bits,
stage29_exposure,EXPOSURE_TR_BY_SEX|occupancy_dispersion|Male,occupancy_dispersion,SC_by_sex_TR_CC4,Male,0.0501602925482638,0.0965405922830475,7.83068721447677,0.519577219924224,-0.17330335443435,0.273623939530878,,KR t,g_SIS=1; g_SIS:c4=1,,,53,,,stage29_exposure|occupancy_dispersion|SC_by_sex_TR_CC4|Male,212,60,bits,
stage29_exposure,EXPOSURE_CC1|fragmentation,fragmentation,SC_sexavg_CC1,"",-0.00521753680838944,0.0319869160765589,3.99861857060674,-0.163114718402411,-0.094039554961407,0.0836044813446281,,KR t,g_SIS=1,,,111,,,stage29_exposure|fragmentation|SC_sexavg_CC1|,111,30,proportion of bouts,
stage29_exposure,EXPOSURE_CC1|fragmentation,fragmentation,DiD_SC_CC1,"",0.046875545400178,0.0639738321531177,3.99861857060672,0.732729990099453,-0.130768490905857,0.224519581706213,,KR t,g_SIS:sex_c=1,,,111,,,stage29_exposure|fragmentation|DiD_SC_CC1|,111,30,proportion of bouts,
stage29_exposure,EXPOSURE_CC1_BY_SEX|fragmentation|Female,fragmentation,SC_by_sex_CC1,Female,0.018007035233607,0.0298138130908661,1.99995413953742,0.60398296516871,-0.110274267923445,0.146288338390659,,KR t,g_SIS=1,,,58,,,stage29_exposure|fragmentation|SC_by_sex_CC1|Female,58,15,proportion of bouts,
stage29_exposure,EXPOSURE_CC1_BY_SEX|fragmentation|Male,fragmentation,SC_by_sex_CC1,Male,-0.0270718442550248,0.0581015899472095,1.99894527590434,-0.465939818163703,-0.277189255130293,0.223045566620243,,KR t,g_SIS=1,,,53,,,stage29_exposure|fragmentation|SC_by_sex_CC1|Male,53,15,proportion of bouts,
stage29_exposure,EXPOSURE_TR|fragmentation,fragmentation,SC_sexavg_TR_CC1,"",-0.00733040425449408,0.0241828044297716,19.4211355583656,-0.303124655197954,-0.0578714120950426,0.0432106035860544,,KR t,g_SIS=1,,,111,,,stage29_exposure|fragmentation|SC_sexavg_TR_CC1|,444,120,proportion of bouts,
stage29_exposure,EXPOSURE_TR|fragmentation,fragmentation,DiD_SC_TR_CC1,"",0.0492773019666472,0.0483656088595433,19.4211355583651,1.01885002853477,-0.05180471371445,0.150359317647744,,KR t,g_SIS:sex_c=1,,,111,,,stage29_exposure|fragmentation|DiD_SC_TR_CC1|,444,120,proportion of bouts,
stage29_exposure,EXPOSURE_TR|fragmentation,fragmentation,SC_sexavg_TR_CC2,"",-0.0138784209874662,0.0241516998418951,19.3347297391175,-0.574635370525424,-0.0643693428968683,0.0366125009219359,,KR t,g_SIS=1; g_SIS:c2=1,,,111,,,stage29_exposure|fragmentation|SC_sexavg_TR_CC2|,444,120,proportion of bouts,
stage29_exposure,EXPOSURE_TR|fragmentation,fragmentation,DiD_SC_TR_CC2,"",0.126760209010282,0.0483033996837902,19.3347297391174,2.62425025650567,0.0257783651914784,0.227742052829087,,KR t,g_SIS:sex_c=1; g_SIS:c2:sex_c=1,,,111,,,stage29_exposure|fragmentation|DiD_SC_TR_CC2|,444,120,proportion of bouts,
stage29_exposure,EXPOSURE_TR|fragmentation,fragmentation,SC_sexavg_TR_CC3,"",-0.0199208272877635,0.0241363964469254,19.2924443128693,-0.825343888080736,-0.0703871056278193,0.0305454510522923,,KR t,g_SIS=1; g_SIS:c3=1,,,111,,,stage29_exposure|fragmentation|SC_sexavg_TR_CC3|,444,120,proportion of bouts,
stage29_exposure,EXPOSURE_TR|fragmentation,fragmentation,DiD_SC_TR_CC3,"",0.018828198068996,0.0482727928938507,19.2924443128692,0.390037471218999,-0.0821043586111154,0.119760754749107,,KR t,g_SIS:sex_c=1; g_SIS:c3:sex_c=1,,,111,,,stage29_exposure|fragmentation|DiD_SC_TR_CC3|,444,120,proportion of bouts,
stage29_exposure,EXPOSURE_TR|fragmentation,fragmentation,SC_sexavg_TR_CC4,"",-0.0345352296187966,0.0241364156379753,19.292510253155,-1.43083505590864,-0.0850015365977616,0.0159310773601684,,KR t,g_SIS=1; g_SIS:c4=1,,,111,,,stage29_exposure|fragmentation|SC_sexavg_TR_CC4|,444,120,proportion of bouts,
stage29_exposure,EXPOSURE_TR|fragmentation,fragmentation,DiD_SC_TR_CC4,"",0.000271234400575471,0.0482728312759506,19.2925102531549,0.00561877962005098,-0.100661379557354,0.101203848358505,,KR t,g_SIS:sex_c=1; g_SIS:c4:sex_c=1,,,111,,,stage29_exposure|fragmentation|DiD_SC_TR_CC4|,444,120,proportion of bouts,
stage29_exposure,EXPOSURE_TR_BY_SEX|fragmentation|Female,fragmentation,SC_by_sex_TR_CC1,Female,0.0174024544803596,0.0323954374643734,7.77168037448873,0.537188438942916,-0.0576853024538279,0.0924902114145471,,KR t,g_SIS=1,,,58,,,stage29_exposure|fragmentation|SC_by_sex_TR_CC1|Female,232,60,proportion of bouts,
stage29_exposure,EXPOSURE_TR_BY_SEX|fragmentation|Female,fragmentation,SC_by_sex_TR_CC2,Female,0.0498594961362507,0.0323954374643734,7.77168037448874,1.53909007066452,-0.0252282607979368,0.124947253070438,,KR t,g_SIS=1; g_SIS:c2=1,,,58,,,stage29_exposure|fragmentation|SC_by_sex_TR_CC2|Female,232,60,proportion of bouts,
stage29_exposure,EXPOSURE_TR_BY_SEX|fragmentation|Female,fragmentation,SC_by_sex_TR_CC3,Female,-0.0102415643576999,0.0323954374643734,7.77168037448876,-0.316142184187603,-0.0853293212918873,0.0648461925764875,,KR t,g_SIS=1; g_SIS:c3=1,,,58,,,stage29_exposure|fragmentation|SC_by_sex_TR_CC3|Female,232,60,proportion of bouts,
stage29_exposure,EXPOSURE_TR_BY_SEX|fragmentation|Female,fragmentation,SC_by_sex_TR_CC4,Female,-0.0342034802888556,0.0323954374643734,7.77168037448876,-1.0558116502199,-0.109291237223043,0.0408842766453319,,KR t,g_SIS=1; g_SIS:c4=1,,,58,,,stage29_exposure|fragmentation|SC_by_sex_TR_CC4|Female,232,60,proportion of bouts,
stage29_exposure,EXPOSURE_TR_BY_SEX|fragmentation|Male,fragmentation,SC_by_sex_TR_CC1,Male,-0.0309327456554987,0.0368761921234901,10.5352172970885,-0.838827001223766,-0.11253571220132,0.0506702208903231,,KR t,g_SIS=1,,,53,,,stage29_exposure|fragmentation|SC_by_sex_TR_CC1|Male,212,60,proportion of bouts,
stage29_exposure,EXPOSURE_TR_BY_SEX|fragmentation|Male,fragmentation,SC_by_sex_TR_CC2,Male,-0.0776687642410575,0.0367716768747058,10.436266412166,-2.11218989293588,-0.159139274913371,0.00380174643125628,,KR t,g_SIS=1; g_SIS:c2=1,,,53,,,stage29_exposure|fragmentation|SC_by_sex_TR_CC2|Male,212,60,proportion of bouts,
stage29_exposure,EXPOSURE_TR_BY_SEX|fragmentation|Male,fragmentation,SC_by_sex_TR_CC3,Male,-0.0296814494702625,0.0367168545544652,10.3848718367703,-0.808387587401679,-0.111082578991956,0.0517196800514311,,KR t,g_SIS=1; g_SIS:c3=1,,,53,,,stage29_exposure|fragmentation|SC_by_sex_TR_CC3|Male,212,60,proportion of bouts,
stage29_exposure,EXPOSURE_TR_BY_SEX|fragmentation|Male,fragmentation,SC_by_sex_TR_CC4,Male,-0.0348939686861037,0.0367169405030657,10.3849738690664,-0.95035066124832,-0.11629518478755,0.0465072474153429,,KR t,g_SIS=1; g_SIS:c4=1,,,53,,,stage29_exposure|fragmentation|SC_by_sex_TR_CC4|Male,212,60,proportion of bouts,
stage29_exposure,EXPOSURE_CC1|light_phase_crossing_rate,light_phase_crossing_rate,SC_sexavg_CC1,"",0.878437753514285,0.446808754754755,3.99669904919515,1.96602627895338,-0.362506407367685,2.11938191439626,,KR t,g_SIS=1,,,111,,,stage29_exposure|light_phase_crossing_rate|SC_sexavg_CC1|,111,30,crossings/hour,
stage29_exposure,EXPOSURE_CC1|light_phase_crossing_rate,light_phase_crossing_rate,DiD_SC_CC1,"",-0.967933193175906,0.893617509509509,3.99669904919515,-1.08316274342832,-3.44982151493985,1.51395512858803,,KR t,g_SIS:sex_c=1,,,111,,,stage29_exposure|light_phase_crossing_rate|DiD_SC_CC1|,111,30,crossings/hour,
stage29_exposure,EXPOSURE_CC1_BY_SEX|light_phase_crossing_rate|Female,light_phase_crossing_rate,SC_by_sex_CC1,Female,0.395957724314286,0.831586255135769,1.99997860483661,0.476147509496342,-3.18210582679962,3.97402127542819,,KR t,g_SIS=1,,,58,,,stage29_exposure|light_phase_crossing_rate|SC_by_sex_CC1|Female,58,15,crossings/hour,
stage29_exposure,EXPOSURE_CC1_BY_SEX|light_phase_crossing_rate|Male,light_phase_crossing_rate,SC_by_sex_CC1,Male,1.370980041062,0.42375382249571,1.98363670248285,3.23532194467905,-0.46677467571334,3.20873475783734,,KR t,g_SIS=1,,,53,,,stage29_exposure|light_phase_crossing_rate|SC_by_sex_CC1|Male,53,15,crossings/hour,
stage29_exposure,EXPOSURE_TR|light_phase_crossing_rate,light_phase_crossing_rate,SC_sexavg_TR_CC1,"",0.872363867007816,0.525197404406861,6.66721558234541,1.66102090316503,-0.382207794121092,2.12693552813672,,KR t,g_SIS=1,,,111,,,stage29_exposure|light_phase_crossing_rate|SC_sexavg_TR_CC1|,444,120,crossings/hour,
stage29_exposure,EXPOSURE_TR|light_phase_crossing_rate,light_phase_crossing_rate,DiD_SC_TR_CC1,"",-0.929439967071399,1.05039480881372,6.66721558234495,-0.884848210665736,-3.43858328932925,1.57970335518645,,KR t,g_SIS:sex_c=1,,,111,,,stage29_exposure|light_phase_crossing_rate|DiD_SC_TR_CC1|,444,120,crossings/hour,
stage29_exposure,EXPOSURE_TR|light_phase_crossing_rate,light_phase_crossing_rate,SC_sexavg_TR_CC2,"",1.39459694851245,0.524927239242081,6.65468297137487,2.65674334318419,0.140164106385355,2.64902979063955,,KR t,g_SIS=1; g_SIS:c2=1,,,111,,,stage29_exposure|light_phase_crossing_rate|SC_sexavg_TR_CC2|,444,120,crossings/hour,
stage29_exposure,EXPOSURE_TR|light_phase_crossing_rate,light_phase_crossing_rate,DiD_SC_TR_CC2,"",-0.189297525176156,1.04985447848416,6.65468297137447,-0.180308346590544,-2.69816320943038,2.31956815907806,,KR t,g_SIS:sex_c=1; g_SIS:c2:sex_c=1,,,111,,,stage29_exposure|light_phase_crossing_rate|DiD_SC_TR_CC2|,444,120,crossings/hour,
stage29_exposure,EXPOSURE_TR|light_phase_crossing_rate,light_phase_crossing_rate,SC_sexavg_TR_CC3,"",0.587031010816864,0.524805116681549,6.64899066387006,1.11856952639636,-0.667340756663529,1.84140277829726,,KR t,g_SIS=1; g_SIS:c3=1,,,111,,,stage29_exposure|light_phase_crossing_rate|SC_sexavg_TR_CC3|,444,120,crossings/hour,
stage29_exposure,EXPOSURE_TR|light_phase_crossing_rate,light_phase_crossing_rate,DiD_SC_TR_CC3,"",0.19085854382982,1.04961023336309,6.64899066386967,0.181837540987271,-2.31788499113099,2.69960207879063,,KR t,g_SIS:sex_c=1; g_SIS:c3:sex_c=1,,,111,,,stage29_exposure|light_phase_crossing_rate|DiD_SC_TR_CC3|,444,120,crossings/hour,
stage29_exposure,EXPOSURE_TR|light_phase_crossing_rate,light_phase_crossing_rate,SC_sexavg_TR_CC4,"",0.99677225257742,0.524805315041386,6.64900280457888,1.89931813571442,-0.25759949633556,2.2511440014904,,KR t,g_SIS=1; g_SIS:c4=1,,,111,,,stage29_exposure|light_phase_crossing_rate|SC_sexavg_TR_CC4|,444,120,crossings/hour,
stage29_exposure,EXPOSURE_TR|light_phase_crossing_rate,light_phase_crossing_rate,DiD_SC_TR_CC4,"",0.493594011100209,1.04961063008277,6.64900280457849,0.47026392164234,-2.01514948672577,3.00233750892619,,KR t,g_SIS:sex_c=1; g_SIS:c4:sex_c=1,,,111,,,stage29_exposure|light_phase_crossing_rate|DiD_SC_TR_CC4|,444,120,crossings/hour,
stage29_exposure,EXPOSURE_TR_BY_SEX|light_phase_crossing_rate|Female,light_phase_crossing_rate,SC_by_sex_TR_CC1,Female,0.407646112909246,0.989244586658509,2.75925279229698,0.412078184108342,-2.90181818255035,3.71711040836884,,KR t,g_SIS=1,,,58,,,stage29_exposure|light_phase_crossing_rate|SC_by_sex_TR_CC1|Female,232,60,crossings/hour,
stage29_exposure,EXPOSURE_TR_BY_SEX|light_phase_crossing_rate|Female,light_phase_crossing_rate,SC_by_sex_TR_CC2,Female,1.30189051111899,0.989244586658515,2.75925279229696,1.31604512036455,-2.00757378434064,4.61135480657861,,KR t,g_SIS=1; g_SIS:c2=1,,,58,,,stage29_exposure|light_phase_crossing_rate|SC_by_sex_TR_CC2|Female,232,60,crossings/hour,
stage29_exposure,EXPOSURE_TR_BY_SEX|light_phase_crossing_rate|Female,light_phase_crossing_rate,SC_by_sex_TR_CC3,Female,0.68533743724708,0.989244586658515,2.75925279229697,0.692788665705033,-2.62412685821254,3.9948017327067,,KR t,g_SIS=1; g_SIS:c3=1,,,58,,,stage29_exposure|light_phase_crossing_rate|SC_by_sex_TR_CC3|Female,232,60,crossings/hour,
stage29_exposure,EXPOSURE_TR_BY_SEX|light_phase_crossing_rate|Female,light_phase_crossing_rate,SC_by_sex_TR_CC4,Female,1.24302611476722,0.989244586658516,2.75925279229696,1.2565407296955,-2.06643818069241,4.55249041022685,,KR t,g_SIS=1; g_SIS:c4=1,,,58,,,stage29_exposure|light_phase_crossing_rate|SC_by_sex_TR_CC4|Female,232,60,crossings/hour,
stage29_exposure,EXPOSURE_TR_BY_SEX|light_phase_crossing_rate|Male,light_phase_crossing_rate,SC_by_sex_TR_CC1,Male,1.35159211181487,0.480518020560914,6.21696414478364,2.81278131928775,0.18568221252351,2.51750201110622,,KR t,g_SIS=1,,,53,,,stage29_exposure|light_phase_crossing_rate|SC_by_sex_TR_CC1|Male,212,60,crossings/hour,
stage29_exposure,EXPOSURE_TR_BY_SEX|light_phase_crossing_rate|Male,light_phase_crossing_rate,SC_by_sex_TR_CC2,Male,1.48056756087791,0.479041415256627,6.15591226267135,3.0906880151161,0.315554392954852,2.64558072880097,,KR t,g_SIS=1; g_SIS:c2=1,,,53,,,stage29_exposure|light_phase_crossing_rate|SC_by_sex_TR_CC2|Male,212,60,crossings/hour,
stage29_exposure,EXPOSURE_TR_BY_SEX|light_phase_crossing_rate|Male,light_phase_crossing_rate,SC_by_sex_TR_CC3,Male,0.486176857341381,0.478330342861525,6.1266761631318,1.01640396557934,-0.678414125626828,1.65076784030959,,KR t,g_SIS=1; g_SIS:c3=1,,,53,,,stage29_exposure|light_phase_crossing_rate|SC_by_sex_TR_CC3|Male,212,60,crossings/hour,
stage29_exposure,EXPOSURE_TR_BY_SEX|light_phase_crossing_rate|Male,light_phase_crossing_rate,SC_by_sex_TR_CC4,Male,0.761191335266178,0.478331519589177,6.12675286441971,1.59134680465954,-0.403399063807902,1.92578173434026,,KR t,g_SIS=1; g_SIS:c4=1,,,53,,,stage29_exposure|light_phase_crossing_rate|SC_by_sex_TR_CC4|Male,212,60,crossings/hour,
stage29_exposure,LIGHT_CC1_POOLED,light_phase_crossing_rate,RS_sexavg_CC1_light,"",-0.111876014422309,0.338461941306264,72.390890132181,-0.33054237646494,-0.78652532451704,0.562773295672421,,KR t,g_RS=1,,,87,,,stage29_exposure|light_phase_crossing_rate|RS_sexavg_CC1_light|,87,24,crossings/hour,
stage29_exposure,LIGHT_CC1_POOLED,light_phase_crossing_rate,Q1_light,"",-1.66981180048944,0.676923882612528,72.3908901321813,-2.46676449654125,-3.0191104206789,-0.320513180299977,,KR t,g_RS:sex_c=1,,,87,,,stage29_exposure|light_phase_crossing_rate|Q1_light|,87,24,crossings/hour,
stage29_exposure,LIGHT_CC1_BY_SEX|Female,light_phase_crossing_rate,RS_by_sex_CC1_light,Female,-0.949072481717416,0.474560481747478,35.8791441680044,-1.99989783856978,-1.91163832853626,0.0134933651014312,,KR t,g_RS=1,,,46,,,stage29_exposure|light_phase_crossing_rate|RS_by_sex_CC1_light|Female,46,12,crossings/hour,
stage29_exposure,LIGHT_TR_BY_SEX|Female,light_phase_crossing_rate,RS_by_sex_TR_CC1_light,Female,-0.968243625362505,0.607042040213949,57.7472932685037,-1.59501906164728,-2.18348351734471,0.246996266619696,,KR t,g_RS=1,,,46,,,stage29_exposure|light_phase_crossing_rate|RS_by_sex_TR_CC1_light|Female,184,48,crossings/hour,
stage29_exposure,LIGHT_TR_BY_SEX|Female,light_phase_crossing_rate,RS_by_sex_TR_CC2_light,Female,-0.833540016524323,0.6139452522942,60.040353516954,-1.35767808841185,-2.06159639109544,0.394516358046795,,KR t,g_RS=1; g_RS:c2=1,,,46,,,stage29_exposure|light_phase_crossing_rate|RS_by_sex_TR_CC2_light|Female,184,48,crossings/hour,
stage29_exposure,LIGHT_TR_BY_SEX|Female,light_phase_crossing_rate,RS_by_sex_TR_CC3_light,Female,-1.29469725798218,0.614658781727935,60.2692547554991,-2.10636746186642,-2.52408491446302,-0.0653096015013401,,KR t,g_RS=1; g_RS:c3=1,,,46,,,stage29_exposure|light_phase_crossing_rate|RS_by_sex_TR_CC3_light|Female,184,48,crossings/hour,
stage29_exposure,LIGHT_TR_BY_SEX|Female,light_phase_crossing_rate,RS_by_sex_TR_CC4_light,Female,-0.900443665141944,0.621650953406295,62.5618265722683,-1.44847146169088,-2.14288426739099,0.341996937107102,,KR t,g_RS=1; g_RS:c4=1,,,46,,,stage29_exposure|light_phase_crossing_rate|RS_by_sex_TR_CC4_light|Female,184,48,crossings/hour,
stage29_exposure,LIGHT_CC1_BY_SEX|Male,light_phase_crossing_rate,RS_by_sex_CC1_light,Male,0.729766828348462,0.482683254886242,35.7429650767531,1.5118958881647,-0.249404677977981,1.7089383346749,,KR t,g_RS=1,,,41,,,stage29_exposure|light_phase_crossing_rate|RS_by_sex_CC1_light|Male,41,12,crossings/hour,
stage29_exposure,LIGHT_TR_BY_SEX|Male,light_phase_crossing_rate,RS_by_sex_TR_CC1_light,Male,0.485170647714556,0.456558304855263,84.4191909377282,1.06266963617793,-0.422679746805691,1.3930210422348,,KR t,g_RS=1,,,41,,,stage29_exposure|light_phase_crossing_rate|RS_by_sex_TR_CC1_light|Male,164,48,crossings/hour,
stage29_exposure,LIGHT_TR_BY_SEX|Male,light_phase_crossing_rate,RS_by_sex_TR_CC2_light,Male,0.530899534824113,0.465339692648516,88.9475674946228,1.14088598761575,-0.393728032637754,1.45552710228598,,KR t,g_RS=1; g_RS:c2=1,,,41,,,stage29_exposure|light_phase_crossing_rate|RS_by_sex_TR_CC2_light|Male,164,48,crossings/hour,
stage29_exposure,LIGHT_TR_BY_SEX|Male,light_phase_crossing_rate,RS_by_sex_TR_CC3_light,Male,0.110169042855591,0.469939663980257,91.4700557611903,0.234432313975139,-0.823243747186391,1.04358183289757,,KR t,g_RS=1; g_RS:c3=1,,,41,,,stage29_exposure|light_phase_crossing_rate|RS_by_sex_TR_CC3_light|Male,164,48,crossings/hour,
stage29_exposure,LIGHT_TR_BY_SEX|Male,light_phase_crossing_rate,RS_by_sex_TR_CC4_light,Male,-0.236321013277383,0.479321480221854,96.0970271505288,-0.493032386464303,-1.18775437194742,0.715112345392654,,KR t,g_RS=1; g_RS:c4=1,,,41,,,stage29_exposure|light_phase_crossing_rate|RS_by_sex_TR_CC4_light|Male,164,48,crossings/hour,
stage29_continuous,CONTINUOUS|ALL_RFID|crossing_rate,crossing_rate,ALL_RFID|slope_sexavg,,-0.0116444226887629,0.0107738450592416,103,-1.08080472892772,-0.0330118032961015,0.00972295791857569,,OLS t (CR2 SE in robustness),,,,111,0.00703767444431981,12.4576505236503,stage29_continuous|crossing_rate|ALL_RFID|slope_sexavg|pooled,111,30,crossings/hour,
stage29_continuous,CONTINUOUS|ALL_RFID|crossing_rate,crossing_rate,ALL_RFID|slope_DiD_F_minus_M,,-0.047979160408049,0.0215476901184833,103,-2.22664982391283,-0.0907139216227262,-0.00524439919337181,,OLS t (CR2 SE in robustness),,,,111,0.0140753488886396,12.4576505236502,stage29_continuous|crossing_rate|ALL_RFID|slope_DiD_F_minus_M|pooled,111,30,crossings/hour,
stage29_continuous,CONTINUOUS|ALL_RFID|crossing_rate,crossing_rate,ALL_RFID|slope_Female,,-0.0356340028927874,0.0111782693762546,54,-3.1877924653062,-0.0580450836430272,-0.0132229221425477,,OLS t (CR2 SE in robustness),,,,58,,,stage29_continuous|crossing_rate|ALL_RFID|slope_Female|pooled,111,30,crossings/hour,
stage29_continuous,CONTINUOUS|ALL_RFID|crossing_rate,crossing_rate,ALL_RFID|slope_Male,,0.0123451575152616,0.0178136827773946,49,0.693015457248823,-0.0234527782762663,0.0481430933067894,,OLS t (CR2 SE in robustness),,,,53,,,stage29_continuous|crossing_rate|ALL_RFID|slope_Male|pooled,111,30,crossings/hour,
stage29_continuous,CONTINUOUS|ALL_RFID|shared_zone_use,shared_zone_use,ALL_RFID|slope_sexavg,,0.52903395909553,0.869344172404924,101,0.608543745835471,-1.1955110279429,2.25357894613396,,OLS t (CR2 SE in robustness),,,,109,0.72091156888823,17.2626144123951,stage29_continuous|shared_zone_use|ALL_RFID|slope_sexavg|pooled,109,28,fraction of dyadic observation time,
stage29_continuous,CONTINUOUS|ALL_RFID|shared_zone_use,shared_zone_use,ALL_RFID|slope_DiD_F_minus_M,,1.61433053149133,1.73868834480985,101,0.928476075836282,-1.83475944258553,5.06342050556819,,OLS t (CR2 SE in robustness),,,,109,1.44182313777645,17.2626144123951,stage29_continuous|shared_zone_use|ALL_RFID|slope_DiD_F_minus_M|pooled,109,28,fraction of dyadic observation time,
stage29_continuous,CONTINUOUS|ALL_RFID|shared_zone_use,shared_zone_use,ALL_RFID|slope_Female,,1.33619922484119,1.38336381849305,54,0.965905864371068,-1.43727824288426,4.10967669256663,,OLS t (CR2 SE in robustness),,,,58,,,stage29_continuous|shared_zone_use|ALL_RFID|slope_Female|pooled,109,28,fraction of dyadic observation time,
stage29_continuous,CONTINUOUS|ALL_RFID|shared_zone_use,shared_zone_use,ALL_RFID|slope_Male,,-0.278131306650126,1.06225193014244,47,-0.261831773384333,-2.41510655030531,1.85884393700506,,OLS t (CR2 SE in robustness),,,,51,,,stage29_continuous|shared_zone_use|ALL_RFID|slope_Male|pooled,109,28,fraction of dyadic observation time,
stage29_continuous,CONTINUOUS|SIS_ONLY|crossing_rate,crossing_rate,SIS_ONLY|slope_sexavg,,-0.005804099058684,0.0135438428921827,79,-0.428541522881518,-0.0327624439907529,0.0211542458733849,,OLS t (CR2 SE in robustness),,,,87,0.00952595204341294,9.38645720876748,stage29_continuous|crossing_rate|SIS_ONLY|slope_sexavg|pooled,87,24,crossings/hour,
stage29_continuous,CONTINUOUS|SIS_ONLY|crossing_rate,crossing_rate,SIS_ONLY|slope_DiD_F_minus_M,,-0.0511467831916369,0.0270876857843654,79,-1.88819316640029,-0.105063473055775,0.00276990667250086,,OLS t (CR2 SE in robustness),,,,87,0.019051904086826,9.38645720876747,stage29_continuous|crossing_rate|SIS_ONLY|slope_DiD_F_minus_M|pooled,87,24,crossings/hour,
stage29_continuous,CONTINUOUS|SIS_ONLY|crossing_rate,crossing_rate,SIS_ONLY|slope_Female,,-0.0313774906545026,0.0144572278889707,42,-2.17036702301969,-0.0605533577307108,-0.00220162357829428,,OLS t (CR2 SE in robustness),,,,46,,,stage29_continuous|crossing_rate|SIS_ONLY|slope_Female|pooled,87,24,crossings/hour,
stage29_continuous,CONTINUOUS|SIS_ONLY|crossing_rate,crossing_rate,SIS_ONLY|slope_Male,,0.0197692925371345,0.0223557426236886,37,0.88430489068999,-0.0255277446724019,0.065066329746671,,OLS t (CR2 SE in robustness),,,,41,,,stage29_continuous|crossing_rate|SIS_ONLY|slope_Male|pooled,87,24,crossings/hour,
stage29_continuous,CONTINUOUS|SIS_ONLY|shared_zone_use,shared_zone_use,SIS_ONLY|slope_sexavg,,0.894604896038767,1.07121779847591,77,0.835128857372963,-1.23846225359466,3.02767204567219,,OLS t (CR2 SE in robustness),,,,85,0.872417288036106,12.2626661762093,stage29_continuous|shared_zone_use|SIS_ONLY|slope_sexavg|pooled,85,22,fraction of dyadic observation time,
stage29_continuous,CONTINUOUS|SIS_ONLY|shared_zone_use,shared_zone_use,SIS_ONLY|slope_DiD_F_minus_M,,2.36958459204553,2.14243559695182,77,1.10602372151438,-1.89654970722132,6.63571889131239,,OLS t (CR2 SE in robustness),,,,85,1.74483457607221,12.2626661762093,stage29_continuous|shared_zone_use|SIS_ONLY|slope_DiD_F_minus_M|pooled,85,22,fraction of dyadic observation time,
stage29_continuous,CONTINUOUS|SIS_ONLY|shared_zone_use,shared_zone_use,SIS_ONLY|slope_Female,,2.07939719206154,1.62708184652499,42,1.27799175960483,-1.20418691139859,5.36298129552168,,OLS t (CR2 SE in robustness),,,,46,,,stage29_continuous|shared_zone_use|SIS_ONLY|slope_Female|pooled,85,22,fraction of dyadic observation time,
stage29_continuous,CONTINUOUS|SIS_ONLY|shared_zone_use,shared_zone_use,SIS_ONLY|slope_Male,,-0.290187399984007,1.39284252044317,35,-0.208341858986094,-3.11780804353989,2.53743324357187,,OLS t (CR2 SE in robustness),,,,39,,,stage29_continuous|shared_zone_use|SIS_ONLY|slope_Male|pooled,85,22,fraction of dyadic observation time,
stage29_lag_block,LAG|Movement_rmssd|10min,Movement_rmssd,Q1|10min,"",-0.208177215488696,0.473747357100424,74.8979471013561,-0.439426652979865,-1.15195142377449,0.735596992797098,,KR t,g_RS:sex_c=1,,,87,,,stage29_lag_block|Movement_rmssd|Q1|10min|,87,24,,
stage29_lag_block,LAG|Movement_rmssd|10min,Movement_rmssd,RS_sexavg_CC1|10min,"",0.238727524519239,0.236873678550212,74.8979471013561,1.00782630632653,-0.233159579623659,0.710614628662136,,KR t,g_RS=1,,,87,,,stage29_lag_block|Movement_rmssd|RS_sexavg_CC1|10min|,87,24,,
stage29_lag_block,LAG|Movement_rmssd|10min|Female,Movement_rmssd,RS_by_sex_CC1|10min,Female,0.134638916774868,0.359103067117234,36.9762704522118,0.374931124525633,-0.592988773244063,0.8622666067938,,KR t,g_RS=1,,,46,,,stage29_lag_block|Movement_rmssd|RS_by_sex_CC1|10min|Female,46,12,,
stage29_lag_block,LAG|Movement_rmssd|10min|Male,Movement_rmssd,RS_by_sex_CC1|10min,Male,0.342816132263587,0.296677321659741,36.4612283024419,1.15551849513042,-0.258609193808694,0.944241458335869,,KR t,g_RS=1,,,41,,,stage29_lag_block|Movement_rmssd|RS_by_sex_CC1|10min|Male,41,12,,
stage29_lag_block,LAG|Movement_acf1|10min,Movement_acf1,Q1|10min,"",-0.0549295493504249,0.0524214090895377,74.8979471013568,-1.04784572380729,-0.159360683623152,0.0495015849223026,,KR t,g_RS:sex_c=1,,,87,,,stage29_lag_block|Movement_acf1|Q1|10min|,87,24,,
stage29_lag_block,LAG|Movement_acf1|10min,Movement_acf1,RS_sexavg_CC1|10min,"",-0.0286081418905593,0.0262107045447688,74.8979471013565,-1.09146787114003,-0.080823709026923,0.0236074252458045,,KR t,g_RS=1,,,87,,,stage29_lag_block|Movement_acf1|RS_sexavg_CC1|10min|,87,24,,
stage29_lag_block,LAG|Movement_acf1|10min|Female,Movement_acf1,RS_by_sex_CC1|10min,Female,-0.0556523526083189,0.0301454168099166,36.7088771266096,-1.84612981002179,-0.11674912408743,0.00544441887079227,,KR t,g_RS=1,,,46,,,stage29_lag_block|Movement_acf1|RS_by_sex_CC1|10min|Female,46,12,,
stage29_lag_block,LAG|Movement_acf1|10min|Male,Movement_acf1,RS_by_sex_CC1|10min,Male,-0.00114336721534656,0.0454640046718341,36.4612283024418,-0.0251488451930171,-0.093308159863938,0.0910214254332449,,KR t,g_RS=1,,,41,,,stage29_lag_block|Movement_acf1|RS_by_sex_CC1|10min|Male,41,12,,
stage29_lag_block,LAG|Proximity_rmssd|10min,Proximity_rmssd,Q1|10min,"",0.00838020381231516,0.00933662472331831,63.8173787035555,0.897562455454113,-0.0102728762827541,0.0270332839073844,,KR t,g_RS:sex_c=1,,,85,,,stage29_lag_block|Proximity_rmssd|Q1|10min|,85,22,,
stage29_lag_block,LAG|Proximity_rmssd|10min,Proximity_rmssd,RS_sexavg_CC1|10min,"",0.00178052296015817,0.00466831236165915,63.8173787035555,0.381406131856472,-0.00754601708737645,0.0111070630076928,,KR t,g_RS=1,,,85,,,stage29_lag_block|Proximity_rmssd|RS_sexavg_CC1|10min|,85,22,,
stage29_lag_block,LAG|Proximity_rmssd|10min|Female,Proximity_rmssd,RS_by_sex_CC1|10min,Female,0.0060097059072576,0.0062418944685302,34.0183096575125,0.962801588132701,-0.00667509837543088,0.0186945101899461,,KR t,g_RS=1,,,46,,,stage29_lag_block|Proximity_rmssd|RS_by_sex_CC1|10min|Female,46,12,,
stage29_lag_block,LAG|Proximity_rmssd|10min|Male,Proximity_rmssd,RS_by_sex_CC1|10min,Male,-0.00208389072620137,0.00684467432119783,29.3259718441453,-0.304454328783417,-0.016076065683527,0.0119082842311242,,KR t,g_RS=1,,,39,,,stage29_lag_block|Proximity_rmssd|RS_by_sex_CC1|10min|Male,39,10,,
stage29_lag_block,LAG|Proximity_acf1|10min,Proximity_acf1,Q1|10min,"",-0.040787801526523,0.0532522352792346,67.1179057699133,-0.765935952033697,-0.147076275811939,0.065500672758893,,KR t,g_RS:sex_c=1,,,85,,,stage29_lag_block|Proximity_acf1|Q1|10min|,85,22,,
stage29_lag_block,LAG|Proximity_acf1|10min,Proximity_acf1,RS_sexavg_CC1|10min,"",0.00507673631687987,0.0266261176396173,67.1179057699133,0.190667538752481,-0.0480675008258281,0.0582209734595879,,KR t,g_RS=1,,,85,,,stage29_lag_block|Proximity_acf1|RS_sexavg_CC1|10min|,85,22,,
stage29_lag_block,LAG|Proximity_acf1|10min|Female,Proximity_acf1,RS_by_sex_CC1|10min,Female,-0.0174056229731665,0.0310052600529438,36.1379388291177,-0.561376454944905,-0.0802788718876472,0.0454676259413142,,KR t,g_RS=1,,,46,,,stage29_lag_block|Proximity_acf1|RS_by_sex_CC1|10min|Female,46,12,,
stage29_lag_block,LAG|Proximity_acf1|10min|Male,Proximity_acf1,RS_by_sex_CC1|10min,Male,0.0193493227376942,0.045425703799993,30.645535800245,0.425955375901016,-0.0733404634638952,0.112039108939284,,KR t,g_RS=1,,,39,,,stage29_lag_block|Proximity_acf1|RS_by_sex_CC1|10min|Male,39,10,,
stage29_lag_block,LAG|Movement_rmssd|5min,Movement_rmssd,Q1|5min,"",0.00873020938751577,0.279747651726441,74.8979471013565,0.0312074447582954,-0.548568136599807,0.566028555374838,,KR t,g_RS:sex_c=1,,,87,,,stage29_lag_block|Movement_rmssd|Q1|5min|,87,24,,
stage29_lag_block,LAG|Movement_rmssd|5min,Movement_rmssd,RS_sexavg_CC1|5min,"",0.102447631485446,0.13987382586322,74.8979471013565,0.732428893348691,-0.176201541508215,0.381096804479107,,KR t,g_RS=1,,,87,,,stage29_lag_block|Movement_rmssd|RS_sexavg_CC1|5min|,87,24,,
stage29_lag_block,LAG|Movement_rmssd|5min|Female,Movement_rmssd,RS_by_sex_CC1|5min,Female,0.106812736179204,0.219374103306633,36.9762704522122,0.486897653684789,-0.337691047429163,0.551316519787572,,KR t,g_RS=1,,,46,,,stage29_lag_block|Movement_rmssd|RS_by_sex_CC1|5min|Female,46,12,,
stage29_lag_block,LAG|Movement_rmssd|5min|Male,Movement_rmssd,RS_by_sex_CC1|5min,Male,0.0980825267916887,0.161037946587433,36.4612283024419,0.609064688603916,-0.228374173688562,0.42453922727194,,KR t,g_RS=1,,,41,,,stage29_lag_block|Movement_rmssd|RS_by_sex_CC1|5min|Male,41,12,,
stage29_lag_block,LAG|Movement_acf1|5min,Movement_acf1,Q1|5min,"",-0.065012119130311,0.0494894940072939,74.8979471013565,-1.31365495716584,-0.163602448606909,0.0335782103462871,,KR t,g_RS:sex_c=1,,,87,,,stage29_lag_block|Movement_acf1|Q1|5min|,87,24,,
stage29_lag_block,LAG|Movement_acf1|5min,Movement_acf1,RS_sexavg_CC1|5min,"",-0.0230154252870997,0.024744747003647,74.8979471013565,-0.930113582640696,-0.0723105900253988,0.0262797394511994,,KR t,g_RS=1,,,87,,,stage29_lag_block|Movement_acf1|RS_sexavg_CC1|5min|,87,24,,
stage29_lag_block,LAG|Movement_acf1|5min|Female,Movement_acf1,RS_by_sex_CC1|5min,Female,-0.0555214848522552,0.0320957635133646,36.9762704522122,-1.72986957699686,-0.12055508774543,0.00951211804092001,,KR t,g_RS=1,,,46,,,stage29_lag_block|Movement_acf1|RS_by_sex_CC1|5min|Female,46,12,,
stage29_lag_block,LAG|Movement_acf1|5min|Male,Movement_acf1,RS_by_sex_CC1|5min,Male,0.00948417811537185,0.0390432627107096,36.3909403595489,0.242914589019998,-0.0696697026874259,0.0886380589181696,,KR t,g_RS=1,,,41,,,stage29_lag_block|Movement_acf1|RS_by_sex_CC1|5min|Male,41,12,,
stage29_lag_block,LAG|Proximity_rmssd|5min,Proximity_rmssd,Q1|5min,"",0.00846313921259142,0.00585816935058745,62.2572890684848,1.44467302088881,-0.00324621186581951,0.0201724902910023,,KR t,g_RS:sex_c=1,,,85,,,stage29_lag_block|Proximity_rmssd|Q1|5min|,85,22,,
stage29_lag_block,LAG|Proximity_rmssd|5min,Proximity_rmssd,RS_sexavg_CC1|5min,"",0.000627001806415093,0.00292908467529372,62.2572890684848,0.214060662603487,-0.00522767373279037,0.00648167734562056,,KR t,g_RS=1,,,85,,,stage29_lag_block|Proximity_rmssd|RS_sexavg_CC1|5min|,85,22,,
stage29_lag_block,LAG|Proximity_rmssd|5min|Female,Proximity_rmssd,RS_by_sex_CC1|5min,Female,0.00484938568302992,0.00359058340713864,33.3819649937096,1.35058432938463,-0.00245253711783762,0.0121513084838975,,KR t,g_RS=1,,,46,,,stage29_lag_block|Proximity_rmssd|RS_by_sex_CC1|5min|Female,46,12,,
stage29_lag_block,LAG|Proximity_rmssd|5min|Male,Proximity_rmssd,RS_by_sex_CC1|5min,Male,-0.00357516412059568,0.00473158891522051,28.7113440602994,-0.755594829697725,-0.0132565778311258,0.00610624958993442,,KR t,g_RS=1,,,39,,,stage29_lag_block|Proximity_rmssd|RS_by_sex_CC1|5min|Male,39,10,,
stage29_lag_block,LAG|Proximity_acf1|5min,Proximity_acf1,Q1|5min,"",-0.0301875806888919,0.0333804432188942,66.8595675410275,-0.904349306896109,-0.0968177967678223,0.0364426353900384,,KR t,g_RS:sex_c=1,,,85,,,stage29_lag_block|Proximity_acf1|Q1|5min|,85,22,,
stage29_lag_block,LAG|Proximity_acf1|5min,Proximity_acf1,RS_sexavg_CC1|5min,"",0.0160639816548267,0.0166902216094471,66.8595675410275,0.962478631543997,-0.0172511263846385,0.0493790896942919,,KR t,g_RS=1,,,85,,,stage29_lag_block|Proximity_acf1|RS_sexavg_CC1|5min|,85,22,,
stage29_lag_block,LAG|Proximity_acf1|5min|Female,Proximity_acf1,RS_by_sex_CC1|5min,Female,0.00186658814221766,0.0196209352811537,36.9762704522121,0.0951324753621993,-0.0378900642563428,0.0416232405407781,,KR t,g_RS=1,,,46,,,stage29_lag_block|Proximity_acf1|RS_by_sex_CC1|5min|Female,46,12,,
stage29_lag_block,LAG|Proximity_acf1|5min|Male,Proximity_acf1,RS_by_sex_CC1|5min,Male,0.0254555595138957,0.0274064675291706,30.0819211715961,0.928815779954185,-0.0305095231915297,0.081420642219321,,KR t,g_RS=1,,,39,,,stage29_lag_block|Proximity_acf1|RS_by_sex_CC1|5min|Male,39,10,,
stage29_cumulative,CUM1h|crossing_rate,crossing_rate,Q1|1h,"",-9.32799313630998,6.52039144177932,68.9027356558383,-1.43058790558815,-22.3361457372897,3.68015946466971,,KR t,g_RS:sex_c=1,,,87,,,stage29_cumulative|crossing_rate|Q1|1h|,87,24,crossings/hour,
stage29_cumulative,CUM1h|crossing_rate,crossing_rate,RS_sexavg_CC1|1h,"",-0.924103182051199,3.26019572088966,68.9027356558383,-0.283450216233958,-7.42817948254104,5.57997311843864,,KR t,g_RS=1,,,87,,,stage29_cumulative|crossing_rate|RS_sexavg_CC1|1h|,87,24,crossings/hour,
stage29_cumulative,CUM1h|crossing_rate|Female,crossing_rate,RS_by_sex_CC1|1h,Female,-5.43879276474361,5.06503164386598,35.1609090657243,-1.07379245524167,-15.7196717840705,4.84208625458332,,KR t,g_RS=1,,,46,,,stage29_cumulative|crossing_rate|RS_by_sex_CC1|1h|Female,46,12,crossings/hour,
stage29_cumulative,CUM1h|crossing_rate|Male,crossing_rate,RS_by_sex_CC1|1h,Male,2.64145694562057,3.53332829229606,31.040652053306,0.747583221004374,-4.56443112127409,9.84734501251523,,KR t,g_RS=1,,,41,,,stage29_cumulative|crossing_rate|RS_by_sex_CC1|1h|Male,41,12,crossings/hour,
stage29_cumulative,CUM3h|crossing_rate,crossing_rate,Q1|3h,"",-6.58686482757811,4.58287612879878,71.276088545835,-1.43727751797311,-15.7242469384023,2.55051728324604,,KR t,g_RS:sex_c=1,,,87,,,stage29_cumulative|crossing_rate|Q1|3h|,87,24,crossings/hour,
stage29_cumulative,CUM3h|crossing_rate,crossing_rate,RS_sexavg_CC1|3h,"",-0.138673595030573,2.29143806439939,71.276088545835,-0.0605181511056554,-4.70736465044265,4.4300174603815,,KR t,g_RS=1,,,87,,,stage29_cumulative|crossing_rate|RS_sexavg_CC1|3h|,87,24,crossings/hour,
stage29_cumulative,CUM3h|crossing_rate|Female,crossing_rate,RS_by_sex_CC1|3h,Female,-3.59113832547806,3.07501866990752,35.0384657043574,-1.1678427713696,-9.83351313275843,2.65123648180231,,KR t,g_RS=1,,,46,,,stage29_cumulative|crossing_rate|RS_by_sex_CC1|3h|Female,46,12,crossings/hour,
stage29_cumulative,CUM3h|crossing_rate|Male,crossing_rate,RS_by_sex_CC1|3h,Male,3.5971225848054,3.3933141112113,36.4612283024417,1.06006177645645,-3.2818159008991,10.4760610705099,,KR t,g_RS=1,,,41,,,stage29_cumulative|crossing_rate|RS_by_sex_CC1|3h|Male,41,12,crossings/hour,
stage29_cumulative,CUM3h|fragmentation,fragmentation,Q1|3h,"",0.0258316593564243,0.0468942084256126,68.8261257654671,0.550849672564589,-0.0677239432033805,0.119387261916229,,KR t,g_RS:sex_c=1,,,87,,,stage29_cumulative|fragmentation|Q1|3h|,87,24,proportion of bouts,
stage29_cumulative,CUM3h|fragmentation,fragmentation,RS_sexavg_CC1|3h,"",0.0211691370086222,0.0234471042128063,68.8261257654671,0.902846544139982,-0.0256086642712802,0.0679469382885246,,KR t,g_RS=1,,,87,,,stage29_cumulative|fragmentation|RS_sexavg_CC1|3h|,87,24,proportion of bouts,
stage29_cumulative,CUM3h|fragmentation|Female,fragmentation,RS_by_sex_CC1|3h,Female,0.0284578984442173,0.0273922883846631,35.8590473847919,1.03890182684229,-0.0271038205911615,0.0840196174795961,,KR t,g_RS=1,,,46,,,stage29_cumulative|fragmentation|RS_by_sex_CC1|3h|Female,46,12,proportion of bouts,
stage29_cumulative,CUM3h|fragmentation|Male,fragmentation,RS_by_sex_CC1|3h,Male,0.00970076495275828,0.0400785723995567,32.4026970154981,0.242043675010379,-0.071896843348073,0.0912983732535896,,KR t,g_RS=1,,,41,,,stage29_cumulative|fragmentation|RS_by_sex_CC1|3h|Male,41,12,proportion of bouts,
stage29_cumulative,CUM6h|crossing_rate,crossing_rate,Q1|6h,"",-4.81295575064793,3.72704554010331,71.3067430623145,-1.2913595229412,-12.2439195342124,2.61800803291653,,KR t,g_RS:sex_c=1,,,87,,,stage29_cumulative|crossing_rate|Q1|6h|,87,24,crossings/hour,
stage29_cumulative,CUM6h|crossing_rate,crossing_rate,RS_sexavg_CC1|6h,"",0.163252966712014,1.86352277005165,71.3067430623145,0.087604492596293,-3.55222892507022,3.87873485849424,,KR t,g_RS=1,,,87,,,stage29_cumulative|crossing_rate|RS_sexavg_CC1|6h|,87,24,crossings/hour,
stage29_cumulative,CUM6h|crossing_rate|Female,crossing_rate,RS_by_sex_CC1|6h,Female,-2.23023240052678,2.9495163914552,35.5907749821058,-0.756134940286416,-8.21451803135467,3.7540532303011,,KR t,g_RS=1,,,46,,,stage29_cumulative|crossing_rate|RS_by_sex_CC1|6h|Female,46,12,crossings/hour,
stage29_cumulative,CUM6h|crossing_rate|Male,crossing_rate,RS_by_sex_CC1|6h,Male,2.56915287575768,2.01114433353874,34.4947066839389,1.27745822759379,-1.51582618958432,6.65413194109969,,KR t,g_RS=1,,,41,,,stage29_cumulative|crossing_rate|RS_by_sex_CC1|6h|Male,41,12,crossings/hour,
stage29_cumulative,CUM6h|shared_zone_use,shared_zone_use,Q1|6h,"",-0.00181249311674193,0.0237826022563965,65.4529501165482,-0.0762108829471949,-0.0493033992473558,0.0456784130138719,,KR t,g_RS:sex_c=1,,,85,,,stage29_cumulative|shared_zone_use|Q1|6h|,85,22,fraction of dyadic observation time,
stage29_cumulative,CUM6h|shared_zone_use,shared_zone_use,RS_sexavg_CC1|6h,"",0.00599047171248439,0.0118913011281982,65.4529501165482,0.503769238361897,-0.0177549813528225,0.0297359247777913,,KR t,g_RS=1,,,85,,,stage29_cumulative|shared_zone_use|RS_sexavg_CC1|6h|,85,22,fraction of dyadic observation time,
stage29_cumulative,CUM6h|shared_zone_use|Female,shared_zone_use,RS_by_sex_CC1|6h,Female,0.00410942982248457,0.0140894099904599,33.9194053798344,0.291667985051689,-0.0245262024525095,0.0327450620974787,,KR t,g_RS=1,,,46,,,stage29_cumulative|shared_zone_use|RS_by_sex_CC1|6h|Female,46,12,fraction of dyadic observation time,
stage29_cumulative,CUM6h|shared_zone_use|Male,shared_zone_use,RS_by_sex_CC1|6h,Male,0.00831001507181401,0.0198583551362125,31.9524917855473,0.418464420381946,-0.0321424895214803,0.0487625196651083,,KR t,g_RS=1,,,39,,,stage29_cumulative|shared_zone_use|RS_by_sex_CC1|6h|Male,39,10,fraction of dyadic observation time,
stage29_cumulative,CUM6h|occupancy_dispersion,occupancy_dispersion,Q1|6h,"",-0.28373889876443,0.12189346376372,74.8979471013565,-2.32776139099988,-0.526568553715797,-0.0409092438130635,,KR t,g_RS:sex_c=1,,,87,,,stage29_cumulative|occupancy_dispersion|Q1|6h|,87,24,bits,
stage29_cumulative,CUM6h|occupancy_dispersion,occupancy_dispersion,RS_sexavg_CC1|6h,"",0.0275410006750373,0.06094673188186,74.8979471013565,0.451886423187107,-0.0938738268006462,0.148955828150721,,KR t,g_RS=1,,,87,,,stage29_cumulative|occupancy_dispersion|RS_sexavg_CC1|6h|,87,24,bits,
stage29_cumulative,CUM6h|occupancy_dispersion|Female,occupancy_dispersion,RS_by_sex_CC1|6h,Female,-0.114328448707178,0.0943653415598019,36.9762704522121,-1.21155126254405,-0.305534934489129,0.0768780370747723,,KR t,g_RS=1,,,46,,,stage29_cumulative|occupancy_dispersion|RS_by_sex_CC1|6h|Female,46,12,bits,
stage29_cumulative,CUM6h|occupancy_dispersion|Male,occupancy_dispersion,RS_by_sex_CC1|6h,Male,0.181261535355974,0.0680197597024738,33.8900424983108,2.66483645559514,0.0430122301531643,0.319510840558783,,KR t,g_RS=1,,,41,,,stage29_cumulative|occupancy_dispersion|RS_by_sex_CC1|6h|Male,41,12,bits,
stage29_cumulative,CUM6h|fragmentation,fragmentation,Q1|6h,"",-0.0265875390501207,0.040885616557816,68.1252607200455,-0.650290769432902,-0.108170800486992,0.0549957223867508,,KR t,g_RS:sex_c=1,,,87,,,stage29_cumulative|fragmentation|Q1|6h|,87,24,proportion of bouts,
stage29_cumulative,CUM6h|fragmentation,fragmentation,RS_sexavg_CC1|6h,"",0.0217323017102446,0.020442808278908,68.1252607200455,1.06307809640161,-0.0190593290081911,0.0625239324286804,,KR t,g_RS=1,,,87,,,stage29_cumulative|fragmentation|RS_sexavg_CC1|6h|,87,24,proportion of bouts,
stage29_cumulative,CUM6h|fragmentation|Female,fragmentation,RS_by_sex_CC1|6h,Female,0.00320915110082357,0.0225116193120099,36.2491128901976,0.142555320270163,-0.0424356370682041,0.0488539392698513,,KR t,g_RS=1,,,46,,,stage29_cumulative|fragmentation|RS_by_sex_CC1|6h|Female,46,12,proportion of bouts,
stage29_cumulative,CUM6h|fragmentation|Male,fragmentation,RS_by_sex_CC1|6h,Male,0.0369651276494599,0.0363671973179972,31.9667922460838,1.01644147406341,-0.0371154473182614,0.111045702617181,,KR t,g_RS=1,,,41,,,stage29_cumulative|fragmentation|RS_by_sex_CC1|6h|Male,41,12,proportion of bouts,
stage09,stage09_association,Movement_mean,spearman_rho_vs_CombZ,,-0.408164162616001,,,,-0.56060323819898,-0.22601554433677,8.7135675970413e-06,Spearman; 5000-sample percentile bootstrap CI,,,,111,,,stage09|Movement_mean|spearman_rho_vs_CombZ|pooled,,,,
stage09,stage09_association,Movement_rmssd,spearman_rho_vs_CombZ,,-0.237382578900929,,,,-0.41703444738882,-0.0370064267627892,0.0121198129145568,Spearman; 5000-sample percentile bootstrap CI,,,,111,,,stage09|Movement_rmssd|spearman_rho_vs_CombZ|pooled,,,,
stage09,stage09_association,Entropy_acf1,spearman_rho_vs_CombZ,,-0.188329238329238,,,,-0.364542875597052,-0.000103916325971702,0.0477641182269714,Spearman; 5000-sample percentile bootstrap CI,,,,111,,,stage09|Entropy_acf1|spearman_rho_vs_CombZ|pooled,,,,
stage09,stage09_mean_only,mean_only,LOAO_R2,,-0.0182644628099176,,,,-0.0550416581692325,-0.00131846799796821,,LOAO R2 vs full-sample mean; interval = 2.5-97.5% of repeated grouped 5-fold CV (not a CI),,,,111,,,stage09|mean_only|LOAO_R2|pooled,,,,
stage09,stage09_movement_mean,movement_mean,LOAO_R2,,0.172701014089574,,,,0.124921115306606,0.193117271957878,0.000999000999000999,LOAO R2 vs full-sample mean; interval = 2.5-97.5% of repeated grouped 5-fold CV (not a CI),,,,111,,,stage09|movement_mean|LOAO_R2|pooled,,,,
stage09,stage09_primary_behavior_family,primary_behavior_family,LOAO_R2,,0.160577790160953,,,,0.107135181787604,0.193952340345338,0.000999000999000999,LOAO R2 vs full-sample mean; interval = 2.5-97.5% of repeated grouped 5-fold CV (not a CI),,,,111,,,stage09|primary_behavior_family|LOAO_R2|pooled,,,,
stage09,stage09_movement_mean_sex,movement_mean_sex,LOAO_R2,,0.166389759648081,,,,0.109793310542679,0.197305913597302,,LOAO R2 vs full-sample mean; interval = 2.5-97.5% of repeated grouped 5-fold CV (not a CI),,,,111,,,stage09|movement_mean_sex|LOAO_R2|pooled,,,,
stage09,stage09_primary_behavior_family_sex,primary_behavior_family_sex,LOAO_R2,,0.151625051984598,,,,0.0815062850438031,0.19482225918421,,LOAO R2 vs full-sample mean; interval = 2.5-97.5% of repeated grouped 5-fold CV (not a CI),,,,111,,,stage09|primary_behavior_family_sex|LOAO_R2|pooled,,,,
stage09,stage09_mean_only,mean_only,repeated_CV_mean_R2,,-0.0212908554763508,,,,-0.0550416581692325,-0.00131846799796821,,100 x repeated grouped 5-fold CV; interval = quantiles across repeats,,,,111,,,stage09|mean_only|repeated_CV_mean_R2|pooled,,,,
stage09,stage09_movement_mean,movement_mean,repeated_CV_mean_R2,,0.168409628557899,,,,0.124921115306606,0.193117271957878,,100 x repeated grouped 5-fold CV; interval = quantiles across repeats,,,,111,,,stage09|movement_mean|repeated_CV_mean_R2|pooled,,,,
stage09,stage09_primary_behavior_family,primary_behavior_family,repeated_CV_mean_R2,,0.155284207738646,,,,0.107135181787604,0.193952340345338,,100 x repeated grouped 5-fold CV; interval = quantiles across repeats,,,,111,,,stage09|primary_behavior_family|repeated_CV_mean_R2|pooled,,,,
stage09,stage09_movement_mean_sex,movement_mean_sex,repeated_CV_mean_R2,,0.160881173185741,,,,0.109793310542679,0.197305913597302,,100 x repeated grouped 5-fold CV; interval = quantiles across repeats,,,,111,,,stage09|movement_mean_sex|repeated_CV_mean_R2|pooled,,,,
stage09,stage09_primary_behavior_family_sex,primary_behavior_family_sex,repeated_CV_mean_R2,,0.144375430708729,,,,0.0815062850438031,0.19482225918421,,100 x repeated grouped 5-fold CV; interval = quantiles across repeats,,,,111,,,stage09|primary_behavior_family_sex|repeated_CV_mean_R2|pooled,,,,
stage09,stage09_feature_x_sex,Movement_mean,feature_x_Sex_interaction,,-0.00681735021918911,0.110543918063135,,,-0.225957775061612,0.212323074623234,0.950939911223811,"lm(CombZ ~ feature * Sex), as registered",,,,111,,,stage09|Movement_mean|feature_x_Sex_interaction|pooled,,,,
stage09,stage09_feature_x_sex,Movement_rmssd,feature_x_Sex_interaction,,0.0741181839337346,0.109346971001915,,,-0.142649432959545,0.290885800827014,0.499345350204944,"lm(CombZ ~ feature * Sex), as registered",,,,111,,,stage09|Movement_rmssd|feature_x_Sex_interaction|pooled,,,,
stage09,stage09_feature_x_sex,Entropy_acf1,feature_x_Sex_interaction,,1.00178377156689,1.12168065534524,,,-1.22181730623729,3.22538484937107,0.373802774488835,"lm(CombZ ~ feature * Sex), as registered",,,,111,,,stage09|Entropy_acf1|feature_x_Sex_interaction|pooled,,,,
