Draw,Valid,Boundary,LogRRR,CONReference,CONPost,SISReference,SISPost,CONChange,SISChange,ChangeDifference,Reason,Used
1,TRUE,FALSE,-0.03581831101667335,26.88601966533623,23.33113352228471,28.673774041084787,24.007033078570615,-3.5548861430515224,-4.666740962514172,-1.1118548194626499,,TRUE
2,TRUE,FALSE,-0.11981766067127675,27.63282698768602,23.467754571549044,29.511921605591212,22.23348590865862,-4.165072416136976,-7.278435696932593,-3.1133632807956175,,TRUE
3,TRUE,FALSE,-0.015358625278192258,28.655825486977818,24.799463577017487,30.39583823354349,25.904387118030556,-3.856361909960331,-4.491451115512934,-0.6350892055526032,,TRUE
4,TRUE,FALSE,0.07917685960525202,26.789166583567685,19.78155759113005,28.60584532146146,22.86346984136712,-7.0076089924376355,-5.7423754800943385,1.265233512343297,,TRUE
5,TRUE,FALSE,-0.17288797728970803,26.63330314857739,25.143035667816587,31.831953153716672,25.279685784350793,-1.490267480760803,-6.552267369365879,-5.061999888605076,,TRUE
6,TRUE,FALSE,-0.21171515848481082,26.60340024629495,26.561826144469464,27.650667640986118,22.339820453168944,-0.0415741018254856,-5.310847187817174,-5.2692730859916885,,TRUE
7,TRUE,FALSE,-0.0750713729207824,26.839650076316516,23.213500188333008,30.340652592828675,24.34364548025396,-3.626149887983509,-5.997007112574714,-2.370857224591205,,TRUE
8,TRUE,FALSE,-0.10616699422683477,24.714251679801123,22.744873594809246,28.125187425509694,23.27682535106815,-1.9693780849918774,-4.8483620744415425,-2.878983989449665,,TRUE
9,TRUE,FALSE,-0.03237431120701327,28.934103022842095,23.26940140319588,30.66221135791138,23.873641948441804,-5.664701619646216,-6.788569409469577,-1.123867789823361,,TRUE
10,TRUE,FALSE,-0.13855134180437978,27.4159118340478,24.701650360183717,31.952817035404653,25.064574987257103,-2.7142614738640845,-6.88824204814755,-4.1739805742834655,,TRUE
11,TRUE,FALSE,-0.015657806348860933,27.61155762016516,22.877675035856768,29.439038271140443,24.012893755927987,-4.733882584308393,-5.4261445152124566,-0.6922619309040634,,TRUE
12,TRUE,FALSE,-0.11613680220695782,27.858553079250346,24.75526396250863,26.897914858228834,21.28090277055397,-3.103289116741717,-5.6170120876748655,-2.5137229709331486,,TRUE
13,TRUE,FALSE,0.002934353012267106,29.906189250841567,23.771803311068933,30.420044283918237,24.251313521616066,-6.134385939772635,-6.168730762302172,-0.034344822529536856,,TRUE
14,TRUE,FALSE,-0.11494034685760265,26.690276971109597,23.656266705292577,28.785722898676603,22.74323869012464,-3.0340102658170203,-6.0424842085519614,-3.008473942734941,,TRUE
15,TRUE,FALSE,-0.04639429649104515,30.25078855689113,25.65909775247622,29.51919081189547,23.903436522333656,-4.59169080441491,-5.6157542895618136,-1.024063485146904,,TRUE
16,TRUE,FALSE,-0.16588097907306731,27.216090784823084,25.63979813816098,28.05008234688738,22.38627339906518,-1.576292646662104,-5.663808947822201,-4.087516301160097,,TRUE
17,TRUE,FALSE,-0.2740419924524951,25.063517029665224,26.016154482127646,28.424095714805706,22.432249223945043,0.9526374524624224,-5.991846490860663,-6.944483943323085,,TRUE
18,TRUE,FALSE,0.01787955602384511,31.75698458226581,25.418428027547552,29.552135884057293,24.08037789132573,-6.338556554718259,-5.471757992731565,0.8667985619866947,,TRUE
19,TRUE,FALSE,-0.0037130206584785903,31.90423663668632,25.900696220492108,28.47629267750554,23.03212367771025,-6.0035404161942125,-5.444168999795291,0.5593714163989212,,TRUE
20,TRUE,FALSE,-0.014261086253534819,24.496110029245084,20.827882462532216,28.042479645170758,23.505575911624,-3.6682275667128685,-4.536903733546758,-0.8686761668338896,,TRUE
21,TRUE,FALSE,-0.10297229012027773,25.796652278118113,22.404510322523507,29.54827706746793,23.151757875409054,-3.3921419555946066,-6.396519192058875,-3.0043772364642685,,TRUE
22,TRUE,FALSE,-0.06971989354917155,24.79151131840363,22.12199858744217,26.39613766005545,21.967608351756276,-2.6695127309614577,-4.428529308299176,-1.759016577337718,,TRUE
23,TRUE,FALSE,-0.1562052501762843,26.293785981861387,24.709066587332007,26.66059802233888,21.43058491977571,-1.5847193945293796,-5.23001310256317,-3.6452937080337904,,TRUE
24,TRUE,FALSE,-0.09063256634918138,26.63057792988726,23.180291812033634,30.115580408066446,23.942435249770135,-3.4502861178536257,-6.173145158296311,-2.7228590404426853,,TRUE
25,TRUE,FALSE,-0.024270074163066892,24.873028617252434,20.353884312975733,30.396727735819088,24.27756393168511,-4.5191443042767006,-6.119163804133979,-1.6000194998572788,,TRUE
26,TRUE,FALSE,-0.030497228401719163,27.196113692779118,23.813650387935084,27.570118794983028,23.416014843579724,-3.382463304844034,-4.154103951403304,-0.7716406465592698,,TRUE
27,TRUE,FALSE,0.0840885243088486,29.369670092460908,22.265619768569916,32.19129530339775,26.545649408319445,-7.104050323890991,-5.645645895078307,1.4584044288126847,,TRUE
28,TRUE,FALSE,-0.15280187123463154,30.525885523190553,27.19111027547274,31.459186668368215,24.051665257002853,-3.334775247717811,-7.407521411365362,-4.072746163647551,,TRUE
29,TRUE,FALSE,-0.010561305830651018,34.95743912659326,27.609238079059477,28.348640235356168,22.154417070046122,-7.348201047533781,-6.194223165310046,1.1539778822237352,,TRUE
30,TRUE,FALSE,-0.027058667256174947,39.15059610558505,31.58129342823386,28.437658297055453,22.32718317548146,-7.5693026773511924,-6.1104751215739945,1.458827555777198,,TRUE
31,TRUE,FALSE,4.5244883266112466e-4,27.21905685425979,20.880807285134065,31.345084180840935,24.056926924767087,-6.3382495691257255,-7.288157256073848,-0.9499076869481229,,TRUE
32,TRUE,FALSE,0.027966363622291265,26.17914264928964,20.45458772328158,30.2001200730759,24.265520861237952,-5.724554926008061,-5.9345992118379485,-0.21004428582988766,,TRUE
33,TRUE,FALSE,-0.0933413463958536,24.815640651946424,21.905357084527402,28.044228677186815,22.54917793231004,-2.9102835674190217,-5.4950507448767745,-2.5847671774577528,,TRUE
34,TRUE,FALSE,0.027800208478383208,28.17799840402297,22.7599906268173,27.29368648107267,22.66718631559118,-5.41800777720567,-4.626500165481488,0.7915076117241817,,TRUE
35,TRUE,FALSE,-0.18725067457576924,27.4630054424993,25.722811173601965,29.63872715020668,23.020141070348426,-1.7401942688973335,-6.618586079858254,-4.87839181096092,,TRUE
36,TRUE,FALSE,-0.09120626539035394,29.77317333418489,26.00588288399291,29.109434685332417,23.209718342782377,-3.767290450191979,-5.89971634255004,-2.132425892358061,,TRUE
37,TRUE,FALSE,-0.07885800741145518,27.039825556838284,22.77168191544448,27.335197016962756,21.274817053976626,-4.268143641393806,-6.060379962986129,-1.7922363215923234,,TRUE
38,TRUE,FALSE,-0.1449396081117932,24.413111735766115,22.182484644763342,31.121665556986287,24.462644838666805,-2.2306270910027735,-6.659020718319482,-4.428393627316709,,TRUE
39,TRUE,FALSE,-0.0362564938947394,25.669432098779183,22.46637548215888,28.763754807038744,24.27819163854772,-3.2030566166203016,-4.485563168491023,-1.2825065518707213,,TRUE
40,TRUE,FALSE,-0.16525612532785527,31.650209578554477,29.76893308965673,28.591143344578835,22.795460993186087,-1.881276488897747,-5.795682351392749,-3.914405862495002,,TRUE
41,TRUE,FALSE,-0.09591971197718933,36.42659550663431,31.798778438347018,28.31359118792824,22.45584536492246,-4.627817068287289,-5.857745823005779,-1.2299287547184896,,TRUE
42,TRUE,FALSE,0.024229748441350486,24.896025194284885,20.40161046275248,29.96678461121751,25.159234827578636,-4.494414731532405,-4.807549783638873,-0.3131350521064675,,TRUE
43,TRUE,FALSE,-0.020385732608592222,28.192853047353275,23.488091513223758,28.32238316383546,23.119853903916624,-4.704761534129517,-5.202529259918837,-0.4977677257893198,,TRUE
44,TRUE,FALSE,0.016670576831197752,26.965638315313285,20.719633902829692,31.39410250748744,24.527844485443307,-6.246004412483593,-6.866258022044132,-0.6202536095605389,,TRUE
45,TRUE,FALSE,-0.10177522483325592,30.603732373416474,26.661333871077144,28.778592698197702,22.645223540853223,-3.94239850233933,-6.133369157344479,-2.190970655005149,,TRUE
46,TRUE,FALSE,-0.09796215862677236,27.87086418080382,24.691572675733692,29.367563421160742,23.589666861044883,-3.179291505070129,-5.77789656011586,-2.5986050550457307,,TRUE
47,TRUE,FALSE,-0.09852840915468952,32.6714919803176,27.213991240414675,28.23095401726892,21.30877498704709,-5.4575007399029225,-6.92217903022183,-1.4646782903189077,,TRUE
48,TRUE,FALSE,0.10000195321955953,30.675225304674825,22.04764353010398,29.457751188580623,23.399377472577875,-8.627581774570846,-6.058373716002748,2.5692080585680976,,TRUE
49,TRUE,FALSE,0.05516072312204568,35.44105354756335,27.308336764193566,29.13719723411191,23.724244859838546,-8.132716783369784,-5.412952374273363,2.7197644090964204,,TRUE
50,TRUE,FALSE,-0.09798128339641807,24.274370629202625,20.796091247124053,29.460239816613324,22.883227740159107,-3.478279382078572,-6.577012076454217,-3.098732694375645,,TRUE
51,TRUE,FALSE,-0.16493206370494412,28.097459774651462,24.857730551828794,31.38257141028641,23.54256935810353,-3.2397292228226675,-7.840002052182879,-4.600272829360211,,TRUE
52,TRUE,FALSE,-0.04617588398672744,25.525356531323713,21.88228991247188,28.313817914128556,23.177439379481893,-3.643066618851833,-5.1363785346466635,-1.4933119157948305,,TRUE
53,TRUE,FALSE,-0.1286449783464372,30.989233585007536,26.2626672465682,28.94356454747661,21.56801649460424,-4.726566338439337,-7.375548052872368,-2.648981714433031,,TRUE
54,TRUE,FALSE,0.04412597106278752,28.245235758044423,21.49203222009368,26.481564504374017,21.059089186637255,-6.753203537950743,-5.422475317736762,1.330728220213981,,TRUE
55,TRUE,FALSE,-0.0862821943306252,32.10911847659199,26.16300122423785,28.545842004111645,21.336842712194485,-5.946117252354139,-7.208999291917159,-1.2628820395630207,,TRUE
56,TRUE,FALSE,-0.08329187533925386,27.987072947315948,23.379376439688617,28.0166717206688,21.53370620820919,-4.607696507627331,-6.482965512459611,-1.8752690048322798,,TRUE
57,TRUE,FALSE,-0.07258226119885723,26.74816309229304,23.321347594014277,28.704070813316974,23.27453948206243,-3.4268154982787635,-5.429531331254545,-2.002715832975781,,TRUE
58,TRUE,FALSE,-0.04135869857392601,32.50959595387521,27.92259558601076,29.801152508746018,24.559268086427608,-4.5870003678644515,-5.24188442231841,-0.6548840544539587,,TRUE
59,TRUE,FALSE,-0.08875731173033229,28.796504771619027,24.1327474259042,32.718661774391606,25.090869491205844,-4.663757345714828,-7.627792283185762,-2.9640349374709345,,TRUE
60,TRUE,FALSE,-0.06402145355085816,24.639406888970075,20.303550947053633,30.62816294032632,23.67328546016936,-4.335855941916442,-6.954877480156959,-2.619021538240517,,TRUE
61,TRUE,FALSE,-0.07175901927099276,25.38636158970869,22.67901667321474,29.298846485423127,24.361820268298644,-2.707344916493952,-4.937026217124483,-2.2296813006305314,,TRUE
62,TRUE,FALSE,-0.013743779482390823,29.022630734698335,24.252353021694532,29.006529521401184,23.908043005493983,-4.770277713003804,-5.098486515907201,-0.32820880290339716,,TRUE
63,TRUE,FALSE,-0.08839752864111738,27.198522134567515,24.012193723281648,29.715757275345073,24.015010180921816,-3.186328411285867,-5.7007470944232566,-2.5144186831373894,,TRUE
64,TRUE,FALSE,-0.1419006495596401,29.62791598678755,27.996694085077344,28.04797956131066,22.997496454134374,-1.6312219017102052,-5.050483107176287,-3.419261205466082,,TRUE
65,TRUE,FALSE,-0.03412551115461306,29.25867666255301,24.702270925577228,27.232866898765128,22.220562224967544,-4.556405736975783,-5.012304673797583,-0.45589893682180005,,TRUE
66,TRUE,FALSE,-0.08292524123341292,25.238324787406718,21.670990373255652,28.28817830644099,22.35677934205409,-3.567334414151066,-5.931398964386901,-2.3640645502358346,,TRUE
67,TRUE,FALSE,-0.006999711554974604,29.749708574713285,23.846084168169956,29.310848630484045,23.330433760735378,-5.903624406543329,-5.980414869748667,-0.076790463205338,,TRUE
68,TRUE,FALSE,-0.08344926877958538,26.12751566360789,23.57654915540178,27.320216648280404,22.67904193113782,-2.5509665082061126,-4.641174717142583,-2.0902082089364704,,TRUE
69,TRUE,FALSE,-0.012290549836699307,34.78479785252612,26.55925953768028,33.44879218372944,25.22720877461828,-8.225538314845839,-8.221583409111158,0.003954905734680381,,TRUE
70,TRUE,FALSE,0.04727319020596482,28.450488693821487,22.25344334038527,29.09500104318331,23.85922607281986,-6.197045353436216,-5.2357749703634475,0.9612703830727689,,TRUE
71,TRUE,FALSE,0.021872708873755142,25.64869748474914,19.69350929918967,29.853550554431347,23.428958557686673,-5.955188185559468,-6.424591996744674,-0.4694038111852059,,TRUE
72,TRUE,FALSE,-0.07456537153397239,28.46418058095735,23.856946257401038,30.02321012365846,23.355542668195604,-4.6072343235563125,-6.667667455462855,-2.0604331319065423,,TRUE
73,TRUE,FALSE,-0.09156764500561379,35.136107057412815,29.97843963352473,28.742477853653508,22.377536026646393,-5.1576674238880855,-6.364941827007115,-1.2072744031190297,,TRUE
74,TRUE,FALSE,-0.1244523725476078,29.552217684927776,26.869101726447504,28.033676891675082,22.505784457305857,-2.683115958480272,-5.527892434369225,-2.8447764758889527,,TRUE
75,TRUE,FALSE,0.032526060309590404,28.41433508852101,21.35848023873797,30.428205169239398,23.62844132755278,-7.055854849783039,-6.7997638416866195,0.25609100809641916,,TRUE
76,TRUE,FALSE,-0.0021878746255128106,25.99967209655387,20.16060815022259,28.019913515336885,21.679654983599185,-5.8390639463312795,-6.3402585317377,-0.5011945854064201,,TRUE
77,TRUE,FALSE,-0.10244496449863849,28.947804648984338,24.65441963971222,31.295391323266884,24.058483813010014,-4.293385009272118,-7.23690751025687,-2.943522500984752,,TRUE
78,TRUE,FALSE,-0.23930706329967444,25.21426346345136,24.252469351636446,28.448158479672184,21.539424705022867,-0.961794111814914,-6.908733774649317,-5.946939662834403,,TRUE
79,TRUE,FALSE,-0.15947975916856086,26.358413813853822,23.779839834727316,30.5926401150695,23.53127350417947,-2.5785739791265065,-7.06136661089003,-4.482792631763523,,TRUE
80,TRUE,FALSE,-0.0020832583563868724,27.780094258054916,21.73655052816063,28.67270401119234,22.388284340024217,-6.043543729894285,-6.2844196711681235,-0.24087594127383838,,TRUE
81,TRUE,FALSE,-0.15806761172943845,24.145357349474537,22.449555090904028,27.751584441901148,22.029974442551968,-1.6958022585705095,-5.72160999934918,-4.025807740778671,,TRUE
82,TRUE,FALSE,-0.15712601317495908,29.16768366092828,26.262020729464147,29.086449362046082,22.380920649601723,-2.905662931464132,-6.705528712444359,-3.7998657809802268,,TRUE
83,TRUE,FALSE,0.035458937706689946,32.765003212163954,24.6963321675079,27.91291734300436,21.798524269191077,-8.068671044656053,-6.114393073813282,1.9542779708427709,,TRUE
84,TRUE,FALSE,0.06485251777246255,27.234952970476456,20.628246115788578,29.414216391526804,23.771579993148727,-6.606706854687879,-5.642636398378077,0.9640704563098019,,TRUE
85,TRUE,FALSE,-0.02330493116625265,24.64219477689734,21.53867970514242,28.103357454577353,23.9980910306014,-3.10351507175492,-4.1052664239759515,-1.0017513522210315,,TRUE
86,TRUE,FALSE,-0.0998356214066376,29.374674703182624,26.15233153537129,29.722117306790814,23.947436576737942,-3.222343167811335,-5.7746807300528715,-2.5523375622415365,,TRUE
87,TRUE,FALSE,-0.07897092697854068,32.313668711569676,27.321488881535497,27.810511155663477,21.728534090462976,-4.992179830034178,-6.081977065200501,-1.0897972351663228,,TRUE
88,TRUE,FALSE,-0.17707354857741298,29.811930072538313,28.043438547477432,29.675520051344265,23.385003713814548,-1.768491525060881,-6.290516337529716,-4.522024812468835,,TRUE
89,TRUE,FALSE,0.027128288966714,26.01653304289946,21.25447653237822,28.10851887485116,23.595034645144757,-4.762056510521241,-4.513484229706403,0.2485722808148374,,TRUE
90,TRUE,FALSE,-0.07172392241421253,25.856204679288876,23.854032487340977,28.092617013899066,24.123478100870198,-2.002172191947899,-3.9691389130288677,-1.9669667210809685,,TRUE
91,TRUE,FALSE,-0.03865214952063759,27.953773556617474,21.95762998418491,29.494443626215325,22.289422299161078,-5.996143572432565,-7.205021327054247,-1.2088777546216818,,TRUE
92,TRUE,FALSE,0.05024542450992753,26.474521224365773,22.141905750877566,27.24210030986477,23.957901844014817,-4.332615473488207,-3.284198465849954,1.0484170076382533,,TRUE
93,TRUE,FALSE,0.04375152453812872,24.442153044578507,19.92504325278234,29.92280306033479,25.48373813005828,-4.517109791796166,-4.439064930276508,0.07804486151965762,,TRUE
94,TRUE,FALSE,-0.0353346224344905,28.098818254451484,21.57369535438049,31.248599804156783,23.159086082996748,-6.525122900070993,-8.089513721160035,-1.5643908210890416,,TRUE
95,TRUE,FALSE,-0.1457571317552006,24.75070388034364,22.273686118939494,30.489821652707295,23.716899158203944,-2.477017761404145,-6.7729224945033515,-4.295904733099206,,TRUE
96,TRUE,FALSE,-0.11968110665373412,28.682289618801054,24.04565124160247,31.67911599167735,23.56236812581534,-4.636638377198583,-8.11674786586201,-3.4801094886634267,,TRUE
97,TRUE,FALSE,-0.17830763415580145,29.82942910998626,26.12270738040834,32.20828327889395,23.59949988355572,-3.7067217295779216,-8.608783395338232,-4.902061665760311,,TRUE
98,TRUE,FALSE,-0.034585486723701896,34.01469041511948,27.34855592482932,30.069080541397977,23.354347561483856,-6.666134490290162,-6.714732979914121,-0.048598489623959296,,TRUE
99,TRUE,FALSE,-0.07831115677132555,22.8728709521049,21.20864156947091,27.316381583555504,23.420989549146725,-1.664229382633991,-3.895392034408779,-2.2311626517747882,,TRUE
100,TRUE,FALSE,-0.09108965001661427,28.662190134867135,24.514921510831805,28.443580740877824,22.209852310525363,-4.1472686240353305,-6.2337284303524605,-2.08645980631713,,TRUE
101,TRUE,FALSE,-0.07025919600479626,28.441286108823846,23.882255685628827,29.328657585949692,22.956470462637128,-4.5590304231950185,-6.372187123312564,-1.8131567001175455,,TRUE
102,TRUE,FALSE,-0.05258630961709235,29.270378026323446,24.782803911281626,29.450887947624942,23.658246828732793,-4.48757411504182,-5.792641118892149,-1.3050670038503291,,TRUE
103,TRUE,FALSE,-0.08932999944058796,25.28607837313556,21.664738395841894,31.284951821089564,24.513873137654503,-3.6213399772936654,-6.771078683435061,-3.1497387061413953,,TRUE
104,TRUE,FALSE,-0.15633961616462422,25.643689870886657,23.744655836532488,31.274803581226987,24.767519944262748,-1.8990340343541696,-6.507283636964239,-4.608249602610069,,TRUE
105,TRUE,FALSE,-0.16652196858437454,29.65445550838175,27.801842930106538,29.061013190360434,23.066133997867638,-1.8526125782752132,-5.994879192492796,-4.142266614217583,,TRUE
106,TRUE,FALSE,-0.03538531264692058,29.26558188834353,23.548890270911613,26.766324858245305,20.789037422166867,-5.716691617431916,-5.977287436078438,-0.2605958186465216,,TRUE
107,TRUE,FALSE,-0.12588631468212755,35.10722075955965,30.393811844848756,31.478072975203272,24.028415129218843,-4.713408914710897,-7.449657845984429,-2.7362489312735327,,TRUE
108,TRUE,FALSE,-0.0500909879448513,28.645129979507633,23.770718416563643,30.973343294922753,24.446987850697166,-4.87441156294399,-6.526355444225587,-1.6519438812815963,,TRUE
109,TRUE,FALSE,0.06509557496046509,28.995758195374098,22.023465836083435,28.839347219312312,23.377995488980222,-6.9722923592906625,-5.46135173033209,1.510940628958572,,TRUE
110,TRUE,FALSE,-0.008779017844769109,29.55722841060689,24.499865545006077,29.55364061748575,24.282774234594985,-5.057362865600812,-5.270866382890766,-0.2135035172899542,,TRUE
111,TRUE,FALSE,-0.11067761891989512,25.839722555877636,22.58542453379785,31.334170905324733,24.518389542749897,-3.2542980220797872,-6.815781362574835,-3.561483340495048,,TRUE
112,TRUE,FALSE,-0.14469578826596538,28.200134238864656,26.080941161084137,30.950393517395362,24.76838424604206,-2.119193077780519,-6.1820092713533015,-4.0628161935727825,,TRUE
113,TRUE,FALSE,-0.00537565627134006,29.574514609124357,23.908091935428,29.062413529617768,23.36815108563239,-5.666422673696356,-5.694262443985377,-0.027839770289020294,,TRUE
114,TRUE,FALSE,-0.10266216336279271,24.43188074824189,21.28627631442654,33.582675502954295,26.404167398001032,-3.1456044338153504,-7.178508104953263,-4.0329036711379125,,TRUE
115,TRUE,FALSE,-0.014506661143536834,27.72586424974615,21.68884494218378,27.848310645210045,21.47088883090544,-6.0370193075623675,-6.377421814304604,-0.3404025067422367,,TRUE
116,TRUE,FALSE,-0.004175767879600304,30.181266848818428,24.717543312374797,29.33876639587093,23.927436638206686,-5.463723536443631,-5.4113297576642445,0.052393778779386224,,TRUE
117,TRUE,FALSE,-0.048786039856133404,33.73216587056291,27.662875947061828,26.59541841396315,20.771718163494924,-6.069289923501081,-5.8237002504682245,0.24558967303285684,,TRUE
118,TRUE,FALSE,-0.011484697541324253,32.76400484738716,26.53290221660895,30.607758837771488,24.503694262238273,-6.231102630778214,-6.104064575533215,0.12703805524499856,,TRUE
119,TRUE,FALSE,-0.10489044410723648,32.72502695516404,28.996230341774215,26.87190260103435,21.43910265360771,-3.728796613389825,-5.432799947426641,-1.7040033340368161,,TRUE
120,TRUE,FALSE,-0.2737713145132461,24.768592587211305,24.03580088589201,30.76416703450275,22.70414007496997,-0.7327917013192966,-8.060026959532781,-7.327235258213484,,TRUE
121,TRUE,FALSE,0.018246281207992786,30.88469598132563,24.94203265050342,28.26095046974665,23.243393566212948,-5.94266333082221,-5.017556903533702,0.9251064272885081,,TRUE
122,TRUE,FALSE,-0.01351816737779584,22.69763706324557,18.719556956899467,30.832546207328413,25.087272322217725,-3.978080106346102,-5.745273885110688,-1.767193778764586,,TRUE
123,TRUE,FALSE,-0.15761875026544633,24.718206668277883,22.246282106526692,30.606154634171087,23.528611340448315,-2.471924561751191,-7.077543293722773,-4.605618731971582,,TRUE
124,TRUE,FALSE,-0.04459620967225081,27.80320403380379,24.338243179641562,28.446412034202,23.815186554716306,-3.4649608541622285,-4.631225479485696,-1.1662646253234676,,TRUE
125,TRUE,FALSE,-0.112577572299511,28.86934928760547,26.17196379233364,29.9183009366246,24.235078098668513,-2.6973854952718312,-5.683222837956087,-2.985837342684256,,TRUE
126,TRUE,FALSE,-0.11518569449136208,26.844284290529888,24.186974442683468,29.836080866963705,23.957802492232503,-2.6573098478464203,-5.878278374731202,-3.220968526884782,,TRUE
127,TRUE,FALSE,-0.060754599040142604,30.33499578741265,24.99919388507802,28.247463175921315,21.906658082821796,-5.33580190233463,-6.340805093099519,-1.0050031907648886,,TRUE
128,TRUE,FALSE,-0.04801992367924294,29.217419660073336,24.79928531416246,28.35912087684584,22.942211678109462,-4.418134345910875,-5.416909198736377,-0.9987748528255018,,TRUE
129,TRUE,FALSE,-0.06685369907436817,31.298588621567195,25.189790713217203,28.951532863168328,21.794011486854707,-6.108797908349992,-7.157521376313621,-1.0487234679636295,,TRUE
130,TRUE,FALSE,-0.04173656184016245,34.71070302713923,27.23148353967204,30.523079731356194,22.96731805177239,-7.479219487467191,-7.555761679583803,-0.07654219211661228,,TRUE
131,TRUE,FALSE,-0.06726310291103599,26.996512328191677,23.1848418756285,28.894131200223516,23.200327895585225,-3.8116704525631775,-5.6938033046382905,-1.882132852075113,,TRUE
132,TRUE,FALSE,-0.043265597588470164,28.338837054625422,23.386461026986936,29.980432497190073,23.693562565910124,-4.952376027638486,-6.2868699312799485,-1.3344939036414623,,TRUE
133,TRUE,FALSE,-0.08893886349966297,27.097996929894,22.641044219677234,27.84545913111642,21.28570256269408,-4.456952710216765,-6.5597565684223405,-2.1028038582055757,,TRUE
134,TRUE,FALSE,0.00396286860803185,31.05863914621316,24.947340966082272,30.767517377105463,24.811632867224745,-6.111298180130888,-5.955884509880718,0.1554136702501694,,TRUE
135,TRUE,FALSE,-0.08610896938065478,30.53143911835663,25.953924576528127,29.020067555949666,22.633802999645916,-4.577514541828503,-6.38626455630375,-1.8087500144752475,,TRUE
136,TRUE,FALSE,-0.07774078489930936,28.400244600220223,24.796105007382184,30.27191570477204,24.453380062737843,-3.604139592838038,-5.818535642034199,-2.2143960491961607,,TRUE
137,TRUE,FALSE,-0.206504824138249,25.656251769262106,24.79763258711336,30.486425598296982,23.96843151234877,-0.8586191821487468,-6.517994085948214,-5.659374903799467,,TRUE
138,TRUE,FALSE,-0.07891774433901323,22.07660591298562,19.684959394510614,29.573297851978868,24.368479660841693,-2.3916465184750066,-5.204818191137175,-2.8131716726621683,,TRUE
139,TRUE,FALSE,0.04448380777038266,28.589631338552948,22.98676537885122,27.56143211987404,23.168086198860678,-5.602865959701727,-4.393345921013363,1.209520038688364,,TRUE
140,TRUE,FALSE,-0.11346545981572694,32.10337245276486,28.03137860695788,31.09619375167842,24.23949739014305,-4.071993845806979,-6.85669636153537,-2.784702515728391,,TRUE
141,TRUE,FALSE,0.02244462975874199,26.972157816264914,21.635105125791007,31.651243946645838,25.964602589198368,-5.337052690473907,-5.686641357447471,-0.3495886669735633,,TRUE
142,TRUE,FALSE,-0.029937843690563022,26.214075804760697,22.32960745732579,27.743661441529717,22.935513782253146,-3.8844683474349075,-4.808147659276571,-0.9236793118416635,,TRUE
143,TRUE,FALSE,-0.10641208258020443,28.34787378087983,23.571013387486584,32.93642730769305,24.62181547930534,-4.776860393393246,-8.314611828387712,-3.5377514349944654,,TRUE
144,TRUE,FALSE,-0.1700396396005563,26.73470459186549,23.995086190515696,28.977562200259825,21.94125648070191,-2.7396184013497944,-7.036305719557916,-4.2966873182081216,,TRUE
145,TRUE,FALSE,-0.11758345665063653,25.945097821135384,23.812187268065504,29.247956888532435,23.86567182654322,-2.1329105530698804,-5.382285061989215,-3.2493745089193347,,TRUE
146,TRUE,FALSE,-0.0660168553085756,25.755025956562726,21.292279721517623,31.77821430528233,24.59341875204719,-4.462746235045103,-7.184795553235141,-2.722049318190038,,TRUE
147,TRUE,FALSE,-0.15092276530803575,23.91929942555596,23.098675635921857,27.977848208298607,23.23314539779684,-0.8206237896341015,-4.744702810501767,-3.9240790208676657,,TRUE
148,TRUE,FALSE,-0.037201938197250185,26.04395723442771,21.922109851901343,27.41305262484146,22.23187948042095,-4.121847382526369,-5.181173144420509,-1.05932576189414,,TRUE
149,TRUE,FALSE,0.10070559471981545,31.552169442402583,24.02816272220216,28.751666594077875,24.215321902035694,-7.524006720200422,-4.5363446920421815,2.9876620281582404,,TRUE
150,TRUE,FALSE,-0.18222720384583266,22.45862827779698,20.889805643951046,31.048947198219285,24.06898532183217,-1.568822633845933,-6.979961876387115,-5.411139242541182,,TRUE
151,TRUE,FALSE,-0.15327915789553764,27.90883590262966,25.4751857370858,28.062553345105346,21.975285617584927,-2.433650165543863,-6.08726772752042,-3.6536175619765565,,TRUE
152,TRUE,FALSE,-0.06470006765800439,26.64654426678294,21.905669756322165,27.246397999915665,20.99548230736487,-4.740874510460774,-6.2509156925507945,-1.5100411820900206,,TRUE
153,TRUE,FALSE,0.10961910635194717,27.436897690052042,20.927227287953446,26.815329979156658,22.82268866727638,-6.509670402098596,-3.992641311880277,2.517029090218319,,TRUE
154,TRUE,FALSE,-0.2567497028750378,25.517855888028482,26.5904271560314,27.563927241984675,22.218628589358907,1.0725712680029176,-5.345298652625768,-6.417869920628686,,TRUE
155,TRUE,FALSE,-0.03494169234623378,30.186854657455505,26.081964415487537,28.754798252793336,23.99152061579955,-4.1048902419679685,-4.763277636993784,-0.6583873950258159,,TRUE
156,TRUE,FALSE,-0.13877081945160807,29.391854820904282,24.86520051923365,30.506641511439184,22.46425237290028,-4.526654301670632,-8.042389138538905,-3.5157348368682726,,TRUE
157,TRUE,FALSE,0.06765426625049999,28.990473673585008,22.21148042479988,28.13843945366019,23.067688436144913,-6.778993248785127,-5.070751017515278,1.7082422312698498,,TRUE
158,TRUE,FALSE,-0.0224817547631148,29.92069945523484,24.852956165938757,28.375555961450036,23.045545332936662,-5.067743289296082,-5.330010628513374,-0.26226733921729206,,TRUE
159,TRUE,FALSE,-0.11019641063326613,24.644690154389483,21.74379005481368,28.284087989273235,22.350969726848398,-2.9009000995758036,-5.933118262424838,-3.032218162849034,,TRUE
160,TRUE,FALSE,-0.0532338166064627,34.8895586202467,28.667340741713183,29.13150093440349,22.695285040940444,-6.22221787853352,-6.4362158934630465,-0.2139980149295262,,TRUE
161,TRUE,FALSE,0.00112365493510304,29.1708097228356,23.42552522060057,29.40611603928286,23.64103665208767,-5.74528450223503,-5.76507938719519,-0.019794884960159465,,TRUE
162,TRUE,FALSE,-0.0743919446230139,26.70494522567519,22.431478946570508,29.599270840801328,23.08018142700112,-4.273466279104682,-6.519089413800209,-2.2456231346955278,,TRUE
163,TRUE,FALSE,-0.28991683085031106,26.00852586063866,25.12137903542175,28.295278088109903,20.451841838434362,-0.8871468252169095,-7.843436249675541,-6.956289424458632,,TRUE
164,TRUE,FALSE,-0.19166062775955472,28.604036357578483,28.146545412990026,29.93860080067791,24.32159901293208,-0.4574909445884572,-5.617001787745831,-5.159510843157374,,TRUE
165,TRUE,FALSE,-0.1556114962656599,27.84983490838722,25.613069643422147,29.483857433209185,23.20823394987235,-2.236765264965072,-6.275623483336833,-4.038858218371761,,TRUE
166,TRUE,FALSE,-0.05038736956235355,26.500154448744166,22.348866358355313,29.17599120260242,23.39643870617912,-4.151288090388853,-5.779552496423303,-1.6282644060344502,,TRUE
167,TRUE,FALSE,-0.03014916961284268,25.265606701626503,21.14831473142874,25.472594803873314,20.688337995874225,-4.117291970197762,-4.784256807999089,-0.6669648378013271,,TRUE
168,TRUE,FALSE,-0.05430287198425388,30.72651734325088,24.906898910757963,27.54680898721812,21.149211459883684,-5.819618432492916,-6.397597527334437,-0.5779790948415204,,TRUE
169,TRUE,FALSE,0.013288615289121246,28.469868784369023,21.748684733789293,30.62513897097079,23.708101218478603,-6.72118405057973,-6.917037752492188,-0.19585370191245843,,TRUE
170,TRUE,FALSE,-0.12685633398037108,27.22939461355979,24.996987699111497,30.51959023962116,24.679444676972544,-2.232406914448294,-5.840145562648615,-3.6077386482003213,,TRUE
171,TRUE,FALSE,-0.053301947771063576,32.312903484616555,28.00923586001997,29.629940886131802,24.35046844988282,-4.303667624596585,-5.279472436248984,-0.9758048116523987,,TRUE
172,TRUE,FALSE,-0.04349127429194022,27.866171817073663,22.908742996854755,31.441156270329135,24.747676952068584,-4.957428820218908,-6.69347931826055,-1.7360504980416422,,TRUE
173,TRUE,FALSE,0.0887104675376853,32.303816241541206,23.824205828119652,31.539286323129048,25.418090970467738,-8.479610413421554,-6.12119535266131,2.358415060760244,,TRUE
174,TRUE,FALSE,-0.027063313400171412,31.7572959166142,25.814646791604492,31.018170719887213,24.540612935670442,-5.942649125009709,-6.477557784216771,-0.534908659207062,,TRUE
175,TRUE,FALSE,-0.06783440614546916,25.854877335874203,23.66635506073254,27.40714133914923,23.441884691798258,-2.188522275141665,-3.965256647350973,-1.776734372209308,,TRUE
176,TRUE,FALSE,-0.14532691511820178,27.44794265872828,25.04897793669998,29.199363850052038,23.042994966919785,-2.3989647220282997,-6.156368883132252,-3.7574041611039526,,TRUE
177,TRUE,FALSE,-0.07920585799872265,26.57043987570713,22.452055968383107,27.39668586081266,21.387338092280025,-4.118383907324024,-6.009347768532635,-1.8909638612086113,,TRUE
178,TRUE,FALSE,-0.13304399920815377,35.19644081218129,30.457604880219133,31.883639524849585,24.153752716029206,-4.738835931962154,-7.729886808820378,-2.9910508768582247,,TRUE
179,TRUE,FALSE,-0.14633206572763116,24.822343157403772,22.0073378083084,31.267684694357637,23.948000016594158,-2.8150053490953724,-7.31968467776348,-4.504679328668107,,TRUE
180,TRUE,FALSE,0.04238719105457725,30.569821873646184,23.868976088387228,29.145782539637178,23.74242772744893,-6.700845785258956,-5.4033548121882475,1.2974909730707083,,TRUE
181,TRUE,FALSE,-0.1902961809709458,30.92693845478577,26.949256764111233,30.500948171775196,21.972456894075766,-3.9776816906745367,-8.52849127769943,-4.550809587024894,,TRUE
182,TRUE,FALSE,-0.0889555393949976,27.00396369660268,22.795439619835896,30.636675757377823,23.660787606148936,-4.208524076766782,-6.975888151228887,-2.7673640744621046,,TRUE
183,TRUE,FALSE,-0.016589077440885107,26.885160991201655,21.89708744361718,29.11755534542543,23.325130170895132,-4.988073547584474,-5.7924251745302975,-0.8043516269458237,,TRUE
184,TRUE,FALSE,-0.012598494914174179,27.221466795821417,22.592121991556493,30.806299338814615,25.247220658670038,-4.629344804264925,-5.559078680144577,-0.9297338758796521,,TRUE
185,TRUE,FALSE,0.006023730961083037,29.437480186693914,23.166232550202874,29.687967921963754,23.50451664607061,-6.27124763649104,-6.183451275893145,0.08779636059789553,,TRUE
186,TRUE,FALSE,-0.07765820978418518,33.2303964784259,29.0718324199832,27.697212773221747,22.420558096551463,-4.158564058442703,-5.276654676670283,-1.1180906182275798,,TRUE
187,TRUE,FALSE,-0.10719042186733752,26.730643568815957,22.362890152629593,29.695384555534822,22.31799934920719,-4.367753416186364,-7.377385206327631,-3.009631790141267,,TRUE
188,TRUE,FALSE,5.930551243318583e-4,32.63390817917976,25.377363897970355,31.680608027574735,24.650656431858962,-7.256544281209408,-7.029951595715772,0.22659268549363532,,TRUE
189,TRUE,FALSE,0.08750050420702173,28.651542872120228,21.653573521846752,28.76262852928785,23.725267836272796,-6.997969350273475,-5.037360693015053,1.9606086572584225,,TRUE
190,TRUE,FALSE,-0.06938993867733387,23.987984246641968,20.233739660378266,30.122040854122904,23.704517980682066,-3.7542445862637024,-6.417522873440838,-2.6632782871771354,,TRUE
191,TRUE,FALSE,0.004396968711934457,32.9704315384538,26.89572200162632,31.56397693264185,25.861866899713856,-6.074709536827481,-5.702110032927994,0.3725995038994867,,TRUE
192,TRUE,FALSE,-0.10172502263246568,22.878066009173303,21.501262476764627,26.199744441400345,22.24144970495638,-1.376803532408676,-3.958294736443964,-2.581491204035288,,TRUE
193,TRUE,FALSE,-0.01749479795633439,31.812600763767207,27.946678472326678,28.820844339998164,24.879395770117274,-3.86592229144053,-3.9414485698808903,-0.07552627844036053,,TRUE
194,TRUE,FALSE,0.03555770078204719,31.619213726845466,25.008456672282016,33.16950002732954,27.18424425128061,-6.61075705456345,-5.9852557760489304,0.6255012785145198,,TRUE
195,TRUE,FALSE,-0.04063239006817015,31.361790621024166,26.250811928532823,27.560445139852746,22.15040618051619,-5.110978692491344,-5.410038959336557,-0.29906026684521336,,TRUE
196,TRUE,FALSE,0.00919598251507451,34.74009677472109,26.554875253891986,28.45410410219682,21.95087932469247,-8.185221520829103,-6.50322477750435,1.6819967433247527,,TRUE
197,TRUE,FALSE,-0.08128540189269101,33.635362372896275,29.24049187281677,27.16253166346162,21.769928718583543,-4.394870500079506,-5.392602944878078,-0.9977324447985723,,TRUE
198,TRUE,FALSE,-0.09733210191959088,27.90873117043414,24.950111601067157,30.338751004225358,24.607035909979544,-2.9586195693669843,-5.731715094245814,-2.77309552487883,,TRUE
199,TRUE,FALSE,-0.05853908781513247,27.005579090669627,23.312223649140808,30.50939341682063,24.839370008231715,-3.6933554415288192,-5.670023408588914,-1.976667967060095,,TRUE
200,TRUE,FALSE,-0.10493944528135152,26.89996983273413,24.78613420646646,27.939690373964446,23.179495048746695,-2.1138356262676687,-4.760195325217751,-2.646359698950082,,TRUE
201,TRUE,FALSE,-0.0069269034634758956,30.035903138194882,24.317158420762475,30.7468545994344,24.72091305408805,-5.718744717432408,-6.025941545346349,-0.3071968279139412,,TRUE
202,TRUE,FALSE,-0.11382091760398702,30.917224932895508,28.249239889811484,29.40329546180149,23.975654553213893,-2.6679850430840233,-5.427640908587598,-2.759655865503575,,TRUE
203,TRUE,FALSE,-0.04543726940614365,29.654097018828352,23.797459199921953,33.57439941198704,25.746665106059005,-5.8566378189064,-7.827734305928033,-1.971096487021633,,TRUE
204,TRUE,FALSE,-0.14883441859789012,24.274534858050338,20.856186013852774,28.300302647741347,20.95255976050706,-3.4183488441975634,-7.347742887234286,-3.929394043036723,,TRUE
205,TRUE,FALSE,0.02513358203706033,32.389581130527105,25.79462780136449,29.187013659213065,23.835758214983006,-6.594953329162614,-5.351255444230059,1.2436978849325548,,TRUE
206,TRUE,FALSE,0.005347706068821532,29.05562099245797,24.226035053926463,29.014014698582898,24.32105923062024,-4.829585938531508,-4.692955467962658,0.13663047056884992,,TRUE
207,TRUE,FALSE,0.025762920422589663,24.670845859211962,18.867669256464467,27.56526057090366,21.63141907054509,-5.803176602747495,-5.933841500358572,-0.13066489761107647,,TRUE
208,TRUE,FALSE,0.01087541059675391,28.122434841265676,22.199685582646406,31.211389478214095,24.907499958983898,-5.92274925861927,-6.3038895192301965,-0.3811402606109269,,TRUE
209,TRUE,FALSE,-0.004951944465862872,22.820501635683307,18.88046368951755,27.971067322668254,23.027453057542306,-3.9400379461657558,-4.943614265125948,-1.0035763189601923,,TRUE
210,TRUE,FALSE,-0.07604414056229288,31.32592070819631,26.70491345226497,27.45277101593199,21.689421441075062,-4.621007255931339,-5.763349574856928,-1.1423423189255892,,TRUE
211,TRUE,FALSE,-0.06378310654840108,27.935609645593654,23.924569161914725,31.98099134032585,25.696693397808264,-4.011040483678929,-6.284297942517586,-2.273257458838657,,TRUE
212,TRUE,FALSE,-0.11435776060607639,24.872568734032324,22.52277523641174,26.895835941026288,21.723078208553375,-2.3497934976205848,-5.172757732472913,-2.8229642348523285,,TRUE
213,TRUE,FALSE,-0.02164348304157224,28.812948606768586,23.86526299408624,27.045054779068913,21.92132193968003,-4.947685612682346,-5.123732839388882,-0.17604722670653672,,TRUE
214,TRUE,FALSE,-0.012162811043340813,25.516550321990923,21.404455268565673,27.733886228814548,22.9832111793347,-4.11209505342525,-4.750675049479849,-0.6385799960545988,,TRUE
215,TRUE,FALSE,-0.0795123220144935,27.844868029665555,23.533132230483858,29.762894418315607,23.231538525029944,-4.311735799181697,-6.531355893285664,-2.2196200941039663,,TRUE
216,TRUE,FALSE,-0.040875145920978566,28.74247895859753,23.778657092795317,28.847176741289942,22.909444939093873,-4.963821865802213,-5.937731802196069,-0.9739099363938557,,TRUE
217,TRUE,FALSE,-0.10581245934391267,29.923271335809957,25.75344269198007,29.542370829385828,22.872719324766024,-4.169828643829888,-6.669651504619804,-2.499822860789916,,TRUE
218,TRUE,FALSE,-0.04793931300161211,25.159270459058245,21.919470112994247,28.18535264884114,23.40645813938565,-3.2398003460639977,-4.77889450945549,-1.5390941633914927,,TRUE
219,TRUE,FALSE,-0.21387071459675197,23.724208823509638,23.519119397539072,27.986961139563633,22.40279435648221,-0.20508942597056645,-5.584166783081422,-5.379077357110855,,TRUE
220,TRUE,FALSE,0.07180903468300578,28.003574063966404,20.430898234304816,28.08850710235587,22.018560451632002,-7.572675829661588,-6.0699466507238675,1.5027291789377202,,TRUE
221,TRUE,FALSE,0.04509193949305054,31.400601664163784,23.299649983044574,29.677758637784716,23.036988541201417,-8.10095168111921,-6.640770096583299,1.4601815845359098,,TRUE
222,TRUE,FALSE,-0.08283222578929693,24.934427664408435,21.939680981890994,31.303233590456344,25.354002437353675,-2.994746682517441,-5.949231153102669,-2.9544844705852285,,TRUE
223,TRUE,FALSE,-0.11648430508944745,34.050339354955135,29.840891515704786,30.94079602091577,24.134224096488612,-4.209447839250348,-6.806571924427157,-2.5971240851768087,,TRUE
224,TRUE,FALSE,-0.10802615497410821,25.397846281125126,23.442075624159507,32.50091366272318,26.926479746646947,-1.955770656965619,-5.574433916076231,-3.618663259110612,,TRUE
225,TRUE,FALSE,0.011960100789347151,26.696927664752376,21.03054303953656,29.398461878647087,23.43732362059803,-5.666384625215816,-5.961138258049058,-0.29475363283324185,,TRUE
226,TRUE,FALSE,-0.05070775850733887,30.856349301720876,25.52701373614527,29.753865759506464,23.397894014949603,-5.3293355655756045,-6.355971744556861,-1.0266361789812564,,TRUE
227,TRUE,FALSE,-0.18065335652191206,27.682127226573844,26.321180949845886,29.434714026728727,23.361943829866988,-1.360946276727958,-6.07277019686174,-4.7118239201337815,,TRUE
228,TRUE,FALSE,0.043708548332503254,28.171264003411682,22.854167444566066,25.411941974981374,21.536707401889203,-5.317096558845616,-3.875234573092172,1.4418619857534445,,TRUE
229,TRUE,FALSE,-0.14142155268475584,23.779319192905877,21.85902466215027,26.87040554395467,21.443071055526826,-1.9202945307556085,-5.427334488427846,-3.5070399576722373,,TRUE
230,TRUE,FALSE,-0.06729214643089956,24.748647278678952,21.126008345991345,30.795851698149768,24.577267287529036,-3.6226389326876074,-6.218584410620732,-2.5959454779331246,,TRUE
231,TRUE,FALSE,-0.0807498526378839,29.323791773122558,26.147959391451696,29.634069193200556,24.37472642816892,-3.175832381670862,-5.2593427650316364,-2.0835103833607747,,TRUE
232,TRUE,FALSE,-0.0047446262674375825,26.263963694188668,21.87323536843676,25.25405660164286,20.93260803721303,-4.390728325751908,-4.321448564429829,0.06927976132207903,,TRUE
233,TRUE,FALSE,-0.09265856185534098,24.797592306620846,21.923977374114823,28.944659654773343,23.325833688928398,-2.8736149325060225,-5.618825965844945,-2.745211033338922,,TRUE
234,TRUE,FALSE,-0.004358578041500104,27.050735955104642,21.598371248050963,29.46952112818155,23.42729190899987,-5.452364707053679,-6.0422292191816815,-0.5898645121280026,,TRUE
235,TRUE,FALSE,-0.15206912783494322,25.14187886848184,22.58180970350632,28.744942296830892,22.175819178548522,-2.56006916497552,-6.56912311828237,-4.00905395330685,,TRUE
236,TRUE,FALSE,-0.17980785887307565,27.515905548847837,25.27975627798509,30.072699985424634,23.08192009866627,-2.2361492708627466,-6.990779886758364,-4.754630615895618,,TRUE
237,TRUE,FALSE,-0.1555209366647636,28.148181005572994,26.527714222454975,29.869787338406017,24.095710753100043,-1.6204667831180188,-5.7740765853059735,-4.153609802187955,,TRUE
238,TRUE,FALSE,0.0080792408848612,29.45262107219931,23.525642245932858,28.139372383883497,22.658998725592458,-5.926978826266453,-5.48037365829104,0.44660516797541305,,TRUE
239,TRUE,FALSE,-0.00872647079233427,24.34155495870124,20.99932430355332,28.844375250718553,24.6676786142483,-3.3422306551479224,-4.176696636470254,-0.8344659813223316,,TRUE
240,TRUE,FALSE,-0.1016491695010237,30.823786896520183,26.825892353207603,29.88038875813746,23.491392119859988,-3.9978945433125794,-6.388996638277472,-2.391102094964893,,TRUE
241,TRUE,FALSE,-0.13830194552570846,30.9746447530672,28.26169817476764,28.72901465954052,22.8270021088446,-2.712946578299558,-5.902012550695922,-3.1890659723963637,,TRUE
242,TRUE,FALSE,-0.178593460877201,23.667813190863537,23.273587160220906,26.468656487110355,21.770827497195146,-0.3942260306426313,-4.697828989915209,-4.3036029592725775,,TRUE
243,TRUE,FALSE,-2.4817411494708347e-4,28.432246821234042,23.078007226920672,28.15795837835188,22.849700207233482,-5.35423959431337,-5.308258171118396,0.04598142319497356,,TRUE
244,TRUE,FALSE,-0.014162444594984589,32.78980648445261,27.181532075465945,30.37533236946179,24.825925368840707,-5.6082744089866665,-5.549407000621084,0.05886740836558246,,TRUE
245,TRUE,FALSE,-0.10584270496532172,29.60471392370582,25.421602388240373,27.028337029846238,20.878268383763945,-4.1831115354654465,-6.150068646082293,-1.9669571106168462,,TRUE
246,TRUE,FALSE,0.10581829167829318,31.98806063890227,23.55100652852061,28.5387752330078,23.356792010808753,-8.43705411038166,-5.181983222199047,3.255070888182612,,TRUE
247,TRUE,FALSE,0.0348875298294708,31.977147385737798,24.019320101820153,30.110712450962,23.420355582622683,-7.957827283917645,-6.690356868339318,1.2674704155783267,,TRUE
248,TRUE,FALSE,-0.08399451649020001,34.73256462125437,30.60813334281512,28.337910795963104,22.960929552429274,-4.12443127843925,-5.37698124353383,-1.2525499650945804,,TRUE
249,TRUE,FALSE,-0.013793482331396741,33.03316269166837,25.802391014746387,27.84123553249592,21.449040396643174,-7.230771676921986,-6.392195135852745,0.8385765410692407,,TRUE
250,TRUE,FALSE,0.0583719020366339,29.623018166753514,23.923477199184752,27.07021171788734,23.175934012809634,-5.699540967568762,-3.8942777050777053,1.8052632624910565,,TRUE
251,TRUE,FALSE,-0.09639701345164642,25.254245943334514,22.55018167176499,30.860586416946013,25.02390731104392,-2.704064271569525,-5.836679105902093,-3.1326148343325677,,TRUE
252,TRUE,FALSE,-0.07263082491972414,28.43469746751409,23.36065385609938,30.796471586209538,23.528496565518132,-5.074043611414712,-7.267975020691406,-2.1939314092766935,,TRUE
253,TRUE,FALSE,-0.05444269925098764,23.698286174984272,20.48260478771436,29.240896688249645,23.93397142883251,-3.2156813872699104,-5.3069252594171346,-2.091243872147224,,TRUE
254,TRUE,FALSE,0.03786165134200329,36.68990225999417,27.70932334978046,30.21701519253302,23.701401921523193,-8.980578910213712,-6.515613271009826,2.4649656392038857,,TRUE
255,TRUE,FALSE,-0.14598204429897593,28.88876068312356,26.66533907904084,25.70842805657441,20.50664086334574,-2.22342160408272,-5.201787193228668,-2.978365589145948,,TRUE
256,TRUE,FALSE,-0.07751996476484711,29.05300295319815,26.336865198741645,28.348253833789702,23.78115111120339,-2.716137754456504,-4.567102722586313,-1.8509649681298086,,TRUE
257,TRUE,FALSE,0.032674008933168235,37.55174702146512,29.78597191076297,31.366594752349325,25.70627468452649,-7.7657751107021475,-5.660320067822834,2.1054550428793135,,TRUE
258,TRUE,FALSE,-0.08979062970219949,26.1399780565154,22.58855776712353,31.35409538564201,24.76748932850642,-3.5514202893918707,-6.58660605713559,-3.0351857677437195,,TRUE
259,TRUE,FALSE,-0.025559182577186645,35.06173488608414,28.177563820032578,30.12484035974694,23.59905338458392,-6.884171066051561,-6.525786975163019,0.35838409088854206,,TRUE
260,TRUE,FALSE,-0.10668138593989632,27.025464869082032,23.928890176069775,27.869073935500776,22.178939891496483,-3.0965746930122577,-5.690134044004292,-2.5935593509920345,,TRUE
261,TRUE,FALSE,-0.07748126086449544,26.0979948940356,22.06091435620855,31.622136118073197,24.73761843846128,-4.037080537827052,-6.884517679611918,-2.847437141784866,,TRUE
262,TRUE,FALSE,-0.0012426615711729923,27.35374702003769,22.271949702912668,29.32929416573495,23.850821463530128,-5.081797317125023,-5.478472702204822,-0.39667538507979927,,TRUE
263,TRUE,FALSE,-0.07408636223984269,31.748820406268248,27.579643312490983,30.765263789499535,24.816835151336893,-4.1691770937772645,-5.9484286381626426,-1.779251544385378,,TRUE
264,TRUE,FALSE,-0.17012489554987403,27.098713273784213,25.23155109988981,29.989945466063798,23.555192203100557,-1.8671621738944033,-6.434753262963241,-4.567591089068838,,TRUE
265,TRUE,FALSE,-0.07225580994292234,30.04760140462154,24.096806557157606,30.893918697079176,23.048484864841907,-5.950794847463932,-7.845433832237269,-1.8946389847733371,,TRUE
266,TRUE,FALSE,-0.0984814541874475,26.108402133635316,23.331728967575597,30.470427777323135,24.676026546257145,-2.7766731660597195,-5.79440123106599,-3.0177280650062706,,TRUE
267,TRUE,FALSE,-0.05424250448347803,28.780610433356603,23.780416413672242,27.164840198726196,21.260299993546706,-5.000194019684361,-5.90454020517949,-0.9043461854951289,,TRUE
268,TRUE,FALSE,-0.21078626003171527,27.0009667551859,25.645547673319566,27.125755011935713,20.86753686647228,-1.3554190818663336,-6.2582181454634345,-4.902799063597101,,TRUE
269,TRUE,FALSE,-0.17106427353288903,32.24956458763856,30.80891273373248,29.107222569458695,23.434787148723604,-1.440651853906079,-5.672435420735091,-4.231783566829012,,TRUE
270,TRUE,FALSE,-0.16178193797603538,25.675500858068602,24.02463161490129,27.66798517381707,22.021877586670957,-1.650869243167314,-5.646107587146112,-3.995238343978798,,TRUE
271,TRUE,FALSE,-0.05669953597055678,28.891979658445617,24.513206681489823,28.882112008495316,23.15407729956584,-4.378772976955794,-5.728034708929474,-1.3492617319736802,,TRUE
272,TRUE,FALSE,-0.20617856929673273,28.903546576602093,27.882135055610473,27.14559124730678,21.307474689466737,-1.0214115209916201,-5.838116557840042,-4.816705036848422,,TRUE
273,TRUE,FALSE,0.0714184077600936,29.835924598160183,22.478170493976986,30.706458250653014,24.846647992694837,-7.357754104183197,-5.859810257958177,1.49794384622502,,TRUE
274,TRUE,FALSE,-0.16996311436216224,26.513338321814388,24.14847977303442,29.93141348029493,23.000568248736347,-2.364858548779967,-6.930845231558582,-4.565986682778615,,TRUE
275,TRUE,FALSE,0.0548559865449623,26.48994458195017,21.827246184700105,26.48631354183288,23.05489056964096,-4.662698397250065,-3.431422972191921,1.2312754250581435,,TRUE
276,TRUE,FALSE,-0.040075766260607965,31.107398042256605,25.307880624362262,27.74305306636193,21.684112877098627,-5.799517417894343,-6.0589401892633035,-0.2594227713689605,,TRUE
277,TRUE,FALSE,0.04092857016772979,29.5265142880488,22.72053390461312,27.72643302849422,22.22672143064644,-6.805980383435681,-5.4997115978477815,1.3062687855878998,,TRUE
278,TRUE,FALSE,-0.05353146943869026,30.47972129816372,24.886283296789777,28.29852644745308,21.901025405930667,-5.5934380013739435,-6.397501041522414,-0.8040630401484705,,TRUE
279,TRUE,FALSE,-0.060495552401584614,29.067926229357266,22.266519721159582,29.06000878692057,20.953720617952754,-6.801406508197683,-8.106288168967815,-1.304881660770132,,TRUE
280,TRUE,FALSE,-0.02043680430810029,31.017537175969544,25.28592046797506,29.896446709682458,23.878961697839294,-5.731616707994483,-6.0174850118431635,-0.2858683038486802,,TRUE
281,TRUE,FALSE,-0.17028386721332092,26.46856611316859,25.895624134921796,28.40229579887104,23.436678917812667,-0.5729419782467922,-4.965616881058374,-4.3926749028115815,,TRUE
282,TRUE,FALSE,-0.19457935227731887,29.474869249985133,27.31926970419375,30.80649324245897,23.504700625377975,-2.1555995457913824,-7.301792617080995,-5.146193071289613,,TRUE
283,TRUE,FALSE,-0.1499268345381461,28.133137187936136,25.085206377441946,37.27084306140763,28.60594728352258,-3.04793081049419,-8.664895777885054,-5.616964967390864,,TRUE
284,TRUE,FALSE,-0.09976116792453307,25.495443250188725,22.92105629314353,28.93819899628569,23.54603769955364,-2.5743869570451956,-5.3921612967320485,-2.817774339686853,,TRUE
285,TRUE,FALSE,-0.050318982507082194,30.23552763140099,26.768184073301825,27.130365601830704,22.8404022493214,-3.4673435580991665,-4.289963352509304,-0.8226197944101372,,TRUE
286,TRUE,FALSE,0.10453082418784634,35.50681859312748,25.216150306934694,28.26776790704584,22.287209744992506,-10.290668286192783,-5.980558162053335,4.310110124139449,,TRUE
287,TRUE,FALSE,-0.18282936782172549,27.602453356576742,27.20497843065049,27.619475903013832,22.673279878433828,-0.3974749259262538,-4.946196024580004,-4.5487210986537505,,TRUE
288,TRUE,FALSE,-0.04374313659668239,29.327261986152813,24.342042781735735,29.219189870171252,23.21433622353303,-4.985219204417078,-6.004853646638221,-1.0196344422211432,,TRUE
289,TRUE,FALSE,0.07424592005165306,28.961423592850284,21.3801767373908,26.867187371402633,21.36280039859971,-7.581246855459483,-5.504386972802923,2.07685988265656,,TRUE
290,TRUE,FALSE,-0.07335963426042559,29.54394069623985,25.446794556358117,31.541460091057946,25.245662371564475,-4.097146139881733,-6.295797719493471,-2.198651579611738,,TRUE
291,TRUE,FALSE,-0.05309005293285442,25.938746877524185,21.811782478737577,29.843299921608843,23.797552487167234,-4.126964398786608,-6.0457474344416084,-1.9187830356550002,,TRUE
292,TRUE,FALSE,-0.12680766200662327,21.993836093365296,19.777218446736956,28.886590904654117,22.88171907638865,-2.2166176466283396,-6.004871828265468,-3.7882541816371287,,TRUE
293,TRUE,FALSE,-0.10947908333410479,34.6470299858903,30.341835643972587,28.5382337206466,22.400451305040274,-4.305194341917712,-6.137782415606324,-1.832588073688612,,TRUE
294,TRUE,FALSE,-0.10671878126966897,25.22770659861864,22.22182943030992,29.103592216709238,23.040996455702423,-3.005877168308718,-6.062595761006815,-3.056718592698097,,TRUE
295,TRUE,FALSE,-0.09936946978610174,27.041790421913575,24.438859313589614,28.952860857816923,23.690889085871145,-2.6029311083239612,-5.2619717719457775,-2.6590406636218162,,TRUE
296,TRUE,FALSE,-0.16319387548135247,28.399550049598073,25.043088582135585,30.85664022474351,23.11270986541931,-3.3564614674624877,-7.743930359324203,-4.387468891861715,,TRUE
297,TRUE,FALSE,0.006927766945693211,27.859239101928083,22.33426952398533,28.792902517434204,23.243238573317413,-5.524969577942752,-5.549663944116791,-0.024694366174038862,,TRUE
298,TRUE,FALSE,0.09653424218905643,33.565764951380366,25.240582605361947,29.99483659629013,24.841259699706942,-8.3251823460184191,-5.153576896583189,3.17160544943523,,TRUE
299,TRUE,FALSE,-0.15101427979921703,27.69161178384643,26.553505097729126,29.625866880956636,24.426431278045012,-1.138106686117304,-5.199435602911624,-4.06132891679432,,TRUE
300,TRUE,FALSE,0.018662325926166685,32.58183709206925,26.257036497894976,31.44812507873264,25.82080888672955,-6.324800594174274,-5.627316192003089,0.6974844021711846,,TRUE
301,TRUE,FALSE,-0.025997837110058142,30.9180841384301,25.907119085284624,27.603253364338126,22.535961977153946,-5.010965053145476,-5.067291387184181,-0.05632633403870457,,TRUE
302,TRUE,FALSE,-0.04964918770503573,25.565182443647743,22.153393725972624,28.422103997231577,23.436093702501097,-3.411788717675119,-4.98601029473048,-1.5742215770553614,,TRUE
303,TRUE,FALSE,-0.05734252136156274,28.460773916522164,23.20589551256832,31.32714873878104,24.119536372460065,-5.254878403953846,-7.207612366320976,-1.9527339623671303,,TRUE
304,TRUE,FALSE,-0.07713662068955207,23.49863704090789,19.984684035706966,26.825021292776675,21.120037245409726,-3.513953005200925,-5.704984047366949,-2.191031042166024,,TRUE
305,TRUE,FALSE,-0.1017066023992672,32.685065144466186,28.69664607843606,31.523316401104,25.000176309477215,-3.9884190660301257,-6.523140091626786,-2.53472102559666,,TRUE
306,TRUE,FALSE,-0.06781447789840866,32.033020324141674,26.446651177314273,29.299867931446556,22.60408891801219,-5.586369146827401,-6.695779013434365,-1.1094098666069634,,TRUE
307,TRUE,FALSE,0.03599793739321946,28.65721548409519,22.269800225989187,30.917938998509914,24.90729550765449,-6.387415258106003,-6.010643490855426,0.3767717672505775,,TRUE
308,TRUE,FALSE,-0.0176435331473131,29.285921483778946,23.794735009027786,28.185521685597735,22.50015798030664,-5.49118647475116,-5.6853637052910955,-0.1941772305399354,,TRUE
309,TRUE,FALSE,-0.14166043054353702,24.947091338893582,22.16864659659963,31.046934071640255,23.945043983799437,-2.778444742293953,-7.101890087840818,-4.323445345546865,,TRUE
310,TRUE,FALSE,-0.15731425692124387,21.713781891645535,20.42127210919671,28.002367272201706,22.502012146990552,-1.2925097824488248,-5.500355125211154,-4.2078453427623295,,TRUE
311,TRUE,FALSE,-0.08791450243331429,28.750344627734023,24.153139992814992,29.74904300907754,22.888786064343808,-4.597204634919031,-6.860256944733731,-2.2630523098147,,TRUE
312,TRUE,FALSE,-0.0818492053158304,29.76548362321766,24.618864432747728,26.856350086339148,20.467057274144388,-5.146619190469931,-6.3892928121947605,-1.2426736217248298,,TRUE
313,TRUE,FALSE,-0.15557337394470439,32.273084727544045,29.533014432071404,31.508872246928284,24.67945137011866,-2.7400702954726412,-6.829420876809625,-4.0893505813369835,,TRUE
314,TRUE,FALSE,-0.06915520928215103,32.11920583186736,26.610175588838885,26.88706253357537,20.787036241059766,-5.5090302430284765,-6.100026292515604,-0.5909960494871278,,TRUE
315,TRUE,FALSE,-0.0443257581826274,29.402626092994556,24.207423535458027,27.367108643261446,21.554647837229485,-5.195202557536529,-5.812460806031961,-0.6172582484954319,,TRUE
316,TRUE,FALSE,-0.1214769520536613,35.55321759060765,30.270640925135268,31.51251504501962,23.761234572752,-5.282576665472384,-7.75128047226762,-2.4687038067952365,,TRUE
317,TRUE,FALSE,-0.03964564446243165,25.28610303292949,21.612533463219627,27.924643970107496,22.940006445175236,-3.673569569709862,-4.9846375249322605,-1.3110679552223985,,TRUE
318,TRUE,FALSE,-0.049891781764367434,33.05773051394878,28.195419898846513,33.12321126542947,26.876347072592566,-4.86231061510227,-6.246864192836902,-1.384553577734632,,TRUE
319,TRUE,FALSE,0.007232274444792373,32.587353793521324,26.681101821792478,26.836015008331216,22.131641543418432,-5.906251971728846,-4.704373464912784,1.2018785068160618,,TRUE
320,TRUE,FALSE,-0.08267639522003437,30.718860482855945,24.82486727828886,29.97320091164467,22.30021531842234,-5.893993204567085,-7.672985593222332,-1.7789923886552472,,TRUE
321,TRUE,FALSE,-0.08400796772737741,24.877520349449128,21.12883582804338,33.419467348736106,26.09659257541782,-3.7486845214057496,-7.322874773318286,-3.574190251912537,,TRUE
322,TRUE,FALSE,-0.009922009232416066,25.814878145059456,21.333211260445097,27.773610040380824,22.725288971353187,-4.481666884614359,-5.0483210690276366,-0.5666541844132773,,TRUE
323,TRUE,FALSE,-0.15448131512186283,26.35141366805555,24.198571342667382,28.461001498020412,22.39471826673799,-2.1528423253881677,-6.066283231282423,-3.913440905894255,,TRUE
324,TRUE,FALSE,-0.08868607471714429,26.35127664066821,22.98029385499991,27.619853763487264,22.04242742013955,-3.3709827856683,-5.577426343347714,-2.206443557679414,,TRUE
325,TRUE,FALSE,-0.18321629059963723,23.947778717043164,22.470559467787485,26.49880572160606,20.701657834986,-1.477219249255679,-5.79714788662006,-4.319928637364381,,TRUE
326,TRUE,FALSE,-0.26090046451331445,20.041699998711866,20.276843555054477,30.04087161966796,23.413734572900267,0.23514355634261008,-6.627137046767693,-6.862280603110303,,TRUE
327,TRUE,FALSE,-0.14424311106588783,28.950733628607715,27.497896112919072,29.51406647333688,24.267495473295966,-1.4528375156886426,-5.2465710000409125,-3.79373348435227,,TRUE
328,TRUE,FALSE,-0.06603864240199901,27.31172319560426,23.83640743826333,28.487925086694876,23.274067989906357,-3.4753157573409297,-5.213857096788519,-1.7385413394475897,,TRUE
329,TRUE,FALSE,-0.16670299024718893,29.938246559225416,26.474588672898303,30.908933810000057,23.13602241346731,-3.4636578863271126,-7.7729113965327485,-4.309253510205636,,TRUE
330,TRUE,FALSE,-0.0360407424980226,29.503131183485298,24.98142415888636,29.259454028823164,23.898079716726023,-4.521707024598939,-5.361374312097141,-0.8396672874982016,,TRUE
331,TRUE,FALSE,-0.047628809944178147,23.27225826511826,19.27047601206334,30.805333238695237,24.32175427937252,-4.00178225305492,-6.483578959322717,-2.4817967062677972,,TRUE
332,TRUE,FALSE,0.021410283160519534,30.07240140558627,23.526959158988767,27.877506505670226,22.281785164665543,-6.545442246597503,-5.595721341004683,0.9497209055928195,,TRUE
333,TRUE,FALSE,-0.0814920060022292,25.200344385901126,20.94695247103482,29.516734660018013,22.61471683174177,-4.253391914866306,-6.902017828276243,-2.648625913409937,,TRUE
334,TRUE,FALSE,-0.029038550122076207,32.89145072436962,26.35677540455579,32.668408276170446,25.428804285065997,-6.534675319813829,-7.239603991104449,-0.7049286712906202,,TRUE
335,TRUE,FALSE,-0.07725225442559733,27.28011689004135,22.991021846381294,28.769602462142476,22.44376332447601,-4.289095043660055,-6.325839137666467,-2.036744094006412,,TRUE
336,TRUE,FALSE,-0.048163982399163446,23.053995441387382,19.978433321920885,30.33434010831841,25.05142446213787,-3.075562119466497,-5.282915646180541,-2.2073535267140443,,TRUE
337,TRUE,FALSE,0.038163842614727606,28.3059849993525,22.177207175851322,29.783669445147684,24.24270802152179,-6.128777823501178,-5.540961423625895,0.5878163998752832,,TRUE
338,TRUE,FALSE,0.07252295979025551,29.470813242193444,22.460316122726113,27.30703175185232,22.376623816025287,-7.010497119467331,-4.930407935827034,2.080089183640297,,TRUE
339,TRUE,FALSE,-0.11435485108917932,26.980415318913224,23.940223857555328,30.736419758350955,24.32591440081969,-3.040191461357896,-6.410505357531264,-3.370313896173368,,TRUE
340,TRUE,FALSE,-0.024782876395218402,30.252130229212497,24.107345913935355,32.14047199781194,24.98518802913539,-6.144784315277143,-7.155283968676553,-1.0104996533994104,,TRUE
341,TRUE,FALSE,-0.05760797099863947,32.09262331028448,27.299129054693722,27.703790182284077,22.24661497612735,-4.793494255590758,-5.457175206156727,-0.6636809505659684,,TRUE
342,TRUE,FALSE,-0.12002856177579756,28.577427180744493,25.318845408008706,29.076366860736595,22.847209709768208,-3.2585817727357878,-6.229157150968387,-2.970575378232599,,TRUE
343,TRUE,FALSE,0.03745416573484978,27.519828660925285,22.68798932549721,26.99001822698075,23.100405255096863,-4.831839335428075,-3.8896129718838885,0.9422263635441865,,TRUE
344,TRUE,FALSE,-0.04374145907442236,27.56073842065531,22.99533933997318,29.091218050085914,23.233476782231975,-4.565399080682127,-5.857741267853939,-1.292342187171812,,TRUE
345,TRUE,FALSE,0.040608366495292834,24.702215435142783,19.82754018122068,30.1382596017537,25.193418011807076,-4.874675253922103,-4.944841589946623,-0.0701663360245206,,TRUE
346,TRUE,FALSE,-0.12823307152825186,29.03194037762736,25.414701950016823,29.386559316420882,22.62907399491071,-3.6172384276105376,-6.757485321510174,-3.1402468938996364,,TRUE
347,TRUE,FALSE,-0.07737909685980239,28.52979830018176,25.13229418015999,31.04126664682999,25.308566846769875,-3.397504120021768,-5.732699800060114,-2.335195680038346,,TRUE
348,TRUE,FALSE,-0.18904970894952725,25.40610238913562,22.959218122465636,27.905788594452986,20.87421270142014,-2.446884266669983,-7.031575893032844,-4.584691626362861,,TRUE
349,TRUE,FALSE,0.011198911936270059,29.270486869931027,23.76292194275278,27.390223960276227,22.486874915155116,-5.507564927178247,-4.903349045121111,0.6042158820571366,,TRUE
350,TRUE,FALSE,-0.02484468406119495,26.567070251764154,22.218266811207357,29.048353968697903,23.69725993917039,-4.348803440556797,-5.351094029527513,-1.002290588970716,,TRUE
351,TRUE,FALSE,-0.08112949200914321,22.79437512711758,20.30476110422729,28.27079258423162,23.220634713290774,-2.48961402289029,-5.050157870940847,-2.560543848050557,,TRUE
352,TRUE,FALSE,-0.02663501623174998,25.364439692144966,21.1096630795018,28.52312105614311,23.114560134104003,-4.254776612643166,-5.408560922039108,-1.1537843093959417,,TRUE
353,TRUE,FALSE,-0.1621503471569937,24.18471015265998,22.80471543108154,29.68017728766888,23.79738628160367,-1.3799947215784414,-5.882791006065208,-4.502796284486767,,TRUE
354,TRUE,FALSE,-0.09172452168888831,30.61790838472641,27.750055096988135,29.916242568859428,24.737734427912876,-2.8678532877382743,-5.178508140946551,-2.310654853208277,,TRUE
355,TRUE,FALSE,-0.1429896189095047,25.710739796498714,23.21077617841157,31.36841995230564,24.545287967487614,-2.4999636180871434,-6.823131984818026,-4.323168366730883,,TRUE
356,TRUE,FALSE,-0.015091114380473456,23.38400271570511,19.322711039749304,28.232329854728807,22.979572143637512,-4.061291675955804,-5.252757711091295,-1.191466035135491,,TRUE
357,TRUE,FALSE,-0.2096204016919997,28.665623644958238,26.85277746911187,31.430512236640055,23.874940250262334,-1.8128461758463672,-7.555571986377721,-5.742725810531354,,TRUE
358,TRUE,FALSE,-0.04745096188544822,27.40462674698642,23.63421594086253,30.897451433208023,25.411615490205463,-3.7704108061238912,-5.485835943002559,-1.7154251368786682,,TRUE
359,TRUE,FALSE,-0.05277204865823141,21.7244675992213,18.165792872278594,30.70566911720346,24.35595551437406,-3.558674726942705,-6.3497136028294,-2.791038875886695,,TRUE
360,TRUE,FALSE,-0.012080341192939228,32.87174013222245,27.2117091821355,31.107758278596656,25.442244160009757,-5.660030950086949,-5.6655141185868985,-0.0054831684999498975,,TRUE
361,TRUE,FALSE,0.05680444773679267,29.195800967770346,22.36553405179876,32.23977234609293,26.140910079352036,-6.830266915971585,-6.098862266740891,0.7314046492306936,,TRUE
362,TRUE,FALSE,-0.012958506014579728,29.038022067900226,24.475173241921198,30.68870669179886,25.533451356502333,-4.562848825979028,-5.155255335296527,-0.5924065093174988,,TRUE
363,TRUE,FALSE,-0.07503488220786893,27.43305971037784,22.873233818933226,29.836443559526522,23.078795577219246,-4.559825891444614,-6.757647982307276,-2.197822090862662,,TRUE
364,TRUE,FALSE,-0.03397274677298123,29.16063170628421,23.206958266721454,28.61607311669878,22.012894579611014,-5.953673439562756,-6.603178537087764,-0.6495050975250081,,TRUE
365,TRUE,FALSE,-0.17827962354200452,27.49891933708988,24.74826180308059,28.5280494671546,21.48202890813385,-2.7506575340092887,-7.04602055902075,-4.295363025011461,,TRUE
366,TRUE,FALSE,-0.05603540642066579,25.309995613661872,20.234837234105022,31.245395271183757,23.618798482951544,-5.07515837955685,-7.626596788232213,-2.551438408675363,,TRUE
367,TRUE,FALSE,-0.10596666024351015,26.782271626584254,23.070191804072024,30.053651399742176,23.285217756032917,-3.71207982251223,-6.768433643709258,-3.0563538211970283,,TRUE
368,TRUE,FALSE,0.031845818814774794,30.555963305536558,23.75173947000457,28.669350422604563,23.00635185167705,-6.804223835531989,-5.662998570927513,1.1412252646044756,,TRUE
369,TRUE,FALSE,-0.15259345012721826,26.54134092938267,24.045798091407207,28.687779325106437,22.31221949369461,-2.4955428379754636,-6.375559831411827,-3.8800169934363637,,TRUE
370,TRUE,FALSE,0.013402347341305026,31.169592572021156,25.17872093559016,28.614883884875464,23.426914490548427,-5.990871636430995,-5.1879693943270375,0.8029022421039578,,TRUE
371,TRUE,FALSE,-0.14036307382942564,27.10755963437476,24.73989187273154,29.90398678787741,23.717972383967236,-2.3676677616432187,-6.186014403910175,-3.818346642266956,,TRUE
372,TRUE,FALSE,-0.12659858198032486,22.83698800966706,21.12064728878754,28.213938209119195,22.990639170381577,-1.7163407208795185,-5.223299038737618,-3.5069583178581,,TRUE
373,TRUE,FALSE,-0.03509660620837687,26.669662648763534,23.186318170907427,30.586420625487847,25.674421284465453,-3.4833444778561073,-4.911999341022394,-1.4286548631662868,,TRUE
374,TRUE,FALSE,0.08227602464788156,30.643968727017896,24.46696802515066,27.779669078635735,24.08209334367755,-6.177000701867236,-3.6975757349581855,2.4794249669090505,,TRUE
375,TRUE,FALSE,-0.07016153886188135,28.547533512825794,25.09371198963521,30.4275631180806,24.93404393979123,-3.4538215231905838,-5.493519178289368,-2.0396976550987844,,TRUE
376,TRUE,FALSE,-0.06064642578524991,28.48237279868922,24.37213367903474,29.54306530963174,23.79219614195081,-4.11023911965448,-5.7508691676809285,-1.6406300480264484,,TRUE
377,TRUE,FALSE,0.041408169551679135,32.610757285261755,26.008895567999463,27.388884478787265,22.76767642466808,-6.601861717262292,-4.621208054119187,1.980653663143105,,TRUE
378,TRUE,FALSE,-0.09865466174379925,31.12007305815137,27.152037917132837,28.340414399960547,22.40385971863836,-3.9680351410185324,-5.936554681322189,-1.9685195403036566,,TRUE
379,TRUE,FALSE,-0.07497315545765251,21.310363876924562,18.45104475682487,32.00248722149669,25.707118651856685,-2.8593191200996912,-6.295368569640008,-3.4360494495403167,,TRUE
380,TRUE,FALSE,-0.11003340405323925,30.064985238183603,27.27640506938169,27.347388572553058,22.22568207045767,-2.7885801688019143,-5.121706502095389,-2.3331263332934746,,TRUE
381,TRUE,FALSE,-0.06005763017000849,25.31396576624359,21.8695975118618,28.051172961108307,22.82174931442918,-3.4443682543817893,-5.229423646679127,-1.7850553922973376,,TRUE
382,TRUE,FALSE,-0.030933312638033852,31.331693838174267,26.195857767790315,28.13995787960745,22.81066915981529,-5.135836070383952,-5.32928871979216,-0.19345264940820783,,TRUE
383,TRUE,FALSE,-0.21459567650499545,29.2116402611278,28.19538534000834,28.252839893062923,22.003232149041782,-1.0162549211194616,-6.249607744021141,-5.233352822901679,,TRUE
384,TRUE,FALSE,-0.06978034852153615,27.07296178606071,23.01257744549407,31.608103569511275,25.05663301326475,-4.060384340566639,-6.5514705562465245,-2.4910862156798856,,TRUE
385,TRUE,FALSE,-0.21034485164179856,24.52990452633208,23.705113950865755,30.326541056238316,23.747476142448075,-0.8247905754663236,-6.579064913790241,-5.754274338323917,,TRUE
386,TRUE,FALSE,-0.21706904527241394,30.030051609393723,27.950702101843817,31.684400395590576,23.736148327570675,-2.0793495075499067,-7.948252068019901,-5.868902560469994,,TRUE
387,TRUE,FALSE,0.024143105596984446,30.35709432368505,24.042621657944245,30.816236971436325,25.002673226697286,-6.314472665740805,-5.813563744739039,0.5009089210017663,,TRUE
388,TRUE,FALSE,-0.056568072387606534,25.0991709785719,21.391577215087114,30.050980449115517,24.203316154230954,-3.7075937634847875,-5.847664294884563,-2.1400705313997754,,TRUE
389,TRUE,FALSE,-0.13124426135465,33.35090212925097,29.5960438372632,29.112912483645353,22.657556537806965,-3.7548582919877695,-6.455355945838388,-2.7004976538506185,,TRUE
390,TRUE,FALSE,-0.15625442239047757,26.322043377794554,25.601396910921185,26.467346955419323,22.01881990553875,-0.7206464668733688,-4.448527049880575,-3.727880583007206,,TRUE
391,TRUE,FALSE,0.14491917170916307,27.592780586687535,18.956883580309896,28.244979160434415,22.431087562157018,-8.63589700637764,-5.813891598277397,2.8220054081002424,,TRUE
392,TRUE,FALSE,0.04604410626350864,26.485602936626645,19.9551862509317,26.474065185639343,20.88638392583009,-6.530416685694945,-5.587681259809255,0.9427354258856901,,TRUE
393,TRUE,FALSE,-0.04806267500037063,28.216675344574107,22.7759528772408,31.458295921970063,24.200957735247925,-5.4407224673333054,-7.257338186722137,-1.8166157193888317,,TRUE
394,TRUE,FALSE,-0.024347288111199898,29.805900698259098,24.26376288734934,29.998445920432047,23.833112703118125,-5.542137810909757,-6.165333217313922,-0.6231954064041645,,TRUE
395,TRUE,FALSE,-0.1621501479576018,24.99725455485454,23.33190860676492,30.22117864667738,23.98548129152738,-1.6653459480896196,-6.235697355150002,-4.570351407060382,,TRUE
396,TRUE,FALSE,0.08085223980371442,33.31326902842389,25.31361780205901,28.366958001438228,23.370252992482992,-7.999651226364879,-4.996705008955235,3.0029462174096437,,TRUE
397,TRUE,FALSE,-0.09532916691463497,28.56882447749475,25.45964326283846,27.945775786957558,22.63993535390116,-3.1091812146562923,-5.3058404330563995,-2.1966592184001072,,TRUE
398,TRUE,FALSE,-0.11542205194920607,23.535162245674424,20.534487048844234,29.655542970191775,23.053951855571604,-3.0006751968301906,-6.60159111462017,-3.6009159177899797,,TRUE
399,TRUE,FALSE,0.04697385027746599,37.559202255601704,29.44897008525159,29.753474024681978,24.450734890123073,-8.110232170350113,-5.302739134558905,2.8074930357912073,,TRUE
400,TRUE,FALSE,-0.010512022319568824,26.632352635077524,22.419024982398792,24.482843919298528,20.394062172247892,-4.213327652678732,-4.088781747050636,0.12454590562809642,,TRUE
401,TRUE,FALSE,-0.03314001235762609,29.36947045627447,24.273093990592212,31.342496388629577,25.059366133247085,-5.096376465682258,-6.283130255382492,-1.1867537897002336,,TRUE
402,TRUE,FALSE,-0.08210793694669657,27.393118036299818,24.18006126802482,27.36064742530441,22.24760544695763,-3.213056768274999,-5.113041978346782,-1.8999852100717831,,TRUE
403,TRUE,FALSE,0.03309251166726156,32.87391780061225,25.229710629690416,30.781572703076165,24.418754294451794,-7.644207170921831,-6.362818408624371,1.2813887622974605,,TRUE
404,TRUE,FALSE,-0.10245081806784807,26.7826057107647,23.618516842213,29.1575907113186,23.209062856940708,-3.1640888685516977,-5.948527854377893,-2.7844389858261955,,TRUE
405,TRUE,FALSE,-0.024841311362778427,29.887483802324983,24.785239269869205,31.188370197104636,25.229462496530584,-5.102244532455778,-5.958907700574052,-0.8566631681182741,,TRUE
406,TRUE,FALSE,0.11800448706490187,32.75979844815677,23.126003901756704,30.289186398670694,24.060003095011954,-9.633794546400068,-6.22918330365874,3.4046112427413284,,TRUE
407,TRUE,FALSE,-0.11054233876503226,28.31826178756253,26.15047913606847,29.785456257771646,24.62687962598532,-2.1677826514940612,-5.158576631786325,-2.9907939802922634,,TRUE
408,TRUE,FALSE,-0.11726286382810369,28.261858278276712,24.662702906022417,29.712214435946937,23.059419128438716,-3.5991553722542946,-6.652795307508221,-3.0536399352539263,,TRUE
409,TRUE,FALSE,-0.08878861559199439,29.986086425341252,25.727331969971004,27.274745469775784,21.412888848958847,-4.258754455370248,-5.861856620816937,-1.603102165446689,,TRUE
410,TRUE,FALSE,-0.17171154697938326,27.468805065007256,26.028559203430675,29.895071613726252,23.858139964867078,-1.4402458615765816,-6.0369316488591735,-4.596685787282592,,TRUE
411,TRUE,FALSE,0.007983133600287531,31.71767135960608,25.691107437715726,33.083958353920536,27.012577553660666,-6.026563921890354,-6.07138080025987,-0.044816878369516644,,TRUE
412,TRUE,FALSE,-0.0964754225761443,27.54223299531125,24.09204284413248,29.574952237143552,23.49090709024042,-3.45019015117877,-6.084045146903133,-2.633854995724363,,TRUE
413,TRUE,FALSE,-0.12296155008950062,30.107713530831102,26.365524060651204,30.09307496976912,23.303635425772026,-3.7421894701798983,-6.789439543997094,-3.047250073817196,,TRUE
414,TRUE,FALSE,-0.07817704623361169,29.81834258820654,25.128825792586603,31.651358967936662,24.6677306163334,-4.689516795619937,-6.983628351603262,-2.2941115559833243,,TRUE
415,TRUE,FALSE,-0.18417203794578582,28.362672299065967,25.65743255472159,31.009417045537116,23.333224030222887,-2.705239744344375,-7.6761930153142295,-4.970953270969854,,TRUE
416,TRUE,FALSE,-0.0032391603990778698,32.64417274103419,26.757300609120563,28.80642183242184,23.535270657430925,-5.886872131913627,-5.271151174990916,0.6157209569227113,,TRUE
417,TRUE,FALSE,0.08547068438865241,31.958876437200008,23.626425641753027,29.76826712984163,23.970634059383315,-8.33245079544698,-5.797633070458314,2.5348177249886668,,TRUE
418,TRUE,FALSE,-0.053578904703803706,27.667937699522785,23.185570409205038,28.779279245680947,22.85871885916919,-4.482367290317747,-5.920560386511756,-1.4381930961940093,,TRUE
419,TRUE,FALSE,-0.005006128503564728,24.99976252736166,20.876084517401353,27.323969383473752,22.702977522219555,-4.123678009960308,-4.620991861254197,-0.49731385129388883,,TRUE
420,TRUE,FALSE,0.018245179597119746,27.832353522858234,21.597309759919906,29.583324510971835,23.37870674778001,-6.235043762938329,-6.204617763191823,0.030425999746505283,,TRUE
421,TRUE,FALSE,-0.019474646734643403,34.44944493726375,26.976618129225713,29.783755904588066,22.873204234648668,-7.472826808038036,-6.910551669939398,0.5622751380986379,,TRUE
422,TRUE,FALSE,-0.05228825790096884,22.618551440188437,19.721024500580295,29.785300928087626,24.646665731986484,-2.8975269396081416,-5.138635196101141,-2.241108256493,,TRUE
423,TRUE,FALSE,0.006979244831611158,29.02630473160499,22.191199405733727,28.431009556975788,21.888316223552607,-6.835105325871265,-6.5426933334231805,0.29241199244808413,,TRUE
424,TRUE,FALSE,0.032569544382231815,27.21597361493466,21.342408852380395,28.548701769195194,23.128672006603406,-5.873564762554267,-5.420029762591788,0.4535349999624785,,TRUE
425,TRUE,FALSE,-0.016360038209036053,26.192134605586425,21.846595283142992,26.349043447960653,21.620844265351664,-4.345539322443432,-4.728199182608989,-0.38265986016555686,,TRUE
426,TRUE,FALSE,-0.00505297926627536,32.575486907213126,24.842361423958987,29.33167151905516,22.255855442321995,-7.733125483254138,-7.075816076733165,0.657309406520973,,TRUE
427,TRUE,FALSE,-0.03395818954846402,30.049307151367508,24.865029706900227,28.520750379485822,22.81222323255739,-5.184277444467281,-5.708527146928432,-0.5242497024611517,,TRUE
428,TRUE,FALSE,-0.042877794469406566,29.08219076581602,24.72332316818538,28.320007584514045,23.06489610236625,-4.358867597630638,-5.255111482147793,-0.8962438845171548,,TRUE
429,TRUE,FALSE,-0.03248303914287169,30.16136555747436,24.97739307868901,25.370369544108634,20.33834906143598,-5.183972478785353,-5.032020482672653,0.15195199611270027,,TRUE
430,TRUE,FALSE,-0.045390594537987605,33.65888828377846,28.583967711164604,28.709384011158097,23.29880972539671,-5.0749205726138555,-5.410574285761388,-0.3356537131475328,,TRUE
431,TRUE,FALSE,-0.06264216834390385,34.04104580019792,28.71980480450588,29.577235132999725,23.438564830893178,-5.32124099569204,-6.138670302106547,-0.8174293064145068,,TRUE
432,TRUE,FALSE,-0.06520833361922257,25.938609328596005,22.008675124243315,29.035104103350843,23.080806477588684,-3.9299342043526906,-5.954297625762159,-2.0243634214094683,,TRUE
433,TRUE,FALSE,-0.05735771169906579,26.24187407691334,21.42072617114153,27.783338276054177,21.414780701183616,-4.821147905771809,-6.368557574870561,-1.5474096690987516,,TRUE
434,TRUE,FALSE,-0.012044912605979365,27.16658425058591,22.09186561103901,28.499376954840507,22.898217845990033,-5.074718639546898,-5.601159108850474,-0.5264404693035765,,TRUE
435,TRUE,FALSE,-0.10921291841690592,27.729616569839212,24.703871931262462,31.30730333062028,25.00554105711607,-3.02574463857675,-6.30176227350421,-3.2760176349274595,,TRUE
436,TRUE,FALSE,0.08209303047126543,30.635330505661017,23.398366184006186,31.59361838622974,26.194787614891467,-7.236964321654831,-5.398830771338272,1.8381335503165595,,TRUE
437,TRUE,FALSE,0.05284151581342465,27.723121179511732,21.451051900582844,28.859559619841587,23.542086376789175,-6.272069278928889,-5.317473243052412,0.9545960358764773,,TRUE
438,TRUE,FALSE,-0.20852616271336502,29.53457075293651,28.013869567341715,30.366322412278855,23.381527284420752,-1.5207011855947954,-6.984795127858103,-5.4640939422633075,,TRUE
439,TRUE,FALSE,0.026652260290206266,32.366538140713,25.481184320102866,29.547401732302664,23.8900789665404,-6.885353820610131,-5.657322765762263,1.2280310548478681,,TRUE
440,TRUE,FALSE,-0.009131685407902688,32.92797602588432,27.112743411480064,33.18720625103399,27.07779406338078,-5.815232614404255,-6.109412187653213,-0.2941795732489574,,TRUE
441,TRUE,FALSE,-0.079395462210029355,26.118079306001793,22.83875865494905,28.080903805517167,22.6809546175523,-3.2793206510527426,-5.399949187964868,-2.1206285369121254,,TRUE
442,TRUE,FALSE,-0.012876708407042957,25.230713407918984,20.90448849987849,29.875486689281825,24.43614651924766,-4.326224908040494,-5.439340170034164,-1.11311526199367,,TRUE
443,TRUE,FALSE,-0.014133627583980147,34.72181714456793,28.927416472487437,28.10122118304328,23.083105655092787,-5.794400672080492,-5.018115527950492,0.77628514413,,TRUE
444,TRUE,FALSE,-0.09029959106253957,26.29511566861357,22.406562662751593,29.151835378969377,22.696006163253884,-3.8885530058619757,-6.455829215715493,-2.5672762098535173,,TRUE
445,TRUE,FALSE,-0.024577075341513713,34.805463858234276,29.936503474150445,30.792124342176606,25.8416126139792,-4.868960384083831,-4.950511728197405,-0.08155134411357423,,TRUE
446,TRUE,FALSE,-0.0446711645716897,29.357847233754732,23.74275820681594,28.756628249219773,22.240496912430146,-5.615089026938794,-6.516131336789627,-0.9010423098508333,,TRUE
447,TRUE,FALSE,-0.2523051631057664,26.139825084825308,24.607819545905738,28.520462119682083,20.861823859978156,-1.5320055389195701,-7.6586382597039275,-6.126632720784357,,TRUE
448,TRUE,FALSE,0.03391502936095818,26.480511355630604,22.029280565331177,28.51318235773754,24.538541646461063,-4.451230790299427,-3.9746407112764786,0.47659007902294803,,TRUE
449,TRUE,FALSE,-0.02356595178909877,27.872328419163924,23.596726201533407,28.40671218389005,23.489020715224978,-4.275602217630517,-4.917691468665073,-0.6420892510345553,,TRUE
450,TRUE,FALSE,-0.1569661579324649,26.441782833118925,25.28476384269734,27.93119815335844,22.829068819097536,-1.1570189904215837,-5.102129334260905,-3.945110343839321,,TRUE
451,TRUE,FALSE,0.07553222247809081,36.0536996150771,27.7855958984418,29.19256821987748,24.263050961488815,-8.268103716635299,-4.929517258388664,3.3385864582466347,,TRUE
452,TRUE,FALSE,-0.10360705601991038,34.39598229240739,29.778394229319286,29.966852635798187,23.39045758301878,-4.617588063088103,-6.576395052779407,-1.958806989691304,,TRUE
453,TRUE,FALSE,-0.07117844015304009,28.692637861885856,24.217586593470475,29.089969206579962,22.866054907710243,-4.475051268415381,-6.223914298869719,-1.7488630304543378,,TRUE
454,TRUE,FALSE,-0.1429618512591984,26.944369381458795,25.328961426035228,28.78947359844161,23.45824619676673,-1.6154079554235672,-5.33122740167488,-3.715819446251313,,TRUE
455,TRUE,FALSE,0.011325753096521446,26.388663300937022,20.48930652709177,31.17354936898577,24.48019275096389,-5.899356773845252,-6.69335661802188,-0.7939998441766285,,TRUE
456,TRUE,FALSE,0.026701595209233615,28.90743827656248,23.31065784173499,26.947616136084672,22.31832669552749,-5.59678043482749,-4.629289440557184,0.9674909942703067,,TRUE
457,TRUE,FALSE,-0.10612405525302983,27.82602678552107,24.79872752471275,29.585237322147655,23.71178037514339,-3.02729926080832,-5.873456947004264,-2.8461576861959443,,TRUE
458,TRUE,FALSE,-0.1666640054810754,36.11909438641358,34.65792638618104,28.65542142374052,23.275084381292544,-1.46116800023254,-5.380337042447977,-3.9191690422154366,,TRUE
459,TRUE,FALSE,-0.028704922974985964,33.30431280182888,28.622293136035744,30.01165712799626,25.06268148775789,-4.682019665793135,-4.94897564023837,-0.266955974445235,,TRUE
460,TRUE,FALSE,-0.12704344131892858,22.610247289576726,21.239069140801632,28.88111020806924,23.892950572829804,-1.371178148775094,-4.9881596352394375,-3.6169814864643435,,TRUE
461,TRUE,FALSE,0.004806656530841063,33.137855882066106,26.460102936427173,28.3799065747881,22.77013420845439,-6.677752945638932,-5.609772366333711,1.067980579305221,,TRUE
462,TRUE,FALSE,-0.11667740807198229,29.001625845672784,25.460479381502957,30.337947900387807,23.700531083908505,-3.5411464641698274,-6.637416816479302,-3.0962703523094746,,TRUE
463,TRUE,FALSE,-0.03796822157597314,25.74199419378251,21.81674883670891,29.220048008763843,23.841818631165115,-3.9252453570735995,-5.378229377598728,-1.452984020525129,,TRUE
464,TRUE,FALSE,-0.05738334315232583,34.63075347970268,29.23041154558299,30.2125294065655,24.07901991973175,-5.4003419341196945,-6.133509486833752,-0.7331675527140575,,TRUE
465,TRUE,FALSE,0.005947551750688369,26.170356796163727,21.449926574943017,27.823100059100696,22.940594730432675,-4.72043022122071,-4.882505328668021,-0.16207510744731124,,TRUE
466,TRUE,FALSE,0.012635018803158102,32.31667057638318,26.14225497052334,26.562175874703925,21.760426427629493,-6.174415605859842,-4.801749447074432,1.3726661587854103,,TRUE
467,TRUE,FALSE,-0.005077888563568322,30.472174283835173,25.630752238345373,25.818496682983795,21.606457177518593,-4.8414220454898,-4.212039505465203,0.6293825400245971,,TRUE
468,TRUE,FALSE,-0.08234570650028786,27.722021128443235,23.207200841864378,30.40132893175957,23.438410324785917,-4.514820286578857,-6.962918606973652,-2.448098320394795,,TRUE
469,TRUE,FALSE,-0.02444479695749493,28.958354006752813,23.98824541481569,26.15913084655514,21.14616809269464,-4.970108591937123,-5.012962753860499,-0.04285416192337621,,TRUE
470,TRUE,FALSE,-0.14414491721226855,32.524581536833495,28.85031701677234,30.31844542649614,23.283295985030872,-3.674264520061154,-7.035149441465268,-3.3608849214041143,,TRUE
471,TRUE,FALSE,-0.04238622212759533,33.44842300994601,28.240600515089447,30.25247724678832,24.482238312096825,-5.207822494856565,-5.770238934691495,-0.5624164398349301,,TRUE
472,TRUE,FALSE,-0.06821182667492018,30.03091756306371,24.963625915557373,29.88951421012115,23.20779613429047,-5.067291647506337,-6.6817180758306804,-1.614426428324343,,TRUE
473,TRUE,FALSE,-0.06658294997345354,29.60047204838958,24.740817140938308,28.817957248524998,22.535229611872406,-4.859654907451272,-6.2827276366525915,-1.4230727292013192,,TRUE
474,TRUE,FALSE,-0.06059651745881149,29.48310168295932,25.701280489193806,26.40509518708867,21.66469579563692,-3.781821193765513,-4.740399391451749,-0.9585781976862364,,TRUE
475,TRUE,FALSE,-0.10558865875164129,31.797145987448868,27.70122614443731,29.342717435479848,23.001418061817002,-4.095919843011558,-6.341299373662846,-2.245379530651288,,TRUE
476,TRUE,FALSE,-0.00772175010554054,30.378314550127843,23.989661033151922,31.016552378458016,24.3052697777987,-6.388653516975921,-6.711282600659317,-0.3226290836833954,,TRUE
477,TRUE,FALSE,-0.00596197810004035,28.43791112018095,23.377596352845917,29.00179290062642,23.699422090576196,-5.060314767335033,-5.302370810050224,-0.2420560427151912,,TRUE
478,TRUE,FALSE,-0.04861445595984425,29.80887138219807,25.750015023816694,28.864792536474845,23.751301028208978,-4.058856358381377,-5.1134915082658665,-1.05463514988449,,TRUE
479,TRUE,FALSE,6.020576298580557e-4,27.128639472101842,21.909412102155134,32.564455088054324,26.31528003334043,-5.219227369946708,-6.249175054713895,-1.029947684767187,,TRUE
480,TRUE,FALSE,-0.09756482847357677,29.011996427175347,25.834825976359955,30.540081414230887,24.667563168315404,-3.1771704508153924,-5.872518245915483,-2.6953477951000906,,TRUE
481,TRUE,FALSE,-0.15406673952146535,24.762360818672608,22.670330617120683,28.880505709186263,22.665237023223085,-2.0920302015519248,-6.215268685963178,-4.123238484411253,,TRUE
482,TRUE,FALSE,-0.07147045010425421,22.27886034290406,18.617918431094687,29.34486270471674,22.83131952120317,-3.660941911809374,-6.513543183513569,-2.852601271704195,,TRUE
483,TRUE,FALSE,0.012305669330143487,24.25139472452843,19.24264433782765,29.975696299373453,24.07917465087478,-5.0087503867007825,-5.896521648498673,-0.8877712617978908,,TRUE
484,TRUE,FALSE,-0.13918088261257575,27.110158510422153,25.80349839384156,29.85466873257794,24.723690670502027,-1.3066601165805913,-5.130978062075915,-3.8243179454953236,,TRUE
485,TRUE,FALSE,-0.06407470868874392,28.00989865158826,24.74582040752779,30.071552632063078,24.91832688604727,-3.2640782440604674,-5.153225746015806,-1.889147501955339,,TRUE
486,TRUE,FALSE,-0.09795938622792923,26.801276408026553,24.022359547787897,26.525090038224768,21.55628073794097,-2.778916860238656,-4.968809300283798,-2.189892440045142,,TRUE
487,TRUE,FALSE,0.06212385761526564,27.31180577748957,22.053302962733834,28.615423360827123,24.586881751307374,-5.258502814755737,-4.028541609519749,1.2299612052359876,,TRUE
488,TRUE,FALSE,-0.17880057825985324,28.580368633869888,26.33931015696268,31.26354151700355,24.094761889849064,-2.2410584769072095,-7.1687796271544855,-4.927721150247276,,TRUE
489,TRUE,FALSE,-0.12934830593467525,26.86547944537278,25.62267279179569,29.377801614703074,24.619196423857773,-1.242806653577091,-4.7586051908453015,-3.5157985372682106,,TRUE
490,TRUE,FALSE,-0.023585917968582403,31.953517759260414,24.921117067200004,28.260317963410753,21.52695676615422,-7.03240069206041,-6.7333611972565315,0.29903949480387837,,TRUE
491,TRUE,FALSE,0.046981445882715855,30.54021348136328,23.541141741392813,30.50145892941331,24.642221058274693,-6.999071739970468,-5.8592378711386175,1.1398338688318503,,TRUE
492,TRUE,FALSE,-0.12313199667530349,31.462935901295744,28.86421526545087,28.084441944171527,22.77984481465685,-2.598720635844874,-5.304597129514676,-2.705876493669802,,TRUE
493,TRUE,FALSE,-0.15215697482752416,28.11430369791862,24.490893544704395,29.114136031456706,21.782126253237315,-3.6234101532142233,-7.3320097782193905,-3.708599625005167,,TRUE
494,TRUE,FALSE,-0.014734712265818631,25.720428674957734,22.496361501215222,27.62026726131054,23.804702159608418,-3.2240671737425117,-3.8155651017021235,-0.5914979279596118,,TRUE
495,TRUE,FALSE,-0.12299165586561475,29.19744959913998,26.856600183300987,29.68124579067635,24.14202216280689,-2.340849415838992,-5.539223627869461,-3.198374212030469,,TRUE
496,TRUE,FALSE,-0.07912024079914136,23.303404384762853,20.494146272759927,29.45503640426755,23.933628183789477,-2.809258112002926,-5.521408220478072,-2.7121501084751465,,TRUE
497,TRUE,FALSE,-0.01910471663012315,28.45017694918482,22.91732824247183,29.23731709474481,23.105717447037662,-5.53284870671299,-6.131599647707148,-0.598750940994158,,TRUE
498,TRUE,FALSE,-0.04716579594221054,29.51255397492891,25.37661027742824,28.86692562358245,23.677917553018823,-4.135943697500668,-5.189008070563627,-1.0530643730629592,,TRUE
499,TRUE,FALSE,-0.09744012685253149,31.56998681776417,26.507160703626592,29.473687526252732,22.44944330813653,-5.062826114137579,-7.024244218116202,-1.9614181039786232,,TRUE
500,TRUE,FALSE,-0.020221255804748338,27.434125491544712,22.99273563757571,30.423606731119513,24.987812807548202,-4.441389853969003,-5.43579392357131,-0.9944040696023073,,TRUE
501,TRUE,FALSE,-0.12737628725586214,24.018824238784948,21.006158636004564,30.552494209715316,23.52462713168471,-3.012665602780384,-7.0278670780306065,-4.0152014752502225,,TRUE
502,TRUE,FALSE,-0.06659316626355448,33.357447014266974,28.311318452742963,29.714687284224652,23.594860254116675,-5.046128561524011,-6.119827030107977,-1.0736984685839666,,TRUE
503,TRUE,FALSE,-0.06938971154067775,26.99417689215148,22.59043393924145,31.627678781819814,24.693703794806893,-4.403742952910029,-6.93397498701292,-2.530232034102891,,TRUE
504,TRUE,FALSE,0.017374422558007377,30.111566558444135,23.37015432526101,30.61769415514578,24.179444898442284,-6.7414122331831265,-6.438249256703497,0.30316297647963,,TRUE
505,TRUE,FALSE,-0.04406084767272053,27.531208425389636,23.252865291801733,32.55706069956609,26.312433017384997,-4.278343133587903,-6.24462768218109,-1.9662845485931868,,TRUE
506,TRUE,FALSE,-0.048441550126489874,28.461282923869835,23.78144780475237,29.686993419683102,23.632634407050638,-4.679835119117463,-6.054359012632464,-1.3745238935150006,,TRUE
507,TRUE,FALSE,-0.24805067649816984,30.016836375477475,28.433602350759532,30.795316790691704,22.762743445864125,-1.5832340247179424,-8.03257334482758,-6.449339320109637,,TRUE
508,TRUE,FALSE,0.031996444156981045,27.783914385925257,21.624357974324035,30.148035394520946,24.2272815136227,-6.159556411601223,-5.920753880898246,0.2388025307029764,,TRUE
509,TRUE,FALSE,-0.10403425340181814,25.731217425989602,23.03198560650098,29.261014917490336,23.60363712293059,-2.6992318194886202,-5.657377794559746,-2.958145975071126,,TRUE
510,TRUE,FALSE,-0.05922188385251304,28.64505200031229,24.1715637522429,30.85403165455673,24.53846070054012,-4.4734882480693905,-6.315570954016611,-1.8420827059472202,,TRUE
511,TRUE,FALSE,0.061331714407919444,29.484214241991737,23.36189824504896,29.048869921197873,24.472809899644837,-6.122315996942778,-4.576060021553037,1.546255975389741,,TRUE
512,TRUE,FALSE,-0.00701209882022818,31.878402977130836,24.565921416421464,30.873125501787587,23.624998223435348,-7.312481560709372,-7.248127278352239,0.06435428235713303,,TRUE
513,TRUE,FALSE,-0.16147612188535113,29.75207108149603,26.78580027071406,29.718395709045502,22.765888039987875,-2.966270810781971,-6.952507669057628,-3.9862368582756567,,TRUE
514,TRUE,FALSE,0.00952507462656469,30.211707385109115,24.733595446724895,27.57690846533658,22.79261990907935,-5.47811193838422,-4.784288556257231,0.6938233821269897,,TRUE
515,TRUE,FALSE,0.08507513343330408,31.99988598987691,25.609324507960427,28.52301728060742,24.853801095086492,-6.390561481916482,-3.669216185520927,2.7213452963955547,,TRUE
516,TRUE,FALSE,-0.13271866521999795,28.50834772867993,26.20135043704467,28.46809994077336,22.912428681983723,-2.306997291635259,-5.555671258789637,-3.248673967154378,,TRUE
517,TRUE,FALSE,-0.04263365787987938,25.675492529704574,22.24223768989696,27.01841327803838,22.428693298058374,-3.4332548398076135,-4.589719979980007,-1.1564651401723935,,TRUE
518,FALSE,FALSE,,,,,,,,,relative convergence (4) | Model convergence problem; non-positive-definite Hessian matrix. See vignette('troubleshooting'),FALSE
519,TRUE,FALSE,-0.16475483171869937,25.97167201762316,24.07831707994357,29.653100242078292,23.31547195433933,-1.8933549376795895,-6.337628287738962,-4.4442733500593725,,TRUE
520,TRUE,FALSE,-0.008917420236844664,32.177560480101526,26.99338534104095,27.544338747931242,22.901493405710465,-5.184175139060578,-4.642845342220777,0.5413297968398005,,TRUE
521,TRUE,FALSE,0.02389313642387297,28.044874417536203,23.02580684747944,29.025392458153938,24.407096349331848,-5.019067570056762,-4.61829610882209,0.40077146123467244,,TRUE
522,TRUE,FALSE,-0.025430422540235642,29.453535626684054,25.05207199428158,29.063570096465238,24.099658276044273,-4.401463632402475,-4.9639118204209645,-0.5624481880184895,,TRUE
523,TRUE,FALSE,-0.09772042502909699,26.86828420873919,23.142781655611902,31.599636676419408,24.684155423829182,-3.7255025531272885,-6.915481252590226,-3.1899786994629373,,TRUE
524,TRUE,FALSE,-0.05673154327397669,28.919716994020984,25.545085380598024,30.420088602474134,25.388415565984292,-3.3746316134229595,-5.031673036489842,-1.6570414230668824,,TRUE
525,TRUE,FALSE,-0.019419623667118708,30.266810530664202,24.247213269253116,26.97068829827102,21.191093552329153,-6.019597261411086,-5.779594745941868,0.24000251546921803,,TRUE
526,TRUE,FALSE,-0.0181463180948874,25.93526396017374,20.798785055338026,30.563287861260218,24.069469608816867,-5.1364789048357125,-6.493818252443351,-1.3573393476076383,,TRUE
527,TRUE,FALSE,-0.15755036754879567,22.45500049619938,20.798683091126296,29.894847301226854,23.653523997480953,-1.6563174050730822,-6.241323303745901,-4.585005898672819,,TRUE
528,TRUE,FALSE,-0.06427820511835562,25.646629804565638,22.06237632935132,27.35266413233278,22.065102448135562,-3.584253475214318,-5.287561684197218,-1.7033082089829001,,TRUE
529,TRUE,FALSE,-0.10373480943710331,28.19587578545094,25.092405137280377,30.19262765501538,24.22178574117195,-3.103470648170564,-5.970841913843429,-2.8673712656728654,,TRUE
530,TRUE,FALSE,-0.007380107089658801,31.12265587245899,26.029585673576655,29.37275221023757,24.385412494843305,-5.093070198882334,-4.987339715394267,0.1057304834880668,,TRUE
531,TRUE,FALSE,0.06914149532784362,26.801611616470954,19.814814238344848,29.850020234267735,23.64838545164636,-6.986797378126106,-6.201634782621376,0.7851625955047297,,TRUE
532,TRUE,FALSE,-0.05802267275866807,26.97853759151549,23.414677106582037,30.29731722421699,24.812756651106596,-3.5638604849334534,-5.484560573110393,-1.9207000881769396,,TRUE
533,TRUE,FALSE,-0.029903586020162746,28.52064301317755,23.224696446050228,28.474785102164645,22.504233555436652,-5.295946567127324,-5.970551546727993,-0.6746049796006695,,TRUE
534,TRUE,FALSE,-0.07182776872112466,27.120688507975654,22.292686954453718,29.007371287809327,22.19093886917854,-4.828001553521936,-6.816432418630786,-1.9884308651088496,,TRUE
535,TRUE,FALSE,0.03028690218810557,25.661058917855023,19.7267329223725,29.94600933940734,23.728647303307316,-5.934325995482524,-6.217362036100024,-0.28303604061749965,,TRUE
536,TRUE,FALSE,-0.19360957511831586,26.254936950030107,26.314979582898435,27.461759878919615,22.679676368168764,0.06004263286832767,-4.7820835107508515,-4.842126143619179,,TRUE
537,TRUE,FALSE,-0.008597412502664882,27.411359044691913,22.039220662955245,30.701381428178887,24.473144441937237,-5.372138381736669,-6.228236986241651,-0.8560986045049823,,TRUE
538,TRUE,FALSE,0.05507900322243782,26.14874830267261,20.933422367933915,26.701284644810027,22.58613892553702,-5.215325934738697,-4.115145719273006,1.1001802154656914,,TRUE
539,TRUE,FALSE,0.009109108141582965,29.980668646815143,23.61364092767465,30.819432703236796,24.496402891824292,-6.367027719140495,-6.323029811412503,0.0439979077279915,,TRUE
540,TRUE,FALSE,-0.08153624615316284,27.627956708308588,23.556809045474967,29.70525107988905,23.344801229384128,-4.071147662833621,-6.360449850504921,-2.2893021876713,,TRUE
541,TRUE,FALSE,0.0756839933532226,23.399339691732248,18.102111604966822,25.75421322279002,21.49032896688731,-5.297228086765426,-4.26388425590271,1.0333438308627159,,TRUE
542,TRUE,FALSE,-0.11253180414890562,29.21844745638137,23.861153856870796,30.83079726005281,22.498166123331423,-5.357293599510573,-8.332631136721389,-2.975337537210816,,TRUE
543,TRUE,FALSE,-0.06585959782563341,26.483473981936303,22.538862797802487,26.407200192592477,21.041512018543525,-3.944611184133816,-5.365688174048952,-1.4210769899151359,,TRUE
544,TRUE,FALSE,-0.0290224181533964,28.360708254071444,23.177006886380312,28.86570425746642,22.914910175921957,-5.183701367691132,-5.950794081544462,-0.7670927138533301,,TRUE
545,TRUE,FALSE,-0.09757115394562056,29.15115543447814,26.18642302904012,27.43277781763522,22.351958304290125,-2.9647324054380206,-5.080819513345094,-2.1160871079070738,,TRUE
546,TRUE,FALSE,-0.10547555924859513,27.86756943862944,24.308012594823538,32.05183534343209,25.159141078401884,-3.559556843805904,-6.8926942650302045,-3.3331374212243006,,TRUE
547,TRUE,FALSE,-0.026361005568394023,31.197167218791577,24.14744691481914,30.220518649023738,22.782927778646755,-7.049720303972435,-7.437590870376983,-0.38787056640454765,,TRUE
548,TRUE,FALSE,-0.006605104027843862,30.275099894189637,25.027949732826123,30.23214264371691,24.827903976944693,-5.247150161363514,-5.4042386667722155,-0.15708850540870145,,TRUE
549,TRUE,FALSE,-0.09473205032228729,33.510449739722176,29.867259107283626,28.79605849102161,23.345681349137596,-3.64319063243855,-5.450377141884015,-1.807186509445465,,TRUE
550,TRUE,FALSE,-0.12793695272605926,33.39333334760407,29.821176646070246,29.158474665979153,22.912236918178525,-3.5721567015338245,-6.2462377478006275,-2.674081046266803,,TRUE
551,TRUE,FALSE,-0.047789511385794625,31.97425842801332,27.161500467241197,30.693095518607386,24.856458245479352,-4.8127579607721245,-5.836637273128034,-1.0238793123559091,,TRUE
552,TRUE,FALSE,-0.03182292572091265,27.30401496635592,21.863959938951226,29.645280397512877,22.99520846233888,-5.440055027404693,-6.650071935173997,-1.2100169077693046,,TRUE
553,TRUE,FALSE,-0.03579757575499023,25.52498508812061,21.847997384262474,28.71215026394292,23.71183513235326,-3.676987703858135,-5.000315131589659,-1.323327427731524,,TRUE
554,TRUE,FALSE,0.08387155770771135,32.9920722618235,25.38124592270837,28.97802676531541,24.243599791948355,-7.610826339115132,-4.734426973367054,2.876399365748078,,TRUE
555,TRUE,FALSE,-0.18364994188897418,28.788690203754427,26.93691392011634,29.90934902324429,23.29028143681277,-1.8517762836380882,-6.61906758643152,-4.767291302793431,,TRUE
556,TRUE,FALSE,-0.08684663385463944,30.497022634421118,27.64624298804644,28.201345686574005,23.438590796484334,-2.8507796463746793,-4.762754890089671,-1.9119752437149913,,TRUE
557,TRUE,FALSE,-0.11468881641552667,32.86428697024678,28.283614560649795,30.50770734983136,23.41054625959739,-4.5806724095969855,-7.097161090233971,-2.5164886806369857,,TRUE
558,TRUE,FALSE,0.010721033779522366,24.71088490556747,19.371751048246658,31.150213384022948,24.682985782155495,-5.339133857320814,-6.467227601867453,-1.1280937445466392,,TRUE
559,TRUE,FALSE,-0.116997468275621,26.193513924014816,22.419280764430948,29.386098897782038,22.374765523736972,-3.7742331595838685,-7.011333374045066,-3.237100214461197,,TRUE
560,TRUE,FALSE,0.008567766674014838,33.5583532457558,27.70202168059363,28.198963456514218,23.478205634779123,-5.856331565162165,-4.720757821735095,1.13557374342707,,TRUE
561,TRUE,FALSE,-0.08556286886550422,28.65387695131389,25.10410068786819,28.159722851401927,22.64801640362427,-3.5497762634457004,-5.511706447777659,-1.9619301843319583,,TRUE
562,TRUE,FALSE,-0.11714961162527422,26.984453053629785,24.280632337000217,30.685682196269767,24.558663357962516,-2.7038207166295685,-6.127018838307251,-3.4231981216776823,,TRUE
563,TRUE,FALSE,-0.11369147726039065,28.61823694993879,26.42011454297657,27.93681353869085,23.019352791279918,-2.19812240696222,-4.9174607474109315,-2.7193383404487115,,TRUE
564,TRUE,FALSE,-0.1343221789954931,32.54720461585448,27.872517138972274,27.71282521383005,20.749513496498682,-4.674687476882209,-6.9633117173313686,-2.2886242404491597,,TRUE
565,TRUE,FALSE,-0.09376588553106126,22.752337049502582,18.6185564182704,27.966896907787792,20.837339480524932,-4.133780631232181,-7.12955742726286,-2.995776796030679,,TRUE
566,TRUE,FALSE,0.0011884085185746897,32.41070358221815,25.355967946952962,31.823910465957926,24.926505514168195,-7.054735635265185,-6.897404951789731,0.15733068347545398,,TRUE
567,TRUE,FALSE,-0.06880719708256297,28.432694923549697,24.170831239992058,29.188931318396488,23.1637660293012,-4.261863683557639,-6.025165289095288,-1.7633016055376487,,TRUE
568,TRUE,FALSE,0.019405142899591204,33.14168893308075,24.230019718957287,26.057114747903864,19.4237465616585,-8.911669214123464,-6.633368186245363,2.2783010278781006,,TRUE
569,TRUE,FALSE,-0.07001415193311368,33.33206775764265,27.237022570196256,29.281416261948692,22.309133039897176,-6.095045187446392,-6.972283222051516,-0.8772380346051243,,TRUE
570,TRUE,FALSE,-0.056498860152687444,26.862064189518378,22.550097286583238,30.746121283684012,24.392832304732863,-4.31196690293514,-6.353288978951149,-2.0413220760160087,,TRUE
571,TRUE,FALSE,-0.05793470434481781,29.300213739287294,25.79552084818462,26.59001487461004,22.09181362703151,-3.5046928911026747,-4.498201247578532,-0.9935083564758571,,TRUE
572,TRUE,FALSE,-0.06814559006342928,28.02409113977549,22.847534625584075,29.77918700091417,22.67907779023117,-5.1765565141914145,-7.1001092106830015,-1.923552696491587,,TRUE
573,TRUE,FALSE,-0.006731543340170278,25.67929069788823,20.511500714814005,31.67329780021594,25.129521831062494,-5.1677899830742255,-6.543775969153447,-1.3759859860792218,,TRUE
574,TRUE,FALSE,-0.019960664458988097,22.550315518240023,19.597412524180417,28.480408078821117,24.261827641001723,-2.952902994059606,-4.218580437819394,-1.2656774437597882,,TRUE
575,TRUE,FALSE,0.11965569598438797,27.827425623455138,21.062981862609735,28.289440257764912,24.13442665843432,-6.764443760845403,-4.155013599330591,2.609430161514812,,TRUE
576,TRUE,FALSE,-0.12498716209866444,30.359949239309394,26.95742787691733,28.609705865324806,22.418655786407967,-3.402521362392065,-6.191050078916838,-2.788528716524773,,TRUE
577,TRUE,FALSE,0.06692598710214648,27.651355810130163,21.37624583894566,31.606362426725134,26.12492831983599,-6.275109971184502,-5.481434106889143,0.7936758642953592,,TRUE
578,TRUE,FALSE,0.0130350652804279,27.549745428799998,21.504875902899975,28.80812921691294,22.782189705871613,-6.0448695259000225,-6.025939511041326,0.01893001485869661,,TRUE
579,TRUE,FALSE,0.006967737382138413,25.695219820426203,19.851000645614974,28.464241216964943,22.14398237598031,-5.844219174811229,-6.320258840984632,-0.47603966617340276,,TRUE
580,TRUE,FALSE,0.04734889562916186,27.821119970287288,21.56544949921179,29.349125621024235,23.852968628731816,-6.255670471075497,-5.49615699229242,0.7595134787830773,,TRUE
581,TRUE,FALSE,0.027736197637758905,30.172660356306658,22.72927166361426,32.12484702966046,24.880474652644754,-7.443388692692398,-7.244372377015704,0.19901631567669398,,TRUE
582,TRUE,FALSE,-0.05353187079441232,33.40131912408048,27.650594725684556,27.072116228715505,21.242932436076774,-5.750724398395924,-5.82918379263873,-0.07845939424280601,,TRUE
583,TRUE,FALSE,-0.036040935445715315,27.33625696344867,22.45662293213982,28.74086774410469,22.774712088250798,-4.87963403130885,-5.966155655853893,-1.0865216245450426,,TRUE
584,TRUE,FALSE,-0.05054549518670261,29.738551995768876,26.07730652956919,28.500067461543015,23.759493158923096,-3.661245466199688,-4.740574302619919,-1.0793288364202311,,TRUE
585,TRUE,FALSE,-0.016988030866155614,28.978550644453342,24.253145099896575,27.68715922147484,22.782007718531194,-4.725405544556768,-4.905151502943646,-0.1797459583868779,,TRUE
586,TRUE,FALSE,-0.016728795118967982,28.449285945282536,22.954371883080594,28.565422996276414,22.665717889944275,-5.494914062201943,-5.899705106332139,-0.40479104413019584,,TRUE
587,TRUE,FALSE,-0.03303968056221728,28.578421022172574,24.290374276828913,28.369979149017723,23.32953283328426,-4.28804674534366,-5.040446315733462,-0.7523995703898017,,TRUE
588,TRUE,FALSE,-0.03117771780562621,27.64956794806922,22.235988423732707,31.503938172113205,24.557979105904742,-5.413579524336512,-6.945959066208463,-1.5323795418719506,,TRUE
589,TRUE,FALSE,0.030464902584280248,26.523639630962354,21.286066245430025,27.031227793439413,22.3644798677847,-5.237573385532329,-4.666747925654715,0.5708254598776143,,TRUE
590,TRUE,FALSE,0.03976318890626667,26.21790269652406,20.84828253866385,28.90402676412163,23.91660995806654,-5.369620157860211,-4.987416806055091,0.38220335180512066,,TRUE
591,TRUE,FALSE,-0.02039775461085535,28.330409551289655,22.67253988181515,28.67074111066686,22.481620299980978,-5.657869669474504,-6.189120810685882,-0.5312511412113778,,TRUE
592,TRUE,FALSE,-0.05312162983040348,33.13134668361674,27.58446335171747,28.899945013181163,22.816658174206992,-5.54688333189927,-6.083286838974171,-0.5364035070749011,,TRUE
593,TRUE,FALSE,-0.08385940263651659,23.114813463143538,20.221766266639147,29.213172711231195,23.501075826051558,-2.8930471965043907,-5.712096885179637,-2.8190496886752463,,TRUE
594,TRUE,FALSE,0.016255854666904622,30.237336812535222,23.718844581088476,29.450819483309314,23.480492587572357,-6.518492231446746,-5.970326895736957,0.5481653357097898,,TRUE
595,TRUE,FALSE,-0.11906131924191311,24.100221671110813,19.995781787625525,29.82817369244673,21.970317895570183,-4.104439883485288,-7.857855796876546,-3.753415913391258,,TRUE
596,TRUE,FALSE,0.1019234160087391,32.96372195119268,24.100842005635123,27.707674641204186,22.431629847494914,-8.862879945557559,-5.276044793709271,3.5868351518482875,,TRUE
597,TRUE,FALSE,-0.13953648238997343,27.39999458650477,25.88005214217326,27.68483922258072,22.743471315320175,-1.5199424443315124,-4.941367907260545,-3.421425462929033,,TRUE
598,TRUE,FALSE,-0.05203121790444185,29.120426151856208,26.41139577245215,27.843161251476953,23.97260881800084,-2.7090303794040587,-3.8705524334761137,-1.161522054072055,,TRUE
599,TRUE,FALSE,-0.13490405951152282,33.39141221782958,29.312676229119706,29.51376241377173,22.63899649940231,-4.078735988709877,-6.874765914369419,-2.7960299256595427,,TRUE
600,TRUE,FALSE,-0.24563699336322897,25.14696108779381,25.744464291818304,29.447748477988,23.581512319639504,0.5975032040244947,-5.866236158348496,-6.463739362372991,,TRUE
601,TRUE,FALSE,0.07815714606314067,29.836691452092353,22.354647575809945,28.575060351199813,23.149815703304057,-7.4820438762824075,-5.425244647895756,2.0567992283866516,,TRUE
602,TRUE,FALSE,-0.08250445416868765,25.521426872377162,21.44637652248198,29.76132552759527,23.028731476266483,-4.075050349895182,-6.732594051328789,-2.6575437014336067,,TRUE
603,TRUE,FALSE,-0.038196747695285325,32.5313939704853,26.47154743918536,29.13814932254133,22.821804676686313,-6.059846531299936,-6.316344645855018,-0.2564981145550824,,TRUE
604,TRUE,FALSE,0.006220332384054509,27.20517678229034,21.800656366162286,28.559028216652678,23.028354086905527,-5.4045204161280544,-5.530674129747151,-0.12615371361909666,,TRUE
605,TRUE,FALSE,-0.1530668751719339,22.97359282909998,21.575553079387465,28.393618060715387,22.881139805861388,-1.3980397497125168,-5.512478254853999,-4.114438505141482,,TRUE
606,TRUE,FALSE,-0.0036192777041022263,23.57734276422703,18.888428621063134,29.99209219871655,23.9406480521076,-4.688914143163895,-6.051444146608947,-1.3625300034450518,,TRUE
607,TRUE,FALSE,-0.07960726277752639,24.75909307915059,21.79126334723274,31.022329565620183,25.214426172401126,-2.967829731917849,-5.807903393219057,-2.840073661301208,,TRUE
608,TRUE,FALSE,-0.08550108951586097,28.98035093718681,25.02909797708994,28.868427237243328,22.889274672556606,-3.9512529600968698,-5.979152564686721,-2.0278996045898516,,TRUE
609,TRUE,FALSE,-0.07427434126107121,37.64386315175859,31.80189664686676,30.574037000468135,23.9803040980443,-5.841966504891829,-6.5937329024238345,-0.7517663975320055,,TRUE
610,TRUE,FALSE,-0.03249166947213571,29.217634297765272,24.81023258016989,26.758460349404693,21.99560717206285,-4.407401717595381,-4.762853177341842,-0.35545145974646175,,TRUE
611,TRUE,FALSE,0.02331457245247323,27.95871336644085,22.805721186132175,28.38866019164994,23.702650638769537,-5.152992180308676,-4.686009552880403,0.4669826274282727,,TRUE
612,TRUE,FALSE,-0.07196058638360682,25.612697782345496,21.182704959740953,32.26815787821737,24.834085943369395,-4.429992822604543,-7.434071934847978,-3.004079112243435,,TRUE
613,TRUE,FALSE,-0.05349987693502807,30.51446977624502,26.512477694469,28.296939451571426,23.305007784271606,-4.00199208177602,-4.99193166729982,-0.9899395855237998,,TRUE
614,TRUE,FALSE,-0.028499765064714442,26.458147360421236,21.70518860020495,30.4912591774061,24.31096520256498,-4.752958760216288,-6.1802939748411205,-1.4273352146248328,,TRUE
615,TRUE,FALSE,-0.17126850021574322,26.59444546558237,24.323977076363278,29.90177166463871,23.04409211818324,-2.2704683892190936,-6.8576795464554685,-4.587211157236375,,TRUE
616,TRUE,FALSE,-0.077716245870193,26.1491573034016,22.60603578601587,32.695103171476674,26.151565294304476,-3.5431215173857318,-6.543537877172199,-3.000416359786467,,TRUE
617,TRUE,FALSE,-0.21472042892544146,24.75420667510927,23.99886537075195,29.339618743277445,22.947969577833412,-0.7553413043573194,-6.391649165444033,-5.6363078610867134,,TRUE
618,TRUE,FALSE,-0.16439820003594463,31.118860913670144,28.475722611470232,29.596660831079056,22.97717049055374,-2.6431383021999117,-6.619490340525317,-3.9763520383254054,,TRUE
619,TRUE,FALSE,-0.06804024527531159,24.06427802583035,20.94220346609382,29.059994630532447,23.626291872245456,-3.1220745597365323,-5.433702758286991,-2.3116281985504585,,TRUE
620,TRUE,FALSE,0.061582641300388104,31.213916217292187,23.380379738913955,28.45915496539607,22.67098042993539,-7.833536478378232,-5.78817453546068,2.045361942917552,,TRUE
621,TRUE,FALSE,0.0941731885005382,33.43289776614693,24.69278109078015,29.380881273225253,23.84293420241084,-8.740116675366778,-5.537947070814411,3.202169604552367,,TRUE
622,TRUE,FALSE,-0.075992915678969,30.118908736708782,26.2238410963419,25.958252998489137,20.947356745637173,-3.8950676403668822,-5.010896252851964,-1.1158286124850818,,TRUE
623,TRUE,FALSE,-0.13334368136158525,30.013868452467225,26.7875516317569,28.44799209081064,22.2204187931492,-3.2263168207103234,-6.22757329766144,-3.0012564769511165,,TRUE
624,TRUE,FALSE,-0.05831574366463432,28.38827315100867,24.881485261366905,29.655066955068826,24.519410761318586,-3.506787889641764,-5.13565619375024,-1.628868304108476,,TRUE
625,TRUE,FALSE,-0.05771786415008631,29.290506457048586,24.272986216614736,30.66395837841745,23.98600915316286,-5.01752024043385,-6.67794922525459,-1.66042898482074,,TRUE
626,TRUE,FALSE,-0.06453114424185218,25.538260478163718,22.198723096334533,29.90978195463245,24.37386541647764,-3.339537381829185,-5.535916538154812,-2.1963791563256265,,TRUE
627,TRUE,FALSE,-0.12202648108514669,24.353117290521634,21.772165931234564,27.08665483947453,21.434187296463886,-2.58095135928707,-5.652467543010644,-3.071516183723574,,TRUE
628,TRUE,FALSE,-0.12564873636052692,26.713977666485903,23.915623800522567,27.42785665234357,21.65541310307241,-2.7983538659633354,-5.772443549271163,-2.9740896833078274,,TRUE
629,TRUE,FALSE,0.03498612534860566,33.757932789571484,26.343753877305506,29.132540362986838,23.54368584144578,-7.414178912265978,-5.588854521541059,1.8253243907249193,,TRUE
630,TRUE,FALSE,-0.1770262644582323,23.360127877014236,20.765575282698066,28.199271076746292,21.00028089982618,-2.59455259431617,-7.198990176920113,-4.604437582603943,,TRUE
631,TRUE,FALSE,-0.10871832254289489,27.718850305854414,25.606405897862558,27.748047167848487,22.992705080526488,-2.1124444079918554,-4.755342087321999,-2.6428976793301437,,TRUE
632,TRUE,FALSE,-0.0795614397321778,25.994771921187677,21.157641754858172,30.923674310515523,23.244448385696046,-4.837130166329505,-7.679225924819477,-2.8420957584899718,,TRUE
633,TRUE,FALSE,0.03632309306542161,31.392918704175617,23.248723599601952,32.259569161187564,24.774271956052456,-8.144195104573665,-7.485297205135108,0.658897899438557,,TRUE
634,TRUE,FALSE,-0.09567821894712492,26.078143040257892,21.737716762215175,31.91776071235673,24.177820808640195,-4.340426278042717,-7.739939903716536,-3.399513625673819,,TRUE
635,TRUE,FALSE,-0.07822578161577921,34.531988865493076,28.93730969663234,29.202932067612032,22.630283414913904,-5.594679168860736,-6.572648652698128,-0.9779694838373914,,TRUE
636,TRUE,FALSE,-0.027609484693288243,28.159385757311046,24.655890209221404,27.797679373583392,23.676385617193407,-3.503495548089642,-4.121293756389985,-0.6177982083003428,,TRUE
637,TRUE,FALSE,-0.1427520237787345,25.39664675615677,22.682851050363915,31.301725816266334,24.237796193516758,-2.7137957057928546,-7.063929622749576,-4.350133916956722,,TRUE
638,TRUE,FALSE,0.018523121842474954,28.233222002321412,22.062530915280618,29.35764960805434,23.370104834051705,-6.170691087040794,-5.987544774002636,0.18314631303815787,,TRUE
639,TRUE,FALSE,-0.07991249150026516,28.969720835353417,25.771841822693904,27.414627764990726,22.515310799611076,-3.197879012659513,-4.899316965379651,-1.7014379527201378,,TRUE
640,TRUE,FALSE,-0.014034207024939856,32.89299700547706,28.434116731061717,28.249650777076273,24.079884598761662,-4.458880274415346,-4.16976617831461,0.2891140961007359,,TRUE
641,TRUE,FALSE,-0.15549493664598502,22.75721378274413,20.916182815486422,28.076110400770787,22.088676169549906,-1.8410309672577085,-5.987434231220881,-4.1464032639631725,,TRUE
642,TRUE,FALSE,-0.04297956491801202,33.29343322180676,27.176969593437676,29.323053482921427,22.92903890188757,-6.1164636283690825,-6.394014581033858,-0.27755095266477525,,TRUE
643,TRUE,FALSE,-0.04786773960051415,31.840465761577217,26.33547731476183,28.532927945152863,22.49673158320505,-5.504988446815386,-6.0361963619478125,-0.5312079151324269,,TRUE
644,TRUE,FALSE,-0.12439708256844235,28.842415582185787,24.886445649081402,32.154386710508184,24.49889564399277,-3.9559699331043845,-7.655491066515413,-3.6995211334110287,,TRUE
645,TRUE,FALSE,-0.031068271287988978,27.88438270858828,22.49091230676122,27.1054517377186,21.193852539787297,-5.393470401827059,-5.911599197931302,-0.5181287961042429,,TRUE
646,TRUE,FALSE,-0.10089100963074843,26.083324757987185,23.801762331513142,27.482341826339272,22.671669080474665,-2.281562426474043,-4.810672745864608,-2.529110319390565,,TRUE
647,TRUE,FALSE,-0.08364213830690792,25.337818994608494,21.572973690071294,30.704069823459122,24.044259713938104,-3.7648453045372,-6.659810109521018,-2.894964804983818,,TRUE
648,TRUE,FALSE,-0.05657877303077228,30.068240645604032,25.813966486041927,31.202976074658974,25.31458975566742,-4.2542741595621045,-5.888386318991554,-1.6341121594294492,,TRUE
649,TRUE,FALSE,0.019391610747176977,28.80025754685497,22.17940804437689,30.030795420886484,23.579906811501665,-6.62084950247808,-6.450888609384819,0.16996089309326123,,TRUE
650,TRUE,FALSE,-0.05067428554514191,27.54606387093083,23.127218785409926,28.49695270096571,22.743364813773514,-4.418845085520903,-5.753587887192197,-1.3347428016712932,,TRUE
651,TRUE,FALSE,-0.04239154215456494,29.838658209701862,23.470829753866447,28.98548302644006,21.853413466998745,-6.367828455835415,-7.132069559441316,-0.7642411036059009,,TRUE
652,TRUE,FALSE,-0.06863726099141725,30.660369847430832,26.654812318473073,28.666269734204274,23.268084854943023,-4.005557528957759,-5.398184879261251,-1.392627350303492,,TRUE
653,TRUE,FALSE,-0.12339142732185195,26.39375306483803,24.29804023640911,25.10905080985995,20.432061033127813,-2.095712828428919,-4.676989776732139,-2.58127694830322,,TRUE
654,TRUE,FALSE,-0.0553315781528839,28.788780956149548,24.599209201659658,28.053630856174642,22.680715426957907,-4.18957175448989,-5.372915429216736,-1.1833436747268458,,TRUE
655,TRUE,FALSE,-0.0504341254012832,30.94941425549324,26.527610252706495,30.117149927557616,24.54461943530857,-4.421804002786747,-5.572530492249047,-1.1507264894623006,,TRUE
656,TRUE,FALSE,-0.03407075167238515,25.923797721971454,21.859594736187727,28.820073249337096,23.48777202173706,-4.0642029857837265,-5.332301227600034,-1.2680982418163076,,TRUE
657,TRUE,FALSE,-0.13449885777913134,25.96370286216115,23.341755121523402,30.64685145498593,24.084666102983963,-2.621947740637747,-6.562185352001968,-3.9402376113642212,,TRUE
658,TRUE,FALSE,0.04268162325925696,31.059151892765936,23.822588508529194,29.70242263864259,23.775388565180172,-7.236563384236742,-5.927034073462419,1.309529310774323,,TRUE
659,TRUE,FALSE,0.047496655406650455,35.39160521403055,27.337280372368554,29.894187414885167,24.214155905894135,-8.054324841661995,-5.680031508991032,2.3742933326709625,,TRUE
660,TRUE,FALSE,-0.006196685752869068,29.857840027392687,24.244126313677565,29.10632118538334,23.487905028995463,-5.613713713715121,-5.618416156387877,-0.004702442672755325,,TRUE
661,TRUE,FALSE,-0.07506624840270026,29.151438607046252,26.001828184947456,26.371557882277802,21.821209615276956,-3.149610422098796,-4.550348267000846,-1.40073784490205,,TRUE
662,TRUE,FALSE,-0.10243806063706491,26.880944910129077,22.930949032468938,29.095745833888568,22.40364632306823,-3.9499958776601396,-6.692099510820338,-2.7421036331601982,,TRUE
663,TRUE,FALSE,-0.011326471104549577,27.642857349152557,24.181839888252934,30.83836846516348,26.673424582039832,-3.4610174608996225,-4.164943883123648,-0.7039264222240256,,TRUE
664,TRUE,FALSE,-0.0722539697448453,27.712335584772905,24.18279400234291,32.864079735007664,26.67935477274198,-3.529541582429996,-6.184724962265683,-2.6551833798356874,,TRUE
665,TRUE,FALSE,-0.04390443084634804,27.13122972032823,23.296421092170043,28.665316661176227,23.55640545671894,-3.8348086281581857,-5.108911204457286,-1.2741025762991,,TRUE
666,TRUE,FALSE,-0.0551520076901404,28.401657404644514,22.24998862953051,29.862551513454406,22.139143143193625,-6.151668775114004,-7.723408370260781,-1.5717395951467772,,TRUE
667,TRUE,FALSE,-0.1468014865136432,24.945111168348674,22.64462718030926,28.996236416075202,22.728265171607372,-2.3004839880394137,-6.26797124446783,-3.9674872564284165,,TRUE
668,TRUE,FALSE,-0.08288161932146912,30.268853616060486,26.93705682216242,28.41636101254395,23.277031858426806,-3.331796793898068,-5.139329154117142,-1.8075323602190743,,TRUE
669,TRUE,FALSE,-0.03981449060241271,27.826272645013276,23.545129973922695,27.968753599575592,22.74196335590086,-4.281142671090581,-5.226790243674731,-0.94564757258415,,TRUE
670,TRUE,FALSE,-0.07698736604809715,28.82877327126563,25.261000831082484,28.465759458246808,23.09468151151006,-3.5677724401831448,-5.371077946736747,-1.8033055065536026,,TRUE
671,TRUE,FALSE,0.0036774307177148582,32.325614638467094,26.470490716622567,26.90509216407955,22.112954539323,-5.855123921844527,-4.792137624756553,1.0629862970879742,,TRUE
672,TRUE,FALSE,0.035554549926883075,27.032896260502902,20.480148362987975,33.551869081703174,26.338945521408274,-6.5527478975149265,-7.2129235602949,-0.6601756627799737,,TRUE
673,TRUE,FALSE,-0.16264858114788538,25.039339437896196,23.05145705765157,29.137035797432095,22.79730452511561,-1.9878823802446242,-6.3397312723164845,-4.35184889207186,,TRUE
674,TRUE,FALSE,0.029812188628069315,26.599004757810572,21.444727785352537,30.502008028024548,25.335579986425277,-5.154276972458035,-5.166428041599271,-0.012151069141236093,,TRUE
675,TRUE,FALSE,0.032837176685910865,31.720492215969838,25.260477016737813,28.173608464876253,23.184893706069104,-6.460015199232025,-4.9887147588071485,1.4713004404248764,,TRUE
676,TRUE,FALSE,-0.18824508231496184,29.971532040409084,28.44358629304207,29.36528766203835,23.086381560529393,-1.5279457473670135,-6.278906101508959,-4.750960354141945,,TRUE
677,TRUE,FALSE,0.08543560024234118,29.722087133426097,22.102328693004793,30.536909397610383,24.733639154259933,-7.619758440421304,-5.80327024335045,1.8164881970708535,,TRUE
678,TRUE,FALSE,-0.10231478642099606,23.710071274517272,20.971576271803844,28.986859339715,23.145396802173394,-2.738495002713428,-5.841462537541606,-3.1029675348281778,,TRUE
679,TRUE,FALSE,-0.04094201591859991,29.88997608420313,25.049234642970706,34.38143019542102,27.657437538340684,-4.840741441232424,-6.723992657080334,-1.8832512158479098,,TRUE
680,TRUE,FALSE,0.07691822981108933,28.35399238999539,21.378854843731027,30.446773112847644,24.792290598328417,-6.975137546264364,-5.654482514519227,1.3206550317451367,,TRUE
681,TRUE,FALSE,-0.11405576990774174,26.74340408981599,23.905716250257026,30.175482414467925,24.06608820905457,-2.8376878395589635,-6.109394205413356,-3.271706365854392,,TRUE
682,TRUE,FALSE,-0.015952204043722492,29.547090710703394,25.114802591142173,28.286653331439076,23.662937527695934,-4.432288119561221,-4.623715803743142,-0.1914276841819209,,TRUE
683,TRUE,FALSE,-0.00597836519076556,27.202961609620164,21.874964256766944,27.68195915315538,22.12746262739803,-5.32799735285322,-5.554496525757347,-0.22649917290412702,,TRUE
684,TRUE,FALSE,0.10352893489097832,28.635783780370712,20.19760803702497,31.55598477829981,24.685086213649488,-8.438175743345742,-6.870898564650322,1.56727717869542,,TRUE
685,TRUE,FALSE,0.005263951034151387,25.303259389361422,21.24716255229192,31.290498411615943,26.413324000394095,-4.056096837069504,-4.877174411221848,-0.8210775741523442,,TRUE
686,TRUE,FALSE,-0.06313994716462457,29.89952929887368,25.794943411664327,32.5888317552982,26.39475830753828,-4.104585887209353,-6.194073447759923,-2.0894875605505696,,TRUE
687,TRUE,FALSE,-0.1388654523063767,26.112524130122612,23.89972876683674,29.898928701582786,23.81722973747208,-2.2127953632858706,-6.081698964110707,-3.8689036008248365,,TRUE
688,TRUE,FALSE,-0.009075373087445078,25.8666132997435,21.227797124092906,29.010440376397263,23.592735282929592,-4.638816175650593,-5.417705093467671,-0.7788889178170777,,TRUE
689,TRUE,FALSE,-0.028393075912164667,26.574168895640106,21.205868860793757,29.375293491806403,22.78492685111975,-5.368300034846349,-6.5903666406866535,-1.222066605840304,,TRUE
690,TRUE,FALSE,-0.17149360367128008,27.520685989434334,26.055387929321565,28.418929648353554,22.66560311000533,-1.4652980601127688,-5.753326538348226,-4.288028478235457,,TRUE
691,TRUE,FALSE,0.026495992927270978,28.475122033161316,22.26847191397816,29.406149166681335,23.614026255639466,-6.206650119183156,-5.792122911041869,0.41452720814128696,,TRUE
692,TRUE,FALSE,0.011262487811232333,25.67904661608632,20.801217788096558,30.19231645723093,24.734181114456437,-4.877828827989763,-5.458135342774494,-0.5803065147847306,,TRUE
693,TRUE,FALSE,-0.015259876358642243,24.223800421220027,19.523104150263112,30.65482813658907,24.33202180405479,-4.7006962709569144,-6.322806332534281,-1.6221100615773665,,TRUE
694,TRUE,FALSE,0.04842156279173509,34.395471376989114,27.21755682142605,28.152383656040275,23.38257104006431,-7.1779145555630635,-4.769812615975965,2.408101939587098,,TRUE
695,TRUE,FALSE,-0.0674563014227984,28.439312982272018,23.710438205782534,27.767526890489634,21.640225467804008,-4.728874776489484,-6.127301422685626,-1.3984266461961425,,TRUE
696,TRUE,FALSE,-0.19471728214689824,27.45643616572801,26.151484221237315,28.744515774028745,22.53422013991338,-1.3049519444906963,-6.210295634115365,-4.905343689624669,,TRUE
697,TRUE,FALSE,-0.02979653790904559,29.470971078439792,24.620539131226792,28.12246896888864,22.80426539828772,-4.850431947213,-5.318203570600922,-0.46777162338792166,,TRUE
698,TRUE,FALSE,-0.065520018765682,28.780827783436997,23.59182786312852,30.389157097087306,23.330389080677424,-5.188999920308479,-7.058768016409882,-1.869768096101403,,TRUE
699,TRUE,FALSE,-0.13934217909514987,27.124220624363353,24.723210570773812,31.23807271914935,24.769445917453822,-2.401010053589541,-6.468626801695528,-4.067616748105987,,TRUE
700,TRUE,FALSE,-0.05032941852348711,29.408446044382902,24.418764407446634,28.006331735383927,22.113121288961572,-4.989681636936268,-5.893210446422355,-0.9035288094860867,,TRUE
701,TRUE,FALSE,-0.09525235557856856,35.50648821587465,31.213128813549645,30.58339433313329,24.44261664033442,-4.293359402325002,-6.140777692798867,-1.8474182904738647,,TRUE
702,TRUE,FALSE,-0.12722888080340738,30.541357094959142,27.806184162936646,26.895484902914834,21.56143401665599,-2.735172932022497,-5.334050886258844,-2.5988779542363467,,TRUE
703,TRUE,FALSE,-0.03198487574982066,28.467907799765605,23.630168999531246,28.205662493948445,22.675492417306476,-4.837738800234359,-5.530170076641969,-0.6924312764076106,,TRUE
704,TRUE,FALSE,-0.12341000725797366,29.730081158945502,26.39033646671682,30.25955970877706,23.74188253519857,-3.339744692228681,-6.517677173578491,-3.17793248134981,,TRUE
705,TRUE,FALSE,-0.08482733683859905,34.41544202203025,30.038312384661292,30.20162658808607,24.21656088873486,-4.377129637368956,-5.98506569935121,-1.6079360619822545,,TRUE
706,TRUE,FALSE,0.08960858995094567,38.59327385958417,29.730101413275634,29.815068394328733,25.121009946859374,-8.863172446308539,-4.694058447469359,4.16911399883918,,TRUE
707,TRUE,FALSE,0.10686378255823517,33.649990531010026,24.872815792680726,29.63984794759903,24.37958618013435,-8.7771747383293,-5.26026176746468,3.5169129708646203,,TRUE
708,TRUE,FALSE,-0.03535766387412475,32.70507347300334,26.696627596915985,28.51291926512994,22.466080996049158,-6.008445876087354,-6.046838269080784,-0.03839239299342978,,TRUE
709,TRUE,FALSE,-0.12918966457650458,30.357956031374023,25.583530341216516,32.35319294195754,23.960657727698024,-4.774425690157507,-8.392535214259514,-3.6181095241020067,,TRUE
710,TRUE,FALSE,-0.12918960534260351,28.06601968926922,24.19279977111229,31.292959913860354,23.705308773380047,-3.873219918156927,-7.5876511404803075,-3.7144312223233804,,TRUE
711,TRUE,FALSE,0.021604454651401973,26.497196375513024,20.692897316810146,26.748993926213203,21.345755267662074,-5.8042990587028775,-5.403238658551128,0.40106040015174926,,TRUE
712,TRUE,FALSE,-0.08286674695878371,28.365591557043597,24.744421414115877,31.33679950497978,25.162368967164248,-3.6211701429277205,-6.174430537815532,-2.553260394887811,,TRUE
713,TRUE,FALSE,-0.1034791989882192,23.255348085170777,20.030198748666457,28.050055208559154,21.784905955587767,-3.2251493365043196,-6.265149252971387,-3.0399999164670675,,TRUE
714,TRUE,FALSE,8.269984939350819e-4,28.253160148691254,22.69556092157569,30.49601780029598,24.51749994154822,-5.557599227115563,-5.978517858747761,-0.42091863163219756,,TRUE
715,TRUE,FALSE,-0.22102486016999925,25.039133255260445,23.568384788602312,33.38705215639018,25.19409293668379,-1.470748466658133,-8.192959219706392,-6.722210753048259,,TRUE
716,TRUE,FALSE,-0.08608357559458615,30.05582759832591,26.52878132003824,29.60739828976557,23.977463195557092,-3.527046278287667,-5.629935094208477,-2.10288881592081,,TRUE
717,TRUE,FALSE,-0.12990284383521042,28.20564886548293,26.419057274542794,28.84427003453445,23.72600872552485,-1.7865915909401373,-5.1182613090096005,-3.331669718069463,,TRUE
718,TRUE,FALSE,-0.09466983306815062,28.541340539774804,24.9089503579278,28.63617035946563,22.73429081117132,-3.632390181847004,-5.9018795482943105,-2.2694893664473064,,TRUE
719,TRUE,FALSE,-0.14817999060168419,30.293124014411458,27.577399106748782,27.655759140904923,21.709062729098143,-2.7157249076626755,-5.94669641180678,-3.2309715041441045,,TRUE
720,TRUE,FALSE,0.057220687792950656,28.018858578549985,21.375841208217356,29.194177039872933,23.584118142595027,-6.643017370332629,-5.610058897277906,1.0329584730547232,,TRUE
721,TRUE,FALSE,-0.02072057895453491,27.96909331951475,23.074884873688454,31.324202495071418,25.312925714867454,-4.8942084458262975,-6.011276780203964,-1.1170683343776666,,TRUE
722,TRUE,FALSE,-0.148714781961722,24.702242870821266,22.22974120460816,30.34641806277448,23.53528418500312,-2.4725016662131054,-6.811133877771358,-4.338632211558252,,TRUE
723,TRUE,FALSE,-0.014262693900804325,27.92202228331067,23.060618694303393,28.369914958580505,23.0987197740153,-4.861403589007278,-5.2711951845652045,-0.40979159555792677,,TRUE
724,TRUE,FALSE,-0.1378932526767391,25.661761396392034,23.086598969610204,31.702381629436616,24.84729449454984,-2.57516242678183,-6.855087134886777,-4.2799247081049465,,TRUE
725,TRUE,FALSE,-0.03003726603998254,27.077760280741803,22.139411339036975,31.25319561197596,24.79720552026122,-4.938348941704827,-6.455990091714742,-1.517641150009915,,TRUE
726,TRUE,FALSE,-0.10128033986146918,27.262801371337456,23.45685621197859,29.15630987740432,22.669732254811212,-3.805945159358867,-6.486577622593106,-2.6806324632342395,,TRUE
727,TRUE,FALSE,-0.09644714822314795,34.702534096045476,30.168838190307948,28.185212705685103,22.25011441210819,-4.5336959057375275,-5.935098293576914,-1.4014023878393864,,TRUE
728,TRUE,FALSE,-0.12331885864193597,30.814799377937845,27.383889842538352,30.44607262225515,23.91720211818962,-3.4309095353994934,-6.52887050406553,-3.0979609686660368,,TRUE
729,TRUE,FALSE,-0.04113588857626459,30.614537283731533,24.70686685132711,29.67600317483221,22.98424775623183,-5.907670432404423,-6.69175541860038,-0.7840849861959569,,TRUE
730,TRUE,FALSE,-0.04429008360523841,26.18446423952889,20.563853575296342,28.563552243613106,21.460413624047856,-5.620610664232547,-7.10313861956525,-1.4825279553327029,,TRUE
731,TRUE,FALSE,-0.08271976225673026,25.203763164017882,22.153920436497202,29.973611625632945,24.254902945617456,-3.04984272752068,-5.718708680015489,-2.6688659524948086,,TRUE
732,TRUE,FALSE,-0.14646262349362998,26.890564457243297,23.850935994142016,32.17672131673463,24.651275099672507,-3.0396284631012804,-7.525446217062122,-4.485817753960841,,TRUE
733,TRUE,FALSE,0.011062328625840005,31.54706690691363,25.40700927707868,28.039353062138705,22.83320399527198,-6.140057629834953,-5.206149066866725,0.9339085629682273,,TRUE
734,TRUE,FALSE,-0.2090417852705816,27.146690274372325,26.33927370465874,29.07526367148021,22.888897555011248,-0.8074165697135847,-6.186366116468964,-5.378949546755379,,TRUE
735,TRUE,FALSE,-0.10101415850621867,32.08043499291856,27.809928864737525,28.119575398031216,22.034261359282226,-4.270506128181037,-6.08531403874899,-1.8148079105679535,,TRUE
736,TRUE,FALSE,-0.06458301409079006,32.02430689617506,27.10343769707996,29.158615028027768,23.134679377086183,-4.920869199095101,-6.023935650941585,-1.1030664518464839,,TRUE
737,TRUE,FALSE,-0.04179847540886527,31.967942540859966,27.40893876006542,27.635140004155094,22.724082456467674,-4.559003780794544,-4.91105754768742,-0.35205376689287604,,TRUE
738,TRUE,FALSE,-0.04308826262894085,32.46757271858688,27.61738525478491,29.944179405973735,24.396760218637144,-4.850187463801969,-5.54741918733659,-0.697231723534621,,TRUE
739,TRUE,FALSE,-0.06783238367004668,28.994315286210192,25.10911957459535,28.570138717310808,23.119143830516773,-3.8851957116148412,-5.450994886794035,-1.565799175179194,,TRUE
740,TRUE,FALSE,-0.06149467649521425,24.79346834329439,22.156991367372097,28.954737813801177,24.33247816602631,-2.6364769759222924,-4.622259647774868,-1.9857826718525757,,TRUE
741,TRUE,FALSE,0.00823496612315361,25.441837577201767,19.230714105451387,31.44182360363028,23.962441351824314,-6.21112347175038,-7.479382251805966,-1.2682587800555858,,TRUE
742,TRUE,FALSE,-0.07564966871566033,27.278884073842665,22.714864532369933,28.572196933084363,22.058346375795814,-4.564019541472732,-6.513850557288549,-1.9498310158158176,,TRUE
743,TRUE,FALSE,-0.07620833019400892,28.20929898100638,25.251982051946857,26.736516533741813,22.17742625779448,-2.957316929059523,-4.559090275947334,-1.6017733468878106,,TRUE
744,TRUE,FALSE,-0.12930097853536096,29.038647884414182,26.992465929632512,29.1131871755581,23.77941806958835,-2.0461819547816695,-5.3337691059697505,-3.287587151188081,,TRUE
745,TRUE,FALSE,-0.029823810881051228,24.63848464488994,20.379292284566937,30.480490068269187,24.470606495237828,-4.259192360323002,-6.00988357303136,-1.7506912127083574,,TRUE
746,TRUE,FALSE,-0.15931705037442817,26.74379011106664,23.962580135223217,30.909668257472102,23.616441063874554,-2.7812099758434243,-7.293227193597549,-4.512017217754124,,TRUE
747,TRUE,FALSE,-0.02463616262215118,26.812108910237345,21.928209901673526,30.201367042908906,24.09902414672334,-4.883899008563819,-6.102342896185565,-1.2184438876217456,,TRUE
748,TRUE,FALSE,-0.07630264647550165,30.705153159187677,25.630800065807996,29.43577418826892,22.766094761433965,-5.074353093379681,-6.6696794268349535,-1.5953263334552723,,TRUE
749,TRUE,FALSE,-0.04989097482377168,24.93821615353771,21.492229620939344,30.068169841185554,24.652201373137103,-3.445986532598365,-5.415968468048451,-1.969981935450086,,TRUE
750,TRUE,FALSE,0.07275284504129642,31.5879905790425,23.816779177921198,28.27787459180168,22.929994654105958,-7.7712114011213025,-5.347879937695723,2.42333146342558,,TRUE
751,TRUE,FALSE,0.14250592116797897,31.860645636771267,22.14115545911043,30.912955968592478,24.772838960642858,-9.719490177660838,-6.14011700794962,3.579373169711218,,TRUE
752,TRUE,FALSE,-0.14943105152581834,28.90141684728338,26.573602100773044,27.83434623307673,22.040185122524026,-2.3278147465103345,-5.794161110552704,-3.4663463640423693,,TRUE
753,TRUE,FALSE,-0.15194376626487907,29.34991318323934,26.14254142301226,30.89737393827637,23.641455663225283,-3.2073717602270797,-7.255918275051087,-4.048546514824007,,TRUE
754,TRUE,FALSE,-0.11325470499521297,28.248293096312086,25.590694183109253,30.124798875212498,24.368461944399726,-2.6575989132028326,-5.756336930812772,-3.0987380176099393,,TRUE
755,TRUE,FALSE,-0.10601683119399005,26.176771113067545,24.377281674004568,27.719227124283027,23.217090387134142,-1.7994894390629774,-4.502136737148884,-2.702647298085907,,TRUE
756,TRUE,FALSE,-0.0991255872006279,22.88185336399914,20.826518535424274,30.011468196586467,24.737911167005016,-2.0553348285748676,-5.2735570295814505,-3.218222201006583,,TRUE
757,TRUE,FALSE,-0.1361185559345423,26.66080066502726,23.400721916037718,30.442144661455128,23.319314278924317,-3.2600787489895424,-7.122830382530811,-3.8627516335412686,,TRUE
758,TRUE,FALSE,-0.11278253248940374,29.707017507595996,25.576935240279077,27.158771715263093,20.889052663218155,-4.130082267316919,-6.2697190520449375,-2.139636784728019,,TRUE
759,TRUE,FALSE,-0.1602245334400156,23.993602378199185,21.36677094882835,30.42096172853847,23.079784315381154,-2.626831429370835,-7.341177413157315,-4.71434598378648,,TRUE
760,TRUE,FALSE,-0.09564023206392834,25.858396764094678,22.18118952128421,30.826286869020315,24.030811028787344,-3.677207242810468,-6.795475840232971,-3.118268597422503,,TRUE
761,TRUE,FALSE,-0.22044948923649768,22.956130126223258,22.050710251397433,30.395272201868863,23.42016470927266,-0.9054198748258244,-6.9751074925962016,-6.069687617770377,,TRUE
762,TRUE,FALSE,-0.12272315104818901,27.842137530031277,25.042359374429232,31.68951899452661,25.211014906303777,-2.799778155602045,-6.478504088222831,-3.678725932620786,,TRUE
763,TRUE,FALSE,-0.04582023544270932,25.08867744587053,21.177331896308964,30.930560820575142,24.939158429536313,-3.9113455495615668,-5.991402391038829,-2.080056841477262,,TRUE
764,TRUE,FALSE,-0.004782036733358781,34.073833913225975,27.227426905552047,30.79935893213739,24.493478310448914,-6.846407007673928,-6.305880621688477,0.5405263859854514,,TRUE
765,TRUE,FALSE,-0.1669829423038312,25.548526461890024,25.06030567210464,29.83521308354506,24.764518063228675,-0.48822078978538386,-5.070695020316386,-4.582474230531002,,TRUE
766,TRUE,FALSE,-0.11716759426826405,25.699260616553847,23.490377643977606,30.037378727638327,24.420028189832323,-2.208882972576241,-5.617350537806004,-3.4084675652297634,,TRUE
767,TRUE,FALSE,-0.09901508965524689,25.58004549701429,21.87948482815917,31.434222510484144,24.352121130334428,-3.7005606688551183,-7.082101380149716,-3.3815407112945977,,TRUE
768,TRUE,FALSE,-0.015818807026727836,27.39026509773744,22.42342611791525,28.318961631897157,22.81986332027756,-4.966838979822192,-5.499098311619598,-0.5322593317974054,,TRUE
769,TRUE,FALSE,-0.26767868583210347,26.3279330303518,26.931999362308833,32.120690536044805,25.141160929621115,0.6040663319570321,-6.979529606423689,-7.583595938380721,,TRUE
770,TRUE,FALSE,0.025902491183898344,27.81174770575512,22.533356828541496,28.837331989835278,23.977395080320534,-5.278390877213624,-4.859936909514744,0.41845396769888055,,TRUE
771,TRUE,FALSE,-0.05203841032775097,29.254491264302818,23.849039322686377,32.20628141712331,24.924068061196085,-5.405451941616441,-7.282213355927222,-1.8767614143107814,,TRUE
772,TRUE,FALSE,0.060880716496485646,23.456073769597964,19.080324206230937,26.508169286028988,22.916607453389226,-4.375749563367027,-3.591561832639762,0.7841877307272647,,TRUE
773,TRUE,FALSE,-0.03951590096630187,27.64863068773484,23.574489579655626,33.01577083005833,27.060048740885467,-4.074141108079214,-5.955722089172863,-1.8815809810936486,,TRUE
774,TRUE,FALSE,-0.09379560253873617,26.839393674724807,24.438184173277598,29.32663907944056,24.312163891091906,-2.401209501447209,-5.014475188348655,-2.613265686901446,,TRUE
775,TRUE,FALSE,-0.18714678102908908,26.52053834692265,23.461597250953062,29.790935836633764,21.85659834726221,-3.058941095969587,-7.934337489371554,-4.875396393401967,,TRUE
776,TRUE,FALSE,-0.23385675065808514,26.91559343979608,27.543720356695196,30.65240894270047,24.826789123919017,0.6281269168991166,-5.825619818781451,-6.453746735680568,,TRUE
777,TRUE,FALSE,0.01696857058790977,32.05090623280898,25.9024663916037,29.003779531725762,23.8410158833916,-6.148439841205278,-5.162763648334163,0.9856761928711144,,TRUE
778,TRUE,FALSE,-0.11557468688026547,29.750071849746064,26.191110258848614,27.880518083364816,21.86619822561985,-3.55896159089745,-6.014319857744965,-2.455358266847515,,TRUE
779,TRUE,FALSE,-0.10707160225211239,33.19857767220781,29.160842674255303,29.74543009240179,23.47471017280282,-4.037734997952509,-6.270719919598971,-2.2329849216464623,,TRUE
780,TRUE,FALSE,-0.05492428289909954,26.79195159377404,21.971938197762153,29.190136149077627,22.659317594146454,-4.820013396011888,-6.530818554931173,-1.7108051589192854,,TRUE
781,TRUE,FALSE,-0.21394797955356532,28.135709650024666,26.41572614891363,29.78146701840188,22.57534209766184,-1.7199835011110345,-7.2061249207400415,-5.486141419629007,,TRUE
782,TRUE,FALSE,-0.0770183035919692,29.03467425286067,24.75950365078019,29.846204375173045,23.5648923726441,-4.275170602080479,-6.281312002528946,-2.006141400448467,,TRUE
783,TRUE,FALSE,-0.07817725457907561,26.653385279279895,24.13166324069622,26.464145203121372,22.158522528388975,-2.5217220385836754,-4.305622674732398,-1.7839006361487222,,TRUE
784,TRUE,FALSE,-0.009767756324459287,28.285209604515234,23.21036384067242,30.546624118717443,24.82239516887977,-5.074845763842813,-5.7242289498376735,-0.6493831859948607,,TRUE
785,TRUE,FALSE,-0.1456041150853083,26.85756571984463,23.742583842859435,29.003973081346704,22.165817993499616,-3.114981876985194,-6.838155087847088,-3.7231732108618942,,TRUE
786,TRUE,FALSE,-0.13632901355900334,28.81896234594338,25.650944819368384,28.26859063890309,21.95443400796817,-3.168017526574996,-6.314156630934917,-3.1461391043599214,,TRUE
787,TRUE,FALSE,-0.12876521804772523,28.717722590084783,25.883830159256608,31.34993819944068,24.84238058550151,-2.8338924308281754,-6.50755761393917,-3.6736651831109945,,TRUE
788,TRUE,FALSE,-0.08087825638744402,28.241512787513894,24.14825540125555,27.894199916354896,21.998179055930123,-4.093257386258344,-5.896020860424773,-1.8027634741664293,,TRUE
789,TRUE,FALSE,-0.05000400036148509,26.97163139323241,21.965694606913264,32.83965034445675,25.440157072736266,-5.005936786319147,-7.399493271720484,-2.393556485401337,,TRUE
790,TRUE,FALSE,-0.05259759712046222,22.663290579257154,18.795561065385513,29.12485744723143,22.916763842494536,-3.867729513871641,-6.208093604736895,-2.340364090865254,,TRUE
791,TRUE,FALSE,0.013295302384213692,28.935140341524836,24.211472274641856,28.194466458530822,23.907466899515317,-4.723668066882979,-4.286999559015506,0.43666850786747347,,TRUE
792,TRUE,FALSE,-0.0975086995634238,27.794802490768628,24.962487299521996,28.326349974486057,23.076364546042594,-2.8323151912466322,-5.249985428443463,-2.4176702371968304,,TRUE
793,TRUE,FALSE,-0.052438290884835384,27.424068697462864,22.54286248988398,30.67880176811637,23.929956357911585,-4.8812062075788845,-6.748845410204783,-1.8676392026258988,,TRUE
794,TRUE,FALSE,-0.12193851968087575,25.152409080047676,22.320885994506813,27.078193330435532,21.27131308666116,-2.831523085540862,-5.806880243774373,-2.9753571582335105,,TRUE
795,TRUE,FALSE,-0.061431616222048784,28.20199871380881,23.05160313366345,31.006924882556767,23.834197332973627,-5.150395580145361,-7.17272754958314,-2.0223319694377793,,TRUE
796,TRUE,FALSE,-0.09236954285765234,30.300956724979336,26.66377129623349,30.963914096134637,24.843083871801284,-3.6371854287458447,-6.1208302243333534,-2.4836447955875087,,TRUE
797,TRUE,FALSE,-0.12643591352574512,26.724970918970016,23.62451773680767,31.087472413022535,24.217020184627724,-3.100453182162344,-6.870452228394811,-3.769999046232467,,TRUE
798,TRUE,FALSE,0.034210295334621846,36.48767799222466,29.087189743318053,30.239898672344715,24.945557338765216,-7.400488248906608,-5.294341333579499,2.106146915327109,,TRUE
799,TRUE,FALSE,-0.06946605953506568,28.623665170059112,23.81146794762032,30.799541975567017,23.90212199511361,-4.812197222438794,-6.897419980453407,-2.0852227580146128,,TRUE
800,TRUE,FALSE,0.029510346154265222,30.726234502180887,23.401305882185607,29.527527677551003,23.16189126064209,-7.32492861999528,-6.365636416908913,0.9592922030863669,,TRUE
801,TRUE,FALSE,0.04928565861921694,32.41283768146738,24.76710961719132,28.76104547925985,23.086996142098574,-7.64572806427606,-5.674049337161275,1.971678727114785,,TRUE
802,TRUE,FALSE,-0.12594280715643677,26.324673617591415,23.424892455834097,31.200254708038656,24.478031178824175,-2.8997811617573177,-6.722223529214482,-3.822442367457164,,TRUE
803,TRUE,FALSE,-0.0977302813975412,29.447051804980557,25.984817623855246,26.217023818323888,20.980581422117794,-3.462234181125311,-5.236442396206094,-1.7742082150807832,,TRUE
804,TRUE,FALSE,-0.15631154476969675,30.50966729224948,28.554621349120417,25.848545721978752,20.691396670493063,-1.9550459431290612,-5.157149051485689,-3.202103108356628,,TRUE
805,TRUE,FALSE,-0.03781819684468358,29.275941958485,23.108413960146592,28.50903341878139,21.667934805595436,-6.167527998338407,-6.841098613185952,-0.6735706148475451,,TRUE
806,TRUE,FALSE,-0.13649410419867314,29.744809158731204,26.239969876554213,31.433206670769582,24.191466537810253,-3.5048392821769916,-7.241740132959329,-3.7369008507823374,,TRUE
807,TRUE,FALSE,-0.09505653659685448,33.46440447252966,30.352698120471945,28.459234806803547,23.472259145337357,-3.1117063520577126,-4.9869756614661895,-1.875269309408477,,TRUE
808,TRUE,FALSE,-0.24520653055644903,22.508400801277247,22.97421750231493,28.394131895529267,22.679466834315637,0.46581670103768147,-5.71466506121363,-6.180481762251311,,TRUE
809,TRUE,FALSE,-0.10345867020546444,35.66733879960231,30.928861033504457,29.63440520614107,23.171700445720717,-4.738477766097855,-6.462704760420355,-1.7242269943224997,,TRUE
810,TRUE,FALSE,-0.039054474360672047,25.952821140348874,21.597109044578335,28.448387220086207,22.76709162209851,-4.355712095770539,-5.681295597987699,-1.3255835022171603,,TRUE
811,TRUE,FALSE,-0.07234304788723869,23.909493272653215,20.51573905530051,31.4780049605024,25.124984791357345,-3.393754217352704,-6.353020169145054,-2.95926595179235,,TRUE
812,TRUE,FALSE,-0.14072241391112164,28.895131972766645,24.771837076573767,30.45046213019177,22.678402182560742,-4.123294896192878,-7.772059947631028,-3.6487650514381507,,TRUE
813,TRUE,FALSE,-0.04184798778280372,27.244327056246323,24.05495938263825,30.105646971922294,25.491897129273056,-3.189367673608075,-4.613749842649238,-1.4243821690411629,,TRUE
814,TRUE,FALSE,-0.09354473564910344,29.660213244616532,24.955046041757036,30.413373436958288,23.303585044550932,-4.705167202859496,-7.109788392407356,-2.4046211895478606,,TRUE
815,TRUE,FALSE,-0.20590805187760497,27.363027496586163,26.07701758303109,26.96507423473641,20.915616129624073,-1.2860099135550733,-6.049458105112336,-4.763448191557263,,TRUE
816,TRUE,FALSE,-0.29794535220965096,23.566376302263397,22.98165692463838,29.575913871346554,21.41069078868155,-0.5847193776250172,-8.165223082665005,-7.5805037050399875,,TRUE
817,TRUE,FALSE,-0.08982612925679893,25.409782746131885,22.567113755774653,28.103487906546793,22.815200896267463,-2.8426689903572324,-5.28828701027933,-2.4456180199220974,,TRUE
818,TRUE,FALSE,-0.049669770012455726,29.909551550277364,25.312607241782608,31.894931921243693,25.684868792104222,-4.596944308494756,-6.210063129139471,-1.613118820644715,,TRUE
819,TRUE,FALSE,-0.10855087781182302,30.15439203945703,24.9164266378344,28.18224139958775,20.891405805803714,-5.237965401622628,-7.290835593784035,-2.052870192161407,,TRUE
820,TRUE,FALSE,-0.07716444403181863,25.300830508718395,21.873281066169014,28.805270677464865,23.05361439092803,-3.427549442549381,-5.751656286536836,-2.3241068439874546,,TRUE
821,TRUE,FALSE,0.0259709787316774,28.57294922865787,23.523880420670242,27.97137706763257,23.634520413854148,-5.049068807987627,-4.3368566537784226,0.7122121542092046,,TRUE
822,TRUE,FALSE,-0.18776462857777276,29.079482261038727,26.59111773801976,29.39267214310254,22.276340691443064,-2.4883645230189657,-7.116331451659477,-4.627966928640511,,TRUE
823,TRUE,FALSE,0.0033822937626072787,33.9454962423656,27.60378719850348,29.094214987722182,23.738980514968755,-6.341709043862121,-5.355234472753427,0.986474571108694,,TRUE
824,TRUE,FALSE,-0.11391530827017486,27.433600780369044,23.51391424930773,28.544389378857737,21.831827084299068,-3.9196865310613127,-6.712562294558669,-2.7928757634973564,,TRUE
825,TRUE,FALSE,-0.09582349452101445,26.289015655184343,23.288318826587357,28.615477753184663,23.03293061504222,-3.000696828596986,-5.582547138142445,-2.581850309545459,,TRUE
826,TRUE,FALSE,-0.041346288166555965,30.28764192812561,25.36724491707923,29.2430307276557,23.500318890311362,-4.920397011046379,-5.742711837344338,-0.8223148262979585,,TRUE
827,TRUE,FALSE,0.06315278992632155,31.630600154732242,23.312987467746343,29.157260302108998,22.89096599398602,-8.3176126869859,-6.26629430812298,2.05131837886292,,TRUE
828,TRUE,FALSE,-0.0899572587724299,27.78113374280832,24.0867798823699,32.888757352292004,26.0620337106809,-3.6943538604384187,-6.826723641611103,-3.1323697811726845,,TRUE
829,TRUE,FALSE,0.002146467698794995,26.035635988712777,20.728795495030244,29.525467887323384,23.55780722717809,-5.306840493682532,-5.967660660145295,-0.6608201664627629,,TRUE
830,TRUE,FALSE,-0.0855422197466944,28.724401732745058,25.696656895491582,29.696209186035254,24.387997036304018,-3.0277448372534757,-5.3082121497312365,-2.280467312477761,,TRUE
831,TRUE,FALSE,-0.07116663968603566,32.91825901627852,27.376165258559585,28.742472320411796,22.261406425099043,-5.542093757718934,-6.481065895312753,-0.9389721375938187,,TRUE
832,TRUE,FALSE,-0.13769494403798913,28.56836531303995,26.30657989683601,28.73243236785476,23.0542626918798,-2.261785416203942,-5.67816967597496,-3.416384259771018,,TRUE
833,TRUE,FALSE,0.12845887783703006,29.509823504407198,21.35940935222691,28.83790920527323,23.73424269635597,-8.15041415218029,-5.103666508917261,3.0467476432630285,,TRUE
834,TRUE,FALSE,-0.10775738281233124,25.271402511226526,22.357762847842015,30.374914638245546,24.127683626359875,-2.9136396633845116,-6.24723101188567,-3.333591348501159,,TRUE
835,TRUE,FALSE,-0.13336947625797063,27.606471549077565,24.192455599542598,29.04195663449606,22.27272196564137,-3.414015949534967,-6.76923466885469,-3.3552187193197227,,TRUE
836,TRUE,FALSE,-0.08976916975084197,27.488284030168508,23.778614364242397,29.920839214623797,23.66063681774055,-3.7096696659261106,-6.260202396883248,-2.550532730957137,,TRUE
837,TRUE,FALSE,-0.11903619787108853,26.6991150439129,24.240915212162612,26.953287784410254,21.72536743659982,-2.4581998317502887,-5.227920347810432,-2.7697205160601435,,TRUE
838,TRUE,FALSE,-0.02609431655800658,26.656892617623065,22.643172848858843,28.41807274699582,23.517424761040637,-4.013719768764222,-4.900647985955182,-0.8869282171909596,,TRUE
839,TRUE,FALSE,-0.02945810541605926,24.151164009573165,20.99517628141468,29.291899586632635,24.724954570738713,-3.155987728158486,-4.566945015893921,-1.4109572877354353,,TRUE
840,TRUE,FALSE,-0.0820842821471112,25.89556701496638,21.853508333322356,28.058609438339317,21.812886333043554,-4.042058681644026,-6.245723105295763,-2.2036644236517375,,TRUE
841,TRUE,FALSE,-0.22560635381620084,24.457156280499692,23.80566373448154,29.822058748047077,23.16500311193623,-0.6514925460181509,-6.657055636110847,-6.005563090092696,,TRUE
842,TRUE,FALSE,0.003755987716111502,32.63758876211553,25.822288265373754,33.932765453411584,26.948036012018335,-6.815300496741774,-6.984729441393249,-0.16942894465147518,,TRUE
843,TRUE,FALSE,-0.12775448711662227,24.143217567942486,22.514478691655576,27.706694346963154,22.738844536897233,-1.62873887628691,-4.967849810065921,-3.3391109337790112,,TRUE
844,TRUE,FALSE,0.013936776841324388,24.76215960478338,20.517532509611183,30.538698405468097,25.659004325910615,-4.2446270951721985,-4.879694079557481,-0.6350669843852828,,TRUE
845,TRUE,FALSE,0.07449444850712786,24.717459871801676,18.21805464821786,28.069829553951823,22.288993940649018,-6.499405223583818,-5.780835613302806,0.718569610281012,,TRUE
846,TRUE,FALSE,-0.11219721895184426,30.98445067483297,29.00049506351504,27.390872166275955,22.916106863557246,-1.9839556113179313,-4.474765302718708,-2.490809691400777,,TRUE
847,TRUE,FALSE,-0.10952950899065153,25.902460404625792,22.013560985940778,28.373143449615288,21.61168729817718,-3.888899418685014,-6.761456151438107,-2.872556732753093,,TRUE
848,TRUE,FALSE,-0.009128467687561159,29.405479999014982,25.40123672152924,28.7698072571323,24.626296159154894,-4.004243277485742,-4.143511097977406,-0.1392678204916642,,TRUE
849,TRUE,FALSE,0.0037125642897332394,34.11747020096932,27.465322600721617,28.147766911698536,22.743860127172347,-6.652147600247705,-5.403906784526189,1.2482408157215161,,TRUE
850,TRUE,FALSE,-0.16398662774098294,25.165869507332186,22.884169431638668,28.973217546535924,22.361526855421733,-2.281700075693518,-6.611690691114191,-4.329990615420673,,TRUE
851,TRUE,FALSE,-0.11063720114498796,32.060427281337255,28.05347263453223,28.125213466086795,22.03251243763006,-4.006954646805024,-6.092701028456734,-2.0857463816517097,,TRUE
852,TRUE,FALSE,-0.16805079731142283,25.492812338089408,23.59403224299471,27.721901891945624,21.688219894408665,-1.898780095094697,-6.033681997536959,-4.134901902442262,,TRUE
853,TRUE,FALSE,0.04924609006972067,34.63194331677527,25.935280391787632,28.78183315034954,22.642263595065437,-8.696662924987638,-6.139569555284105,2.5570933697035336,,TRUE
854,TRUE,FALSE,-0.07290548645486447,29.16224085132322,24.078387709713677,27.396090785769015,21.029679645613776,-5.083853141609541,-6.36641114015524,-1.2825579985456983,,TRUE
855,TRUE,FALSE,0.04188085544718882,30.09737804199234,23.984792340972362,31.331992302288217,26.03657985120745,-6.112585701019977,-5.295412451080768,0.8171732499392093,,TRUE
856,TRUE,FALSE,-0.12905914866736715,35.41714183713002,30.590551241360306,27.52241051036286,20.893470512108827,-4.826590595769712,-6.628939998254033,-1.802349402484321,,TRUE
857,TRUE,FALSE,0.015591474990832,25.992821851842898,20.216145121698577,29.130040826129008,23.012155557261035,-5.77667673014432,-6.117885268867973,-0.3412085387236523,,TRUE
858,TRUE,FALSE,0.10064658361321012,27.600732002167963,20.771904555130604,26.171572759841084,21.781901815965554,-6.828827447037359,-4.3896709438755295,2.439156503161829,,TRUE
859,TRUE,FALSE,-0.008348939070443926,26.382745694906585,22.986563111850845,29.310773254319592,25.325348359470905,-3.39618258305574,-3.9854248948486877,-0.5892423117929475,,TRUE
860,TRUE,FALSE,-0.030587058419250673,28.726634670919026,23.114014235954254,28.849525069835632,22.513628863177917,-5.6126204349647715,-6.335896206657715,-0.7232757716929434,,TRUE
861,TRUE,FALSE,0.024226710538726482,26.966702827735883,21.180397115433305,31.24654119198652,25.143731273421313,-5.786305712302578,-6.102809918565207,-0.31650420626262843,,TRUE
862,TRUE,FALSE,-0.011117869240169234,25.95653522874963,22.296472667261064,29.39361221129691,24.96973726495097,-3.660062561488566,-4.42387494634594,-0.7638123848573741,,TRUE
863,TRUE,FALSE,-0.0825337432591649,27.168748366235096,23.643420989650817,29.954879350709916,24.002932801518444,-3.525327376584279,-5.951946549191472,-2.426619172607193,,TRUE
864,TRUE,FALSE,-0.11415151355058681,24.27384310378882,22.9941878390821,27.435468292079168,23.185503916424867,-1.2796552647067188,-4.249964375654301,-2.970309110947582,,TRUE
865,TRUE,FALSE,0.07497896942343323,25.267732213642223,19.512865752766846,27.66728941083026,23.02949192600308,-5.754866460875377,-4.637797484827182,1.1170689760481949,,TRUE
866,TRUE,FALSE,-0.1027422958809393,25.703728631005,21.3836637701054,29.644440429619866,22.25403846918511,-4.320064860899599,-7.390401960434755,-3.0703370995351555,,TRUE
867,TRUE,FALSE,0.13253837971025528,25.520450832003288,18.970255530406025,27.05763207358839,22.96335356656584,-6.550195301597263,-4.094278507022551,2.455916794574712,,TRUE
868,TRUE,FALSE,-0.10237619579909059,31.155441981169478,25.721372962528473,33.24151032716998,24.773054659839772,-5.434069018641004,-8.468455667330211,-3.034386648689207,,TRUE
869,TRUE,FALSE,-0.10949516122073293,27.89363224866207,23.952806578649618,31.02873835936271,23.88153895061081,-3.940825670012451,-7.147199408751899,-3.2063737387394475,,TRUE
870,TRUE,FALSE,0.07264351600542394,27.5596892903125,20.06880013329201,26.4310863756543,20.697161234673455,-7.49088915702049,-5.733925140980844,1.756964016039646,,TRUE
871,TRUE,FALSE,-0.006044764586731092,30.005634848567905,24.852725029378902,29.09371466038506,23.95218636841501,-5.152909819189002,-5.141528291970051,0.011381527218951248,,TRUE
872,TRUE,FALSE,-0.14003122931055584,30.40807260834934,27.809454352006703,32.86140210107415,26.12611736484364,-2.598618256342636,-6.735284736230508,-4.136666479887872,,TRUE
873,TRUE,FALSE,-0.07371028337299504,35.874343652019746,30.613642895628043,30.118174388890324,23.875238690521616,-5.260700756391703,-6.242935698368708,-0.9822349419770049,,TRUE
874,TRUE,FALSE,-0.03473310560201036,31.423977098309862,26.787026229258238,28.264097673372156,23.270948362398094,-4.636950869051624,-4.9931493109740614,-0.3561984419224373,,TRUE
875,TRUE,FALSE,-0.09236355409065687,24.51328634696129,21.632805555190075,28.248703017391847,22.729864108632945,-2.880480791771216,-5.518838908758902,-2.6383581169876855,,TRUE
876,TRUE,FALSE,-0.03266336588257234,28.255375210831275,23.500418520202093,31.174749827914976,25.09527593854521,-4.754956690629182,-6.0794738893697655,-1.3245171987405833,,TRUE
877,TRUE,FALSE,-0.07761885144088547,31.606939994862664,27.37290928460893,29.19008750444165,23.391844282125874,-4.234030710253734,-5.798243222315776,-1.564212512062042,,TRUE
878,TRUE,FALSE,-0.055265308614101394,27.180082031827595,22.167048511444005,29.806262117258335,23.00187326912417,-5.0130335203835905,-6.804388848134163,-1.7913553277505727,,TRUE
879,TRUE,FALSE,-0.06861639974754935,28.153210298088723,23.14385916261351,29.32796926921894,22.510758157341385,-5.009351135475214,-6.817211111877555,-1.8078599764023409,,TRUE
880,TRUE,FALSE,-0.04926539272063697,28.78016961819627,24.70000871925263,30.13651928514621,24.620743282576207,-4.080160898943639,-5.5157760025700036,-1.4356151036263647,,TRUE
881,TRUE,FALSE,-0.22936890567264273,23.480445773709828,22.37231694974883,30.75258822964157,23.29553285400709,-1.1081288239609997,-7.457055375634482,-6.3489265516734825,,TRUE
882,TRUE,FALSE,0.021554454129734904,25.238577765471895,21.247226607906757,29.79234464529277,25.627310780065862,-3.9913511575651377,-4.165033865226906,-0.17368270766176863,,TRUE
883,TRUE,FALSE,-0.06254435877112138,28.761217861837626,24.747136801878845,28.873543107501543,23.337541183481157,-4.01408105995878,-5.536001924020386,-1.521920864061606,,TRUE
884,TRUE,FALSE,-0.011516076006902043,29.664416782312976,23.534497312867064,28.788133182737365,22.57778052533641,-6.1299194694459125,-6.2103526574009535,-0.08043318795504106,,TRUE
885,TRUE,FALSE,-0.18908335087786013,29.737627071441143,28.084695471536396,27.577647739482774,21.557717289340093,-1.652931599904747,-6.019930450142681,-4.366998850237934,,TRUE
886,TRUE,FALSE,-0.12380114857167726,31.258653723937474,28.065030129644594,31.336660519104136,24.858893879825736,-3.1936235942928803,-6.4777666392784,-3.2841430449855196,,TRUE
887,TRUE,FALSE,-0.06000746107770362,28.876038449375937,24.013252131009867,30.315155531460835,23.741724489590286,-4.862786318366069,-6.573431041870549,-1.7106447235044797,,TRUE
888,TRUE,FALSE,-0.08732445611999402,31.5615997740121,26.553226536035364,26.785937565687092,20.650977574456295,-5.008373237976738,-6.134959991230797,-1.1265867532540597,,TRUE
889,TRUE,FALSE,0.07345026688443589,28.618032171262634,21.799013859305806,28.177357075577472,23.09917032072957,-6.819018311956828,-5.078186754847902,1.7408315571089261,,TRUE
890,TRUE,FALSE,-0.06050959932241204,29.617798879484408,26.586467555096288,28.435672263273183,24.026603051994744,-3.0313313243881197,-4.409069211278439,-1.3777378868903192,,TRUE
891,TRUE,FALSE,-0.11471087602303556,31.915742329789474,27.325683151452036,30.046585312227027,22.937332002729274,-4.590059178337437,-7.109253309497753,-2.519194131160315,,TRUE
892,TRUE,FALSE,-0.0454672888842042,24.0683381208264,20.01121221661025,31.359512232697167,24.91439812109959,-4.05712590421615,-6.445114111597576,-2.387988207381426,,TRUE
893,TRUE,FALSE,-0.01830491060472837,28.27876650543067,22.797027270601752,31.497358606115558,24.931141873029745,-5.481739234828918,-6.566216733085813,-1.084477498256895,,TRUE
894,TRUE,FALSE,-0.05263870615430208,28.102072336310172,22.76757198746236,28.356883575334734,21.79596849998718,-5.334500348847811,-6.560915075347555,-1.226414726499744,,TRUE
895,TRUE,FALSE,-0.1160916391986664,24.980407680802234,22.027422628734517,31.127763778875497,24.439601847879928,-2.952985052067717,-6.6881619309955695,-3.7351768789278523,,TRUE
896,TRUE,FALSE,-0.03518707923341258,32.75016535012387,25.407558575472102,30.71992645187969,23.00848671408123,-7.34260677465177,-7.711439737798461,-0.3688329631466907,,TRUE
897,TRUE,FALSE,-0.06355788782040805,25.95506645667764,22.52504211762818,29.11366837943987,23.710327753665954,-3.43002433904946,-5.4033406257739145,-1.9733162867244545,,TRUE
898,TRUE,FALSE,0.0026984552675495036,29.529141674757224,23.331463083058495,27.76645968574763,21.99801955136865,-6.197678591698729,-5.768440134378981,0.4292384573197481,,TRUE
899,TRUE,FALSE,-0.005647516624403158,27.789545918154204,22.4192201562054,28.121555467055448,22.559304424201258,-5.370325761948802,-5.562251042854189,-0.1919252809053873,,TRUE
900,TRUE,FALSE,-0.15154402511235315,26.96259742518973,23.62945428979499,31.348584179881417,23.60995514176278,-3.3331431353947423,-7.7386290381186384,-4.405485902723896,,TRUE
901,TRUE,FALSE,0.02034965769604439,27.944827595759257,21.029395696592815,29.800830255923973,22.887136834681584,-6.9154318991664425,-6.913693421242389,0.001738477924053683,,TRUE
902,TRUE,FALSE,-0.14677409435477118,26.7029680553972,24.2225736549936,29.113699437232057,22.80420643648879,-2.4803944004036005,-6.309493000743267,-3.829098600339666,,TRUE
903,TRUE,FALSE,-0.04257859744065729,26.87929724608164,21.04020257992116,31.13792064460775,23.35769399849356,-5.839094666160481,-7.7802266461141905,-1.9411319799537097,,TRUE
904,TRUE,FALSE,0.0803117910094847,34.30881004698487,26.264391054206243,27.901073193368166,23.145232976515697,-8.044418992778624,-4.755840216852469,3.2885787759261547,,TRUE
905,TRUE,FALSE,-0.035783657105763624,30.489045029811734,25.637619980797158,28.658140424828545,23.250979094500583,-4.851425049014576,-5.407161330327963,-0.5557362813133864,,TRUE
906,TRUE,FALSE,-0.06106963519825527,27.182312150786604,23.014365107840646,28.94947539235019,23.058502309186533,-4.167947042945958,-5.890973083163658,-1.7230260402177002,,TRUE
907,TRUE,FALSE,-0.0440458635301138,30.96908527477279,25.015444642613346,29.319667441321325,22.662614606387702,-5.953640632159445,-6.657052834933623,-0.703412202774178,,TRUE
908,TRUE,FALSE,-0.11083892881980163,31.01501021816606,27.620628693643493,30.77709986230626,24.533109067469383,-3.3943815245225686,-6.243990794836879,-2.8496092703143105,,TRUE
909,TRUE,FALSE,-0.021304000774916038,28.346323076979694,21.396978314361593,32.30285328843409,23.86955864295951,-6.9493447626181,-8.433294645474582,-1.483949882856482,,TRUE
910,TRUE,FALSE,-0.12731398052126983,26.323535364809846,24.118275844587913,25.715904929874657,20.744935735008376,-2.205259520221933,-4.9709691948662815,-2.7657096746443486,,TRUE
911,TRUE,FALSE,-0.016374396157479872,27.929013302715976,22.741460600809596,28.679076916855024,22.97294222393917,-5.18755270190638,-5.706134692915853,-0.5185819910094729,,TRUE
912,TRUE,FALSE,-0.06404325534859358,29.705614465634614,25.48258943308977,29.846205168196544,24.01488462502981,-4.223025032544843,-5.831320543166733,-1.6082955106218897,,TRUE
913,TRUE,FALSE,-0.1337759428153253,23.55794457123513,22.474885982638394,28.16566818662471,23.506177239313114,-1.0830585885967352,-4.659490947311596,-3.576432358714861,,TRUE
914,TRUE,FALSE,-0.018007918794214966,29.49728315468843,24.52572159965782,31.683512589599594,25.873331970296192,-4.971561555030608,-5.810180619303402,-0.8386190642727946,,TRUE
915,TRUE,FALSE,-0.2289829953164061,23.80537704476172,22.424356253159676,30.867683830435624,23.12612729396164,-1.3810207916020438,-7.741556536473983,-6.360535744871939,,TRUE
916,TRUE,FALSE,-0.19931615423744056,27.62008079833753,26.312261307656392,28.885995815604453,22.545437474975998,-1.307819490681137,-6.340558340628455,-5.032738849947318,,TRUE
917,TRUE,FALSE,-0.05978354821247053,25.10274134637799,21.631282258688614,29.115878890253327,23.633462398733823,-3.471459087689375,-5.482416491519505,-2.0109574038301297,,TRUE
918,TRUE,FALSE,-0.13231794982995584,27.588583992556437,27.011819231667552,26.45510716096678,22.691802434869317,-0.5767647608888851,-3.763304726097463,-3.1865399652085777,,TRUE
919,TRUE,FALSE,-0.03510742561816083,33.679369466090655,27.82516406823551,28.129512746174903,22.43825244694296,-5.8542053978551465,-5.691260299231942,0.1629450986232044,,TRUE
920,TRUE,FALSE,0.0053628801429608545,38.749472079021515,30.722378502353163,32.22196906917407,25.684445310494947,-8.027093576668353,-6.537523758679125,1.4895698179892278,,TRUE
921,TRUE,FALSE,-0.05916667942664755,25.798457581812414,21.693523918276345,30.74794729977312,24.37006733565422,-4.10493366353607,-6.3778799641189,-2.2729463005828308,,TRUE
922,TRUE,FALSE,-0.0991735245491989,24.476644354351055,22.384444358055376,29.088087997323825,24.090127680324418,-2.0921999962956797,-4.997960316999407,-2.9057603207037275,,TRUE
923,TRUE,FALSE,-0.17040515467404913,32.46091058202175,29.118998276944986,28.531517255897974,21.584131652442686,-3.341912305076761,-6.947385603455288,-3.605473298378527,,TRUE
924,TRUE,FALSE,-0.033999967791844596,28.431216635561647,24.092580200175878,25.85889092360814,21.18028329498405,-4.338636435385769,-4.678607628624089,-0.3399711932383198,,TRUE
925,TRUE,FALSE,-0.18171576245841148,26.07778907311609,24.231118350144417,28.0771570522453,21.75392710299605,-1.8466707229716732,-6.323229949249249,-4.476559226277576,,TRUE
926,TRUE,FALSE,-0.1579701274141062,28.82716479863606,27.098029915233624,27.14163439681438,21.78543461932346,-1.729134883402434,-5.356199777490918,-3.627064894088484,,TRUE
927,TRUE,FALSE,-0.16419738440018172,26.58441372857515,24.517781055809014,28.851751929949167,22.579600137964476,-2.0666326727661364,-6.27215179198469,-4.205519119218554,,TRUE
928,TRUE,FALSE,0.06693939669955025,29.947613729920796,22.45972951989386,27.79330679415411,22.287118946062364,-7.487884210026937,-5.506187848091745,1.9816963619351924,,TRUE
929,TRUE,FALSE,-0.009606552698926945,29.20323437215873,23.885162713281442,29.83362454588798,24.16747050831153,-5.318071658877287,-5.666154037576447,-0.3480823786991607,,TRUE
930,TRUE,FALSE,-0.02465179151112308,28.3604207876895,22.49980850688185,28.969111692467305,22.423076203426866,-5.860612280807651,-6.546035489040438,-0.6854232082327876,,TRUE
931,TRUE,FALSE,-0.025640532633642937,30.817551904155486,24.395267164039744,27.921204760458995,21.542993689892697,-6.422284740115742,-6.378211070566298,0.04407366954944436,,TRUE
932,TRUE,FALSE,-0.06560059115650077,33.15227425577618,28.626863721824023,29.586174100368623,23.92540388542902,-4.525410533952154,-5.660770214939603,-1.1353596809874489,,TRUE
933,TRUE,FALSE,-0.06770363471161504,26.150140837826825,21.018555854510097,28.775547240131964,21.61469529379285,-5.131584983316728,-7.160851946339115,-2.029266963022387,,TRUE
934,TRUE,FALSE,0.032630753703592454,28.565440644957167,22.161312725756183,29.274693320306852,23.464876072596056,-6.404127919200985,-5.8098172477107966,0.594310671490188,,TRUE
935,TRUE,FALSE,-0.11645601360846389,26.659739714628113,24.059453801275897,29.56999953732622,23.752261851794035,-2.6002859133522165,-5.817737685532183,-3.2174517721799667,,TRUE
936,TRUE,FALSE,0.048415000664119495,30.650815945000865,22.909249915462166,27.951608221317315,21.92815022658292,-7.741566029538699,-6.023457994734397,1.7181080348043025,,TRUE
937,TRUE,FALSE,-0.08854905532507298,27.158682637400048,23.094906866611577,28.87253218871971,22.471704905329563,-4.063775770788471,-6.4008272833901465,-2.3370515126016755,,TRUE
938,TRUE,FALSE,-0.028111203323059476,30.27658119837818,25.81650164238976,31.784323908734297,26.35087223021188,-4.460079555988422,-5.433451678522417,-0.9733721225339949,,TRUE
939,TRUE,FALSE,-0.0481816165242048,29.347243545565284,25.114987818043648,29.529513207001724,24.082242938014996,-4.232255727521636,-5.447270268986728,-1.2150145414650915,,TRUE
940,TRUE,FALSE,0.008519881299017498,24.719137544925466,19.881512848133855,27.749441248216755,22.509740809712767,-4.837624696791611,-5.239700438503988,-0.4020757417123768,,TRUE
941,TRUE,FALSE,0.042628462920781915,27.950821694193674,21.55360360110403,28.63405759060748,23.04207107681237,-6.397218093089645,-5.59198651379511,0.805231579294535,,TRUE
942,TRUE,FALSE,-0.009164649987472509,32.10542214586448,25.96627317968815,28.388993037480592,22.751030280607868,-6.139148966176329,-5.637962756872724,0.5011862093036044,,TRUE
943,TRUE,FALSE,0.002571090785322822,31.164896734971617,25.992040785209163,27.048170496103452,22.61669771419597,-5.172855949762454,-4.431472781907484,0.7413831678549698,,TRUE
944,TRUE,FALSE,-0.1061906248937842,29.371072082271265,25.212408908601983,30.08031511309863,23.21982391993099,-4.158663173669282,-6.86049119316764,-2.7018280194983575,,TRUE
945,TRUE,FALSE,-0.04656026512096782,35.48443632924484,29.712795224333206,29.955313091541775,23.94189908882051,-5.771641104911637,-6.013414002721266,-0.24177289780962852,,TRUE
946,TRUE,FALSE,0.003999038422652994,32.060930536844964,24.796655936178368,28.330908011447956,21.999572781916243,-7.264274600666596,-6.331335229531714,0.9329393711348821,,TRUE
947,TRUE,FALSE,0.046484045474070874,26.776015422313538,20.961458077069086,28.45087056523421,23.332370478101645,-5.814557345244452,-5.118500087132567,0.6960572581118853,,TRUE
948,TRUE,FALSE,-0.08809606450411261,30.563266506128887,26.048692099218382,26.774821406902706,20.89551608160237,-4.514574406910505,-5.8793053253003364,-1.3647309183898315,,TRUE
949,TRUE,FALSE,-0.03979262821267333,28.311553398629155,24.101080037020633,28.009772623478483,22.913987432369947,-4.210473361608521,-5.095785191108536,-0.8853118295000151,,TRUE
950,TRUE,FALSE,-0.013598193053575021,34.02622524495783,26.748330073556755,30.570896980838686,23.707483801094103,-7.277895171401074,-6.863413179744583,0.4144819916564906,,TRUE
951,TRUE,FALSE,-0.060023698649230656,26.895277652075574,23.963221484900146,31.138122258148115,26.127245625517293,-2.9320561671754284,-5.010876632630822,-2.0788204654553937,,TRUE
952,TRUE,FALSE,-0.01836351546547084,29.83810698211833,24.802807985126623,28.91927951094829,23.60162359162922,-5.035298996991706,-5.317655919319069,-0.282356922327363,,TRUE
953,TRUE,FALSE,-0.08795067552272559,27.965662840718405,23.980982739082588,29.03231200646173,22.79958744283612,-3.984680101635817,-6.2327245636256094,-2.2480444619897924,,TRUE
954,TRUE,FALSE,-0.13873351246089735,24.903170198739513,21.393170179164837,29.510733434377254,22.067305807456645,-3.510000019574676,-7.443427626920609,-3.9334276073459336,,TRUE
955,TRUE,FALSE,-0.006769368472580268,31.62105476834036,25.26763949399618,30.195708582003878,23.965894631305186,-6.353415274344179,-6.229813950698691,0.12360132364548804,,TRUE
956,TRUE,FALSE,-0.07329637388010062,26.261889121271242,23.48678753968696,26.84892739610663,22.314768493568724,-2.7751015815842806,-4.534158902537907,-1.7590573209536267,,TRUE
957,TRUE,FALSE,-0.06437422311750426,27.43317999066403,21.90049776658474,35.10837020390417,26.280349235589284,-5.5326822240792914,-8.828020968314888,-3.295338744235597,,TRUE
958,TRUE,FALSE,-0.00207377302353447,31.905076520916797,24.969858282942663,28.00575696542593,21.87272911550229,-6.935218237974134,-6.133027849923643,0.8021903880504908,,TRUE
959,TRUE,FALSE,-0.09362663535952373,29.21346619444343,24.649238268278246,27.663337031872366,21.25511457699928,-4.564227926165184,-6.408222454873087,-1.8439945287079027,,TRUE
960,TRUE,FALSE,-0.07448376965639666,29.296590259892472,24.894715799647688,26.610611151442363,20.989256472227215,-4.401874460244784,-5.621354679215148,-1.2194802189703644,,TRUE
961,TRUE,FALSE,0.0425546229643575,35.487401738318816,27.909101379321296,29.408588440204902,24.133875489931036,-7.57830035899752,-5.274712950273866,2.3035874087236543,,TRUE
962,TRUE,FALSE,-0.17467100969994276,26.055064963671935,23.664360422561877,29.7596389390151,22.697164908078918,-2.3907045411100576,-7.062474030936183,-4.671769489826126,,TRUE
963,TRUE,FALSE,-0.05872272289896644,27.033205696414434,22.720874695812217,29.771552698496894,23.595328518838848,-4.312331000602217,-6.176224179658046,-1.8638931790558289,,TRUE
964,TRUE,FALSE,-0.06956776724000673,28.947982219522174,25.990033051142678,30.037633629147486,25.155986502111713,-2.9579491683794963,-4.881647127035773,-1.9236979586562768,,TRUE
965,TRUE,FALSE,-0.014912655866545804,26.30822880263873,21.538461440998127,31.01983350690509,25.019927398399858,-4.7697673616406036,-5.9999061085052325,-1.230138746864629,,TRUE
966,TRUE,FALSE,0.006151325359829638,29.556113544369712,24.076010085989616,29.23412252247484,23.960657967079985,-5.480103458380096,-5.273464555394856,0.20663890298524024,,TRUE
967,TRUE,FALSE,0.0160891553748618,30.986051318447252,24.069032316403877,28.5947395206433,22.571788403668492,-6.917019002043375,-6.022951116974809,0.8940678850685657,,TRUE
968,TRUE,FALSE,0.026948289283807093,31.05767632106892,24.537152084938686,25.843642632451648,20.975504515896993,-6.520524236130235,-4.868138116554654,1.6523861195755813,,TRUE
969,TRUE,FALSE,-0.14101093789735492,24.89065424399295,21.678909837891215,32.08419297893118,24.26900519990626,-3.2117444061017366,-7.815187779024917,-4.603443372923181,,TRUE
970,TRUE,FALSE,0.07971022882832923,32.978368167081086,25.743927291103304,29.26352012133645,24.73944297583763,-7.234440875977782,-4.524077145498822,2.71036373047896,,TRUE
971,TRUE,FALSE,0.05833097303733444,26.191184791666004,20.670157443266472,27.822977077849092,23.276895537975204,-5.521027348399532,-4.546081539873889,0.9749458085256428,,TRUE
972,TRUE,FALSE,-0.01795222885198188,22.006465449107885,19.52854217058253,26.084283762597305,22.735362952797683,-2.477923278525356,-3.3489208097996226,-0.8709975312742664,,TRUE
973,TRUE,FALSE,-0.11252566675477957,31.22426929363785,26.94160391226995,32.36733937819315,24.95565013810707,-4.282665381367899,-7.41168924008608,-3.129023858718181,,TRUE
974,TRUE,FALSE,-0.057194661663815156,30.978099651282804,24.733657653898106,29.351055491757226,22.131862855458504,-6.244441997384698,-7.219192636298722,-0.9747506389140241,,TRUE
975,TRUE,FALSE,-0.049210862548387566,27.01912745650176,22.558531352395097,29.07701615113756,23.11092528887007,-4.4605961041066635,-5.966090862267489,-1.5054947581608253,,TRUE
976,TRUE,FALSE,-0.2726555991900589,30.5867939262812,31.060113603913415,29.705347961403245,22.96629317673372,0.4733196776322153,-6.7390547846695235,-7.212374462301739,,TRUE
977,TRUE,FALSE,-0.12115195455018739,27.739279209576466,25.320024068790413,30.498563283100996,24.662250126651394,-2.4192551407860527,-5.836313156449602,-3.4170580156635495,,TRUE
978,TRUE,FALSE,-0.07307573136954916,32.59312116921651,26.557627196866754,29.431064603373898,22.291172062024184,-6.035493972349755,-7.139892541349713,-1.104398568999958,,TRUE
979,TRUE,FALSE,-0.005276449515161895,34.082922964599206,28.058780994705206,29.956211721364557,24.531681913360536,-6.024141969894,-5.424529808004021,0.5996121618899792,,TRUE
980,TRUE,FALSE,-0.019234535481217143,26.739812428284203,21.858112798091103,26.817025602353233,21.50361423015437,-4.881699630193101,-5.313411372198864,-0.43171174200576345,,TRUE
981,TRUE,FALSE,-0.07661504935838967,29.419531998405848,24.915963293874274,31.83868948862315,24.976041821595174,-4.503568704531574,-6.862647667027975,-2.359078962496401,,TRUE
982,TRUE,FALSE,0.046528110527321496,28.61312245435925,23.074410454452217,30.907013856621624,26.111348953194856,-5.538711999907033,-4.795664903426768,0.7430470964802645,,TRUE
983,TRUE,FALSE,-0.07043273211717434,28.441735745846568,25.023270266796587,27.807706382138818,22.80156162263202,-3.4184654790499813,-5.0061447595068,-1.5876792804568183,,TRUE
984,TRUE,FALSE,0.012050788929147273,27.773565789512027,21.385880048346056,29.246890268317266,22.79338215168293,-6.387685741165971,-6.453508116634335,-0.06582237546836467,,TRUE
985,TRUE,FALSE,-0.10490205849691903,25.81252416154814,23.183254374193332,29.861164652688178,24.148618022103435,-2.629269787354808,-5.712546630584743,-3.0832768432299353,,TRUE
986,TRUE,FALSE,0.002840786872677086,28.1022552074098,23.331166150779428,29.24509198939896,24.34904895415827,-4.771089056630373,-4.896043035240691,-0.12495397861031776,,TRUE
987,TRUE,FALSE,-0.15970280798414574,31.77912774772736,28.842358781366208,31.026567153360123,24.002942281198223,-2.9367689663611536,-7.0236248721619,-4.086855905800746,,TRUE
988,TRUE,FALSE,-0.11523494180803678,29.095918279200824,25.13355356900359,30.750353765004707,23.67151453518659,-3.9623647101972352,-7.078839229818119,-3.1164745196208834,,TRUE
989,TRUE,FALSE,-0.015719538801501724,30.82540588262832,25.707338871856308,27.218855692805402,22.34556153726747,-5.1180670107720125,-4.8732941555379305,0.244772855234082,,TRUE
990,TRUE,FALSE,0.04908935702941151,30.599659053702236,25.70085994884655,25.16353306781833,22.19841274896675,-4.898799104855687,-2.9651203188515822,1.933678786004105,,TRUE
991,TRUE,FALSE,0.02497561726105259,33.76133083615237,27.426782926052773,27.253650943730335,22.700047898582124,-6.3345479100995945,-4.553603045148211,1.7809448649513833,,TRUE
992,TRUE,FALSE,0.05669079635310765,27.82319028434421,22.040072567260303,26.447691884864522,22.172485060270898,-5.783117717083908,-4.275206824593624,1.5079108924902833,,TRUE
993,TRUE,FALSE,-0.054547385411525595,32.37413152020143,25.308388386797347,28.44365548526824,21.055334491424738,-7.065743133404084,-7.388320993843504,-0.32257786043942005,,TRUE
994,TRUE,FALSE,-0.03594656585504438,30.195267045578063,26.985572656270776,27.84606477392285,24.007403817031893,-3.2096943893072876,-3.8386609568909584,-0.6289665675836709,,TRUE
995,TRUE,FALSE,-0.019627019250385052,23.894491704948635,19.70753639698225,28.458361947795574,23.01550631762554,-4.186955307966386,-5.442855630170033,-1.2559003222036473,,TRUE
996,TRUE,FALSE,-0.04549591519399841,28.76767983138333,23.696164757874122,30.65419115487744,24.12706312826193,-5.071515073509207,-6.527128026615511,-1.4556129531063036,,TRUE
997,TRUE,FALSE,-0.04491436843919632,25.149475720811928,21.461261858570868,29.53877583934074,24.099761706573997,-3.68821386224106,-5.439014132766744,-1.7508002705256835,,TRUE
998,TRUE,FALSE,0.09120744065588314,28.71315341847988,21.2500862707959,29.500746146560715,23.917935741133366,-7.463067147683979,-5.582810405427349,1.8802567422566305,,TRUE
999,TRUE,FALSE,-0.0457342690015617,24.974263966675743,21.951162509359843,28.51311402891145,23.94127843492652,-3.0231014573158994,-4.571835593984929,-1.5487341366690295,,TRUE
1000,TRUE,FALSE,-0.13878498208392714,28.06002811450813,23.54116796010442,32.97618757298354,24.080571900439114,-4.518860154403708,-8.895615672544427,-4.376755518140719,,TRUE
1001,TRUE,FALSE,-0.04040930907526127,32.44417185237555,26.049750759611033,30.1603730534106,23.25701903453017,-6.394421092764514,-6.903354018880428,-0.5089329261159143,,TRUE
1002,TRUE,FALSE,-0.11527388802556761,27.826422447326337,24.242546322202006,30.744922384399743,23.868847380327455,-3.5838761251243305,-6.8760750040722876,-3.292198878947957,,TRUE
1003,TRUE,FALSE,-0.10586850632206356,28.08779391797175,24.646527630915834,29.608284595200484,23.370782303038904,-3.4412662870559174,-6.2375022921615795,-2.796236005105662,,TRUE
1004,TRUE,FALSE,-0.1917083843255937,25.68494655803907,23.765497731721346,29.339656615389547,22.41121392362543,-1.9194488263177227,-6.928442691764118,-5.008993865446396,,TRUE
1005,TRUE,FALSE,-0.03617044515431738,30.071784585549416,23.501681951006763,27.22407858296592,20.52032845182278,-6.570102634542653,-6.7037501311431384,-0.13364749660048503,,TRUE
1006,TRUE,FALSE,-0.007145487266361077,28.630430418383572,23.362739675526548,28.557570827643957,23.137365629961494,-5.267690742857024,-5.4202051976824634,-0.15251445482543957,,TRUE
1007,TRUE,FALSE,-0.00830939308010227,25.95404189074014,20.562268095556096,28.397564166369744,22.311993872598872,-5.391773795184044,-6.085570293770871,-0.6937964985868277,,TRUE
1008,TRUE,FALSE,-0.026401744711886176,32.06757216507927,25.773041884126044,29.89683908439037,23.402310684593516,-6.294530280953225,-6.494528399796852,-0.19999811884362728,,TRUE
1009,TRUE,FALSE,-0.13653480986012465,24.903477836088392,21.58261332743288,30.33771619453619,22.936682242809034,-3.320864508655511,-7.401033951727154,-4.080169443071643,,TRUE
1010,TRUE,FALSE,-0.19444104119112157,24.3698682917534,22.568777108357896,30.141629342012653,22.981422077192477,-1.8010911833955028,-7.160207264820176,-5.359116081424673,,TRUE
1011,TRUE,FALSE,-0.018815686046280554,29.353994438908874,24.14542980753111,32.06207524025008,25.881402884718288,-5.208564631377765,-6.180672355531794,-0.9721077241540286,,TRUE
1012,TRUE,FALSE,-0.15171352662972495,23.86049075952729,22.084658743621524,29.334899352966158,23.329615220960378,-1.7758320159057668,-6.00528413200578,-4.229452116100013,,TRUE
1013,TRUE,FALSE,-0.03927992120609861,30.640872965501206,26.034493048083203,29.55583105023394,24.14527262510322,-4.606379917418003,-5.41055842513072,-0.8041785077127166,,TRUE
1014,TRUE,FALSE,-0.044243796462374745,30.85291875521458,26.94330957466314,27.15221917263706,22.68533408792626,-3.909609180551442,-4.4668850847108,-0.5572759041593578,,TRUE
1015,TRUE,FALSE,-0.023558700247496595,27.367934074078722,22.38908769033958,31.22739998693739,24.95162270996307,-4.978846383739143,-6.2757772769743205,-1.296930893235178,,TRUE
1016,TRUE,FALSE,-0.13661213340056538,29.14786655116024,27.65393517400105,27.385035797082907,22.663844679334133,-1.4939313771591927,-4.7211911177487735,-3.227259740589581,,TRUE
1017,TRUE,FALSE,-0.12110699209591085,23.979354415838227,21.35563178390346,29.401323566076158,23.197742356256327,-2.6237226319347684,-6.203581209819831,-3.5798585778850622,,TRUE
1018,TRUE,FALSE,-0.0589884385791524,28.506517270823277,24.244279035890152,27.49071095498999,22.041072878119582,-4.262238234933125,-5.449638076870407,-1.1873998419372818,,TRUE
1019,TRUE,FALSE,-0.05737470167660444,27.071396763879473,23.876669129683663,26.975656795780825,22.465577572691632,-3.194727634195811,-4.510079223089193,-1.3153515888933818,,TRUE
1020,TRUE,FALSE,-0.004256423673841195,24.008291443527284,20.133923913037425,27.98522742107195,23.36939492099127,-3.8743675304898595,-4.615832500080682,-0.7414649695908224,,TRUE
1021,TRUE,FALSE,0.024031357900011274,38.992661632418226,29.31782154247613,31.268285480343444,24.08183466784375,-9.674840089942098,-7.186450812499693,2.488389277442405,,TRUE
1022,TRUE,FALSE,0.03950850087704246,25.559601593485464,20.23173946155016,31.03058259926975,25.55214698847615,-5.327862131935305,-5.4784356107936,-0.15057347885829486,,TRUE
1023,TRUE,FALSE,-0.005603143710709604,25.43972275610175,21.345120044544245,26.501246077723334,22.111545959894567,-4.094602711557506,-4.389700117828767,-0.29509740627126035,,TRUE
1024,TRUE,FALSE,-0.2071919140259592,25.12026727663732,24.856783986461796,27.522276097255258,22.137201825919075,-0.2634832901755253,-5.385074271336183,-5.121590981160658,,TRUE
1025,TRUE,FALSE,-0.12159068497657413,26.359517300336275,22.989681414654488,29.323616882409905,22.64680147644935,-3.3698358856817876,-6.676815405960554,-3.306979520278766,,TRUE
1026,TRUE,FALSE,-0.07729755708603482,30.33171039561875,24.898437032621004,29.37229938521215,22.317381048221584,-5.433273362997745,-7.054918336990564,-1.6216449739928187,,TRUE
1027,TRUE,FALSE,-0.021754844173138894,28.6645093753999,22.899481378343467,28.10356766107558,21.968205418722402,-5.765027997056432,-6.135362242353178,-0.3703342452967462,,TRUE
1028,TRUE,FALSE,-0.17356655522267686,24.021210360093058,23.019499853621873,28.917817044855024,23.296329781811373,-1.0017105064711842,-5.621487263043651,-4.619776756572467,,TRUE
1029,TRUE,FALSE,-0.096810018654845,28.521063526545266,25.57213473868708,28.57351674673413,23.255244320812825,-2.9489287878581862,-5.318272425921304,-2.3693436380631177,,TRUE
1030,TRUE,FALSE,-0.06076182328411044,30.35056009872593,25.835554521588737,27.75167661975684,22.230630436721885,-4.515005577137192,-5.521046183034954,-1.0060406058977627,,TRUE
1031,TRUE,FALSE,-0.031183620139306537,34.41462339894022,28.448310701007525,30.619234768600545,24.53380559510904,-5.966312697932697,-6.085429173491505,-0.11911647555880833,,TRUE
1032,TRUE,FALSE,-0.12465654128950253,26.13779412790604,23.497436885903422,26.242326153063587,20.826497551591274,-2.6403572420026187,-5.415828601472313,-2.7754713594696945,,TRUE
1033,TRUE,FALSE,-0.010342901071163622,33.67399538943518,26.260502617508116,29.788677400745847,22.991523089333178,-7.413492771927061,-6.797154311412669,0.6163384605143918,,TRUE
1034,TRUE,FALSE,0.007590510688410199,28.373394531115622,22.928849675033494,32.497227944260295,26.461460068102017,-5.444544856082128,-6.035767876158278,-0.5912230200761499,,TRUE
1035,TRUE,FALSE,0.03242974896620804,30.37028313927733,25.161061746339215,28.878777125245946,24.713996609585404,-5.209221392938115,-4.164780515660542,1.044440877277573,,TRUE
1036,TRUE,FALSE,-0.008776152611740232,30.143594295874937,25.143944919970103,28.985494371508146,23.966667902518463,-4.999649375904834,-5.018826468989683,-0.01917709308484916,,TRUE
1037,TRUE,FALSE,-0.1692764176047182,28.007975251551542,26.99202717942337,28.377746160455597,23.08957154242969,-1.0159480721281717,-5.288174618025906,-4.272226545897734,,TRUE
1038,TRUE,FALSE,-0.0615413679188253,26.435589637022787,21.96074147729151,32.27344862973948,25.21020030907373,-4.474848159731277,-7.063248320665746,-2.5884001609344693,,TRUE
1039,TRUE,FALSE,-0.0862042818112837,25.389040946952775,21.10535921152966,30.115624565504618,22.966789116731764,-4.283681735423116,-7.148835448772854,-2.865153713349738,,TRUE
1040,TRUE,FALSE,-0.05417105028829544,30.675535160842003,25.509397525974155,28.916833263361205,22.778892035240148,-5.166137634867848,-6.137941228121058,-0.9718035932532096,,TRUE
1041,TRUE,FALSE,-0.0843354865604959,24.15156584933478,21.155868948601267,29.09130481503879,23.42191169733397,-2.9956969007335132,-5.669393117704818,-2.6736962169713046,,TRUE
1042,TRUE,FALSE,-0.04728848679361152,26.986845945247193,22.931486589758293,28.632726810022007,23.206287090174996,-4.0553593554889,-5.426439719847011,-1.3710803643581109,,TRUE
1043,TRUE,FALSE,-0.021131023687580155,33.1988903651535,28.05608158322696,28.77337690758128,23.807686508232063,-5.142808781926544,-4.965690399349217,0.17711838257732637,,TRUE
1044,TRUE,FALSE,-0.09405474151682149,30.19484613006428,25.813649584368427,30.322765351623058,23.595975656008093,-4.381196545695854,-6.726789695614965,-2.345593149919111,,TRUE
1045,TRUE,FALSE,-0.0866989269240087,24.767579336982298,21.579048733515155,31.26335529374731,24.976492741054443,-3.188530603467143,-6.286862552692867,-3.0983319492257237,,TRUE
1046,TRUE,FALSE,-0.1286616794596978,27.479625070616,24.41229923423315,31.37030141397948,24.504142864906203,-3.0673258363828495,-6.866158549073276,-3.7988327126904267,,TRUE
1047,TRUE,FALSE,-0.1705576273281291,22.96783892313997,21.131006844017186,31.593673977177176,24.50913324032983,-1.8368320791227823,-7.0845407368473445,-5.247708657724562,,TRUE
1048,TRUE,FALSE,-0.0021798032223959225,27.988226797138516,22.57204223201108,29.55671154936775,23.78509587803492,-5.416184565127438,-5.771615671332832,-0.3554311062053941,,TRUE
1049,TRUE,FALSE,-0.07073245654850917,29.65386513072908,25.029906159785753,28.665095338077712,22.543045539457513,-4.6239589709433275,-6.1220497986202,-1.4980908276768723,,TRUE
1050,TRUE,FALSE,-0.0011115883069259126,33.74327984663691,26.187740178826363,33.35174201151929,25.855116305887847,-7.555539667810546,-7.496625705631445,0.058913962179101276,,TRUE
1051,TRUE,FALSE,-0.028888014106104285,33.220005886958425,28.075318434852836,30.11009740380148,24.722434846612515,-5.14468745210559,-5.387662557188964,-0.2429751050833744,,TRUE
1052,TRUE,FALSE,0.037981953062442876,25.156625145709455,19.195407060018233,29.492131824117063,23.374722668778766,-5.961218085691222,-6.117409155338297,-0.1561910696470754,,TRUE
1053,TRUE,FALSE,-0.14374465426656952,30.605116341216842,27.948867705597987,28.403451932954855,22.465381450063095,-2.656248635618855,-5.93807048289176,-3.281821847272905,,TRUE
1054,TRUE,FALSE,-0.028653946074055737,25.472209824783494,21.309076004651235,29.0548213149331,23.619568162847916,-4.163133820132259,-5.435253152085185,-1.2721193319529256,,TRUE
1055,TRUE,FALSE,-0.036637826351276735,28.84932601886289,24.053180711811102,32.71344747578441,26.293690767383286,-4.796145307051788,-6.4197567084011276,-1.62361140134934,,TRUE
1056,TRUE,FALSE,-0.11224141090695577,26.331228694287184,22.66212058119586,31.516627541016636,24.24506400056164,-3.6691081130913226,-7.271563540454995,-3.6024554273636724,,TRUE
1057,TRUE,FALSE,-0.22185730814569982,26.999059516065373,26.120046253929495,31.63501806783771,24.51556956497925,-0.8790132621358779,-7.119448502858461,-6.240435240722583,,TRUE
1058,TRUE,FALSE,-0.0663573445572907,32.35719657024754,26.04206377469179,30.445183501420058,22.930022362963424,-6.315132795555748,-7.515161138456634,-1.200028342900886,,TRUE
1059,TRUE,FALSE,-0.12067081461488768,25.300396372653257,22.26405823513956,31.153027993154613,24.298004074156562,-3.0363381375136953,-6.85502391899805,-3.818685781484355,,TRUE
1060,TRUE,FALSE,-0.09580542758856962,27.726062484269043,23.71257386223035,28.631135069753803,22.249553306923662,-4.013488622038693,-6.381581762830141,-2.368093140791448,,TRUE
1061,TRUE,FALSE,-0.08653199077559613,33.04337206674233,29.48026106491962,28.65380734758363,23.444929714225676,-3.5631110018227083,-5.208877633357954,-1.6457666315352455,,TRUE
1062,TRUE,FALSE,-0.01580964556485979,28.96728117491089,23.234266442961047,32.27880144777981,25.484292969583436,-5.733014731949844,-6.794508478196377,-1.0614937462465335,,TRUE
1063,TRUE,FALSE,0.003423194341626849,30.71418364620406,25.74143789938086,27.584770691837615,23.19796444495772,-4.9727457468232,-4.386806246879896,0.5859394999433043,,TRUE
1064,TRUE,FALSE,0.017225937205376216,34.111682651235725,26.609339184666474,31.823223864597292,25.25551623538278,-7.5023434665692506,-6.567707629214514,0.9346358373547368,,TRUE
1065,TRUE,FALSE,0.0012377566148006733,25.494560119931712,21.28413750951965,29.163838111202548,24.377589672110197,-4.2104226104120634,-4.7862484390923505,-0.5758258286802871,,TRUE
1066,TRUE,FALSE,0.14123894652396177,29.95843079025605,22.50907880979716,26.64187983734887,23.053815892078394,-7.449351980458889,-3.588063945270477,3.8612880351884122,,TRUE
1067,TRUE,FALSE,-0.07631058755156532,30.742048753239743,27.338900723064867,29.38276236565487,24.2102679810163,-3.4031480301748758,-5.1724943846385685,-1.7693463544636927,,TRUE
1068,TRUE,FALSE,-0.02114020942999931,30.32750466731038,24.972181183679087,28.608306752490464,23.06380070175374,-5.355323483631292,-5.544506050736725,-0.18918256710543346,,TRUE
1069,TRUE,FALSE,-0.03482715088648687,28.320359503854576,23.75879208596613,28.22576408728837,22.868941464180498,-4.561567417888444,-5.35682262310787,-0.7952552052194264,,TRUE
1070,TRUE,FALSE,0.037857880994867484,33.44914234412709,26.144884328339845,28.638329535961464,23.24828328755233,-7.304258015787244,-5.390046248409135,1.9142117673781094,,TRUE
1071,TRUE,FALSE,-0.01735908604148658,29.88225657240304,23.851170898381177,30.732912630540657,24.107994290036203,-6.031085674021863,-6.624918340504454,-0.5938326664825908,,TRUE
1072,TRUE,FALSE,-0.03699692848872087,25.85028417945918,21.754763746094405,29.698436397259872,24.085467045431834,-4.095520433364776,-5.612969351828038,-1.5174489184632627,,TRUE
1073,TRUE,FALSE,-0.09353742805882095,31.716770114310677,27.58842074354816,28.24903982816897,22.37787215296312,-4.128349370762518,-5.87116767520585,-1.7428183044433325,,TRUE
1074,TRUE,FALSE,-0.0866201293121564,22.733056764427804,19.91100434991306,27.277972275988386,21.909313531324607,-2.8220524145147436,-5.3686587446637795,-2.546606330149036,,TRUE
1075,TRUE,FALSE,-0.08423810375453243,31.540900233132636,26.759474674589864,27.411778970838405,21.37748332603756,-4.781425558542772,-6.034295644800846,-1.2528700862580742,,TRUE
1076,TRUE,FALSE,-0.07601927840026275,27.242961378990852,23.397514055028683,28.123744742359143,22.385860676866304,-3.845447323962169,-5.737884065492839,-1.8924367415306698,,TRUE
1077,TRUE,FALSE,-0.0016765736975940528,29.92085178300776,24.289891680669264,29.725541630744843,24.09091388769462,-5.630960102338495,-5.634627743050224,-0.003667640711729092,,TRUE
1078,TRUE,FALSE,-0.1858651322701409,23.370275500087253,22.71872681858818,28.213794398889732,22.775160866621107,-0.6515486814990723,-5.438633532268625,-4.787084850769553,,TRUE
1079,TRUE,FALSE,-0.08572649749055493,27.809638064534116,24.176344482033098,27.1089239662217,21.63102170947065,-3.633293582501018,-5.477902256751047,-1.8446086742500292,,TRUE
1080,TRUE,FALSE,0.026832497115409852,32.6047618361925,26.351051533614527,29.688248317945334,24.646468373719337,-6.253710302577975,-5.041779944225997,1.211930358351978,,TRUE
1081,TRUE,FALSE,0.04680355755321892,35.44782799416268,27.098636000965964,29.351619310715538,23.513452113597,-8.349191993196715,-5.838167197118537,2.5110247960781784,,TRUE
1082,TRUE,FALSE,-0.06913178717274078,23.893922947011653,19.75178476668891,28.52399448557971,22.004204665577845,-4.142138180322743,-6.519789820001865,-2.3776516396791223,,TRUE
1083,TRUE,FALSE,0.046304199326231726,26.987039809657,20.740729499692755,29.874210962725236,24.0477738767636,-6.246310309964244,-5.826437085961636,0.4198732240026075,,TRUE
1084,TRUE,FALSE,0.08363911440982863,27.050439840846746,19.535560569889004,31.647147217958057,24.84906887340916,-7.514879270957742,-6.798078344548898,0.716800926408844,,TRUE
1085,TRUE,FALSE,-0.06474701473185325,25.987103230075938,21.86795414282547,33.771861987263094,26.637043349947707,-4.119149087250467,-7.134818637315387,-3.0156695500649207,,TRUE
1086,TRUE,FALSE,-0.11495002105057266,25.069687578950752,22.20313182329521,30.424116336891057,24.019343270340613,-2.8665557556555434,-6.404773066550444,-3.5382173108949004,,TRUE
1087,TRUE,FALSE,-0.10797906419771489,23.875579152386067,21.474663796075678,32.18352263400011,25.984318107089774,-2.4009153563103887,-6.199204526910339,-3.7982891705999506,,TRUE
1088,TRUE,FALSE,0.04768769028739561,29.66213000134073,23.481794022657304,27.62870544462363,22.940346707714458,-6.180335978683427,-4.688358736909173,1.4919772417742543,,TRUE
1089,TRUE,FALSE,-0.11852939803622731,29.911206582084308,26.559914129833835,31.911618551545374,25.168938691574027,-3.3512924522504726,-6.7426798599713464,-3.391387407720874,,TRUE
1090,TRUE,FALSE,-0.019848914700316717,30.615745402462046,24.830160657428547,26.7413684978447,21.261702956322036,-5.7855847450335,-5.479665541522664,0.305919203510836,,TRUE
1091,TRUE,FALSE,0.01275553694521334,28.40880390290047,22.77070600572324,26.539417520529756,21.54540158439297,-5.638097897177229,-4.994015936136787,0.6440819610404418,,TRUE
1092,TRUE,FALSE,0.024463620322711686,29.3481329208068,24.627651850163165,26.942276918907936,23.168677217880145,-4.720481070643636,-3.7735997010277913,0.9468813696158449,,TRUE
1093,TRUE,FALSE,-0.2290293469989481,19.567569089504737,19.110689853059462,29.358304594162426,22.80364539193819,-0.45687923644527473,-6.5546592022242365,-6.097779965778962,,TRUE
1094,TRUE,FALSE,0.013438913103733624,30.23801143247878,23.584111343436597,28.904910017894103,22.84937667790683,-6.653900089042182,-6.055533339987274,0.5983667490549074,,TRUE
1095,TRUE,FALSE,0.08302638619393116,32.3905801159148,25.184144031424857,30.1831589599599,25.49946451971916,-7.206436084489944,-4.683694440240739,2.522741644249205,,TRUE
1096,TRUE,FALSE,-0.030298852876745663,25.591196736366072,21.088919374239097,27.630533625026906,22.089931990080238,-4.502277362126975,-5.540601634946668,-1.0383242728196933,,TRUE
1097,TRUE,FALSE,-0.02935283797766078,36.078908853987166,29.7891942082109,26.68305898453417,21.394059628686776,-6.2897146457762645,-5.288999355847395,1.0007152899288698,,TRUE
1098,TRUE,FALSE,0.02800296476908313,31.021262966734717,24.8636287505929,26.492882259181453,21.837141072788317,-6.157634216141819,-4.655741186393136,1.5018930297486826,,TRUE
1099,TRUE,FALSE,-0.18911455210909728,26.64390694511106,26.172990543989755,30.310992637107486,24.644737273447305,-0.47091640112130406,-5.666255363660181,-5.195338962538877,,TRUE
1100,TRUE,FALSE,-0.16242810235496752,34.12237120329488,32.02065858846698,31.074290996324905,24.78852335418622,-2.1017126148279033,-6.2857676421386834,-4.18405502731078,,TRUE
1101,TRUE,FALSE,0.0472072163972268,32.02836050350288,24.94710965836691,29.767058589312533,24.30654792828471,-7.081250845135973,-5.460510661027822,1.6207401841081506,,TRUE
1102,TRUE,FALSE,-0.14785498519730625,25.91334749467239,23.49242249470511,31.787274544937006,24.856785952681957,-2.42092499996728,-6.930488592255049,-4.509563592287769,,TRUE
1103,TRUE,FALSE,-0.13953508855350455,24.663121601375575,21.563842080691675,31.515663636018093,23.966534247537755,-3.0992795206839006,-7.549129388480338,-4.449849867796438,,TRUE
1104,TRUE,FALSE,-0.005016358889179801,31.48807460328267,26.50973065159437,28.002653177895915,23.45739678331179,-4.978343951688299,-4.545256394584126,0.433087557104173,,TRUE
1105,TRUE,FALSE,-0.13751342921982856,28.778014361468507,24.69776577511037,30.751263686435863,23.00056404654891,-4.080248586358138,-7.750699639886953,-3.670451053528815,,TRUE
1106,TRUE,FALSE,-0.11006267710165701,26.69707530463641,23.35322277906383,28.53988259346032,22.363290465800983,-3.3438525255725793,-6.176592127659337,-2.8327396020867575,,TRUE
1107,TRUE,FALSE,-0.031800480854943865,27.213976281177615,21.618873867137253,27.082280772546277,20.84085484026138,-5.595102414040362,-6.241425932284898,-0.6463235182445359,,TRUE
1108,TRUE,FALSE,-0.057582643757277216,31.949001548441295,26.93575280027146,27.1567782133802,21.61435341677662,-5.013248748169836,-5.54242479660358,-0.5291760484337438,,TRUE
1109,TRUE,FALSE,0.0026611208785391987,27.53732569366364,23.083866033144314,31.44366657920903,26.428692422716672,-4.453459660519325,-5.014974156492357,-0.5615144959730323,,TRUE
1110,TRUE,FALSE,-0.03765974971874497,25.755101860061334,21.306117225220124,27.68831963833978,22.058817046501318,-4.44898463484121,-5.629502591838463,-1.180517956997253,,TRUE
1111,TRUE,FALSE,-0.0509056973977317,26.260572110778746,22.137029476810703,26.569284047008033,21.285651545675325,-4.123542633968043,-5.283632501332708,-1.1600898673646647,,TRUE
1112,TRUE,FALSE,-0.020255289244475606,26.285182358098595,21.455036771612694,27.08303198993002,21.663009552023027,-4.8301455864859015,-5.420022437906994,-0.5898768514210921,,TRUE
1113,TRUE,FALSE,-0.09745254365642587,27.897654106447114,23.67157647186115,28.864794488068068,22.217994984022656,-4.2260776345859625,-6.646799504045411,-2.420721869459449,,TRUE
1114,TRUE,FALSE,-0.12038157906756936,30.59478562562438,27.494896969473913,30.600179640726786,24.38078039417109,-3.0998886561504655,-6.219399246555696,-3.1195105904052305,,TRUE
1115,TRUE,FALSE,-0.15253143194826174,26.03543582788926,24.153134138968046,27.862243938726763,22.19121965670215,-1.8823016889212134,-5.671024282024614,-3.788722593103401,,TRUE
1116,TRUE,FALSE,-0.02956824810584378,31.611462102545424,24.971311135335043,29.87993021248296,22.915799526328417,-6.640150967210381,-6.964130686154544,-0.32397971894416244,,TRUE
1117,TRUE,FALSE,-0.135563808698449,23.431624458611456,20.891859383499106,33.14652813656975,25.807035999220634,-2.5397650751123493,-7.339492137349115,-4.799727062236766,,TRUE
1118,TRUE,FALSE,-0.07741485049398047,31.16509244775173,25.50828068968165,27.950599419066453,21.173031879140606,-5.656811758070077,-6.7775675399258475,-1.1207557818557703,,TRUE
1119,TRUE,FALSE,-0.09033734728655318,30.059230806723736,25.92141236951466,32.579717338286635,25.66818132451336,-4.137818437209077,-6.911536013773276,-2.7737175765641986,,TRUE
1120,TRUE,FALSE,-0.03659513201187452,30.460714088973866,25.636852131721184,29.938456049668304,24.29187031793809,-4.8238619572526815,-5.646585731730212,-0.8227237744775309,,TRUE
1121,TRUE,FALSE,-0.027849257144660713,28.748213658912228,24.89655090374994,30.394455779544504,25.59928965391821,-3.8516627551622875,-4.795166125626295,-0.9435033704640077,,TRUE
1122,TRUE,FALSE,-0.05064540599408625,26.45535218494913,23.0629916024918,29.20162614241801,24.199929993727036,-3.392360582457332,-5.001696148690975,-1.6093355662336428,,TRUE
1123,TRUE,FALSE,-0.12255957380043092,29.767990185944814,27.385980068454717,27.69868193600496,22.54295949028169,-2.382010117490097,-5.155722445723271,-2.7737123282331737,,TRUE
1124,TRUE,FALSE,-0.1683072302184104,28.523328850611534,27.06404090873272,31.085800749881866,24.926401715801063,-1.459287941878813,-6.159399034080803,-4.70011109220199,,TRUE
1125,TRUE,FALSE,-0.059671905234461996,31.664330716504786,26.75453627539919,29.889983108473626,23.792364548807548,-4.909794441105596,-6.097618559666078,-1.1878241185604814,,TRUE
1126,TRUE,FALSE,0.07215472432437024,30.271436114063345,23.061314812919797,28.40651288359212,23.25976711891709,-7.210121301143548,-5.146745764675032,2.0633755364685165,,TRUE
1127,TRUE,FALSE,-0.007634753345876844,30.568260409081518,25.205102651165642,25.67229321759573,21.007127883256775,-5.363157757915875,-4.665165334338955,0.6979924235769204,,TRUE
1128,TRUE,FALSE,-0.10243089401392619,29.693424653079234,25.540089821794002,28.754208657824552,22.32432718399099,-4.153334831285232,-6.429881473833561,-2.276546642548329,,TRUE
1129,TRUE,FALSE,-0.03904138543887738,31.46894593501971,26.78582735750753,26.68036576932651,21.840329690181132,-4.683118577512182,-4.840036079145378,-0.1569175016331954,,TRUE
1130,TRUE,FALSE,-0.08216315352996185,32.00965064185817,27.93464424195303,27.860571977752645,22.395936872125908,-4.075006399905142,-5.464635105626737,-1.389628705721595,,TRUE
1131,TRUE,FALSE,-0.22257927909320613,31.700373913194667,27.940980608531312,33.1411882273249,23.38193138390568,-3.759393304663355,-9.759256843419223,-5.999863538755868,,TRUE
1132,TRUE,FALSE,-0.09039188360403855,25.62544707142439,22.85724621993907,29.121614169085703,23.730735728392116,-2.768200851485318,-5.390878440693587,-2.622677589208269,,TRUE
1133,TRUE,FALSE,-0.10594704311875759,28.36923224634028,24.092309922426317,28.788483237013285,21.990617593619795,-4.276922323913965,-6.797865643393489,-2.5209433194795245,,TRUE
1134,TRUE,FALSE,-0.14437020209732776,28.057196050058423,24.706438710639322,31.65105785111477,24.124311617226223,-3.3507573394191006,-7.526746233888549,-4.175988894469448,,TRUE
1135,TRUE,FALSE,-0.13974959768563464,25.17376648763175,22.46494826226847,31.690365535355024,24.591894831727053,-2.7088182253632773,-7.098470703627971,-4.3896524782646935,,TRUE
1136,TRUE,FALSE,-0.14156432814201778,29.793430283432276,26.68147061448355,29.07338033496624,22.59977822898616,-3.1119596689487246,-6.473602105980081,-3.3616424370313567,,TRUE
1137,TRUE,FALSE,0.0022222566850637953,23.311025759368146,19.39978701552193,26.809811011845685,22.36116591840522,-3.9112387438462157,-4.448645093440465,-0.5374063495942494,,TRUE
1138,TRUE,FALSE,0.01170138976412371,28.529302863906672,22.718415863494887,26.34189222232422,21.22343634881511,-5.810887000411785,-5.1184558735091095,0.6924311269026759,,TRUE
1139,TRUE,FALSE,-0.07554502262480069,26.534279672404143,23.757117054344242,27.565901417942964,22.88494365172318,-2.7771626180599007,-4.680957766219784,-1.9037951481598832,,TRUE
1140,TRUE,FALSE,0.015487044596662934,25.43593976977788,21.246444754366554,27.737049124853545,23.53014883043587,-4.189495015411328,-4.206900294417675,-0.01740527900634703,,TRUE
1141,TRUE,FALSE,0.08299460062038433,33.135841376944214,25.768546392533096,27.479197159757554,23.218815214357477,-7.367294984411117,-4.260381945400077,3.10691303901104,,TRUE
1142,TRUE,FALSE,-0.1499256543994914,23.408321870247118,20.975080995655137,29.113700957579805,22.45530190901328,-2.4332408745919807,-6.658399048566526,-4.225158173974545,,TRUE
1143,TRUE,FALSE,-0.07480076461625453,23.95478193818961,20.596310808623603,31.697894035166122,25.289606102139654,-3.3584711295660057,-6.408287933026468,-3.0498168034604625,,TRUE
1144,TRUE,FALSE,-0.09139303584186662,28.852242641134747,24.46730648187069,25.963303573156953,20.09440015142047,-4.384936159264058,-5.8689034217364835,-1.4839672624724258,,TRUE
1145,TRUE,FALSE,-0.04566511784254976,25.8551440851588,21.654680571154238,30.333507007591024,24.271428352712707,-4.200463514004561,-6.0620786548783165,-1.8616151408737558,,TRUE
1146,TRUE,FALSE,0.08291230397105986,30.560948958823758,23.58260451476208,25.324755622143062,21.231396044754792,-6.978344444061676,-4.09335957738827,2.884984866673406,,TRUE
1147,TRUE,FALSE,-0.05637890786672952,27.823190377952642,24.44930138945182,26.411714280894678,21.936688517816737,-3.3738889885008234,-4.475025763077941,-1.1011367745771174,,TRUE
1148,TRUE,TRUE,-0.10536208394172676,26.29628203535103,22.420015552538484,31.227626065373858,23.9619611171304,-3.8762664828125466,-7.265664948243458,-3.3893984654309115,,TRUE
1149,TRUE,FALSE,0.03920207177103979,23.91067625229839,19.16274478712292,29.267382107520024,24.393548293051623,-4.747931465175469,-4.8738338144684015,-0.12590234929293231,,TRUE
1150,TRUE,FALSE,-0.14945849935619734,27.42600618233539,26.94824752193154,28.63028633802933,24.226163736001233,-0.4777586604038504,-4.404122602028096,-3.9263639416242455,,TRUE
1151,TRUE,FALSE,-0.14829969129963025,29.12035723396071,26.184059490287748,30.077779447454837,23.317410231994288,-2.936297743672963,-6.76036921546055,-3.8240714717875868,,TRUE
1152,TRUE,FALSE,-0.01830982399385358,30.21316305096188,24.524592530319804,31.72740929478984,25.28647906672267,-5.688570520642077,-6.44093022806717,-0.752359707425093,,TRUE
1153,TRUE,FALSE,-0.0809686608483606,30.06147074453151,24.611524523903938,29.292204261962034,22.116484895953064,-5.44994622062757,-7.17571936600897,-1.7257731453813996,,TRUE
1154,TRUE,FALSE,-0.04377661592486122,24.644573528523363,20.295352599314125,32.00955714353048,25.231496909701775,-4.349220929209238,-6.778060233828704,-2.4288393046194656,,TRUE
1155,TRUE,FALSE,-0.16670564533274224,30.748155636839115,28.400442157086637,27.125053225541997,21.206904859133683,-2.3477134797524783,-5.918148366408314,-3.5704348866558355,,TRUE
1156,TRUE,FALSE,-0.10386227921751032,26.686811839655967,22.503278031919102,30.453263597292885,23.146009091280593,-4.183533807736865,-7.307254506012292,-3.1237206982754273,,TRUE
1157,TRUE,FALSE,-0.04951181540782694,30.218863267093983,26.661336068110568,28.259986956039455,23.72865021721951,-3.557527198983415,-4.531336738819945,-0.9738095398365303,,TRUE
1158,TRUE,FALSE,-0.2967641185744293,25.411563188962173,26.24901488786332,28.305225592600614,21.73027533900023,0.8374516989011482,-6.5749502536003845,-7.412401952501533,,TRUE
1159,TRUE,FALSE,-0.15901524110759757,25.931128692161856,23.005293573061653,29.899333375059005,22.62603335422211,-2.9258351191002028,-7.273300020836896,-4.347464901736693,,TRUE
1160,TRUE,FALSE,-0.02043321932970151,27.46609300255616,22.633930014148376,29.707546365952304,23.98588966614947,-4.832162988407784,-5.7216566998028355,-0.8894937113950512,,TRUE
1161,TRUE,FALSE,-0.07794523808309356,25.281615291768084,20.56427661858429,29.185820456335957,21.959848437470775,-4.717338673183793,-7.225972018865182,-2.508633345681389,,TRUE
1162,TRUE,FALSE,-0.08681825932707404,31.299343236534295,26.80720924864633,28.980760106735744,22.7573380395419,-4.492133987887964,-6.2234220671938445,-1.7312880793058802,,TRUE
1163,TRUE,FALSE,-0.037155720091425266,31.853999709838266,27.942380143996235,28.071200173879376,23.725964808648882,-3.911619565842031,-4.345235365230494,-0.4336157993884626,,TRUE
1164,TRUE,FALSE,-0.017489160647396813,26.311463166542904,21.760460077946824,31.1575584238202,25.321594270533645,-4.5510030885960795,-5.835964153286554,-1.2849610646904743,,TRUE
1165,TRUE,FALSE,-0.026487665780281836,32.345352226812246,26.77886437419429,30.385469993679347,24.498685477666367,-5.566487852617957,-5.88678451601298,-0.3202966633950233,,TRUE
1166,TRUE,FALSE,-0.015176414400150601,22.165813398589563,18.847112791583392,26.077916634065364,21.83951634935858,-3.3187006070061713,-4.238400284706785,-0.9196996777006134,,TRUE
1167,TRUE,FALSE,0.04941840807801927,27.415883379470372,22.37025897448732,29.3748217108231,25.18292366759148,-5.045624404983052,-4.1918980432316175,0.8537263617514341,,TRUE
1168,TRUE,FALSE,-0.0907327725105217,28.477901681694302,25.070370169538297,29.209618577953872,23.4840990616339,-3.4075315121560052,-5.725519516319974,-2.3179880041639684,,TRUE
1169,TRUE,FALSE,-0.0969851295038195,33.77617137262787,27.457425463353083,31.66386682509217,23.361097260758108,-6.318745909274789,-8.302769564334064,-1.984023655059275,,TRUE
1170,TRUE,FALSE,0.09048086021845404,28.8467901529406,21.59897276883665,28.732563766580125,23.5507812840522,-7.24781738410395,-5.181782482527925,2.0660349015760247,,TRUE
1171,TRUE,FALSE,-0.0356422674137505,30.387533914261862,25.276828607154105,28.67561516807657,23.017631369264148,-5.110705307107757,-5.65798379881242,-0.5472784917046631,,TRUE
1172,TRUE,FALSE,-0.08194645524187855,27.901058555282436,24.654610938296038,30.303103334598486,24.670371333917746,-3.246447616986398,-5.63273200068074,-2.386284383694342,,TRUE
1173,TRUE,FALSE,0.020060755893526395,23.8975047367953,19.451353157833896,29.9084216413122,24.837222779543808,-4.4461515789614054,-5.071198861768391,-0.6250472828069853,,TRUE
1174,TRUE,FALSE,-0.12882074682827835,27.37699721407324,24.61121252507964,28.881981103834246,22.82590676103985,-2.765784688993598,-6.056074342794396,-3.290289653800798,,TRUE
1175,TRUE,FALSE,0.014486630998804668,35.3866160748593,29.186942979603096,27.772804135429034,23.241318948146574,-6.199673095256202,-4.53148518728246,1.668187907973742,,TRUE
1176,TRUE,FALSE,-0.02484402442398861,26.991895067247196,22.82172702655685,29.55448876306085,24.37524323251677,-4.170168040690346,-5.17924553054408,-1.009077489853734,,TRUE
1177,TRUE,FALSE,0.039943419272347166,28.500395045465307,21.268752661084573,27.600169539346528,21.436313375928634,-7.231642384380734,-6.163856163417893,1.0677862209628408,,TRUE
1178,TRUE,FALSE,-0.1741774734655856,27.924445194236903,25.6686638831719,28.817187678658293,22.254917530565766,-2.255781311065004,-6.5622701480925265,-4.306488837027523,,TRUE
1179,TRUE,FALSE,-0.11044931623194214,26.025569630183245,23.114094249809565,27.487519501287583,21.859723176413596,-2.9114753803736804,-5.627796324873987,-2.716320944500307,,TRUE
1180,TRUE,FALSE,-0.05452807344895088,29.92960328245722,24.628869731983663,31.964178401769644,24.907252637444707,-5.300733550473556,-7.056925764324937,-1.7561922138513815,,TRUE
1181,TRUE,FALSE,-0.017349404203561396,23.776735304722983,19.55887914846574,27.345071981370477,22.10731811752581,-4.217856156257245,-5.237753863844667,-1.0198977075874218,,TRUE
1182,TRUE,FALSE,-0.09381866300294302,27.77559550483187,24.97957096226298,29.048057231672193,23.784485420758397,-2.7960245425688903,-5.2635718109137954,-2.467547268344905,,TRUE
1183,TRUE,FALSE,-0.06521133422242825,30.87702343603384,24.740295893695247,28.983443038454894,21.756975110281065,-6.136727542338594,-7.226467928173829,-1.0897403858352348,,TRUE
1184,TRUE,FALSE,-0.08495771264637826,23.948509436991493,20.797464725511126,27.02086811939292,21.554330631817233,-3.151044711480367,-5.466537487575685,-2.3154927760953186,,TRUE
1185,TRUE,FALSE,-0.13449867979943836,27.90971134854042,23.85796782808482,29.298291132835413,21.89315538609308,-4.051743520455599,-7.4051357467423315,-3.353392226286733,,TRUE
1186,TRUE,FALSE,-0.11806591158981682,26.47270663161858,22.215545339818117,30.14853904672777,22.482755087580315,-4.257161291800461,-7.665783959147454,-3.408622667346993,,TRUE
1187,TRUE,FALSE,-0.17413269743397877,28.402078969735488,27.257666608264017,29.33837714271722,23.656460312536836,-1.1444123614714705,-5.681916830180384,-4.537504468708914,,TRUE
1188,TRUE,FALSE,-0.12381905779741051,33.7756867179437,30.470662322272965,28.534370222900733,22.744273273304778,-3.305024395670735,-5.790096949595956,-2.485072553925221,,TRUE
1189,TRUE,FALSE,-0.13135726681033014,33.53251485297345,28.208549608016067,29.638148038297196,21.86341296054169,-5.323965244957382,-7.774735077755505,-2.450769832798123,,TRUE
1190,TRUE,FALSE,-0.10227774453543563,29.060306020280066,26.169149670098808,27.83927521639469,22.632300044492265,-2.8911563501812587,-5.206975171902425,-2.315818821721166,,TRUE
1191,TRUE,FALSE,-0.08185277342108387,29.92759803317051,25.859997628821628,26.20222056659693,20.861546919313973,-4.067600404348884,-5.340673647282959,-1.2730732429340748,,TRUE
1192,TRUE,FALSE,-0.08904600183031293,33.43030808679728,28.832788210434106,27.796748151215855,21.931486453578486,-4.597519876363176,-5.865261697637369,-1.2677418212741927,,TRUE
1193,TRUE,FALSE,0.0062966673116569465,31.854849031799496,24.84731291092516,28.99423990767408,22.75884478749879,-7.0075361208743345,-6.235395120175287,0.7721410006990475,,TRUE
1194,TRUE,FALSE,-0.16680234609890077,31.160994542755205,27.680934187193845,32.385330234550565,24.34873617124759,-3.48006035556136,-8.036594063302974,-4.556533707741615,,TRUE
1195,TRUE,FALSE,-0.0720414051763776,26.956073642696765,23.291081630563415,30.698171997093652,24.68075004057343,-3.66499201213335,-6.017421956520224,-2.3524299443868735,,TRUE
1196,TRUE,FALSE,-0.11440855194008767,29.350851331037703,25.745004527869675,29.90850071048405,23.39806320914719,-3.6058468031680277,-6.51043750133686,-2.904590698168832,,TRUE
1197,TRUE,FALSE,-0.021369272227761672,27.826196962122268,22.97265680094734,28.16540958451979,22.76108097312939,-4.8535401611749265,-5.404328611390401,-0.5507884502154745,,TRUE
1198,TRUE,FALSE,-0.054227068206030155,27.144087631406222,22.69927921052242,30.575093772028698,24.218882453589167,-4.444808420883803,-6.356211318439531,-1.9114028975557282,,TRUE
1199,TRUE,FALSE,-0.006805568072272984,25.651427242469484,20.98164328050592,29.966201659651087,24.344678414566182,-4.669783961963564,-5.621523245084905,-0.9517392831213414,,TRUE
1200,TRUE,FALSE,-0.13427877181876052,30.257961134607736,26.549409301975196,30.869513199489226,23.68254948472128,-3.7085518326325406,-7.186963714767945,-3.478411882135404,,TRUE
1201,TRUE,FALSE,-0.02255225114595603,27.59291010314061,22.76972812180971,28.378092340026498,22.89545181813577,-4.823181981330901,-5.48264052189073,-0.6594585405598288,,TRUE
1202,TRUE,FALSE,-0.09441244784800405,26.005483046112307,22.487351124201087,29.19420054280964,22.970325950041833,-3.5181319219112197,-6.223874592767807,-2.705742670856587,,TRUE
1203,TRUE,FALSE,-0.08391737948871031,25.160668080195688,23.050689401307093,27.403583567151934,23.084701044629366,-2.109978678888595,-4.318882522522568,-2.2089038436339727,,TRUE
1204,TRUE,FALSE,-0.0595130114100772,26.8670868696204,22.607111162119743,29.36135227899393,23.278466734409253,-4.259975707500658,-6.082885544584677,-1.822909837084019,,TRUE
1205,TRUE,FALSE,0.019880752814899847,32.925724045225444,25.659192545857007,28.604776947027467,22.739468973229872,-7.266531499368437,-5.865307973797595,1.4012235255708418,,TRUE
1206,TRUE,FALSE,-0.03597677810683819,30.413443603333022,26.084708890468516,28.610612901150407,23.671350879340558,-4.328734712864506,-4.939262021809849,-0.61052730894534335,,TRUE
1207,TRUE,FALSE,-0.12397607000361992,27.848942149187994,25.304622808299488,28.385149768371402,22.784538270469326,-2.5443193408885065,-5.600611497902076,-3.0562921570135693,,TRUE
1208,TRUE,FALSE,-0.045896585546809844,32.29409657202843,26.585055806800188,28.8373948390232,22.67450561220642,-5.7090407652282416,-6.16288922681678,-0.45384846158853875,,TRUE
1209,TRUE,FALSE,0.04334068007506173,29.248630094031586,23.383168385841813,26.83150362202452,22.400899428469987,-5.865461708189773,-4.430604193554533,1.4348575146352402,,TRUE
1210,TRUE,FALSE,0.026997238245982817,23.101004726440735,18.20026866034108,28.47501941065505,23.048130815480125,-4.900736066099654,-5.426888595174926,-0.5261525290752722,,TRUE
1211,TRUE,FALSE,-0.15097994954186097,31.098724500857983,27.847069146567467,33.64972184067611,25.908879777092906,-3.2516553542905164,-7.740842063583202,-4.489186709292685,,TRUE
1212,TRUE,FALSE,-0.02204243291968657,31.863520712798806,28.00029480239384,27.45331541787719,23.598844351022795,-3.8632259104049673,-3.8544710668543942,0.0087548435505731,,TRUE
1213,TRUE,FALSE,0.08124494211128111,26.960088280623292,21.05910949605251,26.918603090586547,22.806331973399534,-5.900978784570782,-4.112271117187014,1.7887076673837683,,TRUE
1214,TRUE,FALSE,-0.08799886924050135,29.677042751547006,24.27703333067137,29.111062637598305,21.807989412836257,-5.400009420875637,-7.3030732247620485,-1.9030638038864112,,TRUE
1215,TRUE,FALSE,0.08356640053616667,35.81505969057219,26.15815004222925,27.585154541695236,21.9032820299142,-9.656909648342943,-5.681872511781034,3.975037136561909,,TRUE
1216,TRUE,FALSE,-0.09475099979068967,30.240229612730705,26.5952889835296,28.0711840505866,22.455903049209095,-3.6449406292011055,-5.615281001377504,-1.9703403721763983,,TRUE
1217,TRUE,FALSE,-0.10730554736978608,25.866917727475467,22.20985730953916,28.73629941895278,22.16305987149123,-3.6570604179363073,-6.573239547461547,-2.91617912952524,,TRUE
1218,TRUE,FALSE,-3.6890734725358594e-4,33.41159379348467,25.56264907215308,31.724624154903147,24.263024484788094,-7.848944721331591,-7.461599670115053,0.3873450512165384,,TRUE
1219,TRUE,FALSE,-0.006922920434161891,29.139442900867248,22.234041217585276,29.313191258577252,22.212307517324984,-6.905401683281973,-7.100883741252268,-0.1954820579702954,,TRUE
1220,TRUE,FALSE,-0.13618875590693122,26.72644791909856,24.14738387245477,29.956254874981802,23.619480178175586,-2.57906404664379,-6.336774696806216,-3.7577106501624264,,TRUE
1221,TRUE,FALSE,-0.13893640529933524,28.332626937052616,25.575031997131273,29.042501428395777,22.8151877905451,-2.7575949399213435,-6.227313637850678,-3.469718697929334,,TRUE
1222,TRUE,FALSE,-0.035544286324595865,30.9211294670456,26.723996161192453,27.449886444362914,22.89548861593156,-4.197133305853146,-4.554397828431355,-0.35726452257820895,,TRUE
1223,TRUE,FALSE,-0.03522421219142636,31.682166551317692,25.903914533501865,31.280701184560133,24.690468142034458,-5.778252017815827,-6.590233042525675,-0.8119810247098478,,TRUE
1224,TRUE,FALSE,-0.07804000640659703,29.08684385312521,24.06896043750878,30.535901864529553,23.371099298361813,-5.017883415616431,-7.16480256616774,-2.1469191505513088,,TRUE
1225,TRUE,FALSE,-0.07321402526809345,27.292323135369664,25.057414352153952,28.16858474445193,24.036118164115035,-2.2349087832157117,-4.132466580336896,-1.897557797121184,,TRUE
1226,TRUE,FALSE,-0.029797561794405878,28.60427108849989,23.56358951831804,31.778661110583517,25.410033779208018,-5.0406815701818495,-6.3686273313754995,-1.32794576119365,,TRUE
1227,TRUE,FALSE,-0.02656975642610014,24.440405754324257,21.32788404067799,28.48865914689018,24.208744653972364,-3.1125217136462666,-4.279914492917815,-1.1673927792715482,,TRUE
1228,TRUE,FALSE,0.005282232795546737,30.279917956877295,23.81028551562082,28.6880159441855,22.677985183270838,-6.469632441256476,-6.010030760914663,0.45960168034181237,,TRUE
1229,TRUE,FALSE,-0.14047141341576133,27.95487079046932,25.45909430184064,24.714318969269367,19.55816691689512,-2.4957764886286817,-5.156152052374246,-2.660375563745564,,TRUE
1230,TRUE,FALSE,0.045321637615176776,28.10202560092622,20.657921487846902,31.07465264359689,23.902218783834677,-7.444104113079316,-7.172433859762215,0.27167025331710093,,TRUE
1231,TRUE,FALSE,-0.0739818060847573,28.502715930244143,25.156183983853175,28.16239263006485,23.08331492649254,-3.346531946390968,-5.07907770357231,-1.7325457571813416,,TRUE
1232,TRUE,FALSE,0.044351180344632916,28.786971438182388,21.613507870211272,29.122248179186993,22.856811839992876,-7.173463567971115,-6.2654363391941175,0.9080272287769979,,TRUE
1233,TRUE,FALSE,0.06464594257288794,38.283129794240914,29.056137334134167,29.223788347736892,23.66150331459582,-9.226992460106747,-5.562285033141073,3.6647074269656734,,TRUE
1234,TRUE,FALSE,-0.17349823320676389,25.223693789101233,23.504039991168774,28.96720480192659,22.69295732508733,-1.7196537979324589,-6.27424747683926,-4.554593678906802,,TRUE
1235,TRUE,FALSE,-0.1564904155408595,21.136484412929082,18.671460662256358,29.43983877965606,22.23914281133824,-2.4650237506727244,-7.20069596831782,-4.735672217645096,,TRUE
1236,TRUE,FALSE,0.01306646972189404,29.29126294328674,25.187224851467317,28.405575807682297,24.746883552562092,-4.104038091819422,-3.6586922551202044,0.445345836699218,,TRUE
1237,TRUE,FALSE,0.009928282599032836,24.974495929316838,20.571409341826165,28.31112446883745,23.552457682473538,-4.403086587490673,-4.758666786363911,-0.35558019887323766,,TRUE
1238,TRUE,FALSE,-0.05812407355945414,24.87948422084187,21.202348072474297,28.292797058602158,22.749691264055485,-3.6771361483675733,-5.543105794546673,-1.8659696461790993,,TRUE
1239,TRUE,FALSE,-0.02610892600433585,27.13694889869619,22.35882436547361,27.157639142923177,21.799222214760547,-4.778124533222581,-5.3584169281626295,-0.5802923949400487,,TRUE
1240,TRUE,FALSE,-0.1430783865005436,24.379361801571,22.617541290440048,30.18919967274779,24.273729356962857,-1.7618205111309528,-5.915470315784933,-4.1536498046539805,,TRUE
1241,TRUE,FALSE,-0.19185101551232764,34.57415379886247,33.254831198726094,27.79668032517517,22.068676234564084,-1.319322600136374,-5.728004090611087,-4.408681490474713,,TRUE
1242,TRUE,FALSE,-0.0812358128213766,25.275086405557687,21.01032747324203,31.72848119197253,24.31695497798254,-4.264758932315658,-7.4115262139899905,-3.1467672816743324,,TRUE
1243,TRUE,FALSE,0.01977732704434031,28.764289397309916,22.412199079062795,27.60951779494689,21.942132215173714,-6.352090318247122,-5.667385579773175,0.6847047384739469,,TRUE
1244,TRUE,FALSE,-0.13604369050693635,24.58240251464078,23.0944153259524,30.014644077970413,24.61120171297043,-1.487987188688379,-5.403442364999982,-3.9154551763116032,,TRUE
1245,TRUE,FALSE,-0.04952419683161622,26.777259429233226,23.945364599836214,29.26963512111448,24.909473663050825,-2.8318948293970116,-4.360161458063654,-1.5282666286666426,,TRUE
1246,TRUE,FALSE,-0.020541071829806332,33.04526848520119,25.583659694501126,31.387536975592496,23.806181919576392,-7.461608790700065,-7.581355056016104,-0.1197462653160386,,TRUE
1247,TRUE,FALSE,-0.12076326203727769,28.12796372943501,25.378288015653737,31.149765501603543,24.907606258419513,-2.749675713781272,-6.24215924318403,-3.492483529402758,,TRUE
1248,TRUE,FALSE,-0.010161851244542271,26.95345279251531,21.93443547755548,29.142615796323106,23.476175597458163,-5.019017314959832,-5.666440198864944,-0.6474228839051115,,TRUE
1249,TRUE,FALSE,-0.008541870405977085,27.351819869186915,22.80561664658846,29.108785899316747,24.06412066884416,-4.546203222598454,-5.044665230472585,-0.49846200787413153,,TRUE
1250,TRUE,FALSE,-0.01284533017136831,28.336393350032438,22.806196555065185,29.5423214653837,23.473305661914342,-5.530196794967253,-6.069015803469359,-0.5388190085021058,,TRUE
1251,TRUE,FALSE,-0.19938370285229928,25.037081601834124,23.24884723030486,30.976695526325596,23.56468094739205,-1.7882343715292635,-7.412014578933547,-5.623780207404284,,TRUE
1252,TRUE,FALSE,-0.021429936943368224,26.18954642331071,21.03651161174471,28.16791602828746,22.145911572448934,-5.153034811565998,-6.022004455838527,-0.8689696442725285,,TRUE
1253,TRUE,FALSE,-0.12248421349786522,24.278124261546733,22.235926080107532,28.979787489288483,23.482323681836615,-2.0421981814392005,-5.497463807451869,-3.455265626012668,,TRUE
1254,TRUE,FALSE,-0.12189497934545342,22.22463772357047,20.765924584160434,28.631194237924966,23.681964645484378,-1.4587131394100368,-4.949229592440588,-3.4905164530305512,,TRUE
1255,TRUE,FALSE,-0.04664283960653962,24.465141297753064,21.14258794488982,28.620379173343252,23.606362544504105,-3.3225533528632454,-5.014016628839148,-1.6914632759759023,,TRUE
1256,TRUE,FALSE,-0.16652388732268855,28.213239449657944,27.404242957619626,29.807231615189846,24.511285655067866,-0.8089964920383181,-5.29594596012198,-4.486949468083662,,TRUE
1257,TRUE,FALSE,-0.08154036491323689,27.66861224112044,23.947874664940496,30.348259810314367,24.21033854056031,-3.7207375761799426,-6.137921269754056,-2.4171836935741133,,TRUE
1258,TRUE,FALSE,-0.13530090144692786,25.59261354220172,22.584073526300916,28.99964377885063,22.352179101583957,-3.0085400159008024,-6.647464677266672,-3.63892466136587,,TRUE
1259,TRUE,FALSE,-0.0776505228053175,28.62050468966276,23.429969623215392,31.48844625588973,23.85187231702537,-5.190535066447367,-7.636573938864359,-2.4460388724169917,,TRUE
1260,TRUE,FALSE,-0.16072081547427375,24.244560186984998,22.33732932564004,30.043208862691476,23.57019040265433,-1.9072308613449565,-6.473018460037146,-4.565787598692189,,TRUE
1261,TRUE,FALSE,-0.10518409340126585,26.02947583683075,23.27158777626116,27.606589865547242,22.21736165791038,-2.757888060569588,-5.389228207636862,-2.6313401470672737,,TRUE
1262,TRUE,FALSE,-0.1627706205627413,27.420018852743688,26.271064720636367,26.776438465462846,21.80079614676988,-1.1489541321073204,-4.975642318692966,-3.8266881865856455,,TRUE
1263,TRUE,FALSE,-0.023181592136499122,32.70060051523192,25.089410368299195,27.286354886565356,20.455618364768714,-7.611190146932724,-6.830736521796641,0.780453625136083,,TRUE
1264,TRUE,FALSE,-0.15594723051880105,28.50620481362797,26.006647847415316,28.094844941194726,21.930301056057488,-2.499556966212655,-6.164543885137238,-3.6649869189245834,,TRUE
1265,TRUE,FALSE,-0.1257323551712216,25.824742569110576,23.507985276629903,26.85836138289538,21.560262989112758,-2.3167572924806734,-5.298098393782624,-2.9813411013019504,,TRUE
1266,TRUE,FALSE,0.016765760515918285,29.358419824542636,23.71750306400564,29.119880757269218,23.92253277756047,-5.640916760536996,-5.1973479797087485,0.44356878082824736,,TRUE
1267,TRUE,FALSE,-0.03930707715622577,30.067868042673595,24.835125276764504,33.14757130288492,26.323557775453434,-5.232742765909091,-6.824013527431486,-1.591270761522395,,TRUE
1268,TRUE,FALSE,0.02246621453363233,27.959788430809,22.98930467133571,26.163476946616424,22.001098547660398,-4.970483759473289,-4.162378398956026,0.8081053605172634,,TRUE
1269,TRUE,FALSE,-0.056512196066701055,24.211202335545323,20.53548628595058,29.794250746613063,23.882410994505417,-3.675716049594744,-5.911839752107646,-2.236123702512902,,TRUE
1270,TRUE,FALSE,-0.0019046979756120856,27.30893612743669,22.689609156425057,26.805411582473894,22.22887652133309,-4.619326971011635,-4.576535061140806,0.042791909870828704,,TRUE
1271,TRUE,FALSE,-0.05828598721043893,25.15935011481809,23.002984565787585,28.118257213689024,24.252688346640404,-2.156365549030504,-3.8655688670486192,-1.7092033180181154,,TRUE
1272,TRUE,FALSE,-0.08127521268591634,29.20946578955703,24.587053232859,29.340354519124176,22.769361275099275,-4.6224125566980305,-6.570993244024901,-1.9485806873268707,,TRUE
1273,TRUE,FALSE,-0.1564109678659596,27.01027934208898,25.943998532155558,29.808079394501505,24.485749910373944,-1.0662808099334242,-5.322329484127561,-4.256048674194137,,TRUE
1274,TRUE,FALSE,0.08358428958432625,25.52462590862399,20.004796525966945,27.521625074642134,23.450333454991657,-5.5198293826570435,-4.071291619650477,1.4485377630065663,,TRUE
1275,TRUE,FALSE,-0.10656696827473655,24.06554952465974,22.32426173519903,27.508576757886097,22.938657542532415,-1.74128778946071,-4.569919215353682,-2.828631425892972,,TRUE
1276,TRUE,FALSE,0.03533936658180407,29.99829752332438,22.605268695157545,30.915328953357836,24.134295687761615,-7.393028828166834,-6.781033265596221,0.6119955625706126,,TRUE
1277,TRUE,FALSE,-0.050463318677466444,26.569627012509734,22.497975630015553,29.0540038992635,23.39095933229292,-4.071651382494181,-5.66304456697058,-1.5913931844763987,,TRUE
1278,TRUE,FALSE,-0.07813324535787117,23.043880162041713,18.988933927972116,31.405582423223482,23.934204085389577,-4.054946234069597,-7.4713783378339045,-3.4164321037643077,,TRUE
1279,TRUE,FALSE,0.013626426318478175,29.68993392421028,23.412023882480398,27.632221154568303,22.08835661152831,-6.277910041729882,-5.543864543039991,0.7340454986898912,,TRUE
1280,TRUE,FALSE,-0.24298772353940803,26.40108580151247,27.241386354304538,29.052383738813635,23.510451070766887,0.84030055279206906,-5.541932668046748,-6.382233220838817,,TRUE
1281,TRUE,FALSE,-0.11790997830438106,26.702944520518194,22.455455806689198,31.57356342323314,23.598188618335204,-4.2474887138289965,-7.975374804897935,-3.727886091068939,,TRUE
1282,TRUE,FALSE,-0.07276603048267077,28.05597754849589,24.585309494029328,30.384331668120527,24.757003441706008,-3.470668054466561,-5.6273282264145195,-2.1566601719479586,,TRUE
1283,TRUE,FALSE,-0.11777597859080287,19.234225741396518,16.886986711291087,28.931659617153485,22.57882524074072,-2.347239030105431,-6.3528343764127655,-4.005595346307334,,TRUE
1284,TRUE,FALSE,-0.05503317202541989,29.727392967283777,24.83297732297779,29.660279016267914,23.450202483885494,-4.894415644305987,-6.21007653238242,-1.315660888076433,,TRUE
1285,TRUE,FALSE,-0.058116527772835,30.165754353926616,25.128661359405864,30.4820923303865,23.95853455041661,-5.037092994520751,-6.523557779969892,-1.4864647854491402,,TRUE
1286,TRUE,FALSE,-0.25654096878048027,24.242353654528497,24.187388039841572,31.245657520643636,24.120679084927495,-0.054965614686924624,-7.124978435716141,-7.070012821029216,,TRUE
1287,TRUE,FALSE,-0.12627321348784945,29.009983987554197,25.211511409793932,29.929894418094428,22.92539451102865,-3.798472577760265,-7.004499907065778,-3.2060273293055133,,TRUE
1288,TRUE,FALSE,-0.1649734686713683,30.219888720903416,27.962325558822215,29.883524562466466,23.445806596931995,-2.257563162081201,-6.437717965534471,-4.18015480345327,,TRUE
1289,TRUE,FALSE,-0.08664813986697842,32.12665221624067,27.658362053571576,29.565523849798115,23.340800938731203,-4.468290162669096,-6.2247229110669124,-1.7564327483978168,,TRUE
1290,TRUE,FALSE,0.1559877126583278,27.410715369198904,19.670933740988392,27.25446491408407,22.860560186751236,-7.739781628210512,-4.393904727332835,3.345876900877677,,TRUE
1291,TRUE,FALSE,-0.10402032519416214,25.75146399298633,22.43904227695971,28.59131774758355,22.452314219684375,-3.31242171602662,-6.139003527899174,-2.826581811872554,,TRUE
1292,TRUE,FALSE,0.03427190309144011,25.491621086709696,20.80536825280964,26.189213128135307,22.119968344369298,-4.686252833900056,-4.06924478376601,0.6170080501340465,,TRUE
1293,TRUE,FALSE,-0.036313675148013334,34.96698928267848,27.59037503058023,27.864617849514214,21.20223412695327,-7.376614252098253,-6.662383722560943,0.7142305295373106,,TRUE
1294,TRUE,FALSE,-0.026571773484342757,23.543101895655273,18.534750333338163,30.01208681447004,23.00802165965238,-5.0083515623171095,-7.004065154817663,-1.9957135925005538,,TRUE
1295,TRUE,FALSE,-0.05217176231387464,26.06010540114319,21.380886317681618,29.241755694651758,22.77168000789826,-4.679219083461572,-6.470075686753496,-1.7908566032919246,,TRUE
1296,TRUE,FALSE,-0.18231321796969008,28.693391932966257,26.89057964506143,28.08466559202205,21.93359933086554,-1.8028122879048283,-6.151066261156508,-4.34825397325168,,TRUE
1297,TRUE,FALSE,-0.020719316531787612,29.330154568019243,24.55143272886647,30.36753654718938,24.898533440982433,-4.778721839152773,-5.469003106206948,-0.6902812670541749,,TRUE
1298,TRUE,FALSE,0.06991970188344224,27.193654139665227,20.816234329042416,27.675790148900806,22.71958363004964,-6.377419810622811,-4.956206518851165,1.4212132917716467,,TRUE
1299,TRUE,FALSE,7.012625567407384e-4,32.41199788287117,26.46551215297835,30.98934920090343,25.32162140536985,-5.946485729892821,-5.66772779553358,0.27875793435924123,,TRUE
1300,TRUE,FALSE,-0.056460494012318084,30.11420309914969,24.827897897338186,27.814568934837748,21.673069733670342,-5.286305201811505,-6.141499201167406,-0.855193999355901,,TRUE
1301,TRUE,FALSE,-0.17967161353878747,23.468133387137446,23.28448585623921,28.471513885521603,23.60305804902305,-0.18364753089823438,-4.868455836498551,-4.684808305600317,,TRUE
1302,TRUE,FALSE,-0.0671773143544571,25.753681998471432,22.168995116616916,30.062356179475096,24.196634147171398,-3.584686881854516,-5.865722032303697,-2.2810351504491813,,TRUE
1303,TRUE,FALSE,-0.0029955268256980595,30.133278972570317,23.348240034848338,31.34575802272822,24.215062433046057,-6.785038937721978,-7.130695589682162,-0.3456566519601836,,TRUE
1304,TRUE,FALSE,-0.018828447135656363,29.288405329822464,22.09627469962544,30.188247276346473,22.35034041369227,-7.192130630197024,-7.837906862654204,-0.6457762324571803,,TRUE
1305,TRUE,FALSE,-0.04970545930914724,29.88731558719053,25.469400384464635,28.3420520710024,22.981390172542657,-4.417915202725894,-5.3606618984597425,-0.9427466957338488,,TRUE
1306,TRUE,FALSE,-0.04351394310611898,33.548081613681894,27.6350052124007,29.0616535778986,22.919984318319827,-5.913076401281195,-6.141669259578773,-0.2285928582975778,,TRUE
1307,TRUE,FALSE,-0.1465823572653521,27.441972771950475,24.76726967689025,28.232882790999746,22.006862001841032,-2.6747030950602237,-6.226020789158714,-3.55131769409849,,TRUE
1308,TRUE,FALSE,-0.1513593953092377,25.551694390028,22.077264989566988,32.36931668173245,24.03945111411103,-3.4744294004610126,-8.329865567621418,-4.855436167160406,,TRUE
1309,TRUE,FALSE,-0.14122001655870658,24.57786671597094,21.741841367441257,33.709145853718184,25.89219160894747,-2.8360253485296845,-7.816954244770713,-4.9809288962410285,,TRUE
1310,TRUE,FALSE,-0.054102903451845964,31.22086136498421,27.344291569736313,28.706305005993563,23.81784682522632,-3.876569795247896,-4.888458180767245,-1.0118883855193488,,TRUE
1311,TRUE,FALSE,-0.11861624402203798,30.693439604042762,28.213861610513312,25.97290326970351,21.204258500789887,-2.4795779935294497,-4.768644768913624,-2.2890667753841747,,TRUE
1312,TRUE,FALSE,0.0755981915584635,33.21085410231996,25.20885152407933,27.78403774523394,22.745749574171857,-8.002002578240635,-5.038288171062085,2.96371440717855,,TRUE
1313,TRUE,FALSE,-0.0288943797463676,26.487436776398592,22.74194563379745,27.236492018550443,22.719050933455545,-3.745491142601143,-4.517441085094898,-0.7719499424937553,,TRUE
1314,TRUE,FALSE,-0.1758992125696907,27.270459989953228,25.243942286632436,28.379931087764465,22.033525587574132,-2.026517703320792,-6.346405500190333,-4.319887796869541,,TRUE
1315,TRUE,FALSE,-0.1752714257487789,27.95951139608069,26.645256698447994,29.977670358274953,23.975562081801932,-1.3142546976326948,-6.00210827647302,-4.6878535788403255,,TRUE
1316,TRUE,FALSE,-0.11161668434478846,29.159492507012704,27.33123572899502,29.858646593721023,25.030810660076668,-1.8282567780176855,-4.827835933644355,-2.9995791556266695,,TRUE
1317,TRUE,FALSE,-0.20453051665337937,24.085147319731902,24.17838439058952,28.820253829006646,23.580298441064073,0.09323707085761868,-5.239955387942572,-5.333192458800191,,TRUE
1318,TRUE,FALSE,0.0184279529818276,37.33890570473277,29.11146339105036,28.217694460928993,22.409240439991308,-8.227442313682406,-5.808454020937685,2.4189882927447215,,TRUE
1319,TRUE,FALSE,-0.12891378942249318,29.81147900186895,26.297401081167333,28.454345685529248,22.064361454444835,-3.5140779207016166,-6.389984231084412,-2.8759063103827955,,TRUE
1320,TRUE,FALSE,0.0038919632398637712,26.186146886094942,21.885144353999387,29.170714708672772,24.474574148960077,-4.301002532095556,-4.6961405597126955,-0.3951380276171399,,TRUE
1321,TRUE,FALSE,0.06409933618426633,33.91879288794334,26.426365187778135,26.75802497538551,22.227421592604934,-7.492427700165205,-4.530603382780576,2.961824317384629,,TRUE
1322,TRUE,FALSE,-0.048508899717052634,25.222168855321225,20.99757168442338,29.42377055276172,23.33553819153589,-4.2245971708978445,-6.088232361225831,-1.8636351903279866,,TRUE
1323,TRUE,FALSE,-0.25474860984631864,29.85522302377584,28.385121894183914,33.40773974350543,24.619635678638915,-1.4701011295919244,-8.788104064866516,-7.318002935274592,,TRUE
1324,TRUE,FALSE,-0.02942607737285022,31.938336219522615,26.14529762841599,28.879166664832,22.95547985987598,-5.793038591106626,-5.92368680495602,-0.13064821384939407,,TRUE
1325,TRUE,FALSE,-0.07718744109981003,26.219995200526405,22.260997946167315,29.978180791693937,23.56108121999386,-3.9589972543590903,-6.417099571700078,-2.4581023173409875,,TRUE
1326,TRUE,FALSE,-0.08711907264233726,29.356301558730326,24.00549731322145,31.27322484972582,23.43941142248934,-5.350804245508876,-7.833813427236482,-2.4830091817276063,,TRUE
1327,TRUE,FALSE,0.04616503106796953,29.613005242103938,24.043034844437393,28.321800335761264,24.08113083863053,-5.569970397666545,-4.240669497130735,1.3293009005358094,,TRUE
1328,TRUE,FALSE,-0.11958326798163,28.616882526797312,25.13779142673685,28.703311091617955,22.371878000128067,-3.4790911000604616,-6.331433091489888,-2.8523419914294266,,TRUE
1329,TRUE,FALSE,-0.1482515074087641,25.934965128129456,24.210195371474047,32.26248340292797,25.967229021370954,-1.7247697566554088,-6.295254381557015,-4.5704846249016065,,TRUE
1330,TRUE,FALSE,-0.05261187734798974,30.640541127012348,26.673863910784377,28.153418298518627,23.252603451059468,-3.9666772162279713,-4.900814847459159,-0.934137631231188,,TRUE
1331,TRUE,FALSE,0.048848088496465034,25.660800957190343,19.197582370074432,29.572594539087753,23.231658540727683,-6.463218587115911,-6.34093599836007,0.12228258875584075,,TRUE
1332,TRUE,FALSE,0.0016973300476874024,29.688743761512775,23.780167806205412,27.703826735114117,22.22797998081223,-5.908575955307363,-5.475846754301887,0.4327292010054755,,TRUE
1333,TRUE,FALSE,-0.0975288533672394,29.21364278634784,24.92549585260984,29.191479586948248,22.59217051629101,-4.288146933738002,-6.599309070657238,-2.3111621369192363,,TRUE
1334,TRUE,FALSE,-0.1572523808066021,26.861591545744542,25.663516854523014,28.377623891422328,23.166830264326848,-1.198074691221528,-5.21079362709548,-4.012718935873952,,TRUE
1335,TRUE,FALSE,0.054739899860722994,28.372545327491157,22.016294933656418,28.25610909622181,23.159625431244535,-6.356250393834738,-5.096483664977274,1.259766728857464,,TRUE
1336,TRUE,FALSE,0.04483276664201552,30.31463085683676,23.277122685000833,29.716583956403728,23.86418013702776,-7.037508171835928,-5.852403819375969,1.185104352459959,,TRUE
1337,TRUE,FALSE,0.03581347496805186,29.598113906343155,24.218549962590473,31.09307928560025,26.369471682487468,-5.379563943752682,-4.723607603112782,0.6559563406399,,TRUE
1338,TRUE,FALSE,-0.1511546917810321,23.145047671561475,20.648668781403394,30.666018014735545,23.52045485808066,-2.4963788901580806,-7.145563156654884,-4.649184266496803,,TRUE
1339,TRUE,FALSE,-0.20607312498722047,25.981598671854748,25.980070875468407,28.127216152088288,22.887839062634363,-0.0015277963863411514,-5.239377089453924,-5.237849293067583,,TRUE
1340,TRUE,FALSE,0.013557301187950298,34.2689429024473,26.568565781487514,31.886154647283973,25.058635116338777,-7.700377120959786,-6.827519530945196,0.8728575900145898,,TRUE
1341,TRUE,FALSE,-0.1543573016167901,28.345118793768624,26.491758288402604,28.75240108426582,23.02873573727512,-1.8533605053660196,-5.7236653469907,-3.87030484162468,,TRUE
1342,TRUE,FALSE,-0.09424507825580271,32.254533328900415,28.32434036536083,27.034671613818894,21.605286166277704,-3.930192963539586,-5.42938544754119,-1.499192484001604,,TRUE
1343,TRUE,FALSE,-0.020985665562577492,23.343064421695296,19.408706813355714,27.79081351600944,22.62695078866396,-3.9343576083395817,-5.163862727345478,-1.2295051190058963,,TRUE
1344,TRUE,FALSE,-0.10428449553833204,27.312619400821443,22.020682916767264,32.134368487783945,23.342481271272106,-5.29193648405418,-8.791887216511839,-3.499950732457659,,TRUE
1345,TRUE,FALSE,-6.5601458953532e-4,29.66194686385787,24.13465622178375,30.727459853008178,24.985222474469687,-5.527290642074121,-5.742237378538491,-0.2149467364643698,,TRUE
1346,TRUE,FALSE,-0.05694881570674715,27.511266252297332,23.909713840076186,29.50356101861902,24.221759047057034,-3.601552412221146,-5.281801971561986,-1.6802495593408402,,TRUE
1347,TRUE,FALSE,-0.17069981859010316,24.43209681940773,24.46014201742315,27.01822896948378,22.804529800650528,0.028045198015419714,-4.2136991688332515,-4.241744366848671,,TRUE
1348,TRUE,FALSE,-0.12166846694811702,29.773923537500878,26.96708457262766,29.67201903684085,23.796061549410016,-2.8068389648732186,-5.875957487430835,-3.0691185225576163,,TRUE
1349,TRUE,FALSE,-0.07447480676761643,28.341528307057878,24.192914665074515,27.771531276558616,22.004968789303124,-4.1486136419833635,-5.7665624872554915,-1.617948845272128,,TRUE
1350,TRUE,FALSE,-0.15328489919218452,22.524337011758295,21.851835863431955,27.71655739164996,23.067706324180516,-0.6725011483263401,-4.648851067469444,-3.9763499191431038,,TRUE
1351,TRUE,FALSE,-0.08170992482936053,28.118218958078696,23.571707075657773,29.13686718252395,22.509192320243557,-4.546511882420923,-6.627674862280394,-2.081162979859471,,TRUE
1352,TRUE,FALSE,-0.05829226104209489,25.147482457754847,20.458311478188833,29.441434537960138,22.595306277267618,-4.689170979566015,-6.84612826069252,-2.1569572811265054,,TRUE
1353,TRUE,FALSE,0.01067357362055266,31.290702149016518,25.909820109005025,28.938993212828937,24.219656598584436,-5.3808820400114925,-4.719336614244501,0.6615454257669917,,TRUE
1354,TRUE,FALSE,-0.09058674790668976,29.94453059749725,26.904600775469568,30.076099714035795,24.682505008720437,-3.0399298220276805,-5.393594705315358,-2.353664883287678,,TRUE
1355,TRUE,FALSE,-0.056334235564461745,25.561053639379402,21.43730575722584,29.540586424097032,23.417736523699656,-4.1237478821535625,-6.122849900397377,-1.9991020182438142,,TRUE
1356,TRUE,FALSE,0.002801007074876701,31.162317539712163,25.04654246517826,28.308070131802193,22.816275834832574,-6.115775074533904,-5.491794296969619,0.6239807775642845,,TRUE
1357,TRUE,FALSE,-0.0242940944616306,25.67311638298389,21.432238776849605,28.041110754730788,22.84722039464383,-4.240877606134283,-5.193890360086957,-0.9530127539526738,,TRUE
1358,TRUE,FALSE,-0.10733810276395891,30.927923939462605,26.68404688199102,30.145335370539847,23.361713869139653,-4.243877057471586,-6.783621501400194,-2.5397444439286083,,TRUE
1359,TRUE,FALSE,-0.0633654884276975,30.045604659292383,26.03373505386314,25.447339781131948,20.695629406608226,-4.0118696054292435,-4.7517103745237215,-0.7398407690944779,,TRUE
1360,TRUE,FALSE,-0.07711184390012925,35.21129701731085,30.58955968228903,29.45576795916096,23.690395143717492,-4.62173733502182,-5.765372815443467,-1.143635480421647,,TRUE
1361,TRUE,FALSE,-0.09770151922806378,27.79604502167097,23.948648354760824,33.266313441530976,25.993900084051557,-3.8473966669101465,-7.272413357479419,-3.4250166905692723,,TRUE
1362,TRUE,FALSE,0.030673249979758177,25.26985320961713,20.430777150165987,29.917061439520186,24.94148595322945,-4.839076059451141,-4.975575486290737,-0.13649942683959537,,TRUE
1363,TRUE,FALSE,-0.1316185034821631,31.55659091872117,27.8437775953605,29.951803150558334,23.168603605691825,-3.7128133233606704,-6.783199544866509,-3.0703862215058386,,TRUE
1364,TRUE,FALSE,-0.035834221007886975,28.345067636416967,22.62512385830891,27.907740338858495,21.491935910715753,-5.719943778108057,-6.415804428142742,-0.6958606500346853,,TRUE
1365,TRUE,FALSE,-0.14905204328979835,26.534836837623782,25.033875796343008,28.654142581061222,23.289845597424076,-1.5009610412807746,-5.364296983637146,-3.863335942356372,,TRUE
1366,TRUE,FALSE,-0.11686380719304477,28.54977124836717,24.49712234494374,29.51983284066449,22.535802381788244,-4.052648903423428,-6.984030458876244,-2.931381555452816,,TRUE
1367,TRUE,FALSE,-0.025292158293039792,30.16255606093231,25.25390378166172,26.96284418207206,22.01110454282136,-4.908652279270591,-4.9517396392507,-0.043087359980109596,,TRUE
1368,TRUE,FALSE,-0.18348141312135544,27.90528457536595,25.53773142339142,31.878865641622756,24.283638189930034,-2.36755315197453,-7.595227451692722,-5.227674299718192,,TRUE
1369,TRUE,FALSE,-0.11891732160621644,26.505261466007667,23.552184109262285,30.899627926184802,24.37851280274289,-2.953077356745382,-6.521115123441913,-3.5680377666965306,,TRUE
1370,TRUE,FALSE,0.014027887098059107,27.794363673257156,22.55920693478464,27.069805154369252,22.281501625301,-5.235156738472515,-4.788303529068251,0.44685320940426365,,TRUE
1371,TRUE,FALSE,-0.1027954211004271,27.18727652078912,24.134453023985753,29.494578470533007,23.62492648134919,-3.0528234968033665,-5.869651989183819,-2.816828492380452,,TRUE
1372,TRUE,FALSE,-0.06902943020616294,31.223644236239526,26.07161624260426,29.40653545646588,22.916544117558008,-5.152027993635265,-6.4899913389078705,-1.3379633452726054,,TRUE
1373,TRUE,FALSE,-0.12213563596944982,26.499390905962976,23.785465601706786,29.09805899350688,23.11516260000602,-2.7139253042561897,-5.982896393500859,-3.268971089244669,,TRUE
1374,TRUE,FALSE,-0.02835531804987796,35.044499458493,31.08884092462868,27.778280186139032,23.953857702736634,-3.9556585338643195,-3.8244224834023974,0.1312360504619221,,TRUE
1375,TRUE,FALSE,0.030694336906050772,22.153226120199278,17.10712781862369,27.676544612256638,22.03851710414439,-5.0460983015755865,-5.638027508112248,-0.5919292065366619,,TRUE
1376,TRUE,FALSE,-0.09867948312836988,24.774059897779797,20.955588609849595,29.516201522193043,22.620760027384094,-3.818471287930201,-6.895441494808949,-3.076970206878748,,TRUE
1377,TRUE,FALSE,0.05952502519659089,30.844280150177184,24.406026362278876,30.12018167748486,25.294809561767742,-6.438253787898308,-4.825372115717119,1.6128816721811887,,TRUE
1378,TRUE,FALSE,-0.1969592070649167,26.77302700972827,25.78198702848997,30.55911679541302,24.166925928238875,-0.991039981238302,-6.392190867174143,-5.4011508859358415,,TRUE
1379,TRUE,FALSE,-0.07355987048956873,27.956125472671857,23.639391814409418,30.699467520035157,24.11812351001811,-4.316733658262439,-6.581344010017048,-2.264610351754609,,TRUE
1380,TRUE,FALSE,0.015914350532824216,28.125942312570544,22.918098197420417,26.743975874548067,22.141598977434686,-5.207844115150127,-4.6023768971133805,0.6054672180367469,,TRUE
1381,TRUE,FALSE,-0.004079684219447683,24.962289711548213,19.467297166422355,27.514083796498664,21.36999942031985,-5.494992545125857,-6.144084376178814,-0.6490918310529565,,TRUE
1382,TRUE,FALSE,-0.08892970629486216,26.174636551486152,22.812732170753794,29.64294002162928,23.637211235458995,-3.3619043807323585,-6.005728786170284,-2.6438244054379254,,TRUE
1383,TRUE,FALSE,-0.05046031160130104,27.630533290008202,23.494942669036597,30.142331216294533,24.369539649572168,-4.135590620971605,-5.772791566722365,-1.6372009457507595,,TRUE
1384,TRUE,FALSE,0.06009309391418439,31.91199196383426,24.012314113235306,28.464055082177985,22.744425536803156,-7.899677850598955,-5.719629545374829,2.180048305224126,,TRUE
1385,TRUE,FALSE,-0.13539692883897067,26.47841709173712,24.7681939862707,29.075991000106907,23.753888205182015,-1.7102231054664223,-5.322102794924891,-3.611879689458469,,TRUE
1386,TRUE,FALSE,-0.15556194770718823,28.529472871090203,25.70712437008889,31.93715497304618,24.631807476064214,-2.8223485010013114,-7.305347496981966,-4.482998995980655,,TRUE
1387,TRUE,FALSE,-0.10389456203310173,25.419564105691055,21.850368968084965,31.950580230115598,24.754182609986128,-3.5691951376060906,-7.196397620129471,-3.62720248252338,,TRUE
1388,TRUE,FALSE,-0.24975719940134547,18.51240708887089,18.926074740294105,30.870758206567906,24.58537186647036,0.41366765142321427,-6.285386340097546,-6.69905399152076,,TRUE
1389,TRUE,FALSE,-0.11223088985129723,23.970751125363048,22.567064200398043,27.96222391601419,23.53010550548892,-1.4036869249650046,-4.43211841052527,-3.028431485560265,,TRUE
1390,TRUE,FALSE,-0.07919109272630642,26.980340692926802,23.114259068344552,26.53665503085567,21.003248530588397,-3.8660816245822502,-5.533406500267272,-1.667324875685022,,TRUE
1391,TRUE,FALSE,-0.10342357849271633,30.923635820396264,26.143028052363004,26.28537075708234,20.03840530497424,-4.78060776803326,-6.2469654521081,-1.4663576840748398,,TRUE
1392,TRUE,FALSE,-0.04578405743568742,28.247196968676406,23.757268406784714,27.514779108303937,22.10565629035505,-4.489928561891691,-5.409122817948887,-0.919194256057196,,TRUE
1393,TRUE,FALSE,-0.1031099830802626,29.178301275900782,25.756574454465675,29.56121983290421,23.538043054032702,-3.421726821435108,-6.023176778871509,-2.601449957436401,,TRUE
1394,TRUE,FALSE,-0.017486117893462712,26.512198540528985,22.544110566621768,29.762739331386,24.869447586495774,-3.968087973907217,-4.893291744890227,-0.9252037709830105,,TRUE
1395,TRUE,FALSE,-0.09253426202529137,26.689995438294883,22.4178347356451,30.685886074097816,23.496150353279308,-4.272160702649781,-7.189735720818508,-2.9175750181687263,,TRUE
1396,TRUE,FALSE,0.024756726476583637,28.632301153522654,23.85324989717483,27.91317149803496,23.837033034597006,-4.779051256347824,-4.076138463437953,0.7029127929098706,,TRUE
1397,TRUE,FALSE,-0.21941925942110094,24.871077876538248,23.42107664139036,31.430474966232353,23.76679489356138,-1.4500012351478873,-7.663680072670974,-6.213678837523087,,TRUE
1398,TRUE,FALSE,0.006344802892690277,25.305463217194685,20.15877001867305,29.063549355623476,23.299891710693352,-5.1466931985216355,-5.763657644930124,-0.6169644464084882,,TRUE
1399,TRUE,FALSE,-0.03606977540519899,25.14699002118705,21.278696341900922,27.969281928447625,22.828397165825738,-3.868293679286129,-5.140884762621887,-1.272591083335758,,TRUE
1400,TRUE,FALSE,0.014298854882786628,34.36603799557726,25.882919329957925,31.334438618354493,23.939530289044413,-8.483118665619333,-7.394908329310081,1.0882103363092526,,TRUE
1401,TRUE,FALSE,-0.011200844881575424,26.686322634841414,21.300048810295262,30.084007488170506,23.744503306755366,-5.3862738245461514,-6.3395041814151405,-0.953230356868989,,TRUE
1402,TRUE,FALSE,-0.12466194194878892,19.079065853810725,17.20390750054938,27.874389938589783,22.188879387608562,-1.8751583532613445,-5.6855105509812205,-3.810352197719876,,TRUE
1403,TRUE,FALSE,-0.16791441352041353,26.95969363052199,25.622011055707635,29.901426253830444,24.025136425860886,-1.3376825748143553,-5.876289827969558,-4.538607253155202,,TRUE
1404,TRUE,FALSE,-0.009224046024281807,25.79956063976409,21.99394527176034,28.918415147643856,24.426394434289033,-3.8056153680037497,-4.4920207133548224,-0.6864053453510728,,TRUE
1405,TRUE,FALSE,-0.02878345734478626,27.385777885676397,22.673376190168614,28.06260822722815,22.57452645419851,-4.712401695507783,-5.488081773029641,-0.7756800775218586,,TRUE
1406,TRUE,FALSE,-0.014898875249568256,27.174035534000463,21.6972616594314,29.558005731574223,23.25173781050454,-5.476773874569062,-6.306267921069683,-0.8294940465006206,,TRUE
1407,TRUE,FALSE,-0.09160562400298392,28.36948313340231,25.277424463935372,28.449024261233458,23.129431400928727,-3.0920586694669367,-5.319592860304731,-2.227534190837794,,TRUE
1408,TRUE,FALSE,0.04923315410109062,29.83526430210789,22.857455276512173,31.961287044430772,25.72195273651324,-6.977809025595718,-6.239334307917531,0.7384747176781872,,TRUE
1409,TRUE,FALSE,-0.16668175051381853,25.5474270797095,24.026425000931773,27.859045591837543,22.17784053147364,-1.5210020787777268,-5.681205060363901,-4.160202981586174,,TRUE
1410,TRUE,FALSE,-0.020668212075560938,25.84464446357325,21.148216167042367,28.894891414755218,23.160511956141715,-4.696428296530883,-5.734379458613503,-1.0379511620826207,,TRUE
1411,TRUE,FALSE,-0.05637264229114764,23.563801600581986,19.690603234382557,30.643501282244383,24.20302904331136,-3.8731983661994285,-6.4404722389330225,-2.567273872733594,,TRUE
1412,TRUE,FALSE,-0.03569738411201214,32.17942079588777,26.69406734618485,30.20414739653276,24.17686207707749,-5.485353449702924,-6.02728531945527,-0.5419318697523465,,TRUE
1413,TRUE,FALSE,0.0017671200725075966,27.98573629937193,22.66852087877553,30.057600295358046,24.389797871847787,-5.317215420596398,-5.66780242351026,-0.350587002913862,,TRUE
1414,TRUE,FALSE,-0.16114696916002533,24.473369327787015,22.747774250426428,28.14693822611192,22.268505224377183,-1.7255950773605875,-5.878433001734738,-4.1528379243741504,,TRUE
1415,TRUE,FALSE,0.12531367554594366,29.475459724990237,21.43712444495833,27.820190766730658,22.934489791382962,-8.038335280031909,-4.885700975347696,3.152634304684213,,TRUE
1416,TRUE,FALSE,-0.18497689730079,25.156740927303783,23.582173837552027,28.267749228403037,22.023495163433786,-1.5745670897517563,-6.244254064969251,-4.669686975217495,,TRUE
1417,TRUE,FALSE,-0.010414190487436506,25.570571632760288,21.470610770188177,28.23192759011907,23.459657540019318,-4.099960862572111,-4.772270050099753,-0.6723091875276417,,TRUE
1418,TRUE,FALSE,-0.10909395019626819,28.880850817466822,25.68942272382892,29.974910483627244,23.906905023656655,-3.191428093637903,-6.068005459970589,-2.876577366332686,,TRUE
1419,TRUE,FALSE,-0.09971897181950419,29.02173232120944,25.135654699472276,32.17328958278063,25.220572356764936,-3.886077621737165,-6.952717226015697,-3.0666396042785316,,TRUE
1420,TRUE,FALSE,-0.15256555640287234,27.16084378293328,25.580285112824058,32.097883054512025,25.952555842193565,-1.5805586701092231,-6.14532721231846,-4.564768542209237,,TRUE
1421,TRUE,FALSE,0.006629821369846784,34.06348657402402,28.498829706807225,26.233459261871634,22.093920414380946,-5.564656867216794,-4.139538847490687,1.4251180197261064,,TRUE
1422,TRUE,FALSE,-0.19983660870279313,29.94140770259832,29.797248254466464,27.66302072921342,22.54320238859356,-0.14415944813185533,-5.119818340619862,-4.975658892488006,,TRUE
1423,TRUE,FALSE,-0.1919479476317445,27.01657566891616,26.74887927977639,27.87044673781802,22.774942265741632,-0.2676963891397719,-5.095504472076389,-4.827808082936617,,TRUE
1424,TRUE,FALSE,-0.04861320218596096,31.385067273623235,25.682163860965776,30.27050943538475,23.594774615668932,-5.702903412657459,-6.675734819715817,-0.9728314070583579,,TRUE
1425,TRUE,FALSE,-0.1772624523349385,25.080591759607334,23.988563510612988,28.370024927627387,22.726998094862477,-1.092028248994346,-5.64302683276491,-4.550998583770564,,TRUE
1426,TRUE,FALSE,-0.07217720542339442,29.265480475851664,25.02419617761463,28.95257659025681,23.032736250674702,-4.241284298237034,-5.919840339582109,-1.6785560413450753,,TRUE
1427,TRUE,FALSE,-0.1895722618431463,29.024437805892646,26.879030918054106,31.558175886476242,24.178619210605838,-2.14540688783854,-7.379556675870404,-5.234149788031864,,TRUE
1428,TRUE,FALSE,-0.05387304611847072,28.606692098882597,24.053463630284373,26.411152250280924,21.042656358990566,-4.553228468598224,-5.368495891290358,-0.8152674226921341,,TRUE
1429,TRUE,FALSE,-0.011347212973246572,33.30843662607275,26.543944046782375,28.82520273269152,22.712008532491183,-6.764492579290373,-6.113194200200336,0.6512983790900364,,TRUE
1430,TRUE,FALSE,-0.13003612459996736,26.75095528520904,24.475336959806327,25.952556210879823,20.849495617137418,-2.2756183254027142,-5.103060593742406,-2.8274422683396914,,TRUE
1431,TRUE,FALSE,-0.13804633577747696,24.152511603996302,19.785783058547953,31.6894002729156,22.61268858479277,-4.36672854544835,-9.076711688122828,-4.709983142674478,,TRUE
1432,TRUE,FALSE,-0.05256268059768739,23.91798394053404,20.04210667098918,30.26408227154692,24.061274408505238,-3.8758772695448584,-6.202807863041681,-2.3269305934968223,,TRUE
1433,TRUE,FALSE,0.05155425906885245,34.32632668651823,27.18373074320071,28.404252185182244,23.68398724505565,-7.14259594331752,-4.720264940126594,2.4223310031909264,,TRUE
1434,TRUE,FALSE,-0.023379197077882715,31.137379806263706,26.084044329821538,31.07980666924741,25.434178672633173,-5.053335476442168,-5.6456279966142375,-0.5922925201720695,,TRUE
1435,TRUE,FALSE,-0.10432419184533635,25.247420278639833,22.917251476188707,27.429959765848807,22.43175591092483,-2.3301688024511265,-4.998203854923975,-2.668035052472849,,TRUE
1436,TRUE,FALSE,0.02433052355309537,28.66612577402663,22.4726538521859,30.67339225522781,24.63847257724563,-6.193471921840729,-6.034919677982181,0.15855224385854783,,TRUE
1437,TRUE,FALSE,-0.014331445472486132,35.31856790805536,28.02526165817753,26.792376579650057,20.95722430317801,-7.293306249877826,-5.835152276472048,1.4581539734057785,,TRUE
1438,TRUE,FALSE,0.08074320973629986,27.41964908912592,20.842458821461467,28.796651490295698,23.72987117363442,-6.577190267664452,-5.066780316661276,1.5104099510031759,,TRUE
1439,TRUE,FALSE,-0.06274880274561741,34.36359444846908,27.654629869448303,31.26610191298485,23.63151395609398,-6.708964579020776,-7.634587956890872,-0.925623377870096,,TRUE
1440,TRUE,FALSE,-0.04547243203794214,27.63117945204111,22.929619244318253,33.87155861150992,26.858649682554233,-4.701560207722856,-7.012908928955685,-2.3113487212328288,,TRUE
1441,TRUE,FALSE,0.027283438971701997,29.67032614991099,24.089385423450317,29.262593387935688,24.415479599435773,-5.580940726460675,-4.8471137884999145,0.7338269379607603,,TRUE
1442,TRUE,FALSE,-0.05953134575221699,30.146287691783304,24.47725365110223,29.35292122741345,22.455671325763287,-5.669034040681073,-6.897249901650163,-1.2282158609690903,,TRUE
1443,TRUE,FALSE,-0.09852090669290996,24.15755595592254,21.184539500426077,27.3652765859986,21.74597025510556,-2.973016455496463,-5.619306330893039,-2.646289875396576,,TRUE
1444,TRUE,FALSE,-0.15242378273225182,29.306373543600994,27.192512464470333,27.485502676720333,21.897479665976114,-2.113861079130661,-5.5880230107442195,-3.4741619316135584,,TRUE
1445,TRUE,FALSE,-0.17795275601226962,25.086427344646737,24.04304205916465,30.058756212442287,24.112248242092768,-1.0433852854820849,-5.9465079703495185,-4.903122684867434,,TRUE
1446,TRUE,FALSE,-0.008098692206581498,27.315316003734814,22.133544924859816,30.13871898466021,24.22436039862497,-5.181771078874998,-5.914358586035238,-0.7325875071602397,,TRUE
1447,TRUE,FALSE,-0.05353790412100907,28.03927266229258,25.296228826220805,26.810576569555803,22.92682809747409,-2.7430438360717737,-3.883748472081713,-1.1407046360099393,,TRUE
1448,TRUE,FALSE,0.014295148222321313,29.402859558676635,22.497221511589824,29.618368962357824,22.9884006654708,-6.905638047086811,-6.629968296887025,0.27566975019978557,,TRUE
1449,TRUE,FALSE,-0.06997556441102029,30.65809722208838,26.58086804969954,29.839025436207905,24.122293407780916,-4.07722917238884,-5.716732028426989,-1.639502856038149,,TRUE
1450,TRUE,FALSE,-0.1008472835163586,27.79661697543951,23.277498538565975,27.148019728047334,20.553467597536187,-4.5191184368735335,-6.594552130511147,-2.0754336936376134,,TRUE
1451,TRUE,FALSE,-0.05098927873705348,30.58415909904497,25.086691798581466,30.263686610742393,23.589803256022773,-5.497467300463505,-6.673883354719621,-1.1764160542561157,,TRUE
1452,TRUE,FALSE,-0.09433899884415849,25.68607863663375,21.899315386027162,31.202663096350555,24.207697607939387,-3.7867632506065867,-6.994965488411168,-3.2082022378045814,,TRUE
1453,TRUE,FALSE,-0.023391348878384663,27.5239340998252,22.097893193648503,33.082635164669945,25.946675633108708,-5.4260409061766985,-7.135959531561237,-1.7099186253845389,,TRUE
1454,TRUE,FALSE,-0.05690459452625717,27.39132072374924,23.08219587380157,28.363071849622987,22.578966683367998,-4.309124849947668,-5.784105166254989,-1.4749803163073203,,TRUE
1455,TRUE,FALSE,-0.08833144546734294,34.00103506769066,27.471036730421265,29.990632876058626,22.182305522012918,-6.529998337269394,-7.8083273540457085,-1.2783290167763148,,TRUE
1456,TRUE,FALSE,-0.12445134567049165,29.428926029308343,25.67346696583299,30.550416150251905,23.533076387815953,-3.755459063475353,-7.017339762435952,-3.2618806989605993,,TRUE
1457,TRUE,FALSE,-0.09682142044929785,27.896240310576946,25.375659865509547,28.750738313223703,23.739505155898108,-2.5205804450673988,-5.011233157325595,-2.4906527122581963,,TRUE
1458,TRUE,FALSE,-0.0926107812640209,29.078899920006734,24.451093366470122,30.079428145201803,23.055234049094704,-4.627806553536612,-7.024194096107099,-2.396387542570487,,TRUE
1459,TRUE,FALSE,-0.22743084788346932,27.40248774480538,24.832469994665797,33.33298456313281,24.06202458135378,-2.5700177501395842,-9.270959981779033,-6.7009422316394485,,TRUE
1460,TRUE,FALSE,0.09109863970556865,22.83104220231842,17.603824490241873,30.485758132833915,25.74790685855793,-5.227217712076548,-4.737851274275986,0.48936643780056244,,TRUE
1461,TRUE,FALSE,-0.07022359665320352,27.950531303780636,23.76974657362815,33.64652255382409,26.673312232224422,-4.180784730152485,-6.9732103215996695,-2.7924255914471843,,TRUE
1462,TRUE,FALSE,0.05603177690638357,30.842419903203123,24.00618903775745,28.61819348732295,23.55869790538724,-6.836230865445671,-5.05949558193571,1.7767352835099608,,TRUE
1463,TRUE,FALSE,-0.03914006778325585,26.213673301273275,21.810990407138416,26.9212206607961,21.53991258565878,-4.402682894134859,-5.381308075137319,-0.9786251810024602,,TRUE
1464,TRUE,FALSE,-0.059535671381961613,28.84940866598104,25.910510133138775,29.88265392154912,25.28728477684112,-2.9388985328422663,-4.595369144708002,-1.6564706118657355,,TRUE
1465,TRUE,FALSE,-0.02223988773550259,31.88337786561465,25.865423157438922,28.76771444983997,22.824536147539757,-6.017954708175729,-5.943178302300215,0.07477640587551448,,TRUE
1466,TRUE,FALSE,-0.03943616840917548,29.620434390059067,25.024278898667923,26.713647732378963,21.69583817136503,-4.596155491391144,-5.017809561013934,-0.4216540696227895,,TRUE
1467,TRUE,FALSE,-0.011914473819703036,29.334196221949732,24.223814241927375,29.048975841318285,23.704170915837995,-5.110381980022357,-5.34480492548029,-0.23442294545793274,,TRUE
1468,TRUE,FALSE,0.021584738788850782,29.526940224742063,21.48318064636488,33.76658118249057,25.10390944164829,-8.043759578377184,-8.662671740842278,-0.6189121624650937,,TRUE
1469,TRUE,FALSE,-0.06328762516693738,24.428370075874014,20.93319843029078,26.226664774891233,21.095931099947688,-3.495171645583234,-5.130733674943546,-1.6355620293603117,,TRUE
1470,TRUE,FALSE,-0.019354428093367355,28.791469303998973,23.317872107777546,29.95385546475271,23.794265100538563,-5.4735971962214265,-6.1595903642141465,-0.68599316799272,,TRUE
1471,TRUE,FALSE,0.08130968198890644,30.227875238919978,21.885280222852984,29.179101647652818,22.915469192877268,-8.342595016066994,-6.26363245477555,2.078962561291444,,TRUE
1472,TRUE,FALSE,0.02559390203348982,32.68545802168844,26.549056934715804,25.942545711198036,21.61834308229227,-6.136401086972636,-4.324202628905766,1.8121984580668702,,TRUE
1473,TRUE,FALSE,-0.20166400002909374,30.178407518709083,27.90000370658802,29.911782983713174,22.603135109279123,-2.278403812121063,-7.308647874434051,-5.030244062312988,,TRUE
1474,TRUE,FALSE,-0.15058761689148673,29.538329513318097,27.388281582777893,29.227830421989907,23.311813565417356,-2.150047930540204,-5.916016856572551,-3.765968926032347,,TRUE
1475,TRUE,FALSE,-0.20313372734815402,23.355562283770603,22.29039322844593,29.1964683903895,22.742482440393637,-1.0651690553246738,-6.4539859499958645,-5.388816894671191,,TRUE
1476,TRUE,FALSE,-0.13998978502591525,28.261921948686275,26.500101543912105,28.501683002960014,23.2337632590226,-1.76182040477417,-5.267919743937416,-3.506099339163246,,TRUE
1477,TRUE,FALSE,0.024987385917212182,36.05493968025813,28.69716640441478,29.53131046822621,24.09954515720159,-7.35777327584335,-5.43176531102462,1.92600796481873,,TRUE
1478,TRUE,FALSE,-0.029325835824359974,29.033655837546213,23.516122916894265,34.113685842121015,26.83221925828631,-5.517532920651949,-7.281466583834703,-1.7639336631827547,,TRUE
1479,TRUE,FALSE,-0.03617640557079431,28.604228120298373,23.546351032725855,29.976618645327264,23.799334387655517,-5.057877087572518,-6.177284257671747,-1.1194071700992296,,TRUE
1480,TRUE,FALSE,-0.024946583207400282,27.034848503644305,21.960815597154394,27.759356600759403,21.993773969673974,-5.0740329064899115,-5.7655826310854295,-0.691549724595518,,TRUE
1481,TRUE,FALSE,-0.055816427336838434,25.550023727704936,21.653753464991727,28.339009738603743,22.71359010612151,-3.896270262713209,-5.625419632482231,-1.7291493697690221,,TRUE
1482,TRUE,FALSE,-0.14441761704730272,26.190977742312093,22.79106980775704,32.21026173446178,24.25981470960369,-3.3999079345550527,-7.950447024858093,-4.55053909030304,,TRUE
1483,TRUE,FALSE,-0.0962602115929323,27.93687979237468,23.275338817682783,29.312506223419934,22.180216764207213,-4.661540974691896,-7.132289459212721,-2.4707484845208256,,TRUE
1484,TRUE,FALSE,0.034541202301760075,29.247788131701398,23.211155087315607,26.9270125352663,22.120398745819944,-6.036633044385791,-4.806613789446356,1.2300192549394353,,TRUE
1485,TRUE,FALSE,-0.05561570371749658,26.73573005118993,22.357062948780815,29.562341369231063,23.383414952143866,-4.378667102409114,-6.178926417087197,-1.8002593146780832,,TRUE
1486,TRUE,FALSE,-0.08937912684785207,26.968573894899954,22.753518689955623,29.840427963425906,23.02389369870875,-4.215055204944331,-6.816534264717156,-2.6014790597728243,,TRUE
1487,TRUE,FALSE,-0.04761625787627533,26.61417338161788,22.808554992703986,28.531777861560926,23.31493162754681,-3.8056183889138957,-5.216846234014117,-1.4112278451002211,,TRUE
1488,TRUE,FALSE,-0.09577350386245284,34.10588268067926,28.180188025319158,30.13427985460552,22.62463104800563,-5.9256946553601,-7.509648806599891,-1.5839541512397908,,TRUE
1489,TRUE,FALSE,-0.15267794315841424,24.809571917884785,22.457103372814192,29.55140467137938,22.961772422365417,-2.352468545070593,-6.589632249013963,-4.23716370394337,,TRUE
1490,TRUE,FALSE,-0.0761144654731644,27.81441342969709,23.646942222358284,28.563025393179302,22.50366210401273,-4.1674712073388065,-6.059363289166573,-1.8918920818277662,,TRUE
1491,TRUE,FALSE,0.012095197332926954,31.546200821950844,25.365504821649854,28.97727083147734,23.583420987861984,-6.1806960003009905,-5.393849843615357,0.786846156685634,,TRUE
1492,TRUE,FALSE,-0.061621900445226696,25.864759994711463,22.260807075328856,29.766631399369953,24.08796387961972,-3.603952919382607,-5.678667519750231,-2.0747146003676242,,TRUE
1493,TRUE,FALSE,-0.032375070939448636,26.556456807381156,22.301603456811044,26.610378381566527,21.63498977094761,-4.254853350570112,-4.975388610618918,-0.7205352600488055,,TRUE
1494,TRUE,FALSE,-0.010405658127962467,28.93269827527217,23.72805915028616,29.242619408335713,23.73397225593809,-5.204639124986009,-5.5086471523976215,-0.30400802741161215,,TRUE
1495,TRUE,FALSE,-0.06607118682411162,32.36697472591576,28.56748260551374,28.664242863588022,23.681869625694333,-3.7994921204020216,-4.98237323789369,-1.182881117491668,,TRUE
1496,TRUE,FALSE,-0.120474781513731,26.955504620367464,24.02741678954015,30.567142695102547,24.154214960867055,-2.9280878308273124,-6.412927734235492,-3.4848399034081794,,TRUE
1497,TRUE,FALSE,0.028492889120507958,28.835949239558808,23.652912991680783,31.71431198267693,26.765784718403225,-5.183036247878025,-4.948527264273704,0.23450898360432149,,TRUE
1498,TRUE,FALSE,-0.024821157996752555,33.19772345972993,27.27440688311446,26.76976060814571,21.454174451174648,-5.92331657661547,-5.315586156971062,0.6077304196444082,,TRUE
1499,TRUE,FALSE,-0.06348735921821264,34.18746793410767,27.03079009347704,32.08937668311481,23.811177649299744,-7.156677840630632,-8.2781990338150635,-1.1215211931844316,,TRUE
1500,TRUE,FALSE,0.07695379639031762,30.86764476703622,23.096514724088657,29.25325614571442,23.639472374234565,-7.771130042947565,-5.613783771479856,2.157346271467709,,TRUE
1501,TRUE,FALSE,-0.09026680666407676,31.40458064544314,27.130663753558544,31.537148909652416,24.893586601873427,-4.273916891884596,-6.643562307778989,-2.369645415894393,,TRUE
1502,TRUE,FALSE,0.002904605990379035,32.328386362227555,25.047129580175195,28.70892068553022,22.30756949402761,-7.28125678205236,-6.401351191502609,0.8799055905497504,,TRUE
1503,TRUE,FALSE,-0.07638663016142289,33.058194965921956,28.041808141101665,31.25089259147348,24.559244976436858,-5.016386824820291,-6.691647615036622,-1.6752607902163312,,TRUE
1504,TRUE,FALSE,0.030828017066307056,29.348249656029296,22.840379204311237,29.520196619993577,23.693476499650657,-6.507870451718059,-5.8267201203429195,0.6811503313751395,,TRUE
1505,TRUE,FALSE,-0.04666687624817836,27.895257419839837,22.721633754364486,29.84232202898569,23.199286458235086,-5.1736236654753505,-6.643035570750605,-1.4694119052752548,,TRUE
1506,TRUE,FALSE,-0.08210808073673254,25.4716331955472,21.60617588406659,29.435038884733622,22.99993679549368,-3.8654573114806077,-6.43510208923994,-2.5696447777593328,,TRUE
1507,TRUE,FALSE,-0.04704141764700057,34.048423248147316,28.483089587271902,27.983061094011816,22.333432864429422,-5.565333660875414,-5.649628229582394,-0.08429456870698004,,TRUE
1508,TRUE,FALSE,-0.0964467531919057,26.057988759835368,22.62188927818964,29.119999014774592,22.955832290845358,-3.4360994816457264,-6.164166723929235,-2.728067242283508,,TRUE
1509,TRUE,FALSE,-0.02163321418001617,28.258563802304057,24.321466113785878,25.776694324351944,21.710593761910634,-3.937097688518179,-4.06610056244131,-0.12900287392313103,,TRUE
1510,TRUE,FALSE,0.03991055712749184,24.59851552907206,20.34642860440855,30.025205468936,25.846289977984465,-4.252086924663509,-4.178915490951535,0.07317143371197332,,TRUE
1511,TRUE,FALSE,-0.03828196881577207,26.079786566280802,21.54966886286752,28.72611456392329,22.844823581420428,-4.530117703413282,-5.881290982502861,-1.3511732790895792,,TRUE
1512,TRUE,FALSE,-0.0010156153716092073,26.346900677241706,21.7636442694934,31.58954290685394,26.067798187241575,-4.583256407748305,-5.521744719612364,-0.9384883118640595,,TRUE
1513,TRUE,FALSE,-0.06047267496387839,26.329609383933004,22.735468506161034,29.400650901488692,23.89755601620809,-3.59414087777197,-5.503094885280603,-1.9089540075086333,,TRUE
1514,TRUE,FALSE,0.03179307584441935,31.674830052066692,24.734668541333846,31.09284897193211,25.0645479480798,-6.940161510732846,-6.028301023852311,0.9118604868805349,,TRUE
1515,TRUE,FALSE,-0.02382226339700653,30.48016478826469,25.220890639665498,28.74168452477925,23.22252552842447,-5.259274148599193,-5.519158996354779,-0.2598848477555862,,TRUE
1516,TRUE,FALSE,-0.09051311528132797,31.997120146994877,28.69793323598321,27.317420228279186,22.380514483391178,-3.2991869110116667,-4.9369057448880085,-1.6377188338763418,,TRUE
1517,TRUE,FALSE,-0.04335695489930468,36.10466199999023,29.771354087287474,29.06021470132397,22.945865140467326,-6.333307912702754,-6.114349560856645,0.21895835184610846,,TRUE
1518,TRUE,FALSE,0.04123035483765916,25.794997715206378,20.94841782226123,29.203339050697288,24.714644048505747,-4.846579892945147,-4.488695002191541,0.3578848907536063,,TRUE
1519,TRUE,FALSE,0.08351344435700274,27.22690367783377,20.522364435125724,28.35467287692343,23.233958533226435,-6.704539242708048,-5.120714343696996,1.5838248990110522,,TRUE
1520,TRUE,FALSE,-0.11976172864174217,25.24308635806368,21.161218542075783,32.48676716211907,24.159773434135328,-4.0818678159878985,-8.326993727983744,-4.245125911995846,,TRUE
1521,TRUE,FALSE,-0.022620540522535433,26.53700504562642,21.416896865736877,30.399830330121535,23.98566822165081,-5.120108179889542,-6.414162108470727,-1.2940539285811852,,TRUE
1522,TRUE,FALSE,-0.018180687765930837,27.3190256353298,21.108365293601494,33.25406175650217,25.231224175587148,-6.210660341728307,-8.02283758091502,-1.8121772391867133,,TRUE
1523,TRUE,FALSE,-0.22203379193657458,28.981689312338556,28.513705252237973,27.476044693424438,21.649911382073487,-0.4679840601005836,-5.826133311350951,-5.358149251250367,,TRUE
1524,TRUE,FALSE,-0.10205392570439357,28.082443086301193,24.870249561188558,31.69136838212518,25.34339489910035,-3.2121935251126352,-6.3479734830248304,-3.135779957912195,,TRUE
1525,TRUE,FALSE,-0.018276526639565086,27.16510354123667,22.755212774916643,29.021800480755793,23.870223945710148,-4.409890766320029,-5.1515765350456455,-0.7416857687256169,,TRUE
1526,TRUE,FALSE,-0.07558439479667783,23.26527408735433,20.05011020488802,29.819520379846104,23.827767790440344,-3.2151638824663102,-5.99175258940576,-2.7765887069394495,,TRUE
1527,TRUE,FALSE,-0.08490950265783971,23.031225650495976,19.90182871670077,29.30376799894746,23.260747805238285,-3.1293969337952063,-6.043020193709175,-2.913623259913969,,TRUE
1528,TRUE,FALSE,-0.09926027830402014,26.29403208802394,23.40113013823166,27.022443590432477,21.77690071020664,-2.8929019497922788,-5.2455428802258375,-2.3526409304335587,,TRUE
1529,TRUE,FALSE,-0.021275909286886798,30.832386810010576,24.742425905828604,28.06177130235527,22.045005091560395,-6.089960904181972,-6.016766210794877,0.07319469338709439,,TRUE
1530,TRUE,FALSE,-0.023596225688336386,28.491153590118323,23.24591103998018,29.032428462110044,23.135143173698687,-5.245242550138144,-5.897285288411357,-0.652042738273213,,TRUE
1531,TRUE,FALSE,-0.10200429680220327,28.501614967034172,25.107296658939077,29.000922801991724,23.06972402692718,-3.3943183080950945,-5.931198775064544,-2.53688046696945,,TRUE
1532,TRUE,FALSE,-0.11362511217574428,29.47318454012799,25.40337609210888,29.22507389823744,22.48398222693888,-4.06980844801911,-6.741091671298559,-2.671283223279449,,TRUE
1533,TRUE,FALSE,-0.10781686137796644,24.783779226695607,22.195888050855736,32.730855210561685,26.317102923405297,-2.5878911758398715,-6.413752287156388,-3.8258611113165166,,TRUE
1534,TRUE,FALSE,0.04459097823725258,29.77915234553168,22.87118170232247,28.610356390756696,22.975509774606532,-6.907970643209211,-5.634846616150163,1.2731240270590476,,TRUE
1535,TRUE,FALSE,-0.04555450115291413,25.664269661105283,21.535423091530113,28.842592955698606,23.124626722584967,-4.12884656957517,-5.717966233113639,-1.5891196635384688,,TRUE
1536,TRUE,FALSE,-0.047350977975168,32.43926173696869,26.898088524621492,28.54139800758495,22.571552429790074,-5.541173212347196,-5.9698455777948745,-0.42867236544767806,,TRUE
1537,TRUE,FALSE,0.017807383681507402,27.716220151307965,22.093244036588803,27.179832319729403,22.05494144000638,-5.622976114719162,-5.124890879723022,0.49808523499613955,,TRUE
1538,TRUE,FALSE,-0.00916294505252292,28.8049607644962,23.474443441355444,30.85524728360251,24.915960354746314,-5.330517323140757,-5.939286928856195,-0.6087696057154375,,TRUE
1539,TRUE,FALSE,-0.04833782986105812,29.84655105108126,26.98960822632922,29.239843001427687,25.193274062847728,-2.856942824752039,-4.046568938579959,-1.18962611382792,,TRUE
1540,TRUE,FALSE,0.024452077530457167,31.042615658323264,24.841966685420985,30.686036854422486,25.164474857144562,-6.200648972902279,-5.521561997277924,0.6790869756243545,,TRUE
1541,TRUE,FALSE,-0.11096272083965365,30.534150521851224,26.611393743381413,30.57286081433045,23.846649062084555,-3.922756778469811,-6.726211752245895,-2.803454973776084,,TRUE
1542,TRUE,FALSE,-0.12754077857511648,27.87419155492858,25.14202450848654,28.837912651392532,22.896628137439706,-2.73216704644204,-5.9412845139528265,-3.2091174675107865,,TRUE
1543,TRUE,FALSE,-0.1473536624962427,20.816555557762953,19.972841191943907,31.499027631313524,26.081540770437027,-0.8437143658190465,-5.4174868608764974,-4.573772495057451,,TRUE
1544,TRUE,FALSE,-0.028113517811082372,24.59856288766877,20.069720104312594,30.514816170900623,24.20654421354542,-4.5288427833561755,-6.308271957355203,-1.7794291739990271,,TRUE
1545,TRUE,FALSE,0.06165918524267891,30.26226856171756,23.328289473529576,30.268016036437757,24.81667618333825,-6.933979088187982,-5.451339853099508,1.4826392350884738,,TRUE
1546,TRUE,FALSE,-0.13107284393848967,31.57530082551703,29.436960109917678,27.31794324347448,22.339283930592693,-2.1383407155993517,-4.978659312881788,-2.8403185972824367,,TRUE
1547,TRUE,FALSE,-0.034746214726738986,31.84416692083175,26.45876468829769,27.282448687716453,21.894394037896344,-5.385402232534059,-5.388054649820109,-0.002652417286050479,,TRUE
1548,TRUE,FALSE,-0.025994734513038128,35.80784924719755,28.89553630504235,30.468176452663265,23.95574134787072,-6.912312942155204,-6.512435104792544,0.39987783736265925,,TRUE
1549,TRUE,FALSE,-0.1421907986639855,26.502581694872948,23.69391551548899,29.601116399961555,22.956414889944156,-2.808666179383959,-6.6447015100173985,-3.8360353306334396,,TRUE
1550,TRUE,FALSE,-0.022569472513189356,24.711847676851924,19.396479754529363,31.171966794259326,23.921042722599434,-5.315367922322562,-7.250924071659892,-1.9355561493373301,,TRUE
1551,TRUE,FALSE,-0.014439606722219533,27.706087169248303,23.46805212110603,29.397866943088054,24.544072562003322,-4.238035048142272,-4.853794381084732,-0.61575933294246,,TRUE
1552,TRUE,FALSE,-0.018568538106019838,32.55757887681154,26.872598150642762,25.49643971366587,20.65726796410408,-5.684980726168778,-4.839171749561789,0.845808976606989,,TRUE
1553,TRUE,FALSE,-0.13809461412351337,22.974881208641992,21.58440978622795,27.917283038075364,22.844745480635194,-1.3904714224140413,-5.072537557440171,-3.6820661350261297,,TRUE
1554,TRUE,FALSE,0.01989928683582381,24.961807108845328,19.716949246149508,28.37681535619921,22.864910218052536,-5.24485786269582,-5.511905138146673,-0.26704727545085305,,TRUE
1555,TRUE,FALSE,-0.0025812558466695944,27.24106695285255,21.74858204505697,31.376291521578057,24.98546404956238,-5.492484907795578,-6.390827472015676,-0.8983425642200977,,TRUE
1556,TRUE,FALSE,0.15756295078864496,28.923259254504547,20.382718172636437,27.846035284895603,22.972431140552754,-8.54054108186811,-4.873604144342849,3.6669369375252607,,TRUE
1557,TRUE,FALSE,-0.07162015938296648,22.817218278922915,18.156993724147306,29.102423876227363,21.557885865890345,-4.66022455477561,-7.544538010337018,-2.884313455561408,,TRUE
1558,TRUE,FALSE,-0.15456082628035633,25.270535285668778,22.406803451681476,29.699398997274823,22.5625514851082,-2.863731833987302,-7.1368475121666215,-4.27311567817932,,TRUE
1559,TRUE,FALSE,-0.08924416624469549,33.67978366070481,28.806466683600625,25.933821302571932,20.287520148190232,-4.8733169771041815,-5.6463011543817,-0.7729841772775181,,TRUE
1560,TRUE,FALSE,-0.027689832865232994,34.82396707685884,28.643841096220704,31.526075659318735,25.223037413754213,-6.180125980638138,-6.303038245564522,-0.1229122649263843,,TRUE
1561,TRUE,FALSE,-0.13607112233231727,32.75289746886314,29.85338085083276,29.979083625917735,23.848837355635403,-2.899516618030379,-6.130246270282331,-3.230729652251952,,TRUE
1562,TRUE,FALSE,-0.08862826410340532,33.70126896765802,28.838314662403747,30.742805481890354,24.07555755339515,-4.86295430525427,-6.667247928495204,-1.804293623240934,,TRUE
1563,TRUE,FALSE,-0.1392915206065057,29.761657258378357,26.467960860346693,31.4351958413735,24.32125629878769,-3.2936963980316634,-7.113939542585808,-3.8202431445541443,,TRUE
1564,TRUE,FALSE,-0.10274709871597643,25.91449122044604,23.363868249176015,28.888407084550565,23.501910019443407,-2.5506229712700232,-5.386497065107157,-2.835874093837134,,TRUE
1565,TRUE,FALSE,-0.12337254852623389,31.088574205371216,27.639790408542215,27.599534833222517,21.689806927927467,-3.4487837968290016,-5.90972790529505,-2.460944108466048,,TRUE
1566,TRUE,FALSE,-0.24638413349097718,20.17212989102167,20.32401610855535,28.01002644079821,22.0580960589348,0.1518862175336828,-5.951930381863409,-6.103816599397092,,TRUE
1567,TRUE,FALSE,0.0332604758082157,30.78799097101836,22.38786640053153,28.73574248256193,21.602231716022146,-8.400124570486831,-7.133510766539782,1.266613803947049,,TRUE
1568,TRUE,FALSE,-0.017776010490141724,26.707820159653085,22.359895979925646,29.759815309382155,24.47606196527683,-4.347924179727439,-5.283753344105325,-0.9358291643778855,,TRUE
1569,TRUE,FALSE,0.0040298602368066035,32.97480515695351,25.59363264150106,28.82875837691406,22.466001224875566,-7.381172515452448,-6.362757152038494,1.0184153634139541,,TRUE
1570,TRUE,FALSE,-0.05560252745365933,25.47763484502465,22.689353393844392,29.32815440436789,24.705854181168178,-2.788281451180257,-4.622300223199712,-1.834018772019455,,TRUE
1571,TRUE,FALSE,-0.07853070636963368,30.338578932247316,26.175861632754657,28.951602084781708,23.09260359298461,-4.162717299492659,-5.858998491797099,-1.6962811923044399,,TRUE
1572,TRUE,FALSE,-0.13432307943617416,25.47498359173975,21.84500428697507,30.54419828848453,22.899773119258686,-3.6299793047646816,-7.644425169225844,-4.0144458644611625,,TRUE
1573,TRUE,FALSE,-0.06035043033678122,29.18324211675211,24.055943258413198,30.394598545074714,23.587146536662747,-5.127298858338911,-6.807452008411968,-1.6801531500730569,,TRUE
1574,TRUE,FALSE,-0.05734346319204629,23.002567709437358,20.16372017708369,29.946476569948732,24.787693997538536,-2.838847532353668,-5.158782572410196,-2.319935040056528,,TRUE
1575,TRUE,FALSE,0.08211293859097493,25.224676015886374,19.86660524284711,27.553654659200053,23.558002981748785,-5.3580707730392625,-3.995651677451267,1.3624190955879953,,TRUE
1576,TRUE,FALSE,-0.1468911134940945,33.04969471355261,30.68676540301775,28.913513962858534,23.17877806890869,-2.362929310534863,-5.734735893949843,-3.3718065834149797,,TRUE
1577,TRUE,FALSE,0.014783167726709501,32.199994310085174,25.32391514337047,28.399755236088307,22.66782754466082,-6.876079166714703,-5.731927691427487,1.1441514752872166,,TRUE
1578,TRUE,FALSE,-0.12040102876634319,26.348794424179356,22.43765492048541,29.457506162941794,22.239406353212296,-3.9111395036939456,-7.218099809729498,-3.3069603060355526,,TRUE
1579,TRUE,FALSE,-0.12739391409931233,25.741476397745227,22.963528509555264,30.653438092684084,24.074533881933007,-2.7779478881899635,-6.578904210751077,-3.800956322561113,,TRUE
1580,TRUE,FALSE,0.005165964039001106,28.948931665042963,22.493118446030707,28.646493446117777,22.373408248844164,-6.455813219012256,-6.273085197273613,0.18272802173864378,,TRUE
1581,TRUE,FALSE,-0.06499638652735432,24.953995692676074,21.570422732787367,26.896644124716676,21.78658121297519,-3.3835729598887063,-5.110062911741487,-1.7264899518527805,,TRUE
1582,TRUE,FALSE,-0.009034642818761313,29.757244182179647,24.58230039388224,31.217594958674223,25.556746113352716,-5.1749437882974085,-5.660848845321507,-0.48590505702409814,,TRUE
1583,TRUE,FALSE,-0.014942931127562453,31.09066313947823,25.208438546335895,28.813210635013025,23.01537109861463,-5.882224593142336,-5.797839536398396,0.08438505674394037,,TRUE
1584,TRUE,FALSE,-0.08988481036000737,29.495605719153343,26.076781401727278,27.984122587789653,22.613713445951053,-3.418824317426065,-5.3704091418386,-1.9515848244125351,,TRUE
1585,TRUE,FALSE,-0.1407504090616032,27.020656727842375,24.94741591991116,29.568109233859698,23.71516198328895,-2.0732408079312172,-5.852947250570747,-3.7797064426395295,,TRUE
1586,TRUE,FALSE,-0.13646755143539815,28.367245563702863,25.008126202592283,32.90688364877583,25.309504058969022,-3.3591193611105794,-7.59737958980681,-4.23826022869623,,TRUE
1587,TRUE,FALSE,-0.22356780816248528,26.604879059724727,26.185453295387664,31.025018074496014,24.418365218789933,-0.41942576433706336,-6.606652855706081,-6.187227091369017,,TRUE
1588,TRUE,FALSE,-0.0245056514040061,23.45345824620157,18.711926816690692,28.933880523864214,22.52556202984883,-4.741531429510879,-6.408318494015383,-1.6667870645045042,,TRUE
1589,TRUE,FALSE,-0.15513831130523864,27.014941538475327,23.894160331230744,30.252117063859778,22.91225326489972,-3.1207812072445833,-7.339863798960057,-4.219082591715473,,TRUE
1590,TRUE,FALSE,-0.011400610760643644,27.478670531126184,22.413822843279668,26.744539692235428,21.56771436481003,-5.064847687846516,-5.176825327425398,-0.11197763957888185,,TRUE
1591,TRUE,FALSE,0.017879205929634354,25.542795351376565,19.939630814975274,31.539406190488922,25.06496151018606,-5.603164536401291,-6.474444680302863,-0.871280143901572,,TRUE
1592,TRUE,FALSE,0.032466666286800075,28.304880670674237,23.456835421797816,29.116303143236568,24.92553098763877,-4.848045248876421,-4.190772155597799,0.6572730932786222,,TRUE
1593,TRUE,FALSE,0.031206320769934816,31.608054432835406,26.124842759402384,28.25684078168527,24.095295569840996,-5.483211673433022,-4.161545211844274,1.3216664615887481,,TRUE
1594,TRUE,FALSE,-0.03575567602773946,27.23034031590404,23.5880995510459,27.705265820092887,23.156542291916068,-3.6422407648581405,-4.548723528176819,-0.906482763318678,,TRUE
1595,TRUE,FALSE,-0.0210020206914509,28.58754671507649,23.767020955728015,30.797725262240437,25.07237302356546,-4.820525759348474,-5.725352238674976,-0.904826479326502,,TRUE
1596,TRUE,FALSE,-0.06021539082573098,34.89767559328292,29.084632053311342,29.47479343121912,23.12952057849311,-5.813043539971577,-6.3452728527260085,-0.5322293127544313,,TRUE
1597,TRUE,FALSE,0.026138669543973866,27.699708932040956,21.16171203181135,29.563235560218512,23.183523313141404,-6.537996900229604,-6.379712247077109,0.15828465315249574,,TRUE
1598,TRUE,FALSE,-0.14498887013417636,23.750203068741275,21.574248563203916,29.110640264103218,22.874533296854082,-2.1759545055373586,-6.236106967249135,-4.060152461711777,,TRUE
1599,TRUE,FALSE,-0.14395455757643602,23.881982204555207,21.55302215048464,29.930164439054863,23.389893144123498,-2.328960054070567,-6.540271294931365,-4.211311240860798,,TRUE
1600,TRUE,FALSE,-0.06436600488250213,29.453001728140066,24.13534266061616,30.933637922179475,23.768463246977674,-5.3176590675239055,-7.165174675201801,-1.8475156076778951,,TRUE
1601,TRUE,FALSE,-0.037688381801826286,31.55419827426649,27.52332222319865,26.378694666526084,22.157928116518903,-4.030876051067839,-4.2207665500071805,-0.1898904989393415,,TRUE
1602,TRUE,FALSE,-3.993766880504758e-4,33.35396225389935,26.74769744992929,27.900292712680333,22.365277018519997,-6.606264803970056,-5.535015694160336,1.0712491098097203,,TRUE
1603,TRUE,FALSE,-0.0988153867197567,29.406085321574253,25.359083756756757,28.040691300234666,21.90635313003282,-4.047001564817496,-6.134338170201847,-2.087336605384351,,TRUE
1604,TRUE,FALSE,-0.0643917476274285,31.033146987002997,25.92152033497511,27.169948570126913,21.27935633707721,-5.111626652027887,-5.890592233049702,-0.778965581021815,,TRUE
1605,TRUE,FALSE,-0.05172571279836474,30.540748969941436,24.028549028960313,30.245094273683815,22.596366710084475,-6.512199940981123,-7.648727563599341,-1.1365276226182175,,TRUE
1606,TRUE,FALSE,-0.09696704134577822,33.086810308798405,27.633739910935777,29.90480029951471,22.668011261182574,-5.4530703978626285,-7.236789038332137,-1.783718640469509,,TRUE
1607,TRUE,FALSE,0.024563341337041782,31.914279323658004,24.966950080457817,29.27185748278308,23.46920922920522,-6.947329243200187,-5.8026482535778605,1.1446809896223265,,TRUE
1608,TRUE,FALSE,0.07403795979833555,27.85867647955043,21.151230276971894,29.90849029789988,24.45253687379446,-6.707446202578534,-5.45595342410542,1.2514927784731142,,TRUE
1609,TRUE,FALSE,-0.15311467756314764,28.747164391937932,25.356052146255735,31.910081381946,24.150030077272536,-3.391112245682198,-7.760051304673464,-4.368939058991266,,TRUE
1610,TRUE,FALSE,-0.013440051605489592,31.389837016963988,25.06149268311482,32.3983966752848,25.52139750276808,-6.3283443338491665,-6.876999172516719,-0.5486548386675523,,TRUE
1611,TRUE,FALSE,-0.08242416907228806,32.39334108134059,27.41504744764847,30.018202662773295,23.394920919746355,-4.978293633692118,-6.62328174302694,-1.6449881093348218,,TRUE
1612,TRUE,FALSE,-0.07201021881182391,32.37043943945409,26.113153428004324,30.664542088357205,23.0183170906524,-6.257286011449764,-7.646224997704806,-1.3889389862550416,,TRUE
1613,TRUE,FALSE,-0.03072548255622271,29.38425962865513,23.295589232593315,29.408259597387154,22.60915665967864,-6.088670396061815,-6.799102937708515,-0.7104325416466999,,TRUE
1614,TRUE,FALSE,-0.04027734835272745,27.765763223672476,22.123401496718966,30.51598750665787,23.35487157245487,-5.64236172695351,-7.161115934203,-1.51875420724949,,TRUE
1615,TRUE,FALSE,-0.031116956586440626,29.19505010596127,23.42128849059946,32.27440859333353,25.098393781986335,-5.77376161536181,-7.176014811347198,-1.402253195985388,,TRUE
1616,TRUE,FALSE,-0.03668989724815741,33.40637205451606,26.966973751329245,32.56536341166246,25.34105012168608,-6.439398303186817,-7.224313289976379,-0.7849149867895626,,TRUE
1617,TRUE,FALSE,-0.03916933028656474,28.061896024967506,23.267488541752975,29.779771082042966,23.74339560014272,-4.794407483214531,-6.036375481900247,-1.2419679986857162,,TRUE
1618,TRUE,FALSE,-0.061971178666498136,28.32076558660811,23.035259639182872,30.056022664788575,22.977664873039917,-5.285505947425239,-7.078357791748658,-1.792851844323419,,TRUE
1619,TRUE,FALSE,-0.17271734098998753,22.34779224314821,21.853337354659985,30.17350098613549,24.825537506608434,-0.4944548884882245,-5.347963479527056,-4.853508591038832,,TRUE
1620,TRUE,FALSE,-0.11694626098589954,30.959869746519523,28.526591107922638,29.79418230031857,24.42266807994994,-2.433278638596885,-5.371514220368631,-2.938235581771746,,TRUE
1621,TRUE,FALSE,-0.09355801819809807,24.677879402406198,21.7038028988727,27.599674547963293,22.105494224845565,-2.9740765035334995,-5.494180323117728,-2.5201038195842287,,TRUE
1622,TRUE,FALSE,-0.12708819588707118,28.265488611049122,24.96772990538597,31.29729218274894,24.346448742534985,-3.2977587056631528,-6.950843440213955,-3.653084734550802,,TRUE
1623,TRUE,FALSE,0.050716085346438185,33.252872601925134,25.904477009512355,31.43000809316823,25.758221237651227,-7.348395592412778,-5.671786855517002,1.6766087368957763,,TRUE
1624,TRUE,FALSE,-0.08594048062570374,29.696768992834098,23.76001375700531,28.233015710416435,20.72866249481562,-5.936755235828787,-7.5043532156008155,-1.567597979772028,,TRUE
1625,TRUE,FALSE,0.11007200145075076,30.383823021296006,22.867536513035642,27.761585054582618,23.325173612898656,-7.5162865082603645,-4.436411441683962,3.0798750665764025,,TRUE
1626,TRUE,FALSE,0.007925379528086977,27.086203044009995,20.607651381613053,28.269035049884916,21.67870332259186,-6.478551662396942,-6.590331727293055,-0.11178006489611292,,TRUE
1627,TRUE,FALSE,-0.12069836667091809,30.28398505521369,26.647359399848174,31.232530106416654,24.35733049178741,-3.636625655365517,-6.875199614629246,-3.2385739592637286,,TRUE
1628,TRUE,FALSE,-0.09907923757086733,27.00757988177082,24.143158891355103,31.899099561832234,25.82600800028377,-2.8644209904157165,-6.073091561548463,-3.208670571132746,,TRUE
1629,TRUE,FALSE,0.035562904902332396,29.69635032323943,23.152217276734707,30.53923609405234,24.671323868832673,-6.544133046504722,-5.867912225219669,0.6762208212850531,,TRUE
1630,TRUE,FALSE,0.033704302581179506,27.609809926354718,21.703318380154133,30.062429278860957,24.441304925147676,-5.906491546200584,-5.621124353713281,0.28536719248730336,,TRUE
1631,TRUE,FALSE,-0.15118423553614052,25.247517072628256,23.018924678537697,31.015450023956035,24.310056324456554,-2.2285923940905583,-6.705393699499481,-4.476801305408923,,TRUE
1632,TRUE,FALSE,0.09640460301428817,31.30317895529083,23.356979804444048,26.600939205296367,21.857133202053536,-7.94619915084678,-4.743806003242831,3.2023931476039493,,TRUE
1633,TRUE,FALSE,-0.003986009282618247,32.0489779797101,25.361720565447374,35.80654154937708,28.222520841756115,-6.687257414262728,-7.584020707620965,-0.8967632933582372,,TRUE
1634,TRUE,FALSE,-0.08859662832097297,27.259786589110856,24.138885239546557,26.875663899137923,21.78095576331759,-3.120901349564299,-5.094708135820333,-1.9738067862560342,,TRUE
1635,TRUE,FALSE,-0.09644795853380052,27.031691559668243,24.538042938507612,26.51815035215104,21.85863867374015,-2.493648621160631,-4.65951167841089,-2.1658630572502595,,TRUE
1636,TRUE,FALSE,-0.019642579967743885,32.71952416291416,27.912999754742753,29.814832405774748,24.94027517979918,-4.806524408171409,-4.874557225975568,-0.06803281780415915,,TRUE
1637,TRUE,FALSE,-0.07464294172852841,31.694174578398403,28.21485595936341,27.596745508046524,22.800230765734437,-3.479318619034995,-4.7965147423120875,-1.3171961232770926,,TRUE
1638,TRUE,FALSE,-0.16125176662695703,23.68494452394637,20.567864542653602,30.22906159668842,22.34141854353318,-3.1170799812927683,-7.887643053155241,-4.7705630718624725,,TRUE
1639,TRUE,FALSE,-0.12060125692623905,29.374477747717435,25.70328640383992,32.828819981539056,25.46228140403005,-3.671191343877517,-7.366538577509004,-3.6953472336314874,,TRUE
1640,TRUE,FALSE,0.04617255967054163,33.89259038974454,27.192114132294826,30.399208428395916,25.541886718103274,-6.700476257449715,-4.857321710292641,1.8431545471570736,,TRUE
1641,TRUE,FALSE,-0.11472485942173409,30.901889072301387,27.55144863667652,30.245420484421317,24.04333251709878,-3.3504404356248685,-6.202087967322537,-2.851647531697669,,TRUE
1642,TRUE,FALSE,-0.11138952303827535,28.77937254075699,26.571166777298018,29.194881342582676,24.113495119079207,-2.208205763458974,-5.081386223503468,-2.8731804600444946,,TRUE
1643,TRUE,FALSE,-0.1265978618038363,28.869453501558144,24.9372465182498,29.294034927854888,22.29504627075892,-3.932206983308344,-6.998988657095968,-3.0667816737876237,,TRUE
1644,TRUE,FALSE,-0.03005760929289293,30.01849638120386,25.513257734785686,29.384483766403868,24.23489782304599,-4.505238646418174,-5.149585943357877,-0.6443472969397028,,TRUE
1645,TRUE,FALSE,-0.10472051370365924,30.171438587436253,26.24816545598867,27.99115643205611,21.930283050116575,-3.9232731314475835,-6.060873381939533,-2.13760025049195,,TRUE
1646,TRUE,FALSE,-0.09129213953399176,26.901022487232296,24.67070349659629,28.43438546079306,23.801751699100837,-2.2303189906360075,-4.632633761692222,-2.402314771056215,,TRUE
1647,TRUE,FALSE,-0.14044278100430715,28.26500707558093,25.96447543840513,29.38040801462125,23.45280282334808,-2.300531637175798,-5.9276051912731695,-3.6270735540973718,,TRUE
1648,TRUE,FALSE,-0.09619010633722973,24.799295797691354,21.885025393383263,28.635616512114016,22.952997608697558,-2.914270404308091,-5.682618903416458,-2.7683484991083667,,TRUE
1649,TRUE,FALSE,-0.0844264920948056,30.12219186522622,25.538049455384893,31.426751523670827,24.486949486973327,-4.584142409841327,-6.9398020366975,-2.3556596268561734,,TRUE
1650,TRUE,FALSE,-0.13404005675997682,25.228884315358293,23.05979907554594,29.43988993429441,23.533189855416087,-2.169085239812354,-5.906700078878323,-3.7376148390659694,,TRUE
1651,TRUE,FALSE,-0.14317949437425673,26.376793547354087,24.778897918902818,28.544093510074763,23.237755480980855,-1.597895628451269,-5.306338029093908,-3.708442400642639,,TRUE
1652,TRUE,FALSE,-0.05344309966122089,26.598720576258607,23.71843753019444,30.034525859051072,25.388442906376184,-2.880283046064168,-4.646082952674888,-1.7657999066107202,,TRUE
1653,TRUE,FALSE,0.07492303144156422,31.940028554072505,24.567332983924675,29.690089170407482,24.61347161805393,-7.37269557014783,-5.076617552353554,2.296078017794276,,TRUE
1654,TRUE,FALSE,-0.021968060129964884,31.29074710523532,24.543851806617933,28.410975697461424,21.800794883970553,-6.746895298617385,-6.610180813490871,0.13671448512651452,,TRUE
1655,TRUE,FALSE,-0.10740785785194498,25.943691048591873,22.158362582014185,30.72618639671532,23.570452576948426,-3.7853284665776883,-7.155733819766894,-3.3704053531892058,,TRUE
1656,TRUE,FALSE,-0.1412626057388964,31.01994936616747,26.521039065871474,30.20269157072433,22.4205121110923,-4.4989103002959965,-7.7821794596320295,-3.283269159336033,,TRUE
1657,TRUE,FALSE,0.02716272477287343,39.630720162493134,31.441759227270538,28.348568003220304,23.110142355815135,-8.188960935222596,-5.238425647405169,2.950535287817427,,TRUE
1658,TRUE,FALSE,-0.10266091059974045,25.301500952213942,22.814123288799586,28.893728058057423,23.511265876648903,-2.4873776634143567,-5.3824621814085205,-2.8950845179941638,,TRUE
1659,TRUE,FALSE,-0.027541923024349928,28.095359399851134,23.756794500121092,27.321192466095255,22.474580518406803,-4.3385648997300414,-4.8466119476884515,-0.50804704795841,,TRUE
1660,TRUE,FALSE,0.048378994391915585,28.779791738675442,21.208400597874945,29.74833788626068,23.00878611878162,-7.571391140800497,-6.739551767479057,0.83183937332144,,TRUE
1661,TRUE,FALSE,-0.012203277972881784,30.65083952350194,25.653290885993755,28.557734019138703,23.611557710819007,-4.997548637508185,-4.946176308319696,0.051372329188488663,,TRUE
1662,TRUE,FALSE,-0.04102432136739852,26.16161508396258,21.926933921215255,28.036321288902517,22.55369733814795,-4.234681162747325,-5.482623950754569,-1.2479427880072436,,TRUE
1663,TRUE,FALSE,-0.04432212842255103,26.612656484964,21.458853922674905,31.21213732869022,24.07647753217153,-5.153802562289094,-7.135659796518688,-1.9818572342295937,,TRUE
1664,TRUE,FALSE,0.06231115045109603,25.762775640976084,20.666922427943764,29.77954839254363,25.425099087612953,-5.095853213032321,-4.354449304930679,0.7414039081016419,,TRUE
1665,TRUE,FALSE,-0.062069554133086687,27.491195090317703,25.233934315645392,28.534368879030957,24.615187876890303,-2.257260774672311,-3.919181002140654,-1.6619202274683431,,TRUE
1666,TRUE,FALSE,0.09064860647863957,37.46296249623016,26.475142665811166,29.897418566973677,23.13332571733163,-10.987819830418996,-6.764092849642047,4.223726980776949,,TRUE
1667,TRUE,FALSE,-0.2420025580432335,27.80858494304952,26.856596500737624,30.12164637823365,22.837597491374297,-0.9519884423118974,-7.2840488868593525,-6.332060444547455,,TRUE
1668,TRUE,FALSE,-0.10138735595928201,26.931195409352434,24.004039572539032,28.486792296104554,22.94247582654779,-2.9271558368134016,-5.544316469556765,-2.6171606327433636,,TRUE
1669,TRUE,FALSE,-0.10868961462786202,24.175779953563136,20.571067399497558,30.550549876560584,23.318041163598913,-3.6047125540655784,-7.232508712961671,-3.6277961588960927,,TRUE
1670,TRUE,FALSE,-0.02739506770825268,27.027667479679874,21.659378564224905,29.515497315707574,23.013888426330254,-5.3682889154549684,-6.501608889377319,-1.133319973922351,,TRUE
1671,TRUE,FALSE,-0.056140945835705315,25.74052109525421,21.53599916610053,32.00078359118354,25.312008112766968,-4.204521929153678,-6.688775478416574,-2.4842535492628954,,TRUE
1672,TRUE,FALSE,0.024647632687385134,30.971189371240545,24.163417669025865,29.29441087262725,23.425538144844495,-6.80777170221468,-5.868872727782755,0.9388989744319254,,TRUE
1673,TRUE,FALSE,-0.08542070311908019,19.882643900971715,17.638333585317095,27.580969618694418,22.464419859319666,-2.2443103156546194,-5.116549759374752,-2.872239443720133,,TRUE
1674,TRUE,FALSE,0.030977186153645957,32.99511681534111,26.241517020197993,29.264674741091287,24.0069059055637,-6.753599795143121,-5.257768835527589,1.4958309596155317,,TRUE
1675,TRUE,FALSE,-0.10277170525179395,25.315956328954872,21.966053813143116,29.443745662107325,23.052475997337023,-3.349902515811756,-6.391269664770302,-3.041367148958546,,TRUE
1676,TRUE,FALSE,-0.056385180854351076,22.234537095773582,18.68373261012775,28.20821084724264,22.403884205228827,-3.550804485645834,-5.804326642013812,-2.2535221563679784,,TRUE
1677,TRUE,FALSE,-0.121014197936473,26.67105978369732,23.529527464769068,32.02344662551382,25.03140382525263,-3.1415323189282525,-6.9920428002611885,-3.850510481332936,,TRUE
1678,TRUE,FALSE,-0.05450480072905384,27.304561344314134,23.298229457790995,30.259095162595017,24.449642726316732,-4.006331886523139,-5.809452436278285,-1.8031205497551461,,TRUE
1679,TRUE,FALSE,-0.05736807873503596,28.691404117540145,25.763145938446517,28.253020736152802,23.95506420988295,-2.9282581790936284,-4.297956526269854,-1.3696983471762252,,TRUE
1680,TRUE,FALSE,-0.09362870412929712,29.29439931741532,25.02152276501963,29.54393806896224,22.979210000020164,-4.27287655239569,-6.5647280689420775,-2.2918515165463873,,TRUE
1681,TRUE,FALSE,-0.07851819416281768,29.70055195268769,24.370153328192277,27.777099768763758,21.070780432893425,-5.3303986244954125,-6.706319335870333,-1.3759207113749206,,TRUE
1682,TRUE,FALSE,0.014862672927135985,29.580970598903573,24.944845619531566,29.308590202576806,25.08523108562054,-4.636124979372006,-4.223359116956267,0.4127658624157391,,TRUE
1683,TRUE,FALSE,-0.1327052862945067,25.508187529227108,22.215162800187027,28.908354289744466,22.04753771411757,-3.2930247290400807,-6.860816575626895,-3.5677918465868146,,TRUE
1684,TRUE,FALSE,-0.10977876901192783,26.56472352686723,23.221447673423942,28.961343114272353,22.68435190874039,-3.343275853443288,-6.276991205531964,-2.933715352088676,,TRUE
1685,TRUE,FALSE,-0.07276844854319237,35.7238016637464,30.387440552973537,29.891688793613366,23.641986726367115,-5.336361110772863,-6.24970206724625,-0.9133409564733874,,TRUE
1686,TRUE,FALSE,-0.07282507951068391,23.938617996258774,20.135487522408408,28.61135845228728,22.375565647893378,-3.8031304738503664,-6.235792804393903,-2.432662330543536,,TRUE
1687,TRUE,FALSE,0.08130496404011192,39.04516890810987,29.05194111056708,26.765612924005712,21.60206853133449,-9.993227797542794,-5.1635443926712234,4.82968340487157,,TRUE
1688,TRUE,FALSE,-0.012709113694600609,27.047099928197724,22.604000192772524,30.667454272899516,25.305960463940938,-4.4430997354252,-5.361493808958578,-0.9183940735333778,,TRUE
1689,TRUE,FALSE,-0.15209958172898635,29.12659256008868,27.135320474329433,28.39610525675027,22.722077806781687,-1.991272085759249,-5.674027449968584,-3.682755364209335,,TRUE
1690,TRUE,FALSE,-0.1274666309214582,26.553354054086096,24.13962035922097,27.876191869073832,22.30932550357867,-2.413733694865126,-5.566866365495162,-3.153132670630036,,TRUE
1691,TRUE,FALSE,0.020057373642964994,29.201315318505394,22.950234219851005,28.105940565894723,22.536872020403163,-6.251081098654389,-5.569068545491561,0.6820125531628278,,TRUE
1692,TRUE,TRUE,-0.08888280704038096,27.237092537391398,23.57088740895054,29.21539855137771,23.132666123800615,-3.6662051284408577,-6.0827324275770955,-2.416527299136238,,TRUE
1693,TRUE,FALSE,-0.12283217864410144,24.280780593795583,22.10144843386121,28.327507104437277,22.80452924795859,-2.179332159934372,-5.522977856478686,-3.343645696544314,,TRUE
1694,TRUE,FALSE,-0.08354505260113478,27.432673310017808,22.880552345824384,31.612420002880103,24.253418499382317,-4.552120964193424,-7.359001503497787,-2.8068805393043625,,TRUE
1695,TRUE,FALSE,-0.088446102889606,31.800202161612457,26.994747153599423,26.14084891911865,20.312221125822962,-4.805455008013034,-5.828627793295688,-1.0231727852826538,,TRUE
1696,TRUE,FALSE,-0.10733838991132763,31.197495883833838,26.58084514102134,28.678212137076308,21.947479483189397,-4.616650742812499,-6.7307326538869106,-2.114081911074411,,TRUE
1697,TRUE,FALSE,-0.058255741434674636,28.524011888474536,23.272985693811147,29.86094409155582,22.985019741369257,-5.251026194663389,-6.875924350186562,-1.624898155523173,,TRUE
1698,TRUE,FALSE,-0.18378056855478853,27.924967498120697,26.51191884498543,27.271575185516483,21.54486721215232,-1.4130486531352666,-5.726707973364164,-4.313659320228897,,TRUE
1699,TRUE,FALSE,-0.16898628481502403,34.26084030416868,30.455651566000967,31.943234328708066,23.98054014282331,-3.8051887381677147,-7.962694185884757,-4.157505447717043,,TRUE
1700,TRUE,FALSE,-0.04424479588540581,24.38528225243475,19.822642731233362,29.794921032096884,23.171851407064374,-4.562639521201387,-6.62306962503251,-2.0604301038311235,,TRUE
1701,TRUE,FALSE,0.052334453602800486,29.289930413543342,22.047464671230234,30.73133574624142,24.3753195196849,-7.242465742313108,-6.35601622655652,0.8864495157565884,,TRUE
1702,TRUE,FALSE,-0.04625011946428486,27.39755781865319,22.96417967682522,30.361899424712902,24.298633454972265,-4.433378141827969,-6.0632659697406375,-1.6298878279126683,,TRUE
1703,TRUE,FALSE,0.0239437135343536,36.43346816752923,29.75884902589608,29.10424215227684,24.348405922075774,-6.674619141633148,-4.755836230201066,1.918782911432082,,TRUE
1704,TRUE,FALSE,0.022017685425491342,31.533843617566916,25.639976278003015,31.749366102205336,26.389911118309524,-5.893867339563901,-5.359454983895812,0.5344123556680884,,TRUE
1705,TRUE,FALSE,0.04879608125854853,29.101995651899575,21.49855879477113,30.31445105914348,23.514088728682413,-7.603436857128443,-6.800362330461066,0.8030745266673769,,TRUE
1706,TRUE,FALSE,-0.10829835914352222,27.669083748381617,24.008322242878624,29.483881372378757,22.957167827146634,-3.660761505502993,-6.526713545232123,-2.8659520397291303,,TRUE
1707,TRUE,FALSE,-0.16066749644802006,26.40494247303834,24.280407119113352,28.49308695000206,22.311729449163316,-2.124535353924987,-6.181357500838743,-4.056822146913756,,TRUE
1708,TRUE,FALSE,-0.1514712332729901,30.606786203749145,26.45740672466379,29.849469449052325,22.175991135488946,-4.149379479085354,-7.673478313563379,-3.524098834478025,,TRUE
1709,TRUE,FALSE,-0.0035943884922841657,27.240018821667718,23.440065827877138,27.240402293302434,23.35629315604342,-3.79995299379058,-3.8841091372590135,-0.0841561434684337,,TRUE
1710,TRUE,FALSE,-0.1757667489724741,28.59809300138368,26.58948492350331,29.066593459809717,22.669004964006717,-2.008608077880371,-6.397588495802999,-4.388980417922628,,TRUE
1711,TRUE,FALSE,-0.08918615489652151,26.154178172448752,22.66235885009938,29.368411800549016,23.276165709578446,-3.4918193223493716,-6.092246090970569,-2.6004267686211975,,TRUE
1712,TRUE,FALSE,-0.01774578207521469,25.246942433017267,21.376987420837672,28.04548528728238,23.328873916227966,-3.869955012179595,-4.716611371054412,-0.8466563588748173,,TRUE
1713,TRUE,FALSE,-0.12194508829366298,26.330705203276636,23.947718414453462,32.570940028767595,26.22236547625121,-2.3829867888231746,-6.348574552516386,-3.965587763693211,,TRUE
1714,TRUE,FALSE,0.07090320963369819,30.554526871478238,23.57117348176752,28.272684904684578,23.413458334371377,-6.983353389710718,-4.859226570313201,2.1241268193975174,,TRUE
1715,TRUE,FALSE,-0.07798390026753542,30.55732914150372,27.124997950208922,28.4082032029844,23.325454250620798,-3.4323311912947965,-5.082748952363602,-1.6504177610688053,,TRUE
1716,TRUE,FALSE,0.1002940009152819,30.809217155779955,21.64730544394661,27.785363699099257,21.5822340949169,-9.161911711833344,-6.203129604182358,2.958782107650986,,TRUE
1717,TRUE,FALSE,0.04513610945989777,34.08080699935445,25.73581844018499,30.436813284540396,24.04526997385641,-8.344988559169462,-6.391543310683986,1.953445248485476,,TRUE
1718,TRUE,FALSE,-0.1563525468021705,22.478709823495716,20.298661225105022,28.776010577847185,22.224067657899674,-2.1800485983906945,-6.5519429199475105,-4.371894321556816,,TRUE
1719,TRUE,FALSE,-0.006703535732829088,27.924363886950495,22.661101931601028,29.026033129807686,23.397750931164648,-5.263261955349467,-5.6282821986430385,-0.3650202432935714,,TRUE
1720,TRUE,FALSE,-0.07878862609206577,25.95103507284217,23.41327590967444,29.13597836276946,24.295153021094666,-2.537759163167731,-4.840825341674794,-2.3030661785070627,,TRUE
1721,TRUE,FALSE,-0.07331138270362698,22.918154445869803,20.21983087063099,29.060772426434223,23.826831926970762,-2.6983235752388133,-5.233940499463461,-2.535616924224648,,TRUE
1722,TRUE,FALSE,-0.16760297749005004,28.15379563341699,26.41452447917852,27.25532199330847,21.625597318266568,-1.7392711542384696,-5.629724675041903,-3.890453520803433,,TRUE
1723,TRUE,FALSE,-0.11731372941380853,25.358284165988366,22.419728903962255,29.79838174247012,23.429038541903008,-2.93855526202611,-6.369343200567112,-3.430787938541002,,TRUE
1724,TRUE,FALSE,-0.04650309144372267,24.927824055108104,20.836071141417666,29.518307235091676,23.551950159333426,-4.0917529136904385,-5.96635707575825,-1.8746041620678113,,TRUE
1725,TRUE,FALSE,-0.02815201941305014,28.901952285517336,24.629576755823877,29.35847816520753,24.324114664730743,-4.272375529693459,-5.034363500476786,-0.761987970783327,,TRUE
1726,TRUE,FALSE,-0.1635967433831663,18.69421844983687,18.03464074264115,27.894586406092067,22.849197191920453,-0.6595777071957194,-5.045389214171614,-4.3858115069758945,,TRUE
1727,TRUE,FALSE,-0.09703003223631997,25.398025028188474,21.874565013691203,27.866676499734186,21.781362714742837,-3.523460014497271,-6.0853137849913495,-2.5618537704940785,,TRUE
1728,TRUE,FALSE,-0.08509905731748973,30.002201114541585,25.143870190777612,31.856689167273693,24.520063750275284,-4.8583309237639725,-7.336625416998409,-2.4782944932344364,,TRUE
1729,TRUE,FALSE,-0.08961841311149582,30.532954569844527,26.91061627162815,27.146916563526542,21.875326198993022,-3.622338298216377,-5.27159036453352,-1.6492520663171426,,TRUE
1730,TRUE,FALSE,-0.022757093507660475,26.543912489530697,21.69656850129109,28.346829893471142,22.64891137599055,-4.847343988239608,-5.697918517480591,-0.8505745292409834,,TRUE
1731,TRUE,FALSE,-0.014816686936169852,25.694534824114093,21.063509482500177,28.3206121545661,22.87482625380147,-4.631025341613917,-5.44578590076463,-0.814760559150713,,TRUE
1732,TRUE,FALSE,-0.10830610647053174,30.575046180290673,27.141075782069212,29.594296219949936,23.573887578666213,-3.4339703982214616,-6.020408641283723,-2.5864382430622612,,TRUE
1733,TRUE,FALSE,0.04780552087153346,31.815773936487634,24.55259457158454,29.51476309412075,23.8921853870848,-7.263179364903095,-5.622577707035948,1.6406016578671476,,TRUE
1734,TRUE,FALSE,-0.06458715769630247,25.6975902186102,22.778548332541185,26.38813844021969,21.927673269838653,-2.9190418860690137,-4.460465170381038,-1.5414232843120246,,TRUE
1735,TRUE,FALSE,0.01546954889169021,35.404499707308716,28.227667330878717,27.827790590613745,22.532718699237726,-7.176832376429999,-5.295071891376018,1.8817604850539809,,TRUE
1736,TRUE,FALSE,-0.02658692595657375,36.526984448809166,29.7299335956116,28.980216045432652,22.968634823408827,-6.797050853197565,-6.011581222023825,0.7854696311737399,,TRUE
1737,TRUE,FALSE,-0.23668517307558368,24.672715181283788,24.12296025434713,29.44316503960902,22.719935006610854,-0.5497549269366573,-6.723230032998167,-6.17347510606151,,TRUE
1738,TRUE,FALSE,-0.1450895832374958,31.071135427224146,29.133950744868333,29.11871291591389,23.61580896768024,-1.937184682355813,-5.502903948233648,-3.565719265877835,,TRUE
1739,TRUE,FALSE,0.03832336993048761,28.09709135528865,22.62558870458412,29.529975135867478,24.70843473372265,-5.4715026507045295,-4.8215404021448265,0.649962248559703,,TRUE
1740,TRUE,FALSE,-0.06904045746277196,27.851607018028044,24.75185442312904,31.561183605807503,26.177422070979176,-3.0997525948990052,-5.383761534828327,-2.284008939929322,,TRUE
1741,TRUE,FALSE,-0.054435425122730786,28.10332241017303,24.610248181061387,26.470024727628047,21.951877465897116,-3.4930742291116417,-4.518147261730931,-1.0250730326192894,,TRUE
1742,TRUE,FALSE,0.06055055080246707,32.209470425814466,24.58225628825183,27.24843273298961,22.094107136274836,-7.6272141375626354,-5.154325596714774,2.472888540847862,,TRUE
1743,TRUE,FALSE,-0.09321858350223937,27.347921180667104,23.681646198321502,26.279564377576374,20.73105550483988,-3.666274982345602,-5.548508872736495,-1.8822338903908928,,TRUE
1744,TRUE,FALSE,-0.055254291688595816,33.04820285379971,26.59901865438484,27.715603280765674,21.107921412678735,-6.449184199414869,-6.607681868086939,-0.15849766867206938,,TRUE
1745,TRUE,FALSE,-0.24017939306597053,32.66877620484255,31.238197624435017,29.439219465471663,22.139652928355826,-1.4305785804075342,-7.299566537115837,-5.8689879567083025,,TRUE
1746,TRUE,FALSE,-0.1818889023957479,24.822109939375856,23.25288448220265,29.71655750076789,23.208297879895557,-1.5692254571732072,-6.508259620872334,-4.939034163699127,,TRUE
1747,TRUE,FALSE,-0.09975676610912441,27.11649917359807,23.463672249346917,31.173409090239833,24.413095464425393,-3.6528269242511513,-6.76031362581444,-3.107486701563289,,TRUE
1748,TRUE,FALSE,-0.0180051865048915,32.25021183732771,25.36058351486782,29.25175009669567,22.592223281997867,-6.889628322459892,-6.659526814697802,0.2301015077620896,,TRUE
1749,TRUE,FALSE,-0.0437666088562712,37.8107939702467,29.998105575314177,30.916675182537407,23.478114631627054,-7.812688394932522,-7.438560550910353,0.37412784402216914,,TRUE
1750,TRUE,FALSE,-0.030587894212188833,27.883543872766662,22.853287969948894,31.557157409207623,25.085019604776107,-5.030255902817768,-6.472137804431515,-1.4418819016137476,,TRUE
1751,TRUE,FALSE,-0.14455880492866907,27.717410281612967,25.639602262094517,28.293599155596223,22.649871296769536,-2.07780801951845,-5.643727858826686,-3.5659198393082363,,TRUE
1752,TRUE,FALSE,-0.07596352913911321,30.744472404636788,26.826489769729136,29.001067443719073,23.454179593381703,-3.917982634907652,-5.54688785033737,-1.6289052154297181,,TRUE
1753,TRUE,FALSE,-0.0938385196194381,31.51341946750039,27.990625942414592,27.451283665546494,22.19863071365641,-3.522793525085799,-5.252652951890084,-1.7298594268042855,,TRUE
1754,TRUE,FALSE,-0.04388328339503508,29.565666180682403,25.22412218050098,29.949709919965095,24.454722827015186,-4.341544000181422,-5.494987092949909,-1.1534430927684873,,TRUE
1755,TRUE,FALSE,-0.04062593060166221,27.499851347848356,23.347611471924974,31.39869289775548,25.59646923128655,-4.152239875923382,-5.8022236664689295,-1.649983790545548,,TRUE
1756,TRUE,FALSE,-0.1681902186640218,26.649673341283673,24.92432495859145,31.56125199345667,24.948339981850882,-1.725348382692225,-6.612912011605786,-4.887563628913561,,TRUE
1757,TRUE,FALSE,-0.016194458553042284,29.3270000707103,25.520810495280845,29.576193697584664,25.324211985522982,-3.806189575429457,-4.251981712061681,-0.4457921366322246,,TRUE
1758,TRUE,FALSE,-0.119410030443646,26.177327105144126,23.947308360855494,29.113347376872373,23.635480277602653,-2.230018744288632,-5.477867099269719,-3.2478483549810875,,TRUE
1759,TRUE,FALSE,-0.09400694889965744,29.2587459433612,24.75318880196105,32.64736852623697,25.141832510738354,-4.50555714140015,-7.505536015498613,-2.9999788740984634,,TRUE
1760,TRUE,FALSE,0.06705881863107914,26.571448053730798,20.494190555393146,32.03998259201331,26.425979495990443,-6.0772574983376515,-5.614003096022866,0.4632544023147851,,TRUE
1761,TRUE,FALSE,-0.12939205533702758,28.57125468582905,25.564739388772804,25.473728306905155,20.026742516180413,-3.0065152970562465,-5.446985790724742,-2.4404704936684958,,TRUE
1762,TRUE,FALSE,-0.12199114493018404,27.086720008835805,25.16719566514986,29.94491115571608,24.627558246267043,-1.9195243436859464,-5.317352909449038,-3.397828565763092,,TRUE
1763,TRUE,FALSE,-0.04066643048087589,27.36665562675586,21.305592645477343,29.509777060825762,22.058532381674894,-6.061062981278518,-7.451244679150868,-1.3901816978723502,,TRUE
1764,TRUE,FALSE,0.006459949857866071,26.04539788670881,20.036103811623104,29.703937209260726,22.998622011963743,-6.009294075085705,-6.705315197296983,-0.6960211222112775,,TRUE
1765,TRUE,FALSE,0.022646089964522206,27.5064542002541,22.152860376598795,28.7739147203714,23.704414041344823,-5.353593823655306,-5.069500679026579,0.28409314462872715,,TRUE
1766,TRUE,FALSE,-7.638264599224046e-4,25.410091964252107,19.956126015477075,27.739633915672876,21.76902612372342,-5.453965948775032,-5.970607791949455,-0.5166418431744226,,TRUE
1767,TRUE,FALSE,-0.1177892260236855,28.973900384429335,26.40662636174538,30.407805763510833,24.634050614134313,-2.5672740226839537,-5.77375514937652,-3.206481126692566,,TRUE
1768,TRUE,FALSE,-0.10697672192787196,30.943204465451316,27.106633591628853,29.304320947167206,23.06654560579911,-3.8365708738224633,-6.237775341368096,-2.4012044675456323,,TRUE
1769,TRUE,FALSE,0.024588878100937565,31.264494462595675,25.339760608711106,25.851405787647547,21.474055731351882,-5.924733853884568,-4.377350056295665,1.5473837975889033,,TRUE
1770,TRUE,FALSE,-0.045110049826409586,32.91890702352953,26.933514044421184,31.024323084304143,24.263803568681453,-5.985392979108344,-6.76051951562269,-0.775126536514346,,TRUE
1771,TRUE,FALSE,-0.0819843127960341,30.34061733386033,24.96582356828766,31.251197251796928,23.690968181673995,-5.374793765572669,-7.560229070122933,-2.185435304550264,,TRUE
1772,TRUE,FALSE,0.0037489065587609266,29.615828133358363,23.364773649201794,29.73620666637911,23.547857164433278,-6.251054484156569,-6.188349501945833,0.06270498221073595,,TRUE
1773,TRUE,FALSE,-0.15290741155168797,24.356049651588894,22.564746449571167,28.711854777156592,22.828533362795,-1.7913032020177262,-5.883321414361593,-4.092018212343866,,TRUE
1774,TRUE,FALSE,-0.17671924871525801,25.73029437232531,22.51876593609672,31.12393765452831,22.82685993827667,-3.2115284362285905,-8.29707771625164,-5.085549280023049,,TRUE
1775,TRUE,FALSE,-0.13537849828141701,22.7423250228237,21.834517393016718,25.9702468327646,21.77663028002983,-0.9078076298069817,-4.19361655273477,-3.2858089229277887,,TRUE
1776,TRUE,FALSE,-0.11243680617639973,24.858468013414136,22.876265471663167,28.554780062372696,23.483287896949168,-1.9822025417509685,-5.071492165423528,-3.0892896236725598,,TRUE
1777,TRUE,FALSE,0.06654695975186734,28.02533712297437,21.470839884060826,27.939530820476193,22.87801150247619,-6.5544972389135445,-5.061519318000002,1.4929779209135425,,TRUE
1778,TRUE,FALSE,-0.10192979323619321,29.407950521469,25.594376632247535,30.441177002583892,23.926197927252012,-3.813573889221466,-6.51497907533188,-2.7014051861104136,,TRUE
1779,TRUE,FALSE,-0.04450068778299204,27.714958300644415,22.629676493268974,29.095595672045253,22.722963230644744,-5.085281807375441,-6.372632441400508,-1.287350634025067,,TRUE
1780,TRUE,FALSE,-0.10761918027856122,28.076440499659455,25.729476058440486,28.117144939291997,23.137780590752573,-2.3469644412189687,-4.9793643485394234,-2.6323999073204547,,TRUE
1781,TRUE,FALSE,0.07069220740091924,30.178537509509187,23.931213909464187,29.93905302228931,25.480376111018487,-6.247323600045,-4.458676911270825,1.7886466887741754,,TRUE
1782,TRUE,FALSE,-0.22390787666325432,21.302918445507327,21.73368017041264,26.27974824963625,21.432528615459827,0.43076172490531306,-4.847219634176422,-5.2779813590817355,,TRUE
1783,TRUE,FALSE,-0.10351847874144472,31.65296716117813,27.808084835840692,28.951401467557186,22.933415532338913,-3.844882325337437,-6.017985935218274,-2.1731036098808367,,TRUE
1784,TRUE,FALSE,-0.009311057232171889,26.681517273236427,21.441463388337645,28.89397945525699,23.00422036026217,-5.240053884898781,-5.889759094994819,-0.6497052100960374,,TRUE
1785,TRUE,FALSE,-0.08397683889119893,35.06568476500688,29.353281706441663,27.63054806194702,21.266359929643535,-5.712403058565215,-6.364188132303486,-0.6517850737382709,,TRUE
1786,TRUE,FALSE,0.126023406438582,29.183125850172264,20.812607247566298,30.315692634125796,24.524120758261276,-8.370518602605966,-5.79157187586452,2.578946726741446,,TRUE
1787,TRUE,FALSE,-0.259391164744724,28.28957668297242,28.24740986266664,31.106597761831875,23.96362663894925,-0.04216682030578056,-7.142971122882624,-7.100804302576844,,TRUE
1788,TRUE,FALSE,-0.09587847641445187,22.685115146257964,19.962174358273224,29.582439794373048,23.651645044807786,-2.72294078798474,-5.930794749565262,-3.207853961580522,,TRUE
1789,TRUE,FALSE,-0.14421700374031002,33.22696622342059,29.890516346307404,31.8672328625406,24.81729438317338,-3.3364498771131856,-7.049938479367221,-3.713488602254035,,TRUE
1790,TRUE,FALSE,0.0630029802417842,27.933400069087945,21.12350787177093,27.378326998527815,22.050121778696216,-6.809892197317016,-5.328205219831599,1.481686977485417,,TRUE
1791,TRUE,FALSE,-0.14178733849614836,26.453313376929557,24.896132187080017,27.239032028532954,22.24672139830918,-1.5571811898495405,-4.992310630223773,-3.435129440374233,,TRUE
1792,TRUE,FALSE,-0.10251117185046445,30.578145121959597,26.667200609092763,28.184962583604033,22.1852188313002,-3.910944512866834,-5.999743752303832,-2.088799239436998,,TRUE
1793,TRUE,FALSE,-0.13776447415129564,24.897732392327782,21.58786194302825,31.793747452050322,24.01934756705327,-3.309870449299531,-7.774399884997052,-4.464529435697521,,TRUE
1794,TRUE,FALSE,-0.17334269512994618,29.42711844816732,27.003271453339934,30.231718600186323,23.32650671156792,-2.423846994827386,-6.905211888618403,-4.481364893791017,,TRUE
1795,TRUE,FALSE,0.0244667035541397,33.886018056249654,24.246618865303493,29.298414847705356,21.48327690688822,-9.639399190946161,-7.815137940817134,1.8242612501290267,,TRUE
1796,TRUE,FALSE,-0.09677812499864825,27.672791721886806,23.703073776344457,30.1159895003747,23.416318968648515,-3.9697179455423495,-6.699670531726184,-2.7299525861838347,,TRUE
1797,TRUE,FALSE,-0.05442635986138279,28.677917334742467,23.26052179081629,31.034725711293877,23.838706566642582,-5.417395543926176,-7.196019144651295,-1.778623600725119,,TRUE
1798,TRUE,FALSE,-0.02059263052914979,30.66163018789207,25.75309004981345,27.815274877886726,22.88622669542534,-4.908540138078617,-4.929048182461386,-0.020508044382768986,,TRUE
1799,TRUE,FALSE,-0.16067511991035643,23.13527876658782,22.098633825360896,29.37995260349627,23.89799476853535,-1.0366449412269247,-5.4819578349609195,-4.445312893733995,,TRUE
1800,TRUE,FALSE,-0.18527517775427677,28.041927437783055,26.081387942725826,28.47726499169864,22.0068116792424,-1.9605394950572297,-6.47045331245624,-4.50991381739901,,TRUE
1801,TRUE,FALSE,0.04868040216656774,26.84248979518396,20.663256119105785,30.89100514670692,24.966038272920283,-6.179233676078173,-5.924966873786637,0.25426680229153575,,TRUE
1802,TRUE,FALSE,-0.06948065465515951,26.854288535922077,21.988247330558654,31.582057046532302,24.123610696245336,-4.866041205363423,-7.458446350286966,-2.592405144923543,,TRUE
1803,TRUE,FALSE,-0.0787275350514728,26.6372553182427,23.66355646135624,29.25454852429877,24.02110652673885,-2.973698856886461,-5.233441997559918,-2.259743140673457,,TRUE
1804,TRUE,FALSE,0.03555208348764615,29.177373745037524,22.797440767335544,29.60194157007985,23.966254578816898,-6.37993297770198,-5.635686991262951,0.7442459864390294,,TRUE
1805,TRUE,FALSE,-0.13672646123058882,26.290443482048474,24.779803889914923,28.571376255613263,23.48829894421638,-1.5106395921335505,-5.083077311396885,-3.572437719263334,,TRUE
1806,TRUE,FALSE,-0.05753314275237579,31.341144815826,26.694717372725016,27.961812157657008,22.48482224001077,-4.646427443100983,-5.476989917646236,-0.8305624745452533,,TRUE
1807,TRUE,FALSE,-0.1549465097244953,27.69474258936942,25.639825538799997,30.361750070527577,24.07421416204185,-2.054917050569422,-6.287535908485726,-4.232618857916304,,TRUE
1808,TRUE,FALSE,-0.02559922414288075,26.81557054693845,22.01707427382458,31.318786526514803,25.064548771060284,-4.798496273113869,-6.254237755454518,-1.455741482340649,,TRUE
1809,TRUE,FALSE,-0.12342152588052895,30.91177181992862,26.97930065781047,28.14146648186445,21.709620243759613,-3.9324711621181514,-6.431846238104839,-2.4993750759866877,,TRUE
1810,TRUE,FALSE,-0.12954320134398062,26.58992964954321,23.78503566915136,30.426850430331783,23.910228189572656,-2.8048939803918493,-6.516622240759126,-3.711728260367277,,TRUE
1811,TRUE,FALSE,-0.029852336041226047,28.094308380175633,23.664615015024975,30.938962656298774,25.294269522296077,-4.4296933651506585,-5.644693134002697,-1.2149997688520386,,TRUE
1812,TRUE,FALSE,0.03879720503019486,30.644763214500497,24.128728101303565,27.016706435646718,22.113626768346865,-6.516035113196931,-4.903079667299853,1.6129554458970787,,TRUE
1813,TRUE,FALSE,-0.07777865542711752,29.93370026507455,25.786781382402722,30.666704859403982,24.441339600781113,-4.146918882671827,-6.225365258622869,-2.0784463759510423,,TRUE
1814,TRUE,FALSE,0.037415932806572495,27.83593550881059,21.27435118189445,28.04064791348731,22.247851642712533,-6.56158432691614,-5.792796270774776,0.7687880561413643,,TRUE
1815,TRUE,FALSE,0.01541411218061722,30.808089992643318,23.862631698839735,27.409443649581295,21.559964844633086,-6.945458293803583,-5.849478804948209,1.0959794888553738,,TRUE
1816,TRUE,FALSE,-0.16364312421016927,25.400443626864096,23.939924115196227,27.694227885834376,22.161615891968992,-1.4605195116678686,-5.532611993865384,-4.072092482197515,,TRUE
1817,TRUE,FALSE,-0.10883842804873588,23.46069393703183,20.24777917540186,30.62950821752218,23.70874889955664,-3.212914761629971,-6.9207593179655404,-3.7078445563355693,,TRUE
1818,TRUE,FALSE,0.2051360975286888,36.08539330817626,23.349756871227214,30.277673058261463,24.05264768633403,-12.735636436949044,-6.225025371927433,6.51061106502161,,TRUE
1819,TRUE,FALSE,0.08202906338669501,31.22348997114639,23.21510239313882,30.31530812358584,24.4667292242562,-8.008387578007568,-5.848578899329642,2.1598086786779263,,TRUE
1820,TRUE,FALSE,-0.07436070312355725,31.555400655513722,26.580095753324475,31.04576749355454,24.276764198937524,-4.975304902189247,-6.769003294617015,-1.7936983924277676,,TRUE
1821,TRUE,FALSE,-0.091081254997424907,28.126249547101718,24.218387214374474,27.54929535898218,21.65647665776443,-3.9078623327272446,-5.892818701217752,-1.9849563684905078,,TRUE
1822,TRUE,FALSE,-0.07314950525821638,27.403027854695413,24.641347378105735,29.686278473178845,24.811511932944747,-2.761680476589678,-4.8747665402340985,-2.1130860636444204,,TRUE
1823,TRUE,FALSE,-0.06440739591722723,30.19473110194047,25.185323974175375,30.83466261556491,24.114807512242944,-5.009407127765094,-6.719855103321965,-1.7104479755568711,,TRUE
1824,TRUE,FALSE,0.011773236873722665,32.695453724348894,27.13956332225629,27.96333457061584,23.48645648825519,-5.555890402092604,-4.476878082360649,1.0790123197319552,,TRUE
1825,TRUE,FALSE,-0.11085939919859097,30.27122308044793,26.851439415890948,30.118218815264594,23.912295120316344,-3.419783664556981,-6.20592369494825,-2.7861400303912696,,TRUE
1826,TRUE,FALSE,0.008220297245205142,30.883988800973665,23.689842861344587,29.46597847635503,22.788707319760082,-7.1941459396290774,-6.677271156594948,0.5168747830341296,,TRUE
1827,TRUE,FALSE,-0.05533236901189478,24.506166398495058,20.051019051305182,29.94333157728554,23.180918951060782,-4.455147347189875,-6.762412626224759,-2.3072652790348833,,TRUE
1828,TRUE,FALSE,-0.11201405707168048,28.98196579281191,25.911370953929502,29.210684550312077,23.34840404499144,-3.070594838882407,-5.862280505320637,-2.79168566643823,,TRUE
1829,TRUE,FALSE,-0.024687083295403874,28.42766908918283,23.746731576301755,29.1999800553488,23.797080653332486,-4.680937512881076,-5.402899402016313,-0.7219618891352368,,TRUE
1830,TRUE,FALSE,-0.08175898737632388,27.530955914745938,22.079678836289776,26.90606156912701,19.884474386066696,-5.451277078456162,-7.021587183060316,-1.5703101046041539,,TRUE
1831,TRUE,FALSE,-0.06341529328527773,25.33071183158204,22.043770926311236,29.460741292052397,24.06252806714391,-3.2869409052708036,-5.398213224908488,-2.111272319637685,,TRUE
1832,TRUE,FALSE,-0.03695773890684975,32.57515740411898,27.30931007443761,31.01046525061959,25.05428108955165,-5.265847329681371,-5.956184161067938,-0.690336831386567,,TRUE
1833,TRUE,FALSE,9.625926700642242e-4,24.196007305002727,18.625359918132656,32.25989315542706,24.85661240162165,-5.570647386870071,-7.403280753805408,-1.8326333669353367,,TRUE
1834,TRUE,FALSE,-0.07452473357839338,29.297427185594213,25.91032067030722,29.845928236331858,24.499809878822404,-3.387106515286991,-5.346118357509454,-1.9590118422224627,,TRUE
1835,TRUE,FALSE,-0.06991341982484314,27.306590249131,23.61826421075167,25.843727819850567,20.843596108495383,-3.68832603837933,-5.000131711355184,-1.3118056729758543,,TRUE
1836,TRUE,FALSE,-0.17398737007607415,29.471341252703997,27.840924969853265,29.47556200344139,23.39828887063309,-1.6304162828507316,-6.077273132808301,-4.44685684995757,,TRUE
1837,TRUE,FALSE,0.09319224880381173,27.921851994800864,20.558970628421488,29.37043836786924,23.73779928910239,-7.362881366379376,-5.63263907876685,1.7302422876125263,,TRUE
1838,TRUE,FALSE,-0.14264591435247498,24.326260745827344,22.256709981913385,29.009079209291226,23.012787098316565,-2.069550763913959,-5.996292110974661,-3.9267413470607018,,TRUE
1839,TRUE,FALSE,-0.10472934672234727,28.854080874089213,25.361183988212918,29.872958782007018,23.64597043743166,-3.492896885876295,-6.226988344575357,-2.734091458699062,,TRUE
1840,TRUE,FALSE,-0.0799037769423378,26.097033182193833,23.403218094920888,28.482817374667302,23.581184592662805,-2.693815087272945,-4.901632782004498,-2.2078176947315526,,TRUE
1841,TRUE,FALSE,-0.002037109809257601,28.540044605569133,22.609440688859227,32.86859996784792,25.985535535046772,-5.930603916709906,-6.883064432801149,-0.9524605160912429,,TRUE
1842,TRUE,FALSE,-0.04001917903797336,26.35314068742294,21.362829237001044,27.91019941177087,21.73748119265679,-4.9903114504218955,-6.172718219114078,-1.1824067686921822,,TRUE
1843,TRUE,FALSE,-0.060225889089382464,28.772468376835988,23.683940346798344,30.39927083619673,23.560485335571705,-5.088528030037644,-6.8387855006250255,-1.750257470587382,,TRUE
1844,TRUE,FALSE,-0.08330748659989623,22.947648323653766,19.977813038519933,30.19963266482051,24.189753206843424,-2.9698352851338328,-6.009879457977085,-3.0400441728432526,,TRUE
1845,TRUE,FALSE,0.013070120314154297,29.382727381324433,23.787882425629533,29.47615387933365,24.177465587526743,-5.594844955694899,-5.298688291806908,0.29615666388799156,,TRUE
1846,TRUE,FALSE,0.045010874879323357,29.688812964480185,22.872282126900398,31.075503934705946,25.042796263398788,-6.816530837579787,-6.032707671307158,0.7838231662726294,,TRUE
1847,TRUE,FALSE,-0.14076078010141235,25.33265985128705,22.684043164249967,30.93048645568899,24.05995404811788,-2.6486166870370838,-6.870532407571108,-4.2219157205340245,,TRUE
1848,TRUE,FALSE,-0.0015429961866247081,30.056521648025065,24.387249237289986,28.298189254946866,22.925173401375723,-5.669272410735079,-5.373015853571143,0.29625655716393595,,TRUE
1849,TRUE,FALSE,-0.07478754594142799,30.120951336834437,25.851509983274195,29.78699016184376,23.722695494025803,-4.269441353560243,-6.064294667817958,-1.7948533142577148,,TRUE
1850,TRUE,FALSE,-0.03292660447276278,30.54210176996815,24.615277071594118,29.835922361371043,23.267270259200366,-5.9268246983740305,-6.568652102170677,-0.6418274037966469,,TRUE
1851,TRUE,FALSE,-0.05574703681200219,27.537973404549273,24.28585621906392,26.24233233161291,21.888361056612823,-3.2521171854853534,-4.353971275000088,-1.1018540895147346,,TRUE
1852,TRUE,FALSE,0.11955280225269128,29.05686083435716,21.52145112642885,31.591609486302843,26.370340187593587,-7.535409707928309,-5.221269298709256,2.3141404092190534,,TRUE
1853,TRUE,FALSE,-0.0632979146401714,23.997865953907255,20.596308027502097,28.229180002898634,22.741812946697802,-3.4015579264051574,-5.487367056200831,-2.085809129795674,,TRUE
1854,TRUE,FALSE,0.008152335279849843,30.494919994018886,25.974747930401556,28.269416185047888,24.276227415175423,-4.520172063617331,-3.9931887698724644,0.5269832937448662,,TRUE
1855,TRUE,FALSE,-0.04880708362840453,29.53725379819251,24.53179630651923,26.528221018392994,20.983151456585375,-5.00545749167328,-5.545069561807619,-0.5396120701343392,,TRUE
1856,TRUE,FALSE,0.00705326464979614,27.859327005927675,23.308589583097913,31.392402335613124,26.450453320999888,-4.550737422829762,-4.941949014613236,-0.391211591783474,,TRUE
1857,TRUE,FALSE,-0.045698925191098104,38.91014330071696,30.973604162878342,29.44027834531483,22.388450351429405,-7.9365391378386185,-7.051827993885425,0.8847111439531936,,TRUE
1858,TRUE,FALSE,-0.14658885758621065,26.980243513213367,25.93087389395892,29.48882207443738,24.477439236383887,-1.0493696192544455,-5.011382838053493,-3.962013218799047,,TRUE
1859,TRUE,FALSE,-0.10324044665341761,28.351122454929385,25.95594014923405,31.133637045101132,25.707486007038835,-2.395182305695336,-5.426151038062297,-3.0309687323669614,,TRUE
1860,TRUE,FALSE,-0.04415654908587452,26.303004598243152,21.2913183847809,29.61205197645564,22.934472244576533,-5.0116862134622515,-6.677579731879106,-1.6658935184168548,,TRUE
1861,TRUE,FALSE,-0.06373349603668635,33.27219670108667,28.409005030287677,30.423802065669157,24.372996723711207,-4.863191670798994,-6.05080534195795,-1.1876136711589567,,TRUE
1862,TRUE,FALSE,-0.19428990486585118,28.951862679450656,28.71997938122678,27.490211748636096,22.454669387161204,-0.23188329822387743,-5.035542361474892,-4.803659063251015,,TRUE
1863,TRUE,FALSE,-3.387822471347421e-5,30.622973748807798,25.218126400743074,32.75720696433464,26.974761074618183,-5.404847348064724,-5.78244588971646,-0.3775985416517358,,TRUE
1864,TRUE,FALSE,-0.09553718183895527,28.519477517134057,24.686316037559514,29.773639696780364,23.42369353481321,-3.8331614795745423,-6.349946161967154,-2.516784682392611,,TRUE
1865,TRUE,FALSE,-0.07886572630408444,28.22624034523172,23.39870096549908,28.241235065726997,21.635724759807136,-4.827539379732638,-6.605510305919861,-1.7779709261872227,,TRUE
1866,TRUE,FALSE,-0.08521287391071779,26.394331571301695,22.772625079827435,27.858203501710197,22.072323549029523,-3.62170649147426,-5.7858799526806735,-2.1641734612064134,,TRUE
1867,TRUE,FALSE,-0.10027338831319427,29.726007482093927,25.57889188307782,31.4432921134777,24.475128162714512,-4.147115599016107,-6.968163950763188,-2.8210483517470806,,TRUE
1868,TRUE,FALSE,-0.034491914354360005,33.426210981841095,27.579502172351095,28.236923178212564,22.508004679069856,-5.84670880949,-5.728918499142708,0.11779031034729215,,TRUE
1869,TRUE,FALSE,-0.20186214013175657,22.666310961024923,21.750813452725044,29.73508065894367,23.3182615029594,-0.9154975082998789,-6.416819155984271,-5.501321647684392,,TRUE
1870,TRUE,FALSE,0.05246056216195629,30.018413246498262,23.31149518249757,28.288838014970107,23.15159088018782,-6.706918064000693,-5.137247134782289,1.569670929218404,,TRUE
1871,TRUE,FALSE,-0.13299556863001966,28.7931572505991,25.592329321188522,28.224026979507293,21.9624235889846,-3.200827929410579,-6.261603390522694,-3.060775461112115,,TRUE
1872,TRUE,FALSE,-0.23469681969634432,29.180073045368903,27.837350834011982,28.464082942126257,21.473913071194524,-1.3427222113569215,-6.990169870931734,-5.647447659574812,,TRUE
1873,TRUE,FALSE,-0.03678154272603929,24.08205493609505,19.611193862725422,27.09316403391542,21.266508570124863,-4.47086107336963,-5.8266554637905585,-1.3557943904209289,,TRUE
1874,TRUE,FALSE,0.015048290291962302,26.709626984167983,20.875921070122338,29.781651956264735,23.62990614354525,-5.833705914045645,-6.151745812719486,-0.31803989867384175,,TRUE
1875,TRUE,FALSE,0.03617427165556537,27.822049426503796,22.3123189634631,29.878725491942706,24.84436761336384,-5.509730463040697,-5.0343578785788665,0.47537258446183017,,TRUE
1876,TRUE,FALSE,-0.20921033028752548,25.238974089729748,22.99338625559816,29.043152193143147,21.464268668377397,-2.2455878341315874,-7.57888352476575,-5.333295690634163,,TRUE
1877,TRUE,FALSE,0.04721439772677263,32.55250935202603,24.679046862513164,28.605536214478285,22.735209254407966,-7.873462489512864,-5.870326960070319,2.0031355294425452,,TRUE
1878,TRUE,FALSE,-0.09658208542119083,27.76652881485212,23.630680268127126,30.082595429172674,23.244749473218956,-4.1358485467249935,-6.837845955953718,-2.7019974092287242,,TRUE
1879,TRUE,FALSE,-0.1461118075351115,21.908056861188392,20.554837430588602,29.869308780536265,24.21473984984929,-1.3532194305997898,-5.654568930686974,-4.301349500087184,,TRUE
1880,TRUE,FALSE,-0.0546941549939953,27.220835977878973,22.96649329434101,27.465645190816875,21.939648521055524,-4.254342683537963,-5.525996669761351,-1.271653986223388,,TRUE
1881,TRUE,FALSE,-0.05648220459149112,24.617041301735338,20.288077546010626,29.218388473333544,22.757858407855416,-4.328963755724711,-6.460530065478128,-2.131566309753417,,TRUE
1882,TRUE,FALSE,-0.006807484253521964,33.2836908790355,26.665236793877074,29.020457958166464,23.09201194721908,-6.618454085158422,-5.928446010947383,0.6900080742110397,,TRUE
1883,TRUE,FALSE,0.1730145529997243,34.971737004602986,25.358723591616975,24.788641088942477,21.369884323016638,-9.61301341298601,-3.4187567659258384,6.194256647060172,,TRUE
1884,TRUE,FALSE,-0.003591515324332163,33.65374749066052,27.13464478709314,27.958755847195782,22.46201821976494,-6.5191027035673805,-5.496737627430843,1.0223650761365377,,TRUE
1885,TRUE,FALSE,-0.029233857560023495,28.814828481886035,25.748959351532474,26.518814865908883,23.014505676596997,-3.065869130353562,-3.5043091893118863,-0.4384400589583244,,TRUE
1886,TRUE,FALSE,-0.13535223467353366,29.901189072478626,26.626406146786557,27.89973254104259,21.69908417001307,-3.274782925692069,-6.200648371029519,-2.9258654453374504,,TRUE
1887,TRUE,FALSE,0.01678904545275017,30.759527835558647,25.258683051191642,27.551004022385975,23.006992909999653,-5.500844784367004,-4.544011112386322,0.9568336719806823,,TRUE
1888,TRUE,FALSE,-0.024660105932405144,28.046883813723134,20.965621812541983,30.698908090175205,22.38908333290242,-7.081262001181152,-8.309824757272786,-1.228562756091634,,TRUE
1889,TRUE,FALSE,0.03186090481208391,28.62142830441261,21.997239008457512,27.30450105961849,21.664473099936867,-6.624189295955098,-5.640027959681625,0.9841613362734734,,TRUE
1890,TRUE,FALSE,0.05206508485987356,31.06530606002952,25.39883020280132,28.63367092027865,24.661908748424985,-5.6664758572282,-3.9717621718536655,1.6947136853745342,,TRUE
1891,TRUE,FALSE,-0.019921757330306013,32.57781057687759,27.971052522081877,30.405267020088193,25.59079792326924,-4.606758054795712,-4.814469096818954,-0.20771104202324153,,TRUE
1892,TRUE,FALSE,-0.18150841361002865,27.217286918313253,25.39267802921056,29.343638319956383,22.83229321365374,-1.8246088891026915,-6.511345106302642,-4.68673621719995,,TRUE
1893,TRUE,FALSE,-0.0051051809129610826,34.23809527881086,26.583830016376282,29.5678320264977,22.84074606839301,-7.654265262434578,-6.727085958104691,0.9271793043298864,,TRUE
1894,TRUE,FALSE,-0.11808128711554607,29.751461324251558,26.118971169601156,26.73288929502276,20.855068101863203,-3.6324901546504016,-5.877821193159555,-2.2453310385091534,,TRUE
1895,TRUE,FALSE,-0.08040399169711665,32.61218102260609,27.811012403398504,29.563681431918095,23.263575169964348,-4.8011686192075835,-6.300106261953747,-1.4989376427461636,,TRUE
1896,TRUE,FALSE,-0.20861912396034635,27.1801230561931,25.65442716759531,29.781519572431197,22.81684658181565,-1.5256958885977916,-6.964672990615547,-5.4389771020177555,,TRUE
1897,TRUE,FALSE,0.06999163249063478,28.121553416319536,21.29487526229955,27.04758391128824,21.96651948012114,-6.826678154019987,-5.0810644311671,1.7456137228528874,,TRUE
1898,TRUE,FALSE,-0.20059360603819737,27.267409154242635,26.93019069072906,26.91690456028069,21.752239290514563,-0.337218463513576,-5.164665269766125,-4.827446806252549,,TRUE
1899,TRUE,FALSE,-0.02288708489134172,27.721485876698605,22.061846357800654,30.35970916558574,23.614742980180225,-5.659639518897951,-6.7449661854055165,-1.0853266665075658,,TRUE
1900,TRUE,FALSE,-0.060705948096887126,28.706998288415882,23.49759897581033,31.66448375837671,24.391800417496402,-5.209399312605552,-7.2726833408803095,-2.063284028274758,,TRUE
1901,TRUE,FALSE,-0.11520976217360432,28.144091411350352,24.727203077881562,30.22685356844902,23.66713788793005,-3.4168883334687905,-6.55971568051897,-3.1428273470501793,,TRUE
1902,TRUE,FALSE,-0.1513811201921856,31.90908930580799,28.582844266918084,31.507318502006914,24.258195490640098,-3.3262450388899047,-7.249123011366816,-3.922877972476911,,TRUE
1903,TRUE,FALSE,0.10574816200249458,30.549231098685937,23.498804246363864,29.029626856998256,24.82062861211605,-7.050426852322072,-4.208998244882206,2.841428607439866,,TRUE
1904,TRUE,FALSE,-0.14763077373196837,27.676019327568536,24.22279759340724,29.678593273197183,22.41035605772613,-3.4532217341612963,-7.2682372154710535,-3.815015481309757,,TRUE
1905,TRUE,FALSE,-0.05717857079334585,24.60663739226906,21.73851093048803,29.6619906502664,24.7483060677995,-2.8681264617810314,-4.9136845824668995,-2.045558120685868,,TRUE
1906,TRUE,FALSE,-0.03133930747067302,26.12218086606613,21.797086382691344,30.258166612498727,24.46927685955214,-4.325094483374787,-5.788889752946588,-1.4637952695718006,,TRUE
1907,TRUE,FALSE,-0.12347419642949597,25.98899756558734,22.56894791247439,26.99292400441917,20.717986970370106,-3.420049653112951,-6.2749370340490636,-2.8548873809361126,,TRUE
1908,TRUE,FALSE,0.01055216342534604,33.36257665614792,25.054079111940112,30.011263724775063,22.77644237821312,-8.30849754420781,-7.234821346561944,1.0736761976458666,,TRUE
1909,TRUE,FALSE,-0.1510007210115407,32.16388882544471,28.820198705507707,29.72304112830916,22.900390129918684,-3.3436901199370013,-6.8226509983904755,-3.4789608784534742,,TRUE
1910,TRUE,FALSE,-0.023259988044431138,27.02338161623547,23.13952763581232,29.25589510563157,24.475214161596554,-3.8838539804231473,-4.780680944035016,-0.8968269636118684,,TRUE
1911,TRUE,FALSE,-0.0464837940809017,27.755446791454762,24.044382915731124,30.46013000416785,25.188917861143075,-3.7110638757236387,-5.271212143024776,-1.5601482673011375,,TRUE
1912,TRUE,FALSE,-0.02182525714892119,27.328679833476176,22.568838060034082,28.78786244471097,23.26062488746203,-4.759841773442094,-5.527237557248942,-0.7673957838068475,,TRUE
1913,TRUE,FALSE,-0.1667223889741201,31.18033586084964,28.940644470890877,27.318299487717866,21.462210864663906,-2.2396913899587645,-5.85608862305396,-3.6163972330951957,,TRUE
1914,TRUE,FALSE,-0.08299785489528733,31.907121279762727,26.50448690217131,30.963724824682696,23.672246085968283,-5.4026343775914185,-7.291478738714414,-1.8888443611229953,,TRUE
1915,TRUE,FALSE,-0.06873045099062455,25.43444917359272,20.810807536198826,30.30406396651165,23.148252689023426,-4.623641637393895,-7.1558112774882225,-2.5321696400943274,,TRUE
1916,TRUE,FALSE,0.044148042133584066,26.340681685286636,20.526449417870012,27.6353063717439,22.507349662773574,-5.8142322674166245,-5.127956708970327,0.6862755584462974,,TRUE
1917,TRUE,FALSE,-0.14286128715772065,27.442164115322008,24.808930314858948,28.816411046383234,22.583211595295673,-2.63323380046306,-6.233199451087561,-3.599965650624501,,TRUE
1918,TRUE,FALSE,0.04420653629265328,26.093564678673744,19.717031933999912,29.22413788046703,23.08067416971536,-6.376532744673831,-6.143463710751671,0.23306903392215972,,TRUE
1919,TRUE,FALSE,0.016693198815405628,30.205269201285788,23.806225751491684,27.294605172948692,21.87431276750254,-6.399043449794103,-5.420292405446151,0.9787510443479519,,TRUE
1920,TRUE,FALSE,-0.07018184757107546,25.910347645270033,21.83428722165772,28.295232577837385,22.227952387270996,-4.0760604236123115,-6.06728019056639,-1.991219766954078,,TRUE
1921,TRUE,FALSE,0.0384671068650087,30.350967986084893,23.13277930882248,27.656126227538305,21.90547470135749,-7.218188677262411,-5.750651526180814,1.467537151081597,,TRUE
1922,TRUE,FALSE,-0.15324957127843084,25.977000448138043,24.412150488376422,29.756541149850978,23.990761960401056,-1.5648499597616201,-5.765779189449923,-4.2009292296883025,,TRUE
1923,TRUE,FALSE,-0.005242288775097463,25.108866635713287,20.48729142031197,28.140424359241635,22.84080364659865,-4.621575215401318,-5.299620712642984,-0.6780454972416656,,TRUE
1924,TRUE,FALSE,-0.09533819197455178,24.57128641694268,22.072266963472035,28.594387631549136,23.35043607459098,-2.4990194534706447,-5.243951556958155,-2.7449321034875105,,TRUE
1925,TRUE,FALSE,-0.0018823107380678465,23.024313066697715,18.506371141549533,30.143611041920988,24.183123058820843,-4.5179419251481825,-5.960487983100144,-1.4425460579519616,,TRUE
1926,TRUE,FALSE,-0.007363414157887615,31.793817837307877,26.256578962498576,29.51826849819289,24.198500058011792,-5.537238874809301,-5.319768440181097,0.21747043462820415,,TRUE
1927,TRUE,FALSE,-0.011704164534646882,25.959041969809558,21.30009457938695,28.59897500446839,23.193179297097895,-4.6589473904226075,-5.405795707370494,-0.7468483169478866,,TRUE
1928,TRUE,FALSE,0.04767804490440258,27.934284337597163,21.95949896910548,30.35598954424115,25.028543886859126,-5.974785368491684,-5.327445657382025,0.6473397111096588,,TRUE
1929,TRUE,FALSE,-0.06838201569699005,29.140811072390452,24.978635548515182,26.736574596741278,21.40301275044583,-4.16217552387527,-5.333561846295449,-1.1713863224201795,,TRUE
1930,TRUE,FALSE,0.05239635723790926,29.138621870290404,23.141191087803243,32.21439571284195,26.96013973322402,-5.997430782487161,-5.2542559796179304,0.7431748028692304,,TRUE
1931,TRUE,FALSE,-0.0587763236193444,21.442674915483426,17.82092212646729,28.79695703917063,22.566882957419928,-3.621752789016135,-6.2300740817507005,-2.6083212927345656,,TRUE
1932,TRUE,FALSE,-0.07288538540542738,27.074469085459683,23.89952939174794,29.387061222087368,24.117475011358305,-3.1749396937117424,-5.269586210729063,-2.0946465170173205,,TRUE
1933,TRUE,FALSE,-0.05632553298540835,26.29419910872157,22.10773646406436,28.426972444495924,22.591916386825087,-4.186462644657212,-5.835056057670837,-1.648593413013625,,TRUE
1934,TRUE,FALSE,-0.019908396703411442,27.717325098235776,23.436268096882948,26.55298619951186,22.009207485692343,-4.281057001352828,-4.543778713819517,-0.2627217124666892,,TRUE
1935,TRUE,FALSE,0.01902731410449754,26.843229370343586,20.780726852932837,31.641221323374936,24.96563792096388,-6.062502517410749,-6.675583402411057,-0.6130808850003078,,TRUE
1936,TRUE,FALSE,-0.09445701529816881,29.095333641767798,24.671778782151097,30.16653406187453,23.274500836901534,-4.423554859616701,-6.8920332249729945,-2.468478365356294,,TRUE
1937,TRUE,FALSE,-0.05398312137702455,27.694025556605446,23.501567484869557,33.134809773742816,26.641007860467862,-4.192458071735889,-6.493801913274954,-2.3013438415390652,,TRUE
1938,TRUE,FALSE,-0.06219156516341956,23.323356066932973,20.634780843019147,29.207915426128245,24.28286509060962,-2.6885752239138263,-4.925050335518627,-2.2364751116048005,,TRUE
1939,TRUE,FALSE,6.731768010895333e-4,28.169572639253925,23.76385847253818,28.59568196925641,24.139569138655997,-4.405714166715747,-4.456112830600414,-0.05039866388466763,,TRUE
1940,TRUE,FALSE,-0.0992828524803676,25.897381192426646,22.779270123554046,30.347260147822006,24.170489616239184,-3.118111068872601,-6.176770531582822,-3.058659462710221,,TRUE
1941,TRUE,FALSE,-0.20723760524454377,24.435924153103567,22.286560541124803,29.503116650227618,21.871573528350996,-2.149363611978764,-7.631543121876621,-5.482179509897858,,TRUE
1942,TRUE,FALSE,-0.09715082080398608,29.21551248178965,25.031427232383535,32.025357127815255,24.898547926103866,-4.184085249406113,-7.126809201711389,-2.9427239523052755,,TRUE
1943,TRUE,FALSE,-0.008823054278768682,31.478951884680193,24.95312981130066,29.04809624886022,22.823940855654193,-6.525822073379533,-6.224155393206026,0.30166668017350773,,TRUE
1944,TRUE,FALSE,-0.0253165484372687,31.05812061429241,24.842499101751756,29.831594757556534,23.264929674808084,-6.215621512540654,-6.56666508274845,-0.3510435702077963,,TRUE
1945,TRUE,FALSE,-0.07047702206444274,27.16289558767111,22.330521515048677,29.77024899443539,22.808540020497695,-4.832374072622432,-6.9617089739376965,-2.1293349013152643,,TRUE
1946,TRUE,FALSE,0.09545691378907602,25.063948050204296,19.22665957401748,30.11520790557341,25.41538141932976,-5.837288476186817,-4.699826486243651,1.1374619899431657,,TRUE
1947,TRUE,FALSE,-0.15654309912809242,25.13868518443833,22.382754304590225,30.141004106269403,22.947896382828386,-2.755930879848105,-7.193107723441017,-4.437176843592912,,TRUE
1948,TRUE,FALSE,0.0012482617804373216,24.721459108644968,20.08615558227923,27.70084265401936,22.5350131505532,-4.635303526365739,-5.16582950346616,-0.5305259771004209,,TRUE
1949,TRUE,FALSE,-0.06594754677040132,19.84019940284094,17.713346642441163,29.15985506712878,24.372455964902986,-2.126852760399778,-4.787399102225795,-2.6605463418260165,,TRUE
1950,TRUE,FALSE,-0.03748084613937951,33.23674493674062,27.915484948551676,29.40186361804907,23.78613211016345,-5.321259988188945,-5.61573150788562,-0.29447151969667473,,TRUE
1951,TRUE,FALSE,-0.10284450178905177,24.948279575544056,22.196883613247525,29.00787798606121,23.286411250542656,-2.751395962296531,-5.721466735518554,-2.970070773222023,,TRUE
1952,TRUE,FALSE,-0.1445924826002167,25.886118244479626,22.958648578742864,30.340889348826657,23.28691613655042,-2.927469665736762,-7.053973212276237,-4.126503546539475,,TRUE
1953,TRUE,FALSE,-0.04135227165570427,21.331230048654913,18.34248955196604,29.394876613488744,24.252413211092883,-2.988740496688873,-5.142463402395862,-2.1537229057069887,,TRUE
1954,TRUE,FALSE,-0.07130505184065157,23.212309106870745,21.114741390590122,25.573710266670442,21.661761580243144,-2.097567716280622,-3.911948686427298,-1.8143809701466758,,TRUE
1955,TRUE,FALSE,-0.09326317456374143,28.4991140819917,23.772835655561817,30.493257182865737,23.17126599855044,-4.726278426429882,-7.321991184315298,-2.5957127578854156,,TRUE
1956,TRUE,FALSE,0.05141615457192343,31.66445851324066,23.27321705208418,31.918438251269613,24.697656147499494,-8.39124146115648,-7.220782103770119,1.1704593573863598,,TRUE
1957,TRUE,FALSE,-0.11126587664463837,27.26395396823848,24.15742271091874,29.065174382969563,23.04159482987186,-3.1065312573197374,-6.023579553097704,-2.917048295777967,,TRUE
1958,TRUE,FALSE,-0.046087249025191464,27.1898831990903,21.21972571201396,29.835688047148288,22.235814566219744,-5.970157487076339,-7.599873480928544,-1.629715993852205,,TRUE
1959,TRUE,FALSE,-0.08399900202984588,22.68081764117812,20.47107459402847,30.407855339702518,25.234076856860213,-2.209743047149651,-5.173778482842305,-2.9640354356926544,,TRUE
1960,TRUE,FALSE,-0.028350518293720046,26.52298151075171,22.474345153498962,29.768149800965766,24.51907446673831,-4.048636357252747,-5.249075334227456,-1.2004389769747092,,TRUE
1961,TRUE,FALSE,-0.09587224125660515,24.89642872627941,22.192642704811103,30.705374329639643,24.868499277994196,-2.703786021468307,-5.836875051645446,-3.133089030177139,,TRUE
1962,TRUE,FALSE,-0.0717888464515567,30.371994527669397,25.925394670572217,29.34302813676955,23.311997816614703,-4.44659985709718,-6.031030320154848,-1.584430463057668,,TRUE
1963,TRUE,FALSE,-0.08658930643603506,33.40025629281786,28.58431448336793,27.42281366358756,21.522104544528858,-4.815941809449928,-5.900709119058703,-1.0847673096087753,,TRUE
1964,TRUE,FALSE,-0.11413994551006791,23.771700434059177,21.724600404691824,30.211133811517527,24.631350497439893,-2.0471000293673534,-5.579783314077634,-3.5326832847102807,,TRUE
1965,TRUE,FALSE,0.03923455047282011,30.160038010135622,24.383052318241326,30.001719420543466,25.225610167249158,-5.776985691894296,-4.776109253294308,1.0008764385999882,,TRUE
1966,TRUE,FALSE,-0.14039717446177055,24.193826510412535,21.422684828238165,26.77717319202415,20.604417717091906,-2.7711416821743704,-6.172755474932245,-3.4016137927578747,,TRUE
1967,TRUE,FALSE,-0.09214217706361999,30.70585792119979,26.937006227683028,26.36946214044437,21.09660265047309,-3.768851693516762,-5.272859489971278,-1.5040077964545162,,TRUE
1968,TRUE,FALSE,-0.0037166895886756573,26.220849526329083,20.835621177400007,30.14635523905432,23.8660402750808,-5.3852283489290755,-6.28031496397352,-0.8950866150444448,,TRUE
1969,TRUE,FALSE,0.09117217616893619,29.900387233071527,22.59681982368215,29.58941877686085,24.496414237694225,-7.303567409389377,-5.093004539166625,2.210562870222752,,TRUE
1970,TRUE,FALSE,-0.09368312240430351,24.3335854250276,20.75324554578175,30.15365588614288,23.41713885427196,-3.5803398792458516,-6.7365170318709175,-3.156177152625066,,TRUE
1971,TRUE,FALSE,0.08580841238341828,29.34720380831333,22.716995779779694,30.420017256539893,25.657228696725532,-6.630208028533637,-4.762788559814361,1.8674194687192767,,TRUE
1972,TRUE,FALSE,-0.2250260670815491,23.20132405108818,22.19448334726315,29.285184559161777,22.369313498214797,-1.006840703825027,-6.91587106094698,-5.909030357121953,,TRUE
1973,TRUE,FALSE,-0.06739793004635604,32.23425934623956,26.833262782322432,30.460180292502375,23.70378549975547,-5.400996563917129,-6.756394792746907,-1.3553982288297775,,TRUE
1974,TRUE,FALSE,-0.018795527600486802,32.60771796880663,26.091651681271046,30.85835424922059,24.23210446329579,-6.516066287535587,-6.626249785924799,-0.11018349838921182,,TRUE
1975,TRUE,FALSE,-0.08605224488396199,31.792867269165484,26.815723874528512,30.36362807327962,23.498572263226016,-4.977143394636972,-6.8650558100536045,-1.8879124154166327,,TRUE
1976,TRUE,FALSE,-0.07004585541320492,27.829291271622694,23.825346323581016,26.9099506001655,21.47976115765711,-4.003944948041678,-5.430189442508393,-1.4262444944667152,,TRUE
1977,TRUE,FALSE,-0.11178099834747372,32.921887779439736,28.084741877843918,31.837386415117017,24.28718854343696,-4.837145901595818,-7.550197871680055,-2.713051970084237,,TRUE
1978,TRUE,FALSE,-0.07294558828541386,32.98704001687783,28.23044552382026,27.951028728218603,22.237825340690296,-4.756594493057566,-5.713203387528306,-0.9566088944707403,,TRUE
1979,TRUE,FALSE,-0.04019943170496921,25.17863741427074,21.627101251900626,26.82459061658501,22.13302634811901,-3.5515361623701125,-4.691564268465999,-1.1400281060958868,,TRUE
1980,TRUE,FALSE,-0.018484012240478347,25.84961189124929,21.03453067710512,27.630272024016744,22.07173410638222,-4.815081214144168,-5.558537917634524,-0.7434567034903559,,TRUE
1981,TRUE,FALSE,-0.03380956858642688,24.11384834369682,20.74181236697409,30.231049607850352,25.13912126484746,-3.372035976722728,-5.091928343002891,-1.7198923662801633,,TRUE
1982,TRUE,FALSE,-0.03542292645498988,28.4250792005049,23.96815676144167,30.514787009456334,24.834722667230714,-4.456922439063231,-5.68006434222562,-1.2231419031623894,,TRUE
1983,TRUE,FALSE,-0.08548834426361566,29.226650771110478,24.984643266097635,29.373109181724406,23.05244030626748,-4.242007505012843,-6.320668875456924,-2.078661370444081,,TRUE
1984,TRUE,FALSE,0.011969593142232084,29.407675178531957,24.157690570626773,27.6500198834464,22.987328262336526,-5.2499846079051835,-4.662691621109875,0.5872929867953083,,TRUE
1985,TRUE,FALSE,-0.051895335907718894,23.489208717060738,18.85366678179862,31.76729765605286,24.208610028734306,-4.635541935262118,-7.558687627318555,-2.923145692056437,,TRUE
1986,TRUE,FALSE,-0.2536561100160156,24.20429972452061,24.562678604034296,29.534369502004875,23.256773247869305,0.35837887951368685,-6.27759625413557,-6.635975133649257,,TRUE
1987,TRUE,FALSE,-0.013109900389290842,30.656773498735507,24.75653947158629,29.253527734073067,23.315685102840025,-5.900234027149217,-5.937842631233043,-0.03760860408382527,,TRUE
1988,TRUE,FALSE,-0.08376179297858372,32.58176685656974,28.09092338672629,29.07127670960336,23.05038608214778,-4.490843469843455,-6.020890627455579,-1.530047157612124,,TRUE
1989,TRUE,FALSE,0.08374388498806602,27.706429141087465,19.968060025029722,29.75599958328394,23.318433295057957,-7.7383691160577435,-6.437566288225984,1.3008028278317596,,TRUE
1990,TRUE,FALSE,-0.0036528876714516816,33.003875831094646,26.196032683070204,31.750756908985974,25.109509728538132,-6.807843148024443,-6.6412471804478415,0.1665959675766011,,TRUE
1991,TRUE,FALSE,-0.0437345303853911,30.152037017474047,24.46530513109013,27.753539308541896,21.555529166151455,-5.686731886383917,-6.198010142390441,-0.5112782560065234,,TRUE
1992,TRUE,FALSE,-0.025067412141197485,26.052170614396466,21.624138365087926,27.777591236719626,22.485515151636186,-4.42803224930854,-5.2920760850834405,-0.8640438357749005,,TRUE
1993,TRUE,FALSE,-0.03959873503670336,34.26610674939633,28.20581666687716,33.00016464913371,26.10913656467034,-6.06029008251917,-6.891028084463368,-0.8307380019441979,,TRUE
1994,TRUE,FALSE,0.04795903112689817,27.49049880868411,21.707200868266995,29.20143092106802,24.190992157818236,-5.783297940417114,-5.010438763249784,0.7728591771673301,,TRUE
1995,TRUE,FALSE,0.020755048419077823,32.69548538515567,26.65740170167645,30.031623318224952,24.99900010322074,-6.038083683479222,-5.032623215004211,1.005460468475011,,TRUE
1996,TRUE,FALSE,-0.06505797539717026,30.255448915354684,26.40043874251499,29.022414822902853,23.72940063230603,-3.8550101728396946,-5.293014190596821,-1.4380040177571267,,TRUE
1997,TRUE,FALSE,0.09361998589891736,40.29264057046271,30.18152778672524,29.49862270248856,24.264752877648707,-10.111112783737468,-5.233869824839854,4.8772429588976145,,TRUE
1998,TRUE,FALSE,-0.21241083842529648,24.355615127601137,22.82615214943988,29.000631008941703,21.97820387526182,-1.5294629781612556,-7.022427133679884,-5.492964155518628,,TRUE
1999,TRUE,FALSE,-0.2005211398854065,25.792398631450855,24.380498459045445,30.1032578883651,23.285154438165364,-1.41190017240541,-6.818103450199736,-5.406203277794326,,TRUE
2000,TRUE,FALSE,-0.09200397326420402,25.502049268286125,23.82997354479158,29.67227271422691,25.289629901500525,-1.6720757234945438,-4.382642812726385,-2.7105670892318408,,TRUE
2001,TRUE,FALSE,-0.07512646517509668,29.28137263459539,26.0360195744048,30.35032517767292,25.033380305088162,-3.2453530601905882,-5.3169448725847595,-2.0715918123941712,,TRUE
2002,TRUE,FALSE,-0.03627210276945427,29.258977102976832,24.769424942438597,30.96825583237093,25.2825431347949,-4.489552160538235,-5.6857126975760295,-1.1961605370377946,,TRUE
2003,TRUE,FALSE,0.03360684833939872,27.96733025543177,22.82668361451408,28.481773925899176,24.04108767243204,-5.140646640917687,-4.440686253467135,0.6999603874505524,,TRUE
2004,TRUE,FALSE,0.03445156132456162,27.678153778942367,22.47294198518811,30.271795687855768,25.440352188623315,-5.2052117937542555,-4.831443499232453,0.3737682945218026,,TRUE
2005,TRUE,FALSE,0.04297191256760624,25.956095095460633,19.615023657554033,29.934923029302432,23.615116365992982,-6.341071437906599,-6.31980666330945,0.021264774597149483,,TRUE
2006,TRUE,FALSE,-0.029072993022845484,26.05185499504658,21.491368694288642,31.49891052422063,25.240311760520473,-4.560486300757937,-6.2585987637001566,-1.6981124629422197,,TRUE
2007,TRUE,FALSE,-0.05627940722746526,34.79121464301468,30.797592185165087,28.331654847492818,23.70703707724386,-3.9936224578495967,-4.624617770248957,-0.6309953123993601,,TRUE
2008,TRUE,FALSE,0.04269540101558302,32.83733662084918,24.423346180303554,30.674544946801124,23.80990957558928,-8.413990440545625,-6.864635371211843,1.5493550693337816,,TRUE
2009,TRUE,FALSE,-0.13089858628475495,27.10156221280093,26.206056041139824,27.564832015728424,23.38374983993445,-0.8955061716611041,-4.181082175793975,-3.2855760041328708,,TRUE
2010,TRUE,FALSE,-0.04474268810296356,25.676391980591973,22.42679235010836,30.383025144841646,25.376555662675784,-3.249599630483612,-5.006469482165862,-1.75686985168225,,TRUE
2011,TRUE,FALSE,0.007852781705179637,31.38450534898289,25.757664969999063,26.76522958346556,22.139743988614647,-5.626840378983829,-4.625485594850911,1.0013547841329178,,TRUE
2012,TRUE,FALSE,-1.5759915705256937e-4,29.96972170810513,24.343260627708037,29.600504190984047,24.0395704215687,-5.6264610803970925,-5.560933769415346,0.06552731098174647,,TRUE
2013,TRUE,FALSE,-0.1294263317781666,25.349039972380126,23.591542673682916,27.583050117744605,22.554228257233977,-1.75749729869721,-5.028821860510629,-3.271324561813419,,TRUE
2014,TRUE,FALSE,-0.08801086978001828,28.577714112623188,24.343321470145348,30.02901809235649,23.42452771917097,-4.2343926424778395,-6.60449037318552,-2.3700977307076805,,TRUE
2015,TRUE,FALSE,-0.01593533503183232,27.135586334817088,21.61638802950561,27.89384508554764,21.86913845399762,-5.519198305311477,-6.024706631550018,-0.5055083262385409,,TRUE
2016,TRUE,FALSE,-0.054066581684413396,25.305180693160448,21.62704531540932,29.114586197414212,23.57314628678765,-3.678135377751129,-5.541439910626561,-1.863304532875432,,TRUE
2017,TRUE,FALSE,-0.020523953151103624,25.384707682016874,20.905441079851382,32.57566128287066,26.28251793494848,-4.479266602165492,-6.293143347922182,-1.8138767457566907,,TRUE
2018,TRUE,FALSE,-0.13045053327670114,26.20694088547906,21.540875582357454,32.0187970011384,23.099261063301565,-4.666065303121606,-8.919535937836837,-4.253470634715232,,TRUE
2019,TRUE,FALSE,-0.05389828402846358,26.868029306779285,21.696336365999773,30.90330959754483,23.64546490831689,-5.171692940779511,-7.257844689227941,-2.0861517484484295,,TRUE
2020,TRUE,FALSE,-0.09919929804128454,29.001760890368992,25.658811106341165,30.00301549181517,24.037835592170087,-3.3429497840278266,-5.965179899645083,-2.6222301156172563,,TRUE
2021,TRUE,FALSE,-0.0012234858663258757,29.33198097705652,23.772924485558057,28.540338696469135,23.103032322429563,-5.559056491498463,-5.437306374039572,0.12175011745889108,,TRUE
2022,TRUE,FALSE,-0.15794455760343412,23.68771890702628,21.517670100922047,33.08857963659393,25.665851620826558,-2.1700488061042336,-7.422728015767369,-5.252679209663135,,TRUE
2023,TRUE,FALSE,-0.25930887057820284,25.48756581757457,26.35916354973562,28.148924833495325,22.462012480587198,0.8715977321610495,-5.686912352908127,-6.558510085069177,,TRUE
2024,TRUE,FALSE,-6.475756539886131e-4,27.973654151261634,21.984742625833185,29.660577661790654,23.295420325178505,-5.988911525428449,-6.36515733661215,-0.3762458111837006,,TRUE
2025,TRUE,FALSE,-0.06099498299476239,24.939864982925922,21.453232699290222,29.979117594897716,24.26206191236252,-3.4866322836357,-5.717055682535197,-2.2304233988994966,,TRUE
2026,TRUE,FALSE,-0.20286751252103444,23.705937649153125,22.158508537454548,30.17268802742326,23.02465590411355,-1.5474291116985768,-7.148032123309708,-5.600603011611131,,TRUE
2027,TRUE,FALSE,-0.02753886071626428,29.012385207222657,23.871816431196994,27.856373094640308,22.298036723012725,-5.140568776025663,-5.558336371627583,-0.41776759560191934,,TRUE
2028,TRUE,FALSE,-0.1020442504076106,27.195379200546682,24.414086114026873,28.633935934001922,23.211817501779123,-2.7812930865198098,-5.422118432222799,-2.6408253457029893,,TRUE
2029,TRUE,FALSE,-0.15598407619380644,21.12687555856888,20.30575146297566,28.611666587662988,23.527941084240577,-0.8211240955932197,-5.083725503422411,-4.262601407829191,,TRUE
2030,TRUE,FALSE,-0.0778350292772121,25.74611027278784,21.555693784038453,30.65332993922529,23.742405413042412,-4.190416488749385,-6.910924526182878,-2.7205080374334933,,TRUE
2031,TRUE,FALSE,-0.02385396572067306,25.495022018652325,21.144264641238053,28.23868827753475,22.867677987390373,-4.350757377414272,-5.371010290144376,-1.020252912730104,,TRUE
2032,TRUE,FALSE,-0.1388373616681245,26.456716359838175,23.667955920795237,30.045354526431506,23.394073138303373,-2.788760439042939,-6.651281388128133,-3.8625209490851944,,TRUE
2033,TRUE,FALSE,-0.11259965658065872,25.913580800199146,23.32058803352735,29.694752646095726,23.877583395180825,-2.592992766671795,-5.817169250914901,-3.224176484243106,,TRUE
2034,TRUE,FALSE,-0.13143535506659895,31.72437733065485,28.336531888669466,25.980742784854403,20.348083116989983,-3.387845441985384,-5.63265966786442,-2.2448142258790362,,TRUE
2035,TRUE,FALSE,-0.08807568400956577,32.58181720403343,27.673671705740844,31.003872591084658,24.113299576668474,-4.908145498292583,-6.890573014416184,-1.9824275161236002,,TRUE
2036,TRUE,FALSE,-0.137579087809372,26.6303675658054,23.42395365557356,29.94743347010721,22.955819930690932,-3.2064139102318414,-6.991613539416278,-3.7851996291844365,,TRUE
2037,TRUE,FALSE,-0.10216032365368442,25.18604564875807,21.169703977880854,27.63501263874411,20.97233574706803,-4.0163416708772175,-6.662676891676082,-2.646335220798864,,TRUE
2038,TRUE,FALSE,0.046320430437559366,31.790178059000873,24.990296161397282,28.86263406787968,23.76463307267494,-6.799881897603591,-5.098000995204739,1.7018809023988517,,TRUE
2039,TRUE,FALSE,0.016234359104921874,30.252607516335203,24.165864735784655,28.936969532840973,23.493248193438117,-6.086742780550548,-5.443721339402856,0.6430214411476918,,TRUE
2040,TRUE,FALSE,-0.1766513597982014,25.312109242758655,23.904600020136815,31.500577623807757,24.931760819428288,-1.4075092226218402,-6.56881680437947,-5.1613075817576295,,TRUE
2041,TRUE,FALSE,0.026371539549694338,28.352761274852785,21.97726850211631,26.71899342453281,21.26431808391052,-6.375492772736475,-5.454675340622288,0.9208174321141875,,TRUE
2042,TRUE,FALSE,-0.23184728655646283,26.363937636000674,26.18781880689911,30.205273562191824,23.794787349813856,-0.17611882910156496,-6.410486212377968,-6.234367383276403,,TRUE
2043,TRUE,FALSE,-0.1272143563110134,26.160601979588485,22.826729223338056,30.106474868790006,23.131690260618164,-3.333872756250429,-6.974784608171841,-3.6409118519214125,,TRUE
2044,TRUE,FALSE,-0.1328285578998026,32.09718893358698,28.606744288455136,28.556946526878505,22.285710976405493,-3.4904446451318414,-6.271235550473012,-2.7807909053411706,,TRUE
2045,TRUE,FALSE,-0.08226193058173006,25.338492208695712,21.559510443241138,28.623940803771266,22.431672172913217,-3.7789817654545743,-6.192268630858049,-2.4132868654034745,,TRUE
2046,TRUE,FALSE,-0.007685405856253999,30.426023554861292,26.40281587540076,27.78086722164513,23.922861136667166,-4.023207679460533,-3.8580060849779656,0.16520159448256777,,TRUE
2047,TRUE,FALSE,0.01841050914795804,29.04630837071213,23.33967336671217,29.219201065447038,23.914854868605318,-5.70663500399996,-5.3043461968417205,0.40228880715823934,,TRUE
2048,TRUE,FALSE,-0.13048390947499286,29.053165786061754,26.270623449697215,31.88818486987234,25.306860696486126,-2.782542336364539,-6.581324173386214,-3.798781837021675,,TRUE
2049,TRUE,FALSE,-0.13799880033202075,26.366075852092422,23.727228951230668,28.311761588088636,22.194036643481123,-2.638846900861754,-6.117724944607513,-3.478878043745759,,TRUE
2050,TRUE,FALSE,-0.16857042901607644,28.111383427307526,26.433853113355173,29.093062786034253,23.113115561153567,-1.677530313952353,-5.979947224880686,-4.302416910928333,,TRUE
2051,TRUE,FALSE,-0.1088825579505635,33.983245604305196,29.132330307532758,30.66314329461891,23.574362081457195,-4.850915296772438,-7.088781213161713,-2.237865916389275,,TRUE
2052,TRUE,FALSE,0.008227841705528332,26.819559049585074,21.79205559683494,29.06978331353417,23.815607591280884,-5.027503452750135,-5.2541757222532866,-0.2266722695031511,,TRUE
2053,TRUE,FALSE,0.02418134689414411,27.911302483791513,22.192509530204365,28.817621345478187,23.473955004624433,-5.718792953587148,-5.343666340853755,0.37512661273339276,,TRUE
2054,TRUE,FALSE,-0.10847975380875816,27.953087297949086,25.861253929878615,29.49618524323725,24.483499413711375,-2.0918333680704713,-5.012685829525875,-2.9208524614554037,,TRUE
2055,TRUE,FALSE,-0.013522621145294091,25.006574954630533,21.150505709077844,30.434045526151596,25.3953048007888,-3.856069245552689,-5.038740725362796,-1.1826714798101072,,TRUE
2056,TRUE,FALSE,-0.04484456153598122,28.226740238046997,23.66813010019476,29.14188460512762,23.363887683954317,-4.558610137852238,-5.777996921173301,-1.2193867833210632,,TRUE
2057,TRUE,FALSE,0.11374649980389878,28.12132267117268,20.848629749587428,28.781196966334242,23.908377361677353,-7.272692921585254,-4.87281960465689,2.399873316928364,,TRUE
2058,TRUE,FALSE,-0.09188620584250197,24.9712471272772,21.61488464900781,26.028077527768303,20.551764229337458,-3.3563624782693893,-5.476313298430846,-2.1199508201614563,,TRUE
2059,TRUE,FALSE,-0.17461413103424936,27.605342349819207,26.834509558363678,25.513218202733423,20.827244463338914,-0.7708327914555291,-4.685973739394509,-3.91514094793898,,TRUE
2060,TRUE,FALSE,-0.20922615120595328,27.12527343036732,26.314552230976766,32.675111242510695,25.71420912989536,-0.810721199390553,-6.9609021126153365,-6.1501809132247836,,TRUE
2061,TRUE,FALSE,0.0036016005776288045,35.77346446953721,27.4783084096153,28.257521078496428,21.783477319002074,-8.295156059921911,-6.474043759494354,1.8211123004275578,,TRUE
2062,TRUE,FALSE,-0.12103599714888985,26.14462943406691,24.324683972471956,28.853819800266173,23.784978624502582,-1.8199454615949548,-5.068841175763591,-3.2488957141686363,,TRUE
2063,TRUE,FALSE,-0.02910227470616327,30.75399074146717,25.197245967603873,30.532301650666057,24.298092625900022,-5.556744773863297,-6.2342090247660344,-0.6774642509027373,,TRUE
2064,TRUE,FALSE,0.02892242445044359,27.16083817533978,21.43929128216355,29.036023247527933,23.5920261853478,-5.721546893176232,-5.443997062180131,0.27754983099610087,,TRUE
2065,TRUE,FALSE,-0.09680865514943307,27.118126810338158,23.34679224350286,32.006576677560446,25.012856557030705,-3.7713345668352964,-6.993720120529741,-3.222385553694444,,TRUE
2066,TRUE,FALSE,0.005081549086404861,31.035712387988248,25.536335685936546,28.326743397978166,23.426121817581226,-5.499376702051702,-4.90062158039694,0.5987551216547615,,TRUE
2067,TRUE,FALSE,-0.00937254366030785,24.624026032533752,19.94427077877523,31.62921373914238,25.379148814109623,-4.679755253758522,-6.250064925032756,-1.5703096712742344,,TRUE
2068,TRUE,FALSE,-0.08325279300690051,24.18268153873616,21.810851665168105,29.981270062102475,24.880663937071787,-2.3718298735680534,-5.100606125030687,-2.7287762514626337,,TRUE
2069,TRUE,FALSE,-0.03882697214892343,29.90556095394491,25.166330740410604,27.986086883303297,22.654150694409417,-4.739230213534306,-5.331936188893881,-0.5927059753595749,,TRUE
2070,TRUE,FALSE,-0.02260351686059409,27.554614109560344,21.67492288666704,29.89100645960334,22.987258704726205,-5.879691222893303,-6.903747754877134,-1.024056531983831,,TRUE
2071,TRUE,FALSE,-0.061620210871541216,22.94807815532984,19.844157080746097,29.167904919815793,23.715389063967123,-3.1039210745837416,-5.45251585584867,-2.3485947812649286,,TRUE
2072,TRUE,FALSE,-0.07190986269481206,32.17543534650893,27.18645361825474,28.33028972269769,22.276609225925846,-4.988981728254188,-6.053680496771843,-1.0646987685176548,,TRUE
2073,TRUE,FALSE,-0.11324357853697975,27.41799410639304,23.076452463362724,31.347034396117873,23.55856136057468,-4.341541643030315,-7.788473035543195,-3.44693139251288,,TRUE
2074,TRUE,FALSE,-0.1202132601000852,29.068322626899096,28.19325151282216,28.719687071805264,24.699999359641826,-0.8750711140769347,-4.019687712163439,-3.144616598086504,,TRUE
2075,TRUE,FALSE,-0.07982055523671754,19.743719316257785,17.47734253952228,27.075586223896025,22.128841165793222,-2.2663767767355054,-4.9467450581028025,-2.680368281367297,,TRUE
2076,TRUE,FALSE,-0.1337340446155568,33.42131346454352,30.840741469430927,32.89206127542005,26.552928744656242,-2.580571995112596,-6.339132530763806,-3.7585605356512097,,TRUE
2077,TRUE,FALSE,-0.09550533082660713,25.515051680785994,22.40986460811342,27.964643810194765,22.32413469549971,-3.1051870726725745,-5.640509114695057,-2.5353220420224822,,TRUE
2078,TRUE,FALSE,-0.001171534431187496,26.96347106747038,22.579679211649392,29.196799848796367,24.42128040490255,-4.383791855820988,-4.775519443893817,-0.39172758807282904,,TRUE
2079,TRUE,FALSE,0.06444926216458648,30.729354288257326,23.795658872888254,28.08184267298121,23.193156615027224,-6.933695415369073,-4.888686057953986,2.0450093574150863,,TRUE
2080,TRUE,FALSE,-0.05899855015467457,26.85756761630194,22.34634538738252,27.911561957196206,21.89279574076113,-4.511222228919419,-6.0187662164350755,-1.5075439875156569,,TRUE
2081,TRUE,FALSE,-0.004768992583970185,30.94282293010127,25.3315973195788,30.19191128552421,24.599263421386134,-5.611225610522467,-5.592647864138076,0.018577746384391247,,TRUE
2082,TRUE,FALSE,0.07258670940754151,29.87664714062594,21.916206816424676,28.166749593269845,22.21745311825746,-7.960440324201265,-5.949296475012385,2.01114384918888,,TRUE
2083,TRUE,FALSE,0.081080388181154,30.048439054410622,23.571773247941426,25.72807631647231,21.88721070460597,-6.476665806469196,-3.8408656118663416,2.6358001946028544,,TRUE
2084,TRUE,FALSE,0.014797112545458884,31.471970286892766,24.27509658813348,27.85415611934855,21.804862069247488,-7.196873698759287,-6.049294050101061,1.1475796486582261,,TRUE
2085,TRUE,FALSE,-0.10578914708942615,26.193949810168387,22.886031006505203,31.706062851607825,24.921154885108162,-3.307918803663185,-6.784907966499663,-3.476989162836478,,TRUE
2086,TRUE,FALSE,-0.05863224501196331,24.782747101205562,22.098334851642676,27.69982290689699,23.292893285578995,-2.684412249562886,-4.406929621317996,-1.72251737175511,,TRUE
2087,TRUE,FALSE,0.035467363859842456,28.858033664870216,22.52660290654838,28.73356796118934,23.239233819772583,-6.3314307583218365,-5.494334141416758,0.8370966169050789,,TRUE
2088,TRUE,FALSE,-0.09978793058371278,27.66681489065343,24.300918874100752,31.509854591615508,25.04797277908708,-3.3658960165526786,-6.4618818125284285,-3.09598579597575,,TRUE
2089,TRUE,FALSE,-0.07521439980349422,32.891670909311486,29.161321072770264,29.653585915411114,24.385590592028436,-3.7303498365412224,-5.267995323382678,-1.5376454868414555,,TRUE
2090,TRUE,FALSE,-0.08225716288567077,35.22139207668514,28.161282467441193,33.43936452936511,24.6252186646068,-7.060109609243948,-8.81414586475831,-1.754036255514361,,TRUE
2091,TRUE,FALSE,-0.1296031631209986,25.992928827757442,23.436489203090762,26.480955855619346,20.974183140487632,-2.5564396246666803,-5.506772715131714,-2.9503330904650333,,TRUE
2092,TRUE,FALSE,-0.01021639096295786,36.2718548818745,28.223823247736334,30.82992034495438,23.745513126484592,-8.04803163413817,-7.084407218469789,0.9636244156683809,,TRUE
2093,TRUE,FALSE,0.0034799581402296846,33.09633276565438,25.739171215907227,28.36634901795464,22.13754479774727,-7.357161549747154,-6.228804220207369,1.128357329539785,,TRUE
2094,TRUE,FALSE,-0.07219089105091189,32.83637268517435,26.26940340518297,29.89779742928597,22.252669769702504,-6.566969279991376,-7.645127659583466,-1.0781583795920895,,TRUE
2095,TRUE,FALSE,0.049893223688970506,25.243061616815265,19.863010682553185,27.620327844224057,22.845476970013646,-5.38005093426208,-4.774850874210411,0.6052000600516685,,TRUE
2096,TRUE,FALSE,0.030572785105800006,28.754486648502443,22.451873767808177,29.776138340818978,23.971374597698926,-6.302612880694266,-5.804763743120052,0.4978491375742138,,TRUE
2097,TRUE,FALSE,-0.15179957513588435,30.519041989774884,27.127366683824896,32.2956756476689,24.66353921676537,-3.3916753059499882,-7.6321364309035324,-4.240461124953544,,TRUE
2098,TRUE,FALSE,-0.07759896910440252,28.16591685352801,23.733935382115906,33.434314573652,26.069787005777705,-4.431981471412104,-7.364527567874298,-2.932546096462193,,TRUE
2099,TRUE,FALSE,0.08357482260444164,26.35217739920492,20.4124256991724,27.596393725238222,23.23948653370662,-5.93975170003252,-4.356907191531601,1.5828445085009193,,TRUE
2100,TRUE,FALSE,-0.11172487777856076,29.959499245809866,25.063718816740394,32.43690752063332,24.26771602236704,-4.895780429069472,-8.16919149826628,-3.2734110691968077,,TRUE
2101,TRUE,FALSE,-0.04758622387279986,27.429091566601798,22.75913964573664,28.971519197164636,22.92182808674817,-4.669951920865159,-6.049691110416465,-1.3797391895513051,,TRUE
2102,TRUE,FALSE,0.08721981240858151,30.915313407021713,24.150114405851884,30.17266921525594,25.71806879690644,-6.7651990011698295,-4.4546004183495,2.3105985828203295,,TRUE
2103,TRUE,FALSE,0.020929876864970668,26.629288564170047,21.28226841087666,27.749907938442092,22.64694519090662,-5.347020153293386,-5.1029627475354715,0.24405740575791413,,TRUE
2104,TRUE,FALSE,-0.00795183928273708,33.402198183500694,25.947463695794593,30.639032888395555,23.612473166545563,-7.4547344877061015,-7.026559721849992,0.4281747658561095,,TRUE
2105,TRUE,FALSE,-0.1079793121091229,25.051542023325197,21.274943256052666,28.65951758089681,21.847814671337787,-3.7765987672725316,-6.811702909559024,-3.0351041422864924,,TRUE
2106,TRUE,FALSE,-0.07065876142337084,32.48578405896425,25.8733289512767,27.660613189355555,20.5274049704992,-6.612455107687548,-7.133208218856353,-0.5207531111688048,,TRUE
2107,TRUE,FALSE,-0.05122457654451329,30.99269592815471,24.902293058019144,29.949709137261802,22.862622338789116,-6.090402870135566,-7.087086798472686,-0.99668392833712,,TRUE
2108,TRUE,FALSE,-0.1893747110666525,26.57205083488153,25.11271384404639,30.059652882497183,23.507591895237724,-1.4593369908351406,-6.552060987259459,-5.0927239964243185,,TRUE
2109,TRUE,FALSE,-0.16089745102782493,25.520740560017092,23.073176556258844,29.198996123937977,22.47528264516059,-2.4475640037582487,-6.723713478777388,-4.276149475019139,,TRUE
2110,TRUE,FALSE,0.06103457352760968,24.020092442530526,18.101633661723632,29.593828602363914,23.70561515618417,-5.918458780806894,-5.888213446179744,0.030245334627149845,,TRUE
2111,TRUE,FALSE,-0.13178160485129947,22.005868625267755,19.441027355328742,26.76265590224963,20.724205109494438,-2.564841269939013,-6.038450792755192,-3.4736095228161794,,TRUE
2112,TRUE,FALSE,-0.055706763254659675,32.12172693561591,28.296010351296907,31.122094208310028,25.92996872390731,-3.8257165843190037,-5.192125484402716,-1.3664089000837123,,TRUE
2113,TRUE,FALSE,-0.11896755737463591,23.44168873085155,21.295043802848998,27.223760104707793,21.95688858993183,-2.1466449280025515,-5.266871514775964,-3.1202265867734127,,TRUE
2114,TRUE,FALSE,-0.09420805151401866,31.010783582300633,26.56300739784706,30.579977470705337,23.838977693702084,-4.4477761844535735,-6.740999777003253,-2.29322359254968,,TRUE
2115,TRUE,FALSE,0.07778685427354014,29.93691473863771,23.14556462747313,29.944226769000107,25.023971909512778,-6.791350111164579,-4.920254859487329,1.87109525167725,,TRUE
2116,TRUE,FALSE,0.009462216051596428,35.51762681769407,28.862030712018647,29.435682834612592,24.147181569666678,-6.655596105675425,-5.288501264945914,1.3670948407295107,,TRUE
2117,TRUE,FALSE,-0.1617347934774147,25.523504268722665,23.134464075214435,31.206547637389868,24.061590954507825,-2.3890401935082295,-7.144956682882043,-4.7559164893738135,,TRUE
2118,TRUE,FALSE,-0.1016101944066013,31.82126013900165,26.978104629688726,32.456827258819686,24.85829731880053,-4.8431555093129255,-7.598529940019155,-2.7553744307062296,,TRUE
2119,TRUE,FALSE,0.014387963766247904,31.745904588116126,25.77824216220601,31.28751711865518,25.774206636424406,-5.967662425910117,-5.513310482230775,0.45435194367934173,,TRUE
2120,TRUE,FALSE,0.07261756549474317,29.54643046677004,22.07180450095786,28.98389543611274,23.282359034204283,-7.47462596581218,-5.701536401908456,1.7730895639037243,,TRUE
2121,TRUE,FALSE,0.1519955684655744,29.264449014470596,21.112607693322435,29.057028693632034,24.404143221038318,-8.151841321148162,-4.6528854725937165,3.498955848554445,,TRUE
2122,TRUE,FALSE,-0.06970250375974484,29.34223364380909,25.497718982217602,28.517111532787165,23.112252889697935,-3.8445146615914894,-5.404858643089231,-1.5603439814977413,,TRUE
2123,TRUE,FALSE,-0.0960600239461144,34.494902540009214,27.532479792567177,29.419830438184267,21.331050009818792,-6.962422747442037,-8.088780428365475,-1.1263576809234372,,TRUE
2124,TRUE,FALSE,-0.014779332515223615,31.13772780098284,25.55998358606236,31.136861802754343,25.18430146274709,-5.577744214920482,-5.952560340007253,-0.3748161250867703,,TRUE
2125,TRUE,FALSE,-0.11504204060282762,29.136935528903305,27.671861018286332,25.322683259080417,21.435918349814877,-1.4650745106169722,-3.8867649092655405,-2.4216903986485683,,TRUE
2126,TRUE,FALSE,-0.06502371411071742,29.25091986204231,25.872660106998392,27.427620559255217,22.73265953549704,-3.378259755043917,-4.694961023758179,-1.3167012687142616,,TRUE
2127,TRUE,FALSE,-0.03683476076445457,23.06362931159517,18.661220473358515,28.847639973167595,22.497048809508104,-4.402408838236656,-6.350591163659491,-1.9481823254228345,,TRUE
2128,TRUE,FALSE,-0.03476017120684793,26.06890961007642,22.48729706017045,30.029945249230426,25.01916323550681,-3.5816125499059694,-5.010782013723617,-1.4291694638176473,,TRUE
2129,TRUE,FALSE,-0.013364394824131674,32.55933952227482,25.360606762674266,30.749504775973993,23.632958720836783,-7.198732759600553,-7.11654605513721,0.08218670446334286,,TRUE
2130,TRUE,FALSE,-0.036952612940058846,24.91615763015191,22.23077597930549,27.75394842130474,23.864372179977824,-2.68538165084642,-3.8895762413269175,-1.2041945904804976,,TRUE
2131,TRUE,FALSE,-0.133249696421854,25.237368124899735,22.68058624860202,31.872076105908555,25.06980519771625,-2.556781876297716,-6.802270908192305,-4.245489031894589,,TRUE
2132,TRUE,FALSE,0.007189357565106006,33.870151333622324,26.004224234109,26.424119344636093,20.433821049481278,-7.865927099513325,-5.990298295154815,1.8756288043585094,,TRUE
2133,TRUE,FALSE,0.005758727921732764,28.51417505632929,23.91529816468849,26.740039112000662,22.556827076969977,-4.598876891640799,-4.183212035030685,0.415664856610114,,TRUE
2134,TRUE,FALSE,-0.012264413173399123,24.167521091395706,19.525900286745546,29.889066588784075,23.854204961444907,-4.6416208046501595,-6.034861627339168,-1.393240822689009,,TRUE
2135,TRUE,FALSE,-0.11934642353492013,26.994926909737767,23.630229772874515,33.481030385741256,26.010764110127386,-3.364697136863253,-7.47026627561387,-4.105569138750617,,TRUE
2136,TRUE,FALSE,-0.1673443471010213,26.23762931835617,25.466472652860286,25.69259467417419,21.094801454062477,-0.7711566654958837,-4.597793220111715,-3.826636554615831,,TRUE
2137,TRUE,FALSE,-0.18620725849346814,24.147670101084515,22.81464078107116,30.754934952294843,24.12039574915161,-1.333029320013356,-6.634539203143234,-5.301509883129878,,TRUE
2138,TRUE,FALSE,-0.04573940183491811,27.054793629918386,22.799845686442307,28.471166691952526,22.9207369126915,-4.254947943476079,-5.550429779261027,-1.2954818357849476,,TRUE
2139,TRUE,FALSE,-0.059104063705588336,28.932644323964798,23.831323281905878,28.59407216954831,22.200740994787395,-5.10132104205892,-6.393331174760913,-1.2920101327019928,,TRUE
2140,TRUE,FALSE,-0.07743463182530351,32.714452091069624,27.894072911039956,33.4100379543647,26.364516816587063,-4.8203791800296685,-7.045521137777634,-2.225141957747965,,TRUE
2141,TRUE,FALSE,-0.09611314997919082,26.967872864737874,23.255894638776727,27.31271074474786,21.394875014261398,-3.711978225961147,-5.917835730486463,-2.2058575045253157,,TRUE
2142,TRUE,FALSE,-0.16149219125730108,30.482327837645563,28.698937004143367,27.83125949596093,22.295405445328615,-1.783390833502196,-5.535854050632313,-3.752463217130117,,TRUE
2143,TRUE,FALSE,-0.10619216394281378,33.640948130019964,29.446161705595838,32.68941510379875,25.730542596110045,-4.194786424424127,-6.958872507688707,-2.76408608326458,,TRUE
2144,TRUE,FALSE,0.04781683878062699,33.6645291876416,25.859000377782557,28.0848956626419,22.629689310784553,-7.805528809859041,-5.455206351857349,2.350322458001692,,TRUE
2145,TRUE,FALSE,-0.11811821378768389,27.223864276225537,23.294993015954844,31.89555889871343,24.251853817754718,-3.928871260270693,-7.643705080958711,-3.7148338206880176,,TRUE
2146,TRUE,FALSE,-0.0714480493784638,29.756663525006843,25.312958949600837,28.57457384063475,22.631271206524428,-4.443704575406006,-5.943302634110321,-1.499598058704315,,TRUE
2147,TRUE,FALSE,-0.1275109422328606,29.06040291004965,25.8080124751405,33.06112737996715,25.84599696201398,-3.252390434909149,-7.215130417953166,-3.962739983044017,,TRUE
2148,TRUE,FALSE,-0.0012979640123388472,23.68253464633815,20.046732679142618,27.564929230546333,23.30282646602588,-3.6358019671955333,-4.262102764520453,-0.6263007973249195,,TRUE
2149,TRUE,FALSE,0.0022507124272323127,25.78137451505936,20.97127431092782,26.575752326817724,21.666152365700352,-4.810100204131537,-4.909599961117372,-0.09949975698583557,,TRUE
2150,TRUE,FALSE,-0.08269516241422178,25.997407254460594,23.463532084334595,28.085245784218305,23.33605973936901,-2.5338751701259987,-4.749186044849296,-2.215310874723297,,TRUE
2151,TRUE,FALSE,-0.08741804140357358,27.215439872533047,24.878896466058404,31.22263067672003,26.152913276782176,-2.336543406474643,-5.069717399937854,-2.733173993463211,,TRUE
2152,TRUE,FALSE,-0.08156025844010349,31.87112033629508,27.755868995553193,27.86703958770963,22.3680004744325,-4.115251340741885,-5.4990391132771315,-1.3837877725352463,,TRUE
2153,TRUE,FALSE,-0.057987910837898816,28.00214911533012,24.086223710548815,28.30691660061323,22.976617129169664,-3.915925404781305,-5.330299471443567,-1.414374066662262,,TRUE
2154,TRUE,FALSE,-0.028520572924375258,35.809247821575916,30.912310329708152,28.216854270897343,23.673285391276522,-4.896937491867764,-4.543568879620821,0.3533686122469426,,TRUE
2155,TRUE,FALSE,-0.015930405949531972,26.86357993939339,21.08520903484887,28.356989521529336,21.90562548324858,-5.77837090454452,-6.4513640382807544,-0.6729931337362345,,TRUE
2156,TRUE,FALSE,-0.12786366273636987,29.819551766549353,26.182604751960007,30.352302564302452,23.45162269301455,-3.636947014589346,-6.9006798712879025,-3.2637328566985566,,TRUE
2157,TRUE,FALSE,-0.14859545554270748,30.213080963121644,26.011279152832337,30.962391481294663,22.975607665281284,-4.201801810289307,-7.986783816013379,-3.7849820057240713,,TRUE
2158,TRUE,FALSE,-0.057440669476603354,33.663738137297706,29.654811116170475,26.277016049689816,21.855598449926074,-4.008927021127231,-4.421417599763743,-0.4124905786365112,,TRUE
2159,TRUE,FALSE,0.047375341422825346,26.564454855279287,20.402609600727644,28.351142203350964,22.831277952959752,-6.161845254551643,-5.519864250391212,0.6419810041604315,,TRUE
2160,TRUE,FALSE,-0.1261939576811045,30.666786687670708,27.04440650604507,30.715105025454207,23.875685418443922,-3.622380181625637,-6.839419607010285,-3.217039425384648,,TRUE
2161,TRUE,FALSE,0.032266827210898366,25.493917320137953,20.808733399639337,28.303862821613166,23.85987086194735,-4.685183920498616,-4.443991959665816,0.2411919608328006,,TRUE
2162,TRUE,FALSE,-0.06768527575358252,25.555050346318207,22.626187061324178,28.94536582228578,23.950706752076194,-2.92886328499403,-4.994659070209586,-2.065795785215556,,TRUE
2163,TRUE,FALSE,0.019667542532572104,27.189034462428356,21.522745105221272,28.755655574215066,23.214998262109095,-5.666289357207084,-5.540657312105971,0.12563204510111348,,TRUE
2164,TRUE,FALSE,-0.2567156258323067,24.18227605999701,23.312088502455317,31.64252781520138,23.597445913258873,-0.8701875575416942,-8.045081901942506,-7.174894344400812,,TRUE
2165,TRUE,FALSE,0.032152871899497025,23.462917152129055,17.9600217740812,28.82299097587069,22.78388145681931,-5.502895378047857,-6.039109519051383,-0.5362141410035264,,TRUE
2166,TRUE,FALSE,-0.03203780881723461,23.913093793077497,19.33768230207278,29.18896406924042,22.859856089642346,-4.5754114910047186,-6.329107979598074,-1.7536964885933557,,TRUE
2167,TRUE,FALSE,-0.07374175573304886,25.29017566277068,22.06435279060445,28.74194431362364,23.2932374025494,-3.22582287216623,-5.44870691107424,-2.22288403890801,,TRUE
2168,TRUE,FALSE,0.04527358724000274,30.55808944268583,25.164967972721264,28.944108627669838,24.939769358236713,-5.393121469964566,-4.004339269433125,1.3887822005314412,,TRUE
2169,TRUE,FALSE,-0.19132551241313867,27.76006821497134,25.328146270774432,30.371910167466407,22.88565617551865,-2.431921944196908,-7.4862539919477555,-5.054332047750847,,TRUE
2170,TRUE,FALSE,-0.1433708419266028,30.98895652210537,28.63397163403234,29.81788465302543,23.871862406677476,-2.35498488807303,-5.946022246347955,-3.5910373582749244,,TRUE
2171,TRUE,FALSE,-0.0316906572214774,25.531023374995296,21.255482902466355,28.836338854541157,23.25839787475122,-4.275540472528942,-5.577940979789936,-1.3024005072609945,,TRUE
2172,TRUE,FALSE,-0.12092880229623718,29.502840211988836,26.40726532152826,29.70117517226353,23.55670392309894,-3.0955748904605755,-6.144471249164589,-3.048896358704013,,TRUE
2173,TRUE,FALSE,-0.13978314174728224,27.67694170386629,25.451851466400914,31.09050428593344,24.86119501808906,-2.225090237465377,-6.229309267844382,-4.004219030379005,,TRUE
2174,TRUE,FALSE,-0.11611731820082709,31.005876815593773,28.130023516102387,28.584515682753665,23.09020589942791,-2.8758532994913857,-5.494309783325754,-2.6184564838343682,,TRUE
2175,TRUE,FALSE,-0.04765709352724392,28.77866027710522,23.438496749947006,27.864195317273143,21.63756944793001,-5.340163527158214,-6.226625869343135,-0.8864623421849203,,TRUE
2176,TRUE,FALSE,0.014890641899292713,29.84853682513402,24.68950337707162,29.94599966521817,25.141723532766893,-5.159033448062399,-4.804276132451278,0.35475731561112056,,TRUE
2177,TRUE,FALSE,0.0021576384428965718,27.8653102983091,22.834871119331993,29.319873608832378,24.07874378287906,-5.030439178977108,-5.241129825953319,-0.21069064697621087,,TRUE
2178,TRUE,FALSE,-0.023753544657825306,29.977896894672803,23.745817237163877,29.00022447976914,22.432169896855452,-6.232079657508926,-6.568054582913689,-0.3359749254047628,,TRUE
2179,TRUE,FALSE,-0.13998694101861375,30.183988497889608,26.91351710828543,29.076333776753412,22.53916997800916,-3.270471389604179,-6.537163798744253,-3.2666924091400737,,TRUE
2180,TRUE,FALSE,-0.0156275737500358,35.85817683717104,30.318646223706644,31.193259178436527,25.965422008930723,-5.539530613464393,-5.227837169505804,0.311693443958589,,TRUE
2181,TRUE,FALSE,0.06507487178223062,29.949283386600786,23.505928006687437,27.11144965101929,22.709384529430483,-6.443355379913349,-4.402065121588805,2.041290258324544,,TRUE
2182,TRUE,FALSE,0.02924385560042512,27.91501631568753,21.51723246506243,28.114024782046098,22.31372077957188,-6.3977838506251,-5.800304002474217,0.5974798481508827,,TRUE
2183,TRUE,FALSE,-0.03136580495474453,31.103426598446365,24.146784429052634,30.026110200825997,22.590619785397962,-6.9566421693937315,-7.435490415428035,-0.4788482460343033,,TRUE
2184,TRUE,FALSE,-0.050553314490020575,32.38519041978379,26.67495159889047,31.88573933853052,24.96885636509345,-5.71023882089332,-6.916882973437069,-1.206644152543749,,TRUE
2185,TRUE,FALSE,-0.0752624284662036,29.76405625008413,24.44355889753521,33.0177320096335,25.149740146655155,-5.320497352548923,-7.867991862978343,-2.54749451042942,,TRUE
2186,TRUE,FALSE,0.02243606174161719,30.967257720295617,24.225326073939712,30.165112082432966,24.133242899161957,-6.741931646355905,-6.031869183271009,0.7100624630848955,,TRUE
2187,TRUE,FALSE,-0.12843938204624447,34.26311982782741,29.20680979370467,31.241813546861508,23.421404710933984,-5.056310034122738,-7.820408835927523,-2.764098801804785,,TRUE
2188,TRUE,FALSE,-0.15648054542085368,25.541243317604003,23.245649982134896,28.26150613210571,21.99562593240463,-2.295593335469107,-6.26588019970108,-3.970286864231973,,TRUE
2189,TRUE,FALSE,-0.17021453852209478,27.252762108847744,25.190530355079854,33.0696206576153,25.782959367679528,-2.0622317537678896,-7.2866612899357754,-5.224429536167886,,TRUE
2190,TRUE,FALSE,-0.15676588658381277,29.547031883542154,27.317775326054797,30.996717211333397,24.4999168117491,-2.229256557487357,-6.4968003995842984,-4.267543842096941,,TRUE
2191,TRUE,FALSE,0.0468938603060052,30.285412072941984,21.731757706679385,29.729402250761105,22.356987763837015,-8.553654366262599,-7.3724144869240895,1.1812398793385093,,TRUE
2192,TRUE,FALSE,-0.07431876398971674,26.43138547827322,22.132479036815226,28.231385313125795,21.94654164058044,-4.298906441457994,-6.284843672545357,-1.9859372310873624,,TRUE
2193,TRUE,FALSE,-0.04934840566728569,27.16863782768865,21.775585409723163,29.261803665236847,22.323964675359633,-5.393052417965485,-6.937838989877214,-1.5447865719117289,,TRUE
2194,TRUE,FALSE,-0.17447132157686973,22.3376344154571,21.184084279712764,32.52333867471354,25.905722321788033,-1.1535501357443358,-6.617616352925509,-5.464066217181173,,TRUE
2195,TRUE,FALSE,-0.12609337908819618,20.22538826276313,18.111431549830545,30.069932141474705,23.73704760091733,-2.113956712932584,-6.332884540557377,-4.218927827624793,,TRUE
2196,TRUE,FALSE,-0.04819158960892618,30.252505934693264,25.35656390630994,29.692340698612895,23.71614737247806,-4.895942028383324,-5.976193326134837,-1.0802512977515129,,TRUE
2197,TRUE,FALSE,-0.07009873308188344,26.149165745626377,22.883911193729055,26.6993568562499,21.78360347418324,-3.2652545518973213,-4.915753382066658,-1.6504988301693366,,TRUE
2198,TRUE,FALSE,-0.04285796361845435,27.511150197006874,22.686411705597923,27.50383403235369,21.728879069409924,-4.824738491408951,-5.774954962943767,-0.9502164715348158,,TRUE
2199,TRUE,FALSE,-0.1517122629256494,29.480173242922515,25.20102546699155,32.140050383489545,23.60733356175422,-4.279147775930966,-8.532716821735324,-4.253569045804358,,TRUE
2200,TRUE,FALSE,0.009605047277987085,23.522789629948125,19.962971214486522,28.178501203695923,24.14491409262996,-3.559818415461603,-4.0335871110659625,-0.47376869560435964,,TRUE
2201,TRUE,FALSE,-0.11016290005061691,26.575941625092693,24.306731328579612,26.505419497137723,21.713480446661084,-2.26921029651308,-4.791939050476639,-2.522728753963559,,TRUE
2202,TRUE,FALSE,0.15956987347828772,29.310930168638976,21.372099281140315,29.908541252639942,25.580741504983575,-7.938830887498661,-4.327799747656368,3.611031139842293,,TRUE
2203,TRUE,FALSE,0.029898928963470243,28.073143198518284,21.41610425337356,26.347883724318525,20.710000501555623,-6.657038945144723,-5.637883222762902,1.0191557223818215,,TRUE
2204,TRUE,FALSE,-0.0752941676559308,27.493564936658107,23.342808553115685,29.41967136160994,23.166478780873963,-4.150756383542422,-6.253192580735977,-2.102436197193555,,TRUE
2205,TRUE,FALSE,0.1031795003027243,30.271174710431676,23.09182043129407,28.598390299293484,24.1869314414263,-7.1793542791376055,-4.411458857867185,2.7678954212704205,,TRUE
2206,TRUE,FALSE,-0.015016258925140502,30.252172350753924,24.787752581948954,27.93447017220142,22.547559769833555,-5.464419768804969,-5.386910402367864,0.0775093664371056,,TRUE
2207,TRUE,FALSE,-0.052384028287728576,25.937372174781093,23.315772997351846,26.940744550504004,22.98176313216147,-2.621599177429246,-3.9589814183425354,-1.3373822409132892,,TRUE
2208,TRUE,FALSE,-0.0015299140430662936,31.54510988184507,25.692234924099576,27.769420121872788,22.5825103341822,-5.852874957745495,-5.186909787690588,0.665965170054907,,TRUE
2209,TRUE,FALSE,-0.1758778681688253,27.320657026534995,25.781906498148548,30.465531099754546,24.112922790839104,-1.5387505283864478,-6.352608308915443,-4.813857780528995,,TRUE
2210,TRUE,FALSE,0.025152421166678124,27.734765333046543,22.178056381817786,27.775411887144926,22.77629363838478,-5.556708951228757,-4.999118248760148,0.5575907024686089,,TRUE
2211,TRUE,FALSE,-0.025171274904149953,28.369152673586317,24.48251692471251,26.885530936581628,22.625415863335416,-3.8866357488738075,-4.260115073246212,-0.37347932437240416,,TRUE
2212,TRUE,FALSE,-0.08236624472468658,27.688362553593567,24.060207801681173,31.75503995726761,25.412275727970705,-3.628154751912394,-6.342764229296904,-2.71460947738451,,TRUE
2213,TRUE,FALSE,-0.10187859709522205,28.63504830138513,24.43125151420692,26.628207779537014,20.518443806923333,-4.203796787178209,-6.109763972613681,-1.9059671854354718,,TRUE
2214,TRUE,FALSE,-0.10062486085878063,26.221105349108843,23.321445040323756,30.80504744181073,24.775676479871198,-2.899660308785087,-6.029370961939531,-3.1297106531544436,,TRUE
2215,TRUE,FALSE,-0.027177890355974413,33.50459917023292,27.001318154676717,30.72372786831862,24.096348818838543,-6.503281015556205,-6.627379049480076,-0.12409803392387175,,TRUE
2216,TRUE,FALSE,-0.08287016004237195,29.70065765592049,25.438223846532534,27.486149656142157,21.669284536919854,-4.262433809387957,-5.816865119222303,-1.5544313098343459,,TRUE
2217,TRUE,FALSE,-0.06491871690026609,30.734831227458706,26.334146903981193,29.809472033916975,23.935850570021667,-4.400684323477513,-5.873621463895308,-1.4729371404177947,,TRUE
2218,TRUE,FALSE,-0.04769264707356856,30.57611892717062,25.12316287865511,27.758849106767535,21.746068800944542,-5.45295604851551,-6.012780305822993,-0.5598242573074828,,TRUE
2219,TRUE,FALSE,-0.18994822890402518,22.976567131697387,22.690766938401634,29.10148211367405,23.767618771062978,-0.2858001932957528,-5.333863342611071,-5.048063149315318,,TRUE
2220,TRUE,FALSE,0.0581473402156998,25.0175205395714,19.350755331239814,28.36095275588933,23.25024545785501,-5.6667652083315865,-5.1107072980343204,0.556057910297266,,TRUE
2221,TRUE,FALSE,-0.02721292776347833,24.20557247960776,20.531670615550773,28.520144404177117,23.541938760494087,-3.6739018640569867,-4.9782056436830295,-1.3043037796260428,,TRUE
2222,TRUE,FALSE,-0.08936931214483221,33.722544932042396,29.59703568738254,27.764727137326496,22.28479712669184,-4.125509244659856,-5.479930010634657,-1.354420765974801,,TRUE
2223,TRUE,FALSE,0.044721480203415986,30.518076268795497,25.218942267984602,30.337937339349907,26.216701874607267,-5.299134000810895,-4.1212354647426395,1.1778985360682555,,TRUE
2224,TRUE,FALSE,-0.052035688305638976,29.462071589134247,23.84100722694674,30.941172250123294,23.76836292348574,-5.621064362187507,-7.172809326637555,-1.551744964450048,,TRUE
2225,TRUE,FALSE,-0.15702468882722578,27.519887543508613,25.351772165761965,28.954219442678564,22.797045921013723,-2.1681153777466484,-6.157173521664841,-3.989058143918193,,TRUE
2226,TRUE,FALSE,-0.01765602442785197,28.380182551712913,23.23841798436665,30.36868679957979,24.43146293561511,-5.141764567346264,-5.937223863964682,-0.795459296618418,,TRUE
2227,TRUE,FALSE,-0.017832137737042647,25.97356259681379,21.934163268148698,29.104961774431573,24.14416461451216,-4.039399328665091,-4.960797159919412,-0.9213978312543212,,TRUE
2228,TRUE,FALSE,0.03256767865831864,26.72103137018667,21.403121274253234,27.860583732867006,23.054625398904093,-5.317910095933435,-4.805958333962913,0.5119517619705221,,TRUE
2229,TRUE,FALSE,-0.04331671523542684,30.311830673280717,24.71364946294303,30.622586121379097,23.90861234669101,-5.598181210337685,-6.713973774688085,-1.1157925643504,,TRUE
2230,TRUE,FALSE,-0.07729027111546291,27.420442798890647,23.807434849750358,27.211795280596764,21.868983534456774,-3.6130079491402896,-5.34281174613999,-1.7298037969997004,,TRUE
2231,TRUE,FALSE,-0.06479372276490476,27.966944939450865,24.044925855427053,28.79914451560981,23.206970261426555,-3.9220190840238125,-5.592174254183256,-1.6701551701594433,,TRUE
2232,TRUE,FALSE,2.2653179868477685e-4,28.16710989565254,22.048535809857405,30.496434291294722,23.877283244961546,-6.118574085795135,-6.619151046333176,-0.5005769605380408,,TRUE
2233,TRUE,FALSE,-0.06782756138529594,26.44198911316498,21.519674571536846,29.487204073586486,22.424255712542944,-4.922314541628133,-7.062948361043542,-2.1406338194154095,,TRUE
2234,TRUE,FALSE,0.04123223810127077,30.576187264498447,23.767884047920347,27.72237411669024,22.45662796065208,-6.8083032165781,-5.265746156038158,1.5425570605399415,,TRUE
2235,TRUE,FALSE,-0.08320119187918212,25.556101028036295,22.015893270634866,29.757763707532657,23.58892704745473,-3.5402077574014292,-6.168836660077925,-2.628628902676496,,TRUE
2236,TRUE,FALSE,-0.16567771699486597,26.64899250091699,23.57581486069179,28.4711962843798,21.34217687934807,-3.0731776402252002,-7.12901940503173,-4.05584176480653,,TRUE
2237,TRUE,FALSE,-0.06650577634991564,32.50394510961008,26.248916690118094,30.079283914367533,22.727920932597236,-6.255028419491985,-7.351362981770297,-1.0963345622783116,,TRUE
2238,TRUE,FALSE,-0.07407891729966734,24.59647141937608,20.617675401223746,28.273687848723974,22.007833089975513,-3.978796018152334,-6.2658547587484605,-2.2870587405961267,,TRUE
2239,TRUE,FALSE,0.05437556296868833,39.42045465683868,28.79349594814461,26.572272402123588,20.493515834975913,-10.626958708694069,-6.078756567147675,4.548202141546394,,TRUE
2240,TRUE,FALSE,-0.2108575154344854,28.715779463879752,26.7326182013343,32.17379378559029,24.257660020911565,-1.983161262545451,-7.916133764678726,-5.932972502133275,,TRUE
2241,TRUE,FALSE,-0.1446508346202957,24.9541655924153,23.90551163394479,29.95021490820191,24.827550510657623,-1.04865395847051,-5.122664397544288,-4.074010439073778,,TRUE
2242,TRUE,FALSE,-0.12877203239760113,25.966745815939177,21.9172940985081,28.46064549740737,21.119769365953047,-4.049451717431076,-7.340876131454323,-3.291424414023247,,TRUE
2243,TRUE,FALSE,-0.1630441384141913,26.36671411884267,23.015360002652873,30.318744990417557,22.483494512625395,-3.351354116189796,-7.835250477792162,-4.4838963616023655,,TRUE
2244,TRUE,FALSE,-0.13754398692004619,26.765693979830264,24.5919689865112,32.11179567857856,25.71252882098509,-2.1737249933190625,-6.399266857593471,-4.225541864274408,,TRUE
2245,TRUE,FALSE,-0.03781402676989512,24.635440907598984,20.457404269056237,29.221831945566738,23.365506717933116,-4.178036638542746,-5.856325227633622,-1.6782885890908759,,TRUE
2246,TRUE,FALSE,0.016881466310109994,28.63556459222447,22.93121366052091,27.181763560504656,22.1375955502681,-5.704350931703559,-5.044168010236557,0.6601829214670012,,TRUE
2247,TRUE,FALSE,-0.061265707901897205,25.22968115901112,21.734140466075175,29.21827561051236,23.67434269595706,-3.4955406929359434,-5.5439329145553025,-2.048392221619359,,TRUE
2248,TRUE,FALSE,-0.06907001869847675,24.071463177884997,20.643284175369285,27.668973631923574,22.144843888293217,-3.428179002515712,-5.524129743630358,-2.0959507411146454,,TRUE
2249,TRUE,FALSE,0.05478684066671694,26.687365779828763,21.288218039142553,29.687568428823457,25.015077466908327,-5.39914774068621,-4.6724909619151305,0.7266567787710798,,TRUE
2250,TRUE,FALSE,-0.06073788889444599,31.73520824316327,25.06784210018483,31.387219745799054,23.33191125962643,-6.667366142978441,-8.055308486172624,-1.387942343194183,,TRUE
2251,TRUE,FALSE,-0.04100105025079746,25.583589455632143,21.130799282071504,29.963841114591766,23.754473176753372,-4.45279017356064,-6.209367937838394,-1.756577764277754,,TRUE
2252,TRUE,FALSE,0.02925575986153095,31.11013950226618,24.41349705871512,26.71605795635943,21.587682739965764,-6.69664244355106,-5.128375216393664,1.5682672271573956,,TRUE
2253,TRUE,FALSE,-0.08956952325167009,31.919144449875382,27.573398887961456,29.791872720381374,23.530833755610136,-4.345745561913926,-6.261038964771238,-1.915293402857312,,TRUE
2254,TRUE,FALSE,-2.624715907289939e-4,29.831073090762075,24.575532975854635,29.449402278512082,24.254736654220626,-5.25554011490744,-5.194665624291456,0.06087449061598349,,TRUE
2255,TRUE,FALSE,-0.05676235536572327,31.187628103741996,25.880402952591492,31.44496989812003,24.654051150322015,-5.307225151150504,-6.790918747798013,-1.4836935966475089,,TRUE
2256,TRUE,FALSE,0.10505621691022146,28.390130502440023,20.77725884618669,29.206387513483516,23.742368424863816,-7.612871656253333,-5.4640190886197,2.1488525676336323,,TRUE
2257,TRUE,FALSE,-0.08101121873591585,27.7340135940547,23.680827462670745,33.15933973000549,26.11002565104492,-4.053186131383956,-7.04931407896057,-2.996127947576614,,TRUE
2258,TRUE,FALSE,-0.18442167419534178,26.391459729771796,25.095986986349683,29.751826785275753,23.52670949654633,-1.2954727434221134,-6.225117288729422,-4.929644545307308,,TRUE
2259,TRUE,FALSE,-0.16024545276208008,29.709899825555258,27.72275470067072,29.290994896623374,23.284965672312484,-1.9871451248845382,-6.00602922431089,-4.0188840994263515,,TRUE
2260,TRUE,FALSE,-0.008804195052053427,29.428536418843006,24.66974433171833,27.927901173386445,23.206554794166628,-4.758792087124675,-4.721346379219817,0.03744570790485824,,TRUE
2261,TRUE,FALSE,-0.013041598047992337,27.718386026883604,22.178968412875616,34.424408881657584,27.18792110881517,-5.539417614007988,-7.236487772842413,-1.6970701588344248,,TRUE
2262,TRUE,FALSE,-0.12284976491244451,28.423841457007306,26.135345663533815,30.226166129443406,24.579642746144195,-2.2884957934734906,-5.646523383299211,-3.3580275898257206,,TRUE
2263,TRUE,FALSE,0.07161065942689382,31.3778986358854,23.219979187216754,30.15270163495498,23.969794735202466,-8.157919448668647,-6.182906899752513,1.9750125489161334,,TRUE
2264,TRUE,FALSE,-0.12266550029412233,27.223302664728358,24.327231861386608,31.536586155248298,24.928354493300365,-2.8960708033417504,-6.608231661947933,-3.7121608586061825,,TRUE
2265,TRUE,FALSE,-0.05259707317459613,31.997676664861896,26.71011843451385,28.55834680844791,22.617667372503977,-5.287558230348047,-5.9406794359439345,-0.6531212055958875,,TRUE
2266,TRUE,FALSE,-0.05764166564353794,24.28984896869905,19.843332168431356,30.73827667709272,23.704775465520825,-4.446516800267695,-7.033501211571895,-2.5869844113042006,,TRUE
2267,TRUE,FALSE,6.057911459980125e-4,29.72029111510582,25.305187864108163,28.022601739572305,23.874157415829252,-4.415103250997657,-4.148444323743053,0.2666589272546034,,TRUE
2268,TRUE,FALSE,-0.03898807488935589,29.406631441158552,24.980670835434037,29.567540810438295,24.156928699106338,-4.425960605724516,-5.410612111331957,-0.9846515056074416,,TRUE
2269,TRUE,FALSE,-0.13498602113796154,32.28288288043916,27.571644983554357,30.191383929713997,22.52940406094183,-4.711237896884803,-7.661979868772168,-2.950741971887364,,TRUE
2270,TRUE,FALSE,0.03002870705759706,28.330669724760696,21.959838038351485,29.90251868493502,23.884786508264146,-6.370831686409211,-6.017732176670876,0.35309950973833537,,TRUE
2271,TRUE,FALSE,-0.12422050589042519,27.45527281785486,24.645107304086913,30.867212018543174,24.47113284082182,-2.810165513767945,-6.396079177721354,-3.5859136639534093,,TRUE
2272,TRUE,FALSE,-0.0020152069542092644,29.25528367447995,24.265753188883256,29.049498952255902,24.04655769509328,-4.9895304855966955,-5.002941257162622,-0.013410771565926183,,TRUE
2273,TRUE,FALSE,-0.16097507746740194,29.319738990201838,27.39357841796048,28.94491201104389,23.02238507946419,-1.9261605722413577,-5.9225269315797,-3.9963663593383423,,TRUE
2274,TRUE,FALSE,-0.14171874749804403,29.61413392038589,27.42216721882994,28.93702971173981,23.254607782153585,-2.1919667015559483,-5.682421929586226,-3.490455228030278,,TRUE
2275,TRUE,FALSE,-0.04058735825312078,26.21575994972898,21.952292937384016,28.398097872074775,22.83388574498697,-4.2634670123449645,-5.564212127087806,-1.300745114742842,,TRUE
2276,TRUE,FALSE,-0.06318214641713764,27.698376483154814,23.37542792136728,27.712409123840665,21.95532551388941,-4.322948561787534,-5.7570836099512555,-1.4341350481637214,,TRUE
2277,TRUE,FALSE,0.08929981040459246,25.90894435974492,18.83603587730917,31.310879438741633,24.889574459691865,-7.07290848243575,-6.4213049790497685,0.6516035033859815,,TRUE
2278,TRUE,FALSE,-0.06998220708748695,35.980702084808705,29.1649350112672,29.671277975419958,22.42511844217617,-6.815767073541505,-7.246159533243787,-0.4303924597022828,,TRUE
2279,TRUE,FALSE,-0.16292631586351405,31.500186808548392,29.65064716073275,27.744416147882493,22.18904635800408,-1.849539647815643,-5.555369789878412,-3.7058301420627693,,TRUE
2280,TRUE,FALSE,-0.12549935683260205,28.619751278387938,26.63564435728761,29.89294003532193,24.539307632699877,-1.9841069211003273,-5.353632402622054,-3.369525481521727,,TRUE
2281,TRUE,FALSE,-0.10688789765675928,21.539961686187457,19.266831887797075,27.77488134343013,22.325272556427258,-2.273129798390382,-5.449608787002873,-3.176478988612491,,TRUE
2282,TRUE,FALSE,-0.056778340328543765,28.252548456889645,23.786190051573602,28.892951864970136,22.982678945475357,-4.4663584053160434,-5.91027291949478,-1.4439145141787364,,TRUE
2283,TRUE,FALSE,-0.018037818025768676,24.481308898352484,20.38351036439555,30.293700695576458,24.772107168753656,-4.097798533956933,-5.521593526822802,-1.4237949928658686,,TRUE
2284,TRUE,FALSE,0.048605759606572305,24.60133753593952,19.176762428411905,27.092731592486935,22.170657660304045,-5.424575107527616,-4.92207393218289,0.5025011753447259,,TRUE
2285,TRUE,FALSE,-0.03152682408701947,26.2775785651034,22.596460177894496,28.277640514189564,23.56168311197186,-3.6811183872089046,-4.715957402217704,-1.0348390150087994,,TRUE
2286,TRUE,FALSE,-0.10108539332258641,25.62932961815194,23.077352907129224,27.05260913064157,22.016945839032324,-2.5519767110227143,-5.0356632916092465,-2.4836865805865322,,TRUE
2287,TRUE,FALSE,-0.014353685408692054,27.725045451690665,23.228763563972592,30.665833607999275,25.32648242800646,-4.496281887718073,-5.339351179992814,-0.8430692922747411,,TRUE
2288,TRUE,FALSE,-0.061155011605995235,26.381910264533587,23.13399698203507,27.889044822334885,23.004817483468027,-3.2479132824985157,-4.884227338866857,-1.6363140563683416,,TRUE
2289,TRUE,FALSE,0.03325676014727624,28.99468100217267,22.053950941022915,28.07103117329428,22.07342183804691,-6.940730061149754,-5.997609335247368,0.9431207259023857,,TRUE
2290,TRUE,FALSE,0.022672994071865227,28.604247462618293,22.7838207015412,29.88538454509013,24.35014952072278,-5.820426761077094,-5.535235024367349,0.28519173670974496,,TRUE
2291,TRUE,FALSE,-0.07969046664562897,30.730321351935586,26.289084178205428,32.69998182703519,25.831328156204403,-4.441237173730158,-6.868653670830785,-2.4274164971006265,,TRUE
2292,TRUE,FALSE,-0.10577546910451618,26.291123783915538,23.277763574502426,29.69030350608168,23.648796140074854,-3.0133602094131113,-6.041507366006826,-3.0281471565937146,,TRUE
2293,TRUE,FALSE,-0.00742190848742523,30.475717848178114,23.80207570914195,29.766506608285805,23.07626210694511,-6.673642139036165,-6.690244501340697,-0.016602362304531937,,TRUE
2294,TRUE,FALSE,-0.030572402066446045,27.84220645928474,23.070920087603167,32.64658925588141,26.237451872848744,-4.7712863716815725,-6.409137383032665,-1.637851011351092,,TRUE
2295,TRUE,FALSE,-0.07014631136474477,25.776791223035723,22.704447585051646,33.64298611737972,27.62564750730912,-3.0723436379840763,-6.017338610070599,-2.9449949720865227,,TRUE
2296,TRUE,FALSE,-0.17850370316574102,24.932620504537578,24.635631789299335,26.649394809003624,22.02723348497285,-0.29698871523824266,-4.622161324030774,-4.325172608792531,,TRUE
2297,TRUE,FALSE,-0.18131071663394335,27.097700346761343,24.98546234952985,31.992591502762885,24.607196167642638,-2.1122379972314924,-7.385395335120247,-5.273157337888755,,TRUE
2298,TRUE,FALSE,-0.08011973567178975,33.163301324669874,28.708985829022144,29.280221108808227,23.39585315409635,-4.45431549564773,-5.884367954711877,-1.4300524590641466,,TRUE
2299,TRUE,FALSE,-0.05025671820791345,22.892213790552358,19.50873120803953,26.36858744589775,21.369870085782356,-3.3834825825128263,-4.998717360115393,-1.6152347776025664,,TRUE
2300,TRUE,FALSE,-0.11901497440488311,25.18678088418404,22.79413858266284,27.388398313087237,22.005417311947348,-2.3926423015211995,-5.382981001139889,-2.9903386996186896,,TRUE
2301,TRUE,FALSE,-0.04001853106154006,33.480975262791375,27.527329203269257,28.732619690979234,22.69662979720207,-5.953646059522118,-6.035989893777163,-0.08234383425504532,,TRUE
2302,TRUE,FALSE,-0.22104055491449756,25.51750025358318,24.32455905995163,27.54988234252478,21.05377143481139,-1.192941193631551,-6.496110907713387,-5.303169714081836,,TRUE
2303,TRUE,FALSE,-0.13960294759860012,32.52740663859384,29.578206380332553,29.78800619492176,23.557816878101242,-2.9492002582612855,-6.230189316820518,-3.280989058559232,,TRUE
2304,TRUE,FALSE,-0.14784542114686144,24.435806735148276,22.043825291546945,28.887432567299918,22.4781607597751,-2.391981443601331,-6.409271807524817,-4.017290363923486,,TRUE
2305,TRUE,FALSE,-0.13233450807645455,27.0915439947658,23.884571115996614,28.65936731564225,22.134929464064275,-3.206972878769186,-6.524437851577975,-3.3174649728087893,,TRUE
2306,TRUE,FALSE,-0.059614832002020494,25.779757832282222,22.870962622337863,29.613130526463692,24.751386909562118,-2.9087952099443584,-4.861743616901574,-1.9529484069572156,,TRUE
2307,TRUE,FALSE,-0.16507158760205917,25.236712232802876,23.00593024273116,25.79653401549902,19.937867344017004,-2.2307819900717156,-5.858666671482016,-3.6278846814103005,,TRUE
2308,TRUE,FALSE,-0.1379831520967951,22.49529451275955,20.41268231435853,29.20407356767278,23.084820686116302,-2.0826121984010193,-6.119252881556477,-4.036640683155458,,TRUE
2309,TRUE,FALSE,-0.054178032805824075,28.942305637015668,25.698259089623644,30.65507302377512,25.783609332155816,-3.244046547392024,-4.871463691619304,-1.6274171442272802,,TRUE
2310,TRUE,FALSE,-0.12582291974846468,25.45154084516759,23.30047920192782,27.377586006496678,22.100480971552763,-2.1510616432397676,-5.277105034943915,-3.1260433917041475,,TRUE
2311,TRUE,FALSE,0.07429989748982889,27.3275246005482,21.365509850695094,26.62633160438748,22.42292885260252,-5.9620147498531075,-4.20340275178496,1.7586119980681474,,TRUE
2312,TRUE,FALSE,-0.08902612526879718,29.959505560306845,24.687487119660982,30.76617107684555,23.192744325600714,-5.272018440645862,-7.573426751244835,-2.3014083105989727,,TRUE
2313,TRUE,FALSE,-0.21032577690444051,22.931700805386015,21.64807909085685,34.54200114815781,26.423312989137592,-1.2836217145291648,-8.118688159020216,-6.835066444491051,,TRUE
2314,TRUE,FALSE,-0.039204470495966,32.171930789071865,25.944691126063343,27.754421252636593,21.521734499448918,-6.227239663008522,-6.232686753187675,-0.005447090179153236,,TRUE
2315,TRUE,FALSE,-0.009442916631880289,29.287896419215993,23.834590422677536,31.10809424164934,25.077943107916735,-5.453305996538457,-6.0301511337326055,-0.5768451371941481,,TRUE
2316,TRUE,FALSE,0.021734018517825766,30.346884821112912,23.43998002826968,31.779900449254043,25.086184828444896,-6.906904792843232,-6.693715620809147,0.2131891720340846,,TRUE
2317,TRUE,FALSE,-0.07521961288100272,30.84142940361376,27.479621791521573,30.908731295976295,25.544062569781225,-3.3618076120921856,-5.36466872619507,-2.0028611141028847,,TRUE
2318,TRUE,FALSE,0.15925248147612125,25.534903399639155,17.522568364269677,30.343434032630253,24.41691250995402,-8.012335035369478,-5.926521522676232,2.085813512693246,,TRUE
2319,TRUE,FALSE,-0.13853241726669152,31.471449732745107,27.260998353845952,28.64715015482877,21.60441780435976,-4.210451378899155,-7.042732350469009,-2.8322809715698547,,TRUE
2320,TRUE,FALSE,-0.04960309610667155,30.63224458073468,24.92218751417721,29.132249807341875,22.554801680930517,-5.7100570665574715,-6.577448126411358,-0.8673910598538868,,TRUE
2321,TRUE,FALSE,-0.12255910385302453,25.780629390374695,23.493877721596235,31.674971956033954,25.535871537111657,-2.286751668778461,-6.139100418922297,-3.852348750143836,,TRUE
2322,TRUE,FALSE,0.04503278473221008,30.597817590284997,23.2744981711163,32.272492228283866,25.679104187677446,-7.323319419168698,-6.5933880406064205,0.7299313785622772,,TRUE
2323,TRUE,FALSE,-0.14043920068953228,30.442566381672606,28.39606589201155,28.53498101494825,23.129302257463543,-2.0465004896610566,-5.405678757484708,-3.3591782678236513,,TRUE
2324,TRUE,FALSE,0.026037827410871597,27.17389205409673,21.73828788667578,30.31333388892733,24.889448747856104,-5.435604167420948,-5.423885141071224,0.01171902634972355,,TRUE
2325,TRUE,FALSE,-0.020618070562590674,26.40024588315937,21.414385586163448,28.55004624698846,22.68559363465303,-4.985860296995924,-5.86445261233543,-0.8785923153395068,,TRUE
2326,TRUE,FALSE,-0.1398594781583774,29.20263934420619,26.758165415143203,28.980186529574617,23.08847274116897,-2.444473929062987,-5.891713788405646,-3.447239859342659,,TRUE
2327,TRUE,FALSE,-0.17268497982078848,35.453139932387984,34.5483749436771,31.994275153186017,26.23306655064405,-0.9047649887108804,-5.761208602541966,-4.856443613831086,,TRUE
2328,TRUE,FALSE,-0.06914135420337092,32.885041181422366,27.49704009500673,30.78094031204707,24.018270465431478,-5.388001086415635,-6.762669846615591,-1.374668760199956,,TRUE
2329,TRUE,FALSE,-0.13294359712076753,29.743618507124722,26.866521580739718,33.25310696437031,26.297423372112533,-2.877096926385004,-6.9556835922577775,-4.078586665872773,,TRUE
2330,TRUE,FALSE,-0.07577908765473351,30.857876965290686,26.50834690165717,27.700661788112548,22.05953265559893,-4.349530063633516,-5.641129132513619,-1.2915990688801031,,TRUE
2331,TRUE,FALSE,0.020136795068063634,32.05120771885781,24.706324275406317,27.686629368031664,21.77605097614457,-7.344883443451494,-5.910578391887093,1.434305051564401,,TRUE
2332,TRUE,FALSE,-0.10509204508587085,23.475713854203665,21.96430179609347,26.44464515820584,22.27385785491402,-1.5114120581101957,-4.170787303291821,-2.659375245181625,,TRUE
2333,TRUE,FALSE,-0.0027793668310923535,30.20152731355921,24.924153064864278,29.970778119620157,24.665076024729096,-5.277374248694933,-5.3057020948910605,-0.028327846196127382,,TRUE
2334,TRUE,FALSE,-0.2451561107287869,28.199599112007146,27.646740475221076,29.221960751359685,22.420247801903702,-0.5528586367860697,-6.8017129494559825,-6.248854312669913,,TRUE
2335,TRUE,FALSE,-0.1772131685852218,23.910684899442202,21.716748985250998,28.491434134452515,21.674765340631666,-2.1939359141912043,-6.816668793820849,-4.622732879629645,,TRUE
2336,TRUE,FALSE,0.039900872429069256,30.555031838001906,24.150660725224885,27.221468694020167,22.391673773868337,-6.404371112777021,-4.82979492015183,1.5745761926251909,,TRUE
2337,TRUE,FALSE,-0.013840617927503409,34.513768209451555,26.675997068433013,29.1925521219094,22.253044849262537,-7.837771141018543,-6.939507272646864,0.8982638683716786,,TRUE
2338,TRUE,FALSE,-0.00592080861760587,27.694064434575246,22.627160596608256,32.78737022709801,26.630454041639847,-5.06690383796699,-6.1569161854581616,-1.0900123474911716,,TRUE
2339,TRUE,FALSE,-0.03249899478254056,25.496171022734156,21.044488519017317,27.071404578122166,21.63017665887106,-4.451682503716839,-5.441227919251105,-0.9895454155342662,,TRUE
2340,TRUE,FALSE,-0.22770389615949463,30.05089400427098,30.22439579487198,31.50517479475828,25.23431842564187,0.17350179060100146,-6.270856369116409,-6.44435815971741,,TRUE
2341,TRUE,FALSE,-0.053395887557285686,24.933213586470103,21.1802901613127,33.58985786147349,27.050311764726516,-3.7529234251574017,-6.5395460967469745,-2.7866226715895728,,TRUE
2342,TRUE,FALSE,-0.0942182080671568,24.02588273511921,20.3131444313814,28.791525133468266,22.153585533053395,-3.7127383037378117,-6.637939600414871,-2.9252012966770593,,TRUE
2343,TRUE,FALSE,0.011600156782827742,33.377414483111295,26.81521159589593,29.325485827587237,23.834806811635634,-6.5622028872153635,-5.490679015951603,1.0715238712637607,,TRUE
2344,TRUE,FALSE,-0.005125988251471454,25.28447224270989,19.57741165207788,30.572905667471243,23.551138558139847,-5.7070605906320075,-7.021767109331396,-1.3147065186993885,,TRUE
2345,TRUE,FALSE,-0.23737184966271957,28.370569659092034,29.024136600623127,31.44795987959206,25.374321924822542,0.6535669415310927,-6.0736379547695165,-6.727204896300609,,TRUE
2346,TRUE,FALSE,-0.009534615020694854,28.35982836758148,23.23498866204491,26.820813727985502,21.765567041182003,-5.124839705536569,-5.0552466868035,0.06959301873306956,,TRUE
2347,TRUE,FALSE,-0.08600442460585107,23.111683986013265,21.408782838521326,26.005627667143926,22.104285409605275,-1.7029011474919393,-3.9013422575386514,-2.198441110046712,,TRUE
2348,TRUE,FALSE,-0.13335460283132627,24.76248012552569,23.148786039753592,24.05376153958063,19.678949621564314,-1.6136940857720994,-4.3748119180163165,-2.761117832244217,,TRUE
2349,TRUE,FALSE,-0.03903079746643939,25.8182626546248,21.680713160692022,28.82198793105948,23.276604158859314,-4.137549493932777,-5.545383772200164,-1.4078342782673872,,TRUE
2350,TRUE,FALSE,-0.05212537275078436,32.43543886679409,27.69846957118137,27.9007077083705,22.61587799957429,-4.736969295612717,-5.2848297087962095,-0.5478604131834928,,TRUE
2351,TRUE,FALSE,-0.08987803444882433,25.453978001373198,21.411689551603164,28.573443298591165,21.969709688460625,-4.042288449770034,-6.60373361013054,-2.561445160360506,,TRUE
2352,TRUE,FALSE,-0.005048747257288547,27.170394242369948,22.120967257634856,28.506792347604392,23.09212405764092,-5.049426984735092,-5.414668289963473,-0.3652413052283805,,TRUE
2353,TRUE,FALSE,-0.034615319028723564,33.92597056940298,28.078832710280363,25.73899499814662,20.57809234665512,-5.847137859122615,-5.160902651491501,0.686235207631114,,TRUE
2354,TRUE,FALSE,-0.05924886472458685,27.325301562274607,22.145393451900794,29.19323534200926,22.29816940204708,-5.1799081103738125,-6.89506593996218,-1.7151578295883674,,TRUE
2355,TRUE,FALSE,0.0036066951519350176,31.313480965120206,24.6890849557052,26.279368686116165,20.79480925754853,-6.624396009415005,-5.484559428567636,1.1398365808473692,,TRUE
2356,TRUE,FALSE,0.04864994953353004,30.806246773081384,23.84943903886323,27.400733916896307,22.27050055816401,-6.9568077342181525,-5.130233358732298,1.8265743754858548,,TRUE
2357,TRUE,FALSE,-0.0066890489342505514,31.036956199311124,24.415530520713524,29.23316873804481,22.84325135073889,-6.6214256785976,-6.389917387305921,0.2315082912916786,,TRUE
2358,TRUE,FALSE,0.0014740686796422503,23.010610985199413,18.682789163994208,26.050519412908013,21.182154398541165,-4.327821821205205,-4.868365014366848,-0.5405431931616427,,TRUE
2359,TRUE,FALSE,0.02050652601708863,24.991093169573226,19.93282467027436,28.125572831424844,22.897646200025992,-5.058268499298865,-5.2279266313988515,-0.16965813209998615,,TRUE
2360,TRUE,FALSE,6.689220071341508e-5,31.033441054153386,25.982033949310683,26.55874799875971,22.237187667241294,-5.051407104842703,-4.321560331518416,0.7298467733242866,,TRUE
2361,TRUE,FALSE,0.05541427535093539,31.915678390537277,24.448175076860228,28.777646788623812,23.300420496320033,-7.4675033136770494,-5.477226292303779,1.9902770213732701,,TRUE
2362,TRUE,FALSE,0.011230539744096666,33.7513837001789,27.548031363641442,26.996308744989275,22.283362960440588,-6.203352336537456,-4.712945784548687,1.4904065519887695,,TRUE
2363,TRUE,FALSE,-0.11303437539532488,31.62065856809491,26.557806819869334,33.016892594020725,24.766651220452605,-5.062851748225576,-8.25024137356812,-3.1873896253425436,,TRUE
2364,TRUE,FALSE,-0.17090568768062,23.80508807868288,22.266245327295124,29.210605297908323,23.030022191183374,-1.5388427513877545,-6.180583106724949,-4.641740355337195,,TRUE
2365,TRUE,FALSE,-0.024227068490837726,29.209903501589963,22.690161725722717,32.4969796124963,24.639323800518337,-6.519741775867246,-7.85765581197796,-1.337914036110714,,TRUE
2366,TRUE,FALSE,-0.02380193466497214,32.455797241696665,25.252345934686158,30.8349920580525,23.42697642933918,-7.203451307010507,-7.4080156287133185,-0.20456432170281147,,TRUE
2367,TRUE,FALSE,0.1038732873144464,28.93958461887112,22.967999996289993,28.09914985211727,24.742048967512964,-5.971584622581126,-3.357100884604307,2.614483737976819,,TRUE
2368,TRUE,FALSE,-0.11070665504435839,25.75306168564052,22.303607328121295,30.75464938104918,23.843924231673174,-3.449454357519226,-6.910725149376006,-3.46127079185678,,TRUE
2369,TRUE,FALSE,-0.09148500472577939,25.54546720627747,21.987682081085296,27.228418129861822,21.38733033640934,-3.557785125192172,-5.8410877934524805,-2.2833026682603084,,TRUE
2370,TRUE,FALSE,-0.2142639159782718,24.915415028749788,23.65689448737852,28.010541745291317,21.466314069704886,-1.2585205413712686,-6.544227675586431,-5.285707134215162,,TRUE
2371,TRUE,FALSE,-0.052203265535575145,31.355093562221384,25.89963831079684,28.89506660846506,22.653625044547095,-5.455455251424546,-6.241441563917967,-0.7859863124934208,,TRUE
2372,TRUE,FALSE,-0.09404646928055252,31.435877788520628,27.81048493815862,28.295397424433062,22.785308112679054,-3.625392850362008,-5.510089311754008,-1.884696461392,,TRUE
2373,TRUE,FALSE,-0.04742517336953993,23.62287045061162,18.82680921485161,33.65294915557712,25.578241978633425,-4.7960612357600105,-8.074707176943694,-3.278645941183683,,TRUE
2374,TRUE,FALSE,-0.05978188658131024,32.63280404647206,29.132089280035558,26.963387551718746,22.674031709562612,-3.500714766436502,-4.289355842156134,-0.7886410757196316,,TRUE
2375,TRUE,FALSE,-0.026770127213652375,29.380616046637744,24.727164518427614,29.34061767775889,24.041222865656746,-4.65345152821013,-5.299394812102143,-0.6459432838920129,,TRUE
2376,TRUE,FALSE,0.008721399841312096,35.246953921480625,28.271803018760497,29.422444756662067,23.80665221043492,-6.975150902720127,-5.615792546227148,1.3593583564929794,,TRUE
2377,TRUE,FALSE,-0.10710553814369847,26.68287183050709,21.98779551521116,27.421437591708727,20.301306797530877,-4.695076315295928,-7.12013079417785,-2.425054478881922,,TRUE
2378,TRUE,FALSE,0.015031191057943897,32.88982332294247,25.30307718750557,28.75289949482685,22.455431736149716,-7.586746135436901,-6.297467758677133,1.2892783767597678,,TRUE
2379,TRUE,FALSE,-0.04151231737423667,32.59694157711109,26.65801276698095,30.403771435302524,23.8533733717367,-5.93892881013014,-6.550398063565822,-0.6114692534356827,,TRUE
2380,TRUE,FALSE,-0.005523706031581245,27.81403850857218,21.781144912002713,28.38235579367649,22.10376108497266,-6.032893596569469,-6.278594708703828,-0.24570111213435908,,TRUE
2381,TRUE,FALSE,-0.1330741929894018,26.003248007623032,22.15401184709444,28.024360653525402,20.901002211852884,-3.8492361605285907,-7.123358441672519,-3.274122281143928,,TRUE
2382,TRUE,FALSE,0.010712711234330706,29.38207928633934,24.20453116747541,29.90839207831908,24.903459693076634,-5.177548118863932,-5.004932385242444,0.17261573362148752,,TRUE
2383,TRUE,FALSE,-0.03189316139549321,26.472670938368577,21.99316596209013,32.634672969426674,26.261421555805587,-4.479504976278445,-6.373251413621087,-1.8937464373426423,,TRUE
2384,TRUE,FALSE,-0.024283001887831595,29.346646573504533,24.775086655367804,25.484864234086935,20.99873103934399,-4.571559918136728,-4.486133194742944,0.08542672339378399,,TRUE
2385,TRUE,FALSE,-0.052079145761592,22.95894537803645,18.84989197931434,30.04052514225082,23.412444760557342,-4.109053398722111,-6.628080381693479,-2.5190269829713685,,TRUE
2386,TRUE,FALSE,-0.10223215818764143,23.86956677592872,21.464678006704563,27.449509483023753,22.285150281102165,-2.404888769224158,-5.164359201921588,-2.75947043269743,,TRUE
2387,TRUE,FALSE,-0.06828692791047282,23.12816343921318,20.377439737724885,25.611270015588016,21.07574564815235,-2.750723701488294,-4.5355243674356664,-1.7848006659473725,,TRUE
2388,TRUE,FALSE,-0.16251007444725263,25.656952825527416,22.79945928166069,30.57078609070505,23.09132475660568,-2.8574935438667275,-7.479461334099369,-4.621967790232642,,TRUE
2389,TRUE,FALSE,0.008844393532486276,32.45179720970072,25.66687205662919,28.64946928851384,22.860822151164957,-6.78492515307153,-5.788647137348882,0.9962780157226483,,TRUE
2390,TRUE,FALSE,-0.017567756349087187,30.72663509945827,26.11729031220058,29.910871106568163,24.981159679116146,-4.60934478725769,-4.929711427452016,-0.3203666401943259,,TRUE
2391,TRUE,FALSE,0.0034275209258236793,28.441988114142173,23.40580093678532,27.5382974991446,22.73993386443791,-5.0361871773568545,-4.798363634706693,0.2378235426501618,,TRUE
2392,TRUE,FALSE,-0.05190094446751379,28.835404321033316,25.033832952854354,28.24629373728103,23.282117778603602,-3.801571368178962,-4.964175958677426,-1.1626045904984643,,TRUE
2393,TRUE,FALSE,-0.0321202931120011,27.367504014257737,21.72541862200682,32.64481462965586,25.095595397524338,-5.642085392250916,-7.549219232131524,-1.9071338398806077,,TRUE
2394,TRUE,FALSE,-0.09118661518874775,32.31481910697393,26.86810517099646,29.03173030035395,22.034661710441718,-5.446713935977467,-6.997068589912232,-1.5503546539347646,,TRUE
2395,TRUE,FALSE,-0.10577670018127042,23.528483652964102,20.719233406334478,29.686053400352577,23.517652615279886,-2.809250246629624,-6.168400785072691,-3.3591505384430675,,TRUE
2396,TRUE,FALSE,0.0318047435362482,27.14272016432569,20.711381656455043,27.028371764451958,21.29061520776026,-6.431338507870649,-5.737756556691696,0.6935819511789525,,TRUE
2397,TRUE,FALSE,-0.11490327220678512,24.227500310138826,21.45361653586396,27.44307652020775,21.663211781066146,-2.7738837742748643,-5.779864739141605,-3.0059809648667404,,TRUE
2398,TRUE,FALSE,7.535070974584044e-4,25.158011738871217,19.931867373096953,28.90541664527046,22.91807577224028,-5.226144365774264,-5.987340873030181,-0.7611965072559173,,TRUE
2399,TRUE,FALSE,-0.14694052665538754,28.890914309882632,28.658844117196903,25.06434144150408,21.46536226307433,-0.23207019268572893,-3.598979178429751,-3.366908985744022,,TRUE
2400,TRUE,FALSE,-0.05581090816761285,31.18532952289938,26.569427957316982,31.441644900990692,25.333707722257767,-4.615901565582398,-6.107937178732925,-1.4920356131505272,,TRUE
2401,TRUE,FALSE,-0.15505108349783348,24.257118856987525,22.540938269710963,27.817688298900713,22.13685803736841,-1.7161805872765612,-5.680830261532304,-3.9646496742557424,,TRUE
2402,TRUE,FALSE,-0.16403306297762776,23.330416081810558,21.825929869436695,26.62846993531158,21.142572563612042,-1.5044862123738625,-5.4858973716995365,-3.981411159325674,,TRUE
2403,TRUE,FALSE,-0.15929298924960308,33.38943870322248,30.49269170782753,27.601667227577163,21.49521997606865,-2.8967469953949525,-6.106447251508513,-3.2097002561135604,,TRUE
2404,TRUE,FALSE,-0.021252676670581453,28.35159762835825,23.483215016927055,29.547990524089208,23.959516446150626,-4.868382611431194,-5.5884740779385815,-0.7200914665073874,,TRUE
2405,TRUE,FALSE,-0.0774611362462959,29.61544847316649,24.6933865104366,28.710279509847304,22.154340032804264,-4.922061962729892,-6.55593947704304,-1.6338775143131485,,TRUE
2406,TRUE,FALSE,-0.040231524970417154,26.93809400492302,22.465931220447867,30.341757797737237,24.306698208081073,-4.472162784475152,-6.035059589656164,-1.562896805181012,,TRUE
2407,TRUE,FALSE,0.018494268096736127,28.89145282736236,23.557950137175936,28.86376294039367,23.974691339852452,-5.333502690186425,-4.889071600541218,0.4444310896452066,,TRUE
2408,TRUE,FALSE,0.04461610580284899,30.00102680520758,21.80282318934874,30.807316976688888,23.410302174387745,-8.19820361585884,-7.397014802301143,0.8011888135576974,,TRUE
2409,TRUE,FALSE,-0.23495732055192614,24.93646830475423,24.07379649215094,30.69180437506809,23.42563613200245,-0.8626718126032884,-7.266168243065643,-6.403496430462354,,TRUE
2410,TRUE,FALSE,-0.1298962486827163,30.030632624624346,27.348308374650323,26.287892633209843,21.023670215773215,-2.682324249974023,-5.264222417436628,-2.5818981674626045,,TRUE
2411,TRUE,FALSE,-0.05606040503510629,30.8945042019699,25.901223737101922,30.333431065634144,24.04439565107023,-4.993280464867979,-6.289035414563916,-1.2957549496959366,,TRUE
2412,TRUE,FALSE,-0.056387300222166925,31.443477038480278,26.496340174646658,28.224026883846726,22.47944631672914,-4.94713686383362,-5.744580567117588,-0.7974437032839674,,TRUE
2413,TRUE,FALSE,-0.12117148739658214,28.045289463823188,24.59007453428067,29.726039916404908,23.089411645796112,-3.4552149295425174,-6.636628270608796,-3.1814133410662784,,TRUE
2414,TRUE,FALSE,0.0551914849953715,32.21903602061934,25.656885013421658,27.26947009241045,22.947609005529245,-6.562151007197684,-4.321861086881206,2.240289920316478,,TRUE
2415,TRUE,FALSE,-0.002508516265964329,24.264816913377064,19.525583579675946,31.59789742920855,25.362715747068748,-4.739233333701119,-6.235181682139803,-1.4959483484386844,,TRUE
2416,TRUE,FALSE,0.02273070410836003,31.45204996572139,23.864071612849596,29.156752442444294,22.631146474665286,-7.587978352871794,-6.525605967779008,1.062372385092786,,TRUE
2417,TRUE,FALSE,-0.09455710408227966,28.879822461558234,25.817771998738323,29.532494197726056,24.01921119690617,-3.0620504628199114,-5.513283000819886,-2.4512325379999744,,TRUE
2418,TRUE,FALSE,-0.1401932653511366,25.06149314495594,21.558382602013207,29.875404640172484,22.337669833529336,-3.503110542942732,-7.537734806643147,-4.034624263700415,,TRUE
2419,TRUE,FALSE,-0.07892148493737747,28.296226404966365,23.878173696108856,29.66946369690213,23.137003699830775,-4.418052708857509,-6.532459997071356,-2.1144072882138474,,TRUE
2420,TRUE,FALSE,0.037134001342476276,27.781052374425173,22.85682519759563,32.94046003130235,28.127035778723744,-4.924227176829543,-4.813424252578606,0.11080292425093674,,TRUE
2421,TRUE,FALSE,-0.028746071415271253,31.025629519286394,26.01527532172318,27.950155448776204,22.772346934919685,-5.010354197563213,-5.177808513856519,-0.16745431629330554,,TRUE
2422,TRUE,FALSE,-0.21769090281864475,30.972207307736443,30.262697608475268,28.330818323327737,22.266535122097302,-0.7095096992611758,-6.064283201230435,-5.354773501969259,,TRUE
2423,TRUE,FALSE,0.041145888769943025,29.956043312485765,23.202508078488457,33.61435014175032,27.129677720540936,-6.753535233997308,-6.484672421209385,0.2688628127879227,,TRUE
2424,TRUE,FALSE,-0.0615931335461794,30.716570861728698,25.78723234461859,29.466923175086546,23.260403051815427,-4.929338517110107,-6.206520123271119,-1.2771816061610117,,TRUE
2425,TRUE,FALSE,-0.06835082711680154,26.263606827521514,23.02072252120262,27.026117181554316,22.124010213352822,-3.242884306318892,-4.902106968201494,-1.6592226618826018,,TRUE
2426,TRUE,FALSE,-0.21525499231263243,25.732341382352256,25.06218526617603,27.164290764925767,21.33309890203061,-0.6701561161762264,-5.831191862895157,-5.16103574671893,,TRUE
2427,TRUE,FALSE,-0.061866549538532135,24.499232977380775,20.8700423407568,27.47313056924751,21.999392671543898,-3.6291906366239743,-5.473737897703611,-1.8445472610796365,,TRUE
2428,TRUE,FALSE,0.09861404626386812,27.520193807656945,20.516769735420716,28.713558648997008,23.625012828977905,-7.003424072236228,-5.088545820019103,1.9148782522171253,,TRUE
2429,TRUE,FALSE,-0.10626981370345329,29.42920362105048,25.84746268834106,27.689380894488973,21.867556585318383,-3.581740932709419,-5.821824309170591,-2.240083376461172,,TRUE
2430,TRUE,FALSE,-0.09044490750036852,29.124386400867305,26.23035958798867,29.66632395021421,24.40795930652517,-2.8940268128786357,-5.258364643689038,-2.3643378308104026,,TRUE
2431,TRUE,FALSE,-0.1563359069263099,29.307474394538165,27.905658220622172,29.744133601074722,24.222523061173057,-1.401816173915993,-5.5216105399016655,-4.119794365985673,,TRUE
2432,TRUE,FALSE,-0.057637579383703244,27.909782295871914,24.135658941742516,29.447895759323206,24.03949254426601,-3.7741233541293973,-5.408403215057195,-1.6342798609277978,,TRUE
2433,TRUE,FALSE,-0.016344825969837086,30.748487461816485,25.00686874623225,27.18711659776818,21.752052323844882,-5.741618715584234,-5.435064273923299,0.3065544416609356,,TRUE
2434,TRUE,FALSE,0.008430668426385615,27.599716871760812,21.75301255312639,29.463190913277973,23.41833186628566,-5.846704318634423,-6.044859046992315,-0.19815472835789194,,TRUE
2435,TRUE,FALSE,-0.08754159126071057,29.29985713160497,26.127139456518083,29.787181305223818,24.335313167324333,-3.1727176750868864,-5.451868137899485,-2.2791504628125985,,TRUE
2436,TRUE,FALSE,-0.026744156983966677,33.48734101398163,28.168743209733147,27.63523468136761,22.63263518976202,-5.31859780424848,-5.00259949160559,0.3159983126428898,,TRUE
2437,TRUE,FALSE,-0.14185385444076337,24.862574319744635,21.668148376449338,30.557661858831825,23.1094431684323,-3.194425943295297,-7.448218690399525,-4.253792747104228,,TRUE
2438,TRUE,FALSE,-0.12247332831996847,29.229290247489516,26.01261675658097,28.346946195851274,22.319402358448936,-3.216673490908544,-6.027543837402337,-2.810870346493793,,TRUE
2439,TRUE,FALSE,-0.042884015000315155,29.164802684596665,25.074421669701096,29.25214045905269,24.09379669829574,-4.09038101489557,-5.158343760756949,-1.0679627458613794,,TRUE
2440,TRUE,FALSE,-0.11080728348347103,28.48604288252201,25.579245470583718,28.989578724277944,23.30099777345372,-2.9067974119382924,-5.688580950824225,-2.781783538885932,,TRUE
2441,TRUE,FALSE,0.01682423033646496,28.222288137418246,22.87366179541853,26.309928050345928,21.685518209499556,-5.348626341999715,-4.624409840846372,0.724216501153343,,TRUE
2442,TRUE,FALSE,-0.0037331985007964526,28.508604626417547,23.12326705923916,28.436354068887503,22.978720341188975,-5.385337567178386,-5.4576337276985285,-0.07229616052014265,,TRUE
2443,TRUE,FALSE,-0.0445426013600126,27.151576218996336,22.855211546666247,31.226824332760405,25.14047118593016,-4.296364672330089,-6.086353146830245,-1.7899884745001557,,TRUE
2444,TRUE,FALSE,0.048326227142978496,31.63122856624627,24.777409821432727,27.80439350859816,22.85815029517179,-6.853818744813545,-4.946243213426371,1.9075755313871738,,TRUE
2445,TRUE,FALSE,-0.001700235697151781,27.14459890417098,21.253592234715466,28.31471065259919,22.132100836506694,-5.891006669455514,-6.182609816092494,-0.29160314663698017,,TRUE
2446,TRUE,FALSE,-0.07828176318847187,22.528153162092817,20.56058929394154,28.830862058780312,24.331577031820434,-1.9675638681512773,-4.499285026959878,-2.531721158808601,,TRUE
2447,TRUE,FALSE,-0.21639413769255067,23.198440031340926,22.54510074407817,30.181045394589045,23.623753208858194,-0.6533392872627566,-6.5572921857308515,-5.903952898468095,,TRUE
2448,TRUE,FALSE,-0.10133087171919011,26.362224547452794,21.373810208014614,31.981819962275686,23.43125926344165,-4.9884143394381795,-8.550560698834037,-3.5621463593958573,,TRUE
2449,TRUE,FALSE,0.07173598028726091,30.312316258945746,22.918779010532646,26.508806408662913,21.533621123494537,-7.3935372484131,-4.975185285168376,2.4183519632447243,,TRUE
2450,TRUE,FALSE,-0.022986249069380377,30.282701126138058,23.51458054902596,26.66248909423217,20.23301090554329,-6.7681205771120965,-6.429478188688883,0.3386423884232137,,TRUE
2451,TRUE,FALSE,-0.08558602796252918,26.245662271585545,23.290979538472573,28.53086576136291,23.242114081427488,-2.9546827331129712,-5.288751679935423,-2.334068946822452,,TRUE
2452,TRUE,FALSE,-0.015094742102755998,25.81462708254693,21.514175740900395,29.257958891451274,24.018579474121594,-4.300451341646536,-5.23937941732968,-0.938928075683144,,TRUE
2453,TRUE,FALSE,-0.07050930411463889,33.63300039294316,27.638012007632597,29.34891080599351,22.475604201393004,-5.994988385310563,-6.873306604600504,-0.878318219289941,,TRUE
2454,TRUE,FALSE,-0.08955242305124558,30.84645918877685,26.450369361127148,31.39184105354533,24.612236822436252,-4.396089827649703,-6.779604231109079,-2.383514403459376,,TRUE
2455,TRUE,FALSE,-0.01400783361505843,29.457273151659358,24.097478571461323,29.212538746195396,23.564858562244435,-5.3597945801980345,-5.6476801839509605,-0.28788560375292604,,TRUE
2456,TRUE,FALSE,-0.04875039452780755,26.55709342545201,22.28439426729047,26.648075382706008,21.29678826569728,-4.27269915816154,-5.351287117008727,-1.0785879588471872,,TRUE
2457,TRUE,FALSE,0.01715130168374363,24.863326278990257,19.580305505748186,30.05152805282477,24.075510789943685,-5.283020773242072,-5.976017262881086,-0.6929964896390146,,TRUE
2458,TRUE,FALSE,-0.26413431894042816,23.210777705743638,23.04491706602575,30.344057918257054,23.133803306168865,-0.1658606397178879,-7.210254612088189,-7.044393972370301,,TRUE
2459,TRUE,FALSE,-0.11294181559269667,31.51834425970161,27.35487618637314,28.709498341609553,22.255991931239052,-4.16346807332847,-6.453506410370501,-2.2900383370420307,,TRUE
2460,TRUE,FALSE,-0.11620220594464425,24.656422708802584,21.14241329215065,30.347578755204474,23.167680830880002,-3.514009416651934,-7.179897924324472,-3.6658885076725376,,TRUE
2461,TRUE,FALSE,-0.1214351970926412,25.765825559174402,22.325037697659738,31.350555754146583,24.05773555245908,-3.4407878615146643,-7.292820201687505,-3.8520323401728405,,TRUE
2462,TRUE,FALSE,0.029502714293440195,32.872129041977495,25.179714387080907,29.130752827020572,22.981985207352835,-7.692414654896588,-6.148767619667737,1.543647035228851,,TRUE
2463,TRUE,FALSE,0.024963655932670047,33.495010747444084,26.809907012196728,25.170777902128844,20.65634135225703,-6.685103735247356,-4.514436549871814,2.1706671853755424,,TRUE
2464,TRUE,FALSE,-0.1413428517833261,25.274654713316814,22.216693011390248,30.65982608002163,23.39803838744381,-3.0579617019265655,-7.261787692577823,-4.203825990651257,,TRUE
2465,TRUE,FALSE,-0.14831404737631812,31.881690444562814,29.289562340109814,28.97561249877944,22.950502258613277,-2.592128104453,-6.025110240166164,-3.4329821357131642,,TRUE
2466,TRUE,FALSE,-0.13081602206366513,26.009000016664913,22.389925331075077,30.459138087345252,23.005619025148455,-3.619074685589837,-7.453519062196797,-3.8344443766069602,,TRUE
2467,TRUE,FALSE,-0.008618888842826694,26.415061601244158,23.13632414807568,28.5356431615326,24.77919892116948,-3.2787374531684783,-3.7564442403631197,-0.47770678719464144,,TRUE
2468,TRUE,FALSE,-0.11139546140474625,31.198407023107645,26.878496963273477,33.493308655775195,25.813814047713283,-4.319910059834168,-7.679494608061912,-3.359584548227744,,TRUE
2469,TRUE,FALSE,-0.0591160568113884,23.575629595719594,20.007776609147434,27.815252026578502,22.250755023757993,-3.5678529865721593,-5.564497002820509,-1.99664401624835,,TRUE
2470,TRUE,FALSE,-0.10164356189911555,31.805355550562858,27.24718187208951,26.207856336741813,20.281944832780557,-4.558173678473349,-5.925911503961256,-1.3677378254879073,,TRUE
2471,TRUE,FALSE,-0.04810246519391021,29.831830613256315,25.061822553233583,30.799024865707757,24.659205366787898,-4.770008060022732,-6.139819498919859,-1.369811438897127,,TRUE
2472,TRUE,FALSE,-0.0832108067233831,25.70248872613673,22.030486272122733,28.625610227397672,22.576970489605102,-3.6720024540139953,-6.04863973779257,-2.3766372837785745,,TRUE
2473,TRUE,FALSE,-0.0444604238882406,26.932066600141656,22.500344879541064,26.036950475515738,20.80657975068445,-4.431721720600592,-5.230370724831289,-0.7986490042306968,,TRUE
2474,TRUE,FALSE,-0.10107449232021323,26.46203071639188,24.079188418214418,26.17951119522911,21.531987302200246,-2.3828422981774615,-4.647523893028865,-2.264681594851403,,TRUE
2475,TRUE,FALSE,-0.22859697573107993,27.445822139596423,26.775855490690933,26.933438136560522,20.906459993326035,-0.6699666489054898,-6.026978143234487,-5.357011494328997,,TRUE
2476,TRUE,FALSE,-0.09999183435038776,26.507476626686675,23.324730497824667,27.64154643471601,22.00820799663376,-3.182746128862007,-5.633338438082248,-2.450592309220241,,TRUE
2477,TRUE,FALSE,-0.0970265254072903,27.039680062679313,23.84217198189638,29.068103196211375,23.2607051604511,-3.1975080807829315,-5.807398035760276,-2.609889954977344,,TRUE
2478,TRUE,FALSE,-0.14900604384233357,25.743321422772674,22.73567002159395,34.19996609495018,26.022939444838535,-3.007651401178723,-8.177026650111642,-5.169375248932919,,TRUE
2479,TRUE,FALSE,-0.06550094201739544,31.472940467399447,26.29592893378426,30.24451687843006,23.667432707025977,-5.177011533615186,-6.577084171404081,-1.4000726377888952,,TRUE
2480,TRUE,FALSE,0.07997610822133702,25.24818588937214,19.18916789322403,26.795991532717487,22.0611921872035,-6.0590179961481105,-4.734799345513988,1.3242186506341227,,TRUE
2481,TRUE,FALSE,-0.14702121897767284,24.217019983158202,21.212197156941937,31.126104827907003,23.53635611590081,-3.004822826216266,-7.589748712006195,-4.584925885789929,,TRUE
2482,TRUE,FALSE,0.0693434351236187,30.301747798242026,22.568391392158578,28.768328151536128,22.964818686882655,-7.733356406083448,-5.803509464653473,1.9298469414299753,,TRUE
2483,TRUE,FALSE,-0.06157208677386407,27.802962381075695,23.909494009479054,29.9846670793214,24.245889802488797,-3.89346837159664,-5.738777276832604,-1.8453089052359637,,TRUE
2484,TRUE,FALSE,-0.09915781777258016,31.09982652412632,26.8901579481171,28.576511460842568,22.375920164465462,-4.209668576009221,-6.200591296377105,-1.9909227203678839,,TRUE
2485,TRUE,FALSE,-0.10668851066786077,31.469510974414074,27.20148700246367,30.448393240659613,23.655536391641764,-4.268023971950406,-6.7928568490178485,-2.5248328770674426,,TRUE
2486,TRUE,FALSE,-0.08605960197017949,28.254424722851766,24.284682104048258,30.749974130841714,24.250209676919518,-3.969742618803508,-6.499764453922197,-2.5300218351186885,,TRUE
2487,TRUE,FALSE,0.05784445143831665,33.42755354722175,25.726508597307213,27.72973102383313,22.612232434974683,-7.701044949914536,-5.117498588858446,2.58354636105609,,TRUE
2488,TRUE,FALSE,-0.09286039165102812,28.295128077547737,25.167118156293146,27.933740968608227,22.64238495969223,-3.1280099212545913,-5.291356008915997,-2.163346087661406,,TRUE
2489,TRUE,FALSE,-0.02860318496362264,27.64406715920822,23.02945631901371,28.324601320591498,22.931018577547686,-4.6146108401945085,-5.393582743043812,-0.7789719028493032,,TRUE
2490,TRUE,FALSE,0.08667309637318753,25.18803780446726,19.236475750449898,28.794972670438778,23.982225987160607,-5.951562054017362,-4.812746683278171,1.1388153707391915,,TRUE
2491,TRUE,FALSE,-0.0563298861159148,29.49371558091893,26.02925596267321,31.00989579097258,25.86835512278746,-3.4644596182457192,-5.141540668185119,-1.6770810499393995,,TRUE
2492,TRUE,FALSE,0.007705252716505066,33.13646839853369,26.15033332629578,31.52409380589999,25.070325252067143,-6.986135072237907,-6.453768553832848,0.532366518405059,,TRUE
2493,TRUE,FALSE,-0.07277425864653783,29.539756528817485,25.012005718321298,33.32517120866913,26.236659446516327,-4.527750810496187,-7.088511762152805,-2.5607609516566185,,TRUE
2494,TRUE,FALSE,0.010058814284485875,29.29395717291629,23.624509100822436,27.3806768472601,22.30475297795889,-5.669448072093854,-5.07592386930121,0.5935242027926435,,TRUE
2495,TRUE,FALSE,-0.03593818243821955,25.86143189846356,22.04585473576347,29.328462404158973,24.118812136532064,-3.815577162700091,-5.209650267626909,-1.394073104926818,,TRUE
2496,TRUE,FALSE,-0.008870040135467758,31.533127921027226,24.75837327767174,29.63310318855799,23.061097803019386,-6.774754643355486,-6.572005385538603,0.20274925781688324,,TRUE
2497,TRUE,FALSE,0.06535282198871031,32.54806235683924,23.607887281761975,27.98131468871602,21.66618610535696,-8.9401750750772635,-6.3151285833590585,2.625046491718205,,TRUE
2498,TRUE,FALSE,-0.08650251847779972,31.648419356826988,27.236372395662773,27.822904382823378,21.95998988652486,-4.412046961164215,-5.862914496298519,-1.4508675351343037,,TRUE
2499,TRUE,FALSE,-0.05707691506928278,29.120164666566343,23.925424876487547,26.4464612438872,20.523206323462514,-5.1947397900787955,-5.923254920424686,-0.7285151303458903,,TRUE
2500,TRUE,FALSE,-0.13138529619006653,30.841705052312562,27.56889104630674,29.631680228016453,23.226153217042985,-3.2728140060058237,-6.4055270109734685,-3.132713004967645,,TRUE
2501,TRUE,FALSE,-0.0064024977215373325,29.52237418633775,26.083904581055112,24.981327260367785,21.930890257086208,-3.438469605282638,-3.0504370032815764,0.3880326020010614,,TRUE
2502,TRUE,FALSE,-0.052113599313095484,28.1815376326808,24.29155726878611,28.97252302605212,23.705239092919275,-3.88998036389469,-5.267283933132845,-1.3773035692381548,,TRUE
2503,TRUE,FALSE,-0.07666295102143426,28.357643013799848,24.406599994604427,29.851874938963437,23.796575826547055,-3.9510430191954207,-6.055299112416382,-2.104256093220961,,TRUE
2504,TRUE,FALSE,-0.006947261720066405,30.291387342265573,25.240515018981192,26.591848125044674,22.004444638845104,-5.050872323284381,-4.58740348619957,0.463468837084811,,TRUE
2505,TRUE,FALSE,-0.10994187859405452,28.240441428596395,24.39354629292849,29.206875252092416,22.60171558186961,-3.8468951356679035,-6.6051596702228075,-2.758264534554904,,TRUE
2506,TRUE,FALSE,-0.09414838397238569,24.273667495902608,20.89633989727732,28.86919076554679,22.61941204138646,-3.377327598625289,-6.249778724160329,-2.87245112553504,,TRUE
2507,TRUE,FALSE,-0.09113731383470011,29.307590420304624,24.870380721086626,27.69741139038705,21.456608110294884,-4.437209699217998,-6.240803280092166,-1.8035935808741677,,TRUE
2508,TRUE,FALSE,0.04373366641445297,31.716797715486504,24.277976963289156,28.64278597063259,22.90507459314348,-7.438820752197348,-5.737711377489113,1.7011093747082349,,TRUE
2509,TRUE,FALSE,-0.06075932172813083,26.571957646261943,22.72063181546965,30.352902284837544,24.42359772337513,-3.8513258307922946,-5.929304561462413,-2.077978730670118,,TRUE
2510,TRUE,FALSE,0.020374944682798633,32.66230666426223,26.189300647173766,28.872609143401746,23.627175489453265,-6.473006017088466,-5.245433653948481,1.2275723631399842,,TRUE
2511,TRUE,FALSE,-0.15235764520174552,27.28280794008864,24.972764073679944,29.481261394031037,23.171573454034128,-2.310043866408698,-6.309687939996909,-3.999644073588211,,TRUE
2512,TRUE,FALSE,-0.08159118391691458,34.4200592325663,27.703140897077063,27.82062483287109,20.637147882208797,-6.71691833548924,-7.183476950662293,-0.46655861517305297,,TRUE
2513,TRUE,FALSE,-0.13122895223400396,26.666051950540172,23.971868147218213,29.527428659688645,23.279667791018024,-2.694183803321959,-6.247760868670621,-3.5535770653486622,,TRUE
2514,TRUE,FALSE,-0.14920065825550483,25.573377106113277,23.549756693103472,28.84514888363895,22.880952737947073,-2.023620413009805,-5.964196145691876,-3.9405757326820705,,TRUE
2515,TRUE,FALSE,-0.0450765883270681,34.006834910688866,27.768462505405527,28.822493328988937,22.497831248896386,-6.238372405283339,-6.324662080092551,-0.0862896748092119,,TRUE
2516,TRUE,FALSE,-0.08129861364742987,28.055331741494403,25.03305693552061,31.121656147685414,25.600806051937376,-3.022274805973794,-5.520850095748038,-2.4985752897742444,,TRUE
2517,TRUE,FALSE,0.08818084239028236,33.42585007150383,25.388901869793752,32.467472651892926,26.93434339591033,-8.036948201710079,-5.5331292559825975,2.503818945727481,,TRUE
2518,TRUE,FALSE,-0.071000121774669,27.687230613753506,23.27382079401663,30.02400595504613,23.50833356298583,-4.413409819736877,-6.515672392060299,-2.102262572323422,,TRUE
2519,TRUE,FALSE,-0.025140112676984936,33.09362058936661,27.005343874106682,29.307454414997846,23.321974394752687,-6.088276715259926,-5.985480020245159,0.10279669501476718,,TRUE
2520,TRUE,FALSE,0.003723351040289197,29.43910132301649,23.81310109750672,30.551590310384213,24.805172974863417,-5.62600022550977,-5.746417335520796,-0.12041711001102584,,TRUE
2521,TRUE,FALSE,-0.08609528413999652,27.586792437577067,23.21488226090578,29.789233985606216,23.000321518659792,-4.371910176671285,-6.7889124669464245,-2.417002290275139,,TRUE
2522,TRUE,FALSE,-0.06787630315049885,27.662190374312985,23.960747420800406,27.793668523848435,22.494760054291913,-3.7014429535125792,-5.2989084695565225,-1.5974655160439433,,TRUE
2523,TRUE,FALSE,-0.11585987375625986,28.536739342484445,27.26093287155602,29.993154635647052,25.517681222606583,-1.2758064709284263,-4.4754734130404685,-3.1996669421120423,,TRUE
2524,TRUE,FALSE,-0.0729589200871672,28.681113136798892,24.008398645008704,31.999467905291965,24.90143021088347,-4.672714491790188,-7.098037694408497,-2.4253232026183085,,TRUE
2525,TRUE,FALSE,0.01976366270869448,25.32281349939175,20.036022673284005,30.970817696421417,24.993983541115696,-5.286790826107744,-5.9768341553057205,-0.6900433291979766,,TRUE
2526,TRUE,FALSE,-0.05218411794746477,27.44934645510994,23.530278299693936,29.15957749433859,23.725370738462146,-3.919068155416003,-5.434206755876442,-1.515138600460439,,TRUE
2527,TRUE,FALSE,-0.013290956409990192,28.88608287098843,24.20467687990834,27.920981432744675,23.087086353314437,-4.681405991080091,-4.833895079430238,-0.15248908835014774,,TRUE
2528,TRUE,FALSE,-0.10951181160702886,25.487441298979622,22.389111383240976,29.3208374186761,23.084826386147242,-3.0983299157386455,-6.236011032528857,-3.137681116790212,,TRUE
2529,TRUE,FALSE,-0.19813944401061626,27.67974902799518,28.402239292441514,28.24245998725738,23.77070645637995,0.7224902644463356,-4.471753530877429,-5.194243795323764,,TRUE
2530,TRUE,FALSE,-0.14844512702458007,28.536025272600774,25.910984144420418,28.685383512437,22.45340390001151,-2.6250411281803565,-6.231979612425491,-3.606938484245134,,TRUE
2531,TRUE,FALSE,-0.054153683473757853,27.060350961294453,22.52719688631607,31.098964702362974,24.52454819853074,-4.533154074978384,-6.574416503832232,-2.041262428853848,,TRUE
2532,TRUE,FALSE,-0.10417243653847343,32.62921992299391,27.295453360193235,30.09024238377961,22.681292154198093,-5.333766562800676,-7.408950229581517,-2.075183666780841,,TRUE
2533,TRUE,FALSE,-0.026676042227302774,27.10233661414995,23.715047978396342,30.586344994243216,26.059111102810864,-3.3872886357536096,-4.527233891432353,-1.139945255678743,,TRUE
2534,TRUE,FALSE,-0.10544159085575089,23.288941025780677,19.267434007578565,31.79046001711595,23.668909565341117,-4.0215070182021115,-8.121550451774834,-4.100043433572722,,TRUE
2535,TRUE,FALSE,-0.0952721053194858,25.5360801193997,22.26890070834772,28.6116115281618,22.683534001309113,-3.2671794110519805,-5.928077526852686,-2.6608981158007055,,TRUE
2536,TRUE,FALSE,-0.11804555154211538,27.920190139472584,24.486651727980714,29.928405500176737,23.32534524740413,-3.4335384114918703,-6.603060252772607,-3.169521841280737,,TRUE
2537,TRUE,FALSE,-0.03673888650811684,23.908798458989967,20.114651474866015,28.526293166223347,23.13367374112366,-3.7941469841239517,-5.392619425099689,-1.598472440975737,,TRUE
2538,TRUE,FALSE,-0.06951440965705355,30.469042192413188,24.497617137634215,30.11701230689314,22.588490133771757,-5.9714250547789725,-7.5285221731213845,-1.557097118342412,,TRUE
2539,TRUE,FALSE,-0.10996158235870475,28.065928491749624,24.587857546989266,29.725515630924637,23.330012008119564,-3.4780709447603577,-6.395503622805073,-2.9174326780447153,,TRUE
2540,TRUE,FALSE,0.018325609063583784,31.67886231609856,26.28869988730598,28.055173634110776,23.712164761167823,-5.3901624287925785,-4.343008872942953,1.0471535558496257,,TRUE
2541,TRUE,FALSE,0.0373177375529081,24.363660176712308,19.333836496710738,28.334560747239927,23.339894040991627,-5.02982368000157,-4.9946667062482994,0.03515697375327065,,TRUE
2542,TRUE,FALSE,-0.07609229494404507,27.335407095121646,22.74242569530827,27.478014217046372,21.186056126451547,-4.592981399813375,-6.291958090594825,-1.6989766907814499,,TRUE
2543,TRUE,FALSE,0.028061447587778884,27.6071496369267,22.311329808061345,27.169822263430845,22.582791043092172,-5.295819828865355,-4.587031220338673,0.7087886085266817,,TRUE
2544,TRUE,FALSE,-0.19489883906993774,22.902994084173265,21.584077901198068,30.111768908948058,23.35253422957234,-1.3189161829751974,-6.759234679375719,-5.440318496400522,,TRUE
2545,TRUE,FALSE,-0.04332135830000888,33.13933246427871,27.522241855488012,33.354734420282085,26.526705207480763,-5.617090608790697,-6.828029212801322,-1.2109386040106251,,TRUE
2546,TRUE,FALSE,-0.04666477218856149,26.438751854570505,22.340338664016002,29.289625155408256,23.620895829205487,-4.098413190554503,-5.668729326202769,-1.570316135648266,,TRUE
2547,TRUE,FALSE,0.05143306695314213,30.885172917451815,23.288525958312505,27.09155395194535,21.506165193767316,-7.59664695913931,-5.585388758178034,2.011258200961276,,TRUE
2548,TRUE,FALSE,0.020836095178010147,28.862682104695395,22.375593433508282,27.199853720752913,21.530466799245605,-6.487088671187113,-5.669386921507307,0.8177017496798058,,TRUE
2549,TRUE,FALSE,-0.10354123436270588,25.24426599941407,22.684542090212798,29.108825696485138,23.58438566994529,-2.5597239092012707,-5.524440026539846,-2.9647161173385754,,TRUE
2550,TRUE,FALSE,-0.0812706859651767,27.799584692202966,23.956085552268327,28.333450529049742,22.510316659728975,-3.8434991399346394,-5.823133869320767,-1.9796347293861274,,TRUE
2551,TRUE,FALSE,0.030722640795167434,33.66349229855528,27.966642209342233,30.38740113620042,26.03259070507953,-5.696850089213051,-4.354810431120889,1.3420396580921619,,TRUE
2552,TRUE,FALSE,-0.17649157603625446,29.71622915824536,25.881406191827868,30.79424389030774,22.480936426998245,-3.834822966417491,-8.313307463309496,-4.478484496892005,,TRUE
2553,TRUE,FALSE,0.03679676951456879,26.613078511946654,20.78406065340766,28.09919919807564,22.767212597641464,-5.829017858538993,-5.331986600434178,0.4970312581048155,,TRUE
2554,TRUE,FALSE,-0.025129031983882163,25.21859203168625,20.528260415176106,29.969370853879795,23.790060055488656,-4.690331616510143,-6.179310798391139,-1.488979181880996,,TRUE
2555,TRUE,FALSE,-0.0012888472427066507,26.09457640376946,20.636548736368866,27.522247114366156,21.73756866467397,-5.458027667400593,-5.784678449692187,-0.32665078229159406,,TRUE
2556,TRUE,FALSE,-0.019540817492400653,26.62005929673065,22.250128261947786,28.338905319839938,23.228443067178056,-4.369931034782862,-5.110462252661883,-0.7405312178790204,,TRUE
2557,TRUE,FALSE,-0.16523526322457424,26.975309685819944,25.722535384833613,29.333540048383757,23.71106434061129,-1.2527743009863315,-5.622475707772466,-4.369701406786135,,TRUE
2558,TRUE,FALSE,-0.16922581783765378,24.331363598629,23.13481608722407,27.185634304917667,21.824546813847363,-1.1965475114049298,-5.361087491070304,-4.164539979665374,,TRUE
2559,TRUE,FALSE,-0.06960604163384275,26.61536516645112,22.05188071193536,28.658622155637666,22.14822833796485,-4.563484454515759,-6.510393817672817,-1.946909363157058,,TRUE
2560,TRUE,FALSE,0.06221833577268019,27.614642979191604,21.153332997561453,29.496397926792458,24.045257754434658,-6.461309981630151,-5.4511401723578,1.0101698092723517,,TRUE
2561,TRUE,FALSE,-0.052323790776269904,24.51864436737386,21.983937588243915,30.334385501102687,25.81191914641755,-2.5347067791299445,-4.522466354685136,-1.9877595755551916,,TRUE
2562,TRUE,FALSE,-0.008573060325755071,27.612010678555365,24.37933972618358,27.790881281343136,24.327808739703723,-3.232670952371784,-3.463072541639413,-0.230401589267629,,TRUE
2563,TRUE,FALSE,-0.09286483613978772,24.661258228835983,21.56264587727433,26.295207138140455,20.952349518469138,-3.098612351561652,-5.342857619671317,-2.2442452681096654,,TRUE
2564,TRUE,FALSE,-0.10516309483032836,25.84943482093871,22.189460778492776,31.276285345762744,24.16791092425857,-3.659974042445935,-7.108374421504173,-3.4484003790582385,,TRUE
2565,TRUE,FALSE,-0.14442834112558675,27.07502322033773,24.127168776133463,29.729852722321517,22.930094822298486,-2.9478544442042676,-6.799757900023032,-3.851903455818764,,TRUE
2566,TRUE,FALSE,-0.13846315434427178,34.88615142191513,30.021320909451923,28.65923195769668,21.473730533763664,-4.864830512463207,-7.185501423933015,-2.320670911469808,,TRUE
2567,TRUE,FALSE,-0.13360772731693304,25.53769844507319,21.98914550914001,27.434978379086463,20.66836498977896,-3.5485529359331807,-6.766613389307501,-3.2180604533743207,,TRUE
2568,TRUE,FALSE,-0.03705188517508594,32.990843307447534,27.181206976665706,29.680753342453116,23.564531572150877,-5.809636330781828,-6.116221770302239,-0.3065854395204113,,TRUE
2569,TRUE,FALSE,-0.10199659622395768,35.12605782857051,30.24155244218327,29.935961624458688,23.274015774021287,-4.884505386387239,-6.661945850437402,-1.7774404640501622,,TRUE
2570,TRUE,FALSE,0.03501538351967919,28.62667021984831,22.690162511925106,26.417747621916117,21.68550529889615,-5.936507707923205,-4.7322423230199675,1.2042653849032376,,TRUE
2571,TRUE,FALSE,-0.13699979693714337,23.81075563348854,21.34291268166577,31.02083452274521,24.245756031911785,-2.467842951822771,-6.775078490833426,-4.307235539010655,,TRUE
2572,TRUE,FALSE,-0.08282035538193054,29.877318354431047,25.61720099501459,30.29719457345479,23.912448836943366,-4.2601173594164585,-6.384745736511423,-2.1246283770949645,,TRUE
2573,TRUE,FALSE,0.019778453317871873,27.375897524836397,20.277971797010238,30.196718117462765,22.814216902815925,-7.0979257278261585,-7.38250121464684,-0.2845754868206818,,TRUE
2574,TRUE,FALSE,0.05084267599111428,30.599391817527295,22.72031412616971,28.832403370430722,22.52491058525708,-7.879077691357583,-6.307492785173643,1.57158490618394,,TRUE
2575,TRUE,FALSE,-0.05026727909821361,24.0437209871114,20.548384365476803,29.991070719069285,24.37458163103308,-3.4953366216345962,-5.616489088036204,-2.1211524664016075,,TRUE
2576,TRUE,FALSE,0.12499706543144654,30.630471381091017,21.99930115512681,28.818256944744533,23.453542518053464,-8.631170225964208,-5.364714426691069,3.266455799273139,,TRUE
2577,TRUE,FALSE,-0.04235196498400835,29.779311566707754,25.175846081616047,28.34135031276953,22.966601488318666,-4.603465485091707,-5.374748824450865,-0.771283339359158,,TRUE
2578,TRUE,FALSE,-0.056379204997627184,23.202078534670314,19.078030694796894,28.187103284932924,21.906445727614496,-4.12404783987342,-6.280657557318428,-2.156609717445008,,TRUE
2579,TRUE,FALSE,-0.09390283478429422,23.873966958442892,20.625141067881383,32.49899401957357,25.559995565262827,-3.248825890561509,-6.938998454310745,-3.690172563749236,,TRUE
2580,TRUE,FALSE,0.006039240447996004,27.986123306989292,22.292481787645148,28.592213823685878,22.913227598498644,-5.693641519344144,-5.678986225187234,0.014655294156909804,,TRUE
2581,TRUE,FALSE,-0.036904121511401815,32.41568544240701,26.01088027154725,30.621084025917394,23.68062418569792,-6.40480517085976,-6.940459840219475,-0.5356546693597153,,TRUE
2582,TRUE,FALSE,-0.051057915767841175,26.034042698056428,21.93300682999639,28.493190183421007,22.80990449422333,-4.101035868060038,-5.683285689197678,-1.5822498211376406,,TRUE
2583,TRUE,FALSE,-0.02985253433431126,27.684163542354675,23.048911896793708,28.653516125133514,23.15432652182395,-4.635251645560967,-5.4991896033095635,-0.8639379577485968,,TRUE
2584,TRUE,FALSE,0.02417013322691763,31.292934886800737,23.803138844322696,29.95721995030529,23.34459785544088,-7.489796042478041,-6.61262209486441,0.8771739476136311,,TRUE
2585,TRUE,FALSE,0.012267442124564803,27.673708530014487,21.418407560171932,28.42834907122793,22.274047308096232,-6.255300969842555,-6.1543017631316985,0.10099920671085627,,TRUE
2586,TRUE,FALSE,-0.15619638436384037,28.298266257055513,26.54754406911075,31.08715648833073,24.94653853262471,-1.7507221879447634,-6.14061795570602,-4.3898957677612565,,TRUE
2587,TRUE,FALSE,0.10224667045902616,28.16193077087317,21.168040006703993,30.85954623674408,25.692887880696375,-6.993890764169176,-5.166658356047705,1.8272324081214713,,TRUE
2588,TRUE,FALSE,-0.16085076567554035,29.59733495754187,26.058010853950375,30.748937221900515,23.04953471509848,-3.539324103591497,-7.699402506802034,-4.160078403210537,,TRUE
2589,TRUE,FALSE,-0.03734249492574505,22.881248510705955,19.6222273633832,30.316073525179718,25.04516503573983,-3.2590211473227555,-5.270908489439886,-2.011887342117131,,TRUE
2590,TRUE,FALSE,-0.18881357079033903,23.042904706666103,21.61843532444792,31.545234097342075,24.503047210754655,-1.4244693822181844,-7.0421868865874195,-5.617717504369235,,TRUE
2591,TRUE,FALSE,-0.05064899941296224,30.549586141729808,25.625113120315927,33.43687291512546,26.661804134352444,-4.924473021413881,-6.775068780773019,-1.8505957593591376,,TRUE
2592,TRUE,FALSE,-0.08750437395694573,23.479405821569024,20.844939997089526,29.433831447055358,23.941848527945147,-2.6344658244794985,-5.49198291911021,-2.857517094630712,,TRUE
2593,TRUE,FALSE,-0.20989020393091945,27.726500503597997,26.05617592302274,30.302052046114365,23.085192566044373,-1.670324580575258,-7.216859480069992,-5.546534899494734,,TRUE
2594,TRUE,FALSE,-0.14885019238794345,25.040013545467197,23.596412183421702,30.201205074248,24.523975269531025,-1.443601362045495,-5.677229804716976,-4.233628442671481,,TRUE
2595,TRUE,FALSE,-0.033704446315273744,31.358374585679186,26.08940263236001,29.788775227950914,23.962139050861445,-5.268971953319177,-5.826636177089469,-0.557664223770292,,TRUE
2596,TRUE,FALSE,-0.08596735450945928,28.449301626830607,24.454020139712153,30.56776671422862,24.110555600312438,-3.9952814871184543,-6.4572111139161805,-2.461929626797726,,TRUE
2597,TRUE,FALSE,-0.12563059157129233,23.365260615243617,21.39011093265533,30.129764546940763,24.326379217759182,-1.9751496825882882,-5.80338532918158,-3.828235646593292,,TRUE
2598,TRUE,FALSE,0.02852103799438413,32.38743165529353,25.772875785771973,29.052600887472366,23.787999380252515,-6.61455586952156,-5.264601507219851,1.349954362301709,,TRUE
2599,TRUE,FALSE,-0.025712324620776168,32.36342382179174,25.719299464610973,33.02752475357288,25.58079165601861,-6.644124357180768,-7.446733097554265,-0.8026087403734969,,TRUE
2600,TRUE,FALSE,-0.08529220445751831,33.43934848819903,29.36714345292452,27.672933591121147,22.3160417115443,-4.072205035274511,-5.356891879576846,-1.2846868443023354,,TRUE
2601,TRUE,FALSE,-0.07694078828364216,29.171557818276945,24.787875899525787,29.129877522662063,22.919407701553034,-4.383681918751158,-6.2104698211090295,-1.8267879023578715,,TRUE
2602,TRUE,FALSE,-0.2050287396386366,26.112589114495595,26.119016111774936,30.5109731836397,24.86108555564437,0.006426997279341151,-5.64988762799533,-5.656314625274671,,TRUE
2603,TRUE,FALSE,-0.035076850531378996,23.790453783870753,19.368708418158104,30.8982670465152,24.288370272221464,-4.421745365712649,-6.609896774293738,-2.1881514085810885,,TRUE
2604,TRUE,FALSE,-0.07866163519626787,33.028446646233355,27.793506016490298,29.68404442788641,23.08957527246691,-5.234940629743058,-6.5944691554195,-1.359528525676442,,TRUE
2605,TRUE,FALSE,0.0614227675532702,36.394494197478025,27.98561282020678,28.846781277927168,23.586965076446564,-8.408881377271246,-5.259816201480604,3.1490651757906427,,TRUE
2606,TRUE,FALSE,-0.05251512944836307,28.476428109157208,24.6231425742231,28.433367264460077,23.32809257744677,-3.853285534934109,-5.105274687013306,-1.2519891520791973,,TRUE
2607,TRUE,FALSE,-0.06643464340277595,25.16228935796138,22.647954520548076,26.78293430040054,22.5571791580761,-2.5143348374133048,-4.2257551423244415,-1.7114203049111367,,TRUE
2608,TRUE,FALSE,0.009737385601576411,26.63086128600557,21.72633305513762,26.888583957889846,22.151240105739035,-4.90452823086795,-4.737343852150811,0.16718437871713832,,TRUE
2609,TRUE,FALSE,-0.06064137667299891,31.064516018824946,25.887043304749877,30.715565023219085,24.09018592948683,-5.177472714075069,-6.625379093732256,-1.4479063796571872,,TRUE
2610,TRUE,FALSE,-0.10776127176396189,24.20152671567626,22.012127949863277,27.76016747518098,22.66946240138397,-2.1893987658129817,-5.090705073797011,-2.9013063079840293,,TRUE
2611,TRUE,FALSE,-0.023083379548727415,26.008813391333216,21.454246096288703,31.562073385683604,25.440946239306008,-4.554567295044514,-6.121127146377596,-1.566559851333082,,TRUE
2612,TRUE,FALSE,-0.16865182525982164,30.36396597197288,28.050211615920478,28.835173118298133,22.503789252237844,-2.313754356052403,-6.331383866060289,-4.017629510007886,,TRUE
2613,TRUE,FALSE,-0.02752889653608648,27.151313184082287,21.99573250400609,27.257916644956087,21.482489167666504,-5.1555806800761985,-5.775427477289583,-0.6198467972133841,,TRUE
2614,TRUE,FALSE,-0.011392015633587669,29.50001675122997,23.5193899908255,27.389116892853544,21.58908970676204,-5.980626760404473,-5.800027186091505,0.1805995743129678,,TRUE
2615,TRUE,FALSE,0.013829803907092025,28.995933238864247,23.73180199834927,25.912559972093078,21.503549492689697,-5.264131240514978,-4.409010479403381,0.8551207611115963,,TRUE
2616,TRUE,FALSE,-0.13405378760829811,25.0541007691124,22.199165075189068,26.74596162418653,20.725127820796786,-2.8549356939233306,-6.0208338033897455,-3.165898109466415,,TRUE
2617,TRUE,FALSE,-0.10920044030290961,29.324941715776315,25.9892418945864,27.796227811567636,22.086005067156492,-3.335699821189916,-5.710222744411144,-2.374522923221228,,TRUE
2618,TRUE,FALSE,0.052188731515367286,30.305679180155174,22.492225722409426,29.374178718691883,22.96885905766518,-7.813453457745748,-6.405319661026702,1.4081337967190457,,TRUE
2619,TRUE,FALSE,-0.04129225344854496,25.255696821665094,21.65501570514262,30.739238862899786,25.29060737525893,-3.6006811165224732,-5.448631487640856,-1.8479503711183831,,TRUE
2620,TRUE,FALSE,0.0057118944452562315,27.09057506961339,22.905024543129116,28.50523573628263,24.239174122407206,-4.185550526484274,-4.266061613875422,-0.0805110873911481,,TRUE
2621,TRUE,FALSE,-0.21528532926542943,23.672565922842463,23.624700429947808,30.939205459750166,24.896190677898026,-0.04786549289465469,-6.04301478185214,-5.995149288957485,,TRUE
2622,TRUE,FALSE,-0.17199270502765024,31.144701631118533,29.051254724429853,28.59755681247032,22.460228403420384,-2.09344690668868,-6.137328409049935,-4.0438815023612555,,TRUE
2623,TRUE,FALSE,-0.12072205251860658,28.888143974343482,25.25394703390437,27.475453880976634,21.287545028700556,-3.634196940439111,-6.1879088522760775,-2.5537119118369667,,TRUE
2624,TRUE,FALSE,0.04927666032885154,30.842316882494476,23.575916885237497,28.4256336586456,22.826132463164527,-7.266399997256979,-5.599501195481075,1.666898801775904,,TRUE
2625,TRUE,FALSE,0.0251552702855355,27.400628898174816,22.347267909832357,28.69028685099232,23.995156688062917,-5.053360988342458,-4.695130162929402,0.35823082541305595,,TRUE
2626,TRUE,FALSE,-0.2176588443922,25.10142771308168,24.350029041610085,29.67327389327775,23.154664350514544,-0.7513986714715948,-6.518609542763205,-5.76721087129161,,TRUE
2627,TRUE,FALSE,0.08214234630398998,24.615059672109407,18.15101673863303,27.144400040321084,21.72972745298555,-6.464042933476378,-5.414672587335534,1.0493703461408437,,TRUE
2628,TRUE,FALSE,0.007413968309843168,32.15822301258676,26.44865313231064,27.29329040255657,22.614514056303392,-5.709569880276121,-4.678776346253176,1.0307935340229442,,TRUE
2629,TRUE,FALSE,-0.15871736803721223,27.167586973114528,25.534838703270974,30.590930291442067,24.53266113627042,-1.6327482698435531,-6.058269155171647,-4.425520885328094,,TRUE
2630,TRUE,FALSE,-0.16700519256871668,28.368749036899985,27.12984694829349,27.84222413781048,22.531061350938966,-1.238902088606494,-5.311162786871513,-4.072260698265019,,TRUE
2631,TRUE,FALSE,-0.11359278145219054,27.752302277475945,23.042700413482173,30.009407207775038,22.241242983119083,-4.709601863993772,-7.768164224655955,-3.058562360662183,,TRUE
2632,TRUE,FALSE,-0.007430980078496303,27.161654164982917,21.348478924136586,27.69921260733822,21.609808180534724,-5.813175240846331,-6.0894044268034975,-0.27622918595716683,,TRUE
2633,TRUE,FALSE,-0.01482974404250115,25.7228000145406,19.774121380010364,29.68588133058313,22.484768755462248,-5.948678634530236,-7.201112575120881,-1.2524339405906453,,TRUE
2634,TRUE,FALSE,0.025881172704331396,30.357190969533626,23.457304936759883,31.759768027549487,25.18453305677615,-6.899886032773743,-6.575234970773337,0.32465106200040594,,TRUE
2635,TRUE,FALSE,-0.021445289801849027,32.94088169612078,25.413085232531035,29.129028749974673,21.995538901280078,-7.527796463589748,-7.133489848694595,0.39430661489515373,,TRUE
2636,TRUE,FALSE,-0.08711728165566279,32.27866281933616,28.040519380116805,28.06641391378916,22.347188347713182,-4.238143439219357,-5.719225566075977,-1.48108212685662,,TRUE
2637,TRUE,FALSE,-0.14443852420638748,31.62356201380331,27.429362166838803,28.05950551128872,21.064738959814353,-4.194199846964505,-6.994766551474367,-2.800566704509862,,TRUE
2638,TRUE,FALSE,-0.043260891512095265,29.064234456090457,25.053955732385415,27.86494069074761,23.003163910933104,-4.010278723705042,-4.861776779814505,-0.8514980561094632,,TRUE
2639,TRUE,FALSE,0.036054910727916764,33.231479192302885,26.76352074793279,27.44015833488706,22.910714490525677,-6.467958444370094,-4.529443844361381,1.9385146000087126,,TRUE
2640,TRUE,FALSE,-0.1290328103426941,29.242376973062456,25.85176963570248,30.225751999734722,23.48640161472246,-3.390607337359974,-6.739350385012262,-3.348743047652288,,TRUE
2641,TRUE,FALSE,-0.013099953336987791,28.39264042971272,22.92886699057597,29.8315332940313,23.777333600136743,-5.463773439136752,-6.054199693894557,-0.590426254757805,,TRUE
2642,TRUE,FALSE,-0.18901658773742971,27.776871817897796,27.617036106698464,29.112640891429795,23.959981332097016,-0.1598357111993316,-5.152659559332779,-4.9928238481334475,,TRUE
2643,TRUE,FALSE,0.0039055332763605045,26.864968167238253,21.3292796347551,29.97140348112824,23.888731521391506,-5.535688532483153,-6.082671959736736,-0.5469834272535827,,TRUE
2644,TRUE,FALSE,-0.08347218087499926,27.765368424065603,23.810052758596285,29.371130678164587,23.170002206058196,-3.9553156654693176,-6.20112847210639,-2.2458128066370726,,TRUE
2645,TRUE,FALSE,-0.12663147755419907,26.274439818856763,23.700040156750976,33.73115749637461,26.807203356653076,-2.5743996621057867,-6.9239541397215305,-4.349554477615744,,TRUE
2646,TRUE,FALSE,0.03175643884387598,26.991607872993946,20.827730538334883,27.72260886948909,22.08202708038505,-6.1638773346590625,-5.64058178910404,0.5232955455550226,,TRUE
2647,TRUE,FALSE,-0.09849674286119717,25.50968282225509,21.812908227355884,29.404194521923056,22.78458950633984,-3.696774594899207,-6.619605015583215,-2.922830420684008,,TRUE
2648,TRUE,FALSE,-0.018002869035495427,26.747631526089467,21.411215313616335,33.57257129555049,26.39502302356129,-5.336416212473132,-7.177548271989199,-1.8411320595160667,,TRUE
2649,TRUE,FALSE,-0.15759882430031047,33.8518435487346,27.851779187250255,32.155633488922305,22.598696440618394,-6.000064361484345,-9.556937048303912,-3.556872686819567,,TRUE
2650,TRUE,FALSE,-0.00976233936847706,26.11626313595434,20.998289170214964,28.850564540914004,22.971399885476103,-5.1179739657393775,-5.879164655437901,-0.7611906896985232,,TRUE
2651,TRUE,FALSE,-0.1850480258150895,25.844147129980563,24.32084861290581,29.429782022732493,23.01644409679521,-1.5232985170747533,-6.413337925937281,-4.890039408862528,,TRUE
2652,TRUE,FALSE,0.11055639509815868,27.22366216219869,19.30272037268574,32.44774675976111,25.696297333846488,-7.920941789512948,-6.751449425914622,1.1694923635983265,,TRUE
2653,TRUE,FALSE,-0.03054365437191229,28.075763905811552,22.768651308017155,29.789934493171693,23.43205252003264,-5.307112597794397,-6.357881973139051,-1.0507693753446539,,TRUE
2654,TRUE,FALSE,-0.05547607875287467,22.788963001107263,19.8402808284526,28.74940294590223,23.678769328363583,-2.9486821726546637,-5.070633617538647,-2.121951444883983,,TRUE
2655,TRUE,FALSE,-0.2013059292472921,26.22197268446952,24.664792558934405,31.253683900914453,24.037387669103744,-1.5571801255351154,-7.216296231810709,-5.659116106275594,,TRUE
2656,TRUE,FALSE,-0.07350060648138282,30.022730114907976,25.98699966083415,30.82377330815308,24.789676121530817,-4.035730454073825,-6.034097186622262,-1.9983667325484369,,TRUE
2657,TRUE,FALSE,-0.07223727197527598,25.48503738458351,22.178871065917974,28.024605922668016,22.689317214319725,-3.306166318665536,-5.3352887083482905,-2.0291223896827546,,TRUE
2658,TRUE,FALSE,-0.1034269807530466,26.695367609864622,23.39621962080637,31.196954786548076,24.654955341887103,-3.299147989058252,-6.5419994446609735,-3.2428514556027217,,TRUE
2659,TRUE,FALSE,0.014491033787661506,25.84700527040589,20.78663627675956,28.492806369259633,23.248909568803164,-5.060368993646332,-5.2438968004564686,-0.1835278068101367,,TRUE
2660,TRUE,FALSE,-0.04393180500859145,23.869748190915047,19.853592240307172,31.61340984382565,25.164207728255395,-4.016155950607875,-6.449202115570255,-2.4330461649623807,,TRUE
2661,TRUE,FALSE,-0.04720116891054459,31.680709470584915,25.397670949512406,29.707051581527054,22.717437218815697,-6.283038521072509,-6.989614362711357,-0.7065758416388483,,TRUE
2662,TRUE,FALSE,-0.05730706643948208,27.329250565630996,22.771015168275024,30.759043457232234,24.201336660079026,-4.558235397355972,-6.557706797153209,-1.9994713997972369,,TRUE
2663,TRUE,FALSE,0.024066647333205807,31.020283967611057,23.753917720296723,28.39751678860301,22.275212499491026,-7.266366247314334,-6.122304289111984,1.1440619582023501,,TRUE
2664,TRUE,FALSE,-0.0616511527105156,31.975416418912538,25.74515157770705,28.270680728735332,21.40132955297014,-6.230264841205489,-6.869351175765193,-0.6390863345597033,,TRUE
2665,TRUE,FALSE,-0.14855491315921596,25.63031225318134,24.633472073039393,28.4284508439873,23.550945514250394,-0.9968401801419482,-4.8775053297369055,-3.8806651495949573,,TRUE
2666,TRUE,FALSE,-0.13270285218809952,29.326721728501067,25.54258496980678,31.97361147115857,24.387141902180524,-3.784136758694288,-7.586469568978046,-3.802332810283758,,TRUE
2667,TRUE,FALSE,-0.2286488978094536,26.98621032872409,27.178093294438344,28.192809023567264,22.58990887690774,0.19188296571425312,-5.602900146659525,-5.7947831123737785,,TRUE
2668,TRUE,FALSE,-0.12107099222643493,26.990237390000882,24.648701454332233,28.730273196151696,23.245914289377716,-2.3415359356686487,-5.484358906773981,-3.142822971105332,,TRUE
2669,TRUE,FALSE,0.01263021396116948,25.980016455210286,20.41773902899237,30.20171602664619,24.037266513151724,-5.562277426217918,-6.164449513494464,-0.6021720872765464,,TRUE
2670,TRUE,FALSE,-0.1436449730465874,31.724998093749267,29.64304201803216,28.575182767568883,23.127354779438303,-2.081956075717109,-5.44782798813058,-3.3658719124134713,,TRUE
2671,TRUE,FALSE,-0.03643850201550234,25.93001044677789,21.159722304072144,32.950254830996904,25.926327899557247,-4.770288142705745,-7.023926931439657,-2.2536387887339124,,TRUE
2672,TRUE,FALSE,-0.24664052572117046,25.79905969738052,23.927259866739867,31.748965628678246,23.0093341038753,-1.8717998306406542,-8.739631524802945,-6.867831694162291,,TRUE
2673,TRUE,FALSE,0.03815753950310981,23.228629402270915,20.61201334572481,24.215461680282882,22.323443742445914,-2.6166160565461034,-1.8920179378369681,0.7245981187091353,,TRUE
2674,TRUE,FALSE,-0.09680249313025424,22.93111572517272,20.146756564785147,28.356368803941635,22.614645295489808,-2.7843591603875737,-5.741723508451827,-2.957364348064253,,TRUE
2675,TRUE,FALSE,-0.03397538803531879,31.185870405961285,24.69146632606672,28.948757213236505,22.15458464441589,-6.494404079894565,-6.794172568820613,-0.29976848892604835,,TRUE
2676,TRUE,FALSE,-0.04481394732523455,31.436590848071585,26.48886347086319,31.854542127960272,25.664735874660437,-4.947727377208395,-6.189806253299835,-1.2420788760914405,,TRUE
2677,TRUE,FALSE,-0.193143006422099,26.54107687546636,24.181308254909386,28.54508825014453,21.439354307990865,-2.3597686205569737,-7.105733942153666,-4.745965321596692,,TRUE
2678,TRUE,FALSE,-0.061692784257193524,25.666888682437417,21.87681590085005,29.332311053589407,23.505220579454388,-3.790072781587366,-5.827090474135019,-2.0370176925476535,,TRUE
2679,TRUE,FALSE,-0.02860065884293592,29.107013167676577,23.546989264526932,29.959376552240105,23.553172168271523,-5.560023903149645,-6.406204383968582,-0.846180480818937,,TRUE
2680,TRUE,FALSE,-0.06118945125084017,26.346667793567534,22.05427862845265,30.623694431482065,24.112958751837933,-4.2923891651148836,-6.510735679644132,-2.218346514529248,,TRUE
2681,TRUE,FALSE,-0.03436908672234542,31.838864678021945,25.96986855735586,29.717374740835282,23.420508197675105,-5.868996120666086,-6.296866543160178,-0.4278704224940917,,TRUE
2682,TRUE,FALSE,0.028639817877630567,32.90177696130158,26.561172696742442,31.130937817589423,25.86176793944155,-6.340604264559136,-5.269169878147874,1.071434386411262,,TRUE
2683,TRUE,FALSE,-0.04642828695006381,23.954025483613936,19.58793819638298,31.277087075259494,24.415912966215775,-4.3660872872309575,-6.86117410904372,-2.4950868218127624,,TRUE
2684,TRUE,FALSE,-0.022203878175180346,31.672417689184286,25.741269699811514,29.544373830362538,23.48445666476687,-5.931147989372771,-6.059917165595667,-0.12876917622289596,,TRUE
2685,TRUE,FALSE,0.009416082203502242,33.048055552822106,25.43854162313634,29.087599399612785,22.60182618626058,-7.609513929685765,-6.4857732133522035,1.123740716333561,,TRUE
2686,TRUE,FALSE,-0.006529486074805008,30.427663925057562,25.09253244004076,29.659614956014774,24.299966360297592,-5.335131485016802,-5.359648595717182,-0.024517110700379874,,TRUE
2687,TRUE,FALSE,-0.03845487545331292,26.58195251104745,21.98333605317034,28.104281549866514,22.365492626880837,-4.59861645787711,-5.738788922985677,-1.1401724651085665,,TRUE
2688,TRUE,FALSE,0.05441554027219156,34.06743390947965,25.503837331127183,27.682583105688295,21.882910740551726,-8.563596578352463,-5.799672365136569,2.763924213215894,,TRUE
2689,TRUE,FALSE,0.029306882770789158,26.461491087369563,20.878019380125746,31.340745291675816,25.463149565366912,-5.583471707243817,-5.877595726308904,-0.29412401906508734,,TRUE
2690,TRUE,FALSE,-0.0818489715065038,25.530634607403258,21.45119752215771,27.044330035242307,20.937248244645374,-4.079437085245548,-6.107081790596933,-2.027644705351385,,TRUE
2691,TRUE,FALSE,-0.08171655219934006,27.08819565125052,23.28204475937496,26.212558090215435,20.761627772400058,-3.8061508918755607,-5.450930317815377,-1.6447794259398165,,TRUE
2692,TRUE,FALSE,-0.035486964737528194,29.265575739470556,25.067356003154188,29.644669740763693,24.50678157095737,-4.198219736316368,-5.137888169806324,-0.9396684334899561,,TRUE
2693,TRUE,FALSE,-0.11180600447107902,29.63526611997647,26.421140528582466,28.394819404029814,22.637325186508345,-3.214125591394005,-5.757494217521469,-2.5433686261274637,,TRUE
2694,TRUE,FALSE,-0.03981521056815342,30.163258090549807,23.856873615125465,31.497160279428442,23.93950432107311,-6.306384475424341,-7.557655958355333,-1.251271482930992,,TRUE
2695,TRUE,FALSE,-0.07886729797429258,29.67420380367105,24.138193707916397,32.08722845178942,24.121608644800343,-5.536010095754651,-7.9656198069890785,-2.429609711234427,,TRUE
2696,TRUE,FALSE,-0.15451818410316473,27.667305035009733,27.271381380322296,26.09711591407236,22.04075151716245,-0.3959236546874365,-4.05636439690991,-3.660440742222473,,TRUE
2697,TRUE,FALSE,-0.030967680524701106,28.425363392410503,25.107220281240256,28.583761765188324,24.47726548058952,-3.3181431111702473,-4.106496284598805,-0.7883531734285576,,TRUE
2698,TRUE,FALSE,-0.05473733847915897,26.618125893353273,23.101769507730413,28.239361730879462,23.203341086843288,-3.51635638562286,-5.036020644036174,-1.5196642584133144,,TRUE
2699,TRUE,FALSE,-0.08592436441080359,27.377809316524104,23.532447897036857,28.16837575003439,22.218449026883206,-3.845361419487247,-5.949926723151183,-2.104565303663936,,TRUE
2700,TRUE,FALSE,-0.04927141245464476,30.636477428327883,26.14205405618997,29.34526774475419,23.83639937528189,-4.494423372137913,-5.5088683694722995,-1.0144449973343868,,TRUE
2701,TRUE,FALSE,0.02092108807007417,24.427160490553042,18.8816422183057,28.05808456352221,22.14678610222719,-5.545518272247342,-5.911298461295022,-0.3657801890476797,,TRUE
2702,TRUE,FALSE,0.02872099478332852,31.14248372164008,24.120233784952887,30.696096141138906,24.467228773466825,-7.022249936687192,-6.2288673676720805,0.7933825690151117,,TRUE
2703,TRUE,FALSE,0.07643715547667693,30.715216708281634,23.822574253793448,26.020410481979983,21.784394029267027,-6.892642454488186,-4.236016452712956,2.65662600177523,,TRUE
2704,TRUE,FALSE,-0.0923085910649709,32.777845546769136,29.074938942543355,29.592127410802785,23.934561947269213,-3.702906604225781,-5.657565463533572,-1.9546588593077914,,TRUE
2705,TRUE,FALSE,-0.05220349776355564,27.56176341899392,23.378427089063113,27.64759886346846,22.258403775872647,-4.183336329930807,-5.389195087595812,-1.2058587576650055,,TRUE
2706,TRUE,FALSE,-0.13146566513168853,28.739000881435416,25.151994606768554,31.13498716375626,23.892117593419723,-3.5870062746668623,-7.242869570336538,-3.6558632956696755,,TRUE
2707,TRUE,FALSE,-0.06982114734492896,28.265621513363275,24.083136353959414,29.408266086585517,23.366893839686753,-4.182485159403861,-6.041372246898764,-1.858887087494903,,TRUE
2708,TRUE,FALSE,-0.11995285930791426,29.355459619869354,25.322582076584553,31.082560999319153,23.781597948569402,-4.032877543284801,-7.3009630507497505,-3.2680855074649493,,TRUE
2709,TRUE,FALSE,-0.13536418940031616,24.52637150519973,22.792690021787536,28.55980677258787,23.180864382473974,-1.7336814834121945,-5.378942390113895,-3.6452609067017008,,TRUE
2710,TRUE,FALSE,-0.09113839622744767,28.066196709214193,24.95231306881896,30.295424411070297,24.588010185856014,-3.1138836403952332,-5.707414225214283,-2.5935305848190495,,TRUE
2711,TRUE,FALSE,-0.07016871711819135,26.420477947279043,22.56269514095604,28.99146761851962,23.08057478130172,-3.8577828063230015,-5.910892837217901,-2.0531100308948993,,TRUE
2712,TRUE,FALSE,-0.09894304502917989,27.91218296436073,23.385604608215754,29.62510887768976,22.482486224483715,-4.526578356144977,-7.142622653206047,-2.6160442970610696,,TRUE
2713,TRUE,FALSE,0.09511970085898401,28.560361007684396,20.308608497820845,30.050275290318307,23.500380329360326,-8.25175250986355,-6.549894960957982,1.7018575489055685,,TRUE
2714,TRUE,FALSE,-0.017778549944021393,33.25736694634939,27.60807070089488,28.507138294158633,23.24773747164883,-5.6492962454545115,-5.259400822509804,0.3898954229447078,,TRUE
2715,TRUE,FALSE,-0.08391516782404872,24.111363718476756,20.572365444315317,30.2411376248673,23.725571710983097,-3.5389982741614396,-6.515565913884203,-2.976567639722763,,TRUE
2716,TRUE,FALSE,0.08783164718850775,32.04060147407111,22.858138329822676,29.798812951911998,23.21047136109412,-9.182463144248434,-6.58834159081788,2.594121553430554,,TRUE
2717,TRUE,FALSE,-0.08498034395361789,27.711462858964094,23.94105592323482,30.30618028236898,24.049638722083024,-3.770406935729273,-6.256541560285957,-2.4861346245566835,,TRUE
2718,TRUE,FALSE,-0.07804836163126212,25.463134210990944,21.832014086799834,27.185512200442272,21.55874575736722,-3.63112012419111,-5.626766443075052,-1.9956463188839422,,TRUE
2719,TRUE,FALSE,-0.0016023811299548285,31.86021276835517,25.809871665175184,28.84465248183135,23.32956166687301,-6.050341103179985,-5.5150908149583415,0.5352502882216434,,TRUE
2720,TRUE,FALSE,-0.06522091729925926,28.407068884577072,23.724355449912338,28.64987590881324,22.416389211788236,-4.682713434664734,-6.233486697025004,-1.55077326236027,,TRUE
2721,TRUE,FALSE,-0.039048790225217594,29.759535263131692,24.561252021570375,27.632331274686692,21.932251095274054,-5.198283241561317,-5.7000801794126374,-0.5017969378513207,,TRUE
2722,TRUE,FALSE,-0.08260952800138939,28.782460404918165,24.68207195394864,27.264597558929186,21.52662412179055,-4.100388450969525,-5.737973437138635,-1.6375849861691094,,TRUE
2723,TRUE,FALSE,-0.020160747530448594,25.13506679207642,21.13028838549193,27.133559124529576,22.355091071023903,-4.004778406584489,-4.778468053505673,-0.7736896469211842,,TRUE
2724,TRUE,FALSE,-0.046268370392344264,27.812144620328805,23.623729207280117,28.52688524891622,23.135251977133404,-4.188415413048688,-5.3916332717828155,-1.2032178587341278,,TRUE
2725,TRUE,FALSE,-0.03934727708132168,26.48467407866635,23.198074062029345,26.215478037082363,22.076324741927674,-3.2866000166370064,-4.1391532951546885,-0.8525532785176821,,TRUE
2726,TRUE,FALSE,0.07937071565013135,29.962010601127947,23.69189553994949,29.19258956862284,24.990315610158085,-6.270115061178458,-4.202273958464755,2.067841102713704,,TRUE
2727,TRUE,FALSE,-0.1709986509800775,27.768003044375984,24.70856566749022,28.924616246989984,21.692355954269022,-3.0594373768857643,-7.232260292720962,-4.172822915835198,,TRUE
2728,TRUE,FALSE,-0.026288635264810265,34.946485610408146,29.631699610127836,31.786402985051613,26.252908849671595,-5.314786000280311,-5.5334941353800176,-0.21870813509970688,,TRUE
2729,TRUE,FALSE,0.008457869209634544,28.113584139679816,21.36049197377917,27.535547073555747,21.099003786564456,-6.753092165900647,-6.4365432869912915,0.3165488789093551,,TRUE
2730,TRUE,FALSE,-0.050193349331300055,34.940084911027476,28.461270907152226,28.99840305305167,22.464963655148647,-6.47881400387525,-6.533439397903024,-0.054625394027773666,,TRUE
2731,TRUE,FALSE,-0.04488723039085216,28.43494452920592,23.243038853665535,32.88942755254267,25.704109397269708,-5.1919056755403865,-7.185318155272963,-1.9934124797325765,,TRUE
2732,TRUE,FALSE,-0.05824095916224684,26.372557479493732,23.118488664964218,28.84823328956012,23.857925937006335,-3.2540688145295142,-4.990307352553785,-1.7362385380242706,,TRUE
2733,TRUE,FALSE,-0.023765953832113912,24.21520158033636,20.505764260363588,27.640913159694698,22.856979328222593,-3.7094373199727713,-4.783933831472105,-1.0744965114993335,,TRUE
2734,TRUE,FALSE,-0.20583957785460383,25.486787934458157,24.618341536108396,30.756729510093873,24.181812394477973,-0.8684463983497608,-6.5749171156159,-5.706470717266139,,TRUE
2735,TRUE,FALSE,-0.2096331659027268,28.676320136508146,26.299147002022014,32.0121795108323,23.80624829501131,-2.3771731344861315,-8.205931215820986,-5.828758081334854,,TRUE
2736,TRUE,FALSE,-0.08211231575345393,23.422620158959482,20.477519777059715,27.549732104527784,22.186987206100763,-2.945100381899767,-5.362744898427021,-2.417644516527254,,TRUE
2737,TRUE,FALSE,-0.08423817945268951,29.513841049790866,26.04165547867372,28.787852753904904,23.34898204511849,-3.4721855711171443,-5.438870708786414,-1.9666851376692698,,TRUE
2738,TRUE,FALSE,-0.01519699992473915,24.818684304967356,20.936951730352522,30.60343019423061,25.427568385106664,-3.8817325746148335,-5.175861809123948,-1.2941292345091142,,TRUE
2739,TRUE,FALSE,-0.1793108171969412,30.559078245565555,26.224573194606627,31.61223000646707,22.67512098768236,-4.334505050958928,-8.93710901878471,-4.602603967825782,,TRUE
2740,TRUE,FALSE,-0.015843579771578808,26.88517995958559,21.06641433259804,30.08977926963738,23.20683403531237,-5.818765626987549,-6.88294523432501,-1.0641796073374614,,TRUE
2741,TRUE,FALSE,-0.07092942415228627,26.190425878530228,22.85206153349126,28.44834678368982,23.122543234582945,-3.3383643450389684,-5.325803549106876,-1.9874392040679076,,TRUE
2742,TRUE,FALSE,-0.041556087558152134,29.902153340210333,24.10960307774154,28.910696018720024,22.361378055058594,-5.792550262468794,-6.54931796366143,-0.7567677011926364,,TRUE
2743,TRUE,FALSE,-0.09712158065111207,26.340019933115453,23.220663968306628,29.418134674734393,23.533921458257325,-3.1193559648088254,-5.884213216477068,-2.764857251668243,,TRUE
2744,TRUE,FALSE,-0.05857961981650343,27.25190637039663,23.702114250946444,30.350054937216765,24.89481337706598,-3.549792119450185,-5.455241560150785,-1.9054494407006004,,TRUE
2745,TRUE,FALSE,-0.007199606287147187,29.164215141911495,23.6458197047608,29.16299618610031,23.475209259575777,-5.518395437150694,-5.687786926524534,-0.1693914893738402,,TRUE
2746,TRUE,FALSE,-0.031699910972968745,26.23674783301363,22.248703545239582,29.528931189664448,24.259136571432148,-3.9880442877740485,-5.2697946182323,-1.2817503304582516,,TRUE
2747,TRUE,FALSE,-0.011970921882991651,31.399260903804556,25.135113088544692,27.655662729774455,21.87492551717241,-6.264147815259864,-5.780737212602045,0.48341060265781977,,TRUE
2748,TRUE,FALSE,-0.0787122279225314,24.552188671074987,21.435416749211587,28.48964586244628,22.99029179049641,-3.1167719218634,-5.49935407194987,-2.3825821500864706,,TRUE
2749,TRUE,FALSE,-0.07947149267751619,28.56971930008236,24.51404705271618,27.584674410369267,21.860640053154768,-4.055672247366182,-5.724034357214499,-1.6683621098483172,,TRUE
2750,TRUE,FALSE,0.004909768584627813,33.365010401268535,27.491665059311952,29.219576694535263,24.19446286726248,-5.873345341956583,-5.025113827272783,0.8482315146837998,,TRUE
2751,TRUE,FALSE,-0.1669306277240719,25.225854389387152,22.26634100268992,28.598973488803285,21.362711035859235,-2.959513386697232,-7.23626245294405,-4.276749066246818,,TRUE
2752,TRUE,FALSE,-0.09191854061978628,33.22423665079972,28.32282544876557,30.506366324149862,23.722056194501892,-4.901411202034147,-6.78431012964797,-1.882898927613823,,TRUE
2753,TRUE,FALSE,-0.01335921332673462,27.14072240684475,21.941970094796556,30.395496522427358,24.247201702949347,-5.198752312048192,-6.148294819478011,-0.9495425074298183,,TRUE
2754,TRUE,FALSE,0.022825808877968035,30.029996955460355,24.4196590897438,28.466672775126508,23.682859609743954,-5.610337865716556,-4.783813165382554,0.8265247003340015,,TRUE
2755,TRUE,FALSE,-0.09119557169991814,25.95024060340285,22.631487702873667,30.11797135196533,23.976826302961875,-3.3187529005291836,-6.141145049003455,-2.8223921484742718,,TRUE
2756,TRUE,FALSE,-0.07766899203543032,25.06854843274771,23.26928549948346,27.431747740145273,23.560045484985555,-1.7992629332642522,-3.871702255159718,-2.072439321895466,,TRUE
2757,TRUE,FALSE,-0.12636388659727915,30.03676559681765,25.999390384409622,30.69277047101145,23.413533046057232,-4.037375212408026,-7.279237424954218,-3.2418622125461916,,TRUE
2758,TRUE,FALSE,-0.02968054797029828,27.537099392004645,23.329436865389848,29.536749959071457,24.29174267630769,-4.207662526614797,-5.245007282763769,-1.037344756148972,,TRUE
2759,TRUE,FALSE,-0.09622337409099051,33.122653640800515,28.632185504543763,31.616477343644853,24.822960453104784,-4.490468136256752,-6.793516890540069,-2.303048754283317,,TRUE
2760,TRUE,FALSE,-0.15386308734142728,26.450478779606023,24.64509471000549,29.350401725304724,23.447098828746682,-1.8053840696005317,-5.903302896558042,-4.09791882695751,,TRUE
2761,TRUE,FALSE,0.1274089732647587,28.942007547401595,21.712428038785763,29.014152128284074,24.724222171744895,-7.229579508615831,-4.289929956539179,2.939649552076652,,TRUE
2762,TRUE,FALSE,0.09186267001665699,32.414879312333355,24.163956658075616,30.745596484724345,25.124765260452207,-8.250922654257739,-5.620831224272138,2.630091429985601,,TRUE
2763,TRUE,FALSE,-0.09362979713920014,29.947547267598143,25.991305360903027,30.584335482124423,24.171465220393724,-3.9562419066951158,-6.412870261730699,-2.4566283550355834,,TRUE
2764,TRUE,FALSE,-0.04837284866449124,26.386368267938455,21.910109579613888,28.250736656017363,22.350469254023906,-4.476258688324567,-5.900267401993457,-1.42400871366889,,TRUE
2765,TRUE,FALSE,0.023431647379350197,27.285501746265982,21.052588733796153,28.755010774075537,22.712415889991817,-6.2329130124698295,-6.042594884083719,0.19031812838611017,,TRUE
2766,TRUE,FALSE,-0.0786012803422169,28.79281685646843,25.481190127736348,26.847161666441373,21.96331191066745,-3.311626728732083,-4.883849755773923,-1.57222302704184,,TRUE
2767,TRUE,FALSE,-0.04955141076021134,33.13876421107099,27.85717108153432,29.074508138363097,23.259114386621977,-5.28159312953667,-5.815393751741119,-0.5338006222044491,,TRUE
2768,TRUE,FALSE,-0.012974096711217454,25.76093308362208,21.275633061504088,26.934821773448267,21.95838672863552,-4.485300022117993,-4.976435044812746,-0.4911350226947526,,TRUE
2769,TRUE,FALSE,-0.022974442656200134,32.125965618193746,25.849521906310738,29.000494276667023,22.804683605395635,-6.276443711883008,-6.1958106712713885,0.08063304061161958,,TRUE
2770,TRUE,FALSE,-0.08946460423005761,34.619364798296104,30.59245410605052,27.554299692965657,22.265405851897118,-4.026910692245583,-5.288893841068539,-1.2619831488229565,,TRUE
2771,TRUE,FALSE,0.056665142766924886,32.48881226122257,26.69799441437887,26.021594224557752,22.63018281924329,-5.7908178468437015,-3.391411405314461,2.3994064415292407,,TRUE
2772,TRUE,FALSE,-0.09910768978167722,25.688019291293305,23.93652178708083,28.464132757553426,24.020744188909507,-1.7514975042124732,-4.443388568643918,-2.691891064431445,,TRUE
2773,TRUE,FALSE,-0.10528859145987073,29.019684594105975,24.92131547799676,32.316193143273594,24.97883710540113,-4.098369116109215,-7.337356037872464,-3.2389869217632494,,TRUE
2774,TRUE,FALSE,-0.09785356502956759,27.262295155229218,24.03031278750176,29.06796534297436,23.23348608952208,-3.2319823677274577,-5.83447925345228,-2.602496885724822,,TRUE
2775,TRUE,FALSE,-0.0593172967516254,36.31743337840768,29.485974578964143,31.94089407674452,24.439157608535766,-6.831458799443535,-7.501736468208755,-0.6702776687652197,,TRUE
2776,TRUE,FALSE,-0.08551586993158114,33.241747053481376,28.63882594809052,29.9079623557816,23.654791503371793,-4.602921105390855,-6.253170852409806,-1.6502497470189503,,TRUE
2777,TRUE,FALSE,0.01795357794918813,30.869577837570272,23.85222495317688,30.127674637010088,23.70068830076259,-7.017352884393393,-6.426986336247499,0.5903665481458944,,TRUE
2778,TRUE,FALSE,-0.14369980920536254,24.11824399814454,22.109936444407925,30.373083148491396,24.11696508093615,-2.008307553736614,-6.256118067555246,-4.2478105138186315,,TRUE
2779,TRUE,FALSE,-0.02396826674916143,28.34954030173378,23.06762647683766,28.41744262916952,22.57525139863799,-5.281913824896119,-5.8421912305315296,-0.5602774056354107,,TRUE
2780,TRUE,FALSE,0.10749899464693725,31.29655384044046,23.938693329242028,29.952763562709848,25.510974050978813,-7.357860511198432,-4.441789511731034,2.9160709994673972,,TRUE
2781,TRUE,FALSE,-0.10084792295817632,31.439806328030937,27.809773751666082,29.261903970735347,23.40035671562129,-3.6300325763648544,-5.861547255114058,-2.2315146787492033,,TRUE
2782,TRUE,FALSE,-0.010190333959902948,31.7762023695698,25.165613536304832,28.99149103761094,22.72743771451829,-6.610588833264966,-6.2640533230926465,0.34653551017231976,,TRUE
2783,TRUE,FALSE,0.0365018268109197,32.09714039632087,25.56240222209254,28.431833231064115,23.48511695541743,-6.534738174228327,-4.946716275646686,1.5880218985816406,,TRUE
2784,TRUE,FALSE,-0.1059857929102997,21.150717587841683,19.11800864452405,28.744569319111896,23.369224901928305,-2.0327089433176333,-5.375344417183591,-3.3426354738659576,,TRUE
2785,TRUE,FALSE,-0.08917956658969013,31.425010331966554,27.34607335204642,27.269593296687052,21.705410932771972,-4.078936979920133,-5.56418236391508,-1.4852453839949469,,TRUE
2786,TRUE,FALSE,0.020780889259344907,27.900819426597845,21.31161586853911,31.408233082249293,24.494464649752754,-6.589203558058735,-6.913768432496539,-0.32456487443780446,,TRUE
2787,TRUE,FALSE,-0.15723337859535946,26.757664722941534,23.76440552989652,27.396401771137192,20.7915412887935,-2.993259193045013,-6.6048604823436925,-3.6116012892986795,,TRUE
2788,TRUE,FALSE,0.022693901042272768,28.124278879732913,22.29978165116343,25.755081227971537,20.88997762650092,-5.824497228569484,-4.865103601470619,0.9593936270988657,,TRUE
2789,TRUE,FALSE,-0.08444711079518286,28.088580028772036,25.205860861862725,30.06125524831481,24.791565215636187,-2.882719166909311,-5.269690032678625,-2.386970865769314,,TRUE
2790,TRUE,FALSE,-0.05846620591325053,25.983448418411324,22.529230929521656,27.323989242223412,22.34612034628234,-3.454217488889668,-4.9778688959410715,-1.5236514070514033,,TRUE
2791,TRUE,FALSE,-0.02945122554185937,29.07960978015584,23.544785578627593,31.083959463542055,24.43723101810479,-5.534824201528249,-6.646728445437265,-1.1119042439090165,,TRUE
2792,TRUE,FALSE,-0.13393016979772826,28.09646629486811,24.700290855488095,29.62879881520103,22.782389719005142,-3.3961754393800163,-6.846409096195888,-3.450233656815872,,TRUE
2793,TRUE,FALSE,-0.028311465541161922,25.840192161938138,20.365303453210405,29.389513804142993,22.516041214846194,-5.4748887087277325,-6.873472589296799,-1.398583880569067,,TRUE
2794,TRUE,FALSE,0.031141816414855798,28.967332352806046,23.33925197143162,30.69175347876435,25.51084539319832,-5.628080381374428,-5.180908085566031,0.44717229580839657,,TRUE
2795,TRUE,FALSE,0.006662128325198783,31.093620995247132,24.68993687608477,30.41014041525817,24.308627017772174,-6.403684119162364,-6.101513397485995,0.3021707216763687,,TRUE
2796,TRUE,FALSE,-0.1639507241278639,21.086057121526153,19.793626955645212,32.0778855806812,25.558351668158554,-1.2924301658809405,-6.519533912522643,-5.227103746641703,,TRUE
2797,TRUE,FALSE,-0.017547377750986255,32.06427159052776,26.023232894006647,31.32447294944126,24.98060275304456,-6.041038696521113,-6.343870196396701,-0.30283149987558744,,TRUE
2798,TRUE,FALSE,-0.0640084537731434,28.645146810675154,25.215421669512654,33.61052724536191,27.751853210596984,-3.4297251411625,-5.858674034764924,-2.428948893602424,,TRUE
2799,TRUE,FALSE,-0.09580124971061083,30.617185224129713,25.35471642857783,29.716277792796365,22.360522709101883,-5.262468795551882,-7.355755083694483,-2.0932862881426004,,TRUE
2800,TRUE,FALSE,0.03998042011168788,29.05190974495531,22.70228064385179,32.61062485848506,26.52266733640539,-6.34962910110352,-6.08795752207967,0.26167157902385085,,TRUE
2801,TRUE,FALSE,-0.030237362531127646,23.199707931971936,20.645036762260958,26.703191557889994,23.054961144165688,-2.5546711697109785,-3.6482304137243062,-1.0935592440133277,,TRUE
2802,TRUE,FALSE,-0.12517969196370407,29.29265755287946,25.12475950150438,28.27983521948334,21.402039632090634,-4.167898051375083,-6.877795587392704,-2.709897536017621,,TRUE
2803,TRUE,FALSE,-0.10114400324026658,32.443892191085425,27.935510472739782,30.337010980520155,23.608596435076237,-4.5083817183456425,-6.728414545443918,-2.220032827098276,,TRUE
2804,TRUE,FALSE,0.0027423268753866367,28.25110091979348,23.9076422727452,28.129994224602388,23.870526207085703,-4.34345864704828,-4.259468017516685,0.08399062953159486,,TRUE
2805,TRUE,FALSE,-0.12875300191238667,31.838839686379988,29.90102603275167,27.953311819288523,23.080510462854285,-1.937813653628318,-4.872801356434238,-2.9349877028059197,,TRUE
2806,TRUE,FALSE,0.06317308819776012,32.0569581654942,24.809590504717452,27.21668259590718,22.437176162758064,-7.247367660776749,-4.779506433149116,2.4678612276276333,,TRUE
2807,TRUE,FALSE,-0.04525748648501427,27.380159716829567,24.026221121188392,28.9057528323662,24.242572365357656,-3.353938595641175,-4.663180467008544,-1.3092418713673695,,TRUE
2808,TRUE,FALSE,-0.17705571390078734,27.01554333577147,24.67278681624251,28.579472721738007,21.865750700147956,-2.342756519528958,-6.713722021590051,-4.370965502061093,,TRUE
2809,TRUE,FALSE,-0.11854452929631625,25.84783495625104,24.03592095436292,28.834615408104458,23.815928809002834,-1.8119140018881232,-5.018686599101624,-3.206772597213501,,TRUE
2810,TRUE,FALSE,-0.0912274501952619,26.166808003903427,21.414465929241885,33.58528398303211,25.089149912289237,-4.7523420746615415,-8.496134070742876,-3.7437919960813346,,TRUE
2811,TRUE,FALSE,-0.114165294146986,28.930429429997023,24.47878180369413,31.071984189190786,23.45430405786778,-4.4516476263028935,-7.617680131323006,-3.1660325050201124,,TRUE
2812,TRUE,FALSE,-0.09671062939272057,28.216441106101684,24.289803460148946,31.75287911550371,24.814411623186285,-3.926637645952738,-6.938467492317425,-3.0118298463646873,,TRUE
2813,TRUE,FALSE,-0.08291373840522388,27.81271746077871,24.222865162837056,30.51488392259402,24.46159834662893,-3.589852297941654,-6.053285575965091,-2.4634332780234374,,TRUE
2814,TRUE,FALSE,-0.20788575546068866,28.598917283578007,26.4881593008574,31.436780110055317,23.651386699918024,-2.1107579827206067,-7.785393410137292,-5.6746354274166855,,TRUE
2815,TRUE,FALSE,-0.18276193374229197,30.665206383314615,28.163657771518324,30.553594341652435,23.373996536724206,-2.5015486117962915,-7.179597804928228,-4.678049193131937,,TRUE
2816,TRUE,FALSE,-0.08985231710932909,26.936898628715486,23.69777794611399,26.277121053433955,21.130776186624512,-3.239120682601495,-5.146344866809443,-1.9072241842079478,,TRUE
2817,TRUE,FALSE,-0.0192912292042079,27.340290907296616,22.591668589314857,29.465997065396326,23.88296510554349,-4.748622317981759,-5.5830319598528355,-0.8344096418710762,,TRUE
2818,TRUE,FALSE,-0.009493769961197645,29.6011313365175,23.91585743990032,28.77547315320153,23.02910328888219,-5.685273896617179,-5.746369864319341,-0.06109596770216186,,TRUE
2819,TRUE,FALSE,0.08025194896302613,31.871890676607613,23.292350512053897,31.003052331283385,24.550645865092676,-8.579540164553716,-6.452406466190709,2.127133698363007,,TRUE
2820,TRUE,FALSE,0.010475492490688283,34.51392298410685,27.23502162628649,27.473333856467832,21.90757015539453,-7.278901357820359,-5.565763701073301,1.7131376567470582,,TRUE
2821,TRUE,FALSE,-0.03977240250813381,27.737042512575947,22.86732872032978,30.268673007981516,23.981466067230862,-4.869713792246166,-6.287206940750654,-1.4174931485044873,,TRUE
2822,TRUE,FALSE,-0.025130544545654297,29.16360765147234,23.061477999679944,30.437898585141923,23.471805600494257,-6.102129651792396,-6.966092984647666,-0.8639633328552705,,TRUE
2823,TRUE,FALSE,-0.040051135672823056,28.547498553236885,23.373433753225903,30.800990494544635,24.228423397458293,-5.1740648000109815,-6.572567097086342,-1.3985022970753604,,TRUE
2824,TRUE,FALSE,0.11146145996822507,27.526295240324906,19.35975895296014,29.950858224023946,23.548787477185243,-8.166536287364767,-6.402070746838703,1.7644655405260643,,TRUE
2825,TRUE,FALSE,0.01401768700354354,31.4376083164881,24.619814936044694,28.958594933777828,22.998556347734002,-6.817793380443405,-5.960038586043826,0.8577547943995789,,TRUE
2826,TRUE,FALSE,-0.12944015558869396,27.79166121780764,23.55995421842094,31.748687899587342,23.646701623683292,-4.231706999386699,-8.10198627590405,-3.8702792765173513,,TRUE
2827,TRUE,FALSE,-0.10268285787518616,31.22495638841747,26.15564070792286,30.347664449146595,22.940041403144544,-5.069315680494611,-7.407623046002051,-2.33830736550744,,TRUE
2828,TRUE,FALSE,-0.10286112299241688,33.049030258207125,29.654752338138433,30.373645763274382,24.59011083059473,-3.394277920068692,-5.783534932679654,-2.389257012610962,,TRUE
2829,TRUE,FALSE,-0.16117802603340445,28.835766957763457,26.3749947946058,29.569875465335663,23.020335232932602,-2.4607721631576567,-6.549540232403061,-4.088768069245404,,TRUE
2830,TRUE,FALSE,-0.020410573925716793,37.80099001921948,31.428891780931703,28.346746921068718,23.092179250514484,-6.37209823828778,-5.254567670554234,1.1175305677335459,,TRUE
2831,TRUE,FALSE,-0.13823205849863832,30.342167808281392,27.159653061963827,31.5466621071959,24.592212673851737,-3.1825147463175654,-6.954449433344163,-3.7719346870265973,,TRUE
2832,TRUE,FALSE,-0.13415329292237899,27.303482433754425,25.283092978765364,29.17904744532642,23.627688372521074,-2.0203894549890613,-5.551359072805347,-3.530969617816286,,TRUE
2833,TRUE,FALSE,0.05572279685388631,31.22667063977025,24.843269968365846,29.391370522266854,24.723105216300183,-6.383400671404406,-4.6682653059666706,1.7151353654377353,,TRUE
2834,TRUE,FALSE,-0.04664839837094375,32.27827991081906,26.38399756122088,27.835298599776255,21.7153561863472,-5.894282349598178,-6.1199424134290545,-0.2256600638308761,,TRUE
2835,TRUE,FALSE,-0.043760281306386074,25.709781534877465,21.626115671863378,30.63487318741555,24.665582347513183,-4.083665863014087,-5.969290839902367,-1.8856249768882805,,TRUE
2836,TRUE,FALSE,-0.09173660323181107,25.847079160898854,22.64114181739669,30.26969715573847,24.191022613440822,-3.205937343502164,-6.078674542297648,-2.872737198795484,,TRUE
2837,TRUE,FALSE,0.005992805376844471,29.730920100366752,24.360921841466766,28.157978493649587,23.210766565304475,-5.369998258899987,-4.947211928345112,0.42278633055487447,,TRUE
2838,TRUE,FALSE,-0.07518279125401175,24.00533678381224,20.02887676212195,31.12489818665911,24.08825051511343,-3.97646002169029,-7.03664767154568,-3.06018764985539,,TRUE
2839,TRUE,FALSE,-0.06986772674802377,29.384625877074715,25.660509203660023,28.520027910563023,23.22479463986813,-3.7241166734146915,-5.295233270694894,-1.5711165972802021,,TRUE
2840,TRUE,FALSE,-0.04545406623250456,30.130041707092857,24.499689889105944,26.99033089504687,20.971457428421758,-5.630351817986913,-6.018873466625113,-0.38852164863819993,,TRUE
2841,TRUE,FALSE,-0.08808327783902088,28.682495612463896,25.421982830435553,30.611156846290985,24.84380697675358,-3.260512782028343,-5.767349869537405,-2.506837087509062,,TRUE
2842,TRUE,FALSE,0.08668200911401035,31.88493163039103,23.71140404503333,32.32962475761401,26.21911105357326,-8.1735275853577,-6.110513704040752,2.063013881316948,,TRUE
2843,TRUE,FALSE,0.035352831282503806,35.3829694633425,26.94185807753947,29.17338970855403,23.013024482390254,-8.441111385803026,-6.160365226163776,2.28074615963925,,TRUE
2844,TRUE,FALSE,-0.09764377758746161,30.81183157690659,26.638983648032205,31.589297626468916,24.770453163928256,-4.172847928874386,-6.81884446254066,-2.645996533666274,,TRUE
2845,TRUE,FALSE,-0.04047402705981224,28.585208096645406,23.75391265632094,29.786155323188314,23.77007764191862,-4.8312954403244674,-6.016077681269696,-1.1847822409452284,,TRUE
2846,TRUE,FALSE,-0.15280574376744788,23.469430794807394,21.85998699654364,30.571690018692184,24.440163031433276,-1.6094437982637544,-6.131526987258908,-4.522083188995154,,TRUE
2847,TRUE,FALSE,-0.033085941476283375,32.1251898805501,26.40083118378228,25.7861599968619,20.50168365538973,-5.724358696767823,-5.284476341472171,0.43988235529565145,,TRUE
2848,TRUE,FALSE,-0.013455828229196462,32.032728874446924,26.495890149090698,29.90938252453946,24.408901334318593,-5.536838725356226,-5.500481190220867,0.03635753513535889,,TRUE
2849,TRUE,FALSE,-0.10789956123246733,23.236919670116077,20.73592522427454,31.126409938354406,24.935249050769695,-2.5009944458415383,-6.1911608875847115,-3.690166441743173,,TRUE
2850,TRUE,FALSE,-0.10259736954627172,30.127063554301568,26.908459666371886,29.279888399992288,23.601737725976985,-3.2186038879296817,-5.678150674015303,-2.459546786085621,,TRUE
2851,TRUE,FALSE,-0.02681113225277584,36.503970877529085,29.731125990944697,30.56512566593439,24.235584984406007,-6.772844886584387,-6.329540681528382,0.44330420505600543,,TRUE
2852,TRUE,FALSE,-0.10122118773275382,29.277356615072044,24.121394543924474,29.487601333167344,21.955846844445297,-5.15596207114757,-7.531754488722047,-2.375792417574477,,TRUE
2853,TRUE,FALSE,-0.023426856547790375,28.127655457142236,24.488323997027937,29.143840246966498,24.7855266929687,-3.639331460114299,-4.3583135539977995,-0.7189820938835005,,TRUE
2854,TRUE,FALSE,0.11743802238455422,32.13526171893259,23.177061750024077,27.946129194969565,22.667356974541473,-8.958199968908513,-5.278772220428092,3.679427748480421,,TRUE
2855,TRUE,FALSE,0.028495112879559036,30.020783065077666,24.14463716087506,27.994950216088746,23.166137882512043,-5.876145904202605,-4.828812333576703,1.0473335706259022,,TRUE
2856,TRUE,FALSE,-0.07557905595468058,25.20438381984405,22.345687557897023,31.97595022995696,26.285577914153023,-2.8586962619470278,-5.690372315803938,-2.83167605385691,,TRUE
2857,TRUE,FALSE,-0.012386894989382606,28.98864161074525,22.575202552652907,31.188940229725706,23.989701742356516,-6.413439058092344,-7.19923848736919,-0.785799429276846,,TRUE
2858,TRUE,FALSE,-0.0710223164352084,22.45021872338781,19.84897338892778,27.36478796738674,22.53538386890255,-2.601245334460028,-4.82940409848419,-2.228158764024162,,TRUE
2859,TRUE,FALSE,-0.08952095637485781,30.85725143216061,26.16541515727063,26.53251757397623,20.57171002030572,-4.69183627488998,-5.960807553670509,-1.2689712787805298,,TRUE
2860,TRUE,FALSE,-0.14623746855105865,25.39308300492117,23.59767927540106,28.31732837528645,22.735055214919353,-1.7954037295201104,-5.582273160367098,-3.7868694308469877,,TRUE
2861,TRUE,FALSE,-0.06056891760764478,24.792726396581504,20.37785761006795,29.366733720193306,22.718786705625934,-4.414868786513555,-6.647947014567372,-2.2330782280538166,,TRUE
2862,TRUE,FALSE,0.02857518904971378,26.565275841011864,21.11818453454732,28.173308945225887,23.0457133331078,-5.447091306464543,-5.127595612118089,0.319495694346454,,TRUE
2863,TRUE,FALSE,-0.13808880317959535,24.323036542051277,21.29718132285558,30.82846884871806,23.51175708982066,-3.025855219195698,-7.3167117588974016,-4.2908565397017036,,TRUE
2864,TRUE,FALSE,-0.02335827354667169,25.274807180772175,20.510453899119852,30.360236248853735,24.068454158153344,-4.764353281652323,-6.291782090700391,-1.527428809048068,,TRUE
2865,TRUE,FALSE,-0.06367289812968793,35.61951890742309,31.004924347492352,28.686451395755455,23.42969667992912,-4.61459455993074,-5.256754715826336,-0.6421601558955956,,TRUE
2866,TRUE,FALSE,-0.1559632901923121,33.96387767450711,29.865587871668726,29.248086103687452,22.00479140487269,-4.098289802838384,-7.243294698814761,-3.1450048959763777,,TRUE
2867,TRUE,FALSE,-0.21549140681493567,27.346742199282932,26.22222663475348,29.365094968895797,22.699100669742535,-1.1245155645294531,-6.665994299153262,-5.541478734623809,,TRUE
2868,TRUE,FALSE,-0.011976474090391272,30.750134400485873,25.223441976532968,29.24382042149425,23.70227994949005,-5.526692423952905,-5.5415404720042005,-0.014848048051295137,,TRUE
2869,TRUE,FALSE,0.021009285914840574,31.931488528861895,24.700066473410143,31.61936325046216,24.977921399664563,-7.231422055451752,-6.641441850797598,0.5899802046541538,,TRUE
2870,TRUE,FALSE,-0.16509622996393838,31.628442387146972,29.519494678534862,31.512770806875853,24.935456501395556,-2.10894770861211,-6.5773143054802965,-4.4683665968681865,,TRUE
2871,TRUE,FALSE,-0.05062509452919364,25.524138065578633,21.605187088518527,31.548609879185165,25.386391588423425,-3.9189509770601063,-6.162218290761739,-2.243267313701633,,TRUE
2872,TRUE,FALSE,-0.0894020603553766,31.92039967792887,28.505950757602943,26.070355826975216,21.290572873648657,-3.4144489203259276,-4.77978295332656,-1.3653340330006323,,TRUE
2873,TRUE,FALSE,0.0395868057310844,23.225028588865595,17.48860114870174,29.02854672048224,22.741360415953192,-5.736427440163855,-6.2871863045290475,-0.5507588643651928,,TRUE
2874,TRUE,FALSE,-0.034589637844523846,28.760163761762485,23.4253570879157,27.328305178402246,21.502327646763504,-5.334806673846785,-5.825977531638742,-0.4911708577919569,,TRUE
2875,TRUE,FALSE,-0.10604316091054519,26.482568157879093,23.211212891066896,29.391353964756178,23.168790879866954,-3.271355266812197,-6.222563084889224,-2.9512078180770267,,TRUE
2876,TRUE,FALSE,-0.11090748670751156,27.210285750483724,25.22629533607455,27.7738286641865,23.045684705720817,-1.983990414409174,-4.728143958465683,-2.744153544056509,,TRUE
2877,TRUE,FALSE,-0.1175700978388862,26.26575481113185,22.7971791369705,28.86162747156108,22.271629746076577,-3.4685756741613503,-6.589997725484501,-3.121422051323151,,TRUE
2878,TRUE,FALSE,-0.20244292921265977,25.316326348873478,22.89453599614114,30.6848172058624,22.6639108949429,-2.4217903527323372,-8.0209063109195,-5.599115958187163,,TRUE
2879,TRUE,FALSE,-2.124827491721318e-4,31.726619796085732,25.713458424696963,29.449183994468555,23.862595187473058,-6.013161371388769,-5.586588806995497,0.42657256439327185,,TRUE
2880,TRUE,FALSE,-0.09217598023537117,27.274201125838303,24.449443497312508,27.104791227000455,22.158047376214732,-2.824757628525795,-4.946743850785722,-2.1219862222599275,,TRUE
2881,TRUE,FALSE,-0.13767861928466035,29.79399319635061,25.628247407852054,31.889046448663567,23.90224326432649,-4.165745788498555,-7.986803184337077,-3.8210573958385226,,TRUE
2882,TRUE,FALSE,-0.0779091369921274,23.821711496750517,21.155693539160083,30.772004458845437,25.279855372633833,-2.6660179575904337,-5.4921490862116045,-2.8261311286211708,,TRUE
2883,TRUE,FALSE,-0.04674523962146772,35.08746486835325,29.338164636219666,31.147544778748788,24.854416386181672,-5.749300232133585,-6.293128392567116,-0.5438281604335309,,TRUE
2884,TRUE,FALSE,0.009573514685866228,25.561212668991935,20.419447896635656,27.185232433510933,21.92569239462499,-5.141764772356279,-5.259540038885945,-0.11777526652966586,,TRUE
2885,TRUE,FALSE,-0.08051421194063399,25.493343002917793,23.06217784282184,28.492338457563992,23.781253603719442,-2.4311651600959543,-4.71108485384455,-2.279919693748596,,TRUE
2886,TRUE,FALSE,-0.12542855175643872,23.882969964739736,21.67006109910772,28.29334006081364,22.645561570007636,-2.2129088656320164,-5.6477784908060045,-3.434869625173988,,TRUE
2887,TRUE,FALSE,-0.1277818223776146,25.688887190623603,23.96546252222319,29.692827515185105,24.37794756795586,-1.723424668400412,-5.314879947229244,-3.591455278828832,,TRUE
2888,TRUE,FALSE,-0.10446439297769378,23.57758956937115,20.68639431565884,30.152988471112167,23.831284296333195,-2.891195253712308,-6.321704174778972,-3.4305089210666644,,TRUE
2889,TRUE,FALSE,0.03605197512955435,29.75813285735999,22.692040758695693,28.988271101510968,22.91645121197454,-7.066092098664296,-6.071819889536428,0.9942722091278675,,TRUE
2890,TRUE,FALSE,-0.056740479393991704,29.228288165514865,25.02944839936614,28.414274538041948,22.990181157680354,-4.198839766148726,-5.424093380361594,-1.2252536142128676,,TRUE
2891,TRUE,FALSE,-0.017417736399902312,25.69007915554845,20.183655433961295,31.587066922635817,24.38817231206556,-5.506423721587154,-7.198894610570257,-1.6924708889831024,,TRUE
2892,TRUE,FALSE,-0.05644322770582584,28.280694466444984,23.018083905450688,31.67130331816555,24.363072195753187,-5.262610560994297,-7.308231122412362,-2.0456205614180654,,TRUE
2893,TRUE,FALSE,-0.1452030007449514,28.402918353510497,25.436808463911472,28.99815600336727,22.459970131451616,-2.966109889599025,-6.538185871915655,-3.5720759823166297,,TRUE
2894,TRUE,FALSE,-0.0530448827505752,36.38117712764424,30.04533635229113,30.47658147446583,23.86873895101854,-6.3358407753531125,-6.607842523447292,-0.2720017480941799,,TRUE
2895,TRUE,FALSE,-0.08075342390122421,25.524844642566045,21.009107243245307,29.99422845381137,22.7725371454806,-4.515737399320738,-7.221691308330769,-2.705953909010031,,TRUE
2896,TRUE,FALSE,-0.016107604413283523,27.940821726591142,22.210886050639125,30.458738387930193,23.825563266355303,-5.729935675952017,-6.63317512157489,-0.903239445622873,,TRUE
2897,TRUE,FALSE,-0.022993630133119808,32.811728558158904,25.746729414336265,30.684221245017344,23.53000706312077,-7.064999143822639,-7.154214181896574,-0.0892150380739345,,TRUE
2898,TRUE,FALSE,-0.09414074821874233,27.615168553317723,23.925632732003386,30.874620770522057,24.346276946501238,-3.6895358213143368,-6.528343824020819,-2.8388080027064824,,TRUE
2899,TRUE,FALSE,-0.13746380138499448,27.371562169343086,24.77295269430048,29.24063006011253,23.0656206319743,-2.5986094750426076,-6.175009428138228,-3.5763999530956205,,TRUE
2900,TRUE,FALSE,-0.22821779656298372,23.60974997613063,23.197169335699773,31.576503654837033,24.694140549328473,-0.41258064043085696,-6.88236310550856,-6.469782465077703,,TRUE
2901,TRUE,FALSE,-0.004585537478554749,27.118707240385014,21.700243673541284,27.877614453535116,22.205459361467497,-5.41846356684373,-5.672155092067619,-0.25369152522388916,,TRUE
2902,TRUE,FALSE,-0.08226010762013758,31.00411898234545,26.20313042423407,29.05694920598224,22.61823369914121,-4.800988558111378,-6.438715506841028,-1.6377269487296502,,TRUE
2903,TRUE,FALSE,-0.07816150876743373,27.80253069537731,25.449541403564748,29.08906044593754,24.62522538248564,-2.3529892918125626,-4.463835063451899,-2.1108457716393367,,TRUE
2904,TRUE,FALSE,-0.23332016991579071,24.022348421269772,22.999510803290413,30.475359955864864,23.105869632399564,-1.0228376179793592,-7.3694903234653,-6.3466527054859405,,TRUE
2905,TRUE,FALSE,0.020420600816083226,26.543453875507847,20.310691154523365,27.551190106394856,21.51672586460687,-6.232762720984482,-6.034464241787987,0.19829847919649524,,TRUE
2906,TRUE,FALSE,0.03653349215199528,30.08340088957932,21.637519441182835,25.317021180436925,18.886845990526243,-8.445881448396484,-6.430175189910681,2.015706258485803,,TRUE
2907,TRUE,FALSE,-0.06034171595665664,23.113042937810903,20.063402769058005,29.042148576783056,23.733956068630114,-3.049640168752898,-5.308192508152942,-2.258552339400044,,TRUE
2908,TRUE,FALSE,0.029622904742019514,29.6950872220776,24.299524238106372,28.463738508073675,23.992205376351805,-5.395562983971228,-4.47153313172187,0.9240298522493582,,TRUE
2909,TRUE,FALSE,-0.04103035549794729,28.53230836106808,23.66319620754456,29.140066172691093,23.195715449457733,-4.8691121535235204,-5.9443507232333594,-1.075238569709839,,TRUE
2910,TRUE,FALSE,-0.005482054040939242,33.94354650541636,27.62469941409818,29.403971554732486,23.799372842793346,-6.318847091318176,-5.60459871193914,0.7142483793790362,,TRUE
2911,TRUE,FALSE,-0.10656414231652424,26.756584941730715,23.84653208293121,31.85440211936743,25.520183186362583,-2.9100528587995065,-6.334218933004845,-3.4241660742053384,,TRUE
2912,TRUE,FALSE,-0.11559785905122749,23.955177189146657,21.37190681129553,29.767385865023265,23.658165693109577,-2.5832703778511252,-6.109220171913687,-3.525949794062562,,TRUE
2913,TRUE,FALSE,0.04706890711021618,27.676617708678215,20.556874043928378,32.258625524259756,25.114913433538273,-7.119743664749837,-7.143712090721483,-0.0239684259716455,,TRUE
2914,TRUE,FALSE,-0.21261843052843668,22.747594545315796,20.535765353877057,28.55394999549867,20.84023433894365,-2.2118291914387385,-7.713715656555021,-5.501886465116282,,TRUE
2915,TRUE,FALSE,-0.06186279020215664,28.981536669535974,24.93712031089663,30.10571745658962,24.350461947146933,-4.044416358639342,-5.755255509442687,-1.710839150803345,,TRUE
2916,TRUE,FALSE,-0.09785733558933413,33.6280396974878,29.511658630161847,29.49577188073424,23.472153256681015,-4.116381067325953,-6.023618624053224,-1.9072375567272708,,TRUE
2917,TRUE,FALSE,-0.10424522891161905,23.6087485221404,20.332926829444965,28.539856186086062,22.146524660444356,-3.275821692695434,-6.393331525641706,-3.117509832946272,,TRUE
2918,TRUE,FALSE,-0.10876469967973908,29.11320952480333,26.38448112009451,26.186714907462957,21.286466859796175,-2.7287284047088214,-4.900248047666782,-2.1715196429579606,,TRUE
2919,TRUE,FALSE,0.061944739757986686,31.016128191194003,23.512026355250566,31.18998503456491,25.154744004805682,-7.5041018359434375,-6.035241029759227,1.4688608061842103,,TRUE
2920,TRUE,FALSE,-0.03521900179484213,28.256961622118432,23.117897229342518,30.429916062255383,24.034118782999847,-5.139064392775914,-6.395797279255536,-1.2567328864796217,,TRUE
2921,TRUE,FALSE,-0.13909146448727497,24.058330598042023,23.015976587776404,29.147819152774108,24.264052078240905,-1.042354010265619,-4.883767074533203,-3.8414130642675843,,TRUE
2922,TRUE,FALSE,0.037412210780405554,21.154960827430212,16.251515047855847,29.074701227804958,23.187013033242398,-4.903445779574366,-5.8876881945625605,-0.984242414988195,,TRUE
2923,TRUE,FALSE,-0.02061401927831678,27.85838525345485,24.585702870584612,27.702353783097504,23.949188661362307,-3.2726823828702365,-3.753165121735197,-0.4804827388649606,,TRUE
2924,TRUE,FALSE,-0.03559370202023628,25.661515924897486,21.361213240437223,29.29497926563517,23.533073637267837,-4.300302684460263,-5.761905628367334,-1.4616029439070708,,TRUE
2925,TRUE,FALSE,-0.07327113943689495,25.865336496623787,21.214218906303987,30.30140595149662,23.096727017313093,-4.651117590319799,-7.2046789341835265,-2.553561343863727,,TRUE
2926,TRUE,FALSE,-0.09789168652816571,28.7356988435059,25.292294348109653,29.96738189974142,23.916710525453226,-3.4434044953962477,-6.050671374288193,-2.607266878891945,,TRUE
2927,TRUE,FALSE,-0.02902924414553637,25.519595210757014,21.215446199209847,30.703363250823532,24.79459957963421,-4.3041490115471674,-5.908763671189323,-1.6046146596421558,,TRUE
2928,TRUE,FALSE,-0.10180725196030724,33.81272199818319,29.201078441360053,30.557606866761322,23.835472668135104,-4.6116435568231395,-6.722134198626218,-2.1104906418030787,,TRUE
2929,TRUE,FALSE,-0.13313098037296095,24.205365344312657,22.386026361216032,28.09854660913381,22.74736914074797,-1.8193389830966247,-5.351177468385838,-3.5318384852892137,,TRUE
2930,TRUE,FALSE,-0.059949744148886805,28.491005388567135,24.229737323277718,28.0789589563485,22.489825723052704,-4.261268065289418,-5.589133233295797,-1.3278651680063795,,TRUE
2931,TRUE,FALSE,-0.1782906093968588,29.19051988895617,26.844404239526497,30.254731283024302,23.279551674290197,-2.3461156494296738,-6.975179608734106,-4.629063959304432,,TRUE
2932,TRUE,FALSE,0.0203705866660498,29.74256961647002,22.595958879656134,29.12074802570125,22.578841185493342,-7.146610736813887,-6.541906840207908,0.6047038966059795,,TRUE
2933,TRUE,FALSE,-0.1937922649817561,28.485462306575382,26.502343606419092,31.832763194261517,24.399022938232974,-1.9831187001562895,-7.433740256028543,-5.450621555872253,,TRUE
2934,TRUE,FALSE,-0.11159004449013957,29.703486131360563,27.668591723355377,29.506122764389865,24.582657844060186,-2.0348944080051865,-4.923464920329678,-2.888570512324492,,TRUE
2935,TRUE,FALSE,-0.01777690123438973,39.99985128877394,33.26248507735503,29.955737646632574,24.4712370643331,-6.737366211418909,-5.484500582299475,1.2528656291194338,,TRUE
2936,TRUE,FALSE,-0.04531697540252663,35.50546694653388,28.977602118148084,28.26879909323092,22.049241962990916,-6.527864828385795,-6.2195571302400054,0.3083076981457893,,TRUE
2937,TRUE,FALSE,-0.06815314169891648,29.08938768792498,25.663983797209884,30.623892048499812,25.237791287983676,-3.4254038907150957,-5.386100760516136,-1.9606968698010405,,TRUE
2938,TRUE,FALSE,-0.08276077262563027,27.217802750390398,24.217590241576318,31.90029269275777,26.129432970412143,-3.00021250881408,-5.770859722345627,-2.7706472135315465,,TRUE
2939,TRUE,FALSE,-0.14047247894629367,32.88061423547892,29.008023745437146,30.92467723472065,23.70702040025995,-3.8725904900417767,-7.217656834460701,-3.3450663444189246,,TRUE
2940,TRUE,FALSE,-0.032731835066145236,28.44783540366086,23.048377233832653,30.95025021741067,24.268338056424273,-5.399458169828208,-6.681912160986396,-1.2824539911581887,,TRUE
2941,TRUE,FALSE,-0.08092001914520894,27.60009000758015,23.58552576824009,32.07218663018837,25.27670828078205,-4.014564239340061,-6.79547834940632,-2.7809141100662593,,TRUE
2942,TRUE,FALSE,-0.14905645278767565,27.148526747817108,23.04826905315172,29.307859937761844,21.435901881846075,-4.1002576946653875,-7.871958055915769,-3.7717003612503817,,TRUE
2943,TRUE,FALSE,-0.15674068737747318,27.446031215865172,24.833468036254565,30.033448951566104,23.232257536545447,-2.612563179610607,-6.801191415020657,-4.18862823541005,,TRUE
2944,TRUE,FALSE,-0.036241898056777605,31.17795130601212,26.809829220787822,26.844086740444578,22.261552596269375,-4.368122085224297,-4.582534144175202,-0.21441205895090576,,TRUE
2945,TRUE,FALSE,-0.022587268613837957,30.325191313844034,24.752837635397654,29.976110940245736,23.921433701128155,-5.57235367844638,-6.054677239117581,-0.4823235606712011,,TRUE
2946,TRUE,FALSE,-0.11283820707487509,23.75751067015471,20.981790355269244,27.40558634750927,21.62099607806651,-2.775720314885465,-5.784590269442759,-3.0088699545572943,,TRUE
2947,TRUE,FALSE,-0.1592708113636102,33.27264570362392,29.310453674685327,30.625694366708682,23.00650850717843,-3.9621920289385955,-7.619185859530251,-3.656993830591656,,TRUE
2948,TRUE,FALSE,-0.11630785647437808,26.124289408513462,22.87852677563194,30.87306281060213,24.06863302540053,-3.2457626328815223,-6.804429785201599,-3.5586671523200764,,TRUE
2949,TRUE,FALSE,0.006348842156550001,30.616594774670236,23.92511517436561,27.68203932095361,21.769702760568528,-6.691479600304625,-5.912336560385082,0.7791430399195427,,TRUE
2950,TRUE,FALSE,0.03822046136249971,25.74455302970117,19.11273597845354,29.55094938308933,22.793335231194174,-6.63181705124763,-6.7576141518951545,-0.12579710064752447,,TRUE
2951,TRUE,FALSE,-0.05777378462880658,30.449992843093263,24.951988084274422,27.776149334163765,21.483209420684826,-5.4980047588188405,-6.292939913478939,-0.7949351546600987,,TRUE
2952,TRUE,FALSE,-0.06301060060614114,26.675579612416985,21.750158184026613,31.322956214567508,23.979832347079164,-4.925421428390372,-7.343123867488345,-2.4177024390979724,,TRUE
2953,TRUE,FALSE,-0.13180978047566028,29.442360457441062,24.729527456487702,33.011907159002995,24.3035405875589,-4.71283300095336,-8.708366571444095,-3.9955335704907355,,TRUE
2954,TRUE,FALSE,0.09850654764834708,32.872260168930886,24.948271510437603,27.10587425541947,22.7015319669298,-7.923988658493283,-4.404342288489669,3.5196463700036134,,TRUE
2955,TRUE,FALSE,-0.23741216825075012,22.993904642544575,21.473389759594088,27.059494957490323,19.929700533933513,-1.5205148829504864,-7.12979442355681,-5.609279540606323,,TRUE
2956,TRUE,FALSE,-0.28467591212757065,23.38087981488856,23.553620569514354,28.82309180005356,21.842593946326808,0.17274075462579574,-6.980497853726753,-7.153238608352549,,TRUE
2957,TRUE,FALSE,-0.07086148363798543,28.186404899757527,24.112332340890255,29.591311466576588,23.582454027990938,-4.074072558867272,-6.00885743858565,-1.9347848797183786,,TRUE
2958,TRUE,FALSE,-0.0814377111195068,31.23482811809904,26.285025661210778,33.27851854081724,25.814595300967422,-4.949802456888261,-7.463923239849816,-2.5141207829615553,,TRUE
2959,TRUE,FALSE,-0.07770632473686508,26.462068249117255,22.913921993613265,28.04358146867685,22.467859218918328,-3.5481462555039904,-5.575722249758524,-2.0275759942545335,,TRUE
2960,TRUE,FALSE,-0.10515806250341952,29.08640482006475,26.144012081364522,31.281378807823472,25.310371079416,-2.942392738700228,-5.971007728407471,-3.0286149897072434,,TRUE
2961,TRUE,FALSE,0.007716050616287084,32.383985661727685,26.278927736934104,27.77172706281157,22.7107391305315,-6.105057924793581,-5.060987932280071,1.04406999251351,,TRUE
2962,TRUE,FALSE,-0.10351897467583288,29.29066509625278,26.69105051079935,32.177237465865346,26.437931320364072,-2.5996145854534305,-5.739306145501274,-3.1396915600478437,,TRUE
2963,TRUE,FALSE,-0.07605162484305403,24.906306284899866,21.411816226965396,27.585564129670384,21.978459634376797,-3.4944900579344704,-5.607104495293587,-2.1126144373591167,,TRUE
2964,TRUE,FALSE,0.13038706960615556,36.64913346212548,26.0369918574616,31.956238011632234,25.864800245198072,-10.612141604663876,-6.0914377664341615,4.520703838229714,,TRUE
2965,TRUE,FALSE,-0.06823135934880953,33.49150312763408,30.741494101672295,27.983571342513404,23.991697034387997,-2.7500090259617878,-3.991874308125407,-1.2418652821636194,,TRUE
2966,TRUE,FALSE,-0.008902969232707787,30.85082748827754,26.828710533766895,26.57301581765655,22.903788153594014,-4.022116954510647,-3.669227664062536,0.3528892904481111,,TRUE
2967,TRUE,FALSE,0.11245754242598881,31.27458301306319,22.41369390263121,31.675911014880707,25.403333693914302,-8.86088911043198,-6.2725773209664055,2.5883117894655747,,TRUE
2968,TRUE,FALSE,-0.08688595946263612,32.939073862806445,28.85066946261408,31.891098375052348,25.608249681078476,-4.088404400192367,-6.282848693973872,-2.1944442937815047,,TRUE
2969,TRUE,FALSE,-0.06343844521372528,34.20357419924123,27.969794628926604,28.48372755080981,21.860678772337703,-6.233779570314628,-6.623048778472107,-0.38926920815747934,,TRUE
2970,TRUE,FALSE,0.03636744197231621,27.151871638446632,21.664532252938287,28.416094280760806,23.51300354989487,-5.487339385508346,-4.903090730865937,0.5842486546424084,,TRUE
2971,TRUE,FALSE,-0.14800708475942745,28.996233717962895,25.108491859377125,29.24616246718405,21.840836312947275,-3.8877418585857697,-7.405326154236775,-3.5175842956510053,,TRUE
2972,TRUE,FALSE,-0.17548949376587783,35.80589269259413,31.13737722274169,29.853840431722126,21.78279532157393,-4.668515469852437,-8.071045110148198,-3.4025296402957608,,TRUE
2973,TRUE,FALSE,0.04497948959046272,29.29187205477604,22.560824201597676,28.276894688647484,22.78105808971052,-6.731047853178364,-5.495836598936965,1.235211254241399,,TRUE
2974,TRUE,FALSE,0.013866805760281575,33.433346416652185,26.857337640303605,27.51464779160854,22.411418518764584,-6.57600877634858,-5.103229272843954,1.4727795035046256,,TRUE
2975,TRUE,FALSE,-0.08994235839996934,29.457437584547904,23.789082669524998,32.29976456936603,23.840788569460216,-5.668354915022906,-8.458975999905817,-2.790621084882911,,TRUE
2976,TRUE,FALSE,0.0025499473537734956,22.842747884834537,18.820014967237533,28.65240719656772,23.66683378065779,-4.022732917597004,-4.985573415909929,-0.9628404983129251,,TRUE
2977,TRUE,FALSE,-0.051596838962827844,23.84949065449787,20.86641860612736,27.50530920212291,22.85478374172376,-2.9830720483705093,-4.650525460399148,-1.6674534120286388,,TRUE
2978,TRUE,FALSE,-0.0043127732315208,27.049998620266486,21.690940409508027,28.3783661811737,22.658205360697735,-5.359058210758459,-5.720160820475964,-0.36110260971750563,,TRUE
2979,TRUE,FALSE,0.02138731980093565,27.222036027921817,22.08574980975386,32.34114249182203,26.806202652752123,-5.136286218167957,-5.53493983906991,-0.39865362090195333,,TRUE
2980,TRUE,FALSE,-0.07082378114400231,26.577726040913205,23.259402733184913,28.914221081215015,23.574031421009757,-3.318323307728292,-5.340189660205258,-2.021866352476966,,TRUE
2981,TRUE,FALSE,-0.08378772883266908,27.984486781730872,25.398797756649632,29.91932590621288,24.972330239649896,-2.5856890250812405,-4.946995666562984,-2.361306641481743,,TRUE
2982,TRUE,FALSE,0.020518479119067515,34.47566493879606,27.051552869806738,27.955851263480415,22.3904763232801,-7.42411206898932,-5.565374940200314,1.8587371287890058,,TRUE
2983,TRUE,FALSE,-0.05500653242644576,34.652208162659555,27.62486092256598,30.15555925017903,22.75346483548836,-7.027347240093576,-7.402094414690673,-0.37474717459709694,,TRUE
2984,TRUE,FALSE,-0.03887931712417851,24.36591407554271,20.746101708381477,29.036675742783938,23.78020620639643,-3.6198123671612343,-5.25646953638751,-1.6366571692262752,,TRUE
2985,TRUE,FALSE,-0.1756196145480241,31.461097604949053,29.4593688202421,28.696006980786613,22.542413267009714,-2.001728784706952,-6.1535937137769,-4.151864929069948,,TRUE
2986,TRUE,FALSE,-0.10410767214162873,22.613383591762858,20.654752097675875,27.47648445249298,22.615292784013867,-1.9586314940869833,-4.861191668479112,-2.9025601743921285,,TRUE
2987,TRUE,FALSE,-0.051946073805309335,28.54140332697709,23.562737652705557,32.267008481072146,25.29002362934264,-4.978665674271532,-6.9769848517295046,-1.9983191774579723,,TRUE
2988,TRUE,FALSE,-0.08038655387342887,26.359258023573695,22.98172853216608,30.432427786774735,24.483565992825916,-3.377529491407614,-5.948861793948819,-2.5713323025412045,,TRUE
2989,TRUE,FALSE,-0.08301390358800569,30.790766570989227,25.799867845796044,27.580211492155044,21.268756148303392,-4.990898725193183,-6.311455343851652,-1.3205566186584683,,TRUE
2990,TRUE,FALSE,-0.00422354866184285,32.675529976338076,25.935882593463496,29.366705467978495,23.211294128037125,-6.73964738287458,-6.15541133994137,0.5842360429332096,,TRUE
2991,TRUE,FALSE,0.003292955532260638,24.766095658381243,19.790146451496824,30.31733006727901,24.305945873142168,-4.975949206884419,-6.011384194136841,-1.0354349872524224,,TRUE
2992,TRUE,FALSE,-0.05414224563989835,30.325072725115167,26.075768021326464,26.81030739091572,21.838528534816785,-4.249304703788702,-4.971778856098936,-0.7224741523102338,,TRUE
2993,TRUE,FALSE,-0.09254843056081667,30.508183613300737,26.79249105904336,30.179838294088274,24.161304499560345,-3.7156925542573767,-6.018533794527929,-2.3028412402705527,,TRUE
2994,TRUE,FALSE,0.04620560010604738,28.0653560234578,21.49464764199315,28.839956742889996,23.132427844054593,-6.570708381464648,-5.7075288988354025,0.8631794826292456,,TRUE
2995,TRUE,FALSE,-0.13290102816349003,21.900792906459024,20.467850294931782,30.21670368546029,24.72528440942327,-1.432942611527242,-5.491419276037018,-4.058476664509776,,TRUE
2996,TRUE,FALSE,-0.11014949072151689,28.4182910682224,25.60812972927496,29.02821430362793,23.42949391437737,-2.810161338947438,-5.598720389250559,-2.788559050303121,,TRUE
2997,TRUE,FALSE,0.03162566575189009,33.75711940668454,25.712415078983952,28.117035594220358,22.104559934233286,-8.044704327700586,-6.0124756599870715,2.0322286677135146,,TRUE
2998,TRUE,FALSE,-0.08996819575534165,27.39869622011175,23.870057072171665,29.648398062096465,23.60761435655705,-3.5286391479400834,-6.040783705539415,-2.5121445575993313,,TRUE
2999,TRUE,FALSE,-0.13415442792610424,24.903675088992735,21.930050841041457,31.551913156335612,24.296256678723246,-2.9736242479512782,-7.255656477612366,-4.2820322296610875,,TRUE
3000,TRUE,FALSE,-0.014031839437157932,30.57814214300478,25.48731990166074,28.41453696269563,23.35391567044371,-5.090822241344039,-5.060621292251923,0.030200949092115792,,TRUE
3001,TRUE,FALSE,-0.05418863864878558,28.778349780134164,23.29658339675654,28.04662131940553,21.5066650148848,-5.481766383377625,-6.539956304520732,-1.0581899211431072,,TRUE
3002,TRUE,FALSE,0.031488373614854126,26.449376467267413,20.693382649107757,27.36819064432549,22.09720596458824,-5.755993818159656,-5.27098467973725,0.4850091384224058,,TRUE
3003,TRUE,FALSE,-0.05573747578636296,22.78978401813826,20.066819962821373,28.71969107061325,23.917271348948827,-2.7229640553168863,-4.802419721664425,-2.0794556663475383,,TRUE
3004,TRUE,FALSE,-0.1223826259529073,28.378998949831324,25.580455071832034,29.299611037003746,23.36807566148166,-2.7985438779992897,-5.931535375522085,-3.132991497522795,,TRUE
3005,TRUE,FALSE,0.07566197768280195,30.08014817457564,23.065786475971578,26.39255838805703,21.828775106848923,-7.014361698604063,-4.5637832812081065,2.450578417395956,,TRUE
3006,TRUE,FALSE,-0.03897729874483934,26.029586531137255,22.12890476687124,29.134202066397027,23.821447763807328,-3.9006817642660145,-5.312754302589699,-1.4120725383236845,,TRUE
3007,TRUE,FALSE,-0.05964810614341471,28.34155170897199,24.533034983604793,29.97910358080093,24.447893955688087,-3.8085167253671983,-5.531209625112844,-1.7226928997456454,,TRUE
3008,TRUE,FALSE,-0.19269890565615386,25.387438282214745,23.979886620769104,29.053336720279002,22.632690829035052,-1.4075516614456411,-6.42064589124395,-5.013094229798309,,TRUE
3009,TRUE,FALSE,-0.0782656373320771,23.087361036933178,21.05361434358637,29.610928203152078,24.9697420428023,-2.0337466933468065,-4.641186160349779,-2.6074394670029726,,TRUE
3010,TRUE,FALSE,-0.23349637016509134,26.21673082753743,23.882332232335767,31.298743569117818,22.57454051249828,-2.3343985952016624,-8.724203056619537,-6.389804461417874,,TRUE
3011,TRUE,FALSE,-0.05917307912490713,27.074543237316018,22.94673063014535,27.961539344795735,22.336864712118736,-4.127812607170668,-5.624674632676999,-1.4968620255063314,,TRUE
3012,TRUE,FALSE,-0.07798309907875897,24.765240533687006,21.444243872377072,30.29139809554447,24.261624459436337,-3.320996661309934,-6.029773636108132,-2.708776974798198,,TRUE
3013,TRUE,FALSE,-0.02359869037435696,26.593937786302483,21.757435845740893,26.53533264194263,21.203171124278214,-4.83650194056159,-5.332161517664417,-0.4956595771028276,,TRUE
3014,TRUE,FALSE,0.021008742732158192,22.53565055825603,19.364460040648115,26.097544217458395,22.901235616260006,-3.171190517607915,-3.196308601198389,-0.025118083590474072,,TRUE
3015,TRUE,FALSE,0.016087311157675265,32.57350817325678,25.70073671892614,32.70881585471249,26.22602617175006,-6.872771454330643,-6.48278968296243,0.38998177136821255,,TRUE
3016,TRUE,FALSE,-0.13543736150564692,33.82671926820077,30.01582077205882,27.787263385673892,21.533589175079552,-3.8108984961419488,-6.25367421059434,-2.4427757144523916,,TRUE
3017,TRUE,FALSE,-0.07525327748365615,30.123071169369783,25.902211231498697,28.793743022247725,22.964322329189482,-4.2208599378710865,-5.829420693058243,-1.6085607551871561,,TRUE
3018,TRUE,FALSE,-0.042678277328535776,30.985250084283965,25.864328170203276,29.271769872041254,23.413171058670024,-5.120921914080689,-5.858598813371231,-0.7376768992905411,,TRUE
3019,TRUE,FALSE,-0.15974933076233877,26.02690669925494,23.246218897305184,28.70837833505433,21.8554712844051,-2.7806878019497567,-6.8529070506492324,-4.072219248699476,,TRUE
3020,TRUE,FALSE,-0.11945137526930376,29.8306484368082,27.045127152949842,29.917486990639485,24.06990474012477,-2.7855212838583583,-5.847582250514716,-3.0620609666563574,,TRUE
3021,TRUE,FALSE,2.2488686735128967e-5,27.243354231818188,21.93130530842236,30.051782000972487,24.192675483741425,-5.312048923395828,-5.859106517231062,-0.547057593835234,,TRUE
3022,TRUE,FALSE,0.05857218700997655,24.829550895572208,19.327417513254098,28.45923400001804,23.489066005527377,-5.50213338231811,-4.970167994490662,0.531965387827448,,TRUE
3023,TRUE,FALSE,-0.09483976623320203,27.138367458516555,22.993771960139007,31.022944848728105,23.906782751296962,-4.144595498377548,-7.116162097431143,-2.9715665990535953,,TRUE
3024,TRUE,FALSE,-0.0653176897355594,31.442785579456395,26.621052235568992,31.49485415145851,24.97909460343237,-4.821733343887402,-6.515759548026143,-1.6940262041387406,,TRUE
3025,TRUE,FALSE,0.0191012098649311,34.915065731774504,28.342346738875595,27.30162035976031,22.58951549851825,-6.57271899289891,-4.712104861242061,1.860614131656849,,TRUE
3026,TRUE,FALSE,0.0022882477321734566,34.28009824581457,28.798064740217704,28.735650011500887,24.195580414682578,-5.482033505596867,-4.540069596818309,0.9419639087785576,,TRUE
3027,TRUE,FALSE,-0.01899842465754162,24.91516224814817,21.00031049734936,27.222064081215855,22.51293603068148,-3.9148517507988103,-4.709128050534375,-0.7942762997355644,,TRUE
3028,TRUE,FALSE,-0.0977486500516807,32.529869602314974,29.291240718324826,28.247132106078602,23.06630908667641,-3.238628883990149,-5.180823019402194,-1.9421941354120449,,TRUE
3029,TRUE,FALSE,-0.04685699211108354,32.56929289034284,26.55220004985497,29.989543659352833,23.329869308893905,-6.017092840487866,-6.659674350458928,-0.6425815099710626,,TRUE
3030,TRUE,FALSE,-0.06909074360529417,25.896049317832194,22.39601349959242,30.503786806965216,24.61984052016005,-3.5000358182397733,-5.883946286805166,-2.383910468565393,,TRUE
3031,TRUE,FALSE,-0.00882243372271875,24.60923839765704,20.268919608585847,28.589845018373502,23.340636417392027,-4.340318789071194,-5.249208600981476,-0.9088898119102815,,TRUE
3032,TRUE,FALSE,-0.009363479539023672,33.21915971116874,26.597732765173195,28.538371964683545,22.63698912839619,-6.621426945995548,-5.901382836287354,0.7200441097081942,,TRUE
3033,TRUE,FALSE,-0.06851928839117986,27.140758709926228,22.716700524064137,28.295922324244504,22.11513396286563,-4.424058185862091,-6.180788361378873,-1.7567301755167826,,TRUE
3034,TRUE,FALSE,-0.09086518723042143,27.316212770623995,24.057690833123477,30.88568203840546,24.838673531276722,-3.258521937500518,-6.047008507128737,-2.788486569628219,,TRUE
3035,TRUE,FALSE,-0.14738674249787692,30.83133284088692,27.49554902582785,30.44782248346077,23.43241693904228,-3.33578381505907,-7.015405544418488,-3.6796217293594182,,TRUE
3036,TRUE,FALSE,-0.011546502508665568,29.2860272790223,23.223907833190996,29.97050278175579,23.493854947453034,-6.0621194458313035,-6.4766478343027565,-0.414528388471453,,TRUE
3037,TRUE,FALSE,-0.19717915249882473,25.33187271436874,24.358783914527315,28.12190776016391,22.202366491657525,-0.9730887998414239,-5.919541268506386,-4.946452468664962,,TRUE
3038,TRUE,FALSE,0.016147802021677288,32.443710182318846,24.431657594933636,29.972939448900934,22.938481124146698,-8.01205258738521,-7.034458324754237,0.9775942626309728,,TRUE
3039,TRUE,FALSE,-0.07851038300774936,29.701566798392857,24.828441469812216,33.26482145239959,25.707430475891957,-4.873125328580642,-7.55739097650763,-2.6842656479269884,,TRUE
3040,TRUE,FALSE,-0.10349838539528107,29.08457195648179,23.96167225064046,30.457961454400184,22.625933275376997,-5.122899705841327,-7.832028179023187,-2.7091284731818597,,TRUE
3041,TRUE,FALSE,0.0010671537194966141,30.773613493451904,24.518333679138546,29.11105611906973,23.21848489639106,-6.255279814313358,-5.892571222678669,0.36270859163468927,,TRUE
3042,TRUE,FALSE,-0.015050820521391969,28.97186709781188,24.597768258524155,28.10078589460723,23.50180394385233,-4.374098839287726,-4.598981950754901,-0.2248831114671752,,TRUE
3043,TRUE,FALSE,0.08228295209089369,27.1188205517489,20.699322255062487,29.683178026322167,24.599753616620823,-6.419498296686413,-5.083424409701344,1.3360738869850692,,TRUE
3044,TRUE,FALSE,-0.03514498220628267,25.878751998056742,21.15494705370388,31.567347156492126,24.91399819148399,-4.723804944352864,-6.653348965008135,-1.9295440206552712,,TRUE
3045,TRUE,FALSE,-0.08059350971117667,25.27196780623639,21.55019121150051,27.538099204323927,21.664302536669847,-3.7217765947358785,-5.87379666765408,-2.1520200729182015,,TRUE
3046,TRUE,FALSE,-0.15701648827752285,26.123061142069464,24.080741108917977,30.1893493273053,23.785272976701943,-2.042320033151487,-6.404076350603358,-4.361756317451871,,TRUE
3047,TRUE,FALSE,-0.14061520397827715,21.95032494564514,19.723378158427515,28.134728092477264,21.964163247047185,-2.2269467872176243,-6.1705648454300785,-3.9436180582124543,,TRUE
3048,TRUE,FALSE,-0.15072556555454528,23.92688569211647,21.756131188850805,29.843694679919853,23.339352373444193,-2.170754503265666,-6.50434230647566,-4.333587803209994,,TRUE
3049,TRUE,FALSE,0.056279457314224526,26.467104226282213,21.245029947736846,28.177512107040496,23.92739520510203,-5.222074278545367,-4.2501169019384655,0.9719573766069018,,TRUE
3050,TRUE,FALSE,-0.10783867528323653,27.046525185260613,23.472444513352198,28.59565356808598,22.279894481109817,-3.5740806719084155,-6.315759086976161,-2.741678415067746,,TRUE
3051,TRUE,FALSE,-0.09195846998079177,29.229671548111803,25.029914854996054,29.664525879155264,23.170520638665504,-4.199756693115749,-6.494005240489759,-2.2942485473740106,,TRUE
3052,TRUE,FALSE,-0.05546165506583297,24.12304551994069,20.892837096428938,29.12963297400575,23.867866695725255,-3.230208423511751,-5.261766278280497,-2.031557854768746,,TRUE
3053,TRUE,FALSE,-0.09836644457743618,28.619846102368793,23.969395465603412,28.61597773581987,21.720927792048585,-4.650450636765381,-6.895049943771287,-2.244599307005906,,TRUE
3054,TRUE,FALSE,0.0031874001472304955,27.742307130811827,22.36756577861484,26.603015455906974,21.517473898669977,-5.374741352196988,-5.085541557236997,0.28919979495999115,,TRUE
3055,TRUE,FALSE,-0.08399157926491721,27.868794244692218,23.217050268085448,28.69145266804435,21.976793150142075,-4.65174397660677,-6.714659517902273,-2.062915541295503,,TRUE
3056,TRUE,FALSE,0.025116218425333472,31.962780774691478,24.776413022850836,30.09150771221685,23.91914543051369,-7.186367751840642,-6.172362281703158,1.0140054701374837,,TRUE
3057,TRUE,FALSE,0.04179213636676018,27.98765622585104,22.838495112558174,27.087406273245012,23.04721582294656,-5.149161113292866,-4.040190450298454,1.1089706629944125,,TRUE
3058,TRUE,FALSE,-0.16365689483645232,29.916875258400616,27.018122876008036,29.92805378627552,22.947856805479653,-2.89875238239258,-6.980196980795867,-4.081444598403287,,TRUE
3059,TRUE,FALSE,-0.06855839488350836,29.520354651098522,24.948108467005408,31.29721855057932,24.697174078391136,-4.572246184093114,-6.600044472188184,-2.0277982880950702,,TRUE
3060,TRUE,FALSE,-0.08978713821450521,31.80157499416409,27.692612753588307,31.247697955933116,24.873635896170025,-4.1089622405757815,-6.374062059763091,-2.2650998191873093,,TRUE
3061,TRUE,FALSE,-0.08010951994324235,27.844837232476987,25.163297874056834,30.436201629382197,25.387632622644226,-2.681539358420153,-5.048569006737971,-2.3670296483178177,,TRUE
3062,TRUE,FALSE,0.0583098193698544,29.582064421053087,22.634875439441995,28.151110452167142,22.833305845774067,-6.947188981611092,-5.317804606393075,1.6293843752180166,,TRUE
3063,TRUE,FALSE,0.024830091850210616,26.262032973314227,20.22941282085972,28.90044898941728,22.821442748426065,-6.032620152454506,-6.079006240991216,-0.046386088536710446,,TRUE
3064,TRUE,FALSE,0.025655217430877623,24.907812745566876,19.582592748029093,29.896859675095005,24.115823265962224,-5.325219997537783,-5.781036409132781,-0.4558164115949985,,TRUE
3065,TRUE,FALSE,-0.012896241751862473,31.534968536865783,24.80398246153635,29.17510011376947,22.653776001510955,-6.730986075329433,-6.521324112258515,0.20966196307091778,,TRUE
3066,TRUE,FALSE,-0.0626090484788787,25.451411944069093,21.697630640432482,28.46968513584978,22.797768084903108,-3.753781303636611,-5.671917050946671,-1.9181357473100604,,TRUE
3067,TRUE,FALSE,-0.10317163268202921,28.600968710735888,24.763832741129587,29.855775804605518,23.31624495477351,-3.837135969606301,-6.539530849832008,-2.7023948802257074,,TRUE
3068,TRUE,FALSE,0.022887849471885,28.67676130423375,22.68428739321159,30.06791695855529,24.33539771225326,-5.992473911022159,-5.732519246302029,0.25995466472013007,,TRUE
3069,TRUE,FALSE,-0.12830426809721468,24.213008483755562,23.407524833647344,29.203390181614374,24.8323701960743,-0.8054836501082185,-4.371019985540073,-3.5655363354318546,,TRUE
3070,TRUE,FALSE,-0.07727971583942056,29.42370260041679,25.414857934563077,28.656750426525047,22.911585901386978,-4.008844665853712,-5.745164525138069,-1.7363198592843574,,TRUE
3071,TRUE,FALSE,-0.16233713404799915,26.13219861705883,23.425779398477776,31.967560121555422,24.36270283570149,-2.706419218581054,-7.604857285853932,-4.898438067272878,,TRUE
3072,TRUE,FALSE,-0.0314356886511152,28.52513595346429,24.047434902634862,26.586825452125264,21.719767548983235,-4.4777010508294275,-4.86705790314203,-0.3893568523126021,,TRUE
3073,TRUE,FALSE,-0.012883790072703771,28.827413168175827,22.681777180571608,31.359630175372715,24.358300311107733,-6.145635987604219,-7.0013298642649815,-0.8556938766607622,,TRUE
3074,TRUE,FALSE,-0.10989455942552245,32.90952754110377,29.121170367459733,28.358329995734916,22.482325373281164,-3.7883571736440373,-5.8760046224537525,-2.087647448809715,,TRUE
3075,TRUE,FALSE,0.06239557432155892,27.460023569886307,20.471568500328697,27.669053488424492,21.95546147235214,-6.9884550695576095,-5.713592016072351,1.2748630534852587,,TRUE
3076,TRUE,FALSE,-0.04986569011178638,30.76490125551945,24.974836935222438,33.25454832431955,25.682766022722166,-5.790064320297013,-7.571782301597384,-1.7817179813003712,,TRUE
3077,TRUE,FALSE,-0.03269734536406613,33.722406099068465,28.116344632014563,29.040316952935918,23.433727711363655,-5.606061467053902,-5.606589241572262,-5.27774518360502e-4,,TRUE
3078,TRUE,FALSE,-0.09036042692588278,29.16520420206934,25.1165412271581,28.399888831328333,22.344385560756937,-4.048662974911242,-6.055503270571396,-2.0068402956601545,,TRUE
3079,TRUE,FALSE,-0.0885113627467874,25.041204434560253,21.475561514027902,28.422806533556297,22.310858238245405,-3.565642920532351,-6.111948295310892,-2.546305374778541,,TRUE
3080,TRUE,FALSE,-0.06286077011161315,26.191896856660385,23.449677963597605,30.17758725777772,25.371979967362726,-2.7422188930627804,-4.805607290414994,-2.063388397352213,,TRUE
3081,TRUE,FALSE,-0.015853039475678423,30.85189699976575,24.945237524181735,30.715919709586423,24.444682843874844,-5.906659475584014,-6.271236865711579,-0.3645773901275646,,TRUE
3082,TRUE,FALSE,0.004115440493640871,28.021539475763582,21.767735458284232,28.93294842519435,22.56842571822439,-6.25380401747935,-6.364522706969961,-0.1107186894906107,,TRUE
3083,TRUE,FALSE,-0.02176034248806966,31.31380010735592,24.73207036848717,26.660462637446088,20.60354655640478,-6.581729738868749,-6.056916081041308,0.5248136578274405,,TRUE
3084,TRUE,FALSE,0.04324508057791834,25.497561962603715,20.68140774618512,26.431232359184378,22.386178054453822,-4.816154216418596,-4.045054304730556,0.7710999116880402,,TRUE
3085,TRUE,FALSE,-0.06477591795582074,27.205687573432968,23.53371070258429,30.101938808972587,24.405816909038954,-3.6719768708486775,-5.696121899933633,-2.0241450290849556,,TRUE
3086,TRUE,FALSE,-0.06455556768150052,29.6807114180942,23.72998302351706,27.01488873068726,20.248375097415696,-5.9507283945771405,-6.766513633271565,-0.8157852386944242,,TRUE
3087,TRUE,FALSE,-0.13468475721814258,28.97908170731065,26.090907695797988,27.381274442002546,21.54593673591336,-2.888174011512664,-5.8353377060891845,-2.9471636945765205,,TRUE
3088,TRUE,FALSE,-0.0709486249725837,31.75830885099966,26.78274669105941,29.93921984811111,23.519366998104882,-4.975562159940253,-6.4198528500062295,-1.4442906900659764,,TRUE
3089,TRUE,FALSE,-0.13762942377286402,23.272867667885617,21.74017371985242,30.013706036681004,24.432113393017914,-1.5326939480331951,-5.58159264366309,-4.0488986956298945,,TRUE
3090,TRUE,FALSE,-0.12527592090746273,21.037320528783656,19.141811018116186,29.568108477305678,23.736107593762956,-1.8955095106674698,-5.832000883542722,-3.9364913728752526,,TRUE
3091,TRUE,FALSE,-0.05093381970816949,32.343846690625654,27.617989834548826,28.653521059152812,23.251882316941195,-4.7258568560768275,-5.401638742211617,-0.6757818861347893,,TRUE
3092,TRUE,FALSE,-0.015729308355354618,29.92511347342603,24.22506573859203,27.716725545629046,22.087162579788238,-5.700047734834001,-5.629562965840808,0.07048476899319311,,TRUE
3093,TRUE,FALSE,-0.013624327914360966,26.830554457369573,22.936582202765173,25.115883424123904,21.18022378719937,-3.8939722546043996,-3.935659636924534,-0.04168738232013425,,TRUE
3094,TRUE,FALSE,0.042863575185300304,31.454078113372685,24.039127400545098,30.604867029722374,24.414489584212816,-7.4149507128275864,-6.190377445509558,1.2245732673180285,,TRUE
3095,TRUE,FALSE,0.0024271340160451757,27.85230950859926,22.656543679574575,27.391303878845765,22.33568324460906,-5.195765829024683,-5.055620634236703,0.14014519478797993,,TRUE
3096,TRUE,FALSE,-0.21092864285653734,31.443232388756908,31.92104975336187,27.664544264849162,22.74407894659307,0.47781736460496305,-4.920465318256092,-5.398282682861055,,TRUE
3097,TRUE,FALSE,-0.02259121087891805,32.099432560134524,26.764046478124413,29.872497161466292,24.35088280327517,-5.3353860820101104,-5.521614358191123,-0.18622827618101212,,TRUE
3098,TRUE,FALSE,-0.14695088709459656,25.95363431760234,23.164159529894064,31.291228507527656,24.11132187524631,-2.7894747877082757,-7.1799066322813445,-4.390431844573069,,TRUE
3099,TRUE,FALSE,0.038013287112517086,37.54693060625488,28.25940216962341,29.783965620941956,23.28520216111584,-9.287528436631472,-6.498763459826115,2.788764976805357,,TRUE
3100,TRUE,FALSE,-0.07003252518706564,26.647153502500903,23.204383024666075,29.17259522570476,23.685334841225128,-3.442770477834827,-5.487260384479633,-2.044489906644806,,TRUE
3101,TRUE,FALSE,-0.011890562759899175,30.092608750048857,24.27733264913174,27.320129711225643,21.780100609982966,-5.815276100917117,-5.540029101242677,0.2752469996744402,,TRUE
3102,TRUE,FALSE,-0.1331944775705505,27.20190628903071,24.46393545801781,32.14009433556643,25.300464969810864,-2.7379708310128983,-6.839629365755567,-4.101658534742668,,TRUE
3103,TRUE,FALSE,-0.03407648824966292,24.402377687405615,21.408167533816886,27.574970857543835,23.381005359698463,-2.994210153588728,-4.193965497845372,-1.1997553442566442,,TRUE
3104,TRUE,FALSE,-0.17267285756120015,25.834813503999865,25.63070995632533,28.44031418261257,23.740990039446302,-0.20410354767453498,-4.699324143166269,-4.495220595491734,,TRUE
3105,TRUE,FALSE,-0.08175944896163716,26.61379298004238,24.391074426064957,27.910132302828426,23.571019911327916,-2.2227185539774226,-4.33911239150051,-2.1163938375230877,,TRUE
3106,TRUE,FALSE,-0.19113194786853,26.914196520869798,24.35263860328316,30.543077132746916,22.828104043804128,-2.5615579175866365,-7.714973088942788,-5.153415171356151,,TRUE
3107,TRUE,FALSE,-0.08843854845695875,30.411644694966252,25.21182034002009,29.88982924454272,22.68189607232023,-5.199824354946163,-7.207933172222489,-2.0081088172763266,,TRUE
3108,TRUE,FALSE,-0.055392916418829534,27.64647826690106,23.74740550235894,30.296607428097143,24.62144360989625,-3.899072764542119,-5.675163818200893,-1.7760910536587744,,TRUE
3109,TRUE,FALSE,-0.06686197301813068,27.337304522239403,23.168023403506275,29.405701029295827,23.309182601799872,-4.169281118733128,-6.096518427495955,-1.9272373087628267,,TRUE
3110,TRUE,FALSE,-0.10031663246979089,33.159266289669965,29.608195809017108,30.54080490786032,24.667239509358353,-3.5510704806528572,-5.873565398501967,-2.3224949178491094,,TRUE
3111,TRUE,FALSE,-0.12654096871992127,27.12051226573865,24.929263806185027,28.660871379848764,23.213729029824268,-2.1912484595536235,-5.447142350024496,-3.2558938904708725,,TRUE
3112,TRUE,FALSE,-0.016515321285880628,29.44075820388431,23.917544010671214,29.698582350287445,23.731806433302662,-5.5232141932130965,-5.966775916984783,-0.4435617237716869,,TRUE
3113,TRUE,FALSE,-0.09513391243719414,26.056307983711083,22.956627660528724,28.49892331700246,22.830085133805227,-3.0996803231823584,-5.668838183197234,-2.569157860014876,,TRUE
3114,TRUE,FALSE,0.040362294753438735,27.438939352914336,21.34755650373019,31.825151117070366,25.779853696603823,-6.091382849184146,-6.045297420466543,0.04608542871760335,,TRUE
3115,TRUE,FALSE,-0.046927798596058896,29.63449426079332,25.108766330014348,29.5995091292942,23.929403888514518,-4.525727930778974,-5.670105240779684,-1.14437731000071,,TRUE
3116,TRUE,FALSE,-0.15699608700047957,27.71226712532773,25.12071053902131,30.913479777096274,23.951086683586013,-2.591556586306421,-6.962393093510261,-4.37083650720384,,TRUE
3117,TRUE,FALSE,-0.020062830166181152,28.79293325027716,24.492853897195797,29.016338535852757,24.192620593785534,-4.300079353081362,-4.823717942067223,-0.523638588985861,,TRUE
3118,TRUE,FALSE,0.0826973917639854,29.41467367926246,21.772548534557433,27.350107670288693,21.989699464592395,-7.642125144705027,-5.360408205696299,2.281716939008728,,TRUE
3119,TRUE,FALSE,-0.13165422474022834,29.73472146269245,26.708441786085544,29.22357622583051,23.011309561898553,-3.0262796766069044,-6.212266663931956,-3.1859869873250517,,TRUE
3120,TRUE,FALSE,-0.08312698166174136,26.255309874374287,23.2372594764141,29.830608759655277,24.295636762050773,-3.018050397960188,-5.534971997604504,-2.5169215996443164,,TRUE
3121,TRUE,FALSE,-0.09349935805537199,28.735235656364694,26.212401524939434,29.08803339975545,24.165743069434882,-2.5228341314252596,-4.922290330320568,-2.399456198895308,,TRUE
3122,TRUE,FALSE,-0.09977086097049606,28.731600809605816,25.55664121010643,25.72720880504476,20.711268032162597,-3.1749595994993847,-5.015940772882164,-1.8409811733827794,,TRUE
3123,TRUE,FALSE,-0.14794793073911952,31.502930130374093,27.77381040545451,28.80655574051942,21.903972296639658,-3.7291197249195847,-6.902583443879763,-3.1734637189601784,,TRUE
3124,TRUE,FALSE,-0.03866504189233202,33.894106099152204,29.555303240579264,30.12744608669789,25.274439815192434,-4.33880285857294,-4.853006271505457,-0.5142034129325168,,TRUE
3125,TRUE,FALSE,-0.05974364246397002,28.851553093061693,24.840823711706484,27.000632267579892,21.899005676875426,-4.010729381355208,-5.101626590704466,-1.090897209349258,,TRUE
3126,TRUE,FALSE,-0.061956760188070045,23.130901965319428,20.292444473307963,28.19483463137035,23.24897823658951,-2.8384574920114645,-4.94585639478084,-2.1073989027693756,,TRUE
3127,TRUE,FALSE,0.0309005464548131,32.139296574892114,24.235486335829403,30.978862207646724,24.0935487249933,-7.903810239062711,-6.885313482653423,1.018496756409288,,TRUE
3128,TRUE,FALSE,0.012412167901881512,31.459207020198395,23.912386817182686,29.18043580740873,22.457296134202092,-7.546820203015709,-6.723139673206639,0.8236805298090708,,TRUE
3129,TRUE,FALSE,-0.08583766771397638,26.241881355685166,23.16659554513055,32.231383571304605,26.113637557314267,-3.0752858105546146,-6.117746013990338,-3.0424602034357235,,TRUE
3130,TRUE,FALSE,-0.19801309277830087,22.51666738430081,22.35540927184651,28.850371638645697,23.498164027320176,-0.16125811245429844,-5.352207611325522,-5.190949498871223,,TRUE
3131,TRUE,FALSE,-0.07921301554251965,27.455318284965326,24.2967675705475,27.595745743570937,22.561209361704293,-3.1585507144178244,-5.034536381866644,-1.8759856674488198,,TRUE
3132,TRUE,FALSE,0.05249406513778452,30.535296901779148,22.83861825799344,31.192542065462202,24.587610833791345,-7.6966786437857095,-6.604931231670857,1.0917474121148523,,TRUE
3133,TRUE,FALSE,-0.23260269178947987,25.253025627329883,25.088637672819516,29.170516116057417,22.966229888190462,-0.16438795451036725,-6.204286227866955,-6.039898273356588,,TRUE
3134,TRUE,FALSE,-0.11028460021542164,24.552005007940352,20.6256653575922,30.129235012354854,22.66799535085293,-3.926339650348151,-7.461239661501924,-3.5349000111537734,,TRUE
3135,TRUE,FALSE,-0.00407580845296258,33.02921753894447,26.645531048983024,28.13736836752789,22.606819667223313,-6.383686489961448,-5.530548700304578,0.8531377896568699,,TRUE
3136,TRUE,FALSE,-0.17506976985521328,23.131810610951188,21.456130945257442,30.562209461530912,23.795492393457863,-1.675679665693746,-6.766717068073049,-5.091037402379303,,TRUE
3137,TRUE,FALSE,-0.10132908125881784,29.931809896900088,25.668304642888987,30.339771032775587,23.51093197232764,-4.2635052540111005,-6.828839060447947,-2.565333806436847,,TRUE
3138,TRUE,FALSE,-0.03590470936011491,26.565506537845373,22.262508234322823,30.19187146173636,24.40915856259464,-4.30299830352255,-5.782712899141718,-1.4797145956191677,,TRUE
3139,TRUE,FALSE,-0.18853171764209167,28.96519228108891,27.131537943605064,28.2627768435608,21.92474451317536,-1.8336543374838463,-6.338032330385442,-4.5043779929015955,,TRUE
3140,TRUE,FALSE,-0.01010341763356224,32.83664892135513,27.11841087296041,30.55369979891093,24.979362786785178,-5.718238048394717,-5.574337012125753,0.14390103626896433,,TRUE
3141,TRUE,FALSE,-0.043754513284386745,24.88881098818222,20.82081012880439,28.620265998370712,22.917371044290736,-4.0680008593778325,-5.7028949540799765,-1.634894094702144,,TRUE
3142,TRUE,FALSE,0.12580013734417061,38.42236134264244,27.529453980378555,27.801562036240707,22.590042535501798,-10.892907362263884,-5.211519500738909,5.681387861524975,,TRUE
3143,TRUE,FALSE,-0.21812020689395542,25.00301457383876,24.773375209447785,30.891298379455854,24.60937399748539,-0.22963936439097665,-6.281924381970466,-6.052285017579489,,TRUE
3144,TRUE,FALSE,-0.18338403791690638,31.616459817469764,28.896208537976158,28.94672766466761,22.023402862797074,-2.7202512794936062,-6.923324801870535,-4.203073522376929,,TRUE
3145,TRUE,FALSE,0.0028499801762865017,28.366228911502972,22.388040722309693,31.45480890319742,24.8965555638416,-5.978188189193279,-6.558253339355822,-0.5800651501625431,,TRUE
3146,TRUE,FALSE,0.013910677782561724,31.875602791146633,24.43002126654641,27.35312159546391,21.257572325822697,-7.445581524600222,-6.095549269641214,1.3500322549590074,,TRUE
3147,TRUE,FALSE,-0.0882970598345773,34.02104260860178,28.160541358719726,33.307877870800404,25.240236405475233,-5.860501249882056,-8.06764146532517,-2.207140215443115,,TRUE
3148,TRUE,FALSE,-0.02115138040953837,27.80691715912998,23.35764200702872,28.252254136212244,23.23503501192017,-4.4492751521012615,-5.0172191242920725,-0.567943972190811,,TRUE
3149,TRUE,FALSE,-0.2322706450693932,34.78848226628863,31.47982772328685,30.863398850123588,22.1394463865302,-3.308654543001783,-8.723952463593388,-5.415297920591605,,TRUE
3150,TRUE,FALSE,0.00112119820068304,32.57689043557444,27.35854718563292,28.16386965465016,23.678961974410353,-5.2183432499415225,-4.484907680239807,0.7334355697017152,,TRUE
3151,TRUE,FALSE,-0.04612516877628609,26.924981917533653,22.62210368500518,30.435173050583003,24.418638046457513,-4.3028782325284745,-6.01653500412549,-1.713656771597016,,TRUE
3152,TRUE,FALSE,-0.11316842471595387,29.970129879677536,27.994363098134876,29.05021411767231,24.231644095082114,-1.97576678154266,-4.8185700225901975,-2.8428032410475375,,TRUE
3153,TRUE,FALSE,0.014078045228871811,26.500323957208234,21.15486060248931,27.293715649917285,22.09711953040766,-5.345463354718923,-5.196596119509625,0.14886723520929834,,TRUE
3154,TRUE,FALSE,0.008631620389456232,26.849740107046042,21.496050383479094,29.041578689509958,23.4524096173504,-5.353689723566948,-5.589169072159557,-0.23547934859260877,,TRUE
3155,TRUE,FALSE,-0.09189908830006575,26.145957966955372,22.42882208962661,30.437943058397877,23.818035634500646,-3.7171358773287615,-6.6199074238972315,-2.90277154656847,,TRUE
3156,TRUE,FALSE,-0.004099817542291172,27.66421213650327,22.551166954125204,27.70830449704064,22.494696471768346,-5.113045182378066,-5.213608025272293,-0.10056284289422734,,TRUE
3157,TRUE,FALSE,0.04090841059429835,26.05294797768586,20.437468765345052,28.61532536103976,23.384883962471744,-5.615479212340809,-5.230441398568015,0.38503781377279367,,TRUE
3158,TRUE,FALSE,0.012013298609361527,26.99235679105558,22.9268763031667,25.533951990709454,21.950247865993486,-4.06548048788888,-3.583704124715968,0.48177636317291217,,TRUE
3159,TRUE,FALSE,0.06277690671865771,26.347875629026927,20.222766865761812,31.04480704983467,25.37158502961468,-6.125108763265114,-5.673222020219992,0.45188674304512233,,TRUE
3160,TRUE,FALSE,0.04359281749366883,24.66105971013597,19.514417252759216,29.73102349238132,24.574564612541895,-5.146642457376753,-5.156458879839423,-0.009816422462670005,,TRUE
3161,TRUE,FALSE,-0.122271096351223,26.487218531475474,23.980317573354217,28.848912785852,23.11247018056887,-2.506900958121257,-5.7364426052831305,-3.2295416471618736,,TRUE
3162,TRUE,FALSE,-0.025261816172152222,35.14345316361184,26.798290042135477,30.715471640561944,22.83751110847634,-8.34516312147636,-7.877960532085606,0.4672025893907552,,TRUE
3163,TRUE,FALSE,0.005990850411454958,30.945234079554208,23.968319171416887,30.736750272146747,23.94989142925493,-6.976914908137321,-6.786858842891817,0.19005606524550345,,TRUE
3164,TRUE,FALSE,0.11079852697625893,29.13036491506948,21.903881031530826,27.889238441237584,23.427772125700354,-7.226483883538656,-4.46146631553723,2.7650175680014257,,TRUE
3165,TRUE,FALSE,0.02267892444635693,28.847819121267886,21.953816145000022,29.494080012533434,22.960493713163835,-6.894002976267863,-6.533586299369599,0.3604166768982644,,TRUE
3166,TRUE,FALSE,-0.14864146321358457,21.811169765097176,19.82077983747181,28.619636357451892,22.415669956949994,-1.9903899276253654,-6.203966400501898,-4.213576472876532,,TRUE
3167,TRUE,FALSE,0.14263773940815255,30.776205718817657,22.1350391178113,28.622255728815507,23.741921151085496,-8.641166601006358,-4.880334577730011,3.760832023276347,,TRUE
3168,TRUE,FALSE,-0.025525564956065318,25.820561794913203,21.757357585805455,29.31111174592797,24.076155598629125,-4.063204209107749,-5.2349561472988455,-1.1717519381910968,,TRUE
3169,TRUE,FALSE,-0.10186574479806716,31.42026473676683,27.157495214954732,26.788143986708565,20.911383439591816,-4.262769521812096,-5.876760547116749,-1.613991025304653,,TRUE
3170,TRUE,FALSE,-0.1607343026559977,27.1934203066937,23.888411084678165,30.983471437381226,23.17648034303374,-3.305009222015535,-7.8069910943474845,-4.50198187233195,,TRUE
3171,TRUE,FALSE,0.00936915282498923,32.4733388240356,26.048762272360502,28.251440842958207,22.87545398142637,-6.424576551675099,-5.375986861531835,1.0485896901432632,,TRUE
3172,TRUE,FALSE,-0.02365513047853304,27.513381174192972,23.035770722099386,28.81814211992454,23.56413317203328,-4.477610452093586,-5.254008947891261,-0.7763984957976753,,TRUE
3173,TRUE,FALSE,0.00892814539197599,23.842474948937852,18.435362665715797,29.368129944788755,22.911529802224432,-5.407112283222055,-6.456600142564323,-1.0494878593422676,,TRUE
3174,TRUE,FALSE,-0.0582721424407083,31.2797607122871,25.909687780552243,30.180909946497543,23.584344886629903,-5.370072931734857,-6.59656505986764,-1.226492128132783,,TRUE
3175,TRUE,FALSE,0.10468925492448694,29.82281118208029,22.09998535122969,28.430007461311437,23.39302292073231,-7.722825830850599,-5.036984540579127,2.6858412902714726,,TRUE
3176,TRUE,FALSE,0.07655011250272012,34.085797023471216,25.545714081544578,27.465731823761736,22.22189341857104,-8.540082941926638,-5.243838405190697,3.2962445367359408,,TRUE
3177,TRUE,FALSE,-0.12205354408641236,34.22645594652915,29.06283518626774,31.78965037337216,23.89211620529389,-5.163620760261409,-7.897534168078273,-2.733913407816864,,TRUE
3178,TRUE,FALSE,-0.044365737717233414,25.86395452759526,22.079023746541356,29.68612064353627,24.242119711742028,-3.7849307810539052,-5.444000931794243,-1.6590701507403374,,TRUE
3179,TRUE,FALSE,-0.12699939918790606,23.256965225685015,20.47187478435953,29.903318303665912,23.1829563995586,-2.785090441325483,-6.720361904107314,-3.935271462781831,,TRUE
3180,TRUE,FALSE,-0.07222199174931296,27.19800338908422,22.871016033855913,29.464141205094183,23.050301453228474,-4.326987355228308,-6.413839751865709,-2.0868523966374006,,TRUE
3181,TRUE,FALSE,-0.03830132698740031,27.98525332475207,23.11698597926476,31.278975313165592,24.866830232779716,-4.8682673454873076,-6.412145080385876,-1.5438777348985688,,TRUE
3182,TRUE,FALSE,-0.10632023516994529,31.906925228025578,29.613860250856487,30.56102545731379,25.503729835851697,-2.2930649771690916,-5.057295621462092,-2.7642306442930007,,TRUE
3183,TRUE,FALSE,-0.1005837706748224,27.320435736190397,23.870493417462864,29.02422800415805,22.932503847593477,-3.4499423187275333,-6.091724156564574,-2.6417818378370406,,TRUE
3184,TRUE,FALSE,7.906789318946847e-4,30.400377584712192,24.859870572030466,27.631379000107525,22.613398329553274,-5.540507012681726,-5.017980670554252,0.522526342127474,,TRUE
3185,TRUE,FALSE,-0.09654770170071782,27.99047780352405,23.615325228879485,28.70794967798568,21.99154093510968,-4.3751525746445665,-6.716408742876002,-2.3412561682314355,,TRUE
3186,TRUE,FALSE,-0.012343217663968408,23.285803099121612,18.695184037327614,30.91302873899344,24.514299642767032,-4.590619061793998,-6.398729096226408,-1.80811003443241,,TRUE
3187,TRUE,FALSE,-0.09580198106555908,26.42746429632491,23.31936102557186,28.97400822422413,23.23076217245107,-3.1081032707530483,-5.74324605177306,-2.6351427810200114,,TRUE
3188,TRUE,FALSE,0.005554596497821012,29.183940922725125,24.817606959450806,26.53262552109334,22.688643063260493,-4.366333963274318,-3.8439824578328476,0.5223515054414705,,TRUE
3189,TRUE,FALSE,-0.03866318878900932,27.718979038537604,22.595824955081085,27.82901267558267,21.825166256961694,-5.1231540834565195,-6.003846418620977,-0.8806923351644578,,TRUE
3190,TRUE,FALSE,0.00938721200060118,33.87956088601456,27.116563343507753,30.442274546917123,24.59522430965108,-6.762997542506806,-5.847050237266043,0.9159473052407634,,TRUE
3191,TRUE,FALSE,0.08474433844466346,31.193404729072224,23.390442676026208,27.967384130790524,22.826089038721413,-7.802962053046016,-5.141295092069111,2.6616669609769055,,TRUE
3192,TRUE,FALSE,-0.1124935455169139,24.718843106334734,21.702856287865842,26.167729649768994,20.530497422674628,-3.0159868184688925,-5.6372322270943656,-2.621245408625473,,TRUE
3193,TRUE,FALSE,-0.14630755526664674,27.767523236425788,24.486579882129238,31.1974784083282,23.766756408990084,-3.28094335429655,-7.430721999338118,-4.149778645041568,,TRUE
3194,TRUE,FALSE,7.251372514075375e-4,31.69308155038326,26.544271293935104,28.718307866349136,24.070222746957963,-5.148810256448154,-4.6480851193911725,0.5007251370569819,,TRUE
3195,TRUE,FALSE,0.029772865065672664,29.36489709356954,23.76979646343648,27.853870224435504,23.22804819926834,-5.595100630133057,-4.625822025167164,0.9692786049658935,,TRUE
3196,TRUE,FALSE,0.041021236604627274,27.44349023644322,22.27576806627426,29.16565911312634,24.664961157646356,-5.167722170168961,-4.500697955479982,0.6670242146889791,,TRUE
3197,TRUE,FALSE,0.10466233719096756,28.51375602841462,22.416640954793063,29.22574782354515,25.51150117702667,-6.097115073621556,-3.714246646518479,2.3828684271030767,,TRUE
3198,TRUE,FALSE,-0.04344949085904079,30.652488627143086,25.655702233043254,25.72990715557881,20.61989794196075,-4.996786394099832,-5.11000921361806,-0.11322281951822788,,TRUE
3199,TRUE,FALSE,0.0242694045490884,31.202956989917997,26.021848795605596,29.894962372309394,25.543504210894916,-5.181108194312401,-4.351458161414477,0.8296500328979235,,TRUE
3200,TRUE,FALSE,-0.07925298199124724,30.10921354545153,27.509136331756952,27.35162222924687,23.08561775853551,-2.600077213694579,-4.266004470711362,-1.665927257016783,,TRUE
3201,TRUE,FALSE,0.08250912901620787,28.329421112478425,21.23704134454239,28.6711101008944,23.341785849537303,-7.092379767936034,-5.329324251357097,1.7630555165789374,,TRUE
3202,TRUE,FALSE,-0.026846876970377603,30.726827640742545,25.385000428408258,28.91041173653932,23.251676773614705,-5.341827212334287,-5.6587349629246155,-0.31690775059032816,,TRUE
3203,TRUE,FALSE,-0.051823017325326515,30.64805485959487,25.520270361483693,27.240454622434815,21.537250308933572,-5.1277844981111755,-5.703204313501242,-0.5754198153900667,,TRUE
3204,TRUE,FALSE,-0.0422427965995517,31.120570578598265,25.236297959321583,30.09235077837482,23.393133410848847,-5.8842726192766825,-6.699217367525971,-0.8149447482492889,,TRUE
3205,TRUE,FALSE,0.092086372560486,31.946127263236885,23.262323151507275,30.609851542434274,24.43929613360571,-8.68380411172961,-6.170555408828566,2.513248702901045,,TRUE
3206,TRUE,FALSE,-0.03413143855421793,30.745301945562883,25.354158305003292,28.858152226803327,22.999365746266307,-5.391143640559591,-5.85878648053702,-0.4676428399774295,,TRUE
3207,TRUE,FALSE,-0.12764332854972224,27.831376029983268,25.166049671762565,31.675305614063454,25.209625315001805,-2.665326358220703,-6.465680299061649,-3.800353940840946,,TRUE
3208,TRUE,FALSE,-0.02422112125889455,30.070783140622076,23.693295153989563,29.731639021463135,22.86548817258777,-6.377487986632513,-6.866150848875364,-0.48866286224285105,,TRUE
3209,TRUE,FALSE,-0.1755535301873716,33.32079273844329,29.973116920590503,28.69069852530364,21.65288529278048,-3.3476758178527852,-7.037813232523163,-3.690137414670378,,TRUE
3210,TRUE,FALSE,-0.00443140644341326,28.797637061372008,23.30599267182187,26.832806357478493,21.619831893900315,-5.491644389550139,-5.212974463578178,0.27866992597196116,,TRUE
3211,TRUE,FALSE,-0.14552432970216336,29.004975437474446,25.684473344542027,29.318989893189556,22.44640286983023,-3.3205020929324185,-6.872587023359326,-3.5520849304269078,,TRUE
3212,TRUE,FALSE,-0.07506669688058912,26.26527622157523,22.548821042323983,30.671480397186706,24.427304908019146,-3.7164551792512484,-6.24417548916756,-2.5277203099163117,,TRUE
3213,TRUE,FALSE,0.031286277363415334,26.693164929481703,22.055958419371162,28.24909545966989,24.08340384940354,-4.637206510110541,-4.16569161026635,0.47151489984419115,,TRUE
3214,TRUE,FALSE,-0.21223259345683107,24.422098378951517,24.43207909930922,30.735379358970274,24.86821325948374,0.009980720357702921,-5.867166099486536,-5.8771468198442385,,TRUE
3215,TRUE,FALSE,0.002178141081478128,34.6403649431332,26.65381320173228,27.695297479804296,21.356440986162735,-7.98655174140092,-6.338856493641561,1.6476952477593585,,TRUE
3216,TRUE,FALSE,-0.16399055833754486,34.323126673390504,31.178505637682054,32.89847634853082,25.36436784286546,-3.1446210357084503,-7.534108505665362,-4.3894874699569115,,TRUE
3217,TRUE,FALSE,-0.05630270669291579,26.147344123729535,23.3144789179815,30.357989795625766,25.58698924140173,-2.8328652057480355,-4.771000554224035,-1.938135348475999,,TRUE
3218,TRUE,FALSE,-0.09695313948195956,27.619387708485178,25.31558327178931,25.274820607895787,21.0259564137345,-2.3038044366958665,-4.2488641941612855,-1.945059757465419,,TRUE
3219,TRUE,FALSE,-0.2563858290570753,26.73654236201949,25.539079444611172,29.81972661968958,22.042289569590295,-1.1974629174083198,-7.777437050099284,-6.579974132690964,,TRUE
3220,TRUE,FALSE,-0.16098954857341,25.74485623541667,23.55882295585505,29.19073057480363,22.74003921999096,-2.18603327956162,-6.4506913548126725,-4.264658075251052,,TRUE
3221,TRUE,FALSE,-0.06272844027600329,28.965776755474568,22.991358679887355,30.419790484513985,22.677389563915685,-5.974418075587213,-7.7424009205983,-1.7679828450110868,,TRUE
3222,TRUE,FALSE,0.053936632853549084,27.71690233169191,22.393822579766585,26.15722896532826,22.304868008474838,-5.323079751925324,-3.852360956853424,1.4707187950718996,,TRUE
3223,TRUE,FALSE,-0.17254413429138907,24.521122203810485,21.166034299157033,32.3361732995968,23.488366357393613,-3.355087904653452,-8.847806942203189,-5.492719037549737,,TRUE
3224,TRUE,FALSE,-0.020006816031945217,29.6612832213906,25.408280747741923,28.489372019831706,23.921002160417686,-4.253002473648678,-4.56836985941402,-0.3153673857653416,,TRUE
3225,TRUE,FALSE,-0.11898113845084449,35.6658680404052,32.52308878736294,29.942391072292573,24.241116167709098,-3.1427792530422636,-5.7012749045834745,-2.558495651541211,,TRUE
3226,TRUE,FALSE,-0.08290930351363698,27.592937746293998,23.638305695809834,30.823307173728278,24.304717915070935,-3.9546320504841646,-6.518589258657343,-2.5639572081731785,,TRUE
3227,TRUE,FALSE,0.0022428258123852163,29.80652974172631,23.32824527235707,28.515767345260464,22.36813456020126,-6.4782844693692425,-6.147632785059205,0.33065168431003755,,TRUE
3228,TRUE,FALSE,-0.07018829596229584,24.34226773778323,21.314710396591696,28.12255577374738,22.955713639671487,-3.0275573411915353,-5.1668421340758925,-2.1392847928843572,,TRUE
3229,TRUE,FALSE,-0.012683452989197352,27.077234457476408,21.652512866503475,34.30634380814,27.087572199747434,-5.424721590972933,-7.218771608392565,-1.7940500174196323,,TRUE
3230,TRUE,FALSE,-0.09793160552344535,26.1015414067304,22.48206159213783,30.78040351957792,24.038819214830262,-3.619479814592573,-6.741584304747658,-3.1221044901550847,,TRUE
3231,TRUE,FALSE,0.025842600608124277,29.525315336536192,22.553841031857747,31.40571261417111,24.618292162634148,-6.971474304678445,-6.787420451536963,0.18405385314148148,,TRUE
3232,TRUE,FALSE,-0.020470656747783714,22.175239183027077,18.18421851924137,30.307113291556227,24.348970749303128,-3.991020663785708,-5.9581425422531,-1.9671218784673918,,TRUE
3233,TRUE,FALSE,-0.1292654950453204,26.06500393147861,22.34868242026405,30.167725588968292,22.72989382985771,-3.7163215112145593,-7.437831759110583,-3.721510247896024,,TRUE
3234,TRUE,FALSE,-0.12001272347584947,29.284070352478597,25.134258913117435,29.71493899865241,22.619792802195697,-4.149811439361162,-7.095146196456714,-2.9453347570955515,,TRUE
3235,TRUE,FALSE,0.006000491677099722,27.782423760661516,22.523608276951983,30.517118158284642,24.88956658211311,-5.258815483709533,-5.627551576171534,-0.3687360924620009,,TRUE
3236,TRUE,FALSE,-0.161582411742329,25.357455359556706,22.225431858697316,31.208412796412247,23.272437402394672,-3.1320235008593897,-7.935975394017575,-4.803951893158185,,TRUE
3237,TRUE,FALSE,-0.03296058192082607,32.51535977829805,28.09077710409231,26.210612066531255,21.90976673014662,-4.4245826742057375,-4.300845336384633,0.12373733782110463,,TRUE
3238,TRUE,FALSE,-0.1898709164438867,25.302538728101787,24.002364509429178,28.76682039256204,22.569497982453836,-1.300174218672609,-6.197322410108203,-4.897148191435594,,TRUE
3239,TRUE,FALSE,-0.033651360463412404,31.009239093253914,24.83698614733854,28.707949271821693,22.232861136666195,-6.172252945915375,-6.475088135155499,-0.302835189240124,,TRUE
3240,TRUE,FALSE,-0.13858959985919217,25.83706644836132,23.95479937107267,29.461863727363042,23.780492988742495,-1.882267077288649,-5.681370738620547,-3.7991036613318983,,TRUE
3241,TRUE,FALSE,-0.05080003890843358,29.084882064309213,24.922696762408403,27.72450008517948,22.580277433446792,-4.162185301900809,-5.144222651732687,-0.9820373498318773,,TRUE
3242,TRUE,FALSE,-0.04514313379379216,35.019162143292135,27.759101278843193,28.61992757368452,21.68516678817742,-7.260060864448942,-6.934760785507102,0.3253000789418401,,TRUE
3243,TRUE,FALSE,0.06851518990576265,33.279928994896416,25.061682534938296,28.25175505012392,22.783950811633012,-8.21824645995812,-5.467804238490906,2.750442221467214,,TRUE
3244,TRUE,FALSE,-0.0012894176548921077,27.2032217599548,22.120259874673835,30.43831649919967,24.718978771586862,-5.082961885280966,-5.719337727612807,-0.6363758423318409,,TRUE
3245,TRUE,FALSE,-0.04971680324449138,28.5604866819828,23.168499568825666,30.390377428577796,23.457226739638955,-5.391987113157132,-6.9331506889388415,-1.5411635757817095,,TRUE
3246,TRUE,FALSE,0.11325394902428607,31.341182665291882,23.361984572231638,28.177810775151606,23.5226997756737,-7.979198093060244,-4.655110999477905,3.324087093582339,,TRUE
3247,TRUE,FALSE,-0.0467196965207358,25.35773023234857,21.236198223994222,28.444675359680563,22.734073948591597,-4.121532008354347,-5.710601411088966,-1.5890694027346193,,TRUE
3248,TRUE,FALSE,-0.042567197480075626,28.7880178822147,22.741510998257027,32.21186661967733,24.385785321654126,-6.046506883957672,-7.826081298023205,-1.7795744140655323,,TRUE
3249,TRUE,FALSE,-0.08231253221140453,30.517823825491284,26.194691551169434,28.721985353204353,22.705250890904075,-4.32313227432185,-6.016734462300278,-1.6936021879784278,,TRUE
3250,TRUE,FALSE,-0.11513707969479793,26.524219442891862,22.715518079237974,32.021811003255586,24.44120004285229,-3.8087013636538884,-7.580610960403295,-3.7719095967494063,,TRUE
3251,TRUE,FALSE,-0.09730932048586505,24.247257435918083,21.905116780578663,28.73675965792279,23.55373823506035,-2.3421406553394206,-5.1830214228624385,-2.840880767523018,,TRUE
3252,TRUE,FALSE,0.13977629703556482,29.050977462926557,21.107614148897753,27.032728172105248,22.58771758114794,-7.9433633140288045,-4.44501059095731,3.498352723071495,,TRUE
3253,TRUE,FALSE,-0.040534945116992994,37.469042429605814,31.021435703587354,27.223946802381075,21.643938125103794,-6.44760672601846,-5.580008677277281,0.8675980487411792,,TRUE
3254,TRUE,FALSE,-0.12567157122918432,27.72085350001711,23.882614939323293,29.498727112059754,22.413004857785964,-3.838238560693817,-7.08572225427379,-3.247483693579973,,TRUE
3255,TRUE,FALSE,-0.07771524046829854,24.610519214608054,20.68211048772355,30.89706354147067,24.023704850021495,-3.9284087268845056,-6.873358691449173,-2.9449499645646675,,TRUE
3256,TRUE,FALSE,-0.051956250659961435,30.97416608257749,25.43246085691393,27.660406114923305,21.561700105946944,-5.541705225663559,-6.098706008976361,-0.5570007833128017,,TRUE
3257,TRUE,FALSE,0.023533904533591832,30.320363304656258,22.106807693688328,27.83260717034722,20.776202396930753,-8.21355561096793,-7.056404773416467,1.1571508375514625,,TRUE
3258,TRUE,FALSE,-0.17155240171993974,25.03700910107466,22.646409658999694,28.341461895673405,21.594089577022437,-2.390599442074965,-6.747372318650967,-4.356772876576002,,TRUE
3259,TRUE,FALSE,-0.062460476863974386,32.45470950032489,27.725589873100805,29.031070249437477,23.299139132200207,-4.729119627224083,-5.73193111723727,-1.0028114900131868,,TRUE
3260,TRUE,FALSE,-0.1449640531612651,26.045955916206278,24.39172163363998,28.035191689173445,22.711645221550608,-1.6542342825663,-5.323546467622837,-3.669312185056537,,TRUE
3261,TRUE,FALSE,-0.017192409081784123,30.561400286525668,24.921792000928882,28.72078291109824,23.02161166150955,-5.639608285596786,-5.699171249588691,-0.05956296399190464,,TRUE
3262,TRUE,FALSE,-0.14574076162988206,26.030875757913236,22.603245272107255,29.538268001139674,22.170354440501363,-3.427630485805981,-7.367913560638311,-3.9402830748323296,,TRUE
3263,TRUE,FALSE,-0.06792120092635856,31.971152023220206,26.149809103134412,29.36086207897469,22.437849847907223,-5.821342920085794,-6.923012231067467,-1.1016693109816735,,TRUE
3264,TRUE,FALSE,0.007089838140202007,33.36401908330569,26.82747278584536,29.273966035674718,23.706205469712735,-6.536546297460333,-5.567760565961983,0.9687857314983503,,TRUE
3265,TRUE,FALSE,-0.026102551214582558,29.56418838794457,25.072380551757984,27.455990756799046,22.684569194733847,-4.4918078361865845,-4.7714215620652,-0.2796137258786153,,TRUE
3266,TRUE,FALSE,-0.12020069634962394,25.322549638502235,23.7673563133936,28.676197450527198,23.86670740188285,-1.555193325108636,-4.809490048644349,-3.254296723535713,,TRUE
3267,TRUE,FALSE,-0.02322700538613154,25.314197661230754,20.178412739114126,28.74642104939836,22.38820404088771,-5.135784922116628,-6.35821700851065,-1.2224320863940221,,TRUE
3268,TRUE,FALSE,0.06396654683980843,34.532581796786815,26.789080301538135,32.479988266705284,26.861170706874134,-7.74350149524868,-5.61881755983115,2.1246839354175293,,TRUE
3269,TRUE,FALSE,-0.13598896230515647,22.892199072914828,21.46104272346853,27.33830172908955,22.370494367839104,-1.4311563494462973,-4.967807361250447,-3.5366510118041496,,TRUE
3270,TRUE,FALSE,-0.12150555717955576,29.729677971650606,26.748906550016876,31.111775677020425,24.789709316886825,-2.9807714216337295,-6.322066360133601,-3.341294938499871,,TRUE
3271,TRUE,FALSE,-0.042040540420861014,29.13225682122521,22.722350610073534,29.065170179469582,21.736720562144722,-6.409906211151675,-7.3284496173248606,-0.9185434061731854,,TRUE
3272,TRUE,FALSE,-0.03688207442651816,25.488059150179822,21.103572260035538,28.16597805255593,22.476379928189534,-4.384486890144284,-5.689598124366395,-1.3051112342221103,,TRUE
3273,TRUE,FALSE,0.08378461910064515,29.491230355137557,21.998541593491947,34.592172488633736,28.058602342270007,-7.49268876164561,-6.533570146363729,0.9591186152818807,,TRUE
3274,TRUE,FALSE,-0.12173435366413159,25.40372513975041,23.210212827152393,28.937473060251573,23.408509609423533,-2.193512312598017,-5.528963450828041,-3.335451138230024,,TRUE
3275,TRUE,FALSE,-0.0942274705600117,25.158231551133326,21.902498042087597,26.742517490639404,21.188165582954362,-3.2557335090457293,-5.554351907685042,-2.298618398639313,,TRUE
3276,TRUE,FALSE,0.05914892017002292,24.906462317164436,20.36193579827178,26.49178596436141,22.977686814945102,-4.544526518892656,-3.5140991494163067,1.0304273694763495,,TRUE
3277,TRUE,FALSE,-0.13285493473462628,24.71333163410922,23.492321008742557,27.473654003014456,22.867194670457195,-1.221010625366663,-4.606459332557261,-3.385448707190598,,TRUE
3278,TRUE,FALSE,-0.08182895203938764,30.01054746393482,25.534498449801337,29.96777258373113,23.494706048134827,-4.476049014133483,-6.473066535596303,-1.9970175214628192,,TRUE
3279,TRUE,FALSE,-0.004676734074775665,30.875359488734734,25.483150921221586,28.2622998564654,23.217610622115295,-5.392208567513148,-5.0446892343501055,0.3475193331630422,,TRUE
3280,TRUE,FALSE,-0.03737405663849859,29.04261950370464,24.864579997848335,29.69228973461855,24.488246362020913,-4.1780395058563045,-5.2040433725976385,-1.026003866741334,,TRUE
3281,TRUE,FALSE,0.1429182083451825,38.39131608006997,28.007214063625437,27.585577476609043,23.216009866809266,-10.384102016444533,-4.369567609799777,6.014534406644756,,TRUE
3282,TRUE,FALSE,-0.10243090624656034,27.868099070017035,25.389851167393388,28.615050873322073,23.532179600916727,-2.4782479026236466,-5.082871272405345,-2.6046233697816987,,TRUE
3283,TRUE,FALSE,0.006621687011928458,29.200304297550094,24.24903394882012,30.563799224855433,25.549956467371793,-4.951270348729974,-5.013842757483641,-0.06257240875366676,,TRUE
3284,TRUE,FALSE,0.043966711592662834,41.343023834762604,32.0218754333204,25.852131828802634,20.92355081470899,-9.321148401442201,-4.928581014093645,4.3925673873485565,,TRUE
3285,TRUE,FALSE,0.05622707197130693,25.60114363984203,19.815722838374402,25.589741326256654,20.9524858386303,-5.785420801467627,-4.637255487626355,1.1481653138412717,,TRUE
3286,TRUE,FALSE,-0.19479293823923718,30.401441338828718,29.17967326562928,27.45666342513453,21.688849359250078,-1.2217680731994385,-5.767814065884451,-4.546045992685013,,TRUE
3287,TRUE,FALSE,-0.14606248638989153,26.990826766957326,24.622335199470985,30.58414658440156,24.10878290231641,-2.368491567486341,-6.475363682085149,-4.106872114598808,,TRUE
3288,TRUE,FALSE,0.11437612004353259,29.77897490464479,21.848045799247018,28.98283603977936,23.840570926325725,-7.930929105397773,-5.142265113453636,2.788663991944137,,TRUE
3289,TRUE,FALSE,-0.03137083895699584,27.08195360074448,23.45567817672194,28.901144024229236,24.258215876459186,-3.626275424022541,-4.64292814777005,-1.0166527237475087,,TRUE
3290,TRUE,FALSE,-0.12551738597137735,25.14525138923936,21.67286837860125,29.488074377559204,22.417920093981728,-3.472383010638108,-7.070154283577477,-3.5977712729393687,,TRUE
3291,TRUE,FALSE,0.06782556645316531,36.85469439584581,27.630507537029494,29.657229352155092,23.79484571121236,-9.224186858816317,-5.862383640942731,3.361803217873586,,TRUE
3292,TRUE,FALSE,-0.10431248069753768,24.274144267426927,20.426999117440563,30.803699667763997,23.353995224216465,-3.847145149986364,-7.449704443547532,-3.6025592935611677,,TRUE
3293,TRUE,FALSE,-0.06886206300586754,29.815523402138396,25.258787443576924,28.855640211165642,22.818881915623155,-4.556735958561472,-6.036758295542487,-1.4800223369810155,,TRUE
3294,TRUE,FALSE,-0.07383956915401836,31.792901693222863,27.099500886640662,29.842871308598447,23.62672974938019,-4.693400806582201,-6.216141559218258,-1.5227407526360572,,TRUE
3295,TRUE,FALSE,-0.05074534450519524,27.523072863621486,23.58492180200109,30.070952772116875,24.493242719963444,-3.9381510616203954,-5.5777100521534315,-1.639558990533036,,TRUE
3296,TRUE,FALSE,0.017639506605857846,29.613066779873517,23.835086797568575,31.113029388318836,25.488037144821636,-5.777979982304942,-5.6249922434972,0.15298773880774164,,TRUE
3297,TRUE,FALSE,-0.049260791163253215,33.00931086301929,27.84873593282966,28.712703136412532,23.059475269415106,-5.160574930189629,-5.653227866997426,-0.4926529368077972,,TRUE
3298,TRUE,FALSE,-0.07942504852831618,29.65966892725893,24.911469458114727,29.821190004668345,23.13471515795166,-4.748199469144204,-6.686474846716685,-1.9382753775724808,,TRUE
3299,TRUE,FALSE,-0.1592367441291826,27.71827986628494,26.29006234786357,30.98112602795708,25.059182541965466,-1.42821751842137,-5.921943485991616,-4.493725967570246,,TRUE
3300,TRUE,FALSE,0.023975589590283133,28.59355295352829,23.22968205642782,26.784265156038224,22.287807328130476,-5.3638708971004725,-4.496457827907747,0.8674130691927253,,TRUE
3301,TRUE,FALSE,-0.017321244492782214,29.41836827037727,25.2373123931103,29.18200830814495,24.604649290945552,-4.181055877266971,-4.577359017199399,-0.39630313993242794,,TRUE
3302,TRUE,FALSE,0.07795561637955412,28.86907536121,22.05445462203042,25.677040263150012,21.206261114805006,-6.814620739179581,-4.470779148345006,2.3438415908345753,,TRUE
3303,TRUE,FALSE,-0.05699882875832961,25.50708263432253,21.178905404500554,25.60580708646239,20.082922570509226,-4.328177229821975,-5.522884515953166,-1.194707286131191,,TRUE
3304,TRUE,FALSE,-0.0531168715991765,30.64385115257123,25.25851872691826,29.058018358150576,22.712354774879657,-5.385332425652969,-6.34566358327092,-0.9603311576179507,,TRUE
3305,TRUE,FALSE,-0.09836321741053561,27.119128256426134,22.518138420222286,29.81894407210251,22.4403908728266,-4.600989836203848,-7.37855319927591,-2.777563363072062,,TRUE
3306,TRUE,FALSE,-0.04629348595501606,25.891204764325337,22.035860213513857,31.372624231208686,25.493155294512107,-3.8553445508114805,-5.879468936696579,-2.0241243858850986,,TRUE
3307,TRUE,FALSE,0.05435392000362534,30.201786266958816,24.04678696362215,25.98612753714733,21.845983393654638,-6.154999303336666,-4.140144143492691,2.0148551598439752,,TRUE
3308,TRUE,FALSE,0.0021500431716740876,27.63306060701911,21.723510717126786,28.73419699334231,22.637780244024178,-5.909549889892325,-6.096416749318131,-0.1868668594258054,,TRUE
3309,TRUE,FALSE,-0.10645416668032831,30.43002480638037,24.748849304462897,30.838289452792743,22.548129902208228,-5.681175501917473,-8.290159550584516,-2.6089840486670433,,TRUE
3310,TRUE,FALSE,-0.05614253837654963,26.47945655135452,23.886432505846326,28.67488035482171,24.454649574039372,-2.5930240455081943,-4.220230780782337,-1.627206735274143,,TRUE
3311,TRUE,FALSE,-0.07871180585389041,30.03447442736918,26.399651085910826,28.3588197426999,23.03998539934838,-3.634823341458354,-5.318834343351519,-1.6840110018931647,,TRUE
3312,TRUE,FALSE,-0.15120454685073031,27.536721620042876,26.240437880564503,30.232242258199552,24.766344090924747,-1.2962837394783726,-5.465898167274805,-4.169614427796432,,TRUE
3313,TRUE,FALSE,-0.11144400069565069,29.3486229528846,25.29574816877719,32.70822052240804,25.21838105902122,-4.052874784107409,-7.489839463386822,-3.436964679279413,,TRUE
3314,TRUE,FALSE,-0.037364034861367926,25.68250393684383,21.09151096761708,26.81601090088482,21.21473001139464,-4.59099296922675,-5.60128088949018,-1.0102879202634298,,TRUE
3315,TRUE,FALSE,-0.15634078271657975,26.07169470168573,23.56470649148081,30.093874941625685,23.26338700266211,-2.50698821020492,-6.830487938963575,-4.323499728758655,,TRUE
3316,TRUE,FALSE,-0.15693968640146597,29.49145813356572,27.87546335373538,29.54948755185851,23.873591769361184,-1.6159947798303413,-5.675895782497324,-4.059901002666983,,TRUE
3317,TRUE,FALSE,-0.12903932599985843,28.858706562343976,26.51071139298727,29.495229013868038,23.815254388933173,-2.347995169356704,-5.679974624934864,-3.3319794555781606,,TRUE
3318,TRUE,FALSE,-0.002595664949046862,27.372080702635206,22.022992959554045,29.362147930865472,23.562917766392214,-5.34908774308116,-5.799230164473258,-0.4501424213920977,,TRUE
3319,TRUE,FALSE,-0.07257273008106398,27.354063784748142,24.322853126481657,30.032072398809117,24.8347634704539,-3.0312106582664846,-5.197308928355216,-2.1660982700887317,,TRUE
3320,TRUE,FALSE,-0.08757279352572449,28.136679433614717,24.61343801404613,29.24326338368993,23.43650743533845,-3.523241419568585,-5.80675594835148,-2.283514528782895,,TRUE
3321,TRUE,FALSE,-0.05862854511952323,34.97661367408607,29.11168837003878,30.065123965683735,23.598835814857694,-5.864925304047286,-6.466288150826042,-0.6013628467787555,,TRUE
3322,TRUE,FALSE,0.06379533817170838,25.428024377996046,19.415810317235426,31.38071854596835,25.539462235822604,-6.01221406076062,-5.841256310145745,0.17095775061487473,,TRUE
3323,TRUE,FALSE,-0.04233105644013403,29.647201073917746,24.043931114125716,30.42374343393001,23.651042142362474,-5.60326995979203,-6.772701291567536,-1.169431331775506,,TRUE
3324,TRUE,FALSE,-0.12224366667323122,27.249987323944055,24.587628103658123,30.07087820427748,24.01080345718548,-2.662359220285932,-6.060074747091999,-3.397715526806067,,TRUE
3325,TRUE,FALSE,-0.07914296470323663,26.5494698452805,22.955447348196042,30.9208647885714,24.70075261575382,-3.594022497084456,-6.220112172817579,-2.626089675733123,,TRUE
3326,TRUE,FALSE,-0.08308474583552863,29.941469784696853,26.307263135086284,27.146327921975722,21.949791420697476,-3.6342066496105687,-5.196536501278246,-1.562329851667677,,TRUE
3327,TRUE,FALSE,-0.036517445429329894,29.540792710038602,24.95235875479856,30.329500896453755,24.699911619769573,-4.588433955240042,-5.629589276684182,-1.0411553214441405,,TRUE
3328,TRUE,FALSE,0.06582862486441454,33.33566184394165,25.754361634125814,32.3384431024568,26.683931899315567,-7.581300209815836,-5.654511203141233,1.9267890066746034,,TRUE
3329,TRUE,FALSE,-0.016912392095734783,29.59466591856244,23.98961348084459,27.618011080071557,22.011885744077773,-5.605052437717852,-5.606125335993784,-0.0010728982759324879,,TRUE
3330,TRUE,FALSE,-0.11984977369937998,25.639920576483735,23.500996378727258,29.24370105762331,23.776714354337475,-2.1389241977564772,-5.4669867032858335,-3.3280625055293562,,TRUE
3331,TRUE,FALSE,-0.11413563821146785,29.554860638849348,25.074720595455954,28.137807579073346,21.297516535300133,-4.480140043393394,-6.840291043773213,-2.360151000379819,,TRUE
3332,TRUE,FALSE,-0.14612303192243253,25.041369304438074,21.790482030277964,30.598591136897486,23.0064583794587,-3.2508872741601103,-7.592132757438787,-4.341245483278676,,TRUE
3333,TRUE,FALSE,-0.1026399530941945,26.405885628260933,22.514265867841704,27.61071360071335,21.245097000120417,-3.8916197604192284,-6.365616600592933,-2.4739968401737045,,TRUE
3334,TRUE,FALSE,-0.04654616687440652,29.638702865385785,25.174600258547677,29.227510972402445,23.696296708680055,-4.464102606838107,-5.53121426372239,-1.0671116568842827,,TRUE
3335,TRUE,FALSE,0.005135882625025176,25.256319627265245,21.156999755275113,28.54848721878515,24.03795962748996,-4.099319871990133,-4.51052759129519,-0.4112077193050574,,TRUE
3336,TRUE,FALSE,0.14779195435763054,23.792257495489626,17.216138000238086,28.714258186671778,24.08701122796803,-6.57611949525154,-4.627246958703747,1.9488725365477926,,TRUE
3337,TRUE,FALSE,0.003357955734847559,25.847180587899107,20.984974661900818,29.384847606033492,23.937404375562377,-4.862205925998289,-5.447443230471116,-0.5852373044728267,,TRUE
3338,TRUE,FALSE,0.017787653340082345,30.609551450480634,24.400095308288527,29.565570206792028,23.990864407287702,-6.209456142192106,-5.574705799504326,0.6347503426877807,,TRUE
3339,TRUE,FALSE,-0.0922241628028396,27.798852940383885,23.408836772730517,32.65318183852942,25.074138425075116,-4.390016167653368,-7.579043413454304,-3.1890272458009363,,TRUE
3340,TRUE,FALSE,-0.07578950936755084,26.72798480958625,22.207899541842846,31.372440156006355,24.164321332768072,-4.520085267743404,-7.208118823238284,-2.6880335554948793,,TRUE
3341,TRUE,FALSE,-0.19772681010723708,25.75759002163779,23.774124218265182,30.517994214039117,23.11445324515702,-1.9834658033726065,-7.403540968882098,-5.420075165509491,,TRUE
3342,TRUE,FALSE,-0.12588564685852713,24.29458588232985,21.980946006200327,28.32400421987231,22.59540278625115,-2.3136398761295247,-5.7286014336211615,-3.4149615574916368,,TRUE
3343,TRUE,FALSE,-0.1498043357107489,28.804315402198462,27.26965460477291,29.47513603919817,24.022527618451996,-1.534660797425552,-5.452608420746174,-3.9179476233206216,,TRUE
3344,TRUE,FALSE,0.049390857157016715,30.057326632098764,23.744808741776257,29.033455579683924,24.097235978005422,-6.312517890322507,-4.936219601678502,1.376298288644005,,TRUE
3345,TRUE,FALSE,-0.09726596887215719,25.7655981835729,21.810556945947845,31.38729386844877,24.106731238805256,-3.955041237625057,-7.280562629643512,-3.325521392018455,,TRUE
3346,TRUE,FALSE,0.03715357780670592,28.13187822230279,21.384230165341307,28.570685207453383,22.539856221990778,-6.747648056961484,-6.030828985462605,0.7168190714988789,,TRUE
3347,TRUE,FALSE,-0.04543814842785972,29.059190796421312,23.78287620909507,28.667389962294965,22.419993169806478,-5.276314587326244,-6.2473967924884874,-0.9710822051622436,,TRUE
3348,TRUE,FALSE,-0.15013684932376897,26.544325360575783,23.10636065730644,29.838556563761177,22.352909561074853,-3.437964703269344,-7.485647002686324,-4.04768229941698,,TRUE
3349,TRUE,FALSE,-0.13399379256549654,28.45511402028439,26.5473362457379,28.802144559116293,23.50134302468747,-1.9077777745464921,-5.300801534428825,-3.3930237598823325,,TRUE
3350,TRUE,FALSE,-0.03317538668054286,27.141707805633267,23.473645628189907,28.745985147796738,24.049867201817822,-3.6680621774433604,-4.696117945978916,-1.0280557685355554,,TRUE
3351,TRUE,FALSE,-0.0356222655687839,24.8525537972671,19.734259490214715,26.445887422695037,20.264570499714896,-5.118294307052384,-6.181316922980141,-1.063022615927757,,TRUE
3352,TRUE,FALSE,0.04656951776741813,32.72417771782665,25.935373445047603,29.500613896166687,24.495127334352564,-6.788804272779046,-5.0054865618141235,1.7833177109649228,,TRUE
3353,TRUE,FALSE,-0.23351511358688615,32.41613973661727,30.82449255676394,31.383898371646104,23.62801313029005,-1.5916471798533287,-7.755885241356054,-6.164238061502726,,TRUE
3354,TRUE,FALSE,-0.001490920360769353,24.46902983646613,19.506105346123693,30.677469267251972,24.418885927699723,-4.962924490342438,-6.258583339552249,-1.2956588492098113,,TRUE
3355,TRUE,FALSE,0.1221962323205937,30.85870746594079,21.758589160825256,29.15841389814797,23.231970438232107,-9.100118305115533,-5.926443459915863,3.1736748451996704,,TRUE
3356,TRUE,FALSE,-0.015554131689850693,26.017685857279776,20.222335456679684,27.927355467369715,21.37161707194744,-5.795350400600093,-6.555738395422274,-0.7603879948221817,,TRUE
3357,TRUE,FALSE,-0.1321775149617633,29.03882545727217,26.066533060384376,29.83173256500062,23.462740518054265,-2.972292396887795,-6.368992046946357,-3.3966996500585616,,TRUE
3358,TRUE,FALSE,0.03204545223033721,25.648504324184703,20.02172094786715,30.724560412295798,24.76522058355087,-5.6267833763175545,-5.959339828744927,-0.3325564524273723,,TRUE
3359,TRUE,FALSE,-0.11246577618752109,25.351506500171386,21.789204857718705,27.454815531475347,21.086906575663956,-3.562301642452681,-6.367908955811391,-2.80560731335871,,TRUE
3360,TRUE,FALSE,0.08680363245436454,25.179557138646775,19.44653734060077,27.95548840660762,23.548303102410685,-5.733019798046005,-4.407185304196936,1.3258344938490687,,TRUE
3361,TRUE,FALSE,-0.12351231696393197,27.43976735095857,25.013987106457634,30.816901777047665,24.82851546595128,-2.4257802445009347,-5.988386311096384,-3.5626060665954498,,TRUE
3362,TRUE,FALSE,-0.013327062460274902,31.908072563121955,26.418887193255557,30.065229348125992,24.563519928523217,-5.489185369866398,-5.501709419602776,-0.012524049736377663,,TRUE
3363,TRUE,FALSE,-0.014133940086994744,28.732414446910305,24.294348174489542,27.992382193944415,23.336444909810044,-4.4380662724207625,-4.655937284134371,-0.21787101171360845,,TRUE
3364,TRUE,FALSE,-0.03591121930478276,26.435388962747588,21.637455192326684,29.177814023096452,23.039719323343242,-4.797933770420904,-6.138094699753211,-1.3401609293323062,,TRUE
3365,TRUE,FALSE,0.03911643540056642,28.16852725173392,22.136463829340617,26.698277155284945,21.818022944421326,-6.032063422393303,-4.880254210863619,1.1518092115296845,,TRUE
3366,TRUE,FALSE,-0.0022515546762645203,26.440095082440212,21.298254785212926,30.387868024252324,24.423246867212494,-5.1418402972272865,-5.964621157039829,-0.8227808598125428,,TRUE
3367,TRUE,FALSE,0.07280768294060873,27.70970760838343,22.229815277055916,28.122605427679137,24.2649521489122,-5.4798923313275125,-3.8576532787669358,1.6222390525605768,,TRUE
3368,TRUE,FALSE,-0.006752215967157513,29.595122058217928,25.171363594957313,27.778485296420914,23.467278006541573,-4.423758463260615,-4.311207289879341,0.11255117338127363,,TRUE
3369,TRUE,FALSE,-0.008900132819945821,32.719019693562956,26.508165585399524,29.667701329566608,23.823085604258353,-6.210854108163431,-5.844615725308255,0.36623838285517607,,TRUE
3370,TRUE,FALSE,-0.0966412390867288,35.361420324535125,31.53524411689626,29.068387886575028,23.53513461000197,-3.8261762076388663,-5.53325327657306,-1.7070770689341934,,TRUE
3371,TRUE,FALSE,-0.06349695279547356,30.862805111177614,26.37926546597157,29.493994973864062,23.658354098510298,-4.483539645206044,-5.835640875353764,-1.3521012301477207,,TRUE
3372,TRUE,FALSE,-0.11735265947320533,30.789708643993063,27.40379743505544,29.14096941044853,23.064473851344406,-3.385911208937621,-6.076495559104124,-2.690584350166503,,TRUE
3373,TRUE,FALSE,-0.048769932765035225,24.056886252731736,21.203910044270117,31.87101145100375,26.754194008459514,-2.8529762084616195,-5.116817442544235,-2.2638412340826157,,TRUE
3374,TRUE,FALSE,-0.15831653779858362,39.55730418412599,36.21337404258067,30.164346176123896,23.571120116517896,-3.3439301415453215,-6.593226059606,-3.249295918060678,,TRUE
3375,TRUE,FALSE,-0.08180939660592942,27.635775503272693,22.88879365123767,27.400571887981148,20.91132277248282,-4.746981852035024,-6.489249115498328,-1.7422672634633045,,TRUE
3376,TRUE,FALSE,-0.0882572803426743,29.787675810888675,27.343185567635604,29.917317257119265,25.14232803117375,-2.444490243253071,-4.7749892259455144,-2.3304989826924434,,TRUE
3377,TRUE,FALSE,-0.20178784021535154,32.6073656958517,31.50610750161713,29.36940415883856,23.192033333838186,-1.1012581942345676,-6.177370825000374,-5.076112630765806,,TRUE
3378,TRUE,FALSE,-0.06985028367435005,33.378375074987254,27.855556597149505,30.538564649531796,23.76619621009337,-5.522818477837749,-6.772368439438427,-1.2495499616006782,,TRUE
3379,TRUE,FALSE,0.04390120955241245,21.542588698951725,17.042910307484792,31.042292259591274,25.660534901520563,-4.499678391466933,-5.381757358070711,-0.8820789666037783,,TRUE
3380,TRUE,FALSE,-0.15326340867970736,25.84901565734088,22.394508270258058,30.123834073301424,22.389598996390195,-3.4545073870828205,-7.734235076911229,-4.279727689828409,,TRUE
3381,TRUE,FALSE,-0.11393449329505276,25.077489540500736,22.18562876498434,30.510518255424458,24.085526630464926,-2.8918607755163954,-6.424991624959532,-3.533130849443136,,TRUE
3382,TRUE,FALSE,-0.15890391539352408,32.65540809253762,28.80774622579356,29.968685268034434,22.553334659539832,-3.8476618667440583,-7.415350608494602,-3.567688741750544,,TRUE
3383,TRUE,FALSE,0.0015026933164742945,24.897187411754746,20.806632289051553,28.651432095716643,23.980070158646285,-4.0905551227031935,-4.671361937070358,-0.5808068143671647,,TRUE
3384,TRUE,FALSE,-0.08782034359563266,28.463484538293123,23.856547190011764,29.978128892316885,23.013578440848285,-4.60693734828136,-6.9645504514686,-2.3576131031872407,,TRUE
3385,TRUE,FALSE,-0.04848699000061839,30.968397199897687,25.886379312459848,28.368034405850448,22.590414247022267,-5.082017887437839,-5.7776201588281815,-0.6956022713903423,,TRUE
3386,TRUE,FALSE,-0.0548569444691402,24.66431961568278,20.928290591442178,28.073599670184393,22.549590089043367,-3.736029024240601,-5.524009581141026,-1.7879805569004255,,TRUE
3387,TRUE,FALSE,-0.06982755248220372,29.700023235183107,24.694421027738905,27.518396674839938,21.33730009128198,-5.005602207444202,-6.181096583557959,-1.1754943761137575,,TRUE
3388,TRUE,FALSE,-0.0013793249783539906,25.221760143800665,19.579369693657288,28.642660520359346,22.2043281952451,-5.6423904501433775,-6.438332325114246,-0.7959418749708682,,TRUE
3389,TRUE,FALSE,-0.07820119477539267,35.159223482420174,29.67139476949943,28.0142631868174,21.863291440864945,-5.487828712920745,-6.150971745952454,-0.6631430330317087,,TRUE
3390,TRUE,FALSE,-0.15255263150212248,25.565744334641103,21.988004495210514,30.31541478870263,22.384022016439356,-3.5777398394305884,-7.931392772263273,-4.353652932832684,,TRUE
3391,TRUE,FALSE,-0.06853582657436016,23.53859296469078,19.77958547826787,28.085491858216464,22.037077019714417,-3.7590074864229095,-6.0484148385020475,-2.289407352079138,,TRUE
3392,TRUE,FALSE,-0.24576920474921507,26.844589683121896,25.932860468912278,32.24973045116458,24.365960328149878,-0.9117292142096183,-7.883770123014703,-6.972040908805084,,TRUE
3393,TRUE,FALSE,0.032824486952896706,29.11704567117258,23.05742272361078,30.42743165681828,24.899134048411636,-6.059622947561799,-5.528297608406643,0.5313253391551562,,TRUE
3394,TRUE,FALSE,-0.10232955237353901,28.582993963252687,24.81264833521632,29.253937296186216,22.9249590764548,-3.7703456280363667,-6.328978219731415,-2.558632591695048,,TRUE
3395,TRUE,FALSE,-0.10769121692925093,26.358054280064266,23.859585670577765,30.091112171372185,24.457839352931835,-2.498468609486501,-5.63327281844035,-3.134804208953849,,TRUE
3396,TRUE,FALSE,-0.010988200994950953,29.557804543727904,25.133789515655053,28.045028463465098,23.5868296699331,-4.424015028072851,-4.458198793531999,-0.03418376545914725,,TRUE
3397,TRUE,FALSE,-0.11225339927257683,31.55383529034525,25.995000222446734,35.3473850818107,26.028187740016143,-5.558835067898517,-9.319197341794556,-3.760362273896039,,TRUE
3398,TRUE,FALSE,-0.04242025449375105,27.267600869382335,22.357820538925647,28.773434568774046,22.612644753961995,-4.909780330456687,-6.160789814812052,-1.2510094843553645,,TRUE
3399,TRUE,FALSE,-0.00600387136617792,27.656067497739556,22.91378665036956,32.011947843399156,26.36398713363214,-4.742280847369997,-5.647960709767016,-0.9056798623970188,,TRUE
3400,TRUE,FALSE,-0.2938377092359109,23.265651176680052,24.3698551757691,26.626036874915137,20.788931551840463,1.104203999089048,-5.837105323074674,-6.941309322163722,,TRUE
3401,TRUE,FALSE,0.03411844511338404,32.24403360359439,24.792307255036476,31.180568535493858,24.80670388766381,-7.451726348557912,-6.373864647830047,1.0778617007278655,,TRUE
3402,TRUE,FALSE,-0.026806154958401645,24.78886160527253,20.060073418244976,28.195046744584968,22.212988363146675,-4.728788187027554,-5.982058381438293,-1.2532701944107387,,TRUE
3403,TRUE,FALSE,0.04736559955062688,24.052468607700412,18.405438465755072,27.76119758675974,22.27385187082728,-5.64703014194534,-5.4873457159324595,0.15968442601288046,,TRUE
3404,TRUE,FALSE,-0.15574108798845643,26.77649289910604,24.746625620926075,30.24355432129405,23.919804660566278,-2.029867278179964,-6.323749660727771,-4.293882382547807,,TRUE
3405,TRUE,FALSE,0.051678759341546476,29.08473790192601,22.833483458521457,26.675299210413826,22.052616100868644,-6.251254443404555,-4.622683109545182,1.628571333859373,,TRUE
3406,TRUE,FALSE,-0.030183521978832874,28.383664197058,24.545473089062767,30.23850352714823,25.372000104927384,-3.8381911079952324,-4.866503422220845,-1.0283123142256123,,TRUE
3407,TRUE,FALSE,-0.06853141962506393,34.12278995848304,26.926187943290874,30.682090627589464,22.607496431867308,-7.196602015192166,-8.074594195722156,-0.87799218052999,,TRUE
3408,TRUE,FALSE,-0.07248250010487459,29.523150152160994,24.826222032376407,24.805566870558522,19.400742267501123,-4.696928119784587,-5.404824603057399,-0.7078964832728118,,TRUE
3409,TRUE,FALSE,-0.12403451615900213,31.739009363489686,25.861855788701895,31.125645563612025,22.403567497302564,-5.8771535747877905,-8.72207806630946,-2.8449244915216703,,TRUE
3410,TRUE,FALSE,-0.17947270753583494,25.220632612555374,23.005020265054416,29.690258378367805,22.632712925085656,-2.215612347500958,-7.057545453282149,-4.841933105781191,,TRUE
3411,TRUE,FALSE,-0.048674658075536816,31.933814186034667,26.36557652068773,30.34625007628886,23.86450196157191,-5.568237665346938,-6.48174811471695,-0.9135104493700119,,TRUE
3412,TRUE,FALSE,0.015596470066263721,31.08505255691293,24.67583152035763,31.10086712370042,25.07645544511955,-6.4092210365553015,-6.024411678580872,0.3848093579744294,,TRUE
3413,TRUE,FALSE,-0.06531210329888339,27.618587237265263,23.82884783607119,27.927902728377862,22.572269226943444,-3.7897394011940726,-5.3556335014344185,-1.565894100240346,,TRUE
3414,TRUE,FALSE,-0.027052512618021524,24.734223944582592,20.6637781732709,29.301383979234394,23.82598253792647,-4.070445771311693,-5.475401441307923,-1.4049556699962302,,TRUE
3415,TRUE,FALSE,0.017217081654266227,30.748434032184715,24.282926868569163,28.026688379048753,22.517859107846892,-6.465507163615552,-5.508829271201861,0.9566778924136905,,TRUE
3416,TRUE,FALSE,-0.07890942585098178,31.31247924629841,26.170427624748324,30.66338598057769,23.68337247386702,-5.142051621550085,-6.9800135067106694,-1.8379618851605848,,TRUE
3417,TRUE,FALSE,-0.17697202491451292,28.08451354834247,25.21845692118906,30.78286371708985,23.158085291461816,-2.8660566271534123,-7.624778425628033,-4.758721798474621,,TRUE
3418,TRUE,FALSE,0.04418604016496472,31.690057824628084,25.30505144500023,28.59083216061494,23.86166489845651,-6.385006379627853,-4.72916726215843,1.655839117469423,,TRUE
3419,TRUE,FALSE,-0.1257892041018573,26.99968857689116,24.645946110365852,28.94520510799056,23.298813971156857,-2.3537424665253077,-5.646391136833703,-3.2926486703083953,,TRUE
3420,TRUE,FALSE,-0.007443445964471258,27.628999356278367,22.639440141963355,28.988859477489296,23.577568108676225,-4.989559214315012,-5.411291368813071,-0.42173215449805923,,TRUE
3421,TRUE,FALSE,0.027530502377405393,23.251487473785804,17.939277353961142,32.76372248140053,25.98386714358519,-5.3122101198246625,-6.779855337815338,-1.4676452179906754,,TRUE
3422,TRUE,FALSE,-0.10477192574241803,23.315740780959022,20.67830452944503,26.87808982305447,21.466549407792638,-2.637436251513993,-5.4115404152618325,-2.7741041637478396,,TRUE
3423,TRUE,FALSE,-0.11208591290300318,25.053805210943775,22.48971641295961,28.388471849449054,22.781064006639316,-2.564088797984166,-5.607407842809739,-3.043319044825573,,TRUE
3424,TRUE,FALSE,-0.06867293492569601,26.62649199076746,22.383082288163216,30.803641850331815,24.175959947058676,-4.243409702604243,-6.627681903273139,-2.384272200668896,,TRUE
3425,TRUE,FALSE,-0.11649252839342618,30.0732088737806,26.810089806557226,28.337353860868227,22.484629165283053,-3.263119067223375,-5.852724695585174,-2.5896056283617988,,TRUE
3426,TRUE,FALSE,-0.15149818761928094,27.038900093399757,23.80702034139355,29.87727256175268,22.607999977181237,-3.2318797520062077,-7.269272584571443,-4.037392832565235,,TRUE
3427,TRUE,FALSE,-0.008946586128717644,25.70310245804128,20.827296145668747,29.456140200547225,23.655804926428395,-4.875806312372532,-5.800335274118829,-0.9245289617462973,,TRUE
3428,TRUE,FALSE,-0.15552400300011418,26.596191027970587,22.97152845646626,29.269892669623093,21.639556852471436,-3.6246625715043272,-7.630335817151657,-4.00567324564733,,TRUE
3429,TRUE,FALSE,0.0071054281431280316,29.733923318093403,23.495081543015452,28.991681105613452,23.07193326187175,-6.238841775077951,-5.919747843741703,0.31909393133624775,,TRUE
3430,TRUE,FALSE,-0.05388964391704474,26.362530176113545,21.679329858957015,30.041878882875917,23.40894705636768,-4.68320031715653,-6.632931826508237,-1.9497315093517074,,TRUE
3431,TRUE,FALSE,-0.10264484041789874,21.246596506889926,18.919806425103243,28.237512833926356,22.692151369536663,-2.326790081786683,-5.545361464389693,-3.2185713826030096,,TRUE
3432,TRUE,FALSE,0.018053645862995984,30.7337749099885,24.002017113048385,29.969506857069682,23.83153576886443,-6.731757796940116,-6.137971088205251,0.5937867087348643,,TRUE
3433,TRUE,FALSE,-0.14594188972790859,28.643968132469162,27.343444416735757,29.640425229864288,24.45246870506949,-1.300523715733405,-5.187956524794799,-3.8874328090613943,,TRUE
3434,TRUE,FALSE,-0.052448584229510306,28.840721095647858,23.302238512981354,30.02060896565377,23.01616145566853,-5.538482582666504,-7.004447509985241,-1.465964927318737,,TRUE
3435,TRUE,FALSE,-0.04401500391025836,24.526765904454276,20.74288017638882,30.42520110639753,24.623328374775408,-3.7838857280654565,-5.801872731622122,-2.017987003556666,,TRUE
3436,TRUE,FALSE,-0.11423056328562327,28.327546601854884,24.92685108824565,31.410228644335007,24.65584272103553,-3.4006955136092323,-6.754385923299477,-3.3536904096902447,,TRUE
3437,TRUE,FALSE,-0.03517954015209896,29.287054164959894,23.067347813936397,29.73439597371877,22.610117230403706,-6.219706351023497,-7.124278743315063,-0.9045723922915663,,TRUE
3438,TRUE,FALSE,0.08709103254483005,33.1147462919952,25.226746272361293,29.51508287136722,24.5305321089763,-7.88800001963391,-4.984550762390921,2.9034492572429897,,TRUE
3439,TRUE,FALSE,0.03939619946450282,24.41443750166765,20.706386003846763,32.13657433968943,28.35089120875678,-3.708051497820886,-3.78568313093265,-0.07763163311176413,,TRUE
3440,TRUE,FALSE,0.08000616809301431,28.07549638607067,20.351849514060024,30.519494894567703,23.966246297884357,-7.723646872010647,-6.553248596683346,1.170398275327301,,TRUE
3441,TRUE,FALSE,-0.1653504414892069,28.222934110807333,24.59138768757168,31.50083290458014,23.264414520110154,-3.6315464232356547,-8.236418384469985,-4.6048719612343305,,TRUE
3442,TRUE,FALSE,-0.1989757535889038,26.99935016424978,24.41327238261396,29.562544974653555,21.907883972846175,-2.5860777816358187,-7.65466100180738,-5.068583220171561,,TRUE
3443,TRUE,FALSE,-0.045307138884277016,28.883768981377365,23.477658174317142,28.550049180164926,22.178447020381594,-5.406110807060223,-6.3716021597833326,-0.9654913527231095,,TRUE
3444,TRUE,FALSE,-0.015459629670984317,30.992026969519817,24.488428812265187,33.41969688556447,26.001560601075166,-6.503598157254629,-7.418136284489304,-0.9145381272346746,,TRUE
3445,TRUE,FALSE,0.024587692563422955,24.317758600253203,19.919001153116263,27.826990259166386,23.360845060740765,-4.398757447136941,-4.466145198425622,-0.06738775128868113,,TRUE
3446,TRUE,FALSE,0.04892838800423062,25.658050235986256,18.82474582626783,28.566563897439295,22.009633136196232,-6.833304409718426,-6.556930761243063,0.2763736484753636,,TRUE
3447,TRUE,FALSE,-0.021788601847355073,29.565193308457943,24.495247929810606,31.290384431790688,25.365845679282778,-5.069945378647336,-5.92453875250791,-0.854593373860574,,TRUE
3448,TRUE,FALSE,-0.10463281244059994,29.305254171436967,25.58825806073089,30.529020484241876,24.008589535644745,-3.716996110706077,-6.520430948597131,-2.8034348378910536,,TRUE
3449,TRUE,FALSE,-0.08384637630378589,25.296758110716834,22.48984617859538,28.223214537643717,23.073531783274074,-2.806911932121455,-5.149682754369643,-2.3427708222481876,,TRUE
3450,TRUE,FALSE,-0.036501862794707234,29.405449565359955,24.52598123829126,31.388239260378413,25.241372443949732,-4.879468327068697,-6.14686681642868,-1.2673984893599837,,TRUE
3451,TRUE,FALSE,-0.1314714594392991,27.039077914210228,23.528184658736706,32.9953269755291,25.173966499197164,-3.5108932554735226,-7.8213604763319395,-4.310467220858417,,TRUE
3452,TRUE,FALSE,0.029896422877619518,30.137271570097607,24.11590694764162,30.45181068073974,25.107105093348554,-6.021364622455987,-5.344705587391186,0.6766590350648016,,TRUE
3453,TRUE,FALSE,-0.02030552399983354,30.980262069577723,25.323098846131852,28.376965866174544,22.728937987655772,-5.65716322344587,-5.648027878518771,0.009135344927098998,,TRUE
3454,TRUE,FALSE,-0.15942725245519862,29.24882144101498,26.946795743801058,30.73743102909201,24.14504118154747,-2.302025697213921,-6.592389847544542,-4.290364150330621,,TRUE
3455,TRUE,FALSE,-0.10136221646502991,20.29299776560153,18.14360668421922,27.17895872709897,21.957817846314857,-2.149391081382312,-5.221140880784112,-3.0717497994018004,,TRUE
3456,TRUE,FALSE,-0.0554492882444169,23.172932720082027,19.145062467156333,29.268102339484056,22.876471128394215,-4.027870252925695,-6.391631211089841,-2.3637609581641463,,TRUE
3457,TRUE,FALSE,-0.09652229144640131,30.06522791431896,27.416996402738498,31.156327910589287,25.797792310972234,-2.6482315115804624,-5.358535599617053,-2.7103040880365903,,TRUE
3458,TRUE,FALSE,-0.03909336696146265,34.66455022240777,28.61780523065245,30.16911863109157,23.95164484188583,-6.046744991755318,-6.217473789205741,-0.17072879745042258,,TRUE
3459,TRUE,FALSE,0.005285084110236524,30.600501033013842,23.821406445733597,30.10673980929366,23.56122539735539,-6.779094587280245,-6.545514411938271,0.23358017534197373,,TRUE
3460,TRUE,FALSE,0.024654143675717635,30.67696643683562,23.46533697892842,30.541780434906986,23.94505800511942,-7.2116294579072004,-6.596722429787565,0.6149070281196352,,TRUE
3461,TRUE,FALSE,-0.07502754810616158,26.69391340506562,23.36464361481418,28.815085635494523,23.398217744751996,-3.3292697902514377,-5.416867890742527,-2.087598100491089,,TRUE
3462,TRUE,FALSE,-0.07325255713160544,27.8071154378244,23.098546841520978,32.03920526684816,24.734166073129714,-4.708568596303422,-7.305039193718443,-2.5964705974150206,,TRUE
3463,TRUE,FALSE,-0.14954061087291698,24.994451701892554,23.140883374661122,31.411010609773683,25.042262682885635,-1.8535683272314323,-6.368747926888048,-4.515179599656616,,TRUE
3464,TRUE,FALSE,-0.06549175895579208,32.99508475217402,27.630908589667172,29.092594889939743,22.81842516321202,-5.364176162506851,-6.274169726727724,-0.9099935642208727,,TRUE
3465,TRUE,FALSE,0.043244040971538326,28.899307110505614,22.848527580178907,30.252305569759862,24.975254060362623,-6.050779530326707,-5.277051509397239,0.7737280209294681,,TRUE
3466,TRUE,FALSE,-0.212328500751483,29.681663803327645,28.99198248513719,29.044193094376116,22.94224383268762,-0.6896813181904555,-6.101949261688496,-5.4122679434980405,,TRUE
3467,TRUE,FALSE,-0.04720355739215033,28.076636708858306,23.793670686401097,26.48812877154466,21.41250110918745,-4.2829660224572095,-5.07562766235721,-0.7926616399000004,,TRUE
3468,TRUE,FALSE,-0.14521252280628985,24.38037939523583,22.769088848528305,25.463670387745648,20.566538305731896,-1.6112905467075258,-4.897132082013751,-3.2858415353062256,,TRUE
3469,TRUE,FALSE,-0.04122749762859609,35.34509338958452,31.05696261249946,28.716806385695218,24.213697422157342,-4.288130777085058,-4.503108963537876,-0.21497818645281797,,TRUE
3470,TRUE,FALSE,-0.2221767915838437,24.06545529661861,23.7518901418393,28.315241903498524,22.378667054788586,-0.31356515477930813,-5.936574848709938,-5.62300969393063,,TRUE
3471,TRUE,FALSE,-0.08399447964491509,27.46101294146344,23.132930571929332,26.48351517584213,20.51215980788912,-4.328082369534108,-5.971355367953009,-1.643272998418901,,TRUE
3472,TRUE,FALSE,-0.07704541919663375,28.597683129425373,24.08664543722046,31.294903704581873,24.4038692303694,-4.511037692204912,-6.891034474212475,-2.379996782007563,,TRUE
3473,TRUE,FALSE,0.009071553475601428,31.889203099066368,24.148892100502515,29.253771915677603,22.3550240354549,-7.740310998563853,-6.898747880222704,0.8415631183411492,,TRUE
3474,TRUE,FALSE,-0.14518172359123765,28.69607577743422,24.361827920264616,31.135932158416498,22.86112570086523,-4.334247857169604,-8.274806457551268,-3.9405586003816637,,TRUE
3475,TRUE,FALSE,-0.09132447568629723,27.665557811387234,24.882808477721202,29.142508284669344,23.92352541100551,-2.7827493336660325,-5.218982873663833,-2.436233539997801,,TRUE
3476,TRUE,FALSE,-0.07058423320525829,26.21811835337554,24.091290933927777,29.83043233840906,25.542520902046327,-2.126827419447764,-4.287911436362734,-2.1610840169149697,,TRUE
3477,TRUE,FALSE,-0.026191947821408476,29.339453926766357,24.599157270188503,29.771702531864477,24.31626430670562,-4.740296656577854,-5.455438225158858,-0.7151415685810036,,TRUE
3478,TRUE,FALSE,-0.13465991463146731,30.590127648258605,26.54569337563964,27.541464191509156,20.88900488907017,-4.044434272618965,-6.652459302438988,-2.6080250298200234,,TRUE
3479,TRUE,FALSE,-0.07353583919292708,29.325795030525967,24.425954926144428,29.837074289314437,23.0898856955825,-4.899840104381539,-6.747188593731938,-1.8473484893503986,,TRUE
3480,TRUE,FALSE,-0.16539871972896142,28.924173961994754,26.834489466547023,29.316644553852452,23.052332890094394,-2.089684495447731,-6.264311663758058,-4.174627168310327,,TRUE
3481,TRUE,FALSE,-0.030240435656972736,30.839768718337336,24.952219086614082,32.73209453395473,25.694407351872137,-5.887549631723253,-7.037687182082593,-1.1501375503593394,,TRUE
3482,TRUE,FALSE,-0.08996036659324542,26.84594077962429,23.263327499877242,27.665884833639087,21.911316939536874,-3.582613279747047,-5.7545678941022125,-2.1719546143551653,,TRUE
3483,TRUE,FALSE,0.02874886511084959,27.97643513643801,21.459567126922536,29.078215090394618,22.955238071832774,-6.516868009515473,-6.122977018561844,0.3938909909536292,,TRUE
3484,TRUE,FALSE,-0.012016694794094961,24.988937049101747,20.14686182563661,29.53850558756726,23.530402732240766,-4.842075223465137,-6.008102855326495,-1.1660276318613576,,TRUE
3485,TRUE,FALSE,0.04263835427920892,32.55692872261993,25.742776777586723,27.811315911206204,22.94833084055483,-6.814151945033206,-4.862985070651373,1.9511668743818333,,TRUE
3486,TRUE,FALSE,-0.03385996311138653,25.464784735185276,20.716717730389533,26.711323204700903,21.00734397460522,-4.748067004795743,-5.703979230095683,-0.9559122252999401,,TRUE
3487,TRUE,FALSE,-0.06264852955402646,25.718183166626147,22.726803737303065,27.407239861952377,22.748641488614417,-2.991379429323082,-4.658598373337959,-1.667218944014877,,TRUE
3488,TRUE,FALSE,0.029641532941938224,26.794888677190343,21.51395156385881,29.32544045137383,24.254142640410343,-5.280937113331532,-5.071297810963486,0.2096393023680463,,TRUE
3489,TRUE,FALSE,-0.1392660253271211,33.36243870781934,29.283295856743816,30.22052907530197,23.077128236887482,-4.07914285107552,-7.14340083841449,-3.0642579873389693,,TRUE
3490,TRUE,FALSE,-0.15666481283972683,33.95891343107181,29.71190697321287,32.09110682830538,24.006164255309105,-4.247006457858937,-8.084942572996273,-3.8379361151373352,,TRUE
3491,TRUE,FALSE,0.005743245926257786,25.562274067401713,21.98730913528258,28.941488461781844,25.037313010527715,-3.5749649321191335,-3.9041754512541296,-0.3292105191349961,,TRUE
3492,TRUE,FALSE,-0.031612931426529094,27.973015740087494,22.021685303680645,29.797107330883588,22.727729196639316,-5.951330436406849,-7.069378134244271,-1.1180476978374223,,TRUE
3493,TRUE,FALSE,0.005091662408465005,29.913077043613328,24.871770277506112,29.04018469564591,24.269244852467065,-5.0413067661072155,-4.770939843178844,0.27036692292837117,,TRUE
3494,TRUE,FALSE,-0.06687630214746458,34.97422381824761,29.070371249325017,29.687013374887123,23.079425403369736,-5.903852568922591,-6.607587971517386,-0.7037354025947948,,TRUE
3495,TRUE,FALSE,-0.09815394402904293,25.652973525185363,21.85105263742404,28.81149135791475,22.247062406368865,-3.801920887761323,-6.564428951545885,-2.762508063784562,,TRUE
3496,TRUE,FALSE,-0.18275201077150133,29.491453281023364,27.51919794971214,29.43039862440943,22.87533972697687,-1.9722553313112243,-6.555058897432563,-4.582803566121338,,TRUE
3497,TRUE,FALSE,-0.02154500878397089,27.96648888584872,23.81671803112405,27.467109981592873,22.892860282787098,-4.149770854724668,-4.574249698805776,-0.4244788440811078,,TRUE
3498,TRUE,FALSE,-0.04082312131847011,29.369689831095737,24.133752071871253,29.152205911599552,22.99681298167646,-5.235937759224484,-6.155392929923092,-0.9194551706986083,,TRUE
3499,TRUE,FALSE,-0.08090412766840983,31.478650627779743,26.702368336806547,29.198345449415562,22.843134720628665,-4.776282290973196,-6.355210728786897,-1.5789284378137012,,TRUE
3500,TRUE,FALSE,0.03427852501194561,23.04566381671965,18.232723045990664,31.21105838390602,25.553934849563603,-4.812940770728986,-5.657123534342418,-0.844182763613432,,TRUE
3501,TRUE,FALSE,7.834576436523094e-4,28.07964042873692,22.64530283036131,29.28432008417558,23.635347236153347,-5.43433759837561,-5.6489728480222325,-0.21463524964662284,,TRUE
3502,TRUE,FALSE,-0.14010564788570368,28.712285903015207,27.122527736375947,29.595958926239387,24.302317940606894,-1.5897581666392604,-5.293640985632493,-3.7038828189932325,,TRUE
3503,TRUE,FALSE,-0.08873915121635784,26.937098529562096,22.087094387223587,30.19818140436776,22.6584208104289,-4.850004142338509,-7.539760593938858,-2.689756451600349,,TRUE
3504,TRUE,FALSE,0.06313995787467351,27.68859388731275,22.60353826126967,28.48791883986345,24.77180109980819,-5.085055626043079,-3.7161177400552603,1.368937885987819,,TRUE
3505,TRUE,FALSE,-0.05951627999417079,26.420524785980312,22.057872092266628,32.94047139479863,25.912206274725587,-4.3626526937136845,-7.028265120073041,-2.665612426359356,,TRUE
3506,TRUE,FALSE,-0.15514293345721653,31.46268136001552,28.862216720318386,27.867616570685993,21.890518982554276,-2.600464639697133,-5.977097588131716,-3.376632948434583,,TRUE
3507,TRUE,FALSE,0.034323851894835875,24.95496062219611,20.402999604706636,27.505839631770794,23.273875044650904,-4.551961017489475,-4.23196458711989,0.319996430369585,,TRUE
3508,TRUE,FALSE,-0.0014736810462991207,34.011827428444654,27.63184167952842,29.39042831735805,23.842169366340816,-6.3799857489162335,-5.548258951017235,0.8317267978989982,,TRUE
3509,TRUE,FALSE,0.022509286805847892,28.836415270629526,24.70915095859974,28.441002543636287,24.92511161623256,-4.127264312029787,-3.5158909274037278,0.6113733846260594,,TRUE
3510,TRUE,FALSE,-0.01298997288843603,28.074157530674313,24.24365326207376,29.41927913033604,25.077364058153663,-3.830504268600553,-4.341915072182378,-0.5114108035818248,,TRUE
3511,TRUE,FALSE,-0.06376609421668163,25.541764839758404,21.98432126441169,30.58337648229337,24.697575852091223,-3.5574435753467135,-5.885800630202148,-2.3283570548554344,,TRUE
3512,TRUE,FALSE,-0.02897705978942047,29.98600224596162,23.08359086755774,31.5918303842117,23.62517373734375,-6.90241137840388,-7.96665664686795,-1.0642452684640702,,TRUE
3513,TRUE,FALSE,0.01329734083889545,28.799286222450352,23.86137121959967,28.09686569841558,23.5910086844518,-4.9379150028506835,-4.50585701396378,0.4320579888869034,,TRUE
3514,TRUE,FALSE,-0.18900686783126544,29.40533161759907,28.325423706780608,29.96848093853578,23.896286881540565,-1.0799079108184628,-6.072194056995215,-4.9922861461767525,,TRUE
3515,TRUE,FALSE,0.06342090460600537,32.4906922557774,24.06456653164495,27.956462848722822,22.061988282268594,-8.426125724132447,-5.894474566454228,2.531651157678219,,TRUE
3516,TRUE,FALSE,-0.09273488428435031,30.278898470643153,25.93132321993578,28.88311646928966,22.54521647707112,-4.347575250707372,-6.337899992218542,-1.99032474151117,,TRUE
3517,TRUE,FALSE,-0.09101198955879389,28.062430665997454,25.299991603147507,29.11136206463149,23.96247167729925,-2.7624390628499462,-5.148890387332241,-2.3864513244822945,,TRUE
3518,TRUE,FALSE,-0.182035273468482,29.21420601196078,27.1111549252462,28.590540616462487,22.116651974259106,-2.1030510867145793,-6.473888642203381,-4.3708375554888015,,TRUE
3519,TRUE,FALSE,-0.09551238777444594,28.83218034201051,25.785450625559836,29.408063929906316,23.90469300199605,-3.046729716450674,-5.5033709279102645,-2.4566412114595906,,TRUE
3520,TRUE,FALSE,-0.1041272796741487,30.66131278152933,27.414048290097494,29.887601293317832,24.07972850455333,-3.247264491431835,-5.807872788764502,-2.560608297332667,,TRUE
3521,TRUE,FALSE,-0.18523618991631116,28.638101468707212,26.560973096898117,29.654120592169118,22.85271232340542,-2.0771283718090956,-6.801408268763698,-4.724279896954602,,TRUE
3522,TRUE,FALSE,0.0641832707570116,29.960256721641297,22.704430094002557,29.725200486244646,24.01951906935225,-7.25582662763874,-5.705681416892396,1.5501452107463436,,TRUE
3523,TRUE,FALSE,0.13817468789569098,26.83020182175098,20.260763283729915,30.605455964893633,26.53622992749884,-6.569438538021064,-4.069226037394792,2.5002125006262723,,TRUE
3524,TRUE,FALSE,-0.04990508704206485,29.45800167662943,26.27220813245973,29.52437882060017,25.049586344285885,-3.185793544169698,-4.474792476314285,-1.2889989321445867,,TRUE
3525,TRUE,FALSE,0.03614266924380949,26.752106948431493,20.466058036875665,27.05510059658925,21.45961490628222,-6.286048911555827,-5.595485690307029,0.690563221248798,,TRUE
3526,TRUE,FALSE,-0.09391656143368061,32.31518357241937,28.19383293238355,30.08392636063024,23.89431403159149,-4.121350640035821,-6.189612329038749,-2.0682616890029273,,TRUE
3527,TRUE,FALSE,-0.01339474817131238,27.90198176435135,23.274310862224656,29.168026306111862,24.00664983888656,-4.627670902126695,-5.161376467225303,-0.5337055650986073,,TRUE
3528,TRUE,FALSE,-0.03904180880221691,30.74245666353596,25.736084376541132,29.81885981752711,24.007077444037535,-5.006372286994829,-5.811782373489574,-0.8054100864947458,,TRUE
3529,TRUE,FALSE,-0.20956724666532836,22.29255582315686,22.054576766507452,30.163213324830252,24.199287091859247,-0.237979056649408,-5.963926232971005,-5.725947176321597,,TRUE
3530,TRUE,FALSE,-0.010934143134433649,29.877482272231806,24.37233344312194,28.518998299874845,23.0111722353377,-5.505148829109867,-5.507826064537145,-0.0026772354272779353,,TRUE
3531,TRUE,FALSE,-0.0850580068872124,24.926780787621986,22.041501980876507,29.07851768476533,23.61603762354716,-2.885278806745479,-5.462480061218169,-2.5772012544726906,,TRUE
3532,TRUE,FALSE,-0.06341722719138822,24.077488267904595,20.526762666664787,27.40001894378906,21.923929270420818,-3.550725601239808,-5.476089673368243,-1.9253640721284349,,TRUE
3533,TRUE,FALSE,-0.0413968031366711,29.335864292512774,24.5852451167705,28.05584256466745,22.55903756108981,-4.750619175742273,-5.4968050035776415,-0.7461858278353688,,TRUE
3534,TRUE,FALSE,-0.0636287840423564,25.5896104839941,21.445602550788145,28.268712547248537,22.23038466616604,-4.144007933205955,-6.038327881082498,-1.894319947876543,,TRUE
3535,TRUE,FALSE,-0.09693936201540478,26.22795830488711,23.02092313797846,29.12851652590955,23.204722941984258,-3.20703516690865,-5.923793583925292,-2.716758417016642,,TRUE
3536,TRUE,FALSE,0.008545821877064182,28.164112632723246,23.053094355740885,27.51172481831992,22.712365973280814,-5.11101827698236,-4.799358845039105,0.31165943194325507,,TRUE
3537,TRUE,FALSE,0.009216760557813898,28.94481271821866,22.904459010787445,28.90042881895428,23.081092931722004,-6.0403537074312155,-5.819335887232274,0.22101782019894145,,TRUE
3538,TRUE,FALSE,-0.11947878423916167,27.70415278355019,25.77342394361021,27.22794421646854,22.47776463135001,-1.9307288399399773,-4.750179585118531,-2.8194507451785533,,TRUE
3539,TRUE,FALSE,0.04005062458513415,33.93470456184226,26.764452660974385,29.268295480297088,24.02732871417225,-7.170251900867875,-5.2409667661248385,1.9292851347430364,,TRUE
3540,TRUE,FALSE,-0.03071300708327093,29.125823343476224,24.99770746170937,27.978326266948752,23.286553239629622,-4.128115881766853,-4.69177302731913,-0.563657145552277,,TRUE
3541,TRUE,FALSE,-0.16652076942000207,31.490168155522742,30.127039602666247,31.16265627482914,25.240438566162144,-1.3631285528564945,-5.922217708666995,-4.559089155810501,,TRUE
3542,TRUE,FALSE,-0.039063574108322376,29.596558599086254,23.9588477047673,30.23917820461788,23.541254429110435,-5.637710894318953,-6.697923775507444,-1.060212881188491,,TRUE
3543,TRUE,FALSE,6.042429470855335e-4,27.297466286491684,20.612507449726632,28.735943551313,21.711826934807828,-6.684958836765052,-7.024116616505172,-0.33915777974011974,,TRUE
3544,TRUE,FALSE,-0.09492637374403652,31.17849550985257,25.367368971598285,29.653033984308344,21.94135307037351,-5.811126538254285,-7.711680913934835,-1.9005543756805494,,TRUE
3545,TRUE,FALSE,-0.14356028465260273,25.86616679864293,24.56542535322532,29.57382588827387,24.330570192641915,-1.3007414454176107,-5.243255695631955,-3.9425142502143444,,TRUE
3546,TRUE,FALSE,-0.14585715841426924,28.955798397667287,25.88591978272818,28.64972760453894,22.136226754190744,-3.069878614939107,-6.513500850348194,-3.4436222354090873,,TRUE
3547,TRUE,FALSE,-0.0823462708006441,27.60974846896891,23.4652881749067,30.614267489016616,23.962094878979748,-4.14446029406221,-6.652172610036867,-2.5077123159746577,,TRUE
3548,TRUE,FALSE,-0.07703483906830623,27.066172310336235,23.327887669514762,29.373838171478027,23.43977645167284,-3.7382846408214725,-5.934061719805186,-2.1957770789837134,,TRUE
3549,TRUE,FALSE,-0.03690469739983517,25.89397365639993,22.057379582207584,27.738599610690382,22.772580215431145,-3.8365940741923446,-4.966019395259238,-1.1294253210668934,,TRUE
3550,TRUE,FALSE,0.016568442171707647,23.029113057703398,18.52643182107811,28.666861672259213,23.44716310215624,-4.502681236625289,-5.219698570102974,-0.7170173334776848,,TRUE
3551,TRUE,FALSE,-0.19067133712532236,27.808224991621472,27.10509958473493,28.665084097560616,23.089974288517592,-0.7031254068865422,-5.575109809043024,-4.871984402156482,,TRUE
3552,TRUE,FALSE,-0.03823890103056986,26.869215132716235,21.637822772012573,25.72726973196524,19.940926595335785,-5.231392360703662,-5.786343136629455,-0.5549507759257928,,TRUE
3553,TRUE,FALSE,-0.048029027373640024,23.806029733746254,21.500966830816576,28.913126376483532,24.888993279014965,-2.305062902929677,-4.024133097468567,-1.7190701945388902,,TRUE
3554,TRUE,FALSE,0.019606906873349064,32.501706432191476,25.240968785889972,28.364224647810953,22.463940716381828,-7.260737646301504,-5.900283931429126,1.3604537148723779,,TRUE
3555,TRUE,FALSE,-0.06355256851919902,26.0166222180044,22.219559772837115,29.724695574521327,23.82327287061364,-3.7970624451672847,-5.901422703907688,-2.104360258740403,,TRUE
3556,TRUE,FALSE,0.011719459438275398,36.05632955668805,28.428222936708735,30.484416163599054,24.318443606917974,-7.628106619979313,-6.16597255668108,1.4621340632982331,,TRUE
3557,TRUE,FALSE,-0.19086525220040365,24.089355490850348,23.067098328368655,26.314714899397103,20.819712573568662,-1.0222571624816936,-5.495002325828441,-4.472745163346747,,TRUE
3558,TRUE,FALSE,-0.13451926173563755,27.604827313392917,25.54553306046636,28.368914361075593,22.948361260609534,-2.0592942529265557,-5.4205531004660585,-3.361258847539503,,TRUE
3559,TRUE,FALSE,-0.08280908529693908,28.982898703275502,23.671170702757465,29.217697639340717,21.966475482238923,-5.311728000518038,-7.251222157101793,-1.9394941565837556,,TRUE
3560,TRUE,FALSE,-0.08824839561808764,28.150397737562482,24.25221830450823,30.836190674819978,24.322144518888063,-3.8981794330542527,-6.514046155931915,-2.615866722877662,,TRUE
3561,TRUE,FALSE,-0.05818613061078558,34.62155578190741,27.740278707527835,30.518545734525553,23.070561237847475,-6.881277074379575,-7.447984496678078,-0.5667074222985029,,TRUE
3562,TRUE,FALSE,0.01341707010414756,29.054195309875492,22.773802325608003,27.783998110670918,22.072340913932997,-6.28039298426749,-5.711657196737921,0.5687357875295689,,TRUE
3563,TRUE,FALSE,-0.07081450917266778,29.691511335846627,26.263157775993538,27.98077965420678,23.05791847345779,-3.4283535598530896,-4.922861180748992,-1.4945076208959023,,TRUE
3564,TRUE,FALSE,-0.255918594158958,24.24194633532221,25.21461631834038,28.24876211160986,22.747845328667378,0.972669983018168,-5.5009167829424825,-6.4735867659606505,,TRUE
3565,TRUE,FALSE,-0.17256130626314006,28.94848865184604,26.700039424587068,29.469161699598178,22.872380455079572,-2.2484492272589733,-6.596781244518606,-4.348332017259633,,TRUE
3566,TRUE,FALSE,0.07057647870138146,31.60228374851943,23.644855065720957,29.76177773922197,23.896155319890156,-7.957428682798472,-5.865622419331814,2.0918062634666583,,TRUE
3567,TRUE,FALSE,-0.08992680316747485,26.06850232737595,20.96718358404291,31.332914953546666,23.034039235306626,-5.101318743333039,-8.29887571824004,-3.197556974907002,,TRUE
3568,TRUE,FALSE,-0.003906747348573591,26.823056375073207,22.930282289432718,29.982497114940738,25.531260724222797,-3.8927740856404895,-4.451236390717941,-0.5584623050774518,,TRUE
3569,TRUE,FALSE,-0.028463512379787472,28.449625274428314,24.680135167178186,28.763428139573932,24.25214090542989,-3.769490107250128,-4.511287234144042,-0.7417971268939141,,TRUE
3570,TRUE,FALSE,-0.11203136399501513,25.041554798853852,21.793552204180326,30.620047129273477,23.824181257105188,-3.248002594673526,-6.795865872168289,-3.5478632774947627,,TRUE
3571,TRUE,FALSE,-0.12482445345922885,25.775375432172968,23.39469123651816,31.579114855779068,25.298903558547142,-2.3806841956548084,-6.280211297231926,-3.8995271015771173,,TRUE
3572,TRUE,FALSE,-0.10097461571006981,26.918061701504218,24.15913422960327,26.595009234960923,21.576699320493194,-2.7589274719009467,-5.018309914467729,-2.259382442566782,,TRUE
3573,TRUE,FALSE,-0.060771736374149135,25.450051879299217,22.561380746977232,30.513314770373515,25.45502700979918,-2.888671132321985,-5.058287760574334,-2.1696166282523492,,TRUE
3574,TRUE,FALSE,-0.02926821570884301,29.518603531093838,25.40541832469262,29.390641646968145,24.565668408115847,-4.113185206401219,-4.824973238852298,-0.7117880324510786,,TRUE
3575,TRUE,FALSE,-0.10017003046828403,26.78126113823939,23.627206051626914,29.2449489433323,23.34150853426628,-3.154055086612477,-5.903440409066022,-2.749385322453545,,TRUE
3576,TRUE,FALSE,-0.13851666652814407,25.762585535728594,23.92557777232967,28.119568404218146,22.73655250450195,-1.8370077633989226,-5.383015899716195,-3.5460081363172726,,TRUE
3577,TRUE,FALSE,-0.08790646532286832,29.867703442787647,26.13470012201385,29.617026996295383,23.73448753582753,-3.733003320773797,-5.882539460467854,-2.1495361396940567,,TRUE
3578,TRUE,FALSE,-0.1326312944942722,26.680484358253665,22.13459812699437,32.95565967418075,23.944562257607565,-4.545886231259296,-9.011097416573186,-4.4652111853138905,,TRUE
3579,TRUE,FALSE,-0.057552917952591674,33.86176036953969,28.708531794710332,27.572219405152577,22.068776759287374,-5.153228574829356,-5.503442645865203,-0.3502140710358468,,TRUE
3580,TRUE,FALSE,-0.07930040283663142,28.699027222888457,25.94278421345061,28.368085242721854,23.688616820232813,-2.7562430094378456,-4.679468422489041,-1.9232254130511954,,TRUE
3581,TRUE,FALSE,-0.1307746789959289,34.442472229985775,30.271706579235243,29.670139052276046,22.880602089636792,-4.170765650750532,-6.789536962639254,-2.6187713118887217,,TRUE
3582,TRUE,FALSE,-0.20012937768821673,21.276284207963794,19.906371403425194,27.74049647489414,21.24689466008634,-1.3699128045386004,-6.4936018148078,-5.123689010269199,,TRUE
3583,TRUE,FALSE,-0.17871197218193532,26.71535516782341,26.228767513753372,27.94699074352541,22.947657487066174,-0.4865876540700391,-4.999333256459238,-4.512745602389199,,TRUE
3584,TRUE,FALSE,-0.0647932116045489,30.939360528283643,27.188926504073848,27.197742030133877,22.401352677647797,-3.7504340242097953,-4.796389352486081,-1.0459553282762855,,TRUE
3585,TRUE,FALSE,-0.25092448374789894,35.399916883538815,33.37026106713825,30.34426604680086,22.256603079813477,-2.029655816400563,-8.087662966987384,-6.058007150586821,,TRUE
3586,TRUE,FALSE,0.024345892141036062,28.009802811004736,22.324563075828692,28.130862804579497,22.973610609960442,-5.685239735176044,-5.157252194619055,0.5279875405569889,,TRUE
3587,TRUE,FALSE,-0.07298497328398909,24.770865340918537,21.95367844103571,28.66883338104496,23.619960649617408,-2.8171868998828273,-5.048872731427551,-2.2316858315447234,,TRUE
3588,TRUE,FALSE,-0.043461302971081535,31.921898748003805,27.601255664015092,25.602663659314448,21.19582235760548,-4.320643083988713,-4.406841301708969,-0.0861982177202556,,TRUE
3589,TRUE,FALSE,-0.1566546098107106,24.84562418839887,22.89103901408185,31.445465404726995,24.770763217079768,-1.9545851743170175,-6.6747021876472274,-4.72011701333021,,TRUE
3590,TRUE,FALSE,0.019230906543867488,31.827743117152444,25.87571108405876,29.32929058573891,24.307477039597654,-5.952032033093683,-5.0218135461412565,0.9302184869524268,,TRUE
3591,TRUE,FALSE,-0.08093715278456558,27.87060946202917,23.77864318410058,32.072616974980086,25.236228043038032,-4.091966277928588,-6.836388931942054,-2.7444226540134657,,TRUE
3592,TRUE,FALSE,-0.07889216670082404,26.41177132973467,22.223760226923492,28.47089697794464,22.139037272722017,-4.188011102811178,-6.331859705222623,-2.1438486024114454,,TRUE
3593,TRUE,FALSE,-0.054971652326504715,26.605987558153902,22.05362288781103,28.596314831418457,22.435551252469175,-4.552364670342872,-6.1607635789492825,-1.6083989086064108,,TRUE
3594,TRUE,FALSE,0.048544506252115933,27.261778491932283,21.154942206008734,26.723044594542454,21.768384810169444,-6.106836285923549,-4.9546597843730105,1.1521765015505387,,TRUE
3595,TRUE,FALSE,-0.17456728693856843,32.41197331219198,28.42969413773476,31.242530577884864,23.014381546075295,-3.982279174457222,-8.228149031809568,-4.245869857352346,,TRUE
3596,TRUE,FALSE,-0.15310171762565458,27.39123434647348,25.07429055995382,29.461049289356843,23.1405688185142,-2.316943786519662,-6.320480470842643,-4.003536684322981,,TRUE
3597,TRUE,FALSE,-0.11732920212324555,28.230722023425198,24.456315630327435,27.686343505573795,21.329428682176083,-3.774406393097763,-6.356914823397712,-2.5825084302999493,,TRUE
3598,TRUE,FALSE,-0.119030800426435,23.319912052965822,21.246395504205584,28.550676285222043,23.09299882991427,-2.0735165487602387,-5.457677455307774,-3.3841609065475353,,TRUE
3599,TRUE,FALSE,0.02986907701926389,25.424407661770715,20.648095024397982,28.93013222028749,24.207589184747782,-4.776312637372733,-4.722543035539708,0.05376960183302515,,TRUE
3600,TRUE,FALSE,-0.13158333886031345,24.782221153186427,24.297974988419163,29.462615508505323,25.325336970390442,-0.48424616476726356,-4.137278538114881,-3.6530323733476173,,TRUE
3601,TRUE,FALSE,0.10352582681431674,30.736666626089367,22.62178161357111,25.772397108848093,21.03708436146932,-8.114885012518258,-4.735312747378774,3.3795722651394833,,TRUE
3602,TRUE,FALSE,-0.054610701301216806,30.632103151635334,25.36587950759204,27.41917510904778,21.498609351016754,-5.2662236440432935,-5.920565758031028,-0.6543421139877346,,TRUE
3603,TRUE,FALSE,-0.14898141326931721,26.9610287128709,24.67646861755692,30.246680377140052,23.851871533350895,-2.284560095313978,-6.394808843789157,-4.110248748475179,,TRUE
3604,TRUE,FALSE,-0.23032371292110285,30.05741747901254,28.529397101114334,29.217544027868254,22.027049113115364,-1.5280203778982049,-7.19049491475289,-5.662474536854685,,TRUE
3605,TRUE,FALSE,-0.10024455518274614,30.199414243873186,27.046818854089228,28.79743243324166,23.331130551918143,-3.152595389783958,-5.466301881323517,-2.313706491539559,,TRUE
3606,TRUE,FALSE,-0.11905377722921946,26.490114506355066,23.601372156666898,31.363679212310572,24.80710142255969,-2.888742349688169,-6.556577789750882,-3.6678354400627136,,TRUE
3607,TRUE,FALSE,-0.05663186562304189,22.825316731947883,19.082753389165497,29.46699916832871,23.27904872214523,-3.742563342782386,-6.1879504461834784,-2.4453871034010923,,TRUE
3608,TRUE,FALSE,-0.08158247785556144,30.010697389157745,25.125320618269445,30.19514488479993,23.299243626896285,-4.8853767708883,-6.895901257903645,-2.0105244870153456,,TRUE
3609,TRUE,FALSE,-0.21436247390200294,32.969166359149,31.408679582902494,28.983508175399965,22.284157797535922,-1.5604867762465062,-6.699350377864043,-5.138863601617537,,TRUE
3610,TRUE,FALSE,-0.08736062529326671,29.645868963379648,26.152796418215367,28.47697040709285,23.02011531892164,-3.4930725451642815,-5.45685508817121,-1.9637825430069284,,TRUE
3611,TRUE,FALSE,-0.10035089025116518,31.14788319144735,26.853130398902767,30.42476669260482,23.7253048871095,-4.294752792544582,-6.6994618054953214,-2.4047090129507396,,TRUE
3612,TRUE,FALSE,0.03068038558045912,32.27580140675224,25.632012424759704,27.136340004146142,22.221903872456945,-6.643788981992532,-4.914436131689197,1.7293528503033357,,TRUE
3613,TRUE,FALSE,0.0967849111849018,29.169074038200865,21.530764069660666,31.546593968109573,25.652070697788595,-7.638309968540199,-5.894523270320978,1.7437866982192212,,TRUE
3614,TRUE,FALSE,-0.17912738723223445,24.50458000008108,23.96791155785376,30.343191743576,24.811336330035626,-0.5366684422273202,-5.531855413540374,-4.9951869713130534,,TRUE
3615,TRUE,FALSE,-0.20017933224990364,22.73304258217227,20.915102257923948,28.539233974340448,21.493540468241314,-1.8179403242483225,-7.045693506099134,-5.227753181850812,,TRUE
3616,TRUE,FALSE,-0.1787208951714226,30.653009755752173,28.139453022808755,31.07102652239506,23.855066469392085,-2.5135567329434174,-7.2159600530029735,-4.702403320059556,,TRUE
3617,TRUE,FALSE,-0.2890763275954756,26.894373535342872,26.90444218793937,28.235110673693896,21.15474526742265,0.01006865259649814,-7.080365406271245,-7.090434058867743,,TRUE
3618,TRUE,FALSE,-0.04025305799452851,36.314319247125624,29.27563358486918,27.500450638862574,21.295435459588017,-7.038685662256444,-6.205015179274557,0.8336704829818871,,TRUE
3619,TRUE,FALSE,0.044078961200140106,36.539262474646996,27.126818101140064,28.437306487702706,22.06331606415622,-9.412444373506933,-6.373990423546488,3.038453949960445,,TRUE
3620,TRUE,FALSE,0.016276998858627854,25.59396763187545,19.32065958189283,30.559666285903614,23.447791863290043,-6.273308049982621,-7.111874422613571,-0.8385663726309502,,TRUE
3621,TRUE,FALSE,-0.12349436696928685,34.30360067533907,31.345054135371488,32.132244566035126,25.950005713664435,-2.958546539967582,-6.182238852370691,-3.2236923124031094,,TRUE
3622,TRUE,FALSE,0.024332569445709128,27.489140812135194,21.4695277729174,31.736720109950742,25.39749412886583,-6.019613039217795,-6.339225981084912,-0.319612941867117,,TRUE
3623,TRUE,FALSE,-0.14475258166346272,33.874517855614556,30.53756184385672,29.584532601584304,23.076009118668455,-3.3369560117578345,-6.508523482915848,-3.1715674711580135,,TRUE
3624,TRUE,FALSE,-0.14388292006753853,26.531830561171333,22.64511923123022,30.023683140230858,22.191354252812292,-3.8867113299411145,-7.832328887418566,-3.9456175574774512,,TRUE
3625,TRUE,FALSE,-0.07235033720241728,31.445867734874867,28.391218938664633,27.10514994056654,22.76412266906645,-3.054648796210234,-4.341027271500092,-1.2863784752898582,,TRUE
3626,TRUE,FALSE,0.00843702667895078,36.49975867363303,28.770742769542405,30.05782908132685,23.893669149988334,-7.729015904090627,-6.164159931338517,1.5648559727521096,,TRUE
3627,TRUE,FALSE,-0.008753961804034111,28.034028480581952,21.981062946439163,28.383747547970362,22.061300886507055,-6.052965534142789,-6.322446661463307,-0.26948112732051754,,TRUE
3628,TRUE,FALSE,-0.10059341588506376,25.415219468420712,22.825113644773467,28.573543743942217,23.205772191490038,-2.590105823647246,-5.367771552452179,-2.7776657288049336,,TRUE
3629,TRUE,FALSE,-0.2717373902595027,25.252009691619676,25.304031710207443,28.416905785459733,21.6998391224963,0.052022018587766894,-6.717066662963433,-6.7690886815511995,,TRUE
3630,TRUE,FALSE,0.019150236721857214,30.493421262704924,22.916563946808502,31.346271246733835,24.012980990530277,-7.576857315896422,-7.333290256203558,0.24356705969286452,,TRUE
3631,TRUE,FALSE,0.04145106546968626,28.84237561897608,21.93674188155707,28.544421643343778,22.628945352195228,-6.905633737419013,-5.915476291148551,0.9901574462704623,,TRUE
3632,TRUE,FALSE,-0.12741017362899362,25.51140750262371,24.120924690509458,30.06309019615547,25.024166285531752,-1.3904828121142536,-5.038923910623719,-3.6484410985094655,,TRUE
3633,TRUE,FALSE,-0.20688342792458247,25.790032271165405,23.954198355519548,34.132317199504335,25.77788000418047,-1.835833915645857,-8.354437195323865,-6.518603279678008,,TRUE
3634,TRUE,FALSE,0.008205652208486526,31.687691420356007,25.037491448548394,28.47687604320605,22.685911214855768,-6.650199971807613,-5.790964828350283,0.8592351434573295,,TRUE
3635,TRUE,FALSE,-0.14540599888721267,28.088264418940202,25.51477341175013,29.314610167404226,23.025120475364005,-2.5734910071900714,-6.28948969204022,-3.715998684850149,,TRUE
3636,TRUE,FALSE,-0.18712927591588502,25.182946373550706,23.829834487038532,31.21607600356335,24.49760246074613,-1.353111886512174,-6.718473542817222,-5.365361656305048,,TRUE
3637,TRUE,FALSE,0.07461252534236344,33.09696702523168,24.446427556202458,29.541730797033942,23.5107752624255,-8.65053946902922,-6.030955534608442,2.6195839344207776,,TRUE
3638,TRUE,FALSE,-0.07808137718536481,28.713867251149054,24.717070817371834,30.923989569408736,24.620140132267846,-3.99679643377722,-6.30384943714089,-2.30705300336367,,TRUE
3639,TRUE,FALSE,-0.011275088633557187,35.43733053121619,28.978646556603227,31.48929267019056,25.46145953366138,-6.458683974612963,-6.027833136529182,0.43085083808378144,,TRUE
3640,TRUE,FALSE,-0.13131254697682426,26.063916776937724,23.644018101739967,26.009846051218304,20.691456867464098,-2.419898675197757,-5.318389183754206,-2.898490508556449,,TRUE
3641,TRUE,FALSE,-0.024373821739352142,35.676475749745734,30.23399192065501,29.115953300806595,24.080147559545825,-5.4424838290907225,-5.03580574126077,0.4066780878299525,,TRUE
3642,TRUE,FALSE,-0.057079727640666496,31.503619712014157,27.236277427265033,32.2397466809023,26.326280414682905,-4.267342284749123,-5.913466266219395,-1.6461239814702715,,TRUE
3643,TRUE,FALSE,0.0018424265630795518,33.858255737057725,26.621510281313583,29.649406416869443,23.355236423103072,-7.236745455744142,-6.294169993766371,0.9425754619777713,,TRUE
3644,TRUE,FALSE,-0.15160187700934735,24.761999388163286,22.088124216182653,26.509472383308655,20.32049826972806,-2.673875171980633,-6.188974113580596,-3.5150989415999625,,TRUE
3645,TRUE,FALSE,-0.0919080118563413,26.071141202212893,22.436313753629296,31.212154983686162,24.5019176105988,-3.6348274485835965,-6.710237373087363,-3.0754099245037665,,TRUE
3646,TRUE,FALSE,-0.07432065049774647,22.95549496196353,19.58700083595679,28.540961252308215,22.608556157580804,-3.368494126006741,-5.932405094727411,-2.56391096872067,,TRUE
3647,TRUE,FALSE,0.001207818374195665,28.503945186924586,23.179737765373915,28.95753003434512,23.577057820437705,-5.324207421550671,-5.380472213907414,-0.05626479235674253,,TRUE
3648,TRUE,FALSE,-0.011356728891605385,32.77311746343253,26.998153905563317,26.31899753456811,21.436480977797853,-5.77496355786921,-4.8825165567702555,0.8924470010989545,,TRUE
3649,TRUE,FALSE,0.010075362588240632,28.723709637665788,23.040896028047616,28.515505363702836,23.10551129923922,-5.682813609618172,-5.409994064463614,0.2728195451545581,,TRUE
3650,TRUE,FALSE,-0.13940325764392866,24.99492840110059,22.716837542483834,29.903869748557835,23.641841533846435,-2.278090858616757,-6.2620282147114,-3.9839373560946427,,TRUE
3651,TRUE,FALSE,0.008336895272732934,29.703682225937477,22.58243837327348,29.945563750020543,22.956924434501605,-7.121243852663998,-6.988639315518938,0.1326045371450597,,TRUE
3652,TRUE,FALSE,-0.10747611553776978,29.545636573314493,25.68108926369965,31.850307381125525,24.86322344538075,-3.864547309614842,-6.987083935744774,-3.122536626129932,,TRUE
3653,TRUE,FALSE,0.020025543080237167,31.60058116741901,26.60931169827129,31.628856179163858,27.17183948082694,-4.991269469147717,-4.457016698336918,0.5342527708107987,,TRUE
3654,TRUE,FALSE,-0.05571776828194325,29.23113860418289,23.117174016493376,33.49858071862771,25.056332164831545,-6.113964587689512,-8.442248553796162,-2.3282839661066497,,TRUE
3655,TRUE,FALSE,-0.026836831141996677,28.678556852701927,23.580525331340603,30.21007343348059,24.182036715336586,-5.0980315213613245,-6.028036718144005,-0.9300051967826803,,TRUE
3656,TRUE,FALSE,-0.1712149872281088,22.831574194793678,20.70231314338962,27.496221391129374,21.008657886357835,-2.1292610514040575,-6.48756350477154,-4.358302453367482,,TRUE
3657,TRUE,FALSE,-0.09887508545773367,24.996155752141927,19.909931345426816,29.359487776871653,21.18381186116163,-5.086224406715111,-8.175675915710023,-3.0894515089949124,,TRUE
3658,TRUE,FALSE,-0.042402316023444166,30.170468443474384,25.950613747961516,28.599177070934577,23.577840482006803,-4.219854695512868,-5.021336588927774,-0.8014818934149055,,TRUE
3659,TRUE,FALSE,-0.07912637175243285,24.463656968101372,21.61469768990043,31.296590094309842,25.548220894059163,-2.8489592782009403,-5.7483692002506785,-2.8994099220497382,,TRUE
3660,TRUE,FALSE,-0.05641703323560745,27.58819566492369,24.331682258885543,26.979269477722166,22.48937669010559,-3.2565134060381453,-4.489892787616576,-1.2333793815784304,,TRUE
3661,TRUE,FALSE,0.06045873133266774,29.56035372159264,23.91780383022511,26.289625083438366,22.597113088788458,-5.64254989136753,-3.6925119946499088,1.950037896717621,,TRUE
3662,TRUE,FALSE,-0.16843548796762017,24.362396377378882,22.487685861453073,29.799953630918075,23.242869630031304,-1.874710515925809,-6.557084000886771,-4.682373484960962,,TRUE
3663,TRUE,FALSE,0.005576495194409988,23.11770312225417,18.457883134222946,31.53148862352355,25.316491896765452,-4.659819988031224,-6.214996726758098,-1.5551767387268747,,TRUE
3664,TRUE,FALSE,-0.10390686969961004,24.83561334842881,21.967144187611154,27.99315202737222,22.316410082056677,-2.868469160817657,-5.676741945315541,-2.808272784497884,,TRUE
3665,TRUE,FALSE,-0.007812633040489984,28.552921054097634,23.83769587350302,27.744602673828076,22.98260518347696,-4.715225180594615,-4.761997490351117,-0.04677230975650204,,TRUE
3666,TRUE,FALSE,0.020441396145551072,26.145378894304667,21.429471242598524,26.889228561497514,22.494297963467353,-4.715907651706143,-4.394930598030161,0.32097705367598195,,TRUE
3667,TRUE,FALSE,-0.026033004490429168,28.166587975138974,23.088056637121824,32.81902625371072,26.21035114604269,-5.07853133801715,-6.608675107668027,-1.530143769650877,,TRUE
3668,TRUE,FALSE,-0.0984551738453237,30.11798015610265,25.379305899846237,30.531853843816062,23.315704022051932,-4.738674256256413,-7.21614982176413,-2.477475565507717,,TRUE
3669,TRUE,FALSE,-0.04298867930699693,30.887134259958355,25.770900365690963,28.379593015448933,22.68236803558091,-5.116233894267392,-5.697224979868022,-0.5809910856006297,,TRUE
3670,TRUE,FALSE,-0.014249026672894159,29.97940373262689,24.661522746338612,27.12045847529763,21.99407246241371,-5.3178809862882765,-5.126386012883923,0.19149497340435317,,TRUE
3671,TRUE,FALSE,-0.03449339938969257,30.607082401971233,24.5249823753794,32.115024070506905,24.860778834650727,-6.082100026591835,-7.254245235856178,-1.1721452092643432,,TRUE
3672,TRUE,FALSE,-0.07044032337852228,27.930696101333876,22.818845915718985,30.568771223568092,23.275448283685773,-5.111850185614891,-7.293322939882319,-2.1814727542674284,,TRUE
3673,TRUE,FALSE,-0.08079173995226778,28.922667275316822,25.310305266225996,27.151884987765403,21.916521214473025,-3.612362009090827,-5.235363773292377,-1.6230017642015504,,TRUE
3674,TRUE,FALSE,-0.15228919248656042,29.903625395715792,26.561726670770057,30.023841063776807,22.901311614069584,-3.341898724945736,-7.122529449707223,-3.7806307247614868,,TRUE
3675,TRUE,FALSE,-0.03580146427202332,30.848693944506977,25.812495175252746,27.41334553776484,22.13129707570558,-5.036198769254231,-5.282048462059262,-0.24584969280503088,,TRUE
3676,TRUE,FALSE,-0.07853608903810355,23.214630347798696,19.92249325923651,28.141880670266186,22.326839117029557,-3.2921370885621855,-5.815041553236629,-2.5229044646744434,,TRUE
3677,TRUE,FALSE,-0.06225710266122539,25.755670794458613,21.174196497090573,29.219163527245144,22.571682696872845,-4.58147429736804,-6.647480830372299,-2.066006533004259,,TRUE
3678,TRUE,FALSE,0.03125415166421943,27.484995593363724,20.62396672167659,31.27443567041184,24.212493381483505,-6.861028871687132,-7.061942288928336,-0.20091341724120326,,TRUE
3679,TRUE,FALSE,-0.07254699263916801,26.438507088616518,23.141224874678358,30.499401115614965,24.82755585568722,-3.2972822139381606,-5.671845259927746,-2.3745630459895857,,TRUE
3680,TRUE,FALSE,-0.06204302330492992,22.857120599288113,20.438109874985944,30.900524083330758,25.96809626619137,-2.4190107243021686,-4.932427817139388,-2.5134170928372193,,TRUE
3681,TRUE,FALSE,0.039938852701245045,31.382302418147372,26.037965206998738,30.639198664400286,26.457259990933533,-5.344337211148634,-4.181938673466753,1.1623985376818808,,TRUE
3682,TRUE,FALSE,-0.16575391254112343,25.958519889516865,24.58313013446586,27.253116200026547,21.866909745419584,-1.3753897550510032,-5.386206454606963,-4.01081669955596,,TRUE
3683,TRUE,FALSE,-0.08323128033648715,25.775142415559397,21.58272373541366,29.43195950145839,22.67657546450272,-4.192418680145739,-6.755384036955672,-2.562965356809933,,TRUE
3684,TRUE,FALSE,-0.051807631278470295,27.442471948476516,22.754770797299635,30.08186829783263,23.683957524479432,-4.687701151176881,-6.3979107733532,-1.7102096221763183,,TRUE
3685,TRUE,FALSE,0.004178647748688045,30.68230729733794,24.61059872299078,29.733973280245536,23.949799086126866,-6.071708574347159,-5.78417419411867,0.28753438022848954,,TRUE
3686,TRUE,FALSE,-0.0798986239505061,28.645373067839575,25.34717697195201,29.675162525437347,24.24201351487186,-3.2981960958875653,-5.4331490105654865,-2.134952914677921,,TRUE
3687,TRUE,FALSE,-0.16922929047636426,28.931017372708993,24.879323350980602,30.393037293196887,22.067524347250945,-4.051694021728391,-8.325512945945942,-4.273818924217551,,TRUE
3688,TRUE,FALSE,0.0195336336296586,32.11335712551,26.800958113611593,28.298894109838375,24.083379230681437,-5.312399011898407,-4.215514879156938,1.0968841327414687,,TRUE
3689,TRUE,FALSE,0.008595066865442586,31.795718639763336,25.301427146391806,25.627030204140407,20.568728429423423,-6.494291493371531,-5.058301774716984,1.4359897186545467,,TRUE
3690,TRUE,FALSE,-0.12515552649049128,27.056635946580695,24.625499313391014,30.705719299832648,24.659040159230763,-2.4311366331896807,-6.046679140601885,-3.6155425074122043,,TRUE
3691,TRUE,FALSE,0.03372921167105659,27.05593414271168,20.725310475887486,27.984249687091697,22.171781483895106,-6.330623666824195,-5.812468203196591,0.518155463627604,,TRUE
3692,TRUE,FALSE,-0.051735747184736725,27.28178933843565,22.796099784307888,31.64805449911603,25.111124801305028,-4.485689554127763,-6.536929697811001,-2.0512401436832377,,TRUE
3693,TRUE,FALSE,-0.10807846139436683,25.730479702984063,23.222132652744776,28.865032139520967,23.382362253016712,-2.508347050239287,-5.4826698865042545,-2.9743228362649674,,TRUE
3694,TRUE,FALSE,-0.18323476341054373,25.7834441749788,24.598732453981206,30.68502565798892,24.373642832010745,-1.1847117209975941,-6.311382825978175,-5.126671104980581,,TRUE
3695,TRUE,FALSE,-0.054668782185562315,27.035537684136827,22.883909017873275,30.639902976538774,24.55501684837692,-4.1516286662635515,-6.084886128161855,-1.9332574618983038,,TRUE
3696,TRUE,FALSE,-0.011547873881780973,26.653272689139527,21.45826523337902,28.00474909863778,22.287459892378276,-5.195007455760507,-5.717289206259505,-0.5222817504989976,,TRUE
3697,TRUE,FALSE,-0.14227137582845328,24.270917934226752,22.349983387782398,27.83210139791669,22.230504943453475,-1.9209345464443537,-5.601596454463216,-3.6806619080188625,,TRUE
3698,TRUE,FALSE,-0.0712767208686678,29.314274690852244,25.133834237413822,27.605249117514152,22.040232803656554,-4.180440453438422,-5.565016313857598,-1.3845758604191758,,TRUE
3699,TRUE,FALSE,0.18220877580427813,29.178437475580527,19.156630434563148,27.763246319262706,21.87054480755186,-10.021807041017379,-5.892701511710847,4.129105529306532,,TRUE
3700,TRUE,FALSE,0.037322330817702414,29.34313897569109,23.633537946444747,26.992650112638188,22.567142826153216,-5.709601029246343,-4.425507286484972,1.284093742761371,,TRUE
3701,TRUE,FALSE,0.08151882761766469,34.68906873229297,26.23975579302789,29.12251473850646,23.900071418662346,-8.449312939265077,-5.222443319844114,3.226869619420963,,TRUE
3702,TRUE,FALSE,-0.015660802709058338,28.785058628840208,22.54699973163673,31.08864302290102,23.972979124368468,-6.2380588972034765,-7.115663898532553,-0.8776050013290764,,TRUE
3703,TRUE,FALSE,0.0016581540598163246,27.04944216925773,21.7693158937835,29.70811584063276,23.948686783928856,-5.280126275474231,-5.759429056703905,-0.4793027812296735,,TRUE
3704,TRUE,FALSE,-0.07377363746571584,26.247202334879677,22.887282300823873,28.00126283168682,22.68032855789631,-3.359920034055804,-5.32093427379051,-1.9610142397347055,,TRUE
3705,TRUE,FALSE,-0.1709427332179094,25.45472000003745,24.991101897289976,30.751012847532824,25.447025209835864,-0.46361810274747484,-5.3039876376969595,-4.840369534949485,,TRUE
3706,TRUE,FALSE,-0.008741099581564316,31.934068106199135,25.9375187522659,29.83939837783734,24.025256454565362,-5.996549353933236,-5.814141923271979,0.1824074306612573,,TRUE
3707,TRUE,FALSE,0.01683942791428945,30.957650720641155,24.75487528224626,29.358822024655517,23.8750694454098,-6.2027754383948945,-5.483752579245717,0.7190228591491774,,TRUE
3708,TRUE,FALSE,-0.04663589371686532,28.92053739444178,24.48415821857436,29.92517673835664,24.180308162381003,-4.436379175867419,-5.744868575975637,-1.3084894001082183,,TRUE
3709,TRUE,FALSE,0.006610361896455942,25.18664548271161,20.452655210821025,28.37816174452974,23.197141478424925,-4.733990271890587,-5.181020266104817,-0.44702999421422973,,TRUE
3710,TRUE,FALSE,-0.005778071013358216,29.203872322211794,23.083394742402504,28.549986836087385,22.43653386693342,-6.12047757980929,-6.113452969153965,0.007024610655324892,,TRUE
3711,TRUE,FALSE,-0.04219121607263264,29.454347017364007,26.326690966838456,25.575688230354082,21.915470215881427,-3.1276560505255517,-3.6602180144726546,-0.5325619639471029,,TRUE
3712,TRUE,FALSE,-0.04836578080366368,27.31914196584415,22.004893990454242,30.265598518446996,23.227180811602313,-5.3142479753899075,-7.038417706844683,-1.7241697314547757,,TRUE
3713,TRUE,FALSE,-0.1674131892485964,29.271887974767544,26.566645059064577,33.747997051551685,25.90761038533116,-2.705242915702968,-7.840386666220525,-5.135143750517557,,TRUE
3714,TRUE,FALSE,-0.05906371545483486,29.153797217870764,25.03338929052482,30.523277584361853,24.706125600002448,-4.120407927345944,-5.8171519843594055,-1.6967440570134613,,TRUE
3715,TRUE,FALSE,-0.017788115632592482,28.42266952697094,23.455833669906436,30.317311283954098,24.578275628219963,-4.966835857064503,-5.739035655734135,-0.7721997986696323,,TRUE
3716,TRUE,FALSE,-0.08410201745669765,26.886921968927364,23.231395794572663,30.294042914050877,24.06392201052484,-3.6555261743547014,-6.230120903526036,-2.5745947291713343,,TRUE
3717,TRUE,FALSE,-0.0388282222811514,26.254239969598054,21.978382940460058,29.478577710067345,23.73777060539247,-4.275857029137995,-5.740807104674875,-1.4649500755368798,,TRUE
3718,TRUE,FALSE,-0.04140356822874593,32.84078286645448,27.26507055167499,26.866404017945193,21.400372094186373,-5.575712314779491,-5.46603192375882,0.10968039102067095,,TRUE
3719,TRUE,FALSE,-0.09138221188033746,27.360782987507886,24.036079794866957,26.651234405161212,21.368087543965466,-3.3247031926409285,-5.283146861195746,-1.9584436685548177,,TRUE
3720,TRUE,FALSE,-0.006502038546624285,27.80709330970462,21.425629634988535,28.146341624205782,21.546471254924132,-6.381463674716084,-6.59987036928165,-0.21840669456556583,,TRUE
3721,TRUE,FALSE,-0.14484716888415722,30.855395707535,27.994261923768597,30.207786048746076,23.711032825764118,-2.8611337837664017,-6.496753222981958,-3.6356194392155565,,TRUE
3722,TRUE,FALSE,-0.16991907774537662,27.18362689944663,26.080290640432224,29.41832612869158,23.813765158005765,-1.1033362590144051,-5.604560970685814,-4.501224711671409,,TRUE
3723,TRUE,FALSE,-0.15391653868591093,30.184556990265666,28.823944352977012,27.628852876144162,22.61967469458406,-1.3606126372886536,-5.009178181560102,-3.648565544271449,,TRUE
3724,TRUE,FALSE,-0.19855994361049592,23.863934210731163,22.3982876939863,30.004911051938745,23.090409305239824,-1.4656465167448616,-6.914501746698921,-5.448855229954059,,TRUE
3725,TRUE,FALSE,-0.007744505640269243,32.902186031704865,27.135178232468327,30.64952033221486,25.082349267509514,-5.767007799236538,-5.567171064705345,0.19983673453119266,,TRUE
3726,TRUE,FALSE,-0.0537219984701001,25.296479003111,21.477937268980412,29.348516293763176,23.614974248254413,-3.818541734130587,-5.733542045508763,-1.9150003113781757,,TRUE
3727,TRUE,FALSE,-0.053029863374340895,30.712949597949297,24.86457077394565,29.459635878480427,22.618106109620555,-5.848378824003646,-6.841529768859871,-0.9931509448562252,,TRUE
3728,TRUE,FALSE,-0.22620812129214402,26.161171435403922,25.793622259243563,30.70675393366694,24.14616247708716,-0.36754917616035954,-6.560591456579779,-6.193042280419419,,TRUE
3729,TRUE,FALSE,-0.1480996272281372,27.630387193617633,25.43373923875798,33.526838688638165,26.613193856387618,-2.196647954859653,-6.913644832250547,-4.716996877390894,,TRUE
3730,TRUE,FALSE,0.01968703218732954,28.577843117608698,23.40842248141384,28.681814950383135,23.960688782104963,-5.169420636194857,-4.721126168278172,0.4482944679166856,,TRUE
3731,TRUE,FALSE,-0.051171467245046974,24.762197409583376,20.79402912919533,30.297325992627666,24.17298488313824,-3.9681682803880456,-6.124341109489425,-2.1561728291013793,,TRUE
3732,TRUE,FALSE,-0.11675496032553376,23.917048361156734,20.21953303135011,30.44254800425195,22.900159341742363,-3.697515329806624,-7.5423886625095875,-3.8448733327029636,,TRUE
3733,TRUE,FALSE,0.0035259507407125494,27.388464455093075,22.618042667779076,30.378342407073614,25.17576689952598,-4.770421787314,-5.202575507547635,-0.43215372023363585,,TRUE
3734,TRUE,FALSE,9.314975785298223e-4,27.795538676372477,23.547094806370612,27.29686467452001,23.146191838905352,-4.248443870001864,-4.150672835614657,0.09777103438720758,,TRUE
3735,TRUE,FALSE,-0.1128199850509934,28.93532121740274,25.268455340937013,31.753138052645678,24.770794763893186,-3.666865876465728,-6.982343288752492,-3.3154774122867643,,TRUE
3736,TRUE,FALSE,0.15727472827553218,33.351568625269195,25.45747484892129,27.631010781234615,24.683081511412627,-7.894093776347905,-2.947929269821987,4.946164506525918,,TRUE
3737,TRUE,FALSE,-0.06265643636462638,27.076250919436696,22.9485174706338,31.46384344035203,25.04762381328382,-4.127733448802896,-6.416219627068209,-2.2884861782653125,,TRUE
3738,TRUE,FALSE,-0.0910536570167209,25.670347351964477,22.40185329611059,27.199565258762608,21.670556560356268,-3.2684940558538855,-5.52900869840634,-2.2605146425524545,,TRUE
3739,TRUE,FALSE,-0.08838067234717774,24.737121656535138,21.370062851090275,26.672195075682446,21.092698995727524,-3.367058805444863,-5.579496079954922,-2.2124372745100587,,TRUE
3740,TRUE,FALSE,-0.1303477616595171,23.486400639552517,22.003471857692077,27.298495873564473,22.449369697886524,-1.4829287818604406,-4.849126175677949,-3.366197393817508,,TRUE
3741,TRUE,FALSE,-0.046269731001670526,26.905830034377317,21.58643270933971,29.4143310643755,22.531949612216824,-5.319397325037606,-6.8823814521586755,-1.5629841271210694,,TRUE
3742,TRUE,FALSE,-0.046579827204030755,30.433890281583942,25.543330431981904,29.595237900642797,23.70896111539462,-4.890559849602038,-5.886276785248178,-0.99571693564613994,,TRUE
3743,TRUE,FALSE,0.003938662715816113,27.033679753128077,22.860476525304122,30.88448721687919,26.219901072647836,-4.173203227823954,-4.664586144231354,-0.4913829164073995,,TRUE
3744,TRUE,FALSE,-0.0360487897738715,27.482103545068785,23.08292099983603,30.357579000309155,24.595300725560726,-4.399182545232755,-5.762278274748429,-1.363095729515674,,TRUE
3745,TRUE,FALSE,-0.11950439289036313,28.370578208857996,25.199716636730493,27.680524205197262,21.817334099146304,-3.170861572127503,-5.863190106050958,-2.6923285339234546,,TRUE
3746,TRUE,FALSE,-0.15391538078925002,28.103128097578384,25.766740384301546,27.456554338784425,21.582723786016025,-2.3363877132768387,-5.8738305527684,-3.537442839491561,,TRUE
3747,TRUE,FALSE,0.03375743484215571,32.9540868735826,26.304751295336025,30.862613091673502,25.481106310062327,-6.649335578246571,-5.381506781611176,1.2678287966353956,,TRUE
3748,TRUE,FALSE,-0.2106409357968723,29.416859456133935,27.020142759449456,30.59101721650107,22.76171892080281,-2.3967166966844786,-7.829298295698258,-5.43258159901378,,TRUE
3749,TRUE,FALSE,-0.08019885496726813,24.698612590693116,21.34523170979483,29.23156518369111,23.31580772954903,-3.3533808808982855,-5.915757454142081,-2.562376573243796,,TRUE
3750,TRUE,FALSE,0.020680041684368985,26.134009557280805,20.309351616160114,29.622811794845656,23.5016048755533,-5.824657941120691,-6.121206919292355,-0.29654897817166415,,TRUE
3751,TRUE,FALSE,0.07171680024909743,27.31534762093853,20.010444671740593,31.590477721499273,24.862935992768417,-7.304902949197938,-6.727541728730856,0.5773612204670826,,TRUE
3752,TRUE,FALSE,0.056851802315684034,32.357672041949975,24.373514325773858,26.082638761391824,20.79614489233104,-7.984157716176117,-5.286493869060784,2.697663847115333,,TRUE
3753,TRUE,FALSE,-0.020297099740961187,29.72741805175712,26.02019182789792,27.556200993283362,23.635115490717684,-3.707226223859198,-3.9210855025656777,-0.21385927870647947,,TRUE
3754,TRUE,FALSE,0.026319260108059076,30.644286869259286,25.097777083793726,28.995498680456436,24.38072580177931,-5.54650978546556,-4.614772878677126,0.9317369067884336,,TRUE
3755,TRUE,FALSE,0.04834158375260435,30.46974303412707,25.187810067027765,27.570850153469806,23.920280005290113,-5.281932967099305,-3.6505701481796926,1.6313628189196123,,TRUE
3756,TRUE,FALSE,-0.0859256601354453,26.700290563911132,22.536955973363263,28.735089953496267,22.25741839127663,-4.163334590547869,-6.477671562219637,-2.314336971671768,,TRUE
3757,TRUE,FALSE,0.011778584043940173,30.66175530200799,23.579522719177945,29.886562369531134,23.25569564405723,-7.082232582830045,-6.630866725473904,0.45136585735614076,,TRUE
3758,TRUE,FALSE,-0.0016705481173962338,25.765552397248477,20.589232136024314,28.515973806908523,22.749056511307337,-5.176320261224163,-5.766917295601186,-0.5905970343770228,,TRUE
3759,TRUE,FALSE,-0.04464441254838119,30.28224683950838,25.095486914071596,30.166190192347788,23.907775780132308,-5.186759925436785,-6.25841441221548,-1.0716544867786943,,TRUE
3760,TRUE,FALSE,-0.041021783503351644,26.48478665955087,20.18581435367438,29.277220941479506,21.417270002878404,-6.2989723058764895,-7.859950938601102,-1.5609786327246127,,TRUE
3761,TRUE,FALSE,0.03324813160238758,28.761133998700426,24.32148606735731,29.214335958467444,25.539924030217577,-4.439647931343117,-3.6744119282498673,0.7652360030932499,,TRUE
3762,TRUE,FALSE,-0.12578464509356432,25.15081118260385,22.120181581537466,27.10040260175974,21.017683915521992,-3.0306296010663836,-6.082718686237747,-3.052089085171364,,TRUE
3763,TRUE,FALSE,0.00598353365051556,28.92300067343592,24.528743908336562,27.469562907524534,23.435937222022915,-4.394256765099357,-4.033625685501619,0.3606310795977379,,TRUE
3764,TRUE,FALSE,-0.04515594527322652,30.295609641197967,25.23627697682116,27.90964114131544,22.22229270003709,-5.059332664376807,-5.687348441278349,-0.6280157769015418,,TRUE
3765,TRUE,FALSE,-0.07214333194181624,24.917184122031546,22.24503016002848,29.9766223748187,24.89919368987177,-2.6721539620030654,-5.077428684946931,-2.405274722943865,,TRUE
3766,TRUE,FALSE,-0.05297734581512832,25.225219334721967,21.34782850404337,29.05976586464643,23.324003398917583,-3.8773908306785962,-5.735762465728847,-1.8583716350502506,,TRUE
3767,TRUE,FALSE,-0.11461837893599673,25.401106481372945,22.857043237737447,27.934971257766033,22.41493656465093,-2.544063243635499,-5.520034693115104,-2.975971449479605,,TRUE
3768,TRUE,FALSE,-0.21728778087001854,26.776499823280847,26.495809237722355,30.101065644541663,23.968362742518323,-0.28069058555849224,-6.13270290202334,-5.852012316464847,,TRUE
3769,TRUE,FALSE,0.03989768040645339,29.015440690503237,21.611006141858887,29.805475392212877,23.1030443216362,-7.40443454864435,-6.702431070576676,0.7020034780676738,,TRUE
3770,TRUE,FALSE,-0.15957566452282174,25.86333428548589,23.713043180873385,30.27927847686351,23.667123151486937,-2.1502911046125064,-6.612155325376573,-4.461864220764067,,TRUE
3771,TRUE,FALSE,-0.14219850417178984,25.630156800891296,23.66730718773061,31.301377958908635,25.072925803011,-1.9628496131606852,-6.228452155897635,-4.26560254273695,,TRUE
3772,TRUE,FALSE,0.011756964540716047,27.274738951839055,21.372215872030015,29.913526305444595,23.717152521916272,-5.90252307980904,-6.196373783528323,-0.2938507037192828,,TRUE
3773,TRUE,FALSE,-0.04982933130715438,30.52429631904362,26.324082125810385,25.61497781084009,21.016527313196534,-4.200214193233236,-4.598450497643558,-0.39823630441032165,,TRUE
3774,TRUE,FALSE,-0.10621747015436579,30.260712032454844,25.766870049410773,30.406494837443745,23.281943032689487,-4.493841983044071,-7.124551804754258,-2.6307098217101874,,TRUE
3775,TRUE,FALSE,-0.04222182866275159,25.806910621974616,21.09379338836321,28.95882756865665,22.691486019258843,-4.713117233611406,-6.2673415493978055,-1.5542243157863993,,TRUE
3776,TRUE,FALSE,-0.13758154956415952,27.629302131809364,25.830751152263346,27.245580383719144,22.19791969257978,-1.7985509795460182,-5.047660691139363,-3.249109711593345,,TRUE
3777,TRUE,FALSE,-0.10394056802108079,29.731803783486473,24.677359146713314,30.205953994805814,22.59587508530704,-5.054444636773159,-7.610078909498775,-2.555634272725616,,TRUE
3778,TRUE,FALSE,-0.031210798418675734,24.809325112115342,20.90055615369885,28.09422950963395,22.940630018192735,-3.9087689584164913,-5.153599491441216,-1.2448305330247251,,TRUE
3779,TRUE,FALSE,-0.08648924644619457,26.260124224802922,23.678664064562227,24.958236156401895,20.64013374620767,-2.5814601602406952,-4.318102410194225,-1.7366422499535297,,TRUE
3780,TRUE,FALSE,-0.14123956308797675,29.099158845343606,26.828771827432202,30.669697692513033,24.5521929815997,-2.2703870179114034,-6.117504710913334,-3.8471176930019304,,TRUE
3781,TRUE,FALSE,-0.1466712616598993,24.008795249429806,20.998531227949954,31.355637618068076,23.682942881624317,-3.010264021479852,-7.672694736443759,-4.662430714963907,,TRUE
3782,TRUE,FALSE,0.03916343346866412,25.078723463083275,19.12682666819888,28.224611057072835,22.385867278332086,-5.951896794884394,-5.838743778740749,0.11315301614364515,,TRUE
3783,TRUE,FALSE,0.018988825577955358,27.426322497253604,21.114205988005867,28.8107996004,22.605245581980547,-6.312116509247737,-6.205554018419452,0.10656249082828495,,TRUE
3784,TRUE,FALSE,-0.034456461741965816,31.868319970730305,26.8516297465264,29.314737522127146,23.863450491279533,-5.016690224203906,-5.451287030847613,-0.43459680664370737,,TRUE
3785,TRUE,FALSE,-0.006961208214235808,30.733831693458814,24.072517239465345,30.111537374238683,23.421489613095744,-6.6613144539934694,-6.690047761142939,-0.02873330714946931,,TRUE
3786,TRUE,FALSE,-0.09570227985087384,28.993338775464366,26.08787926414923,30.76742093497871,25.15756867696678,-2.9054595113151365,-5.60985225801193,-2.7043927466967936,,TRUE
3787,TRUE,FALSE,0.006304653401236788,25.367792632176744,20.211024505092393,31.93334209089026,25.60283747594053,-5.1567681270843515,-6.3305046149497315,-1.17373648786538,,TRUE
3788,TRUE,FALSE,-0.0516746721193809,26.08420803006057,22.30659109854291,27.685561503321903,22.483652389587625,-3.7776169315176595,-5.201909113734278,-1.4242921822166181,,TRUE
3789,TRUE,FALSE,-0.13429802338574073,24.350563992835188,23.39831135850176,29.86191170809022,25.088125171654184,-0.9522526343334263,-4.773786536436035,-3.8215339021026082,,TRUE
3790,TRUE,FALSE,-0.04707238329779307,28.33756893879481,23.59699705719135,28.891719746804334,22.952197161427762,-4.740571881603461,-5.939522585376572,-1.1989507037731109,,TRUE
3791,TRUE,FALSE,-0.029343102150703855,32.60045424425726,26.495153286304916,28.743472569314466,22.68498376642986,-6.105300957952341,-6.058488802884607,0.04681215506773384,,TRUE
3792,TRUE,FALSE,0.09266753893863537,34.95621852739042,26.375916447137747,29.488652269084916,24.410857630877196,-8.580302080252672,-5.07779463820772,3.5025074420449513,,TRUE
3793,TRUE,FALSE,-0.12047678979484701,28.900237362000137,25.90610916068851,30.225666567952803,24.018963580019026,-2.9941282013116286,-6.206702987933777,-3.212574786622149,,TRUE
3794,TRUE,FALSE,-0.028976566692868414,27.957608187400005,23.4236306776952,26.393971028505423,21.481992981184778,-4.533977509704805,-4.911978047320645,-0.37800053761583996,,TRUE
3795,TRUE,FALSE,-0.03280980031184546,26.90266584838218,22.575390480953647,29.890259020563075,24.27283573506273,-4.327275367428534,-5.617423285500344,-1.2901479180718098,,TRUE
3796,TRUE,FALSE,-0.07314360299087393,28.006789318798152,23.780250151786078,30.87681908244987,24.36799429524213,-4.226539167012074,-6.50882478720774,-2.2822856201956654,,TRUE
3797,TRUE,FALSE,-0.05656055671437841,29.472657628644875,23.610700956887555,27.637954431594892,20.92336543781271,-5.861956671757319,-6.714588993782183,-0.8526323220248635,,TRUE
3798,TRUE,FALSE,-0.10484390516021522,32.24100140847077,29.109462720222247,28.836451208829327,23.444142365384206,-3.1315386882485257,-5.392308843445122,-2.260770155196596,,TRUE
3799,TRUE,FALSE,-0.04730055919501801,27.489811160864736,22.65874164820465,30.881466915728016,24.27837309580907,-4.831069512660086,-6.603093819918946,-1.7720243072588602,,TRUE
3800,TRUE,FALSE,-0.12641573932626315,25.268966453067783,22.48876706545257,28.200913053104813,22.117685524408454,-2.7801993876152125,-6.083227528696359,-3.303028141081146,,TRUE
3801,TRUE,FALSE,-0.04061959195405941,23.831429882414813,19.353927449933693,27.971690274896766,21.812068559131593,-4.477502432481121,-6.159621715765173,-1.6821192832840524,,TRUE
3802,TRUE,FALSE,0.031166736611822333,25.848071517857477,21.81961509892584,30.09572445411213,26.209532975183276,-4.028456418931636,-3.886191478928854,0.14226494000278223,,TRUE
3803,TRUE,FALSE,-0.09151721965767491,24.486572130280116,21.94313640190673,33.25343530285385,27.19329312815262,-2.5434357283733853,-6.06014217470123,-3.516706446327845,,TRUE
3804,TRUE,FALSE,-0.02082011999851582,29.924820880904843,23.831897059289997,31.165495862344414,24.308548804969067,-6.092923821614846,-6.856947057375347,-0.7640232357605008,,TRUE
3805,TRUE,FALSE,-0.06368369225048634,27.082010764259714,22.90596665140744,29.599679587712558,23.490769936513306,-4.176044112852274,-6.1089096511992516,-1.9328655383469773,,TRUE
3806,TRUE,FALSE,0.0015687392382611007,25.874466098455677,21.134198978568,32.15670173657696,26.306749360005487,-4.740267119887676,-5.849952376571476,-1.1096852566838002,,TRUE
3807,TRUE,FALSE,-0.163623538663787,30.711104704518387,27.56819813677415,29.61789140710046,22.57388349530688,-3.1429065677442374,-7.044007911793578,-3.9011013440493407,,TRUE
3808,TRUE,FALSE,-0.20645844023166737,20.99921708894325,18.098033012918545,31.424588259541473,22.030994776541707,-2.9011840760247054,-9.393593482999766,-6.49240940697506,,TRUE
3809,TRUE,FALSE,-0.12528751091193138,26.751985413233548,23.520065483454832,28.3825839796374,22.01520655294332,-3.231919929778716,-6.36737742669408,-3.1354574969153646,,TRUE
3810,TRUE,FALSE,-0.095478325180838,29.852316729835117,25.487281349768722,29.938920697787257,23.233567599637453,-4.365035380066395,-6.7053530981498035,-2.3403177180834085,,TRUE
3811,TRUE,FALSE,-0.14778801290937546,29.825111847974807,28.305188246758483,28.417701816817935,23.264268471474722,-1.5199236012163233,-5.153433345343213,-3.63350974412689,,TRUE
3812,TRUE,FALSE,-0.02683457559873504,28.230927558039305,25.185059622072952,26.618947295386214,23.11823126774173,-3.0458679359663527,-3.500716027644483,-0.4548480916781301,,TRUE
3813,TRUE,FALSE,-0.11026202036820716,30.596877288356907,26.910589158662187,33.348596690635304,26.268633285928317,-3.68628812969472,-7.079963404706987,-3.393675275012267,,TRUE
3814,TRUE,FALSE,0.0077108535995621215,29.900406838487648,23.879883602521645,31.824779510036844,25.613521537997276,-6.020523235966003,-6.211257972039569,-0.19073473607356561,,TRUE
3815,TRUE,FALSE,-0.025645403399764746,25.78302606151571,22.11173782595809,29.10126119096162,24.325576551055764,-3.6712882355576184,-4.775684639905855,-1.1043964043482362,,TRUE
3816,TRUE,FALSE,-0.15743188084042303,25.458489038603346,24.20551139523586,31.164821615640726,25.31479915320546,-1.2529776433674868,-5.850022462435266,-4.597044819067779,,TRUE
3817,TRUE,FALSE,0.004479568767697881,29.898020068378667,23.051896207042187,29.455710600201343,22.81283097304645,-6.84612386133648,-6.642879627154894,0.20324423418158588,,TRUE
3818,TRUE,FALSE,0.049217612789007006,28.870209884174113,22.902445708936664,29.379257605458076,24.482044107023295,-5.967764175237448,-4.89721349843478,1.070550676802668,,TRUE
3819,TRUE,FALSE,0.04360021777672903,27.757329137270336,23.75080326012837,28.035047890519916,25.05747255420255,-4.006525877141964,-2.977575336317365,1.0289505408245994,,TRUE
3820,TRUE,FALSE,-0.05402298390252689,27.015207777598107,23.816213218844673,28.748891755218057,24.011739411981935,-3.1989945587534336,-4.737152343236122,-1.5381577844826886,,TRUE
3821,TRUE,FALSE,-0.0022951268234496854,30.350371292385354,24.87171169606746,29.379872257927982,24.021206060091064,-5.478659596317893,-5.358666197836918,0.11999339848097534,,TRUE
3822,TRUE,FALSE,-0.11808564445079599,29.316150531491775,25.82138987429232,28.715417563657514,22.475215481362664,-3.494760657199457,-6.24020208229485,-2.745441425095393,,TRUE
3823,TRUE,FALSE,0.03820902214708809,28.710124530161366,22.284274694286374,28.50534896620737,22.987077317093515,-6.425849835874992,-5.518271649113856,0.9075781867611354,,TRUE
3824,TRUE,FALSE,-0.140528934001795,25.30568300568174,22.844094474573534,29.12305912881259,22.84346264009865,-2.4615885311082053,-6.279596488713938,-3.818007957605733,,TRUE
3825,TRUE,FALSE,-0.026962524070421007,25.88537056685725,21.657489685357486,29.55357840428696,24.068782801824373,-4.227880881499765,-5.484795602462587,-1.256914720962822,,TRUE
3826,TRUE,FALSE,0.08498615697522698,23.19659485498465,17.362652891993722,25.853442425303587,21.06780272454944,-5.833941962990927,-4.785639700754146,1.0483022622367812,,TRUE
3827,TRUE,FALSE,-0.09545267354224075,26.731585386497734,22.71267417743606,29.53048166176527,22.806545907792835,-4.018911209061674,-6.723935753972434,-2.70502454491076,,TRUE
3828,TRUE,FALSE,0.03601513421903414,30.369044193193318,23.405785367482505,34.12688330844179,27.266531506883258,-6.963258825710813,-6.860351801558533,0.10290702415228026,,TRUE
3829,TRUE,FALSE,-0.011985802133319663,28.752690523880023,22.218283198914076,31.67944596168311,24.18823715997974,-6.534407324965947,-7.4912088017033724,-0.9568014767374251,,TRUE
3830,TRUE,FALSE,-0.01052468205663535,25.795777638633144,21.54683144599641,27.394665375280443,22.64279206152003,-4.248946192636733,-4.751873313760413,-0.5029271211236797,,TRUE
3831,TRUE,FALSE,-0.05110041845878994,29.040272329052822,23.312087418412407,30.17771935629381,23.018353954501258,-5.728184910640415,-7.159365401792552,-1.431180491152137,,TRUE
3832,TRUE,FALSE,0.025024201112542815,28.019118084504893,23.47349190480516,29.39654072567593,25.25150910961835,-4.545626179699731,-4.1450316160575795,0.4005945636421515,,TRUE
3833,TRUE,FALSE,-0.09584528409053976,28.43996455083444,24.80875142601594,27.710445004260116,21.963132375481653,-3.6312131248184976,-5.747312628778463,-2.1160995039599655,,TRUE
3834,TRUE,FALSE,-0.09673018232229443,31.293797104746155,28.089836860964784,28.049844582088504,22.856621120020602,-3.2039602437813706,-5.193223462067902,-1.9892632182865313,,TRUE
3835,TRUE,FALSE,-0.09670510707702701,26.461192181482144,23.51539881975654,32.114651414928716,25.908821550443335,-2.9457933617256025,-6.205829864485381,-3.260036502759778,,TRUE
3836,TRUE,FALSE,0.08462437676523474,34.05686525470926,25.257112238671247,30.882073508102163,24.925126742848782,-8.79975301603801,-5.956946765253381,2.84280625078463,,TRUE
3837,TRUE,FALSE,-0.00782147523591559,29.653639259615254,24.277123634346673,28.31288206639234,22.99886936572393,-5.376515625268581,-5.31401270066841,0.06250292460017093,,TRUE
3838,TRUE,FALSE,-0.060100305678157176,29.713158870625676,25.49673299628981,27.686307393106393,22.371727270478488,-4.216425874335865,-5.3145801226279055,-1.0981542482920403,,TRUE
3839,TRUE,FALSE,0.004635910467859236,31.023731591969902,25.625315849181863,27.920776084043393,23.1694662297025,-5.398415742788039,-4.751309854340892,0.6471058884471468,,TRUE
3840,TRUE,FALSE,-0.05732548691228608,29.28179673804029,26.167909444587554,29.99658926471768,25.31319941224249,-3.113887293452734,-4.683389852475191,-1.5695025590224567,,TRUE
3841,TRUE,FALSE,-0.1236660916950363,26.678691138050425,24.495864829739862,27.65458700633031,22.438195806819568,-2.1828263083105632,-5.216391199510742,-3.0335648912001787,,TRUE
3842,TRUE,FALSE,0.23582740062020618,36.46515043957986,23.991466927641838,28.08420871868958,23.391578212185465,-12.47368351193802,-4.692630506504116,7.781053005433904,,TRUE
3843,TRUE,FALSE,-0.1689782537845455,26.155746198684234,24.02568616003098,32.064071870289844,24.87373684252815,-2.130060038653255,-7.190335027761694,-5.060274989108439,,TRUE
3844,TRUE,FALSE,-0.1435890367607615,26.90410254698763,25.189909613772567,29.9910264182123,24.324252476282332,-1.7141929332150632,-5.666773941929968,-3.9525810087149047,,TRUE
3845,TRUE,FALSE,-0.17321217766635227,26.776223845027875,24.036348574228377,32.8254446590503,24.780193218730044,-2.739875270799498,-8.045251440320254,-5.3053761695207555,,TRUE
3846,TRUE,FALSE,-0.06550485660713681,26.759689973561205,22.716766415121945,27.18715660765314,21.616273468263948,-4.042923558439259,-5.570883139389192,-1.5279595809499327,,TRUE
3847,TRUE,FALSE,-0.0989324665470538,33.09126465073118,27.05088896711026,30.953367550395487,22.919770110131793,-6.040375683620923,-8.033597440263694,-1.9932217566427717,,TRUE
3848,TRUE,FALSE,-0.01746445218514096,29.935262176930344,23.910630575370313,29.12434015535051,22.860164064878283,-6.024631601560031,-6.264176090472226,-0.2395444889121947,,TRUE
3849,TRUE,FALSE,-0.15664221274995938,28.693848242358385,26.74419376297104,29.894320235658668,23.823224692586532,-1.9496544793873447,-6.071095543072136,-4.121441063684792,,TRUE
3850,TRUE,FALSE,-0.13188608235813953,28.682344995593148,24.682742899929316,28.924030853421243,21.81524941203077,-3.999602095663832,-7.108781441390473,-3.1091793457266412,,TRUE
3851,TRUE,FALSE,-0.09053837826042012,29.193669137487632,24.796532623450158,33.21564731372052,25.770608720793046,-4.397136514037474,-7.445038592927471,-3.0479020788899973,,TRUE
3852,TRUE,FALSE,0.13289702277713156,30.26895110776893,21.861022156705978,29.46838712099688,24.307813896156603,-8.407928951062953,-5.160573224840277,3.2473557262226755,,TRUE
3853,TRUE,FALSE,-0.013334817214420504,30.61534739161256,26.059304039284257,27.136522274102504,22.792217091036147,-4.556043352328302,-4.344305183066357,0.21173816926194533,,TRUE
3854,TRUE,FALSE,-0.08488899373259498,24.39549158621128,21.601767099284938,27.40730214913131,22.293546975090585,-2.7937244869263402,-5.113755174040726,-2.320030687114386,,TRUE
3855,TRUE,FALSE,-0.22471552682099277,30.599844608594438,30.689345086743895,28.145367132966445,22.546680171377908,0.08950047814945705,-5.5986869615885375,-5.688187439737995,,TRUE
3856,TRUE,FALSE,-0.0073367003519030916,33.05526418681063,26.153979009434114,31.13684661129901,24.45600289219653,-6.9012851773765185,-6.68084371910248,0.22044145827403838,,TRUE
3857,TRUE,FALSE,-0.07609321950181037,33.32361744377904,28.80791398332119,28.230382166671887,22.616716988865598,-4.515703460457853,-5.61366517780629,-1.0979617173484364,,TRUE
3858,TRUE,FALSE,-0.15472366542439792,27.141164575676513,25.640060068239414,26.14363988007265,21.15733576557191,-1.5011045074370983,-4.98630411450074,-3.4851996070636417,,TRUE
3859,TRUE,FALSE,-0.1221853870745181,31.538004571534426,29.44724167499192,27.865213582849467,23.025461613854148,-2.0907628965425076,-4.839751968995319,-2.7489890724528117,,TRUE
3860,TRUE,FALSE,-0.12346794756149945,27.841472949326125,25.561507009210843,29.73028910429012,24.125256021133097,-2.2799659401152823,-5.605033083157021,-3.325067143041739,,TRUE
3861,TRUE,FALSE,-0.01646047661507095,30.049317888562424,24.00280791007282,31.827865198140003,25.008419591217606,-6.046509978489603,-6.819445606922397,-0.7729356284327942,,TRUE
3862,TRUE,FALSE,-0.04894350928190931,33.25485256555737,26.816663474599796,28.619436579201405,21.976316392090116,-6.438189090957575,-6.64312018711129,-0.20493109615371452,,TRUE
3863,TRUE,FALSE,-0.0660751590611623,24.766245041513802,21.564196154758207,28.83845053405232,23.504388315900464,-3.2020488867555947,-5.334062218151857,-2.132013331396262,,TRUE
3864,TRUE,FALSE,-0.07034047814745263,28.834846667379544,23.816415753867677,30.746378468041858,23.670326251902363,-5.018430913511867,-7.0760522161394945,-2.057621302627627,,TRUE
3865,TRUE,FALSE,-0.01284380797973881,27.0568981287864,21.678714136586933,28.74291535798182,22.735700164045667,-5.378183992199467,-6.007215193936151,-0.6290312017366837,,TRUE
3866,TRUE,FALSE,-0.0762486136537904,29.857090931869283,26.099317802295342,28.86997541329655,23.383726711308277,-3.757773129573941,-5.4862487019882735,-1.7284755724143324,,TRUE
3867,TRUE,FALSE,-0.0870373944312912,27.403655830583048,23.46363901926478,30.651268246221058,24.05666679082906,-3.9400168113182694,-6.594601455391999,-2.6545846440737293,,TRUE
3868,TRUE,FALSE,-0.13765482360536146,30.005208224617107,28.274077435650163,28.44266720551405,23.35497397539095,-1.7311307889669436,-5.087693230123097,-3.3565624411561537,,TRUE
3869,TRUE,FALSE,0.04517026556141205,27.43015704522186,22.25072266049216,29.805046345379427,25.294309314466304,-5.179434384729703,-4.510737030913123,0.6686973538165795,,TRUE
3870,TRUE,FALSE,0.04224045836134993,37.290658932441374,27.875595890744112,28.233537282669115,22.015785907739744,-9.415063041697262,-6.217751374929371,3.1973116667678916,,TRUE
3871,TRUE,FALSE,-0.0903224276753922,32.5296191981092,28.58341521080628,29.737324216868675,23.873192207121196,-3.9462039873029227,-5.864132009747479,-1.9179280224445563,,TRUE
3872,TRUE,FALSE,-0.16886227595568948,22.290730811206483,20.94162554925893,27.988635501509417,22.20914575199161,-1.3491052619475532,-5.779489749517808,-4.4303844875702545,,TRUE
3873,TRUE,FALSE,0.009157825207618658,27.174864825865193,21.234764745872834,27.556089814767304,21.730756528662802,-5.940100079992359,-5.825333286104502,0.11476679388785627,,TRUE
3874,TRUE,FALSE,0.027299213358300465,27.679573042463094,20.737141517125337,29.631506509917184,22.813879038805908,-6.942431525337756,-6.817627471111276,0.12480405422648033,,TRUE
3875,TRUE,FALSE,0.014592384909893742,30.917579497901656,24.478530925344863,28.70552891296338,23.061248180112067,-6.439048572556793,-5.644280732851314,0.7947678397054787,,TRUE
3876,TRUE,FALSE,-0.08974387966201505,24.1340044191208,21.682288727401893,29.006776197315776,23.823190734192593,-2.4517156917189062,-5.183585463123183,-2.731869771404277,,TRUE
3877,TRUE,FALSE,-0.07506917649695966,23.975286366614192,20.39356310053288,26.991704870545483,21.29891573533425,-3.581723266081312,-5.692789135211232,-2.11106586912992,,TRUE
3878,TRUE,FALSE,-0.07424407316271173,27.49383040179198,22.763381246689026,31.771724409093732,24.42297237677866,-4.730449155102953,-7.348752032315073,-2.6183028772121197,,TRUE
3879,TRUE,FALSE,-0.1575308333688199,21.70146610076783,19.573410974712584,28.579021707754798,22.01963048775645,-2.128055126055248,-6.559391219998346,-4.431336093943099,,TRUE
3880,TRUE,FALSE,0.04073584118047642,29.37063372447499,21.570859767258103,33.77081677840983,25.833726283548504,-7.799773957216889,-7.937090494861327,-0.13731653764443763,,TRUE
3881,TRUE,FALSE,-0.10208448544082291,22.094935217522217,18.907003431658453,31.387537252827126,24.252274934053283,-3.187931785863764,-7.135262318773844,-3.9473305329100796,,TRUE
3882,TRUE,FALSE,-0.17539563370443664,21.16265888629965,19.85337725867099,30.773686821168813,24.225365452778746,-1.3092816276286605,-6.5483213683900665,-5.239039740761406,,TRUE
3883,TRUE,FALSE,-0.11730605220751128,28.736990376652027,25.151062009493938,30.512690218048025,23.749265034217075,-3.5859283671580897,-6.76342518383095,-3.1774968166728605,,TRUE
3884,TRUE,FALSE,-0.1543270553723495,30.61700014133274,26.74110997487601,28.487133108020167,21.322697718181615,-3.8758901664567276,-7.164435389838552,-3.288545223381824,,TRUE
3885,TRUE,FALSE,-0.07425606254820985,29.794489395464904,25.35017524861086,29.2181065180512,23.080652839123786,-4.444314146854044,-6.137453678927415,-1.6931395320733706,,TRUE
3886,TRUE,FALSE,-0.18075823761478182,30.202571619713215,27.03837088447369,31.287399859187634,23.377806818227747,-3.1642007352395254,-7.909593040959887,-4.745392305720362,,TRUE
3887,TRUE,FALSE,-0.04162153733261442,24.72836097660403,20.328500953887445,28.343909029546452,22.350835599297262,-4.3998600227165845,-5.99307343024919,-1.5932134075326054,,TRUE
3888,TRUE,FALSE,-0.06043474177252518,28.52456267450013,24.97114853510578,30.262076301794416,24.93858282187838,-3.553414139394352,-5.323493479916035,-1.7700793405216828,,TRUE
3889,TRUE,FALSE,0.025399738425203235,28.931327243544242,23.628299370264564,29.910864966018046,25.056709937169238,-5.303027873279678,-4.854155028848808,0.44887284443086983,,TRUE
3890,TRUE,FALSE,0.025218536899374047,31.186183412749813,23.773800056596833,29.747849965275282,23.256493309225135,-7.412383356152979,-6.491356656050147,0.921026700102832,,TRUE
3891,TRUE,FALSE,0.012908142417498505,28.668245061351605,23.238244562945436,28.48533026801143,23.38995595116002,-5.430000498406169,-5.095374316851412,0.3346261815547571,,TRUE
3892,TRUE,FALSE,-0.1208715877843366,25.822803979002657,24.608812962589845,25.233086472509846,21.309034834578576,-1.2139910164128125,-3.924051637931271,-2.7100606215184584,,TRUE
3893,TRUE,FALSE,-0.04328902994956531,28.219524112599267,23.282028212359023,28.87096786053829,22.810367482131447,-4.937495900240243,-6.060600378406843,-1.1231044781665993,,TRUE
3894,TRUE,FALSE,0.04682081549270044,31.586514984954643,24.897499457596822,28.430399486905092,23.483942251967832,-6.689015527357821,-4.9464572349372595,1.7425582924205614,,TRUE
3895,TRUE,FALSE,-0.15054950734047542,26.904994260764628,22.804814687683734,29.28441771705681,21.35243539599966,-4.100179573080894,-7.931982321057152,-3.8318027479762584,,TRUE
3896,TRUE,FALSE,0.09158543366107028,28.018328625146196,22.205417347929366,28.841529051786452,25.050133506682663,-5.8129112772168305,-3.7913955451037893,2.0215157321130413,,TRUE
3897,TRUE,FALSE,0.020054733701118183,31.929083469917522,24.646079344923148,28.36100378506389,22.335344123929247,-7.283004124994374,-6.025659661134643,1.2573444638597309,,TRUE
3898,TRUE,FALSE,-0.10389920097528925,28.014579018525247,23.796090801750726,30.279503969394533,23.181814354437524,-4.218488216774521,-7.097689614957009,-2.879201398182488,,TRUE
3899,TRUE,FALSE,-0.06940914392376964,30.066383446136665,25.248135771504792,29.08206914337107,22.78397101937028,-4.818247674631873,-6.298098124000788,-1.4798504493689144,,TRUE
3900,TRUE,FALSE,-0.18615950452907398,28.47509370968188,26.821065343611824,27.630266684663717,21.604682749050184,-1.6540283660700545,-6.025583935613533,-4.371555569543478,,TRUE
3901,TRUE,FALSE,-0.12756963780949043,27.103548923153365,23.420759056017733,29.72243263949582,22.60769924849161,-3.6827898671356323,-7.114733391004211,-3.431943523868579,,TRUE
3902,TRUE,FALSE,-0.032294282123982096,26.78033097924275,22.82031001693047,28.751571089870115,23.72148933963559,-3.960020962312278,-5.030081750234526,-1.0700607879222481,,TRUE
3903,TRUE,FALSE,-0.06274411187829192,29.612460174417844,24.938271676796486,29.963536686169295,23.69929973717189,-4.674188497621358,-6.264236948997404,-1.5900484513760453,,TRUE
3904,TRUE,FALSE,0.008971607088586743,30.06628133788068,24.43708897437602,28.278082031983995,23.190815595849113,-5.629192363504661,-5.0872664361348825,0.5419259273697783,,TRUE
3905,TRUE,FALSE,0.04370271356252852,31.50058693090809,24.95465093579498,27.661326554670826,22.892103703519403,-6.545935995113108,-4.769222851151422,1.7767131439616861,,TRUE
3906,TRUE,FALSE,0.026746589199381502,31.302489326337437,23.412021967432285,29.55928356599373,22.707527388387508,-7.890467358905152,-6.851756177606223,1.038711181298929,,TRUE
3907,TRUE,FALSE,-0.12883341215095082,29.20207758793844,24.70087346391221,30.518064582252865,22.69362677878472,-4.501204124026231,-7.824437803468147,-3.323233679441916,,TRUE
3908,TRUE,FALSE,-0.08312669548295909,28.27684956377463,25.078971667694802,27.526989392891505,22.466527614109523,-3.1978778960798273,-5.060461778781981,-1.862583882702154,,TRUE
3909,TRUE,FALSE,0.04375820797888731,28.46404043674604,22.09549964574317,32.572461911474605,26.415681051100517,-6.368540791002868,-6.156780860374088,0.21175993062878007,,TRUE
3910,TRUE,FALSE,-0.08785425020568632,22.109816312172526,19.585804029260238,28.333515130098288,22.988048871935213,-2.524012282912288,-5.345466258163075,-2.821453975250787,,TRUE
3911,TRUE,FALSE,-0.16294743324754962,24.543443684053862,21.700137509921465,32.07570239483831,24.09550272246071,-2.8433061741323975,-7.980199672377598,-5.1368934982452,,TRUE
3912,TRUE,FALSE,-0.04248984450457105,31.128575895605014,25.99615371533009,28.391607580551717,22.72410160432378,-5.132422180274922,-5.667505976227936,-0.5350837959530139,,TRUE
3913,TRUE,FALSE,-0.117046104346278,24.757802128708278,22.109405162711017,30.69995242458387,24.387663609307236,-2.648396965997261,-6.312288815276634,-3.6638918492793735,,TRUE
3914,TRUE,FALSE,-0.028632697045282766,29.010108472658814,23.34935526933493,28.034439143810975,21.927160231287935,-5.660753203323885,-6.107278912523039,-0.4465257091991539,,TRUE
3915,TRUE,FALSE,-0.07894156060047751,29.983674117996674,25.035950989172765,30.331981815584673,23.40432641269025,-4.94772312882391,-6.927655402894423,-1.9799322740705136,,TRUE
3916,TRUE,FALSE,0.01136544000016243,31.819679613494348,25.227711604169787,29.477637305177492,23.637997041660753,-6.59196800932456,-5.839640263516738,0.7523277458078219,,TRUE
3917,TRUE,FALSE,-0.019417917573886993,26.27415332098046,22.02412832652298,30.811388073717314,25.330756990856436,-4.25002499445748,-5.480631082860878,-1.2306060884033982,,TRUE
3918,TRUE,FALSE,-0.1330530657482631,34.78677932342206,30.76821115243668,30.293621291107996,23.456056808341224,-4.018568170985379,-6.837564482766773,-2.818996311781394,,TRUE
3919,TRUE,FALSE,-0.07411551768970755,28.696902634603035,24.052642530575422,30.633765155372277,23.841863155158016,-4.644260104027612,-6.791902000214261,-2.1476418961866486,,TRUE
3920,TRUE,FALSE,0.005370447771838512,34.83854679101655,27.53255095001833,31.284589950176066,24.857030390744164,-7.305995840998218,-6.427559559431902,0.8784362815663158,,TRUE
3921,TRUE,FALSE,-0.15950235119584866,30.262480743131146,27.14985744903012,30.51217261714978,23.338082419434983,-3.1126232941010272,-7.174090197714797,-4.06146690361377,,TRUE
3922,TRUE,FALSE,-0.08667394873798924,31.097507865426227,26.89228645367881,34.13764910476244,27.070341509700086,-4.2052214117474165,-7.067307595062353,-2.8620861833149362,,TRUE
3923,TRUE,FALSE,0.012078960265914884,31.66953649718844,26.23637166140902,28.895782318669802,24.229382718039464,-5.433164835779419,-4.6663996006303385,0.7667652351490801,,TRUE
3924,TRUE,FALSE,-0.05970477088619678,27.598667694529276,23.09492886500863,27.880752529097222,21.97877841935251,-4.503738829520646,-5.901974109744714,-1.3982352802240676,,TRUE
3925,TRUE,FALSE,-0.07020119066524848,26.422360046807356,22.383532098073353,29.77051082509344,23.51014510110162,-4.038827948734003,-6.260365723991818,-2.221537775257815,,TRUE
3926,TRUE,FALSE,-0.1194431553264082,29.536251151977403,26.636942243140922,30.54477189199661,24.445131604213103,-2.899308908836481,-6.099640287783508,-3.200331378947027,,TRUE
3927,TRUE,FALSE,-0.12911413020083323,30.35615744495648,28.334285919806266,29.75490797448824,24.409030637663157,-2.021871525150214,-5.345877336825083,-3.324005811674869,,TRUE
3928,TRUE,FALSE,-0.12791448246494266,31.46775226404653,28.011400070587815,31.576403330247473,24.733136865193465,-3.4563521934587165,-6.843266465054008,-3.386914271595291,,TRUE
3929,TRUE,FALSE,3.4429410890295434e-4,27.19878147887016,20.973620933494008,32.03371108386168,24.71045521493416,-6.225160545376152,-7.323255868927522,-1.0980953235513695,,TRUE
3930,TRUE,FALSE,-0.014849318774261584,30.83272779880943,24.625837686051632,32.202045698874194,25.34040481919524,-6.206890112757797,-6.861640879678955,-0.6547507669211576,,TRUE
3931,TRUE,FALSE,-0.0580983258081952,26.87029324257,22.548277021917983,30.57798429490254,24.211295411088955,-4.322016220652017,-6.366688883813584,-2.044672663161567,,TRUE
3932,TRUE,FALSE,-0.05597032529400933,31.13575017706529,26.468278688670374,30.544467558697534,24.552251290025705,-4.667471488394916,-5.992216268671829,-1.3247447802769123,,TRUE
3933,TRUE,FALSE,-0.029915818167121678,30.630439547982757,24.79370989231878,29.191098464068254,22.932238473515664,-5.8367296556639765,-6.25885999055259,-0.42213033488861385,,TRUE
3934,TRUE,FALSE,-0.16842378132263405,28.467715022064098,24.957783893929513,31.367922069432353,23.23772681204969,-3.5099311281345855,-8.130195257382663,-4.620264129248078,,TRUE
3935,TRUE,FALSE,-0.042562635572711525,31.006550480501847,24.992502086718925,27.376248656396424,21.14684115384991,-6.014048393782922,-6.229407502546515,-0.2153591087635931,,TRUE
3936,TRUE,FALSE,-0.0615188713745329,27.64728027869241,23.784714159427725,30.181771432576824,24.415911422655743,-3.8625661192646845,-5.765860009921081,-1.9032938906563963,,TRUE
3937,TRUE,FALSE,0.022745066803787066,31.047390928032957,23.434031195432315,29.61977086882584,22.870815228722975,-7.613359732600642,-6.748955640102864,0.8644040924977787,,TRUE
3938,TRUE,FALSE,0.03894991024686377,28.027528749725395,21.73971631544014,28.640298582621675,23.097359727452766,-6.287812434285254,-5.542938855168909,0.7448735791163443,,TRUE
3939,TRUE,FALSE,-0.03774965445834711,25.55907855116346,22.124522862450196,26.186996671366096,21.82830166975414,-3.4345556887132638,-4.358695001611956,-0.9241393128986921,,TRUE
3940,TRUE,FALSE,-0.158599833829067,26.95612263574556,25.23612808850076,29.696747461406922,23.724395351696053,-1.7199945472448022,-5.972352109710869,-4.2523575624660666,,TRUE
3941,TRUE,FALSE,-0.05129795085103253,32.60467228943505,27.64553623147369,30.11593181706927,24.25845105805795,-4.959136057961359,-5.85748075901132,-0.898344701049961,,TRUE
3942,TRUE,FALSE,0.02403972026425702,27.439047804786437,22.097632731055853,29.81112959326882,24.592091453375495,-5.341415073730584,-5.219038139893325,0.12237693383725912,,TRUE
3943,TRUE,FALSE,-0.04275105045168276,27.13410988880039,22.482880083813168,28.122794882891604,22.326893387361736,-4.651229804987221,-5.795901495529868,-1.1446716905426477,,TRUE
3944,TRUE,FALSE,0.017846609218284258,33.25909213899927,25.88099313639849,30.802733297475996,24.40116079511023,-7.378099002600781,-6.401572502365767,0.9765265002350141,,TRUE
3945,TRUE,FALSE,-0.02268963760953643,30.593122654440524,25.61643000634624,30.973409781334887,25.35302769766319,-4.976692648094286,-5.6203820836716964,-0.6436894355774108,,TRUE
3946,TRUE,FALSE,-0.01852042174980321,28.35168176532518,24.24041358120435,27.454241014857427,23.042379489437014,-4.111268184120828,-4.411861525420413,-0.30059334129958515,,TRUE
3947,TRUE,FALSE,-0.04228807592609983,33.52618604336248,26.7200721354712,30.9567333391162,23.65065232125736,-6.80611390789128,-7.3060810178588405,-0.4999671099675602,,TRUE
3948,TRUE,FALSE,-0.03891829960103304,26.372785134369852,21.916249734224834,28.515056199922004,22.792001938529275,-4.456535400145018,-5.723054261392729,-1.266518861247711,,TRUE
3949,TRUE,FALSE,0.006564266862585479,28.88359061311849,23.591079379499735,30.67054818701451,25.21558187299221,-5.292511233618754,-5.4549663140223,-0.1624550804035465,,TRUE
3950,TRUE,FALSE,-0.03837649883624975,22.122852315145604,18.879630062239315,31.601621012947962,25.953445334891875,-3.243222252906289,-5.648175678056088,-2.404953425149799,,TRUE
3951,TRUE,FALSE,-0.11106041386927401,30.671846480262797,26.024973441769546,30.745969344072662,23.345632145771546,-4.646873038493251,-7.400337198301116,-2.7534641598078657,,TRUE
3952,TRUE,FALSE,-0.1363626909639558,26.898817533575386,23.58194208575436,28.169303241468242,21.547699994474975,-3.316875447821026,-6.621603246993267,-3.304727799172241,,TRUE
3953,TRUE,FALSE,-0.09865756226094899,26.761635848379456,23.30232392564236,29.21324058136408,23.047290643484885,-3.459311922737097,-6.165949937879194,-2.7066380151420972,,TRUE
3954,TRUE,FALSE,-0.10361390630653632,25.12474737391742,21.40011848989145,29.84303490463628,22.917039506959732,-3.724628884025968,-6.925995397676548,-3.20136651365058,,TRUE
3955,TRUE,FALSE,-0.0620905155344042,26.525635803579686,21.917658671402556,30.28412773609682,23.516780082145488,-4.60797713217713,-6.767347653951333,-2.1593705217742034,,TRUE
3956,TRUE,FALSE,-0.09386770700091424,26.685256376101666,23.24348442722888,29.807212508942836,23.636599181971793,-3.4417719488727876,-6.1706133269710435,-2.728841378098256,,TRUE
3957,TRUE,FALSE,-0.07287759599039333,26.180957061698482,22.106365015576547,28.87116050950455,22.664478037158887,-4.074592046121936,-6.206682472345662,-2.1320904262237264,,TRUE
3958,TRUE,FALSE,0.049551932613875325,27.684854392969005,22.329128477799337,28.16203467642914,23.867871371153594,-5.355725915169668,-4.294163305275546,1.0615626098941213,,TRUE
3959,TRUE,FALSE,0.12072038342493016,39.338496241820046,28.788225150906722,29.916244155520477,24.702016158053514,-10.550271090913323,-5.214227997466963,5.33604309344636,,TRUE
3960,TRUE,FALSE,-0.06741329211636632,25.565435817434057,22.78685106067104,31.44969566583354,26.20416585283456,-2.778584756763017,-5.245529812998981,-2.4669450562359643,,TRUE
3961,TRUE,FALSE,-0.16199002995789388,21.419192885325703,20.452283741496487,30.56345502450005,24.81931428316713,-0.9669091438292163,-5.74414074133292,-4.777231597503704,,TRUE
3962,TRUE,FALSE,-0.05783920669233378,27.120107947527288,22.822452246714718,32.781503607741094,26.03637479552747,-4.2976557008125695,-6.7451288122136255,-2.447473111401056,,TRUE
3963,TRUE,FALSE,0.034184547829640435,30.317663707819754,23.314735529675563,28.09557094958487,22.357270670967925,-7.002928178144192,-5.738300278616947,1.2646278995272446,,TRUE
3964,TRUE,FALSE,0.13135967634774334,29.460227446853217,22.122566073105588,28.005060659610685,23.981961734093563,-7.337661373747629,-4.023098925517122,3.3145624482305074,,TRUE
3965,TRUE,FALSE,-0.11371254165261098,34.32614402559942,28.572179038879256,28.573184270120272,21.227177677747175,-5.753964986720163,-7.346006592373097,-1.592041605652934,,TRUE
3966,TRUE,FALSE,-0.02593525899253611,28.453210783860257,23.831824127597187,27.64134748887071,22.559095089673473,-4.62138665626307,-5.0822523991972375,-0.4608657429341676,,TRUE
3967,TRUE,FALSE,0.017551166212152927,28.277674081188586,22.933887174632915,27.161627832425513,22.418789326706914,-5.343786906555671,-4.742838505718598,0.6009484008370727,,TRUE
3968,TRUE,FALSE,-0.015315002448093364,31.047807694890814,24.793836643779244,28.56020111437352,22.460676665233112,-6.25397105111157,-6.099524449140407,0.15444660197116278,,TRUE
3969,TRUE,FALSE,0.0046724109664919,30.548505619726043,25.26233155980742,31.486619958840574,26.16005816246137,-5.286174059918622,-5.3265617963792025,-0.04038773646058047,,TRUE
3970,TRUE,FALSE,-0.16484573044755899,24.05425254013185,22.1675925698388,28.254765716910953,22.081409100580622,-1.8866599702930493,-6.173356616330331,-4.2866966460372815,,TRUE
3971,TRUE,FALSE,-0.040496667945571635,28.96009350023184,23.76368218310131,29.527219438157868,23.267453142420557,-5.196411317130529,-6.259766295737311,-1.0633549786067817,,TRUE
3972,TRUE,FALSE,-0.03081003679298359,24.819501991216484,20.567839958984262,26.89045939694095,21.60793248079965,-4.251662032232222,-5.2825269161413,-1.0308648839090786,,TRUE
3973,TRUE,FALSE,-0.03260480923536194,27.497269628517607,23.655107446914354,31.7717263470949,26.455506298943675,-3.8421621816032534,-5.3162200481512265,-1.474057866547973,,TRUE
3974,TRUE,FALSE,-0.09843725713153954,27.176436090264943,23.994017881328286,30.401049858977697,24.324745176582187,-3.1824182089366566,-6.076304682395509,-2.8938864734588527,,TRUE
3975,TRUE,FALSE,-0.051930778783950575,25.633928773597823,21.94182297509881,27.632933081597688,22.455941500786462,-3.692105798499014,-5.176991580811226,-1.4848857823122117,,TRUE
3976,TRUE,FALSE,-0.06914471283868479,27.53015028761713,23.478824286862217,28.648438916387367,22.800247320898777,-4.051326000754912,-5.84819159548859,-1.7968655947336778,,TRUE
3977,TRUE,FALSE,-0.059110168438469904,32.9639769549495,29.066591682435504,28.62015944760977,23.787857979704814,-3.897385272513997,-4.832301467904955,-0.9349161953909579,,TRUE
3978,TRUE,FALSE,0.06183507131110116,29.342737521992433,21.77227704921971,26.90343578392936,21.235652010547625,-7.570460472772723,-5.667783773381736,1.9026766993909874,,TRUE
3979,TRUE,FALSE,-0.0023809667205796897,29.15846161544106,23.62783363324637,28.48955521168654,23.03090083625264,-5.530627982194687,-5.458654375433898,0.07197360676078901,,TRUE
3980,TRUE,FALSE,-0.16766958780199132,24.26423836644339,21.58000892734867,33.75026969570958,25.383074655667716,-2.6842294390947217,-8.36719504004186,-5.6829656009471385,,TRUE
3981,TRUE,FALSE,-0.10162041061192535,26.921103399027302,22.437968565997284,29.465572430078353,22.185661284776497,-4.483134833030018,-7.279911145301856,-2.796776312271838,,TRUE
3982,TRUE,FALSE,-0.05256841756023216,35.424662506280754,31.11650035691345,28.10861623494021,23.425793869902034,-4.3081621493673055,-4.682822365038177,-0.3746602156708718,,TRUE
3983,TRUE,FALSE,0.0616662354942631,26.24584953106665,19.547200451496465,31.792782681367544,25.184525870376245,-6.698649079570185,-6.6082568109913,0.09039226857888494,,TRUE
3984,TRUE,FALSE,-0.054212997359465435,29.99676169762379,24.906500764570282,30.386311740398213,23.898570604554596,-5.090260933053507,-6.487741135843617,-1.3974802027901099,,TRUE
3985,TRUE,FALSE,-0.10233123964126145,31.53175845854108,26.55064121989037,26.858616598924115,20.41590189455758,-4.981117238650711,-6.442714704366534,-1.4615974657158226,,TRUE
3986,TRUE,FALSE,-0.1247912234576922,27.540126275453602,24.876028187667135,32.160849082928294,25.6416801980228,-2.664098087786467,-6.519168884905493,-3.8550707971190263,,TRUE
3987,TRUE,FALSE,-0.025525247636028973,30.9167313112306,26.48175989998794,28.49658005169828,23.793621031020482,-4.43497141124266,-4.702959020677799,-0.26798760943513855,,TRUE
3988,TRUE,FALSE,-0.04765029168993228,26.18481882338814,22.684927058305302,29.077009377540154,24.01835677378061,-3.4998917650828396,-5.058652603759544,-1.5587608386767045,,TRUE
3989,TRUE,FALSE,-0.16863389365395795,28.637108520150726,26.695616569388235,27.18481795339482,21.409200538344802,-1.9414919507624901,-5.775617415050018,-3.8341254642875278,,TRUE
3990,TRUE,FALSE,-0.013300405922793085,26.67793007736394,21.821603167405947,29.240388485556227,23.601595845776465,-4.856326909957993,-5.638792639779762,-0.7824657298217694,,TRUE
3991,TRUE,FALSE,-0.02472204080754051,30.575581346855813,25.15056277128753,30.94999248836385,24.836871257580672,-5.425018575568284,-6.113121230783179,-0.6881026552148946,,TRUE
3992,TRUE,FALSE,-0.09258797349860541,26.838200853541526,22.970357288468225,30.290727151415066,23.6327142964612,-3.8678435650733007,-6.658012854953867,-2.7901692898805663,,TRUE
3993,TRUE,FALSE,-0.09625594628117498,29.5832676778323,25.34159347117149,27.859238802096954,21.674725010614036,-4.241674206660811,-6.184513791482917,-1.9428395848221065,,TRUE
3994,TRUE,FALSE,0.09342202737028081,30.378897665679407,23.381474541766536,29.68449221661936,25.084311230859736,-6.997423123912871,-4.600180985759625,2.3972421381532456,,TRUE
3995,TRUE,FALSE,-0.17653694920843568,31.8053209121945,29.326447958114873,29.247943797375335,22.60403644196671,-2.478872954079627,-6.643907355408626,-4.165034401328999,,TRUE
3996,TRUE,FALSE,-0.11660581625278797,30.768647909045324,26.491481758733087,27.883362238168537,21.364941925540883,-4.277166150312237,-6.518420312627654,-2.2412541623154176,,TRUE
3997,TRUE,FALSE,-0.05301167873113661,26.170570686033482,21.815792780105376,30.284488652120615,23.941721364383216,-4.354777905928106,-6.342767287737399,-1.9879893818092924,,TRUE
3998,TRUE,FALSE,-0.09100319012783634,32.0258126836077,27.123796814234804,30.6868646091825,23.72906670238274,-4.902015869372892,-6.957797906799758,-2.055782037426866,,TRUE
3999,TRUE,FALSE,0.0038487802502691457,30.93090405405714,23.50056163144572,28.088348964876147,21.4231507447262,-7.430342422611421,-6.6651982201499465,0.7651442024614745,,TRUE
4000,TRUE,FALSE,-0.04009337279402445,29.219260734160976,23.993118562659443,30.07094061377525,23.72204681741106,-5.226142171501532,-6.348893796364191,-1.1227516248626586,,TRUE
4001,TRUE,FALSE,-0.13074670118281256,22.940325281117577,21.527435231848948,30.2095826261946,24.87452944499942,-1.4128900492686292,-5.335053181195178,-3.922163131926549,,TRUE
4002,TRUE,FALSE,-0.046321590450408484,27.908751338530017,23.524584393373676,30.038555554346992,24.173714429527287,-4.384166945156341,-5.864841124819705,-1.4806741796633638,,TRUE
4003,TRUE,FALSE,-0.10258295714368605,33.549122024706755,30.265247347243136,29.913294706932433,24.354325480802814,-3.2838746774636185,-5.558969226129619,-2.275094548666001,,TRUE
4004,TRUE,FALSE,0.025718482478957725,32.49773583016074,25.952841700079173,31.118299764343018,25.4986430160979,-6.54489413008157,-5.6196567482451165,0.9252373818364532,,TRUE
4005,TRUE,FALSE,-0.0035580981058164003,28.404544142474233,20.854860588358495,32.28997879612553,23.62337612174034,-7.549683554115738,-8.666602674385192,-1.1169191202694542,,TRUE
4006,TRUE,FALSE,-0.1143231462642852,27.182333344669804,24.720559103272013,28.86434379026038,23.41441609550476,-2.4617742413977908,-5.4499276947556226,-2.988153453357832,,TRUE
4007,TRUE,FALSE,-0.08944747194696233,27.63880872446924,24.880689558276814,29.39291337301405,24.19575528139915,-2.758119166192426,-5.197158091614899,-2.439038925422473,,TRUE
4008,TRUE,FALSE,-0.03875760523387333,27.22855297729352,22.808499356853503,29.199438145082926,23.52959388261451,-4.420053620440019,-5.669844262468416,-1.2497906420283975,,TRUE
4009,TRUE,FALSE,-0.1410441392878213,26.09857141184294,23.98902194214754,29.710538287152154,23.716556649373707,-2.1095494696953985,-5.993981637778447,-3.8844321680830483,,TRUE
4010,TRUE,FALSE,-0.08991898161512217,32.052265050434926,29.26609326005103,30.430301781200882,25.395745639832,-2.7861717903838965,-5.034556141368881,-2.248384350984985,,TRUE
4011,TRUE,FALSE,-0.20773571809824426,26.14481366159904,24.69504469208406,31.006174181734753,23.793261181765775,-1.449768969514981,-7.212912999968978,-5.763144030453997,,TRUE
4012,TRUE,FALSE,0.03029213730279684,31.67866148250322,24.055245070795962,30.194139350671925,23.633134457557905,-7.623416411707257,-6.561004893114021,1.0624115185932368,,TRUE
4013,TRUE,FALSE,-0.02251277393528048,27.708473140604227,23.98824575828398,28.44687407548984,24.07926750162932,-3.720227382320246,-4.36760657386052,-0.6473791915402742,,TRUE
4014,TRUE,FALSE,-0.12987527469626065,25.439199899116833,22.01878787824365,30.518979072810154,23.198283201069334,-3.420412020873183,-7.320695871740821,-3.9002838508676376,,TRUE
4015,TRUE,FALSE,-0.06341295911789573,24.805541365683368,21.24387728148778,26.073829730395374,20.95800797140321,-3.5616640841955878,-5.1158217589921655,-1.5541576747965777,,TRUE
4016,TRUE,FALSE,-0.09852903151830902,29.371923819357285,25.30304429015936,28.822263072184604,22.49975793180619,-4.068879529197925,-6.322505140378414,-2.253625611180489,,TRUE
4017,TRUE,FALSE,-0.06740459838324536,27.434643627860225,23.629428380365496,27.46600015905693,22.11443589655032,-3.805215247494729,-5.35156426250661,-1.5463490150118808,,TRUE
4018,TRUE,FALSE,-0.07670433210047835,24.980325692313716,22.123263574596496,28.355649299706368,23.258324492210054,-2.85706211771722,-5.097324807496314,-2.240262689779094,,TRUE
4019,TRUE,FALSE,-0.13461929685772642,26.538808583286087,24.070080793990567,30.595243303557705,24.254125443623057,-2.468727789295521,-6.3411178599346485,-3.8723900706391277,,TRUE
4020,TRUE,FALSE,-0.09522035484498473,26.956540689818357,23.87179059456349,26.26690595508003,21.14833015995464,-3.0847500952548685,-5.118575795125391,-2.0338256998705226,,TRUE
4021,TRUE,FALSE,0.11363255160831126,29.85553279142002,21.972120642245464,29.587277498776672,24.395074244492303,-7.883412149174557,-5.192203254284369,2.691208894890188,,TRUE
4022,TRUE,FALSE,-0.03585479585662215,29.932041299705503,23.692510336430292,30.867296414101876,23.572291086845695,-6.239530963275211,-7.295005327256181,-1.05547436398097,,TRUE
4023,TRUE,FALSE,0.008249384459480027,31.696797272085387,24.65974639088302,30.952582484038,24.280228828820388,-7.037050881202369,-6.672353655217613,0.36469722598475585,,TRUE
4024,TRUE,FALSE,-0.01398945086437118,27.455281122777134,21.98687011040042,31.03113714847119,24.505279781496625,-5.468411012376713,-6.525857366974563,-1.0574463545978503,,TRUE
4025,TRUE,FALSE,-0.00597942204294568,30.05222532113662,24.484073962132978,28.86830452137025,23.379299486115947,-5.568151359003643,-5.489005035254301,0.07914632374934172,,TRUE
4026,TRUE,FALSE,-0.04017059330114643,30.396423807930113,25.630103594367213,29.3971873679163,23.81155643678709,-4.766320213562899,-5.585630931129209,-0.8193107175663101,,TRUE
4027,TRUE,FALSE,0.11885162098110723,31.61334687323408,23.355560717139813,26.52533270615754,22.06974243424734,-8.257786156094266,-4.4555902719102,3.8021958841840657,,TRUE
4028,TRUE,FALSE,-0.06477523087978983,27.708158494724252,22.458154086926918,29.491006954178225,22.40394357672871,-5.250004407797334,-7.087063377449514,-1.8370589696521797,,TRUE
4029,TRUE,FALSE,-0.17634012007155367,30.18053791868912,26.6763900889154,31.47656666199419,23.324046440066937,-3.504147829773718,-8.152520221927254,-4.6483723921535365,,TRUE
4030,TRUE,FALSE,-0.0198375862750617,31.94701346462514,25.92008658879159,30.95747960059617,24.62387650388818,-6.026926875833549,-6.333603096707989,-0.30667622087444,,TRUE
4031,TRUE,FALSE,-0.05431263940012269,29.12804810453895,24.912476988409257,30.926186099820647,25.052104392870824,-4.215571116129695,-5.8740817069498235,-1.6585105908201285,,TRUE
4032,TRUE,FALSE,-0.0013660321699217584,30.589507627329763,24.4268774778616,28.01135360081924,22.33758937127883,-6.162630149468164,-5.67376422954041,0.4888659199277541,,TRUE
4033,TRUE,FALSE,-0.028700223045599504,29.237880057803256,26.097166815565078,30.168125758211094,26.165646078669887,-3.140713242238178,-4.0024796795412065,-0.8617664373030287,,TRUE
4034,TRUE,FALSE,-0.21503256213761687,26.540164502767926,26.50803788316822,30.98583080945618,24.960292030250212,-0.03212661959970475,-6.0255387792059665,-5.993412159606262,,TRUE
4035,TRUE,FALSE,-0.006629249353136452,40.11365835989718,31.38043678700611,27.762287712532697,21.57460818008137,-8.733221572891068,-6.187679532451327,2.5455420404397415,,TRUE
4036,TRUE,FALSE,0.016880570062198813,28.116764426767883,22.488202979285465,31.747294215490857,25.824223134235798,-5.628561447482419,-5.92307108125506,-0.29450963377264117,,TRUE
4037,TRUE,FALSE,-0.2550223075529862,29.276075799695214,27.276859610755015,28.684878006650415,20.709982495634904,-1.9992161889401991,-7.974895511015511,-5.975679322075312,,TRUE
4038,TRUE,FALSE,0.013013620266245338,24.572827500412046,19.858630041729786,30.305482260742163,24.812304151505728,-4.714197458682261,-5.493178109236435,-0.7789806505541748,,TRUE
4039,TRUE,FALSE,0.0012096633798924547,30.13081685981445,24.506380851051,28.215818778116102,22.976627330362874,-5.62443600876345,-5.239191447753228,0.38524456101022153,,TRUE
4040,TRUE,FALSE,-0.05005595468610163,28.892282985318314,24.09037523030382,30.343306148162505,24.064984079750406,-4.8019077550144935,-6.278322068412098,-1.4764143133976049,,TRUE
4041,TRUE,FALSE,-0.08226709231169908,26.16019850413632,22.357472675959777,30.344102792738383,23.885142146368665,-3.802725828176545,-6.458960646369718,-2.656234818193173,,TRUE
4042,TRUE,FALSE,-0.06986188208398593,23.83447663256191,21.52273960707745,27.320751613396812,23.00614986414745,-2.311737025484458,-4.314601749249363,-2.0028647237649047,,TRUE
4043,TRUE,FALSE,-0.10888896601479277,30.45409485732682,26.379345150114716,30.375214956635027,23.59651124377335,-4.074749707212103,-6.778703712861677,-2.7039540056495746,,TRUE
4044,TRUE,FALSE,-0.03507396991515911,23.497633325431398,19.830385051030824,27.894150201811268,22.729387259732352,-3.667248274400574,-5.164762942078916,-1.4975146676783417,,TRUE
4045,TRUE,FALSE,-0.19128808450930054,26.059439661274194,25.056905761707984,28.84046356049624,22.90283496181716,-1.0025338995662096,-5.93762859867908,-4.93509469911287,,TRUE
4046,TRUE,FALSE,0.12572013489781236,24.629411800731017,17.673626712095885,27.37610693960152,22.276291245983128,-6.955785088635132,-5.0998156936183925,1.8559693950167393,,TRUE
4047,TRUE,FALSE,0.04076722308633555,24.73346836545262,19.866746137706542,27.125654642295334,22.694829734370252,-4.866722227746077,-4.430824907925082,0.4358973198209952,,TRUE
4048,TRUE,FALSE,-0.09118366907196444,26.416282771790886,25.003509183825958,28.470681413489224,24.599515732063,-1.412773587964928,-3.8711656814262234,-2.4583920934612955,,TRUE
4049,TRUE,FALSE,-0.09389017654554745,29.466408456382155,26.41905806607518,29.257188807071767,23.88068244286416,-3.047350390306974,-5.376506364207607,-2.329155973900633,,TRUE
4050,TRUE,FALSE,0.05530330767496338,25.05832934441476,18.838958248570805,28.76783102745874,22.8575569883558,-6.219371095843954,-5.910274039102941,0.3090970567410132,,TRUE
4051,TRUE,FALSE,-0.06925094428431795,26.712940452515443,23.619334623654666,26.72729745511401,22.050868891804445,-3.0936058288607775,-4.676428563309564,-1.5828227344487864,,TRUE
4052,TRUE,FALSE,-0.021794671856316918,23.670508495296442,19.505958136203592,31.89307945073198,25.715255824734907,-4.16455035909285,-6.177823625997075,-2.013273266904225,,TRUE
4053,TRUE,FALSE,-0.10928426857751096,27.212862356069227,23.1383296973958,30.02238827182378,22.88450181713901,-4.0745326586734265,-7.137886454684768,-3.0633537960113415,,TRUE
4054,TRUE,FALSE,-0.06116388421041372,25.45751162760536,21.490196313940302,27.500978682282273,21.83782814908589,-3.9673153136650576,-5.663150533196383,-1.6958352195313253,,TRUE
4055,TRUE,FALSE,-0.038658325305480364,25.073648715480676,20.678288909828588,29.15092297379682,23.129182042457597,-4.395359805652088,-6.021740931339224,-1.6263811256871357,,TRUE
4056,TRUE,FALSE,0.08003382181419826,31.54427422559648,23.669121704660483,27.916761613278908,22.69263294493699,-7.875152520935998,-5.224128668341919,2.6510238525940792,,TRUE
4057,TRUE,FALSE,-4.8008234966962014e-4,30.62672444123533,24.092350870213938,29.169247593255466,22.934821166603257,-6.534373571021391,-6.23442642665221,0.299947144369181,,TRUE
4058,TRUE,FALSE,-0.19771944346305576,18.923361830538973,17.881543434538354,26.131763260192855,20.263150040511977,-1.0418183960006182,-5.868613219680878,-4.82679482368026,,TRUE
4059,TRUE,FALSE,0.004760822103602837,31.356556906491566,24.471240355181887,30.65436015795989,24.03739875134561,-6.885316551309678,-6.61696140661428,0.26835514469539845,,TRUE
4060,TRUE,FALSE,0.07413649571848935,29.639170274823318,21.378367352488848,29.74457804124897,23.105393916542067,-8.26080292233447,-6.6391841247069046,1.6216187976275656,,TRUE
4061,TRUE,FALSE,-0.16812583700929776,28.809562056780482,27.153693028424374,30.018305395830296,23.914554555617816,-1.6558690283561077,-6.103750840212481,-4.447881811856373,,TRUE
4062,TRUE,FALSE,-0.1657438064650999,26.879849958125217,23.692431294936075,29.73602218200446,22.206700802001123,-3.187418663189142,-7.5293213800033385,-4.341902716814197,,TRUE
4063,TRUE,FALSE,-0.045491702479430816,27.26922799247696,23.65169359700857,29.12584945014579,24.138551535790228,-3.6175343954683896,-4.987297914355562,-1.3697635188871722,,TRUE
4064,TRUE,FALSE,-0.07291489110378331,24.48256232479319,20.671009347006233,28.106006107786254,22.061620824541336,-3.811552977786956,-6.044385283244917,-2.2328323054579613,,TRUE
4065,TRUE,FALSE,-0.04750622273128816,27.04986030768067,22.506164842324157,29.42589570707927,23.34718205387777,-4.543695465356514,-6.0787136532015005,-1.5350181878449867,,TRUE
4066,TRUE,FALSE,-0.020046251660393432,29.16762556523206,23.868783337655785,30.251187487925485,24.2641821136391,-5.2988422275762765,-5.987005374286383,-0.6881631467101066,,TRUE
4067,TRUE,FALSE,0.011868076495549582,28.76076123793121,23.42325194195717,30.269182733243234,24.946047692377057,-5.337509295974041,-5.323135040866177,0.014374255107863831,,TRUE
4068,TRUE,FALSE,-0.14151827677475856,29.404371920596795,26.963451577784927,29.129673749101098,23.186681254593925,-2.440920342811868,-5.942992494507173,-3.5020721516953053,,TRUE
4069,TRUE,FALSE,-0.056081759825888804,31.25224077047103,26.075192078742447,29.77729359351655,23.48959770464049,-5.177048691728583,-6.287695888876058,-1.1106471971474754,,TRUE
4070,TRUE,FALSE,-0.08545174917639577,25.8056664617024,22.348398692242068,28.984601339660593,23.04556919152486,-3.4572677694603335,-5.939032148135734,-2.4817643786754005,,TRUE
4071,TRUE,FALSE,-0.012646814330437331,30.59221034923007,26.391623372226118,28.177980247940603,24.003394715429582,-4.200586977003951,-4.174585532511021,0.026001444492930403,,TRUE
4072,TRUE,FALSE,-0.03703973157128846,30.111305094776977,24.897736726117987,30.68435295874437,24.44900051867574,-5.21356836865899,-6.235352440068631,-1.0217840714096411,,TRUE
4073,TRUE,FALSE,-0.07566094926702639,27.450296939570862,23.577200839821202,29.624315177179362,23.59034993031683,-3.8730960997496595,-6.033965246862532,-2.160869147112873,,TRUE
4074,TRUE,FALSE,-0.1615676474599875,25.199185303129138,24.062942298892114,31.48944718128912,25.583462854506003,-1.1362430042370235,-5.905984326783116,-4.769741322546093,,TRUE
4075,TRUE,FALSE,-0.18215943590425054,27.611831872225277,25.037285793021,29.354698662286932,22.184968432085412,-2.5745460792042785,-7.16973023020152,-4.595184150997241,,TRUE
4076,TRUE,FALSE,-0.09862604197365593,25.91461547367695,23.56355280992045,27.690574569707497,22.813673641614592,-2.351062663756501,-4.876900928092905,-2.5258382643364037,,TRUE
4077,TRUE,FALSE,0.033199347611872626,28.079953480819537,22.37088152878944,28.837267336923617,23.74975374942195,-5.709071952030097,-5.087513587501668,0.621558364528429,,TRUE
4078,TRUE,FALSE,-0.023625730467532084,24.087664734875037,20.327617343144134,26.793788582557465,22.083371618316665,-3.760047391730904,-4.7104169642408,-0.9503695725098957,,TRUE
4079,TRUE,FALSE,-0.02068418045425717,27.786143077546512,22.5209295205003,29.464227616608298,23.392146717605318,-5.265213557046213,-6.07208089900298,-0.8068673419567673,,TRUE
4080,TRUE,FALSE,-0.06901592493584961,29.100810828343036,24.516055402322756,27.81995624041911,21.87402537055955,-4.58475542602028,-5.945930869859559,-1.3611754438392794,,TRUE
4081,TRUE,FALSE,-0.011533847747868548,30.672738271261576,25.219911122344914,30.226898248829745,24.568322288082417,-5.452827148916661,-5.658575960747328,-0.2057488118306665,,TRUE
4082,TRUE,FALSE,-0.047338993204980764,24.34208915342923,20.95316982042341,28.50550154596644,23.402459768722633,-3.3889193330058234,-5.103041777243806,-1.714122444237983,,TRUE
4083,TRUE,FALSE,-0.009127395354193235,34.50648017580139,27.190435046804375,27.1598851067047,21.20701023059885,-7.316045128997018,-5.952874876105849,1.3631702528911696,,TRUE
4084,TRUE,FALSE,0.05640387813942788,30.949808390242712,26.116363784409614,28.91412060310079,25.81431623177713,-4.8334446058330975,-3.0998043713236605,1.733640234509437,,TRUE
4085,TRUE,FALSE,-0.006821838213057753,32.25085570305099,27.643486840629865,30.513780564572542,25.976755833370405,-4.607368862421122,-4.537024731202138,0.07034413121898453,,TRUE
4086,TRUE,FALSE,-0.060727343480085585,23.541464514074203,20.3857884070832,29.942182543774187,24.400792901317367,-3.1556761069910024,-5.541389642456821,-2.3857135354658183,,TRUE
4087,TRUE,FALSE,-0.08586209664506332,30.5045116644413,25.866859962416036,30.529397836442925,23.757921255228375,-4.637651702025263,-6.77147658121455,-2.1338248791892873,,TRUE
4088,TRUE,FALSE,-0.06523422440582334,34.23810853512545,29.42033458306858,28.268937782264416,22.75707649941264,-4.817773952056868,-5.5118612828517755,-0.6940873307949076,,TRUE
4089,TRUE,FALSE,-0.03755138300843166,24.66155609206152,20.77799598196141,28.67337119311013,23.267706677718554,-3.8835601101001096,-5.4056645153915746,-1.522104405291465,,TRUE
4090,TRUE,FALSE,0.0626108759792112,27.93626366948663,21.93389829035135,26.608688123286996,22.241420726088958,-6.002365379135281,-4.367267397198038,1.6350979819372427,,TRUE
4091,TRUE,FALSE,-0.011188638388581066,34.04191669820303,28.253005046851136,29.10341669499857,23.885561547161103,-5.788911651351896,-5.217855147837469,0.571056503514427,,TRUE
4092,TRUE,FALSE,-0.10918486450881147,26.41788964159388,22.743796041044455,31.53178853333659,24.338569648588596,-3.6740936005494262,-7.193218884747996,-3.5191252841985694,,TRUE
4093,TRUE,FALSE,-0.19169952980592903,23.608511775754472,23.127231950615524,28.099063144148793,22.724421562995545,-0.48127982513894807,-5.374641581153249,-4.893361756014301,,TRUE
4094,TRUE,FALSE,-0.22084170060122077,27.147275640930474,25.329775056550325,31.33033109567052,23.440114725874263,-1.8175005843801486,-7.890216369796256,-6.072715785416108,,TRUE
4095,TRUE,FALSE,-0.08909344784514676,25.399272158949792,22.33032999520876,29.81637539698111,23.97926815370895,-3.0689421637410312,-5.837107243272158,-2.7681650795311263,,TRUE
4096,TRUE,FALSE,-0.05424317014975675,33.58781541015071,29.102280921504533,28.928411794070236,23.741729488881358,-4.485534488646177,-5.186682305188878,-0.7011478165427008,,TRUE
4097,TRUE,FALSE,-0.14615080113731327,27.214326361337225,24.53248448494937,32.96323436520177,25.674457514912586,-2.6818418763878533,-7.288776850289185,-4.606934973901332,,TRUE
4098,TRUE,FALSE,-0.22454586774573618,24.349707225643638,23.808897966193303,29.594533376111894,23.117348254540502,-0.5408092594503344,-6.477185121571392,-5.936375862121057,,TRUE
4099,TRUE,FALSE,-0.006442673218419607,28.0483277280121,22.489607164853037,28.552502522918054,22.746839192448125,-5.5587205631590635,-5.80566333046993,-0.24694276731086617,,TRUE
4100,TRUE,FALSE,-0.0906383820112206,26.618325174783457,23.234332810135196,28.359265729694577,22.60896661762282,-3.383992364648261,-5.750299112071758,-2.366306747423497,,TRUE
4101,TRUE,FALSE,-0.0912556554476564,28.165543001897916,24.855850287364643,29.62254855110041,23.861683906909676,-3.3096927145332735,-5.760864644190736,-2.4511719296574626,,TRUE
4102,TRUE,FALSE,0.013326582539290033,26.92413893384147,22.06744782408981,28.659790675491877,23.805152107850464,-4.856691109751658,-4.8546385676414125,0.0020525421102455255,,TRUE
4103,TRUE,FALSE,-0.08075356370474912,27.88397544494114,23.838868609238368,29.034964166618927,22.897149283392515,-4.0451068357027715,-6.137814883226412,-2.09270804752364,,TRUE
4104,TRUE,FALSE,-0.06714342351370137,32.92186424442196,28.11079055288087,27.82334480811406,22.214572454963665,-4.81107369154109,-5.608772353150396,-0.7976986616093065,,TRUE
4105,TRUE,FALSE,0.02027503340334377,33.138640708176105,25.55930876835995,30.09034435818226,23.683555804347982,-7.579331939816154,-6.406788553834279,1.172543385981875,,TRUE
4106,TRUE,FALSE,-3.88934754223388e-4,35.51850253461348,27.716898790226207,31.561049018098775,24.61911890807222,-7.801603744387275,-6.941930110026554,0.8596736343607212,,TRUE
4107,TRUE,FALSE,-0.11130866471535009,28.222051282381837,24.54755612036629,31.248936333540158,24.31723463217162,-3.674495162015546,-6.931701701368539,-3.2572065393529925,,TRUE
4108,TRUE,FALSE,-0.2325660647902777,28.268385734272716,26.89253491678962,30.583959348498748,23.058034332750474,-1.3758508174830943,-7.525925015748275,-6.15007419826518,,TRUE
4109,TRUE,FALSE,-0.1537972785577897,27.627680804744585,25.20698886285166,31.053436463483127,24.29365713223546,-2.420691941892926,-6.7597793312476675,-4.3390873893547415,,TRUE
4110,TRUE,FALSE,-0.058983645430106584,29.629439417589108,24.88009113481853,27.572962255741317,21.82708233212387,-4.749348282770576,-5.745879923617448,-0.9965316408468716,,TRUE
4111,TRUE,FALSE,-0.14031569446922704,26.38377432271711,23.564868950060532,28.70497674419408,22.281630752030562,-2.8189053726565767,-6.423345992163519,-3.604440619506942,,TRUE
4112,TRUE,FALSE,-0.032227404045352875,36.72578725049302,30.477262110832637,30.44978249907613,24.46768310832627,-6.248525139660384,-5.982099390749859,0.2664257489105246,,TRUE
4113,TRUE,FALSE,0.004519806217563708,32.896812208799595,26.252706305703313,29.2960851927211,23.48511986824417,-6.644105903096282,-5.810965324476932,0.83314057861935,,TRUE
4114,TRUE,FALSE,-0.13584787578553634,26.716627445407127,22.133815824472364,33.416909520506415,24.16812493926968,-4.582811620934763,-9.248784581236734,-4.665972960301971,,TRUE
4115,TRUE,FALSE,-0.08786984654309908,33.668638999278016,29.93266690319059,29.884392238131703,24.333405319825957,-3.7359720960874263,-5.550986918305746,-1.8150148222183198,,TRUE
4116,TRUE,FALSE,-0.04247485219058112,30.617339500567862,24.52821945040756,30.43811111954618,23.370590052164662,-6.089120050160304,-7.0675210673815165,-0.9784010172212128,,TRUE
4117,TRUE,FALSE,-0.11283281390789443,29.489718484525635,28.31773154284318,30.098502474707132,25.81844329717879,-1.171986941682455,-4.280059177528344,-3.1080722358458885,,TRUE
4118,TRUE,FALSE,-0.08810661069017767,27.889018491187812,24.474524169060047,29.424032390354668,23.643893906354727,-3.4144943221277657,-5.7801384839999415,-2.3656441618721757,,TRUE
4119,TRUE,FALSE,-0.09979527178780204,25.05902451945081,21.63698441867556,29.504011580824358,23.055423561484947,-3.4220401007752486,-6.448588019339411,-3.0265479185641624,,TRUE
4120,TRUE,FALSE,-0.06495686425690535,29.936054917394237,24.681105033914246,30.499397195995986,23.5641013234663,-5.254949883479991,-6.935295872529686,-1.6803459890496946,,TRUE
4121,TRUE,FALSE,-0.019973589503572114,25.56105726040544,21.778343166893595,29.50721421729066,24.64335387517357,-3.7827140935118457,-4.863860342117089,-1.0811462486052434,,TRUE
4122,TRUE,FALSE,-0.05874739055235977,21.055527094566425,18.26959707445463,28.673193198035168,23.45985075548653,-2.7859300201117954,-5.213342442548637,-2.4274124224368414,,TRUE
4123,TRUE,FALSE,-0.03559868473201406,27.719276693600687,23.395728279464635,28.824815925356372,23.477989572755465,-4.323548414136052,-5.346826352600907,-1.0232779384648545,,TRUE
4124,TRUE,FALSE,-0.15299592536313034,25.665348129644958,23.371681579844918,29.46841777998467,23.027899926519733,-2.29366654980004,-6.440517853464936,-4.146851303664896,,TRUE
4125,TRUE,FALSE,0.015837111982326423,24.525836180366092,20.04144555922264,29.55541861780341,24.53693461346209,-4.484390621143451,-5.018484004341321,-0.5340933831978703,,TRUE
4126,TRUE,FALSE,-0.12298823100483039,27.439513615666566,26.317527151851788,31.510106918499304,26.724244562554254,-1.1219864638147783,-4.785862355945049,-3.663875892130271,,TRUE
4127,TRUE,FALSE,-0.15847859588896085,24.470669046913553,22.358478509234416,33.53278798981279,26.148072865860662,-2.112190537679137,-7.384715123952127,-5.27252458627299,,TRUE
4128,TRUE,FALSE,-0.11116051637831864,26.746189523668704,24.045724110552158,29.620363381074682,23.82812805963899,-2.7004654131165466,-5.792235321435694,-3.091769908319147,,TRUE
4129,TRUE,FALSE,0.014379690457541729,25.147754696230006,19.931899723933228,29.86292672348027,24.011918855362403,-5.215854972296778,-5.851007868117868,-0.6351528958210899,,TRUE
4130,TRUE,FALSE,-0.03657243822347341,25.646819188532433,21.99323042611986,27.017294250204895,22.33645044026958,-3.6535887624125714,-4.680843809935315,-1.0272550475227433,,TRUE
4131,TRUE,FALSE,-0.05936982583933653,28.088768150005375,24.470273327838093,29.309795075682395,24.062177228535784,-3.618494822167282,-5.247617847146611,-1.6291230249793287,,TRUE
4132,TRUE,FALSE,-0.024093746169590927,28.710493779851614,22.869478269975833,31.330624310436658,24.362444520223427,-5.841015509875781,-6.968179790213231,-1.1271642803374498,,TRUE
4133,TRUE,FALSE,0.019612201681806416,33.94444341401342,25.51979874805798,30.068766204617248,23.053752824773174,-8.42464466595544,-7.015013379844074,1.4096312861113667,,TRUE
4134,TRUE,FALSE,-0.0273908400540738,24.647974249560257,20.19316921719529,27.77714696610841,22.141916007685367,-4.454805032364966,-5.635230958423044,-1.1804259260580778,,TRUE
4135,TRUE,FALSE,-0.026031765431841748,25.764811400907462,20.315588487002717,27.516588745047898,21.1393476162364,-5.449222913904745,-6.377241128811498,-0.9280182149067535,,TRUE
4136,TRUE,FALSE,0.00631471264002463,30.23487465794683,24.69471133548963,28.981631767875278,23.821058758786965,-5.5401633224572,-5.1605730090883135,0.3795903133688867,,TRUE
4137,TRUE,FALSE,-0.0676508434702103,32.15999722358676,27.00737016312508,30.46668866347879,23.911738956897214,-5.1526270604616755,-6.554949706581578,-1.4023226461199023,,TRUE
4138,TRUE,FALSE,-0.05011263267947385,26.016342617544648,21.697974581086108,29.65713891826755,23.525483853357457,-4.318368036458541,-6.131655064910092,-1.8132870284515512,,TRUE
4139,TRUE,FALSE,-0.03938208851675651,26.249150719165687,21.53044189472154,29.95009547994101,23.617421168868667,-4.718708824444146,-6.332674311072342,-1.6139654866281958,,TRUE
4140,TRUE,FALSE,-0.038701323755392356,27.056692367402412,23.556792698988055,28.28340272748745,23.69001537066712,-3.4998996684143577,-4.59338735682033,-1.0934876884059719,,TRUE
4141,TRUE,FALSE,-0.051040201606608354,30.903626746910348,25.934909976962345,30.113151360389388,24.014028639535738,-4.968716769948003,-6.09912272085365,-1.1304059509056472,,TRUE
4142,TRUE,FALSE,-0.025782545131594427,26.951442229149507,22.815141587951604,29.996412097042494,24.746469737410596,-4.136300641197902,-5.249942359631898,-1.1136417184339962,,TRUE
4143,TRUE,FALSE,-0.11964257542947981,30.739185908425757,27.253758600512008,28.207049381779047,22.188686383675936,-3.485427307913749,-6.018362998103111,-2.532935690189362,,TRUE
4144,TRUE,FALSE,-0.14521932919570552,24.055366624825794,21.29843301817343,28.87828926787774,22.112567981819748,-2.756933606652364,-6.7657212860579925,-4.0087876794056285,,TRUE
4145,TRUE,FALSE,0.1023046406021958,24.692777581899268,18.792933324264144,27.484370779464925,23.17078609858887,-5.899844257635124,-4.313584680876055,1.586259576759069,,TRUE
4146,TRUE,FALSE,-0.03256200274757053,28.02605574738515,23.372630602465776,30.98308804595699,25.01087102938774,-4.653425144919375,-5.97221701656925,-1.318791871649875,,TRUE
4147,TRUE,FALSE,-0.05092571816694595,28.56730478025255,24.516700549848785,28.61069152015612,23.334814389878357,-4.0506042304037635,-5.275877130277763,-1.2252728998739997,,TRUE
4148,TRUE,FALSE,-0.10526424186765698,26.152484773984604,22.81564668414606,29.603838867679244,23.246211096545306,-3.336838089838544,-6.357627771133938,-3.020789681295394,,TRUE
4149,TRUE,FALSE,-0.1383128710585592,23.375248101359027,21.817260021728305,28.525324618014874,23.184944320624055,-1.5579880796307215,-5.340380297390819,-3.7823922177600977,,TRUE
4150,TRUE,FALSE,-0.14689256427316796,24.56940065838724,23.08107493086396,29.657486323514522,24.054768246976018,-1.4883257275232822,-5.602718076538505,-4.1143923490152225,,TRUE
4151,TRUE,FALSE,-0.18024114893248896,24.589034286889348,21.46594316920372,31.816705422533246,23.194551185280613,-3.123091117685629,-8.622154237252634,-5.499063119567005,,TRUE
4152,TRUE,FALSE,-0.03768659308776419,23.894706647274507,20.221154196628497,29.26832532662364,23.852561929410406,-3.67355245064601,-5.415763397213233,-1.7422109465672229,,TRUE
4153,TRUE,FALSE,-0.00129028453760078,24.64402210667617,19.216192946549512,26.489260737986275,20.628385354934508,-5.4278291601266595,-5.860875383051766,-0.43304622292510686,,TRUE
4154,TRUE,FALSE,-0.054277516843369414,24.315259381358956,19.921321454588938,28.435874803771068,22.06649743576159,-4.393937926770018,-6.369377368009477,-1.975439441239459,,TRUE
4155,TRUE,FALSE,-0.04933879973945576,26.251335116185082,22.32573844472072,31.12232543049666,25.19410340678688,-3.925596671464362,-5.928222023709779,-2.002625352245417,,TRUE
4156,TRUE,FALSE,-0.02540039041980106,26.37027114505889,22.3731168674828,30.140370060899656,24.93039885482904,-3.99715427757609,-5.209971206070616,-1.2128169284945258,,TRUE
4157,TRUE,FALSE,-0.12032311077320927,26.648462189152166,23.7620661511785,32.848255784892125,25.96980563309359,-2.8863960379736646,-6.8784501517985355,-3.992054113824871,,TRUE
4158,TRUE,FALSE,0.024549301465915507,31.05303913571964,24.532508343726036,27.74299897188203,22.462230345316065,-6.520530791993604,-5.2807686265659655,1.2397621654276385,,TRUE
4159,TRUE,FALSE,-0.1017819488296856,27.22574912740352,24.161320807964294,27.704585403561122,22.206962034587004,-3.0644283194392266,-5.497623368974118,-2.4331950495348913,,TRUE
4160,TRUE,FALSE,-0.03293914259191167,22.22085240721842,19.18420744514711,30.00245624913182,25.063093277972275,-3.0366449620713105,-4.939362971159547,-1.902718009088236,,TRUE
4161,TRUE,FALSE,-0.011326598218136233,33.7537506907794,28.02575597342406,28.34866284635406,23.27280858979366,-5.727994717355337,-5.075854256560401,0.6521404607949357,,TRUE
4162,TRUE,FALSE,-0.10640371375019098,29.00778898977804,26.782842405574264,27.714000720539342,23.005449137631604,-2.2249465842037743,-4.708551582907738,-2.4836049987039637,,TRUE
4163,TRUE,FALSE,-0.12150449528651176,25.76476652789785,21.889663698091642,30.704328745936987,23.101690088904814,-3.8751028298062096,-7.602638657032173,-3.7275358272259638,,TRUE
4164,TRUE,FALSE,-0.03390370338249604,30.60676077755786,25.462693005312012,28.145706724015515,22.634709842630773,-5.144067772245847,-5.510996881384742,-0.3669291091388942,,TRUE
4165,TRUE,FALSE,-0.05350815808254393,32.71647347624291,28.203528991950673,28.8036055802908,23.536697516518718,-4.5129444842922375,-5.266908063772082,-0.7539635794798443,,TRUE
4166,TRUE,FALSE,-0.06793461657953657,24.14174356490414,20.062734590866032,28.76483071364421,22.334677648304716,-4.079008974038107,-6.430153065339493,-2.3511440913013857,,TRUE
4167,TRUE,FALSE,0.02350263168658971,32.57474877287612,23.826286305886146,29.261369093440017,21.911746084406108,-8.748462466989974,-7.349623009033909,1.3988394579560648,,TRUE
4168,TRUE,FALSE,-0.02892134263584226,26.581288049449388,21.062602737984314,29.022716953577305,22.341570662064147,-5.518685311465074,-6.6811462915131585,-1.1624609800480847,,TRUE
4169,TRUE,FALSE,0.03843964140688339,28.961364728926718,21.794200831437028,27.081709883398105,21.17835047448274,-7.16716389748969,-5.903359408915364,1.2638044885743263,,TRUE
4170,TRUE,FALSE,0.10266677637243175,26.938997791236556,20.742105937123245,26.86058984201362,22.917886965005252,-6.196891854113311,-3.9427028770083687,2.254188977104942,,TRUE
4171,TRUE,FALSE,-0.14806519118863132,23.13867998418723,21.679941548902352,29.069686912956147,23.488538019760828,-1.4587384352848787,-5.581148893195319,-4.122410457910441,,TRUE
4172,TRUE,FALSE,-0.047363694894047126,24.638216694562036,20.514304432841833,27.21276651639783,21.609784190254935,-4.1239122617202035,-5.602982326142897,-1.479070064422693,,TRUE
4173,TRUE,FALSE,-0.09086346259825748,25.347516585596335,21.507126028059215,33.81185882693724,26.19717798409546,-3.8403905575371198,-7.6146808428417785,-3.7742902853046587,,TRUE
4174,TRUE,FALSE,-0.03145636197173775,34.45949382646661,29.183253460034084,28.197847401648882,23.140857326603353,-5.276240366432528,-5.05699007504553,0.2192502913869987,,TRUE
4175,TRUE,FALSE,-0.18460728293458817,25.99306923895135,24.529753803146626,28.490129046018467,22.354044842761816,-1.4633154358047236,-6.136084203256651,-4.672768767451927,,TRUE
4176,TRUE,FALSE,0.05683061856829294,25.92431754033111,20.133358117213966,30.090503070349904,24.73543536755185,-5.790959423117144,-5.355067702798053,0.4358917203190913,,TRUE
4177,TRUE,FALSE,-0.04379887783881242,28.013900552675022,22.769182428184102,29.375014557414556,22.85232193697398,-5.24471812449092,-6.522692620440576,-1.2779744959496568,,TRUE
4178,TRUE,FALSE,-0.08063157652548775,26.64299702033145,23.714554415804294,29.368940023189833,24.115835694946067,-2.928442604527156,-5.253104328243765,-2.324661723716609,,TRUE
4179,TRUE,FALSE,-0.04492588894369122,35.65943927305167,29.976458468158413,28.80277071484491,23.148828321133696,-5.682980804893255,-5.653942393711215,0.029038411182039425,,TRUE
4180,TRUE,FALSE,-0.1296514187799453,27.11654751515225,23.49618987032309,29.558063198298306,22.49738944909123,-3.6203576448291592,-7.060673749207076,-3.440316104377917,,TRUE
4181,TRUE,FALSE,-0.1507349636638469,27.11080484603588,23.599324374471728,31.442791349766612,23.540457003037506,-3.511480471564152,-7.902334346729106,-4.390853875164954,,TRUE
4182,TRUE,FALSE,-0.09951325367853076,25.803307993851362,23.394429043474908,28.83388041006597,23.665849594481113,-2.4088789503764545,-5.168030815584856,-2.759151865208402,,TRUE
4183,TRUE,FALSE,-0.1546034077912098,22.29665152431522,20.401762240017174,31.078704447518223,24.363940783978364,-1.8948892842980456,-6.714763663539859,-4.8198743792418135,,TRUE
4184,TRUE,FALSE,0.05517154603350516,25.765348898927872,20.04851858485359,28.44338502582362,23.387738960772293,-5.716830314074283,-5.055646065051327,0.6611842490229556,,TRUE
4185,TRUE,FALSE,-0.06192504668088427,27.74976769877278,23.76284932165256,30.120147837322424,24.243903987521282,-3.986918377120219,-5.876243849801142,-1.8893254726809232,,TRUE
4186,TRUE,FALSE,-0.019476046125515196,23.5481558379857,18.704464810327785,28.958942776231172,22.558631416379693,-4.843691027657915,-6.400311359851479,-1.5566203321935639,,TRUE
4187,TRUE,FALSE,-0.1930009508172435,23.871724576188804,22.79193907620565,29.62870990748257,23.323352397393457,-1.0797854999831529,-6.305357510089113,-5.22557201010596,,TRUE
4188,TRUE,FALSE,0.04942812020546091,34.36251113889341,25.857261447255866,29.732104445278384,23.506590552206017,-8.505249691637545,-6.2255138930723675,2.279735798565177,,TRUE
4189,TRUE,FALSE,-0.11722916445963331,26.568535538156407,23.05920156946335,30.670227017024054,23.674546049281094,-3.5093339686930562,-6.99568096774296,-3.4863469990499034,,TRUE
4190,TRUE,FALSE,-0.053720262614617466,31.161855888702743,25.85005110052253,30.853455742140433,24.255570384891893,-5.311804788180211,-6.59788535724854,-1.2860805690683286,,TRUE
4191,TRUE,FALSE,-0.060667957456268115,30.177412237707355,24.628774820385104,33.414536959455475,25.665427383680633,-5.548637417322251,-7.749109575774842,-2.200472158452591,,TRUE
4192,TRUE,FALSE,-0.17822576398424952,31.514560971329146,29.023205865872256,31.43724038249781,24.225685287392327,-2.49135510545689,-7.211555095105481,-4.7201999896485916,,TRUE
4193,TRUE,FALSE,-0.11886527117190618,34.86528778847233,31.791671063430073,28.911243051834056,23.408001432130543,-3.073616725042257,-5.5032416197035126,-2.4296248946612558,,TRUE
4194,TRUE,FALSE,-0.14200466306462822,26.032543996131533,23.513006477443717,28.913858388283046,22.65821850061278,-2.519537518687816,-6.255639887670267,-3.7361023689824506,,TRUE
4195,TRUE,FALSE,-0.1438991612439971,24.021091535538986,22.089524944289067,30.47105212393771,24.265345329060583,-1.9315665912499185,-6.205706794877127,-4.2741402036272085,,TRUE
4196,TRUE,FALSE,-0.20813869476956645,23.55099907022254,23.42300503205618,31.348428820333243,25.319525860140864,-0.12799403816636,-6.028902960192379,-5.900908922026019,,TRUE
4197,TRUE,FALSE,0.11016356142055919,27.436997811179246,20.485515878434644,29.679250086373134,24.740397131059414,-6.951481932744603,-4.93885295531372,2.0126289774308823,,TRUE
4198,TRUE,FALSE,-0.03550547473437288,24.824206566133828,20.987932300707108,28.30939311885609,23.099629051752792,-3.83627426542672,-5.209764067103297,-1.3734898016765769,,TRUE
4199,TRUE,FALSE,-0.11613515392426872,27.172242514970133,24.505028446477212,27.11752527897119,21.774236020249653,-2.667214068492921,-5.343289258721537,-2.676075190228616,,TRUE
4200,TRUE,FALSE,-0.10733219651379076,27.832820791826304,24.559920857847857,28.749223633258186,22.78673387021211,-3.2728999339784473,-5.962489763046076,-2.6895898290676286,,TRUE
4201,TRUE,FALSE,-0.1418315975307057,28.097980200941908,26.28911736619846,28.904815989709462,23.467910969362464,-1.8088628347434472,-5.436905020346998,-3.628042185603551,,TRUE
4202,TRUE,FALSE,-0.09934942363711845,25.66323264270439,23.05275702461675,30.331722689331453,24.66957582559251,-2.6104756180876407,-5.662146863738943,-3.0516712456513027,,TRUE
4203,TRUE,FALSE,-0.09825906822136812,24.781610947071403,22.156248366254903,26.82033099292026,21.7348902890363,-2.6253625808164998,-5.0854407038839575,-2.4600781230674578,,TRUE
4204,TRUE,FALSE,-0.2296060182506757,29.698907888485348,29.497626423144236,30.605537035919994,24.161838074126752,-0.20128146534111124,-6.443698961793242,-6.242417496452131,,TRUE
4205,TRUE,FALSE,-0.049224069422916704,30.438148361499657,26.320723339853835,27.632738607696353,22.74708643393385,-4.117425021645822,-4.885652173762505,-0.7682271521166832,,TRUE
4206,TRUE,FALSE,-0.09399124326553411,27.31720708162526,24.709093625542064,28.135425926595065,23.166164499037183,-2.6081134560831956,-4.969261427557882,-2.3611479714746864,,TRUE
4207,TRUE,FALSE,-0.15344256724350686,31.02074128658822,29.14749952919547,27.17869530934311,21.90475887885405,-1.8732417573927478,-5.273936430489059,-3.400694673096311,,TRUE
4208,TRUE,FALSE,-0.1021198360991783,28.461836385684464,24.69354739656311,27.647197158747343,21.658161823045436,-3.7682889891213556,-5.989035335701907,-2.220746346580551,,TRUE
4209,TRUE,FALSE,-0.04290994438832649,33.78070953783435,29.736409591137708,29.846556729350002,25.169723597636146,-4.04429994669664,-4.676833131713856,-0.6325331850172162,,TRUE
4210,TRUE,FALSE,-0.12234088826284137,28.403541426317684,26.234333060054542,30.203968560837062,24.68479769794708,-2.169208366263142,-5.5191708628899825,-3.3499624966268406,,TRUE
4211,TRUE,FALSE,-0.19374023285858497,26.205958017486672,24.872696103883136,31.03720771103856,24.26974153952699,-1.3332619136035362,-6.767466171511568,-5.434204257908032,,TRUE
4212,TRUE,FALSE,0.06093477244548074,38.28053256552727,28.714644217322377,31.204596909915434,24.877554183381484,-9.56588834820489,-6.32704272653395,3.23884562167094,,TRUE
4213,TRUE,FALSE,-0.02775302603747515,32.211489807166345,26.32594699051673,29.2066925613254,23.21681195545681,-5.885542816649615,-5.989880605868592,-0.1043377892189774,,TRUE
4214,TRUE,FALSE,-0.0627934610517258,28.55732283314939,25.813220701750698,25.76318008849755,21.870228427976674,-2.744102131398691,-3.8929516605208754,-1.1488495291221845,,TRUE
4215,TRUE,FALSE,-0.1893110016900836,29.135866323455748,27.139493429542803,30.014843484915666,23.136260250283385,-1.9963728939129446,-6.878583234632281,-4.882210340719336,,TRUE
4216,TRUE,FALSE,-0.0077390395958116575,30.46353455066658,26.0905440622771,26.810471408691015,22.7848551674176,-4.37299048838948,-4.025616241273415,0.3473742471160648,,TRUE
4217,TRUE,FALSE,0.05574887088335674,33.75984459755163,24.848885212552695,33.922245566320456,26.39991276428129,-8.910959384998932,-7.522332802039166,1.3886265829597662,,TRUE
4218,TRUE,FALSE,-0.09423576527388126,34.51575042522081,31.261242391940932,28.114128298944518,23.17327755442899,-3.254508033279876,-4.940850744515529,-1.6863427112356533,,TRUE
4219,TRUE,FALSE,-0.08774980032372635,24.508826139255262,21.461028553353,32.13158389127206,25.772164897655625,-3.047797585902263,-6.359418993616433,-3.3116214077141706,,TRUE
4220,TRUE,FALSE,0.028633665301282453,25.574456396398727,20.158701964873615,29.84979764045172,24.212129437730724,-5.415754431525112,-5.637668202720995,-0.22191377119588296,,TRUE
4221,TRUE,FALSE,-0.06954666768793637,30.780746020698693,25.778448040544195,31.66966953304902,24.741009942097683,-5.0022979801544984,-6.928659590951337,-1.9263616107968389,,TRUE
4222,TRUE,FALSE,-0.19609790634272456,26.998412900716936,24.342904387184518,29.461555703269518,21.83361236371895,-2.6555085135324177,-7.627943339550569,-4.9724348260181515,,TRUE
4223,TRUE,FALSE,-0.049074108050471014,26.865168652651914,23.702018643864005,28.621309460711892,24.042113836959732,-3.163150008787909,-4.57919562375216,-1.4160456149642506,,TRUE
4224,TRUE,FALSE,-0.04989376748687273,29.494363243121015,24.917288901654516,27.06514300727653,21.752215707212354,-4.577074341466499,-5.312927300064175,-0.7358529585976754,,TRUE
4225,TRUE,FALSE,-0.026136059437675017,33.28968106785981,27.558965873522542,28.65459685764376,23.109834693314568,-5.730715194337268,-5.5447621643291924,0.18595303000807561,,TRUE
4226,TRUE,FALSE,0.006525501235600324,30.971659335406077,24.706595210003425,30.51713224872748,24.503387894885417,-6.2650641254026525,-6.013744353842064,0.2513197715605884,,TRUE
4227,TRUE,FALSE,-0.01980034120312246,28.151597206068786,23.76152052576528,31.413145116713007,25.99461741129826,-4.390076680303505,-5.418527705414746,-1.0284510251112415,,TRUE
4228,TRUE,FALSE,-0.12827662164537051,29.078067775398747,24.81951813806002,34.299177618199636,25.751449482316524,-4.258549637338728,-8.547728135883112,-4.289178498544384,,TRUE
4229,TRUE,FALSE,-0.04522979014505593,28.014119534757725,23.25628783942423,28.55882345454692,22.66004040989203,-4.757831695333497,-5.898783044654891,-1.1409513493213943,,TRUE
4230,TRUE,FALSE,0.020425145487719037,26.483689400035324,20.954812507439,29.595344591789214,23.900072727663147,-5.5288768925963225,-5.695271864126067,-0.16639497152974414,,TRUE
4231,TRUE,FALSE,-0.10775820276762381,28.276385900046137,23.52125009851953,30.389110986604376,22.696333383397143,-4.755135801526606,-7.692777603207233,-2.937641801680627,,TRUE
4232,TRUE,FALSE,-0.15201150611468903,23.273579853948174,22.12758170816646,29.150983506788556,23.807084673234943,-1.1459981457817143,-5.343898833553613,-4.197900687771899,,TRUE
4233,TRUE,FALSE,-0.1499000836277381,31.93237363050066,29.569395864131447,29.47441238559218,23.493927581940838,-2.3629777663692124,-5.980484803651343,-3.617507037282131,,TRUE
4234,TRUE,FALSE,-0.20347942221168938,28.2580608152343,27.04607167581214,32.247191889004256,25.181624920910448,-1.2119891394221582,-7.065566968093808,-5.85357782867165,,TRUE
4235,TRUE,FALSE,-0.03668464863786203,24.733239365451304,20.043784460782113,29.13566475270284,22.76101967563196,-4.689454904669191,-6.3746450770708805,-1.6851901724016898,,TRUE
4236,TRUE,FALSE,-0.002554968281921524,27.582804145652727,22.641218546055512,29.60943995143504,24.24275460881136,-4.941585599597214,-5.366685342623679,-0.4250997430264647,,TRUE
4237,TRUE,FALSE,-0.05383467201786452,26.302020440696296,22.94959562280343,28.120979543865587,23.250712717827884,-3.3524248178928673,-4.870266826037703,-1.5178420081448358,,TRUE
4238,TRUE,FALSE,-0.027017774354482944,25.36859404081034,19.95728608809132,33.70114600957733,25.80572609208689,-5.411307952719021,-7.89541991749044,-2.4841119647714187,,TRUE
4239,TRUE,FALSE,-0.13148402357375105,33.67259418169063,30.60828249560488,27.84976762919531,22.196330085657085,-3.064311686085748,-5.6534375435382245,-2.5891258574524763,,TRUE
4240,TRUE,FALSE,0.013407239204476855,24.48957683506585,19.1919390454155,27.852285148563567,22.121832393562176,-5.297637789650352,-5.730452755001391,-0.4328149653510387,,TRUE
4241,TRUE,FALSE,-0.09605473753742991,27.782090287198432,24.512972356648792,28.350969423393916,22.72390307641151,-3.2691179305496405,-5.6270663469824065,-2.357948416432766,,TRUE
4242,TRUE,FALSE,0.09260472777203632,27.296509677956696,21.551455640625637,27.769984337440423,24.05264532159255,-5.745054037331059,-3.717339015847873,2.0277150214831856,,TRUE
4243,TRUE,FALSE,-0.08013057140127153,23.226526623233585,20.219868876170104,27.10739337923935,21.781187793215796,-3.006657747063482,-5.326205586023555,-2.319547838960073,,TRUE
4244,TRUE,FALSE,-0.12439993727661355,28.385317184552456,25.032027768440674,30.402241709014,23.674547208688388,-3.3532894161117817,-6.727694500325612,-3.37440508421383,,TRUE
4245,TRUE,FALSE,-0.11331924714799477,29.06879189370419,25.20951232402029,26.31814257199609,20.37880779134285,-3.859279569683899,-5.93933478065324,-2.0800552109693413,,TRUE
4246,TRUE,FALSE,-0.002198658642105965,25.47844967541764,21.386655076631857,27.764453647242682,23.25434617867369,-4.091794598785782,-4.510107468568993,-0.41831286978321103,,TRUE
4247,TRUE,FALSE,-0.23886345377665544,29.655982955273593,28.4880557210234,30.30966310389801,22.929496374840827,-1.1679272342501932,-7.3801667290571835,-6.21223949480699,,TRUE
4248,TRUE,FALSE,-0.025348795888680806,26.709882748742945,21.7687980785341,30.93366783769065,24.580179217539097,-4.941084670208845,-6.353488620151552,-1.412403949942707,,TRUE
4249,TRUE,FALSE,-0.019738730357694523,33.601514036543755,27.675709820585716,30.352575404042533,24.511113832103657,-5.925804215958038,-5.841461571938876,0.0843426440191628,,TRUE
4250,TRUE,FALSE,-0.019629493385718684,24.116295477442254,19.432237757390208,27.31498822055893,21.581829445939306,-4.684057720052046,-5.733158774619625,-1.0491010545675792,,TRUE
4251,TRUE,FALSE,-0.05193516741959426,28.91185392718668,24.538763457477536,33.334386552253505,26.860496982251146,-4.373090469709144,-6.47388957000236,-2.100799100293216,,TRUE
4252,TRUE,FALSE,-0.07701343622339557,29.032959095523914,25.959052771287258,29.32589541037551,24.27740760927867,-3.073906324236656,-5.04848780109684,-1.974581476860184,,TRUE
4253,TRUE,FALSE,0.05257865393457924,31.484162533826872,24.307854943058146,28.46804081717397,23.16576729307335,-7.176307590768726,-5.30227352410062,1.8740340666681057,,TRUE
4254,TRUE,FALSE,-0.02526112898462172,30.231562103432548,24.55623635644034,30.959184913919835,24.519971766924964,-5.675325746992208,-6.43921314699487,-0.7638874000026625,,TRUE
4255,TRUE,FALSE,-0.1670620884937312,27.11886560520646,25.26474984954529,28.95802403600118,22.827495446684363,-1.8541157556611694,-6.1305285893168175,-4.276412833655648,,TRUE
4256,TRUE,FALSE,-0.08991920532191172,27.170251089242345,22.670330066240908,28.190383889809542,21.49877758191442,-4.499921023001438,-6.691606307895121,-2.1916852848936834,,TRUE
4257,TRUE,FALSE,-0.0371763644315973,29.619366038228357,24.776889512969152,28.375892784935097,22.87046896355124,-4.842476525259205,-5.505423821383857,-0.6629472961246528,,TRUE
4258,TRUE,FALSE,0.01916966276990199,32.940146371309275,25.586744412403295,29.29754950722686,23.197761649873986,-7.35340195890598,-6.099787857352876,1.2536141015531044,,TRUE
4259,TRUE,FALSE,0.08380341285750728,32.35605697647624,25.12848115376572,26.905412741321165,22.72195347248506,-7.22757582271052,-4.183459268836106,3.0441165538744137,,TRUE
4260,TRUE,FALSE,0.0010530620057428027,29.61628216991425,23.83985330887071,26.667156649675608,21.488548983477138,-5.7764288610435415,-5.17860766619847,0.5978211948450713,,TRUE
4261,TRUE,FALSE,-0.12804367643564935,22.414116699866014,19.810321184352958,31.041654935973746,24.138267333294866,-2.603795515513056,-6.90338760267888,-4.2995920871658235,,TRUE
4262,TRUE,FALSE,-0.13570677638480105,27.133787799106532,24.342768968298607,29.607048032522908,23.190918901715666,-2.791018830807925,-6.416129130807242,-3.625110299999317,,TRUE
4263,TRUE,FALSE,-0.17247345576839973,30.68084374689069,30.698701476156458,29.821500260694567,25.11180468393954,0.01785772926576712,-4.709695576755028,-4.727553306020795,,TRUE
4264,TRUE,FALSE,-0.11914675254088161,28.930885875078022,25.41883168163705,29.952737736005975,23.36068642872184,-3.512054193440971,-6.592051307284134,-3.079997113843163,,TRUE
4265,TRUE,FALSE,-0.10756585391813746,30.998489555998717,28.23971110798342,29.51081044601194,24.142686589039965,-2.7587784480152955,-5.368123856971977,-2.609345408956681,,TRUE
4266,TRUE,FALSE,-0.008927739693519742,32.54779529168382,26.825375075234888,31.565405779226733,25.784477529717424,-5.722420216448931,-5.780928249509309,-0.05850803306037733,,TRUE
4267,TRUE,FALSE,-0.12570708448879375,27.705134799370633,24.30185397888432,28.393693593430335,21.963782668726726,-3.4032808204863123,-6.429910924703609,-3.026630104217297,,TRUE
4268,TRUE,FALSE,-0.14575533821276457,23.906220059321,21.173957122728616,31.427227000266484,24.060045249105045,-2.7322629365923845,-7.367181751161439,-4.634918814569055,,TRUE
4269,TRUE,FALSE,-0.0987991213306864,27.44459254571864,23.67289801248512,28.08922405839355,21.949592849081156,-3.771694533233518,-6.139631209312395,-2.3679366760788767,,TRUE
4270,TRUE,FALSE,-0.13834666341744062,28.856089261027257,25.721713648700455,30.10018883909783,23.364067596326578,-3.134375612326803,-6.736121242771251,-3.601745630444448,,TRUE
4271,TRUE,FALSE,0.02494699835526553,28.073567066083026,20.99872736859233,30.348723672813207,23.27395294570897,-7.074839697490695,-7.074770727104237,6.897038645803377e-5,,TRUE
4272,TRUE,FALSE,-0.02395384479329008,33.122293189290104,27.07011452500657,30.573366334879843,24.39551178980468,-6.0521786642835345,-6.177854545075164,-0.12567588079162917,,TRUE
4273,TRUE,FALSE,-0.12700820876252505,28.047802456381508,25.35668577599793,31.407224442553797,25.00715250976604,-2.691116680383576,-6.400071932787757,-3.7089552524041807,,TRUE
4274,TRUE,FALSE,0.0152775560937952,33.047963073493584,26.81703204034214,29.28835173362547,24.13214376818398,-6.2309310331514425,-5.156207965441489,1.0747230677099537,,TRUE
4275,TRUE,FALSE,0.039156157245432616,30.343498114210455,23.058381417954724,29.83965870351547,23.5810058929784,-7.285116696255731,-6.258652810537072,1.026463885718659,,TRUE
4276,TRUE,FALSE,-0.12773780283288247,25.8705106541022,23.404721605103784,30.168782781805497,24.02041152183698,-2.465789048998417,-6.148371259968517,-3.6825822109701,,TRUE
4277,TRUE,FALSE,0.0295724295051979,29.409841342483542,24.277981839962724,30.619097990505338,26.034871364105985,-5.131859502520818,-4.584226626399353,0.5476328761214653,,TRUE
4278,TRUE,FALSE,-0.03068228714161558,29.229643803412312,23.77259564435473,30.674002195094534,24.1934819345476,-5.457048159057582,-6.480520260546935,-1.0234721014893537,,TRUE
4279,TRUE,FALSE,0.03355801817846695,30.36401791359197,23.99356820585988,31.980549028170337,26.133379628635346,-6.370449707732089,-5.847169399534991,0.5232803081970978,,TRUE
4280,TRUE,FALSE,-0.054098686438900444,23.896009811188453,20.00024253078635,28.523855893586365,22.616393244535086,-3.8957672804021044,-5.907462649051279,-2.0116953686491748,,TRUE
4281,TRUE,FALSE,-0.06994511222974778,28.217567049362586,23.986101414382027,30.740119085693596,24.365137648069222,-4.231465634980559,-6.374981437624374,-2.1435158026438152,,TRUE
4282,TRUE,FALSE,-0.18426647638535093,25.564122217796108,24.653842377237318,31.66132645405234,25.395508993561016,-0.9102798405587897,-6.2658174604913235,-5.355537619932534,,TRUE
4283,TRUE,FALSE,-0.1326264741022265,29.012487190746903,25.958306385294748,29.867293965197437,23.403904806364142,-3.0541808054521553,-6.463389158833294,-3.409208353381139,,TRUE
4284,TRUE,FALSE,-0.05244971076343426,26.032023885524847,21.47053266359509,31.231090782716606,24.44237583621345,-4.5614912219297565,-6.7887149465031555,-2.227223724573399,,TRUE
4285,TRUE,FALSE,-0.01739939972876469,27.233319564749312,22.73411154273234,27.96511923600109,22.942334967023942,-4.499208022016973,-5.022784268977148,-0.5235762469601752,,TRUE
4286,TRUE,FALSE,-0.0445111317548195,29.463919117820968,24.643393977178707,31.448430311057447,25.158111698017237,-4.8205251406422605,-6.29031861304021,-1.4697934723979493,,TRUE
4287,TRUE,FALSE,-0.09473901437360421,31.071667035145058,26.182763394420764,31.019137734651313,23.77584806693098,-4.888903640724294,-7.243289667720333,-2.354386026996039,,TRUE
4288,TRUE,FALSE,0.05224014481538896,29.32507259477625,23.336900314190345,30.16546920446851,25.29308285548565,-5.9881722805859035,-4.872386348982861,1.1157859316030425,,TRUE
4289,TRUE,FALSE,-0.0051043690580257345,34.318841566571606,29.113819966803444,27.44830421502806,23.16675956714435,-5.205021599768163,-4.28154464788371,0.923476951884453,,TRUE
4290,TRUE,FALSE,-0.11247411930052613,31.03389926548061,25.710200355133832,32.616939723460916,24.14712535158704,-5.323698910346778,-8.469814371873877,-3.146115461527099,,TRUE
4291,TRUE,FALSE,-0.03819265788288168,31.52181144658626,26.361112278980183,28.093894413862472,22.614013614887785,-5.160699167606076,-5.479880798974687,-0.3191816313686111,,TRUE
4292,TRUE,FALSE,0.1279385532098521,36.56027913428207,26.668332002867725,29.565976706931615,24.50990276799637,-9.891947131414344,-5.056073938935246,4.835873192479099,,TRUE
4293,TRUE,FALSE,0.03287155530749368,28.684941570222847,23.580302931627045,26.845270896200276,22.805475739702658,-5.104638638595802,-4.039795156497618,1.0648434820981834,,TRUE
4294,TRUE,FALSE,-0.1744343481871065,27.680016462815235,26.223157193239537,32.65164075156973,25.981712267861052,-1.4568592695756983,-6.669928483708677,-5.213069214132979,,TRUE
4295,TRUE,FALSE,-0.13940427744659678,22.932556409618613,21.231616746859704,30.99646167845482,24.963197233899017,-1.700939662758909,-6.033264444555805,-4.3323247817968955,,TRUE
4296,TRUE,FALSE,-0.029734948626570987,31.680454498149242,25.202996723802787,29.9195591253456,23.104801681766464,-6.477457774346455,-6.814757443579136,-0.3372996692326815,,TRUE
4297,TRUE,FALSE,0.04342413792213928,28.67801885180741,23.02055658126246,29.774591973698634,24.96153886694466,-5.657462270544947,-4.813053106753973,0.8444091637909743,,TRUE
4298,TRUE,FALSE,0.07833786799608895,30.499932019100825,22.933712424910926,26.804245638255342,21.797203764082322,-7.566219594189899,-5.007041874173019,2.55917772001688,,TRUE
4299,TRUE,FALSE,-0.11707330993723779,29.361199147274156,26.638534560772396,31.131829070888397,25.124468654030263,-2.722664586501761,-6.007360416858134,-3.284695830356373,,TRUE
4300,TRUE,FALSE,-0.018409350598763842,31.622633930811187,27.084619290626218,28.379373584439435,23.863405467585096,-4.538014640184969,-4.515968116854339,0.022046523330629952,,TRUE
4301,TRUE,FALSE,-0.00811019883371355,30.55275271538515,25.501905292523233,28.75455043357346,23.80710848098688,-5.050847422861917,-4.94744195258658,0.10340547027533731,,TRUE
4302,TRUE,FALSE,0.09297700532171198,28.621174901312624,21.065161919482588,27.184322535288644,21.957114106551884,-7.556012981830037,-5.227208428736759,2.3288045530932777,,TRUE
4303,TRUE,FALSE,-0.020493793818088028,29.297980912612424,24.79116810076239,26.859436537348763,22.26669983021316,-4.506812811850033,-4.592736707135604,-0.0859238952855712,,TRUE
4304,TRUE,FALSE,-0.1269948528207302,26.523634926802465,23.69677683727273,29.06323113049404,22.86898917494718,-2.826858089529736,-6.1942419555468575,-3.3673838660171214,,TRUE
4305,TRUE,FALSE,-0.024276364313000193,29.44476100967141,24.049277178098713,32.585766594823816,25.976392959299417,-5.395483831572697,-6.609373635524399,-1.2138898039517017,,TRUE
4306,TRUE,FALSE,-0.06868954265331655,25.741458752951814,21.334323706527883,27.77456865205003,21.491244225455908,-4.407135046423932,-6.28332442659412,-1.8761893801701888,,TRUE
4307,TRUE,FALSE,-0.14690757924410358,28.477818759531022,25.78788851497786,27.39163107350312,21.415380983656853,-2.689930244553164,-5.976250089846268,-3.2863198452931037,,TRUE
4308,TRUE,FALSE,0.020557596247915005,35.773796505371365,29.95674028722348,27.534526115006738,23.536136768774853,-5.817056218147886,-3.9983893462318854,1.818666871916001,,TRUE
4309,TRUE,FALSE,-0.20006294071937566,27.804960642503488,25.69649080685152,32.5660400166603,24.639407210246006,-2.1084698356519667,-7.926632806414297,-5.81816297076233,,TRUE
4310,TRUE,FALSE,-0.0969347412678006,27.514255660060893,24.481529576915214,27.848926084202994,22.490080471491044,-3.032726083145679,-5.358845612711949,-2.32611952956627,,TRUE
4311,TRUE,FALSE,-0.08221066931707588,25.743727050857014,21.922797787541818,32.48862443879874,25.48309889398622,-3.8209292633151968,-7.005525544812517,-3.1845962814973205,,TRUE
4312,TRUE,FALSE,-0.03255104490091575,28.549126026268375,23.725382697414855,28.88321810553848,23.2342816302838,-4.823743328853521,-5.648936475254679,-0.8251931464011584,,TRUE
4313,TRUE,FALSE,-0.06929310872520755,27.46486195440544,23.297253196518835,28.62903360476783,22.65898086890744,-4.167608757886605,-5.9700527358603885,-1.802443977973784,,TRUE
4314,TRUE,FALSE,-0.02832699233499597,24.961182775608165,21.22735892902428,28.31750029132955,23.409032262768207,-3.733823846583885,-4.9084680285613445,-1.1746441819774596,,TRUE
4315,TRUE,FALSE,0.03237074445430093,23.44030852748539,18.613126280517932,29.806459564065587,24.446958150030042,-4.827182246967457,-5.359501414035545,-0.5323191670680885,,TRUE
4316,TRUE,FALSE,-0.2113449465038349,25.956669990967978,24.777898692201415,28.94828086590957,22.369296753152483,-1.1787712987665628,-6.578984112757087,-5.4002128139905246,,TRUE
4317,TRUE,FALSE,-0.052643965931065045,26.394042297106026,22.005978130304197,31.17129446605607,24.656227160651273,-4.388064166801829,-6.5150673054047985,-2.1270031386029693,,TRUE
4318,TRUE,FALSE,0.0740159144268942,28.486170594084676,21.18355141455423,29.083457697129628,23.289246713884232,-7.302619179530446,-5.794210983245396,1.5084081962850497,,TRUE
4319,TRUE,FALSE,-0.14825588857734406,29.105417633151465,26.849899397060216,29.87777360768914,23.76459105565905,-2.2555182360912482,-6.113182552030089,-3.857664315938841,,TRUE
4320,TRUE,FALSE,-0.020663798363435668,28.51796087856637,22.40258929283689,29.54214989515298,22.732524713858442,-6.115371585729481,-6.809625181294539,-0.6942535955650584,,TRUE
4321,TRUE,FALSE,-0.012901199394904726,30.229836557990055,23.937655124463507,30.24111448986411,23.639630242032307,-6.292181433526547,-6.601484247831802,-0.30930281430525497,,TRUE
4322,TRUE,FALSE,-0.12290103588122683,33.79133977288473,29.798374400870944,29.78605147948993,23.22869734238807,-3.9929653720137885,-6.557354137101861,-2.564388765088072,,TRUE
4323,TRUE,FALSE,-0.11046551499499756,24.62100078990785,21.474297318237465,30.19249381543019,23.579667789415947,-3.146703471670385,-6.612826026014243,-3.4661225543438583,,TRUE
4324,TRUE,FALSE,-0.16919325032915772,28.359589860245574,27.047898954926062,27.334902929842375,22.01260449443274,-1.3116909053195123,-5.322298435409635,-4.010607530090123,,TRUE
4325,TRUE,FALSE,-0.12619067472940868,30.526848112544922,27.736186145546554,31.76078671351137,25.436193207917203,-2.7906619669983677,-6.324593505594166,-3.533931538595798,,TRUE
4326,TRUE,FALSE,-0.019624363393035516,30.562510682376804,25.560237234655354,28.968696398837437,23.756477811480387,-5.00227344772145,-5.21221858735705,-0.20994513963560024,,TRUE
4327,TRUE,FALSE,-0.1761807822958459,21.642630389419057,19.913216480805108,30.167987974179166,23.273589883409986,-1.7294139086139495,-6.8943980907691795,-5.16498418215523,,TRUE
4328,TRUE,FALSE,0.00624686067878853,33.55458224015854,26.806677648718583,33.627773831404774,27.0334983674589,-6.747904591439955,-6.594275463945873,0.15362912749408153,,TRUE
4329,TRUE,FALSE,-0.15542537894285424,26.62124839056966,24.249877968880476,27.89433254041225,21.751876530432988,-2.3713704216891855,-6.142456009979263,-3.7710855882900773,,TRUE
4330,TRUE,FALSE,-0.17427177326630439,28.422552114479878,25.77657076939215,30.482648255725174,23.223597372133977,-2.6459813450877263,-7.259050883591197,-4.613069538503471,,TRUE
4331,TRUE,FALSE,0.0306910643022637,27.477196018463786,21.34344473000504,28.21209606860909,22.597292947703863,-6.133751288458747,-5.614803120905226,0.5189481675535212,,TRUE
4332,TRUE,FALSE,0.06385639102300543,34.601954165864115,26.197300270667732,28.74182632332521,23.195447225861006,-8.404653895196383,-5.546379097464204,2.8582747977321787,,TRUE
4333,TRUE,FALSE,-0.04126804036328366,31.82384678413659,26.292227754680976,31.495289314393702,24.968809200772014,-5.531619029455616,-6.5264801136216875,-0.9948610841660717,,TRUE
4334,TRUE,FALSE,-0.018273694117629843,29.06805140985795,23.60638561822178,28.79141487653324,22.95833669286072,-5.461665791636172,-5.833078183672519,-0.3714123920363477,,TRUE
4335,TRUE,FALSE,-0.13026897470467838,36.16508802697955,35.003499510289586,29.21301301900781,24.82122402895745,-1.1615885166899602,-4.391788990050362,-3.2302004733604015,,TRUE
4336,TRUE,FALSE,-0.04680433134197221,34.31330646267681,27.939882773052954,30.302111922683157,23.545506956632522,-6.373423689623859,-6.756604966050634,-0.38318127642677524,,TRUE
4337,TRUE,FALSE,-0.12508380096616536,28.971938596303836,26.057022695566502,28.93460186729864,22.963682922165667,-2.914915900737334,-5.970918945132972,-3.056003044395638,,TRUE
4338,TRUE,FALSE,-0.03612289534111129,26.819224880451674,22.67477349465777,27.75836161624975,22.63615143074141,-4.144451385793904,-5.12221018550834,-0.9777587997144366,,TRUE
4339,TRUE,FALSE,-0.1292252174095668,26.128759255956588,23.836177863122685,27.379444369236367,21.94929935244116,-2.2925813928339025,-5.430145016795208,-3.137563623961306,,TRUE
4340,TRUE,FALSE,-0.07953614110033441,28.53049948893121,24.47725038332591,29.472589832795002,23.35228854775097,-4.0532491056053,-6.120301285044032,-2.0670521794387327,,TRUE
4341,TRUE,FALSE,-0.027817728067137972,30.27379884450939,23.564206288842385,30.040307122661307,22.74098007988942,-6.709592555667005,-7.2993270427718855,-0.5897344871048809,,TRUE
4342,TRUE,FALSE,-0.05090740827251988,27.474638080268157,22.576918412412166,29.789725890726004,23.264321123695996,-4.897719667855991,-6.5254047670300075,-1.6276850991740162,,TRUE
4343,TRUE,FALSE,-0.0606524269878954,32.891910593496974,27.705997824121305,31.59028521546432,25.043627031132665,-5.185912769375669,-6.546658184331655,-1.3607454149559857,,TRUE
4344,TRUE,FALSE,-0.09113158661169773,29.780946702778532,25.312923868278148,30.263148188099564,23.482264351850326,-4.468022834500385,-6.780883836249238,-2.3128610017488533,,TRUE
4345,TRUE,FALSE,0.05213117606825018,26.79736889425545,21.134798865534567,28.62785801101553,23.786749604854023,-5.662570028720882,-4.841108406161506,0.8214616225593758,,TRUE
4346,TRUE,FALSE,-0.014023245442515596,33.21489885935047,28.66278374403377,26.288579614763858,22.369812099277556,-4.552115115316699,-3.9187675154863015,0.6333475998303975,,TRUE
4347,TRUE,FALSE,0.018206473505905398,38.20516981143776,30.135057396637944,30.119020645921417,24.193444561630074,-8.07011241479982,-5.925576084291343,2.144536330508476,,TRUE
4348,TRUE,FALSE,-0.18638013977008266,27.72944284426336,25.54078986851905,29.10613324399748,22.250195301897996,-2.1886529757443114,-6.855937942099484,-4.667284966355172,,TRUE
4349,TRUE,FALSE,-0.012771751096065325,29.40220635398219,24.398804256171662,26.662264401546526,21.844341198755004,-5.003402097810529,-4.817923202791523,0.18547889501900627,,TRUE
4350,TRUE,FALSE,-0.0014206830205064534,29.897034403198862,22.92755186373973,30.550760168701004,23.39562218959205,-6.969482539459133,-7.155137979108954,-0.18565543964982112,,TRUE
4351,TRUE,FALSE,-0.04827273601195504,29.981017884711186,26.7875235817215,28.21799960592071,24.024139061743952,-3.1934943029896843,-4.193860544176758,-1.0003662411870735,,TRUE
4352,TRUE,FALSE,-0.1064414087252232,25.446465586945965,21.98824592729769,31.4646119853733,24.44322923067514,-3.4582196596482753,-7.021382754698159,-3.563163095049884,,TRUE
4353,TRUE,FALSE,-0.054332810791250304,30.67231028379169,25.248003845183746,31.023675261677926,24.186741589989147,-5.4243064386079425,-6.836933671688779,-1.412627233080837,,TRUE
4354,TRUE,FALSE,-0.24095428843426092,24.788584528219992,24.5638225383132,29.991942892618297,23.35628173461084,-0.22476198990679208,-6.6356611580074585,-6.410899168100666,,TRUE
4355,TRUE,FALSE,-0.0843915338573149,26.741938834145575,24.021082405315006,27.465974828109065,22.67482386465201,-2.7208564288305688,-4.791150963457056,-2.0702945346264876,,TRUE
4356,TRUE,FALSE,-0.09655181051919093,34.51520404550567,29.30502507301807,31.66891211020231,24.41365923130922,-5.210178972487601,-7.255252878893089,-2.045073906405488,,TRUE
4357,TRUE,FALSE,0.030638341545214515,27.89852396413377,21.572132839878726,29.511028327787297,23.52893473693538,-6.326391124255043,-5.9820935908519175,0.3442975334031253,,TRUE
4358,TRUE,FALSE,-0.08583490568894983,26.498220920906437,22.53783568665897,32.92205180441892,25.698321602883738,-3.960385234247468,-7.223730201535183,-3.263344967287715,,TRUE
4359,TRUE,FALSE,-0.21546244115121735,23.657563527563035,23.28381163066383,27.028752864146384,21.44548735931277,-0.3737518968992042,-5.583265504833612,-5.209513607934408,,TRUE
4360,TRUE,FALSE,-0.12899122901911356,30.445485595760616,27.675093500654878,29.41042291135287,23.498886417484172,-2.7703920951057377,-5.911536493868699,-3.141144398762961,,TRUE
4361,TRUE,FALSE,0.05430835081391407,37.51378118247132,28.34152090392447,28.451501656970315,22.694641237920898,-9.172260278546851,-5.756860419049417,3.415399859497434,,TRUE
4362,TRUE,FALSE,-0.08764406757575678,33.287176389115835,28.277153924624905,28.567576890708807,22.231502163764045,-5.01002246449093,-6.336074726944762,-1.3260522624538318,,TRUE
4363,TRUE,FALSE,-0.05008187969125601,31.250174111650786,26.644380931647387,28.490578570161894,23.104904482312296,-4.605793180003399,-5.385674087849598,-0.7798809078461986,,TRUE
4364,TRUE,FALSE,-0.14883276904475976,24.672550465917077,23.239593376952612,28.79646511750938,23.37310490340097,-1.4329570889644643,-5.42336021410841,-3.9904031251439456,,TRUE
4365,TRUE,FALSE,-0.1608181840119566,30.096486352084188,27.696887247003993,28.958863448344175,22.69103103541928,-2.3995991050801955,-6.267832412924896,-3.868233307844701,,TRUE
4366,TRUE,FALSE,-0.08138078951590513,29.018818637096942,25.334740662894397,28.523367009044197,22.955898560962535,-3.6840779742025447,-5.567468448081662,-1.8833904738791176,,TRUE
4367,TRUE,FALSE,0.016866421847545405,25.991627761273538,20.420179408512357,27.94874587432753,22.3312685117158,-5.5714483527611804,-5.61747736261173,-0.046029009850549585,,TRUE
4368,TRUE,FALSE,-0.15244342131327307,25.433127139141096,23.477207660738863,30.457985427953965,24.140291888091802,-1.9559194784022331,-6.317693539862162,-4.361774061459929,,TRUE
4369,TRUE,FALSE,-0.06295456044470228,29.08002451009504,25.166394956701854,30.008988016695337,24.38578675402434,-3.9136295533931857,-5.623201262670996,-1.7095717092778102,,TRUE
4370,TRUE,FALSE,0.034205498913632,34.935798460525874,27.310946052420658,29.569020986471035,23.91984030091286,-7.624852408105216,-5.649180685558175,1.975671722547041,,TRUE
4371,TRUE,FALSE,0.07361495243580395,29.70093710532135,23.4884766232873,29.86079554620252,25.41889343354939,-6.21246048203405,-4.441902112653132,1.7705583693809182,,TRUE
4372,TRUE,FALSE,-0.09772024905865842,29.11366377744717,25.160394103914484,26.54919793673924,20.80810916972062,-3.9532696735326844,-5.741088767018621,-1.7878190934859362,,TRUE
4373,TRUE,FALSE,-0.03363778446939815,30.577560323364242,25.5773941930695,27.837786464084473,22.51538928216506,-5.00016613029474,-5.322397181919413,-0.3222310516246729,,TRUE
4374,TRUE,FALSE,-0.06001790138176257,26.293721935680402,21.313208953643883,28.431671818291353,21.703697667093007,-4.980512982036519,-6.727974151198346,-1.7474611691618271,,TRUE
4375,TRUE,FALSE,-0.06314498383563333,30.33628575832902,25.329257270795686,28.775594003296654,22.55593466238065,-5.007028487533333,-6.219659340916003,-1.2126308533826702,,TRUE
4376,TRUE,FALSE,-0.22478299730392975,20.785234879670067,20.852134158988115,28.448247177847918,22.794447564271746,0.06689927931804718,-5.653799613576172,-5.7206988928942195,,TRUE
4377,TRUE,FALSE,0.09455209670013674,29.698845741198657,23.34652373366424,29.406349241768517,25.408979209565057,-6.352322007534415,-3.9973700322034595,2.3549519753309553,,TRUE
4378,TRUE,FALSE,0.1496626271847975,29.254107543444274,20.61664757121661,28.151503128262966,23.042544514857504,-8.637459972227663,-5.108958613405463,3.5285013588222007,,TRUE
4379,TRUE,FALSE,-0.1225821982490832,28.35336245546567,24.64053816741041,28.780406779120632,22.126146053162476,-3.7128242880552627,-6.6542607259581565,-2.941436437902894,,TRUE
4380,TRUE,FALSE,-0.07631439905298688,27.48429632699304,22.230027189522833,29.102955535833065,21.809692627813174,-5.254269137470207,-7.293262908019891,-2.038993770549684,,TRUE
4381,TRUE,FALSE,-0.19996756341354802,24.46698744155371,22.798540404347992,32.52373584956059,24.813164828699698,-1.6684470372057163,-7.71057102086089,-6.0421239836551734,,TRUE
4382,TRUE,FALSE,0.016259017384101744,27.307827703347392,22.380395725694925,26.415139575628196,22.00364951460691,-4.927431977652468,-4.411490061021286,0.5159419166311814,,TRUE
4383,TRUE,FALSE,-0.015486242509450111,27.13804965393509,22.0604055937931,28.23161486888123,22.59669851743851,-5.077644060141992,-5.634916351442719,-0.5572722913007269,,TRUE
4384,TRUE,FALSE,-0.11312992623536965,30.410705573713983,27.018639081442537,30.70352481042902,24.360909968458582,-3.3920664922714465,-6.342614841970438,-2.950548349698991,,TRUE
4385,TRUE,FALSE,0.06442778051284599,33.3638380263128,26.013238961313004,29.123216133406295,24.21800637361123,-7.350599064999795,-4.9052097597950635,2.4453893052047313,,TRUE
4386,TRUE,FALSE,-0.028762857076342935,32.9257776688988,25.890148076864254,32.37461506735335,24.73497958955867,-7.0356295920345495,-7.639635477794684,-0.6040058857601345,,TRUE
4387,TRUE,FALSE,-0.08034231701723264,28.689075845266654,24.050992702962557,31.098248162424127,24.05803474987882,-4.638083142304097,-7.040213412545306,-2.4021302702412086,,TRUE
4388,TRUE,FALSE,0.07151876387242828,35.88873305277156,26.08457947256845,28.604945606349144,22.331970383822494,-9.804153580203113,-6.27297522252665,3.5311783576764633,,TRUE
4389,TRUE,FALSE,-0.0817646646620706,24.216646068320046,19.507904964460653,28.840964540712342,21.409004556518823,-4.708741103859392,-7.431959984193519,-2.7232188803341266,,TRUE
4390,TRUE,FALSE,-0.10043850010582928,33.93760918470781,28.1439257930037,31.199207377037308,23.400606157359398,-5.793683391704111,-7.798601219677909,-2.0049178279737987,,TRUE
4391,TRUE,FALSE,-0.08261355095214884,24.893379837446098,21.37138618582898,26.779317642546705,21.1675075652394,-3.521993651617116,-5.611810077307304,-2.089816425690188,,TRUE
4392,TRUE,FALSE,0.0077631129541932044,28.606802704246324,22.750210562550254,28.896806164129238,23.159939562332344,-5.856592141696069,-5.736866601796894,0.119725539899175,,TRUE
4393,TRUE,FALSE,-0.08606160279063849,26.829700123635845,23.492051142847583,31.561545816794414,25.356383158409436,-3.3376489807882628,-6.205162658384978,-2.8675136775967154,,TRUE
4394,TRUE,FALSE,-0.21750142851138995,22.990379553505754,21.553568915025007,28.968569419115795,21.84944599262616,-1.4368106384807469,-7.119123426489637,-5.68231278800889,,TRUE
4395,TRUE,FALSE,0.032804624871270324,27.941140402872865,22.323333952814142,27.364390874064867,22.591630770050553,-5.617806450058723,-4.7727601040143135,0.8450463460444091,,TRUE
4396,TRUE,FALSE,-0.16673760868793527,32.009566997920494,29.221454433106462,28.73148256247711,22.200708877823338,-2.788112564814032,-6.530773684653774,-3.7426611198397417,,TRUE
4397,TRUE,FALSE,-0.14791818734068352,28.36673440220737,26.33301709218742,29.21237331144489,23.389345438377607,-2.033717310019952,-5.823027873067282,-3.78931056304733,,TRUE
4398,TRUE,FALSE,-0.13284998896384687,21.388347804613424,20.05003651915295,29.558265872596383,24.26167966886225,-1.338311285460474,-5.296586203734133,-3.958274918273659,,TRUE
4399,TRUE,FALSE,0.012519407061764295,29.256644410695262,22.43472877586468,30.04630126351472,23.330520991878718,-6.821915634830582,-6.715780271636003,0.1061353631945785,,TRUE
4400,TRUE,FALSE,-0.12016219549738956,30.569841979851642,26.53285975215824,29.52271163081127,22.722773197429156,-4.0369822276934,-6.799938433382113,-2.762956205688713,,TRUE
4401,TRUE,FALSE,0.004056072810925776,32.049965371140104,24.50019665480166,31.772306993966062,24.386657897936846,-7.549768716338445,-7.385649096029216,0.16411962030922922,,TRUE
4402,TRUE,FALSE,-0.14526001562544144,28.458351044386568,24.66819229401927,29.274798668716475,21.945015235533784,-3.790158750367297,-7.3297834331826905,-3.5396246828153934,,TRUE
4403,TRUE,FALSE,0.06961741663693449,25.6188760062747,19.652640426872455,30.595412507736317,25.16237377825852,-5.966235579402245,-5.433038729477797,0.5331968499244475,,TRUE
4404,TRUE,FALSE,-0.07702770212775625,28.131733871864615,23.172873855828716,28.564342563082608,21.784867559779688,-4.958860016035899,-6.77947500330292,-1.820614987267021,,TRUE
4405,TRUE,FALSE,-0.004148848850590248,31.836043005753165,26.376994596444366,32.3390952417307,26.68285344689669,-5.459048409308799,-5.656241794834013,-0.19719338552521393,,TRUE
4406,TRUE,FALSE,-0.11935672148412858,24.567293774128995,21.268106818060993,29.84332256725437,22.928873660534197,-3.2991869560680023,-6.914448906720171,-3.615261950652169,,TRUE
4407,TRUE,FALSE,0.10054339283334147,31.143570882791472,22.59515958004973,30.622500862338335,24.567055242799434,-8.54841130274174,-6.055445619538901,2.49296568320284,,TRUE
4408,TRUE,FALSE,-0.06257843906606804,28.32274946909264,23.555225354139612,30.921005441172998,24.156165095906438,-4.7675241149530265,-6.76484034526656,-1.9973162303135332,,TRUE
4409,TRUE,FALSE,-0.03831447158944927,26.339974484688813,22.584673596645032,30.058086343411198,24.803903466749794,-3.755300888043781,-5.254182876661403,-1.4988819886176223,,TRUE
4410,TRUE,FALSE,-0.05028241691032725,28.55051355518829,24.13943847928242,29.478751402257082,23.701997468969612,-4.41107507590587,-5.77675393328747,-1.3656788573815994,,TRUE
4411,TRUE,FALSE,-0.10233978722088588,27.927884469834712,24.595877652057883,27.70745930995823,22.028016040473343,-3.332006817776829,-5.679443269484889,-2.3474364517080595,,TRUE
4412,TRUE,FALSE,-0.15820398599565744,26.93338152643948,24.24627556123679,26.989653637987995,20.741699908737342,-2.68710596520269,-6.2479537292506535,-3.5608477640479634,,TRUE
4413,TRUE,FALSE,-0.20024706383417898,26.4252190548393,25.528480459002026,28.061591252226293,22.18975301477868,-0.8967385958372738,-5.871838237447612,-4.975099641610338,,TRUE
4414,TRUE,FALSE,0.022773469601301142,29.412650829030262,24.059966509027124,28.621289183799735,23.951925661819253,-5.352684320003139,-4.6693635219804825,0.6833207980226561,,TRUE
4415,TRUE,FALSE,-0.23602736128151022,26.373247664280466,25.30051365856752,28.770138261041783,21.797279532582472,-1.0727340057129453,-6.972858728459311,-5.900124722746366,,TRUE
4416,TRUE,FALSE,-0.049371997970903386,28.890543643849465,23.850573617510765,28.699837185464588,22.551766228576984,-5.0399700263387,-6.148070956887604,-1.108100930548904,,TRUE
4417,TRUE,FALSE,-0.0933566203793285,31.63591615117394,27.76140920665218,28.49930272944344,22.77986056387985,-3.8745069445217624,-5.7194421655635885,-1.8449352210418262,,TRUE
4418,TRUE,FALSE,-0.19920352785010673,26.684948844265445,25.78333101268671,30.828822422256035,24.407123174154126,-0.9016178315787364,-6.421699248101909,-5.520081416523173,,TRUE
4419,TRUE,FALSE,0.015098326473257272,26.734603053712167,20.43976343981447,31.16649951413357,24.19063517250545,-6.294839613897697,-6.975864341628121,-0.6810247277304242,,TRUE
4420,TRUE,FALSE,-0.026435375188096008,26.938530693725376,22.08106742652904,29.319074375151242,23.405378956387217,-4.857463267196337,-5.913695418764025,-1.0562321515676878,,TRUE
4421,TRUE,FALSE,-0.15144040051838809,25.88751683761229,23.362416781379387,29.084318305089948,22.55882793683167,-2.525100056232901,-6.5254903682582786,-4.000390312025377,,TRUE
4422,TRUE,FALSE,-0.14728171224742345,25.59070298795561,22.56475460046188,27.289491165625833,20.767307883134386,-3.0259483874937274,-6.522183282491447,-3.4962348949977198,,TRUE
4423,TRUE,FALSE,-0.19165467532095212,30.1781809539135,27.96274918448012,28.819326173543224,22.046317790631395,-2.21543176943338,-6.773008382911829,-4.5575766134784494,,TRUE
4424,TRUE,FALSE,-0.09693525542199487,37.56519602189317,33.00236163518143,28.280044739338173,22.54971229236168,-4.562834386711742,-5.730332446976494,-1.1674980602647516,,TRUE
4425,TRUE,FALSE,0.0048356640791552205,27.405474943966283,21.686909019330937,28.778407839403453,22.88374975177813,-5.718565924635346,-5.894658087625324,-0.17609216298997765,,TRUE
4426,TRUE,FALSE,-0.10388071112603214,26.779232591438245,23.252151831930632,29.39133855696488,23.002210241065,-3.527080759507612,-6.389128315899878,-2.862047556392266,,TRUE
4427,TRUE,FALSE,-0.044444847775286636,28.38644556203963,22.453470142106777,29.971084036325365,22.676329238201866,-5.932975419932852,-7.294754798123499,-1.361779378190647,,TRUE
4428,TRUE,FALSE,-0.12610727393915505,28.694406668149103,25.86255560918183,26.37088526453373,20.95227591132933,-2.831851058967274,-5.418609353204399,-2.586758294237125,,TRUE
4429,TRUE,FALSE,-0.12298489673085043,24.11516004515138,22.441290236841347,28.8823184148969,23.76720234449189,-1.6738698083100338,-5.115116070405012,-3.441246262094978,,TRUE
4430,TRUE,FALSE,-0.1457297886556581,31.70771057594357,28.791181512763604,30.451140331860387,23.90058438183247,-2.916529063179965,-6.550555950027917,-3.634026886847952,,TRUE
4431,TRUE,FALSE,-0.016617432580497693,33.95250533196074,27.837690782038287,32.23588465502759,25.994658371763897,-6.11481454992245,-6.241226283263693,-0.1264117333412429,,TRUE
4432,TRUE,FALSE,-0.007009906439667143,25.942346593682778,21.783136705270575,28.972824916681617,24.157814270724764,-4.159209888412203,-4.815010645956853,-0.6558007575446503,,TRUE
4433,TRUE,FALSE,-0.01055929804501015,30.032516948694305,24.68809457101769,28.775981723117226,23.40669766729527,-5.344422377676615,-5.369284055821957,-0.024861678145342125,,TRUE
4434,TRUE,FALSE,-0.21471576143266818,24.831188185489435,22.536456925417458,30.314657638702922,22.196828961325323,-2.294731260071977,-8.117828677377599,-5.823097417305622,,TRUE
4435,TRUE,FALSE,-0.06746746890308573,31.064753663874566,25.759058997121596,30.613794315325848,23.728948305396592,-5.30569466675297,-6.884846009929255,-1.5791513431762851,,TRUE
4436,TRUE,FALSE,-0.14108273366680385,22.02604458071109,19.65850350008867,31.489717264011794,24.40682284162162,-2.36754108062242,-7.082894422390176,-4.715353341767756,,TRUE
4437,TRUE,FALSE,-0.15805067119442773,23.32303005042977,21.091406595638517,31.476302359551465,24.303215970371525,-2.2316234547912543,-7.1730863891799395,-4.941462934388685,,TRUE
4438,TRUE,FALSE,-0.14148743667328298,26.291826319949326,22.337547451802788,29.069226802672077,21.43882605909455,-3.954278868146538,-7.630400743577528,-3.67612187543099,,TRUE
4439,TRUE,FALSE,-0.08616528955345584,26.75460694082316,22.97038723389449,30.77865962625079,24.243668371464512,-3.7842197069286705,-6.534991254786277,-2.7507715478576067,,TRUE
4440,TRUE,FALSE,-0.1781042347279868,31.88402854856828,30.15464733346414,30.74792690227873,24.335889117581296,-1.7293812151041408,-6.412037784697436,-4.682656569593295,,TRUE
4441,TRUE,FALSE,-0.09270092643942118,25.406309963583286,22.978604338084594,27.40134166223232,22.588863546621283,-2.4277056254986924,-4.812478115611036,-2.3847724901123435,,TRUE
4442,TRUE,FALSE,0.07518412420426805,30.346792075394486,24.420534149659943,25.786958508537626,22.371471017234445,-5.926257925734543,-3.415487491303182,2.510770434431361,,TRUE
4443,TRUE,FALSE,0.013058258082948871,29.165994142924248,24.16567477994259,29.370228319093005,24.65474950065752,-5.0003193629816565,-4.715478818435486,0.2848405445461708,,TRUE
4444,TRUE,FALSE,0.026773300345954973,26.866165548210873,20.581231533959546,29.24681237920029,23.012918931051544,-6.284934014251327,-6.233893448148745,0.05104056610258212,,TRUE
4445,TRUE,FALSE,-0.03335665618388378,33.299122446366596,28.341910843292172,27.690830836064666,22.79532108745086,-4.957211603074423,-4.895509748613808,0.06170185446061538,,TRUE
4446,TRUE,FALSE,-0.05154457511790992,27.696110126441347,23.38041192123666,29.09344838283281,23.326149606308913,-4.315698205204686,-5.767298776523898,-1.4516005713192115,,TRUE
4447,TRUE,FALSE,-0.025659668117683335,29.568197813440758,24.373156598417637,29.9110844973307,24.031187460784448,-5.195041215023121,-5.879897036546254,-0.6848558215231328,,TRUE
4448,TRUE,FALSE,0.07998658963532558,34.875625392136925,26.27637278308258,29.907614402972726,24.409726738388798,-8.599252609054346,-5.497887664583928,3.1013649444704185,,TRUE
4449,TRUE,FALSE,-0.012222111395943893,32.95714008507648,26.1560004147044,32.712306285177434,25.646315812167927,-6.801139670372081,-7.0659904730095064,-0.2648508026374259,,TRUE
4450,TRUE,FALSE,-0.08379666638672695,26.213157783424137,22.444701432670055,30.83026645109803,24.27612356232719,-3.7684563507540823,-6.554142888770841,-2.7856865380167584,,TRUE
4451,TRUE,FALSE,-0.07698744486643995,35.16311348674083,29.54707534326827,28.42798667242438,22.11760297603307,-5.616038143472565,-6.3103836963913125,-0.6943455529187474,,TRUE
4452,TRUE,FALSE,0.017165692718014706,26.64541158821221,21.5685867504178,26.696191206448855,21.983838566822804,-5.076824837794408,-4.712352639626051,0.3644721981683574,,TRUE
4453,TRUE,FALSE,-0.08171708537260239,28.317232885146467,24.766199818216013,30.923039010054456,24.92306494066862,-3.5510330669304544,-5.999974069385836,-2.4489410024553813,,TRUE
4454,TRUE,FALSE,-0.03330306009218964,31.719573546591388,26.692632589943663,32.12000912466028,26.1442623926522,-5.026940956647724,-5.975746732008076,-0.948805775360352,,TRUE
4455,TRUE,FALSE,-0.04200970587215996,26.55345299330797,20.160122003005743,30.545019882000783,22.236579332982007,-6.393330990302228,-8.308440549018776,-1.9151095587165479,,TRUE
4456,TRUE,FALSE,-0.11149952098290283,28.82001749133415,24.209599695380007,30.100683646070717,22.617578228077107,-4.610417795954142,-7.48310541799361,-2.872687622039468,,TRUE
4457,TRUE,FALSE,-0.06740570791004744,34.91029547730683,27.991480192405426,30.828002466312434,23.10701243290083,-6.918815284901406,-7.720990033411603,-0.8021747485101969,,TRUE
4458,TRUE,FALSE,-0.1614852718322464,30.253906836043026,28.55793640320551,29.28827757523682,23.52377551415296,-1.695970432837516,-5.76450206108386,-4.068531628246344,,TRUE
4459,TRUE,FALSE,-0.14100219180396237,24.86307844970827,22.165566235145462,29.302148334658515,22.687514426570694,-2.6975122145628063,-6.614633908087821,-3.917121693525015,,TRUE
4460,TRUE,FALSE,0.02516309766241293,32.88913296038873,25.02052409024661,31.027176136956832,24.20552036276864,-7.868608870142118,-6.821655774188191,1.0469530959539277,,TRUE
4461,TRUE,FALSE,-0.04435234167172875,38.13228240245026,34.43813450917074,26.06596904573423,22.51949852574215,-3.6941478932795206,-3.5464705199920807,0.1476773732874399,,TRUE
4462,TRUE,FALSE,-0.15345612654010032,30.036171586940252,26.53013477505069,31.711756187529208,24.02536666496638,-3.5060368118895617,-7.686389522562827,-4.180352710673265,,TRUE
4463,TRUE,FALSE,-0.11477944476317986,22.76902444080013,20.846265252661773,30.07419067680858,24.548768231173757,-1.9227591881383574,-5.525422445634824,-3.6026632574964665,,TRUE
4464,TRUE,FALSE,-0.096944256237231,25.109566484000247,22.671340678893834,30.541032232918038,25.02760800322758,-2.4382258051064127,-5.513424229690457,-3.0751984245840447,,TRUE
4465,TRUE,FALSE,-0.030198186242011628,27.071602665371636,22.86402856751938,27.47058326627693,22.510843146986637,-4.207574097852255,-4.9597401192902915,-0.7521660214380361,,TRUE
4466,TRUE,FALSE,-0.03615275615837979,27.350985319007,22.851249950230795,30.220044120875592,24.35180379059384,-4.499735368776204,-5.8682403302817505,-1.368504961505547,,TRUE
4467,TRUE,FALSE,0.0334071070287975,32.07437787464523,25.104937941808494,30.029170947644843,24.302602037697074,-6.969439932836735,-5.726568909947769,1.2428710228889663,,TRUE
4468,TRUE,FALSE,-0.1352096547553855,27.66413234719503,24.16444674401667,28.873676001742155,22.031348201211873,-3.49968560317836,-6.842327800530281,-3.342642197351921,,TRUE
4469,TRUE,FALSE,0.05542824360899667,30.07790217264009,22.690496428707622,29.51153782513642,23.532088679393173,-7.387405743932469,-5.979449145743246,1.407956598189223,,TRUE
4470,TRUE,FALSE,0.028424710315672702,29.657047708870927,22.921361114761233,28.10931005037949,22.351535739780655,-6.735686594109694,-5.757774310598837,0.9779122835108573,,TRUE
4471,TRUE,FALSE,-0.07892446149808671,28.098916044990762,25.183298215095434,30.226068957592418,25.03388496912128,-2.9156178298953286,-5.192183988471136,-2.2765661585758075,,TRUE
4472,TRUE,FALSE,-0.1652422035570085,25.881666958978553,25.008833905658285,29.0923600797463,23.829579281653412,-0.8728330533202673,-5.262780798092887,-4.38994774477262,,TRUE
4473,TRUE,FALSE,-0.0918417290125786,27.80854456161396,24.70055939269065,27.78021769615584,22.510120402950612,-3.1079851689233102,-5.270097293205229,-2.1621121242819186,,TRUE
4474,TRUE,FALSE,-0.12117806769782952,30.688332358517915,25.28286967058084,32.21571370916709,23.512232522877905,-5.405462687937074,-8.703481186289185,-3.2980184983521106,,TRUE
4475,TRUE,FALSE,-0.061734507955783904,31.722814767440752,26.20766444123976,28.716628626442073,22.30381220645758,-5.515150326200992,-6.412816419984495,-0.8976660937835028,,TRUE
4476,TRUE,FALSE,-0.04506482414492769,25.68841459589298,22.110714647123654,28.375813292828983,23.347607910363056,-3.5776999487693253,-5.028205382465927,-1.450505433696602,,TRUE
4477,TRUE,FALSE,0.037378245666954746,25.177112881659692,19.848360262342315,29.959024692774445,24.517689675252008,-5.3287526193173775,-5.441335017522437,-0.11258239820505977,,TRUE
4478,TRUE,FALSE,-0.09614484168939591,25.640516381250038,23.63001437536802,27.952249785526774,23.39908165124794,-2.0105020058820173,-4.553168134278835,-2.5426661283968173,,TRUE
4479,TRUE,FALSE,-0.19800394876254981,25.6808427672648,25.05372929732844,30.9345112359787,24.757930815056785,-0.6271134699363579,-6.1765804209219155,-5.549466950985558,,TRUE
4480,TRUE,FALSE,-0.06251461320123262,25.162587210969185,21.400223701566528,30.25168521482569,24.169231479614595,-3.7623635094026575,-6.082453735211097,-2.320090225808439,,TRUE
4481,TRUE,FALSE,-0.08242986446790014,23.640086121060428,20.506326756250225,27.366271130787887,21.860274399434434,-3.133759364810203,-5.505996731353452,-2.3722373665432492,,TRUE
4482,TRUE,FALSE,0.002093347929294512,27.17605158356082,20.90982974053609,27.72841684633511,21.37953927734518,-6.266221843024731,-6.348877568989931,-0.08265572596519988,,TRUE
4483,TRUE,FALSE,-0.05907842334327961,28.299550414287584,24.254524359478282,30.487861468457343,24.631040336127224,-4.045026054809302,-5.8568211323301185,-1.8117950775208165,,TRUE
4484,TRUE,FALSE,-0.004722710170016091,27.279404026644432,23.752273833581246,27.532923918315912,23.860063829565586,-3.5271301930631864,-3.672860088750326,-0.1457298956871398,,TRUE
4485,TRUE,FALSE,-0.13225268994328035,25.967827763508755,22.55357039953694,28.23495979875695,21.48474690877611,-3.4142573639718137,-6.7502128899808405,-3.335955526009027,,TRUE
4486,TRUE,FALSE,-0.10161320990176234,30.06231385798416,25.823952431867205,30.095756010671742,23.354765416447535,-4.238361426116956,-6.740990594224208,-2.5026291681072514,,TRUE
4487,TRUE,FALSE,-0.050972272275676585,27.672631301679612,23.738349554744616,28.3899958517672,23.143466869525366,-3.934281746934996,-5.246528982241834,-1.3122472353068382,,TRUE
4488,TRUE,FALSE,-0.08404607113413678,28.88504315031945,24.188802690769617,28.07861767781923,21.618040686794966,-4.696240459549834,-6.460576991024265,-1.7643365314744308,,TRUE
4489,TRUE,FALSE,0.10834505746981583,25.668000387253485,19.581044581865598,26.912282171473517,22.879577863266196,-6.086955805387888,-4.032704308207322,2.054251497180566,,TRUE
4490,TRUE,FALSE,-0.14488795468114105,32.06758145989166,28.046270125712095,31.772884895071165,24.040390407409408,-4.021311334179568,-7.732494487661757,-3.711183153482189,,TRUE
4491,TRUE,FALSE,0.03416761750894217,25.760985744881335,20.888547055969312,30.981952924755248,25.99521136458821,-4.872438688912023,-4.986741560167037,-0.11430287125501337,,TRUE
4492,TRUE,FALSE,0.053702774299242674,28.438750622890613,22.68930640091137,28.501992516308622,23.99433661492102,-5.7494442219792425,-4.507655901387601,1.2417883205916418,,TRUE
4493,TRUE,FALSE,-0.16867016578141333,24.62570857055347,23.430456564546073,29.335582619095536,23.57947935335862,-1.1952520060073972,-5.756103265736915,-4.560851259729517,,TRUE
4494,TRUE,FALSE,-0.24522113413424523,22.95029567849488,22.81507441444613,30.725845523926214,23.902276274833763,-0.13522126404874868,-6.823569249092451,-6.688347985043702,,TRUE
4495,TRUE,FALSE,-0.06517631493677606,31.112151607451498,25.118493030969134,28.83513555819808,21.81121293735231,-5.993658576482364,-7.02392262084577,-1.0302640443634061,,TRUE
4496,TRUE,FALSE,-0.0510948218697893,26.301244822062724,22.286452202691407,29.6456660995756,23.869078241833982,-4.014792619371317,-5.776587857741617,-1.7617952383703006,,TRUE
4497,TRUE,FALSE,-0.0322099997149588,28.064841021045634,24.128611734106848,29.444971399952408,24.512762661465135,-3.9362292869387865,-4.932208738487272,-0.9959794515484859,,TRUE
4498,TRUE,FALSE,-0.05487198461303466,27.50267546970619,23.349804416927206,25.558369530123308,20.540492280753902,-4.152871052778984,-5.0178772493694055,-0.8650061965904214,,TRUE
4499,TRUE,FALSE,-0.04369191856290632,26.016592299210206,22.059000548405635,32.18124031155886,26.119390567193754,-3.9575917508045713,-6.061849744365105,-2.104257993560534,,TRUE
4500,TRUE,FALSE,-0.15734092077170994,24.176887997519565,23.34261330369486,26.791886077610588,22.101414578255405,-0.8342746938247032,-4.6904714993551835,-3.8561968055304803,,TRUE
4501,TRUE,FALSE,0.01813874573444162,29.629674041153933,24.190481822782896,27.862746081570318,23.16429671369967,-5.439192218371037,-4.698449367870648,0.7407428505003892,,TRUE
4502,TRUE,FALSE,-0.14195299395864233,23.775802946710414,22.074819729225535,27.842701281878334,22.429724486113127,-1.700983217484879,-5.412976795765207,-3.711993578280328,,TRUE
4503,TRUE,FALSE,-0.129369149116173,30.997186266807535,28.050780949572694,28.671599644029804,22.797661443047815,-2.9464053172348414,-5.873938200981989,-2.9275328837471477,,TRUE
4504,TRUE,FALSE,-0.1375711172116731,26.886882572768382,24.292896744400625,29.608428122236198,23.313518816726713,-2.5939858283677566,-6.294909305509485,-3.7009234771417283,,TRUE
4505,TRUE,FALSE,-0.09995254389852341,27.293502645022848,23.19594991458729,31.993516664736457,24.604017667466366,-4.0975527304355595,-7.389498997270092,-3.2919462668345325,,TRUE
4506,TRUE,FALSE,-0.11977855956743441,28.374591307085733,24.825301995051117,31.008481355527696,24.067238130964054,-3.5492893120346167,-6.941243224563642,-3.3919539125290257,,TRUE
4507,TRUE,FALSE,-0.029695465437512728,24.94655833302349,20.858510299173997,29.13050649562042,23.64417195203699,-4.088048033849493,-5.486334543583428,-1.3982865097339356,,TRUE
4508,TRUE,FALSE,-0.17639856676805668,30.59646565161787,29.066908813779843,29.771837401949306,23.709604009566522,-1.529556837838026,-6.062233392382783,-4.532676554544757,,TRUE
4509,TRUE,FALSE,-0.07676708068634434,28.389085517078076,24.088232894301562,26.961270651290814,21.186263770416623,-4.300852622776514,-5.775006880874191,-1.474154258097677,,TRUE
4510,TRUE,FALSE,-0.01568540081630735,26.109451404555703,21.282817313531897,31.275823752132904,25.097360240164168,-4.826634091023806,-6.1784635119687366,-1.3518294209449309,,TRUE
4511,TRUE,FALSE,-0.06596733363938351,28.98811515133816,24.374483976962342,30.6565790927339,24.131809847503593,-4.6136311743758185,-6.524769245230306,-1.9111380708544878,,TRUE
4512,TRUE,FALSE,-0.037754091402300245,26.83530537031529,22.18719579353954,30.453243153953228,24.245605292569408,-4.648109576775749,-6.2076378613838195,-1.5595282846080707,,TRUE
4513,TRUE,FALSE,-0.11441444372304571,27.45738973407157,23.75387156980218,29.69792131689048,22.914566548767105,-3.70351816426939,-6.783354768123374,-3.079836603853984,,TRUE
4514,TRUE,FALSE,-0.07563116455352968,20.822161155945427,18.173961742482025,29.23767195208541,23.660308208766395,-2.648199413463402,-5.577363743319015,-2.929164329855613,,TRUE
4515,TRUE,FALSE,0.02214193806057348,25.577549220490393,20.436722954217657,32.065688480148495,26.194434015246486,-5.140826266272736,-5.871254464902009,-0.7304281986292729,,TRUE
4516,TRUE,FALSE,-0.1353589837485424,28.720780758652182,25.198194641749975,32.29465005686647,24.746746395296704,-3.5225861169022075,-7.547903661569769,-4.025317544667562,,TRUE
4517,TRUE,FALSE,0.022664630763858832,27.794404171909726,21.603673812378226,29.083143799589973,23.123561098993317,-6.1907303595315,-5.9595827005966555,0.23114765893484446,,TRUE
4518,TRUE,FALSE,-0.04332315129559051,30.675656472616506,26.16185299087974,29.48400017701354,24.07942072383347,-4.513803481736765,-5.404579453180073,-0.8907759714433077,,TRUE
4519,TRUE,FALSE,-0.006964560956948036,31.995847610304605,25.49142088711837,27.41096323269441,21.687028524116073,-6.504426723186235,-5.723934708578337,0.7804920146078977,,TRUE
4520,TRUE,FALSE,-0.047156148130008645,32.029171300703666,25.357789380443055,30.625716912517714,23.129822342520214,-6.671381920260611,-7.4958945699975,-0.8245126497368886,,TRUE
4521,TRUE,FALSE,-0.05449974398779634,26.82367550141295,23.984428561173285,27.505020089554794,23.28917570929289,-2.839246940239665,-4.215844380261903,-1.3765974400222376,,TRUE
4522,TRUE,FALSE,-0.06902617707581449,23.612044176794765,19.958283847832035,30.33323573932069,23.92933668773986,-3.653760328962729,-6.403899051580829,-2.7501387226181,,TRUE
4523,TRUE,FALSE,-8.21735344607197e-4,24.557345491553093,20.462428910429654,29.287231726797657,24.383565545835694,-4.094916581123439,-4.903666180961963,-0.8087495998385243,,TRUE
4524,TRUE,FALSE,-0.03439900773619002,29.07101271689062,24.582550734395074,26.0785971200853,21.30648010723597,-4.488461982495547,-4.772117012849328,-0.28365503035378126,,TRUE
4525,TRUE,FALSE,0.013870074714854016,32.26618869972053,25.794583837472018,28.129412931377693,22.801594683829904,-6.471604862248512,-5.327818247547789,1.1437866147007227,,TRUE
4526,TRUE,FALSE,-0.17248520539938228,24.38981329246448,23.195520489652314,31.441959237557615,25.164938529071026,-1.1942928028121678,-6.277020708486589,-5.082727905674421,,TRUE
4527,TRUE,FALSE,-0.08495892145124363,23.541649426504375,19.896474708591516,29.88341601329907,23.19916192109699,-3.645174717912859,-6.684254092202078,-3.0390793742892193,,TRUE
4528,TRUE,FALSE,0.05273587975107097,28.156391059238373,21.57123342531289,25.995439385266227,20.99413831008273,-6.585157633925483,-5.001301075183498,1.583856558741985,,TRUE
4529,TRUE,FALSE,0.02243076882552314,28.479101945529813,23.171085227598486,28.51049044673009,23.722820993392105,-5.308016717931327,-4.787669453337983,0.5203472645933438,,TRUE
4530,TRUE,FALSE,-0.004293130491659491,28.065487842292452,24.23910614797785,26.623040670883032,22.894817058305204,-3.826381694314602,-3.7282236125778283,0.09815808173677354,,TRUE
4531,TRUE,FALSE,-0.14795233784788872,22.649960936196827,20.095414760163028,32.39492975733647,24.78858150935292,-2.5545461760337993,-7.606348247983551,-5.051802071949751,,TRUE
4532,TRUE,FALSE,-0.08167355627224919,25.7478693986946,21.396939225313126,24.90237790253329,19.071322057859476,-4.3509301733814745,-5.831055844673813,-1.4801256712923383,,TRUE
4533,TRUE,FALSE,-0.104510252637558,29.34159296148052,25.60051939838973,29.542554835946564,23.21800566565774,-3.74107356309079,-6.324549170288826,-2.583475607198036,,TRUE
4534,TRUE,FALSE,-0.1763528185626367,22.32714681322763,20.95221366133379,27.387702486129594,21.545830133358745,-1.3749331518938384,-5.841872352770849,-4.466939200877011,,TRUE
4535,TRUE,FALSE,-0.011620890789407017,28.380264474200317,23.694290377659023,26.612077606299266,21.961356439020044,-4.685974096541294,-4.650721167279222,0.035252929262071575,,TRUE
4536,TRUE,FALSE,-0.012343424356323851,33.806442368027085,27.957068803450472,28.780863866206715,23.509062437135576,-5.849373564576613,-5.2718014290711395,0.5775721355054735,,TRUE
4537,TRUE,FALSE,-0.06436368654084684,34.60389222581203,29.059761307706037,31.23517802410215,24.595648828825066,-5.544130918105996,-6.639529195277085,-1.095398277171089,,TRUE
4538,TRUE,FALSE,0.046568160327674434,31.755643870891912,24.877942233250153,28.96914506246404,23.776805533444573,-6.87770163764176,-5.192339529019467,1.685362108622293,,TRUE
4539,TRUE,FALSE,0.05149709721676845,31.90258652746214,23.95653095945197,29.94816121905474,23.67735045299756,-7.94605556801017,-6.270810766057181,1.6752448019529886,,TRUE
4540,TRUE,FALSE,-0.12685541855067692,25.775028761507237,22.941174062031763,30.757894863290844,24.11462325569494,-2.8338546994754736,-6.643271607595903,-3.809416908120429,,TRUE
4541,TRUE,FALSE,-0.07156170922923995,27.855853971131516,24.997979121306333,28.897123149189294,24.14149590491398,-2.8578748498251834,-4.755627244275313,-1.89775239445013,,TRUE
4542,TRUE,FALSE,-0.041689804189153294,27.99112259084966,23.620667946797468,27.17763866929913,21.997733006899256,-4.370454644052192,-5.179905662399875,-0.8094510183476835,,TRUE
4543,TRUE,FALSE,0.13345303935903183,27.89179456441263,20.42800661904543,27.628032091255164,23.123704055848407,-7.463787945367201,-4.504328035406758,2.9594599099604437,,TRUE
4544,TRUE,FALSE,-0.1642082866874867,27.084965594646302,23.72940749503186,29.97889666068571,22.287404661071566,-3.3555580996144414,-7.6914919996141435,-4.335933899999702,,TRUE
4545,TRUE,FALSE,0.02249829044857272,29.069399118696076,24.15567474086479,29.76964925380215,25.30041935131168,-4.9137243778312865,-4.4692299024904685,0.444494475340818,,TRUE
4546,TRUE,FALSE,-0.2045294875660044,30.407488442354744,26.964542345908537,29.465440233591508,21.296067251443485,-3.4429460964462066,-8.169372982148023,-4.726426885701816,,TRUE
4547,TRUE,FALSE,-0.21558208303136214,24.986717082874232,23.598784057439566,30.36172347766174,23.114299607930743,-1.3879330254346662,-7.247423869730998,-5.859490844296332,,TRUE
4548,TRUE,FALSE,-0.05890006188777324,32.04146488052037,26.084465790670308,28.333992176947298,21.74690120718748,-5.956999089850065,-6.587090969759817,-0.6300918799097524,,TRUE
4549,TRUE,FALSE,0.0891773920962888,28.215778787742376,20.693009983979533,30.880971898464704,24.760068107493307,-7.522768803762844,-6.120903790971397,1.401865012791447,,TRUE
4550,TRUE,FALSE,-0.09807393382287133,31.15963368297956,26.74870308843768,28.50112816871422,22.180915613139295,-4.410930594541881,-6.320212555574926,-1.9092819610330451,,TRUE
4551,TRUE,FALSE,-0.11084132350625457,38.80939790260381,31.957220461448607,33.72183839831559,24.854530360699666,-6.852177441155206,-8.867308037615924,-2.0151305964607182,,TRUE
4552,TRUE,FALSE,-0.07866705366692957,28.4645176873399,25.77601192922844,29.010910228368672,24.283349054494607,-2.688505758111461,-4.727561173874065,-2.039055415762604,,TRUE
4553,TRUE,FALSE,-0.07520142470080989,27.973270575535103,24.21130981206142,29.19755496155134,23.440234912873365,-3.7619607634736845,-5.757320048677975,-1.995359285204291,,TRUE
4554,TRUE,FALSE,0.021029608432605915,27.085411111694796,21.813856317409492,30.42336759252533,25.0228829338932,-5.271554794285304,-5.400484658632131,-0.1289298643468264,,TRUE
4555,TRUE,FALSE,-0.10973645137083014,30.51892253674087,26.251841680273586,31.151878263942237,24.011366754268522,-4.267080856467285,-7.140511509673715,-2.87343065320643,,TRUE
4556,TRUE,FALSE,-0.05022526842754447,25.58415882006003,22.03847693903474,30.584882029487417,25.055593117703967,-3.5456818810252884,-5.52928891178345,-1.9836070307581615,,TRUE
4557,TRUE,FALSE,-0.030019203863050525,27.91486137455293,21.76447266326104,30.114764181293765,22.78531125814288,-6.1503887112918925,-7.329452923150885,-1.179064211858993,,TRUE
4558,TRUE,FALSE,-0.05440559978201443,27.267368742495123,23.812425414720423,28.64217425421939,23.68854205651815,-3.4549433277747,-4.953632197701243,-1.4986888699265428,,TRUE
4559,TRUE,FALSE,0.03500201068569666,34.56775548084756,27.271298083401526,30.249761986791142,24.714838166919026,-7.296457397446034,-5.534923819872116,1.7615335775739176,,TRUE
4560,TRUE,FALSE,-0.08551893681568545,25.662694392366014,21.618321746593654,28.753535520959282,22.2367121704317,-4.044372645772359,-6.516823350527581,-2.4724507047552216,,TRUE
4561,TRUE,FALSE,-0.0443325751087027,31.152789177307294,27.316226594450534,28.527499330201778,23.929525203764396,-3.836562582856761,-4.597974126437382,-0.7614115435806212,,TRUE
4562,TRUE,FALSE,-0.09501623344813881,27.560006416411323,23.506911825691713,31.65066977201673,24.54901904325031,-4.05309459071961,-7.101650728766419,-3.048556138046809,,TRUE
4563,TRUE,FALSE,0.0256507950241464,25.878093058963938,20.52437202652951,28.869392885235648,23.491743890071465,-5.353721032434429,-5.377648995164183,-0.02392796272975417,,TRUE
4564,TRUE,FALSE,0.029579054970226077,26.86258996353687,22.21479852516413,30.23308656268053,25.752713938237775,-4.647791438372739,-4.480372624442754,0.16741881392998437,,TRUE
4565,TRUE,FALSE,-0.10827710553505818,25.425020179613437,21.635761156562562,31.145839471904104,23.784102269790313,-3.7892590230508745,-7.36173720211379,-3.572478179062916,,TRUE
4566,TRUE,FALSE,0.012564920049970571,30.30295996219115,24.46502238846217,29.278995787551285,23.937214866296607,-5.837937573728979,-5.341780921254678,0.4961566524743013,,TRUE
4567,TRUE,FALSE,-0.10596377088088971,22.661448898163417,20.67265508687354,28.9896906710302,23.786617298180033,-1.9887938112898773,-5.203073372850167,-3.2142795615602893,,TRUE
4568,TRUE,FALSE,-0.09698032473765175,29.06469784705519,25.38672704162284,27.4715865982037,21.77742985855976,-3.6779708054323486,-5.69415673964394,-2.0161859342115918,,TRUE
4569,TRUE,FALSE,-0.16631059249656394,25.419058029083285,24.693619341163163,29.75615849505728,24.477913019011744,-0.7254386879201213,-5.278245476045537,-4.552806788125416,,TRUE
4570,TRUE,FALSE,0.004301824633372899,28.180375649207512,22.995884985797527,29.38221281286844,24.079979257826,-5.184490663409985,-5.302233555042438,-0.117742891632453,,TRUE
4571,TRUE,FALSE,0.03800958730316295,27.736202873564398,21.28468864352932,28.85517800357671,23.00124840047735,-6.451514230035077,-5.85392960309936,0.597584626935717,,TRUE
4572,TRUE,FALSE,-0.006095690555463081,26.167506196497175,21.607666186155566,27.62485833329266,22.672439984226656,-4.55984001034161,-4.952418349066004,-0.3925783387243946,,TRUE
4573,TRUE,FALSE,-0.18177888712686216,27.74939772167579,26.672483275121728,28.50328477076938,22.843320552388406,-1.0769144465540634,-5.659964218380974,-4.583049771826911,,TRUE
4574,TRUE,FALSE,-0.11843488689072974,25.592088273493353,21.925250891796527,28.680526243962976,21.826813847092367,-3.6668373816968263,-6.853712396870609,-3.186875015173783,,TRUE
4575,TRUE,FALSE,-0.17728756876082596,24.514034107436377,22.18661725369436,31.100527677258658,23.574856082308667,-2.3274168537420152,-7.525671594949991,-5.198254741207975,,TRUE
4576,TRUE,FALSE,-0.05525076715544117,26.36982288925923,22.19921362987076,29.33086250194524,23.36469458100118,-4.1706092593884705,-5.966167920944059,-1.7955586615555887,,TRUE
4577,TRUE,FALSE,-0.07838400496910694,28.415181888393466,24.14400880087468,26.879621355502927,21.117395134200013,-4.271173087518786,-5.762226221302914,-1.4910531337841277,,TRUE
4578,TRUE,FALSE,0.012664578310633562,31.760317562636974,24.098652939864813,28.669313859290476,22.030552385329464,-7.661664622772161,-6.6387614739610115,1.0229031488111495,,TRUE
4579,TRUE,FALSE,0.05065424855952369,38.3998890989663,28.757673709919576,28.33357607921745,22.321533840025573,-9.642215389046722,-6.012042239191878,3.630173149854844,,TRUE
4580,TRUE,FALSE,-0.005574865743388355,25.44585789129705,21.784473948237615,29.508427790413972,25.12204082847569,-3.661383943059434,-4.386386961938282,-0.7250030188788479,,TRUE
4581,TRUE,FALSE,0.027202100867938398,29.67648522477646,23.608717252810784,29.380195618676705,24.017529506074464,-6.067767971965676,-5.362666112602241,0.7051018593634346,,TRUE
4582,TRUE,FALSE,-0.038306697407385085,27.659318997563428,24.017447305662632,30.886497129441263,25.81176089580164,-3.6418716919007963,-5.074736233639623,-1.4328645417388266,,TRUE
4583,TRUE,FALSE,-0.11266181285324894,26.559838878817313,23.586092790248294,29.580861829781874,23.46999439543549,-2.973746088569019,-6.110867434346385,-3.1371213457773663,,TRUE
4584,TRUE,FALSE,-0.20274901993074296,25.40629697238097,25.857843775117217,27.710226151933654,23.027045901815566,0.4515468027362459,-4.683180250118088,-5.134727052854334,,TRUE
4585,TRUE,FALSE,0.04449703281145213,31.802899558208736,24.172498386931693,28.72517341339739,22.82665617374071,-7.630401171277043,-5.89851723965668,1.731883931620363,,TRUE
4586,TRUE,FALSE,-0.07978275172650455,25.74113543185815,22.602611882771626,29.08597458169283,23.581169476397847,-3.138523549086525,-5.5048051052949845,-2.3662815562084596,,TRUE
4587,TRUE,FALSE,-0.012076917218008564,31.16248925770442,26.344248589734605,27.981318840464127,23.37097956621784,-4.818240667969814,-4.610339274246286,0.20790139372352812,,TRUE
4588,TRUE,FALSE,0.09573540856694102,28.61482682175921,20.744931813903584,33.30736053835428,26.572870289497878,-7.869895007855625,-6.734490248856403,1.135404758999222,,TRUE
4589,TRUE,FALSE,-0.05026315523512768,36.0893070300717,30.002333677003822,27.523141685974725,21.759328496520677,-6.086973353067879,-5.763813189454048,0.3231601636138315,,TRUE
4590,TRUE,FALSE,-0.1539601130334062,27.343292408416076,24.75942232015979,30.699056522967762,23.831462862731293,-2.583870088256287,-6.867593660236469,-4.2837235719801825,,TRUE
4591,TRUE,FALSE,-0.08007636739165631,31.765446827917646,28.001211938111926,28.52359142031444,23.20862131511833,-3.7642348898057207,-5.31497010519611,-1.5507352153903895,,TRUE
4592,TRUE,FALSE,-0.12785188698927355,25.294069225562726,23.693630188093035,31.028908123422774,25.57726053430189,-1.600439037469691,-5.451647589120885,-3.851208551651194,,TRUE
4593,TRUE,FALSE,-0.10538092277615123,26.49191564554645,22.72864636173941,30.54195298445159,23.582544300302995,-3.7632692838070376,-6.959408684148595,-3.1961394003415577,,TRUE
4594,TRUE,FALSE,-0.21606657533510704,25.737802437937436,24.80423171385106,29.92264754877079,23.233669787811394,-0.9335707240863762,-6.688977760959396,-5.75540703687302,,TRUE
4595,TRUE,FALSE,-0.11797830225230806,31.82179465739789,27.930743057425783,30.045015909027864,23.436509635941032,-3.8910515999721085,-6.608506273086832,-2.717454673114723,,TRUE
4596,TRUE,FALSE,-0.011729534559584953,26.578366500785922,21.679038738364607,27.175991958683976,21.90801697843016,-4.899327762421315,-5.267974980253815,-0.36864721783249976,,TRUE
4597,TRUE,FALSE,-0.18633235143224683,27.237599374580476,25.201243022314134,28.024704447717635,21.5214269745109,-2.036356352266342,-6.503277473206737,-4.466921120940395,,TRUE
4598,TRUE,FALSE,0.028239754952328597,30.327867652021947,23.763671786259486,28.202083664539845,22.730931626606086,-6.564195865762461,-5.471152037933759,1.0930438278287014,,TRUE
4599,TRUE,FALSE,-0.10865946435712129,26.215825551585052,23.40176627217785,29.605377289685762,23.70639373951898,-2.8140592794072035,-5.898983550166783,-3.084924270759579,,TRUE
4600,TRUE,FALSE,0.13042320315210515,27.058698201687474,19.907105030970893,32.06506210173074,26.876664609743884,-7.1515931707165805,-5.188397491986855,1.9631956787297256,,TRUE
4601,TRUE,FALSE,0.032936333788822006,30.61221828314248,24.653914671253652,31.286063419892397,26.040305586346474,-5.958303611888827,-5.245757833545923,0.7125457783429034,,TRUE
4602,TRUE,FALSE,-0.07427320705580313,29.312713559335055,25.201780911864148,29.01104420306703,23.156990869752896,-4.110932647470907,-5.854053333314134,-1.7431206858432269,,TRUE
4603,TRUE,FALSE,-0.021965143387342893,31.43927053354271,24.632516626157575,29.527481690030463,22.632023848896313,-6.806753907385136,-6.895457841134149,-0.08870393374901298,,TRUE
4604,TRUE,FALSE,-0.014980502088742617,30.186376137877694,24.938966351481433,29.307518658749043,23.852866127618277,-5.247409786396261,-5.454652531130765,-0.20724274473450421,,TRUE
4605,TRUE,FALSE,-0.0014666787363050932,26.430421307945473,20.375043101666318,30.09749687046067,23.16796335849463,-6.055378206279155,-6.929533511966039,-0.8741553056868838,,TRUE
4606,TRUE,FALSE,-0.04059967253172428,32.433141494128826,27.16252031290846,28.862141691233994,23.210120117459198,-5.270621181220367,-5.652021573774796,-0.38140039255442915,,TRUE
4607,TRUE,FALSE,0.06716689407430286,23.887071434864204,17.209214510165076,31.12895957191622,23.984626322689362,-6.677856924699128,-7.144333249226857,-0.46647632452772925,,TRUE
4608,TRUE,FALSE,-0.02762862046633892,32.34865331570896,25.28673859833286,27.981529119868885,21.276936623865925,-7.061914717376098,-6.7045924960029595,0.3573222213731384,,TRUE
4609,TRUE,FALSE,-0.047743258958973155,28.27892142546398,23.759978181935782,31.04928753651309,24.8713982483656,-4.518943243528199,-6.17788928814749,-1.6589460446192916,,TRUE
4610,TRUE,FALSE,-0.024036325917785508,29.09843856104673,24.61610186022535,27.679659628681232,22.859751071392175,-4.4823367008213815,-4.819908557289057,-0.33757185646767596,,TRUE
4611,TRUE,FALSE,-0.05243455651513438,22.23852182200155,18.998916709498022,27.410592145330142,22.22129174235695,-3.2396051125035292,-5.189300402973192,-1.9496952904696627,,TRUE
4612,TRUE,FALSE,-0.10862151270703288,23.38166906005316,20.772454830381076,27.501452772315414,21.91766206676617,-2.6092142296720837,-5.583790705549244,-2.9745764758771607,,TRUE
4613,TRUE,FALSE,-0.029006963623236105,24.441360799301076,20.22874054580344,30.223614566545198,24.29921815256308,-4.2126202534976365,-5.9243964139821195,-1.711776160484483,,TRUE
4614,TRUE,FALSE,0.09978330294295078,29.30820326086473,22.82746628570332,27.249046487497807,23.45066501024388,-6.48073697516141,-3.798381477253926,2.6823554979074835,,TRUE
4615,TRUE,FALSE,-0.23412663135300077,28.41370820908776,27.414785197036405,31.60957428401825,24.132130986472454,-0.9989230120513533,-7.477443297545797,-6.478520285494444,,TRUE
4616,TRUE,FALSE,-0.041388886544016214,23.315183760804555,20.872356435585917,29.69692643164981,25.507575329083068,-2.442827325218637,-4.189351102566743,-1.7465237773481057,,TRUE
4617,TRUE,FALSE,0.07640675308214458,29.708016201824574,22.49172877548869,29.22650999754469,23.884116193558068,-7.216287426335885,-5.342393803986621,1.8738936223492644,,TRUE
4618,TRUE,FALSE,-0.12886877363215737,26.15491421994886,23.82287158859716,27.094061992556362,21.694414449665167,-2.332042631351701,-5.399647542891195,-3.067604911539494,,TRUE
4619,TRUE,FALSE,-0.04634838884263772,23.53570930857382,19.197587262185856,31.02316971417524,24.15887340663938,-4.338122046387966,-6.864296307535859,-2.5261742611478937,,TRUE
4620,TRUE,FALSE,-0.13773851420662778,24.295358997832295,21.24551883381334,29.735067098013758,22.65655458788679,-3.0498401640189563,-7.078512510126966,-4.02867234610801,,TRUE
4621,TRUE,FALSE,-0.15418001219650904,28.290405755769523,25.144757623418634,30.427217567509825,23.179869611766108,-3.145648132350889,-7.247347955743717,-4.101699823392828,,TRUE
4622,TRUE,FALSE,-0.11783492704456681,25.211626395765922,21.801300228817173,30.146863124760134,23.17120414102935,-3.4103261669487495,-6.975658983730785,-3.5653328167820355,,TRUE
4623,TRUE,FALSE,0.11365465543775152,30.24412038896848,22.03081009261053,28.82337055872355,23.523062557937422,-8.21331029635795,-5.300308000786128,2.9130022955718218,,TRUE
4624,TRUE,FALSE,-0.08156258815807453,27.86559870349312,24.619409122984663,31.09600946191533,25.321633859523054,-3.2461895805084566,-5.774375602392276,-2.528186021883819,,TRUE
4625,TRUE,FALSE,0.05053386558415257,28.947269710106895,23.064838495350273,27.93691972327145,23.413584614645725,-5.882431214756622,-4.5233351086257265,1.3590961061308953,,TRUE
4626,TRUE,FALSE,0.01930900017798682,31.05279605833913,25.726922984239515,29.717363161328866,25.100547769296604,-5.325873074099615,-4.616815392032262,0.7090576820673533,,TRUE
4627,TRUE,FALSE,1.183066440153016e-4,24.419897615556657,20.159140295610715,28.17392217898809,23.260918472521084,-4.260757319945942,-4.913003706467006,-0.6522463865210639,,TRUE
4628,TRUE,FALSE,-0.12101443482979002,28.491946278179554,24.519244294381135,28.89558402488193,22.032335654253973,-3.9727019837984194,-6.863248370627957,-2.890546386829538,,TRUE
4629,TRUE,FALSE,-0.07013726558734328,28.45865353949674,24.587164810305886,27.39039406265787,22.061353666134224,-3.8714887291908546,-5.329040396523645,-1.4575516673327904,,TRUE
4630,TRUE,FALSE,-0.13886318392284477,25.123290172788284,23.59416043752616,26.77058640197062,21.881565178183077,-1.5291297352621243,-4.889021223787541,-3.3598914885254167,,TRUE
4631,TRUE,FALSE,-0.09383371196262691,26.837544451291603,22.550483960291576,28.339644721595743,21.67983777388686,-4.287060491000027,-6.6598069477088835,-2.3727464567088568,,TRUE
4632,TRUE,FALSE,-0.11845549263513118,27.050436687226416,23.798702510477536,30.285340312265383,23.66829049970058,-3.2517341767488794,-6.6170498125648045,-3.365315635815925,,TRUE
4633,TRUE,FALSE,0.00477562140926098,30.378100080547345,24.331246832627947,31.52516458128593,25.370857413336235,-6.0468532479193975,-6.154307167949696,-0.10745392003029863,,TRUE
4634,TRUE,FALSE,-0.18301514008614442,24.82471614247802,24.169091199396238,33.057512663488026,26.801786093209426,-0.6556249430817829,-6.2557265702786005,-5.600101627196818,,TRUE
4635,TRUE,FALSE,-0.07609047696357281,30.999457196082936,26.550846061456813,31.034667698190155,24.633476098891933,-4.448611134626123,-6.4011915992982225,-1.9525804646720992,,TRUE
4636,TRUE,FALSE,-0.18215113995553694,27.475532284979476,26.738571052362893,28.962273565926928,23.49186496989583,-0.7369612326165829,-5.470408596031099,-4.733447363414516,,TRUE
4637,TRUE,FALSE,0.023077091020842117,28.797393500372483,21.843344218027266,28.196473645544508,21.886836788310184,-6.954049282345217,-6.309636857234324,0.6444124251108931,,TRUE
4638,TRUE,FALSE,-0.0867121463919961,25.549191662171992,21.68549116067379,29.95980420908943,23.316988739072155,-3.863700501498201,-6.6428154700172755,-2.7791149685190746,,TRUE
4639,TRUE,FALSE,-0.09947861748747616,30.90832219603968,25.418749806530368,28.284096886856904,21.058045380086693,-5.489572389509313,-7.226051506770212,-1.7364791172608989,,TRUE
4640,TRUE,FALSE,0.0817066535863449,30.817064232958334,23.501066083888396,27.695415261706803,22.918644608855036,-7.315998149069937,-4.776770652851766,2.539227496218171,,TRUE
4641,TRUE,FALSE,-0.21058275673363616,26.861647904443796,26.944456337571186,31.046495515457973,25.22867420795628,0.08280843312738995,-5.817821307501692,-5.900629740629082,,TRUE
4642,TRUE,FALSE,-0.12498804674584169,29.867399977703094,25.848843808349848,32.96284352910121,25.176001412401078,-4.018556169353246,-7.786842116700129,-3.7682859473468824,,TRUE
4643,TRUE,FALSE,-0.11874342627498227,30.88647482944209,28.52439958989455,27.18303233063596,22.293407515996222,-2.36207523954754,-4.889624814639738,-2.5275495750921984,,TRUE
4644,TRUE,FALSE,-0.005228542198561674,32.37662766767393,25.87448960701024,27.117188351233107,21.558280161564632,-6.50213806066369,-5.558908189668475,0.9432298709952143,,TRUE
4645,TRUE,FALSE,-0.06590281280014192,29.585933806702812,26.21529048288932,26.624734523121415,22.08683319229158,-3.3706433238134927,-4.537901330829836,-1.1672580070163434,,TRUE
4646,TRUE,FALSE,-0.15152434919302646,23.30358340331496,21.51875884965733,28.236078316070323,22.40746361449534,-1.7848245536576286,-5.828614701574981,-4.043790147917353,,TRUE
4647,TRUE,FALSE,-0.05431519454586386,28.845867272576637,24.240819262686813,32.46456274753437,25.839521154863434,-4.605048009889824,-6.625041592670939,-2.0199935827811153,,TRUE
4648,TRUE,FALSE,-0.07011667810178059,27.00872728813775,23.31571970311799,29.199402467837764,23.49997410701124,-3.6930075850197603,-5.6994283608265235,-2.006420775806763,,TRUE
4649,TRUE,FALSE,0.023283767802394984,31.175035839637026,26.2257021034771,26.028104546112896,22.41169567916264,-4.949333736159925,-3.6164088669502554,1.3329248692096698,,TRUE
4650,TRUE,FALSE,0.04180059291831071,24.08066540093131,19.68017138519883,25.54104244899642,21.76470467725614,-4.40049401573248,-3.7763377717402804,0.6241562439921999,,TRUE
4651,TRUE,FALSE,-0.021694811247659315,33.6613796698786,26.044760932426026,28.55077067539366,21.616449465272044,-7.616618737452573,-6.934321210121617,0.6822975273309559,,TRUE
4652,TRUE,FALSE,-0.1645208328233113,27.96113349035836,26.272804715549515,28.32443823831037,22.576804911316156,-1.688328774808845,-5.747633326994215,-4.05930455218537,,TRUE
4653,TRUE,FALSE,-0.1624846408588015,25.662745932085617,22.18473497613665,30.867872230374914,22.682537187807366,-3.4780109559489674,-8.185335042567548,-4.707324086618581,,TRUE
4654,TRUE,FALSE,0.022710064801648853,29.637139097266463,22.837153409314215,29.35738049222483,23.14119853562575,-6.799985687952248,-6.21618195659908,0.5838037313531679,,TRUE
4655,TRUE,FALSE,-0.09688321014145297,27.088735822641844,23.849422580647257,29.146719899609597,23.291795843556734,-3.239313241994587,-5.854924056052862,-2.6156108140582752,,TRUE
4656,TRUE,FALSE,0.08460169141687321,25.745946459161267,20.94350692155467,29.012745264013816,25.684517725654167,-4.802439537606599,-3.3282275383596485,1.4742119992469505,,TRUE
4657,TRUE,FALSE,-0.009424648456824095,26.363823504357462,22.46608684052752,28.922836010596555,24.41556844973983,-3.897736663829942,-4.507267560856725,-0.609530897026783,,TRUE
4658,TRUE,FALSE,-0.089093380526507,26.366436369862893,23.482189095722582,27.71009097051588,22.575237790134036,-2.8842472741403107,-5.1348531803818425,-2.250605906241532,,TRUE
4659,TRUE,FALSE,0.12074807263115753,31.082590652863303,24.127468057164837,28.93389758661502,25.34204757760304,-6.955122595698466,-3.5918500090119814,3.3632725866864845,,TRUE
4660,TRUE,FALSE,-0.01951732203071914,30.714796731106354,24.49822954635718,28.632877725501192,22.396274794206086,-6.216567184749174,-6.236602931295106,-0.020035746545932653,,TRUE
4661,TRUE,FALSE,0.010682034626767856,29.83537079410264,25.039620576901964,26.837082095429075,22.76516212472571,-4.795750217200677,-4.071919970703366,0.723830246497311,,TRUE
4662,TRUE,FALSE,-0.14298558275400014,24.630709352450065,21.877115383498904,31.937814038761715,24.587845533410203,-2.7535939689511615,-7.349968505351512,-4.596374536400351,,TRUE
4663,TRUE,FALSE,-0.10495265434191531,25.59607518204046,22.32200216765921,32.52671179283239,25.53992230598838,-3.2740730143812513,-6.986789486844007,-3.7127164724627555,,TRUE
4664,TRUE,FALSE,-0.013165279406675357,28.04329003756671,22.50684503949338,28.780248482864664,22.79620680240315,-5.536444998073328,-5.984041680461512,-0.44759668238818406,,TRUE
4665,TRUE,FALSE,-0.03447840420767734,31.016150983021834,25.38986880882176,28.479862730258827,22.523540863417466,-5.626282174200075,-5.9563218668413604,-0.33003969264128585,,TRUE
4666,TRUE,FALSE,-0.005133286708544293,29.62040826798901,22.65877595424504,29.030944903008898,22.094145942502436,-6.961632313743969,-6.9367989605064615,0.024833353237507794,,TRUE
4667,TRUE,FALSE,0.016365733995399975,30.21074538854705,23.623347111041067,29.664514479045422,23.578967463433973,-6.587398277505983,-6.08554701561145,0.501851261894533,,TRUE
4668,TRUE,FALSE,-0.009882290743083668,35.84012835873648,27.792070671795887,29.162310542274035,22.39141066349534,-8.048057686940592,-6.770899878778696,1.2771578081618955,,TRUE
4669,TRUE,FALSE,-0.18417789362388703,25.327847887752334,23.127478777099792,29.685572987427413,22.546960032148316,-2.2003691106525416,-7.138612955279097,-4.938243844626555,,TRUE
4670,TRUE,FALSE,-0.04897496483566109,26.1320301191177,21.931999267756932,28.624803876731644,22.875891890458107,-4.2000308513607685,-5.748911986273537,-1.5488811349127687,,TRUE
4671,TRUE,FALSE,-0.03028179790170945,27.979134860131538,23.823048073864268,28.278010353676805,23.359345862930333,-4.15608678626727,-4.9186644907464725,-0.7625777044792024,,TRUE
4672,TRUE,FALSE,-0.13059188831818538,25.671918903532227,22.062510183761074,33.12531815266534,24.982811589204676,-3.609408719771153,-8.142506563460667,-4.533097843689514,,TRUE
4673,TRUE,FALSE,-0.06722375574093746,30.43226459773689,26.987193314515405,28.244840764220438,23.418963686431585,-3.445071283221484,-4.825877077788853,-1.3808057945673688,,TRUE
4674,TRUE,FALSE,-0.027334168831311175,33.832636932798174,27.36541873568185,28.52985277985861,22.45405083975947,-6.467218197116324,-6.07580194009914,0.39141625701718397,,TRUE
4675,TRUE,FALSE,-0.05411811379494508,26.711863511850947,21.492002257425565,31.137263168741146,23.73285192952422,-5.219861254425382,-7.404411239216927,-2.184549984791545,,TRUE
4676,TRUE,FALSE,-0.10275434391483546,26.964666042702895,24.100744145081467,27.86690888630745,22.474940952510632,-2.8639218976214273,-5.391967933796817,-2.5280460361753896,,TRUE
4677,TRUE,FALSE,-0.00764827368743954,26.175299738315932,22.0010652986164,30.86943841976452,25.748929146989813,-4.174234439699532,-5.120509272774708,-0.9462748330751758,,TRUE
4678,TRUE,FALSE,-0.06224104940129168,30.95161858887643,26.99984254076282,26.976853251644716,22.112518617996557,-3.951776048113608,-4.864334633648159,-0.9125585855345513,,TRUE
4679,TRUE,FALSE,0.002941005317349301,24.81075018332368,20.468734368892353,29.63844900104707,24.523577734003833,-4.342015814431328,-5.114871267043238,-0.7728554526119105,,TRUE
4680,TRUE,FALSE,-0.1278329347437389,26.81982178562291,24.520651536524817,30.893252845135635,24.855506564862118,-2.2991702490980934,-6.037746280273517,-3.7385760311754233,,TRUE
4681,TRUE,FALSE,-0.03496474132686697,27.85172809525665,24.007404505248797,26.869447450781394,22.36489197009673,-3.8443235900078534,-4.504555480684665,-0.6602318906768119,,TRUE
4682,TRUE,FALSE,-0.12194523679054911,31.897912465693526,28.361999669080372,30.410884041515786,23.935554198622334,-3.535912796613154,-6.475329842893451,-2.9394170462802975,,TRUE
4683,TRUE,FALSE,-0.17814795661638227,25.76548811974317,23.94211797499617,29.289936815792718,22.775816351706307,-1.8233701447470025,-6.51412046408641,-4.690750319339408,,TRUE
4684,TRUE,FALSE,-0.016957556333363936,32.140482182606526,27.294359906789413,29.777118668799744,24.86214669192542,-4.8461222758171125,-4.914971976874323,-0.06884970105721067,,TRUE
4685,TRUE,FALSE,-0.10247674260353698,26.2081080059189,22.480891401417,28.312980801045544,21.920899372184252,-3.7272166045018977,-6.392081428861292,-2.6648648243593946,,TRUE
4686,TRUE,FALSE,0.10943154365049917,36.93363323405084,27.292549558185684,27.668298987220556,22.810250309198313,-9.641083675865154,-4.858048678022243,4.783034997842911,,TRUE
4687,TRUE,FALSE,-0.1105676689608395,25.450988881919212,21.360797556503876,30.013597022823852,22.553394757448416,-4.090191325415336,-7.460202265375436,-3.3700109399600997,,TRUE
4688,TRUE,FALSE,-0.02948970105922513,29.601462377276935,24.406021908187178,29.307867605690085,23.461773438383165,-5.195440469089757,-5.846094167306919,-0.6506536982171625,,TRUE
4689,TRUE,FALSE,-0.08969663356138886,28.290897154820087,24.403832328412793,28.394393601111023,22.391807799072566,-3.8870648264072933,-6.002585802038457,-2.1155209756311635,,TRUE
4690,TRUE,FALSE,-0.1126305929440908,28.965672012107554,25.747018553840267,26.76069386783122,21.253275023504827,-3.218653458267287,-5.507418844326391,-2.2887653860591044,,TRUE
4691,TRUE,FALSE,-0.01813343326344597,28.749421254595266,23.347106435271233,29.585862810912996,23.59461774820388,-5.402314819324033,-5.991245062709115,-0.5889302433850823,,TRUE
4692,TRUE,FALSE,0.004668309979642033,28.0401437198229,22.810183766390956,27.00690212938264,22.072460113282954,-5.229959953431944,-4.934442016099688,0.2955179373322565,,TRUE
4693,TRUE,FALSE,-0.13961275869639822,30.07308978457817,28.239225425541374,28.49593230838024,23.271509207265254,-1.8338643590367951,-5.224423101114986,-3.3905587420781913,,TRUE
4694,TRUE,FALSE,-0.12326937562576643,34.85037006196749,30.239483752043512,30.931454642141336,23.726414508217378,-4.610886309923977,-7.2050401339239585,-2.5941538239999815,,TRUE
4695,TRUE,FALSE,-0.1103007127490697,29.782940731501743,26.490955200959434,27.89612299732566,22.22137350913007,-3.291985530542309,-5.674749488195587,-2.382763957653278,,TRUE
4696,TRUE,FALSE,-0.05213369579087255,26.25041588752543,22.16697962886009,29.581444000334937,23.71091575111706,-4.0834362586653405,-5.870528249217877,-1.7870919905525362,,TRUE
4697,TRUE,FALSE,-0.1027236888066579,29.564481720018325,25.89489432272455,27.99516765559151,22.12659641606385,-3.6695873972937747,-5.8685712395276575,-2.1989838422338828,,TRUE
4698,TRUE,FALSE,-0.1119762678213423,23.749164489241032,21.794906247140418,28.776032568036232,23.61059386731517,-1.9542582421006145,-5.165438700721062,-3.211180458620447,,TRUE
4699,TRUE,FALSE,-0.003218140732861544,26.474941516235894,22.38460729899039,28.918957741686835,24.372466732926686,-4.0903342172455055,-4.5464910087601496,-0.45615679151464406,,TRUE
4700,TRUE,FALSE,0.06266522418404415,31.075989895371073,24.837885680530096,29.836944669402897,25.38979312584631,-6.238104214840977,-4.447151543556586,1.7909526712843906,,TRUE
4701,TRUE,FALSE,-0.09076904283087153,26.35057396154196,22.859282150079988,31.440358841333712,24.90803736392685,-3.4912918114619735,-6.53232147740686,-3.0410296659448868,,TRUE
4702,TRUE,FALSE,-0.05170874113408838,30.26081004399128,25.714659440684365,28.02709695663945,22.616298243726987,-4.546150603306916,-5.410798712912463,-0.8646481096055467,,TRUE
4703,TRUE,FALSE,-0.02383106893124638,32.05326269333034,26.113179782156834,27.071542730628245,21.535294731395172,-5.940082911173505,-5.536247999233073,0.4038349119404323,,TRUE
4704,TRUE,FALSE,-0.10823622674623423,27.465725510965232,25.16003346754549,32.615907315815186,26.812864119900578,-2.305692043419743,-5.803043195914608,-3.497351152494865,,TRUE
4705,TRUE,FALSE,-0.18376620388106965,24.314461914296555,22.373792681623577,31.623628260130676,24.21463875635609,-1.9406692326729775,-7.408989503774585,-5.468320271101607,,TRUE
4706,TRUE,FALSE,-0.14147153828909728,25.562793715928066,23.70714574817392,28.057064384193406,22.58774491686729,-1.8556479677541446,-5.469319467326116,-3.6136714995719714,,TRUE
4707,TRUE,FALSE,-0.19472223368697786,26.684589267266304,23.56659316129158,29.827002879580007,21.680989872321774,-3.1179961059747257,-8.146013007258233,-5.028016901283507,,TRUE
4708,TRUE,FALSE,-0.13527872346590405,23.90237983903316,22.038111588882007,27.606892365132847,22.23309650281417,-1.8642682501511523,-5.373795862318676,-3.509527612167524,,TRUE
4709,TRUE,FALSE,-0.11742528339684545,24.815356906000975,22.195203202363054,27.01965078651595,21.48924606012789,-2.6201537036379214,-5.53040472638806,-2.9102510227501384,,TRUE
4710,TRUE,FALSE,-0.16833716126226103,25.029419494042088,23.86674995988796,28.050320940803537,22.60333077503751,-1.1626695341541264,-5.446990165766028,-4.284320631611902,,TRUE
4711,TRUE,FALSE,-0.046053415261492286,27.342114097317488,22.163354049521917,29.79236973649441,23.062569799528394,-5.178760047795571,-6.7297999369660175,-1.5510398891704469,,TRUE
4712,TRUE,FALSE,-0.07401766093260506,30.71067553686843,26.721989223527206,25.442635957320434,20.558719308991293,-3.9886863133412227,-4.883916648329141,-0.895230334987918,,TRUE
4713,TRUE,FALSE,-0.09939214977631425,26.100854500100198,23.04042549841897,27.87211303180043,22.276153499040507,-3.0604290016812286,-5.595959532759924,-2.5355305310786953,,TRUE
4714,TRUE,FALSE,-0.03994172923733891,26.18713378069153,22.093471977431093,32.22044781770799,26.119274107389156,-4.093661803260435,-6.101173710318836,-2.007511907058401,,TRUE
4715,TRUE,FALSE,-0.15825015706125609,31.223316137084517,28.47791423092726,28.46553724864455,22.162633586134504,-2.745401906157255,-6.302903662510047,-3.557501756352792,,TRUE
4716,TRUE,FALSE,-0.07327475184149133,23.385801410728412,19.944426016742042,30.20486660788815,23.93995813239976,-3.4413753939863696,-6.26490847548839,-2.8235330815020205,,TRUE
4717,TRUE,FALSE,-0.03483123372881194,31.507164418422036,25.968601183729547,27.828677747015195,22.1515844910774,-5.538563234692489,-5.677093255937795,-0.13853002124530533,,TRUE
4718,TRUE,FALSE,-0.032285466754291135,31.218168064984262,24.235221945973315,29.439301000480626,22.128179258090764,-6.982946119010947,-7.311121742389862,-0.3281756233789146,,TRUE
4719,TRUE,FALSE,0.017805883048500403,22.47710589590614,17.710715367171126,29.543682465006835,23.696998193177922,-4.766390528735013,-5.846684271828913,-1.0802937430939004,,TRUE
4720,TRUE,FALSE,-0.0898635336231353,26.49706059227725,23.7796229248505,29.378624391104236,24.099691589085875,-2.7174376674267506,-5.27893280201836,-2.5614951345916097,,TRUE
4721,TRUE,FALSE,0.0013134072240089903,31.517493322603453,26.21873928407163,27.170966107340433,22.63266117176588,-5.298754038531822,-4.538304935574555,0.7604491029572671,,TRUE
4722,TRUE,FALSE,0.04642632547476419,27.248373528143656,21.458027768230444,27.827031297620373,22.95507903145768,-5.790345759913212,-4.871952266162694,0.9183934937505178,,TRUE
4723,TRUE,FALSE,-0.10241295051520476,32.797375581863186,30.252468743707357,30.01638325698142,24.992097720433666,-2.5449068381558284,-5.024285536547755,-2.479378698391926,,TRUE
4724,TRUE,FALSE,0.04878639238788163,28.960625621960197,23.909296389647597,28.914849036372363,25.064984852165594,-5.0513292323126,-3.849864184206769,1.201465048105831,,TRUE
4725,TRUE,FALSE,-0.07354166611520548,28.913423165575434,24.250812311412382,30.6102872145261,23.853682963083415,-4.662610854163052,-6.756604251442685,-2.0939933972796325,,TRUE
4726,TRUE,FALSE,-0.07389171718621092,27.993607753247527,23.110215832049267,30.29733063146417,23.230509223157096,-4.88339192119826,-7.066821408307074,-2.183429487108814,,TRUE
4727,TRUE,FALSE,-0.05121771274858337,29.06894879034658,23.14950891000285,30.161762577395724,22.820523484640972,-5.919439880343731,-7.341239092754751,-1.4217992124110204,,TRUE
4728,TRUE,FALSE,-0.12709852391978266,28.24335828013669,25.473894470677326,30.73066199727507,24.409154615078375,-2.7694638094593635,-6.321507382196696,-3.5520435727373325,,TRUE
4729,TRUE,FALSE,-0.04667057343338232,22.99443021530165,19.09062523143648,30.599419332833683,24.246101127801072,-3.9038049838651716,-6.353318205032611,-2.4495132211674395,,TRUE
4730,TRUE,FALSE,0.05917227016951359,32.54056054889795,24.90060865621983,29.68484660509961,24.100049382362926,-7.63995189267812,-5.584797222736686,2.055154669941434,,TRUE
4731,TRUE,FALSE,-0.08549963811848874,30.59828543554008,26.3606456966233,28.232810134283636,22.32960490491695,-4.23763973891678,-5.903205229366687,-1.6655654904499073,,TRUE
4732,TRUE,FALSE,-0.03779389255511547,33.21626468226322,27.629802477622356,31.281762529445434,25.055583638362773,-5.586462204640867,-6.226178891082661,-0.639716686441794,,TRUE
4733,TRUE,FALSE,-0.17183770869121315,23.77983353206716,22.573029383170255,29.584704760660287,23.6493989590177,-1.2068041488969037,-5.935305801642588,-4.728501652745685,,TRUE
4734,TRUE,FALSE,-0.009815924059840645,28.325449070696468,23.243090457993937,29.415592666991436,23.90185843670729,-5.0823586127025315,-5.513734230284147,-0.43137561758161524,,TRUE
4735,TRUE,FALSE,-0.0736165845971414,26.79489909159291,22.0004728111917,30.01267144571802,22.893556535194236,-4.794426280401211,-7.119114910523784,-2.324688630122573,,TRUE
4736,TRUE,FALSE,-0.05977232426581107,27.660491695372638,22.62268741735787,29.577031200974993,22.78662933307828,-5.037804278014768,-6.790401867896712,-1.752597589881944,,TRUE
4737,TRUE,FALSE,-0.10529856604698296,26.920610768288835,23.259816896168587,29.984648564147317,23.317917403719978,-3.660793872120248,-6.666731160427339,-3.0059372883070914,,TRUE
4738,TRUE,FALSE,-0.11152449216359822,25.834554390248368,22.198718534819097,30.081738418543488,23.120402404223046,-3.6358358554292707,-6.961336014320441,-3.3255001588911703,,TRUE
4739,TRUE,FALSE,0.051442288129876966,33.911566688103576,27.376453910311245,28.250906721732044,24.010589992829313,-6.535112777792332,-4.24031672890273,2.2947960488896015,,TRUE
4740,TRUE,FALSE,-0.04231103211096659,25.91078496976919,21.711179635232767,29.678273280235363,23.83779234474431,-4.199605334536422,-5.840480935491051,-1.6408756009546295,,TRUE
4741,TRUE,FALSE,-0.02576588033847145,28.480153935403095,24.408150480241712,28.604607209054386,23.891232168895574,-4.072003455161383,-4.713375040158812,-0.6413715849974295,,TRUE
4742,TRUE,FALSE,0.03813053992008993,28.493507953392267,22.287305376477754,29.736613597480808,24.163677794259478,-6.206202576914514,-5.5729358032213305,0.6332667736931832,,TRUE
4743,TRUE,FALSE,-0.005810509993014806,26.220565147713273,20.860401723932416,28.69931472130348,22.7001472328144,-5.3601634237808575,-5.999167488489082,-0.6390040647082245,,TRUE
4744,TRUE,FALSE,0.04199327433829326,30.58346271600564,24.092911877464147,27.458894701872158,22.559170970125333,-6.490550838541495,-4.899723731746825,1.59082710679467,,TRUE
4745,TRUE,FALSE,0.07273937303604965,36.292466866053786,26.66310848227512,28.223200109985687,22.29928068101851,-9.629358383778666,-5.923919428967178,3.7054389548114877,,TRUE
4746,TRUE,FALSE,-0.035836234326022745,26.781141798920423,22.878901800252816,26.508969155476738,21.849195280781924,-3.902239998667607,-4.659773874694814,-0.7575338760272068,,TRUE
4747,TRUE,FALSE,0.0020078082616577834,25.42929220212306,21.454789412475776,30.353143710684392,25.66053117613954,-3.9745027896472855,-4.692612534544853,-0.7181097448975677,,TRUE
4748,TRUE,FALSE,-0.02087651960335942,25.8315111237254,20.98129193568369,27.25512963922602,21.680241153814094,-4.850219188041709,-5.574888485411925,-0.724669297370216,,TRUE
4749,TRUE,FALSE,-0.1576812250150649,29.01579612084872,26.49243924719923,30.51667957227591,23.798229464934895,-2.5233568736494902,-6.718450107341013,-4.195093233691523,,TRUE
4750,TRUE,FALSE,-0.021411679246401333,37.24744016013657,30.243845654510334,32.374756986080484,25.730494037199733,-7.003594505626236,-6.644262948880751,0.35933155674548445,,TRUE
4751,TRUE,FALSE,0.030388942615111676,27.473575602315776,21.549198654372933,27.514233519212098,22.246982263681478,-5.924376947942843,-5.267251255530621,0.6571256924122224,,TRUE
4752,TRUE,FALSE,-0.11685368738270685,26.307489199715736,24.008294304319566,32.668949039436505,26.525779628880237,-2.2991948953961696,-6.143169410556268,-3.843974515160099,,TRUE
4753,TRUE,FALSE,-0.05427527272046319,32.05127760892849,27.55662339671532,29.908588108509363,24.355952340469795,-4.494654212213167,-5.552635768039568,-1.0579815558264016,,TRUE
4754,TRUE,FALSE,-0.14459018048910097,26.745936579474936,24.218931773174813,30.538217309964377,23.930189457996164,-2.5270048063001234,-6.608027851968213,-4.08102304566809,,TRUE
4755,TRUE,FALSE,-0.05678698324811538,30.488538193849447,25.06103088938958,30.69468665715862,23.83764020760157,-5.427507304459866,-6.85704644955705,-1.4295391450971842,,TRUE
4756,TRUE,FALSE,-0.06045665138274536,27.996435092315355,23.210453785800322,33.99280995474903,26.52845595287803,-4.785981306515033,-7.464354001870998,-2.6783726953559643,,TRUE
4757,TRUE,FALSE,0.013067924129757016,28.070897834709136,21.97891985370609,26.00525045857519,20.629391124972596,-6.091977981003048,-5.375859333602595,0.7161186474004531,,TRUE
4758,TRUE,FALSE,-0.020353358893924162,24.302194336223604,20.214398460318915,29.19377899619293,23.79393644477364,-4.087795875904689,-5.39984255141929,-1.3120466755146012,,TRUE
4759,TRUE,FALSE,-0.017832993007943835,32.36908603881542,25.897867845516902,28.115525538253177,22.097086141821126,-6.471218193298515,-6.018439396432051,0.4527787968664647,,TRUE
4760,TRUE,FALSE,0.06100061022465085,30.547825930970294,24.435352792389462,28.284323597016257,24.047854310404084,-6.112473138580832,-4.236469286612174,1.8760038519686582,,TRUE
4761,TRUE,FALSE,-0.078684212550215,25.30814255351087,21.61300572087558,30.360407158123422,23.96571379533547,-3.6951368326352885,-6.394693362787951,-2.6995565301526625,,TRUE
4762,TRUE,FALSE,-0.06140809039495554,25.227248554264406,21.222701214681614,30.478847174704406,24.11349243611142,-4.004547339582793,-6.365354738592984,-2.3608073990101914,,TRUE
4763,TRUE,FALSE,-0.05333989704924429,26.866454055777208,22.722438773108053,30.388857086416184,24.366532749625815,-4.144015282669155,-6.022324336790369,-1.878309054121214,,TRUE
4764,TRUE,FALSE,-0.13163580408461514,28.254835085144805,25.85373093511713,26.71500814138801,21.429747575457466,-2.401104150027674,-5.285260565930546,-2.884156415902872,,TRUE
4765,TRUE,FALSE,-0.1285945410154491,29.970405098645653,26.565913731724315,32.159975340170114,25.0668609733268,-3.404491366921338,-7.093114366843313,-3.688622999921975,,TRUE
4766,TRUE,FALSE,-0.06914648976204393,31.78376095364226,25.93128054867373,30.61788927633543,23.311165478880294,-5.8524804049685315,-7.306723797455135,-1.4542433924866032,,TRUE
4767,TRUE,FALSE,-0.1538610848964935,30.53900486835885,28.812390594199297,30.004972471574735,24.271500446988313,-1.7266142741595552,-5.733472024586423,-4.006857750426867,,TRUE
4768,TRUE,FALSE,0.02718890202239896,34.56249894285173,26.099781531560406,30.50540902745861,23.670998580441317,-8.462717411291326,-6.834410447017294,1.6283069642740315,,TRUE
4769,TRUE,FALSE,-0.06480641610492333,29.32504757070616,25.149705814045223,29.462765734777904,23.68223180355354,-4.175341756660938,-5.780533931224362,-1.605192174563424,,TRUE
4770,TRUE,FALSE,0.11776372517839248,29.461080189278977,22.51305311083412,27.3251788459626,23.490533423522752,-6.948027078444856,-3.8346454224398485,3.113381656005007,,TRUE
4771,TRUE,FALSE,-0.16005817003428374,27.94717187127693,27.330968507968546,30.255481225254425,25.21208954214797,-0.616203363308383,-5.043391683106453,-4.42718831979807,,TRUE
4772,TRUE,FALSE,-0.11445244296384881,30.37550937513385,25.68194703996557,31.214762089158672,23.537392058294525,-4.693562335168277,-7.677370030864147,-2.9838076956958695,,TRUE
4773,TRUE,FALSE,-0.12677459874600797,27.333326781881034,25.074469804846427,29.43970375275383,23.79113667399658,-2.2588569770346076,-5.6485670787572495,-3.389710101722642,,TRUE
4774,TRUE,FALSE,-0.03185355403518892,26.04717681676557,22.19700192883941,30.32619951677359,25.03328401831997,-3.850174887926162,-5.292915498453617,-1.442740610527455,,TRUE
4775,TRUE,FALSE,-0.1320505706656749,30.74956593929898,26.652219355316483,31.011923239559398,23.554519836468796,-4.097346583982496,-7.457403403090602,-3.360056819108106,,TRUE
4776,TRUE,FALSE,-0.07669668760651237,28.00250168258783,23.783176221934035,31.910476818741557,25.101366640408827,-4.2193254606537955,-6.80911017833273,-2.589784717678935,,TRUE
4777,TRUE,FALSE,-0.16444441461813902,27.819243624880496,26.545054211145178,27.143689788437964,21.973026539868997,-1.2741894137353178,-5.170663248568967,-3.8964738348336496,,TRUE
4778,TRUE,FALSE,-0.13347773084796144,29.61408791908619,25.876760584861024,30.821620011996167,23.56667790722581,-3.737327334225167,-7.2549421047703575,-3.5176147705451903,,TRUE
4779,TRUE,FALSE,0.007245395037131436,23.545087710948838,17.868676536398358,31.483854718691667,24.067257762856396,-5.676411174550481,-7.416596955835271,-1.74018578128479,,TRUE
4780,TRUE,FALSE,-0.10914291730611571,29.384853375309035,25.498073994701297,30.171334377525575,23.473518958143757,-3.886779380607738,-6.6978154193818185,-2.8110360387740805,,TRUE
4781,TRUE,FALSE,0.03246355387878989,32.65740564149837,25.864758631887874,26.415935791335034,21.611827470572674,-6.792647009610498,-4.80410832076236,1.9885386888481378,,TRUE
4782,TRUE,FALSE,-0.05423432799769046,26.57779304849297,23.703277559518536,27.980950373316443,23.637322382979427,-2.874515488974435,-4.343627990337016,-1.4691125013625808,,TRUE
4783,TRUE,FALSE,-0.006104499287665952,29.56817764603915,23.800183446808568,29.24171139593968,23.394156013481734,-5.767994199230582,-5.847555382457948,-0.07956118322736572,,TRUE
4784,TRUE,FALSE,-0.10388553411983903,25.209575874148364,22.79330309395149,30.24587911028354,24.64853002509316,-2.4162727801968735,-5.59734908519038,-3.181076304993507,,TRUE
4785,TRUE,FALSE,-0.04023252610234092,29.86391771776141,24.009447399043378,30.5863377256304,23.620555099479855,-5.8544703187180325,-6.9657826261505456,-1.111312307432513,,TRUE
4786,TRUE,FALSE,-0.0108124054495634,28.435132036671952,23.074442747416864,29.98898647108297,24.07365279497899,-5.360689289255088,-5.91533367610398,-0.5546443868488922,,TRUE
4787,TRUE,FALSE,-0.10590112483674673,26.464117432197025,22.794091813760634,29.414640900587546,22.789571261502953,-3.670025618436391,-6.625069639084593,-2.9550440206482023,,TRUE
4788,TRUE,FALSE,-0.13504362467954675,33.446124788732845,29.707130464125495,33.06630796819482,25.659719407338617,-3.7389943246073507,-7.406588560856203,-3.6675942362488527,,TRUE
4789,TRUE,FALSE,-0.06167452448303474,29.74064071662683,27.553560237104122,27.303133183442373,23.782361928006207,-2.1870804795227095,-3.5207712554361663,-1.3336907759134569,,TRUE
4790,TRUE,FALSE,-0.054011378331538795,24.105623199666685,21.912052450901257,27.495433607216206,23.67927626710204,-2.1935707487654277,-3.8161573401141666,-1.622586591348739,,TRUE
4791,TRUE,FALSE,-0.03929023189514817,28.087178864137645,23.42783515913021,28.392563115231514,22.77010895169576,-4.6593437050074336,-5.622454163535753,-0.9631104585283197,,TRUE
4792,TRUE,FALSE,-0.04004915656285299,33.26434069767334,26.559256767870757,30.33995745922133,23.273346599014403,-6.7050839298025835,-7.066610860206929,-0.36152693040434514,,TRUE
4793,TRUE,FALSE,0.037206357347216015,23.94898992592952,19.43928108671921,29.944821024951437,25.22744312276291,-4.509708839210312,-4.717377902188527,-0.20766906297821563,,TRUE
4794,TRUE,FALSE,-0.09859523564465139,25.48330638709201,21.98760100864675,29.934573607708266,23.403228954638553,-3.495705378445262,-6.531344653069713,-3.035639274624451,,TRUE
4795,TRUE,FALSE,-0.21559981834220002,26.04130286815314,26.89684678340445,28.582312663435697,23.795904360877593,0.8555439152513102,-4.786408302558105,-5.641952217809415,,TRUE
4796,TRUE,FALSE,-0.003461618005677593,30.290155441527897,25.51650484785926,29.427402247601215,24.70405515342805,-4.773650593668638,-4.723347094173164,0.05030349949547386,,TRUE
4797,TRUE,FALSE,-0.10023752388857442,33.97383423170966,28.498025676088783,31.361594315130553,23.797741301310925,-5.475808555620876,-7.563853013819628,-2.088044458198752,,TRUE
4798,TRUE,FALSE,-0.17545849928417326,24.18522333587316,23.080282323919928,29.46082155829826,23.590394863300517,-1.1049410119532332,-5.870426694997743,-4.76548568304451,,TRUE
4799,TRUE,FALSE,-0.12811959972033835,26.089328710062283,23.623182330313632,30.72918841806398,24.47850851148317,-2.4661463797486505,-6.25067990658081,-3.78453352683216,,TRUE
4800,TRUE,FALSE,0.004726014380102624,26.369294253600028,21.733319163815956,30.2721436485031,25.068203343720754,-4.635975089784072,-5.203940304782346,-0.5679652149982743,,TRUE
4801,TRUE,FALSE,-0.13902106784497634,21.554151453888313,19.91478888719188,29.259986005785308,23.52571373627208,-1.639362566696434,-5.734272269513227,-4.094909702816793,,TRUE
4802,TRUE,FALSE,-0.18300865833182203,32.20135793861748,30.439964132616566,29.838669394222954,23.489282556342626,-1.7613938060009104,-6.349386837880328,-4.587993031879417,,TRUE
4803,TRUE,FALSE,-0.047934776544599114,30.768759568559748,25.11827993086073,26.71883773712482,20.79120504627462,-5.650479637699018,-5.927632690850199,-0.27715305315118144,,TRUE
4804,TRUE,FALSE,-0.05087660261810098,27.906734494303446,22.70502801891947,29.94634312203531,23.155885331946976,-5.2017064753839755,-6.7904577900883325,-1.588751314704357,,TRUE
4805,TRUE,FALSE,0.0033923966664976507,29.693992141493318,24.143142767673744,31.1261943380692,25.39361536604842,-5.550849373819574,-5.732578972020782,-0.18172959820120838,,TRUE
4806,TRUE,FALSE,-0.10111505752755857,28.362824207987178,25.783246504540536,28.973533040384055,23.805421331158307,-2.579577703446642,-5.168111709225748,-2.588534005779106,,TRUE
4807,TRUE,FALSE,-0.08652047816419184,33.27884640028226,27.109160619466792,33.681085254317146,25.162774054986592,-6.16968578081547,-8.518311199330554,-2.348625418515084,,TRUE
4808,TRUE,FALSE,-0.025737125118154448,30.371465731249344,23.90183594301162,30.302651793467813,23.241740807251283,-6.469629788237725,-7.0609109862165305,-0.5912811979788053,,TRUE
4809,TRUE,FALSE,-0.12381548997106631,30.35901126043783,26.148778589292284,27.687951215013307,21.070858057949167,-4.210232671145544,-6.61709315706414,-2.406860485918596,,TRUE
4810,TRUE,FALSE,-0.057794120564657096,23.116017834449746,19.163457679941672,29.653389999606308,23.202540151657438,-3.952560154508074,-6.45084984794887,-2.498289693440796,,TRUE
4811,TRUE,FALSE,-0.22010319763786296,28.34472551088579,26.75908039914864,29.836876338822822,22.602822727649592,-1.5856451117371506,-7.2340536111732305,-5.64840849943608,,TRUE
4812,TRUE,FALSE,-0.04934975846303963,26.0520472365582,21.39264803432883,31.520758812546934,24.636954707119784,-4.65939920222937,-6.883804105427149,-2.2244049031977795,,TRUE
4813,TRUE,FALSE,-0.012269489686472745,25.448997847034416,20.82162435730937,27.52882972114193,22.248621100384824,-4.627373489725045,-5.280208620757104,-0.6528351310320595,,TRUE
4814,TRUE,FALSE,-0.06700693573699441,28.648315464472976,25.181311263629084,29.329033579778923,24.108837036602065,-3.467004200843892,-5.220196543176858,-1.7531923423329658,,TRUE
4815,TRUE,FALSE,-0.1669218711991719,21.294872921170164,20.056306126597416,30.078756084635554,23.97411153186741,-1.2385667945727477,-6.104644552768143,-4.866077758195395,,TRUE
4816,TRUE,FALSE,-0.0884521672909153,28.037007332903006,25.275744899010657,28.22549407375802,23.291613395964976,-2.761262433892348,-4.933880677793045,-2.172618243900697,,TRUE
4817,TRUE,FALSE,0.024318772910174778,33.18970385727859,25.216477592152447,31.02942534053749,24.155514125560256,-7.97322626512614,-6.873911214977234,1.0993150501489062,,TRUE
4818,TRUE,FALSE,-0.006295403414556073,31.86240048534193,26.05561137355594,27.92418985016275,22.691818382933068,-5.806789111785989,-5.232371467229683,0.5744176445563056,,TRUE
4819,TRUE,FALSE,-0.09721642381933901,24.127451854415693,21.160610358761225,27.60902255116146,21.970867640716055,-2.9668414956544673,-5.6381549104454045,-2.671313414790937,,TRUE
4820,TRUE,FALSE,-0.01680380814456017,29.42678796801617,24.356918008323138,29.875393726257943,24.31617781582454,-5.069869959693033,-5.559215910433405,-0.4893459507403719,,TRUE
4821,TRUE,FALSE,-0.114767769225426,24.322441681482378,21.183712974454703,29.96055634508613,23.264931459101998,-3.138728707027674,-6.695624885984131,-3.556896178956457,,TRUE
4822,TRUE,FALSE,-0.047178745031968464,25.83887937520607,21.3352534427854,29.12038705497276,22.93674605095996,-4.503625932420668,-6.183641004012799,-1.6800150715921305,,TRUE
4823,TRUE,FALSE,-0.08996981628602814,26.911619235813923,23.487616728008362,29.336014830233818,23.40059195658198,-3.424002507805561,-5.935422873651838,-2.511420365846277,,TRUE
4824,TRUE,FALSE,-0.057043107376826885,30.49007129216745,25.547129171122975,34.05681985470269,26.9534430054183,-4.942942121044474,-7.103376849284388,-2.1604347282399132,,TRUE
4825,TRUE,FALSE,-0.07389935739354254,24.47057873632405,21.728988005345933,28.423939648826938,23.441502721193448,-2.7415907309781176,-4.98243692763349,-2.2408461966553723,,TRUE
4826,TRUE,FALSE,-0.02603546314342673,23.835502079187954,19.398093258371144,27.880777713929994,22.107140143814146,-4.43740882081681,-5.773637570115849,-1.336228749299039,,TRUE
4827,TRUE,FALSE,-0.1162988475497156,29.821915887837765,26.663115551848197,30.225136435034287,24.056679155590142,-3.158800335989568,-6.168457279444144,-3.0096569434545763,,TRUE
4828,TRUE,FALSE,-0.08626340437344188,31.762618155261976,26.102840605804733,28.46020329333479,21.455851527694847,-5.659777549457242,-7.004351765639942,-1.3445742161827,,TRUE
4829,TRUE,FALSE,-0.07060257733085912,27.367983206898703,22.93738767593681,28.178222937562378,22.00657474591272,-4.430595530961892,-6.171648191649659,-1.7410526606877674,,TRUE
4830,TRUE,FALSE,-0.02137386042246715,28.344517019850173,22.931872332127213,30.98513601691924,24.538121436027197,-5.41264468772296,-6.447014580892041,-1.0343698931690817,,TRUE
4831,TRUE,FALSE,-0.020417983611657496,25.265658334396083,20.02734489796549,30.723481349958284,23.861391456060495,-5.238313436430591,-6.862089893897789,-1.6237764574671978,,TRUE
4832,TRUE,FALSE,-0.06472273903743873,29.45692075951969,26.574159158157546,31.585285450701374,26.708424056936146,-2.8827616013621444,-4.876861393765228,-1.9940997924030839,,TRUE
4833,TRUE,FALSE,-0.07384426708198605,26.521041362253282,23.242472792332073,30.433752303592822,24.772914417011798,-3.278568569921209,-5.6608378865810245,-2.3822693166598157,,TRUE
4834,TRUE,FALSE,-0.053370174089557174,30.65957849774629,26.649501152249673,26.261211232411267,21.64010107167465,-4.010077345496615,-4.621110160736617,-0.6110328152400015,,TRUE
4835,TRUE,FALSE,-0.026504283741844253,25.25609595285203,21.939268993534547,27.36315811165136,23.147894262384423,-3.3168269593174813,-4.215263849266936,-0.8984368899494548,,TRUE
4836,TRUE,FALSE,-0.08954782082125794,31.798450780905267,28.44707774117904,28.7160225125019,23.489071972392246,-3.3513730397262265,-5.226950540109655,-1.8755775003834287,,TRUE
4837,TRUE,FALSE,-0.13388199407021828,27.579173745619066,25.02906576328084,28.504049408098656,22.626935530120218,-2.5501079823382256,-5.877113877978438,-3.3270058956402124,,TRUE
4838,TRUE,FALSE,-0.10597194500157056,29.022117673976993,25.69517741334423,27.76132168307346,22.107499787683427,-3.326940260632764,-5.653821895390035,-2.326881634757271,,TRUE
4839,TRUE,FALSE,0.030595359798578834,29.349222742724844,23.38672822061022,26.22431412060793,21.545888035624976,-5.962494522114625,-4.678426084982952,1.2840684371316726,,TRUE
4840,TRUE,FALSE,0.05486746242539279,29.292395642448174,21.858724057579984,27.632946869432462,21.783404417856353,-7.43367158486819,-5.849542451576109,1.5841291332920804,,TRUE
4841,TRUE,FALSE,-0.040119322374735554,30.092595106313052,26.10679593187982,28.3772507345442,23.65051760055894,-3.9857991744332324,-4.726733133985263,-0.7409339595520308,,TRUE
4842,TRUE,FALSE,-0.0641703381934592,28.837607051374835,24.448396437977447,30.36283329552311,24.14152111668473,-4.389210613397388,-6.221312178838382,-1.8321015654409933,,TRUE
4843,TRUE,FALSE,-0.015579631234387615,27.925129151361574,22.593531909980065,30.118573805122953,23.991488387156558,-5.331597241381509,-6.127085417966395,-0.795488176584886,,TRUE
4844,TRUE,FALSE,0.04470401018700834,27.885876546070623,22.441861542584075,28.364521288049716,23.87067728759017,-5.444015003486548,-4.493844000459546,0.9501710030270019,,TRUE
4845,TRUE,FALSE,0.06333789456817364,37.115182327927755,28.386031081354446,32.38978327912758,26.391763807998082,-8.72915124657331,-5.998019471129496,2.7311317754438136,,TRUE
4846,TRUE,FALSE,-0.04885352938220532,27.21937646596966,22.89527813543714,29.909239596709657,23.95831689845812,-4.324098330532518,-5.950922698251539,-1.6268243677190206,,TRUE
4847,TRUE,FALSE,-0.11536860901835973,28.69820102579676,24.70754058592435,30.59160547518647,23.467842424981413,-3.9906604398724106,-7.123763050205056,-3.133102610332646,,TRUE
4848,TRUE,FALSE,-0.02466247828566988,36.01448765295818,29.158792329680473,30.777246964199907,24.311473573667215,-6.855695323277708,-6.465773390532693,0.38992193274501474,,TRUE
4849,TRUE,FALSE,-0.03891330120919654,27.397507000818365,23.897391904449762,31.245886398983366,26.213950603477286,-3.500115096368603,-5.0319357955060795,-1.5318206991374765,,TRUE
4850,TRUE,FALSE,-0.16929721153233893,26.3614966090344,23.870752936664523,27.487044593448502,21.013541762499397,-2.4907436723698773,-6.473502830949105,-3.9827591585792277,,TRUE
4851,TRUE,FALSE,-0.1004098334797734,32.167151724453824,29.016923412929692,30.22172017602087,24.657582758956984,-3.150228311524131,-5.564137417063886,-2.413909105539755,,TRUE
4852,TRUE,FALSE,-0.14812943718599,27.354762782202943,24.978970733740223,31.447749687165725,24.76277793292216,-2.3757920484627206,-6.684971754243566,-4.309179705780846,,TRUE
4853,TRUE,FALSE,-0.12242149628804869,25.190472018310864,22.07631103373233,32.3424381554057,25.078177672423834,-3.1141609845785325,-7.264260482981868,-4.1500994984033355,,TRUE
4854,TRUE,FALSE,-0.09142818295498414,27.372511363435304,23.021304629941195,27.65619285285029,21.2276015221071,-4.351206733494109,-6.428591330743188,-2.077384597249079,,TRUE
4855,TRUE,FALSE,-0.06818984798636492,25.885756140734838,22.460459018497065,28.670268913174176,23.236732784939232,-3.4252971222377724,-5.433536128234945,-2.008239005997172,,TRUE
4856,TRUE,FALSE,-0.18267014158349204,24.53637603212266,22.90717153724087,31.825832822968625,24.751880056777118,-1.6292044948817903,-7.073952766191507,-5.444748271309717,,TRUE
4857,TRUE,FALSE,-0.03594186175070496,26.88238076871218,21.657401610540077,28.44851782308426,22.110008728779064,-5.224979158172104,-6.338509094305195,-1.1135299361330908,,TRUE
4858,TRUE,FALSE,-0.03371932173671631,30.769175742923764,25.70952034839308,30.428386424960774,24.581756903947085,-5.059655394530683,-5.846629521013689,-0.7869741264830061,,TRUE
4859,TRUE,FALSE,-0.09519502315874077,35.07674708642139,29.439192294334255,30.33175913238372,23.145230182525417,-5.637554792087137,-7.186528949858303,-1.5489741577711662,,TRUE
4860,TRUE,FALSE,-0.04556250695600955,25.714804857951666,22.112295989981437,31.312371840481134,25.72640051045264,-3.6025088679702293,-5.585971330028496,-1.9834624620582666,,TRUE
4861,TRUE,FALSE,-0.22748373256460566,30.993341189545514,28.85478731445622,30.739347088537443,22.795503503271902,-2.1385538750892934,-7.94384358526554,-5.805289710176247,,TRUE
4862,TRUE,FALSE,-0.14569367259376123,28.34388882162749,26.054966792527242,30.742005722195184,24.42807975121109,-2.288922029100249,-6.313925970984094,-4.0250039418838455,,TRUE
4863,TRUE,FALSE,-0.12730694177526083,24.145681054165998,21.603354898009073,31.25554201050698,24.621815508232412,-2.542326156156925,-6.633726502274566,-4.091400346117641,,TRUE
4864,TRUE,FALSE,-0.05534641741952509,32.6330443572427,26.97131358235681,31.934995873053943,24.973230622004035,-5.661730774885893,-6.961765251049908,-1.300034476164015,,TRUE
4865,TRUE,FALSE,-0.09741275460689196,27.48258236357196,23.90901579033291,35.4404680767283,27.970342733173766,-3.5735665732390522,-7.470125343554535,-3.896558770315483,,TRUE
4866,TRUE,FALSE,-0.04068056507227813,33.087495049668746,27.1521085306623,28.426635365757573,22.397409240403892,-5.935386519006446,-6.029226125353681,-0.09383960634723465,,TRUE
4867,TRUE,FALSE,-0.020240731415227878,27.414496266836267,21.50114408763303,26.947478627625067,20.711378120543394,-5.913352179203237,-6.236100507081673,-0.3227483278784362,,TRUE
4868,TRUE,FALSE,-0.04833038663713814,25.577353256700206,21.30250981884478,31.52070336861508,25.013902472192285,-4.274843437855427,-6.506800896422796,-2.2319574585673685,,TRUE
4869,TRUE,FALSE,-0.14319144172105872,25.592872101442794,24.48424318114502,28.10697533447909,23.30207080483322,-1.1086289202977753,-4.804904529645867,-3.696275609348092,,TRUE
4870,TRUE,FALSE,-0.15441250702522383,25.780097093904388,23.357880212006837,30.53221920383907,23.70537064835219,-2.422216881897551,-6.82684855548688,-4.4046316735893285,,TRUE
4871,TRUE,FALSE,-0.09113375667250463,34.33262699380181,27.949206567755102,34.11282015374515,25.3513554956597,-6.383420426046708,-8.761464658085448,-2.3780442320387394,,TRUE
4872,TRUE,FALSE,-0.023260250787033074,27.452936275466637,22.03104623073372,28.448289091229906,22.304920203971612,-5.421890044732919,-6.143368887258294,-0.7214788425253751,,TRUE
4873,TRUE,FALSE,0.08308231178037437,30.50555734016028,24.39288998873347,26.396223405718892,22.93550347185955,-6.112667351426811,-3.460719933859341,2.65194741756747,,TRUE
4874,TRUE,FALSE,-0.022755188456583572,25.94657930915277,20.804709180267956,28.18168495955502,22.088490710908278,-5.141870128884815,-6.093194248646743,-0.951324119761928,,TRUE
4875,TRUE,FALSE,-0.10678479357792174,26.176891347545716,22.618540017571476,30.722184105558274,23.857368518103545,-3.55835132997424,-6.8648155874547285,-3.3064642574804886,,TRUE
4876,TRUE,FALSE,-0.13530088511654625,31.047367945204346,25.935148021112994,36.046273216136555,26.300492723355486,-5.112219924091352,-9.74578049278107,-4.633560568689717,,TRUE
4877,TRUE,FALSE,-0.021574325707393795,26.292800433757904,22.17207192523451,28.651847810155456,23.645715433954503,-4.120728508523396,-5.006132376200952,-0.8854038676775566,,TRUE
4878,TRUE,FALSE,-0.011388605446149214,26.94339528751569,21.85703516448439,30.46394985476959,24.43313145613907,-5.086360123031298,-6.030818398630522,-0.9444582755992244,,TRUE
4879,TRUE,FALSE,-0.03152380107830857,26.518986286313385,21.215176536324282,29.602668761757524,22.947214965698084,-5.303809749989103,-6.65545379605944,-1.3516440460703372,,TRUE
4880,TRUE,FALSE,-0.007252151561029388,32.425690525402196,25.563951137313868,30.236501666038716,23.665774293526205,-6.861739388088328,-6.570727372512511,0.29101201557581646,,TRUE
4881,TRUE,FALSE,-0.17513674549247116,23.55426738462072,21.91417203553936,29.554856533911874,23.079340752862795,-1.64009534908136,-6.475515781049079,-4.835420431967719,,TRUE
4882,TRUE,FALSE,0.05828428250554444,32.251473544883815,26.206519210981337,26.904172662577103,23.173517643461558,-6.044954333902478,-3.730655019115545,2.3142993147869326,,TRUE
4883,TRUE,FALSE,0.04558694762429668,27.476311332638122,21.484355622876205,28.435202429553442,23.271179063329875,-5.991955709761918,-5.164023366223567,0.8279323435383503,,TRUE
4884,TRUE,FALSE,-0.07518700932749749,28.004576922000037,22.38377635752641,28.81421851499573,21.36278571171664,-5.620800564473626,-7.45143280327909,-1.8306322388054639,,TRUE
4885,TRUE,FALSE,-0.13305831019131398,24.692331658067886,21.965737786981272,31.772247008948376,24.742588578604582,-2.7265938710866138,-7.029658430343794,-4.30306455925718,,TRUE
4886,TRUE,FALSE,-0.09291168382914429,25.143070759947502,23.461090813871444,28.35942131870909,24.114386427747185,-1.6819799460760585,-4.245034890961904,-2.5630549448858453,,TRUE
4887,TRUE,FALSE,-0.09203925867052036,33.910937410137585,29.25387953532444,30.583860854239052,24.06377955242922,-4.657057874813145,-6.520081301809832,-1.863023426996687,,TRUE
4888,TRUE,FALSE,-0.08138482658072767,33.25552842900534,28.38520695288824,28.292371727227096,22.26140579253527,-4.870321476117098,-6.0309659346918245,-1.1606444585747262,,TRUE
4889,TRUE,FALSE,-0.08422538224796412,29.66077562742161,24.266103310991223,31.609360337416977,23.771392734356475,-5.394672316430388,-7.837967603060502,-2.4432952866301143,,TRUE
4890,TRUE,FALSE,0.07948385733945053,31.421690940904984,23.494929078837107,28.157233020198436,22.795753983864525,-7.9267618620678775,-5.361479036333911,2.5652828257339664,,TRUE
4891,TRUE,FALSE,-0.1635791180554526,26.461761318265363,25.235682137119724,29.4783919274597,23.870338682875595,-1.2260791811456393,-5.608053244584106,-4.3819740634384665,,TRUE
4892,TRUE,FALSE,-0.20502798476453973,25.787894350774742,23.90693631386991,30.527108992324358,23.05426055524196,-1.8809580369048327,-7.472848437082398,-5.591890400177565,,TRUE
4893,TRUE,FALSE,-0.1661912998011703,26.03631786640791,24.509772143555008,29.336113130733235,23.387635470266627,-1.5265457228529016,-5.948477660466608,-4.4219319376137065,,TRUE
4894,TRUE,FALSE,0.05577894176725214,30.786899823988893,23.130738096820327,28.938110784195263,22.988900162939053,-7.656161727168566,-5.94921062125621,1.7069511059123563,,TRUE
4895,TRUE,FALSE,-0.08336375334923024,27.95642646121375,24.51115426994908,28.536450049630968,23.01853258215805,-3.4452721912646673,-5.51791746747292,-2.0726452762082523,,TRUE
4896,TRUE,FALSE,-0.026321157686758686,32.20044199625569,27.180165591196346,29.694508112115138,24.413793526152034,-5.020276405059345,-5.2807145859631035,-0.26043818090375837,,TRUE
4897,TRUE,FALSE,0.12763502355299186,29.767202583682586,21.41005014798103,29.561370475208353,24.156577975141975,-8.357152435701558,-5.404792500066378,2.9523599356351795,,TRUE
4898,TRUE,FALSE,-0.031786970609082116,31.411924208645946,26.220589979874386,29.37516252378811,23.753263726249628,-5.191334228771559,-5.621898797538481,-0.43056456876692195,,TRUE
4899,TRUE,FALSE,-0.009656105413159716,28.090185930168744,23.07704469946692,29.58976268136295,24.07539749021712,-5.013141230701823,-5.514365191145828,-0.5012239604440047,,TRUE
4900,TRUE,FALSE,-0.05694080074743906,34.662990124832625,31.501796053861543,28.943392520303043,24.847897730953555,-3.1611940709710815,-4.0954947893494875,-0.934300718378406,,TRUE
4901,TRUE,FALSE,0.013319529997430973,32.51609072062544,25.970913190079084,27.27478566908208,22.076734709828557,-6.545177530546358,-5.198050959253521,1.3471265712928364,,TRUE
4902,TRUE,FALSE,0.04662181220562844,31.44831389192675,25.471243611718243,27.964912907090802,23.730880414332635,-5.977070280208508,-4.234032492758168,1.7430377874503407,,TRUE
4903,TRUE,FALSE,0.007771401412894618,22.721047594977254,18.86581412463608,29.2778141121253,24.499708980538085,-3.8552334703411724,-4.778105131587214,-0.9228716612460417,,TRUE
4904,TRUE,FALSE,-0.031227308569153518,28.957332987857523,24.557055223921825,28.68038957128117,23.574415026557745,-4.400277763935698,-5.105974544723427,-0.7056967807877292,,TRUE
4905,TRUE,FALSE,0.07420541371967873,30.489788831090408,23.130088303957105,29.228326666337747,23.881072579325124,-7.3597005271333025,-5.347254087012622,2.01244644012068,,TRUE
4906,TRUE,FALSE,-0.15417693848789008,31.396230667272697,29.533401244120295,29.675450518866295,23.92627455352943,-1.8628294231524016,-5.749175965336864,-3.8863465421844623,,TRUE
4907,TRUE,FALSE,-0.1288793456101969,29.584917941200413,25.001789102951633,30.936709581242994,22.982816533501737,-4.583128838248779,-7.953893047741257,-3.370764209492478,,TRUE
4908,TRUE,FALSE,-0.03936581644335982,26.008135792553606,22.062343052989625,28.75164573491452,23.448159574907226,-3.9457927395639807,-5.303486160007292,-1.3576934204433115,,TRUE
4909,TRUE,FALSE,-0.15885400663063598,23.193373775302135,20.921001833677582,28.103386149389703,21.62657685028404,-2.2723719416245522,-6.476809299105664,-4.204437357481112,,TRUE
4910,TRUE,FALSE,-0.0965882522118128,30.587063280324923,26.937006650762694,31.388199700060937,25.097485616962626,-3.650056629562229,-6.290714083098312,-2.6406574535360825,,TRUE
4911,TRUE,FALSE,-0.008902793668702584,27.18030221727902,21.591307987390444,30.38153208384688,23.920370805037617,-5.588994229888577,-6.461161278809264,-0.8721670489206872,,TRUE
4912,TRUE,FALSE,-0.1513325487143189,29.350446169328713,26.55846174143523,29.840289877066162,23.2096374486297,-2.791984427893482,-6.630652428436463,-3.838668000542981,,TRUE
4913,TRUE,FALSE,0.07971577190840026,29.216032962513005,23.959453001825747,28.19801144774176,25.04345565316993,-5.256579960687258,-3.1545557945718308,2.1020241661154273,,TRUE
4914,TRUE,FALSE,0.014084586166914255,28.704042096594574,23.152082769193843,26.733574948666078,21.86859616793363,-5.551959327400731,-4.8649787807324465,0.6869805466682841,,TRUE
4915,TRUE,FALSE,-0.04029311880323875,30.624218697197815,25.855836011987897,30.82100547791907,24.99431797680603,-4.768382685209918,-5.826687501113039,-1.0583048159031208,,TRUE
4916,TRUE,FALSE,0.017327959616897582,26.12994329100364,20.334361900595667,29.62583059474107,23.45784184125261,-5.795581390407975,-6.167988753488462,-0.3724073630804874,,TRUE
4917,TRUE,FALSE,-0.05536700585267441,27.733388370674348,23.13728673833357,30.270866142920248,23.893994416420778,-4.596101632340776,-6.37687172649947,-1.7807700941586937,,TRUE
4918,TRUE,FALSE,0.01791216031072444,27.770184962599263,22.64095316103012,29.642795663825076,24.604483152812417,-5.129231801569144,-5.038312511012659,0.09091929055648507,,TRUE
4919,TRUE,FALSE,0.01657964791089221,35.000536842066246,27.598187442540485,31.401872605963952,25.174557831522105,-7.402349399525761,-6.227314774441847,1.1750346250839137,,TRUE
4920,TRUE,FALSE,-0.08364312963342461,29.795392407689146,25.080150166541532,31.625579103752667,24.48464209451511,-4.715242241147614,-7.1409370092375575,-2.4256947680899437,,TRUE
4921,TRUE,FALSE,-0.06219351467791599,32.23697347551112,28.671606110820456,28.22812945842031,23.59226077888332,-3.5653673646906654,-4.6358686795369906,-1.0705013148463252,,TRUE
4922,TRUE,FALSE,0.016037906466108347,33.73357692621073,25.31499120805451,29.22849429522675,22.28881628497028,-8.41858571815622,-6.939678010256468,1.4789077078997508,,TRUE
4923,TRUE,FALSE,-0.028023625898309177,26.837977188623725,21.217955715695243,30.87337890514729,23.733807530948223,-5.620021472928482,-7.139571374199068,-1.5195499012705866,,TRUE
4924,TRUE,FALSE,-0.09672674476455548,30.051990635741628,27.390829800606916,28.237902974330115,23.364500165601026,-2.6611608351347122,-4.8734028087290895,-2.2122419735943772,,TRUE
4925,TRUE,FALSE,-0.010314463495766162,26.88867408772547,20.51595800958502,30.85793113891001,23.302885718193853,-6.372716078140449,-7.555045420716159,-1.1823293425757093,,TRUE
4926,TRUE,FALSE,-0.046236025730426414,29.99625509542857,25.365139980633106,26.287215411806756,21.22436756792056,-4.631115114795463,-5.062847843886196,-0.4317327290907329,,TRUE
4927,TRUE,FALSE,-0.004308839901691426,31.334794468836485,24.54132836563996,31.21649503939016,24.343557764128935,-6.7934661031965256,-6.872937275261226,-0.07947117206470011,,TRUE
4928,TRUE,FALSE,-0.06950849598770506,32.02144264419323,26.92560381466296,28.544790320548035,22.39052403917194,-5.095838829530269,-6.1542662813760955,-1.0584274518458265,,TRUE
4929,TRUE,FALSE,-0.1810078772267754,26.488636376880418,25.447150661378554,29.433156201152617,23.594222600342775,-1.0414857155018638,-5.838933600809842,-4.797447885307978,,TRUE
4930,TRUE,FALSE,-0.17316900677972985,22.992381934844705,21.140300515962892,29.322834247147007,22.673929551715105,-1.8520814188818129,-6.648904695431902,-4.796823276550089,,TRUE
4931,TRUE,FALSE,-0.05760847173597235,28.510227506154877,24.700300597954378,28.90259207259749,23.63846696423377,-3.8099269082004987,-5.264125108363718,-1.4541982001632192,,TRUE
4932,TRUE,FALSE,0.049844089876377846,30.48607113198378,22.309390393450663,29.589768014192277,22.76013418416341,-8.176680738533118,-6.829633830028868,1.3470469085042502,,TRUE
4933,TRUE,FALSE,-0.07963111377295305,27.68779985397722,22.75519680762244,28.169193676151824,21.378794444473858,-4.932603046354782,-6.790399231677966,-1.8577961853231848,,TRUE
4934,TRUE,FALSE,-0.1860569711585621,22.753058319455082,21.911875814599732,32.25348863883202,25.787720720814097,-0.8411825048553503,-6.465767918017921,-5.6245854131625705,,TRUE
4935,TRUE,FALSE,0.10197932886479619,29.948931236736478,21.779069658636494,29.64991937979203,23.876494885910876,-8.169861578099983,-5.773424493881155,2.396437084218828,,TRUE
4936,TRUE,FALSE,-0.021631842414056888,26.54744242930887,21.326118797593622,28.476191747276815,22.385997725890025,-5.221323631715247,-6.09019402138679,-0.8688703896715424,,TRUE
4937,TRUE,FALSE,-0.013652626133784566,24.659678659364562,20.489424021878733,30.428367706516738,24.939729153029074,-4.170254637485829,-5.4886385534876645,-1.3183839160018351,,TRUE
4938,TRUE,FALSE,-0.1334752230307243,27.746169834540417,24.246456045251865,29.059495105071363,22.221109562954986,-3.4997137892885526,-6.838385542116377,-3.3386717528278247,,TRUE
4939,TRUE,FALSE,-0.0648979958242885,28.20100828407893,23.876980125786616,29.622955265378103,23.50489432807782,-4.324028158292315,-6.118060937300282,-1.794032779007967,,TRUE
4940,TRUE,FALSE,-0.0850571776297144,25.485919260708776,23.432067040826915,31.638988085072743,26.71732788650254,-2.053852219881861,-4.921660198570201,-2.86780797868834,,TRUE
4941,TRUE,FALSE,-0.11293594509965377,28.586789250283136,24.029120386903585,30.342555757654175,22.78123133763407,-4.557668863379551,-7.561324420020107,-3.003655556640556,,TRUE
4942,TRUE,FALSE,-0.08441595022836428,28.136494929797376,23.809274661140066,30.328435296809314,23.58657022093593,-4.32722026865731,-6.741865075873385,-2.4146448072160744,,TRUE
4943,TRUE,FALSE,-0.13230627864033567,31.177835798207127,27.950277402815463,28.033052431351965,22.016620657797674,-3.2275583953916644,-6.016431773554292,-2.788873378162627,,TRUE
4944,TRUE,FALSE,-0.05962282067700413,28.403323544143603,24.093531137619628,30.15913869348117,24.10218225902421,-4.309792406523975,-6.056956434456961,-1.7471640279329854,,TRUE
4945,TRUE,FALSE,0.017435476233557363,23.566735851659097,18.563595611847976,33.26559386926621,26.664293270313568,-5.00314023981112,-6.601300598952644,-1.5981603591415237,,TRUE
4946,TRUE,FALSE,-0.12540159213471921,27.67031620483781,25.032663115774067,30.750579728190377,24.54059119775629,-2.6376530890637433,-6.209988530434089,-3.5723354413703454,,TRUE
4947,TRUE,FALSE,0.03388827100636568,29.02894000635999,23.553685383814457,27.128489108374076,22.770406714661075,-5.475254622545531,-4.358082393713001,1.1171722288325299,,TRUE
4948,TRUE,FALSE,-0.06383949828055598,28.04101201089225,23.774247469006585,31.878533334872138,25.356323617792928,-4.266764541885664,-6.52220971707921,-2.2554451751935467,,TRUE
4949,TRUE,FALSE,-0.08734074421926047,32.821747335554264,27.213514009081553,31.20286544620708,23.707502325914213,-5.6082333264727104,-7.495363120292868,-1.8871297938201579,,TRUE
4950,TRUE,FALSE,-0.13868978769055343,27.854140779019,24.0797087893995,29.022636107220865,21.84067775978195,-3.774431989619501,-7.181958347438915,-3.407526357819414,,TRUE
4951,TRUE,FALSE,-0.06920593177814156,29.396952310580893,25.025716405146223,31.00990511621447,24.633657228500883,-4.37123590543467,-6.3762478877135855,-2.0050119822789156,,TRUE
4952,TRUE,FALSE,-0.08874757568057515,25.74221201528504,22.55000076556579,26.91764361619401,21.57720335166124,-3.19221124971925,-5.34044026453277,-2.14822901481352,,TRUE
4953,TRUE,FALSE,-0.05747215259747269,28.522127001155383,23.743306179957187,28.606334692159866,22.483383091292403,-4.778820821198195,-6.122951600867463,-1.3441307796692676,,TRUE
4954,TRUE,FALSE,-0.06120675220656643,30.029514324195326,24.65131393733289,28.518992911082215,22.021362941854523,-5.378200386862435,-6.497629969227692,-1.1194295823652567,,TRUE
4955,TRUE,FALSE,-0.0951542993649549,28.270641582019067,24.858568467764155,28.803329686342103,23.028102769748237,-3.4120731142549126,-5.775226916593866,-2.363153802338953,,TRUE
4956,TRUE,FALSE,-0.03895809261629695,27.899324187386345,22.472902816627148,30.38757611260906,23.541940911565742,-5.426421370759197,-6.845635201043319,-1.4192138302841215,,TRUE
4957,TRUE,FALSE,-0.0632901240641675,28.492113897094114,24.89030413125218,27.017793227354222,22.15485201301785,-3.601809765841935,-4.86294121433637,-1.2611314484944351,,TRUE
4958,TRUE,FALSE,-0.11557818653613293,26.244232039604004,23.53737225354161,32.090107197422135,25.63895418093557,-2.7068597860623953,-6.451153016486565,-3.7442932304241694,,TRUE
4959,TRUE,FALSE,-0.00649225205359885,27.420622625819167,22.360871139559773,28.985288150128525,23.483859853214536,-5.059751486259394,-5.501428296913989,-0.4416768106545952,,TRUE
4960,TRUE,FALSE,0.017344377632580274,23.507713742835907,19.323950490550214,28.453202625296722,23.79848147644669,-4.183763252285694,-4.654721148850033,-0.4709578965643395,,TRUE
4961,TRUE,FALSE,-0.0365818493811922,28.408308934446726,24.719037796945535,27.945566383432386,23.442925107412925,-3.6892711375011906,-4.50264127601946,-0.8133701385182697,,TRUE
4962,TRUE,FALSE,-0.05527574668435487,33.7593875001207,28.377122653221083,29.45016159348616,23.423701721527475,-5.38226484689962,-6.026459871958686,-0.6441950250590658,,TRUE
4963,TRUE,FALSE,-0.1527530958452945,31.11760544728341,27.305447731556093,31.659650604982,23.845664170418566,-3.8121577157273165,-7.813986434563436,-4.001828718836119,,TRUE
4964,TRUE,FALSE,0.06260507785799242,24.391014719166993,19.36215556448151,32.63733846997342,27.58211799963175,-5.028859154685481,-5.055220470341673,-0.026361315656192374,,TRUE
4965,TRUE,FALSE,-0.2620731408760108,25.884474037488,25.335542029384435,30.865231326326214,23.24574517269923,-0.5489320081035665,-7.619486153626983,-7.070554145523417,,TRUE
4966,TRUE,FALSE,-0.24273028460326582,22.95107118344331,21.38780191298758,30.05112089746035,21.968856177908137,-1.5632692704557307,-8.082264719552214,-6.518995449096483,,TRUE
4967,TRUE,FALSE,-0.17714404433359132,29.463954612127473,28.11549974879183,31.523124312981878,25.197145528199496,-1.3484548633356432,-6.325978784782382,-4.977523921446739,,TRUE
4968,TRUE,FALSE,0.04630623265234352,34.18811297612482,24.980918175152098,28.440365451470576,21.76601782030801,-9.207194800972722,-6.674347631162565,2.5328471698101573,,TRUE
4969,TRUE,FALSE,0.004505081416810172,35.88262519665039,27.690049567928487,29.149988483896784,22.596149731535895,-8.192575628721901,-6.553838752360889,1.638736876361012,,TRUE
4970,TRUE,FALSE,-0.08174543356160135,22.904642324768066,19.86879168409645,29.176208299772465,23.3225053995136,-3.0358506406716153,-5.853702900258867,-2.8178522595872515,,TRUE
4971,TRUE,FALSE,-0.09032854900261672,28.69396480557018,25.463968768061335,31.959711766509628,25.912492844430354,-3.229996037508844,-6.047218922079274,-2.8172228845704304,,TRUE
4972,TRUE,FALSE,-0.17561467170413414,26.495505227032545,24.440099617054173,32.115979504699595,24.853265297216335,-2.055405609978372,-7.26271420748326,-5.207308597504888,,TRUE
4973,TRUE,FALSE,0.057118752416412955,29.24224965593327,22.282732006381107,30.596489448562245,24.685141165352906,-6.959517649552165,-5.911348283209339,1.048169366342826,,TRUE
4974,TRUE,FALSE,-0.1406263741017007,30.086248491866318,28.604794659196678,30.229291671926152,24.970400557023613,-1.48145383266964,-5.258891114902539,-3.777437282232899,,TRUE
4975,TRUE,FALSE,0.0105329211027441,29.531649844885887,24.54531358210272,30.906597546239162,25.960105971843657,-4.9863362627831656,-4.946491574395505,0.0398446883876602,,TRUE
4976,TRUE,FALSE,-0.08725319835708353,26.07143330591254,23.065020898802075,29.14627149572053,23.630796936740687,-3.0064124071104636,-5.515474558979843,-2.5090621518693794,,TRUE
4977,TRUE,FALSE,-0.056273448539199925,27.636432566510944,23.233906301849885,29.14646668345583,23.162579244747885,-4.402526264661059,-5.983887438707946,-1.5813611740468865,,TRUE
4978,TRUE,FALSE,-0.04893327209978555,26.25389236919117,22.141533338182015,27.39172219361685,21.997933310221484,-4.112359031009156,-5.393788883395366,-1.2814298523862107,,TRUE
4979,TRUE,FALSE,-0.004349316496688624,29.672839366731495,22.14718370559567,30.204364117998036,22.44606495969817,-7.525655661135826,-7.758299158299867,-0.23264349716404098,,TRUE
4980,TRUE,FALSE,-0.14896162613789699,23.805446458834467,22.334611713512047,28.953551606119273,23.405111150198934,-1.4708347453224206,-5.548440455920339,-4.077605710597918,,TRUE
4981,TRUE,FALSE,0.13300997628423963,35.95752634096195,25.391812080263566,28.651769343324922,23.111111511260603,-10.565714260698382,-5.540657832064319,5.025056428634063,,TRUE
4982,TRUE,FALSE,0.0408234035749559,33.45245969545047,25.432325518098256,30.51772302441358,24.167933847819533,-8.020134177352215,-6.349789176594047,1.670345000758168,,TRUE
4983,TRUE,FALSE,-0.16816870406889067,26.896015996362635,23.772020615030932,32.14013783454194,24.00994352499947,-3.123995381331703,-8.130194309542468,-5.006198928210765,,TRUE
4984,TRUE,FALSE,-0.08978399475222938,28.491457212580066,24.35277010406753,30.956520092121753,24.187620607747373,-4.138687108512535,-6.76889948437438,-2.630212375861845,,TRUE
4985,TRUE,FALSE,-0.14041992713947277,27.992665078208464,25.658209228509538,29.133001149131253,23.20511476837966,-2.3344558496989265,-5.927886380751595,-3.593430531052668,,TRUE
4986,TRUE,FALSE,-0.048215674671600955,26.181221668904417,21.69586775991217,27.422705344966925,21.654971331697602,-4.4853539089922485,-5.7677340132693224,-1.282380104277074,,TRUE
4987,TRUE,FALSE,-0.11638287467320066,28.378222828912143,24.683748518878115,31.502170534104486,24.390570380509036,-3.6944743100340283,-7.11160015359545,-3.417125843561422,,TRUE
4988,TRUE,FALSE,0.03142357588105924,30.62310969912685,24.14378038096319,32.2355382683077,26.2263585268265,-6.479329318163661,-6.009179741481201,0.47014957668245927,,TRUE
4989,TRUE,FALSE,-0.21038912712365646,26.681564569820665,26.269696066976092,29.68012796106314,23.677654971494892,-0.4118685028445732,-6.002472989568247,-5.590604486723674,,TRUE
4990,TRUE,FALSE,0.07984063010433387,24.417003833527865,18.12076468981151,32.33084492334215,25.988161021090594,-6.296239143716356,-6.342683902251554,-0.04644475853519836,,TRUE
4991,TRUE,FALSE,0.019843319776369543,26.662205250248295,20.892293919641272,30.405837734009076,24.303279269031936,-5.769911330607023,-6.10255846497714,-0.3326471343701165,,TRUE
4992,TRUE,FALSE,-0.02445446834426615,23.721211381985043,19.497158519439154,29.038600033366897,23.29108355622603,-4.224052862545889,-5.7475164771408664,-1.5234636145949771,,TRUE
4993,TRUE,FALSE,-0.0065859712782452545,32.4048531396686,26.388559462888985,32.38736592476784,26.201189161650586,-6.016293676779618,-6.186176763117256,-0.16988308633763793,,TRUE
4994,TRUE,FALSE,0.019245082725413656,30.876070037164848,23.130094622508253,29.01458979146661,22.15796439374505,-7.745975414656595,-6.856625397721558,0.8893500169350368,,TRUE
4995,TRUE,FALSE,-0.10561753623949946,30.66131267317614,27.9460566963225,30.86316317079423,25.31052267214211,-2.7152559768536406,-5.552640498652121,-2.83738452179848,,TRUE
4996,TRUE,FALSE,0.015190360747261877,27.687404907635646,21.3592166662309,29.95011614215733,23.458415263014995,-6.328188241404746,-6.491700879142336,-0.16351263773758973,,TRUE
4997,TRUE,FALSE,-0.19378109438276223,26.287361396946686,24.392541347301037,32.5838705464392,24.908906684575673,-1.8948200496456487,-7.674963861863528,-5.780143812217879,,TRUE
4998,TRUE,FALSE,-0.0628897543597834,24.728711309875298,20.750552157204226,31.42033852976355,24.758615743330996,-3.978159152671072,-6.661722786432556,-2.6835636337614837,,TRUE
4999,TRUE,FALSE,0.006996911215115137,28.26519310529823,23.190990875610897,31.191847862075537,25.771943585323466,-5.074202229687334,-5.419904276752071,-0.3457020470647372,,TRUE
5000,TRUE,FALSE,-0.04079158307758767,28.172293892685413,22.771227639771467,28.855176764183625,22.390944539866656,-5.401066252913946,-6.464232224316969,-1.0631659714030235,,TRUE
