Draw,Valid,Boundary,LogRRR,CONReference,CONPost,SISReference,SISPost,CONChange,SISChange,ChangeDifference,Reason,Used
1,TRUE,FALSE,-0.08711796028465402,2.2696166931257564,8.481770105209062,3.1193213333685934,10.684624054990596,6.212153412083305,7.565302721622003,1.353149309538698,,TRUE
2,TRUE,FALSE,-0.3906461626042061,1.334470201166841,6.308940140194911,2.8364950587346804,9.07348415071197,4.9744699390280696,6.236989091977289,1.2625191529492197,,TRUE
3,TRUE,FALSE,-0.5194876881568931,1.0057578319706688,6.026837928389288,2.6503328274564923,9.446824973614271,5.021080096418618,6.796492146157779,1.7754120497391606,,TRUE
4,TRUE,FALSE,-0.036869552044377925,1.301315118245866,5.234954617515597,2.5919483256223814,10.049502018131307,3.9336394992697308,7.457553692508926,3.523914193239195,,TRUE
5,TRUE,FALSE,-0.12322543294029495,0.9197525948299143,4.219374045736624,2.6577956029372274,10.779098942983078,3.2996214509067094,8.12130334004585,4.821681889139141,,TRUE
6,TRUE,FALSE,-0.22815297404649745,0.9378970224970536,4.853875639789018,2.7089533374288104,11.159620721395234,3.915978617291964,8.450667383966422,4.534688766674458,,TRUE
7,TRUE,FALSE,-0.05040137502496188,0.9574991092034943,4.256890610025593,2.5962435419695487,10.975150940859333,3.2993915008220984,8.378907398889783,5.079515898067685,,TRUE
8,TRUE,FALSE,-0.0843117050663617,1.2886094142843316,5.431600201612765,3.156615209490436,12.229593799053907,4.142990787328434,9.072978589563471,4.929987802235037,,TRUE
9,TRUE,FALSE,0.1512393539165883,0.9332343928063863,3.2973823093324803,3.0807339131787708,12.662375089494185,2.364147916526094,9.581641176315415,7.217493259789321,,TRUE
10,TRUE,FALSE,-0.20845346846731277,1.3007086174951046,6.622868474015953,2.837824463119373,11.730633054269756,5.322159856520848,8.892808591150382,3.5706487346295344,,TRUE
11,TRUE,FALSE,-0.06199211061960616,1.4393421638749342,5.999220023480878,2.623263967997515,10.276610700180509,4.559877859605944,7.653346732182994,3.0934688725770503,,TRUE
12,TRUE,FALSE,-0.31627755966460386,1.0178576318278962,5.336058963841904,2.8320525169854935,10.821246405574184,4.318201332014008,7.989193888588691,3.6709925565746833,,TRUE
13,TRUE,FALSE,0.10623555925427414,1.812095576759703,6.109857084372352,3.354590468317601,12.578445642766237,4.297761507612648,9.223855174448635,4.926093666835987,,TRUE
14,TRUE,FALSE,0.028568159380514963,1.2913862752176828,4.923223782908056,2.8037848210641854,10.998794420454148,3.6318375076903733,8.195009599389962,4.563172091699589,,TRUE
15,TRUE,FALSE,0.09696090317535191,1.126258667992331,4.12725291231404,2.7487797306151283,11.098708909210488,3.000994244321709,8.34992917859536,5.348934934273651,,TRUE
16,TRUE,FALSE,-0.41983395892198505,1.4142836648057233,8.051463121407895,2.9602831325043053,11.074903780284595,6.637179456602172,8.11462064778029,1.4774411911781185,,TRUE
17,TRUE,FALSE,-0.34375437780041473,1.3986259457575685,7.133061824506391,3.180652094545494,11.502704049250392,5.7344358787488225,8.322051954704898,2.587616075956076,,TRUE
18,TRUE,FALSE,-0.366370703607328,1.21578740280611,6.73334543966609,2.975038484721789,11.422287035865757,5.51755803685998,8.447248551143968,2.9296905142839877,,TRUE
19,TRUE,FALSE,0.03888061828611396,1.004624695073995,4.54729281411368,2.6269994680816176,12.362169499288973,3.542668119039685,9.735170031207355,6.192501912167669,,TRUE
20,TRUE,FALSE,0.4305790924704446,0.9635490786336501,3.1455076140015583,1.8826239927350308,9.453194929773979,2.181958535367908,7.570570937038948,5.38861240167104,,TRUE
21,TRUE,FALSE,0.09147225842825114,1.23329742260738,4.613463737591885,2.595982727754914,10.641111237006943,3.3801663149845047,8.045128509252029,4.664962194267524,,TRUE
22,TRUE,FALSE,0.18612796384079294,1.1741611179789697,3.984024254280451,2.8415421119316546,11.614024110765525,2.809863136301481,8.772481998833872,5.96261886253239,,TRUE
23,TRUE,FALSE,0.40536764019387633,1.162174015341808,4.235385104857853,2.4367111331439353,13.319095129617981,3.073211089516045,10.882383996474045,7.8091729069580005,,TRUE
24,TRUE,FALSE,-0.12395895645926797,1.0434110365331049,4.319645027904747,3.15615082304074,11.542920150941224,3.2762339913716425,8.386769327900485,5.110535336528843,,TRUE
25,TRUE,FALSE,0.28046806636119737,1.1260253592369938,2.963209899380077,2.713369629876779,9.45211371435729,1.8371845401430833,6.738744084480512,4.901559544337429,,TRUE
26,TRUE,FALSE,-0.6399114368709361,1.3427503216646397,10.66931238586289,2.9391013128465997,12.315320446215198,9.32656206419825,9.376219133368599,0.04965706917034929,,TRUE
27,TRUE,FALSE,0.3464041538712063,1.3710277752621596,4.3202150586664265,2.365583928508895,10.539958157047408,2.949187283404267,8.174374228538513,5.225186945134245,,TRUE
28,TRUE,FALSE,-0.2646673655108845,0.7250187303140299,3.495165550993285,2.8459248038194795,10.529272591829026,2.7701468206792548,7.683347788009546,4.913200967330291,,TRUE
29,TRUE,FALSE,-0.4942813007261197,0.9418952140618222,5.983602259330354,2.903159095071107,11.25038337576169,5.041707045268532,8.347224280690583,3.305517235422051,,TRUE
30,TRUE,FALSE,0.09808223093004392,1.1150415039767032,4.95801352483876,2.386162945904898,11.703434886360451,3.842972020862057,9.317271940455553,5.474299919593497,,TRUE
31,TRUE,FALSE,-0.06594007504123617,1.775171255602151,7.574431778835163,2.2465267264913455,8.973956919459647,5.799260523233012,6.727430192968302,0.9281696697352899,,TRUE
32,TRUE,FALSE,-0.07548551262978656,1.1327104035816384,4.809805011527912,3.3906923950475307,13.351007250023528,3.677094607946273,9.960314854975998,6.283220247029725,,TRUE
33,TRUE,FALSE,0.18335966275543597,1.0810658489277891,4.11649086358956,2.587671586320387,11.836307915515267,3.0354250146617705,9.24863632919488,6.21321131453311,,TRUE
34,TRUE,FALSE,-0.5999144564142934,0.5898492678818571,4.271361468888548,2.3858545275802436,9.482649598447896,3.681512201006691,7.096795070867652,3.4152828698609614,,TRUE
35,TRUE,FALSE,0.01477379001488096,1.3472564043816913,5.037284151153463,3.217378854484635,12.208563652059262,3.6900277467717713,8.991184797574626,5.301157050802854,,TRUE
36,TRUE,FALSE,-0.29836683643199036,1.401183324498828,7.73278516380414,2.5834401154141475,10.579382337336007,6.3316018393053115,7.99594222192186,1.6643403826165484,,TRUE
37,TRUE,FALSE,-0.1825663157418016,0.7930254830670289,4.382622169109884,2.698183810606432,12.42312561967803,3.5895966860428548,9.724941809071598,6.135345123028744,,TRUE
38,TRUE,FALSE,-0.15491177558163377,0.8992661872879797,4.815178653603578,2.473414272261457,11.343411160091012,3.915912466315598,8.869996887829554,4.954084421513956,,TRUE
39,TRUE,FALSE,0.1958917368904737,0.9172133420003394,3.4371889252995005,2.35864939902877,10.75155128408452,2.519975583299161,8.39290188505575,5.872926301756589,,TRUE
40,TRUE,FALSE,-0.1110174187034323,1.1544566115418289,4.674963072405018,2.3299727017419456,8.443784676652479,3.520506460863189,6.113811974910533,2.5933055140473438,,TRUE
41,TRUE,FALSE,-0.5892309823164006,1.0989935337868597,6.716908603624308,2.6545109315582853,9.00034290014758,5.617915069837448,6.3458319685892945,0.7279168987518467,,TRUE
42,TRUE,FALSE,-0.4064017009522018,0.9520687020218456,4.440892139983514,3.037165790858319,9.435662970107616,3.4888234379616687,6.398497179249297,2.9096737412876283,,TRUE
43,TRUE,FALSE,0.14803824274969432,0.9316276415981094,3.472931337842652,2.3456104154762762,10.139158326948447,2.5413036962445426,7.793547911472171,5.252244215227629,,TRUE
44,TRUE,FALSE,-0.15009479514973273,1.7717472717174105,8.36126462825585,2.744564060801618,11.147005794769095,6.589517356538439,8.402441733967477,1.812924377429038,,TRUE
45,TRUE,FALSE,0.14557122271312203,1.2132125975857226,5.069836036834092,2.470574497112085,11.941963395049019,3.856623439248369,9.471388897936933,5.614765458688564,,TRUE
46,TRUE,FALSE,-0.19173620014270695,1.0194927046339202,4.671874883125963,2.0581717011808176,7.786077280518937,3.652382178492043,5.727905579338119,2.0755234008460755,,TRUE
47,TRUE,FALSE,-0.025779732258035187,1.1894117200484233,4.845944146684893,2.6638447144681243,10.576917083995244,3.6565324266364696,7.91307236952712,4.25653994289065,,TRUE
48,TRUE,FALSE,-0.7237897396979757,1.6293315675707603,10.401557369181337,3.2466487260275283,10.050468556086653,8.772225801610576,6.803819830059124,-1.9684059715514515,,TRUE
49,TRUE,FALSE,0.2523051275964113,1.88135802247771,6.504229730401212,2.2864352929350833,10.173211239032884,4.622871707923502,7.886775946097801,3.263904238174299,,TRUE
50,TRUE,FALSE,0.29311058539453905,0.7953730914318017,2.622688144180987,2.350244521111333,10.389272025143011,1.827315052749185,8.039027504031678,6.211712451282493,,TRUE
51,TRUE,FALSE,0.2578238241357021,1.5506047850632463,6.341439830104716,2.020490903966843,10.693382949700515,4.79083504504147,8.672892045733672,3.8820570006922024,,TRUE
52,TRUE,FALSE,-0.39300396019380957,0.9724953209881123,4.321230192243033,3.1986078120090013,9.594037765745123,3.3487348712549205,6.395429953736121,3.0466950824812007,,TRUE
53,TRUE,FALSE,-0.344051065883027,1.0107583778068145,4.89771354423247,2.5612524599397575,8.797898353652405,3.886955166425656,6.236645893712648,2.3496907272869922,,TRUE
54,TRUE,FALSE,-0.13284459810744267,1.1548594475133203,4.8962145898977445,2.979132825654421,11.059296536100405,3.7413551423844242,8.080163710445984,4.338808568061559,,TRUE
55,TRUE,FALSE,-0.16851686309318054,1.074580959545211,4.842824957941839,2.957634303771286,11.262068429338129,3.768243998396628,8.304434125566843,4.536190127170215,,TRUE
56,TRUE,FALSE,-0.13103232415238858,0.7914531977775604,3.4480645893878945,2.6731249694897397,10.215574647353113,2.656611391610334,7.542449677863374,4.88583828625304,,TRUE
57,TRUE,FALSE,-0.03336073011651888,1.009280962704495,5.161171209780843,2.5591732195830583,12.657486879522498,4.151890247076348,10.09831365993944,5.9464234128630915,,TRUE
58,TRUE,FALSE,-0.6898567889559976,1.1842066398875364,6.8193839836832035,3.3706234795170436,9.737038750370207,5.635177343795667,6.366415270853164,0.7312379270574967,,TRUE
59,TRUE,FALSE,-0.26335542218912306,1.8779862707718638,9.391307178387745,2.9348051676984497,11.27818207432652,7.513320907615881,8.34337690662807,0.8300559990121883,,TRUE
60,TRUE,FALSE,0.4616425163851422,1.2991971145448225,3.3938870139727184,2.84309166039862,11.78425120169168,2.094689899427896,8.94115954129306,6.846469641865163,,TRUE
61,TRUE,FALSE,0.2040643499822426,1.205317160893332,4.977080345370908,2.27279803581573,11.509545609141218,3.771763184477576,9.236747573325488,5.4649843888479115,,TRUE
62,TRUE,FALSE,-0.4219216407735463,1.4168495856196255,8.731879895996205,2.3105157119884625,9.338017678436758,7.315030310376579,7.027501966448296,-0.2875283439282832,,TRUE
63,TRUE,FALSE,0.05238486145108923,1.160440078792344,4.14049103946526,2.7216467082663662,10.233197006062701,2.9800509606729166,7.511550297796335,4.531499337123418,,TRUE
64,TRUE,FALSE,-0.19750970828778897,0.8558120008624976,4.031247103811199,2.765977219033883,10.693805238100705,3.1754351029487013,7.927828019066822,4.75239291611812,,TRUE
65,TRUE,FALSE,-0.6903030445881898,0.6648796880348562,4.601483926646155,2.680233168816925,9.301063687370156,3.936604238611299,6.620830518553231,2.684226279941932,,TRUE
66,TRUE,FALSE,-0.22268584159586363,0.8575161592881733,3.7051525623792023,2.9253280546697122,10.116426400745024,2.847636403091029,7.191098346075311,4.343461942984282,,TRUE
67,TRUE,FALSE,-0.4422793889404006,0.7369029157828375,4.5689182250662,2.48920300744943,9.917082567372328,3.8320153092833626,7.427879559922898,3.5958642506395355,,TRUE
68,TRUE,FALSE,0.09844309497241287,1.6541581202657898,6.636521677577329,2.9991698371730457,13.277547040187944,4.982363557311539,10.278377203014898,5.2960136457033595,,TRUE
69,TRUE,FALSE,0.14748373850795907,0.9744371212738757,3.4269447396006525,3.25658190259206,13.272925605184009,2.4525076183267767,10.016343702591948,7.563836084265171,,TRUE
70,TRUE,FALSE,-0.36113820511343336,1.0742700796869824,5.139836045484068,3.238290356065182,10.797202398722302,4.065565965797085,7.55891204265712,3.4933460768600346,,TRUE
71,TRUE,FALSE,-0.3886162045295835,1.2427486467319844,6.5821329312033585,3.5671284867919217,12.809383542355418,5.339384284471374,9.242255055563497,3.9028707710921227,,TRUE
72,TRUE,FALSE,-0.265370423994255,1.2298718394842647,7.450109457532123,2.673011709819748,12.418088381004612,6.220237618047858,9.745076671184863,3.524839053137005,,TRUE
73,TRUE,FALSE,-0.233375730575332,0.7119473783150644,3.942470193066839,2.652874408041135,11.632777504711525,3.2305228147517746,8.979903096670391,5.749380281918617,,TRUE
74,TRUE,FALSE,-0.07856975353377323,1.4469901402948795,6.269372462145016,2.9527560605937606,11.826702144918654,4.822382321850137,8.873946084324894,4.051563762474757,,TRUE
75,TRUE,FALSE,-0.5631307891706917,1.0249078460144705,6.605695578680197,3.945820243964961,14.481262965682397,5.580787732665726,10.535442721717436,4.9546549890517095,,TRUE
76,TRUE,FALSE,-0.2570704914789424,0.8650341189110989,4.8300599782525815,2.4891251994845343,10.747853349401685,3.9650258593414827,8.25872814991715,4.293702290575668,,TRUE
77,TRUE,FALSE,0.29152246290810985,1.3448205712550103,4.413613598254958,2.778090039165241,12.203457122561309,3.068793026999948,9.425367083396068,6.35657405639612,,TRUE
78,TRUE,FALSE,-0.3413729602042991,1.0933006256744675,5.760309592530797,2.510336085354143,9.401165648533446,4.667008966856329,6.890829563179303,2.223820596322974,,TRUE
79,TRUE,FALSE,-0.137729359243838,1.088416680222723,5.028505752866668,2.0651945204290274,8.313609586628662,3.9400890726439446,6.248415066199634,2.3083259935556892,,TRUE
80,TRUE,FALSE,-0.13300251922921172,1.0025385110461171,3.9220673932190513,2.7961342503034023,9.576564688488826,2.9195288821729344,6.780430438185424,3.8609015560124895,,TRUE
81,TRUE,FALSE,-0.11113431377739955,1.4478564657965989,6.146798152926119,2.9045691698407152,11.034182081710947,4.698941687129521,8.129612911870232,3.4306712247407116,,TRUE
82,TRUE,FALSE,-0.2900682224068523,1.5084422134506843,6.7174132482081985,2.536068184109018,8.450050146260734,5.208971034757514,5.913981962151716,0.705010927394202,,TRUE
83,TRUE,FALSE,-0.1274290452624468,0.9462200513105957,4.393411178764631,2.4184850798115156,9.885790100349142,3.4471911274540354,7.467305020537626,4.020113893083591,,TRUE
84,TRUE,FALSE,-0.359660957424233,1.147477155905672,5.8005643866375385,3.51705492137797,12.408137132199341,4.653087230731867,8.891082210821372,4.237994980089505,,TRUE
85,TRUE,FALSE,-0.31565821221344953,0.6151442601285761,3.550056235228379,2.872364737975555,12.089524604236978,2.934911975099803,9.217159866261422,6.282247891161619,,TRUE
86,TRUE,FALSE,0.23811000809987543,1.124142835449956,3.7240250002737327,2.5260718700599796,10.61809621078165,2.599882164823777,8.09202434072167,5.492142175897893,,TRUE
87,TRUE,FALSE,-0.26434316614538617,0.9890256470405717,3.8253006485697147,2.4984639733201854,7.4187089549601195,2.836275001529143,4.920244981639934,2.083969980110791,,TRUE
88,TRUE,FALSE,0.0367523416648477,1.1718542712473763,4.826389574858375,3.5450335915724644,15.147133770611775,3.6545353036109987,11.602100179039311,7.947564875428313,,TRUE
89,TRUE,FALSE,-0.09127328802391087,0.8673284930972182,3.190263850473432,2.598713563997252,8.724929307748786,2.3229353573762137,6.126215743751533,3.8032803863753197,,TRUE
90,TRUE,FALSE,-0.3296500501522253,1.1437970916781812,5.853155887446375,2.79390760907399,10.282244948894263,4.709358795768194,7.488337339820273,2.7789785440520784,,TRUE
91,TRUE,FALSE,0.13770098029797573,1.2543990854062184,4.855641938557016,2.874224572398259,12.76833883099877,3.601242853150798,9.894114258600512,6.292871405449714,,TRUE
92,TRUE,FALSE,-0.31271610963435603,1.5486162099260028,7.000598139070557,3.6661657720373357,12.122510388952614,5.451981929144554,8.456344616915278,3.0043626877707235,,TRUE
93,TRUE,FALSE,-0.010058739433254981,1.2238191286919955,5.043699521300573,4.23517779893936,17.27965872263298,3.819880392608577,13.04448092369362,9.224600531085041,,TRUE
94,TRUE,FALSE,-0.3650056242670751,1.6309997610419777,7.539008492721298,2.4836246275821603,7.969413557716776,5.90800873167932,5.485788930134616,-0.4222198015447045,,TRUE
95,TRUE,FALSE,0.4358869975156885,1.1046711972368921,3.4203982588604167,2.274151318245684,10.888456550711867,2.315727061623525,8.614305232466183,6.298578170842658,,TRUE
96,TRUE,FALSE,-0.3951487094205423,1.0837732404010045,6.217386044131311,2.9328774689168076,11.333196676998757,5.133612803730307,8.40031920808195,3.266706404351643,,TRUE
97,TRUE,FALSE,-0.20215852185367655,1.1254954181315433,5.075827876000524,2.6823092978583976,9.88270153844951,3.9503324578689805,7.200392240591112,3.250059782722132,,TRUE
98,TRUE,FALSE,-0.11916656957062248,1.4945686339049244,6.4548628949868405,2.840160925305823,10.888316164040477,4.960294261081916,8.048155238734655,3.0878609776527384,,TRUE
99,TRUE,FALSE,-0.279233432081616,1.28045722372503,6.622551992544251,2.1333511436564465,8.34551435074166,5.342094768819221,6.212163207085213,0.8700684382659922,,TRUE
100,TRUE,FALSE,0.10434760685229234,1.0752671564930514,4.562802684301174,2.020752644768469,9.518007735189087,3.487535527808123,7.497255090420618,4.009719562612495,,TRUE
101,TRUE,FALSE,-0.3407810186576127,0.8771533109909452,4.894714949870482,2.5218211115904787,10.008450793534655,4.017561638879537,7.486629681944176,3.469068043064639,,TRUE
102,TRUE,FALSE,-0.21080097097753797,0.9420653538503703,4.326172414449386,3.0853080086038593,11.475500060984185,3.3841070605990153,8.390192052380325,5.006084991781309,,TRUE
103,TRUE,FALSE,0.13391596339671674,0.8290918610736338,3.2039568741225,2.6528848024231446,11.720910930504413,2.374865013048866,9.068026128081268,6.693161115032401,,TRUE
104,TRUE,FALSE,0.042326280249376055,0.9759133110188166,4.550594837433895,1.8510065298649003,9.00423765157029,3.574681526415078,7.1532311217053905,3.5785495952903124,,TRUE
105,TRUE,FALSE,-0.31298072848894265,1.0273745498759013,5.654733113209758,2.4711395318955067,9.946144722103872,4.627358563333857,7.475005190208366,2.847646626874509,,TRUE
106,TRUE,FALSE,-0.15384785799819467,1.1378898725951028,4.95240131640558,2.7612700560427466,10.304079618041799,3.8145114438104772,7.542809561999052,3.7282981181885746,,TRUE
107,TRUE,FALSE,0.10191081463590687,0.9182124181697301,3.6987249407042433,1.942568436393128,8.664519951697917,2.7805125225345133,6.72195151530479,3.9414389927702764,,TRUE
108,TRUE,FALSE,-0.04130764838703589,1.1325002080804745,4.39695201646897,2.538632934825182,9.457441466136082,3.2644518083884955,6.9188085313109,3.654356722922404,,TRUE
109,TRUE,FALSE,-0.20519827324503084,1.01219437074257,4.741159144109783,2.921552042733091,11.145967306284682,3.7289647733672133,8.224415263551592,4.495450490184378,,TRUE
110,TRUE,FALSE,0.13786780350291736,2.255705875664579,5.720253279289135,2.7129571528294547,7.896796547408889,3.4645474036245565,5.183839394579435,1.7192919909548783,,TRUE
111,TRUE,FALSE,0.15794188899836226,1.2802436452971977,4.805446479014299,2.5788770648962753,11.336135972752233,3.5252028337171017,8.757258907855958,5.232056074138856,,TRUE
112,TRUE,FALSE,0.3073252238877047,1.272260779537107,4.358566311424668,2.4963411080264315,11.628965868726107,3.086305531887561,9.132624760699676,6.046319228812115,,TRUE
113,TRUE,FALSE,-0.5524241411962423,0.7400402749669512,4.44549586689574,2.5856836159185783,8.939752231354941,3.7054555919287893,6.354068615436363,2.6486130235075738,,TRUE
114,TRUE,FALSE,0.324938987522111,1.6339018924532944,4.903770187200426,2.5089900222353796,10.421309081243795,3.2698682947471314,7.912319059008415,4.642450764261284,,TRUE
115,TRUE,FALSE,-0.11648382344248638,1.1331274341849307,5.230813043991805,2.2022565164660644,9.048364051412412,4.097685609806875,6.846107534946347,2.748421925139472,,TRUE
116,TRUE,FALSE,-0.7375561385205879,1.010799348732931,7.21949704399743,2.7258955464229526,9.311821418625525,6.208697695264499,6.585925872202573,0.37722817693807364,,TRUE
117,TRUE,FALSE,-0.13643934690976944,1.4930603294643565,7.221143269810545,2.5274803376480777,10.665016591707516,5.728082940346189,8.13753625405944,2.40945331371325,,TRUE
118,TRUE,FALSE,0.01135884090141199,1.225224507671673,4.740233767137892,2.946342499040391,11.529232480267414,3.515009259466219,8.582889981227023,5.067880721760805,,TRUE
119,TRUE,FALSE,0.26593577439775007,1.1836797057098143,3.87966294313574,2.592479449472674,11.085864264648066,2.6959832374259256,8.493384815175393,5.797401577749467,,TRUE
120,TRUE,FALSE,-0.09610565809411985,1.2148531897327655,4.430749827524558,3.328358859904993,11.02669645077591,3.2158966377917926,7.698337590870917,4.4824409530791245,,TRUE
121,TRUE,FALSE,-0.26479012865217477,0.8562998231217638,3.8534025222692434,3.2436381051728618,11.200928500575635,2.9971026991474794,7.957290395402774,4.960187696255295,,TRUE
122,TRUE,FALSE,-0.7378481243082057,1.6580883425303028,13.14605058591023,3.3137088969780137,12.561995055415167,11.487962243379927,9.248286158437153,-2.239676084942774,,TRUE
123,TRUE,FALSE,-0.18631695272395654,1.0591598223696082,5.2792937772895865,2.450581199709938,10.138343573146587,4.220133954919978,7.687762373436649,3.4676284185166706,,TRUE
124,TRUE,FALSE,0.10584352369121314,1.5489583933961129,5.685509685930442,2.754258528137767,11.238325654050621,4.136551292534329,8.484067125912855,4.347515833378526,,TRUE
125,TRUE,FALSE,-1.0439219559774764,0.34510145329751096,2.881670060181506,2.6809077774303725,7.8815166202789255,2.5365686068839954,5.200608842848553,2.664040235964557,,TRUE
126,TRUE,FALSE,0.10934420534465049,1.315951041893996,4.592215597457262,2.8285953187582136,11.011359464656802,3.276264555563266,8.182764145898588,4.906499590335322,,TRUE
127,TRUE,FALSE,-0.44653811460006065,0.9177736561708062,4.708412912388876,3.0043645117368456,9.86194415064287,3.7906392562180695,6.857579638906024,3.066940382687955,,TRUE
128,TRUE,FALSE,0.12949748070390765,1.5458996726745182,5.832602905002749,2.072658153514265,8.90120544811409,4.286703232328231,6.828547294599826,2.541844062271595,,TRUE
129,TRUE,FALSE,-0.497072486553834,1.1602102451440517,6.863232388261812,3.0596870054442196,11.010148388471045,5.70302214311776,7.950461383026825,2.247439239909065,,TRUE
130,TRUE,FALSE,-0.46432526058279755,0.7718047478894214,4.051732663665112,3.1501941716415227,10.394814937832496,3.27992791577569,7.244620766190973,3.964692850415283,,TRUE
131,TRUE,FALSE,-0.21714450475728952,0.9697474495517169,5.264018041598845,2.233963949627785,9.759559660575453,4.294270592047129,7.525595710947668,3.231325118900539,,TRUE
132,TRUE,FALSE,-0.29579973258383696,1.6250352344471488,6.810311844638334,3.523069199752856,10.98401706245643,5.185276610191185,7.460947862703575,2.2756712525123906,,TRUE
133,TRUE,FALSE,-0.3975357542526639,0.6299801045958617,3.3902169924083863,3.168879789881485,11.459319872808125,2.7602368878125247,8.29044008292664,5.530203195114115,,TRUE
134,TRUE,FALSE,0.009624308779470812,0.9812140322050136,3.5133661689030915,2.8493372908481143,10.301093066003638,2.5321521366980777,7.451755775155524,4.919603638457446,,TRUE
135,TRUE,FALSE,-0.10302989114105393,1.1458656415248596,4.649811081555684,2.9111799792216853,10.65676412846106,3.503945440030824,7.745584149239374,4.24163870920855,,TRUE
136,TRUE,FALSE,-0.24433627068443187,0.912206212562638,4.3306710347010045,2.582113984002308,9.601159514784818,3.4184648221383664,7.01904553078251,3.6005807086441433,,TRUE
137,TRUE,FALSE,-0.05016324461068688,1.4695887491161612,5.399194895196492,3.2395257256317067,11.319545743793363,3.9296061460803307,8.080020018161656,4.150413872081326,,TRUE
138,TRUE,TRUE,-0.3128037547321613,1.147411189125308,6.161201085039525,2.1773604687457317,8.551212359498052,5.013789895914217,6.37385189075232,1.3600619948381034,,TRUE
139,TRUE,FALSE,-0.13671680076124995,1.0478672069056887,4.187788293964868,3.562442735484649,12.417981518435663,3.139921087059179,8.855538782951015,5.7156176958918365,,TRUE
140,TRUE,FALSE,-0.6616906769644813,0.8281524287504133,5.637228394320893,3.1981996831298583,11.232910978434218,4.80907596557048,8.034711295304358,3.225635329733879,,TRUE
141,TRUE,FALSE,0.0438253939488379,1.1530670611211284,5.095750102016125,3.1808223173393606,14.68676318892814,3.9426830408949964,11.505940871588779,7.563257830693782,,TRUE
142,TRUE,FALSE,-0.5001486404151759,0.7505492840131958,5.368898176932179,2.4364146532248774,10.569278960842338,4.618348892918983,8.13286430761746,3.5145154146984767,,TRUE
143,TRUE,FALSE,-0.5113999641888272,1.2371867541986306,8.388633890569682,2.662768726494817,10.82657887439609,7.151447136371052,8.163810147901273,1.012363011530221,,TRUE
144,TRUE,FALSE,-0.849927675467034,0.766224139958262,7.0327296835103885,2.2428740163730048,8.799420555065815,6.266505543552126,6.55654653869281,0.29004099514068393,,TRUE
145,TRUE,FALSE,-0.286563301375698,0.7981769537207136,3.8788784676460715,2.2611356829496847,8.25050917799989,3.0807015139253577,5.989373495050205,2.908671981124847,,TRUE
146,TRUE,FALSE,0.1464080826112561,0.7758994246285056,3.119717652988821,2.3680897822904234,11.022808105320436,2.3438182283603153,8.654718323030012,6.310900094669697,,TRUE
147,TRUE,FALSE,-0.2982122414048945,1.0817867939145227,4.855197329562688,2.9133584595306252,9.7039198949962,3.773410535648165,6.790561435465575,3.01715089981741,,TRUE
148,TRUE,FALSE,0.20653902053152212,1.748702383595188,4.946261757223495,3.034960359685866,10.553899967802202,3.197559373628307,7.518939608116336,4.321380234488029,,TRUE
149,TRUE,FALSE,0.04760680617959714,1.2268795125622676,5.123778452196246,2.167609232088493,9.493903081636391,3.896898939633979,7.326293849547898,3.4293949099139196,,TRUE
150,TRUE,FALSE,0.32837702758087756,1.474943356369249,5.398065330687594,2.252542449162655,11.448487371109051,3.9231219743183448,9.195944921946396,5.27282294762805,,TRUE
151,TRUE,FALSE,-0.6898794340141281,1.0387845296506524,6.889062220393013,2.6121575108579242,8.690067776393848,5.850277690742361,6.077910265535923,0.22763257479356191,,TRUE
152,TRUE,FALSE,-0.07873259704665314,1.412668082693668,6.642390676624967,2.211752133719598,9.612306377512637,5.2297225939312995,7.400554243793039,2.1708316498617393,,TRUE
153,TRUE,FALSE,-0.02009147442327107,1.1522941650567795,5.267367637430078,2.576810119988922,11.544817429725477,4.1150734723732985,8.968007309736555,4.852933837363256,,TRUE
154,TRUE,FALSE,-0.17810705281175226,0.629896146483457,3.294288087874165,3.0111045826029845,13.178547734443086,2.6643919413907082,10.167443151840102,7.503051210449394,,TRUE
155,TRUE,FALSE,0.26954418966479143,1.234928655171486,4.2486800715317745,2.443245031936217,11.006284639246564,3.0137514163602885,8.563039607310348,5.549288190950059,,TRUE
156,TRUE,FALSE,-0.2882792675610327,1.1595473616614567,5.79226414861773,3.108554718434575,11.63912381869884,4.632716786956273,8.530569100264264,3.8978523133079914,,TRUE
157,TRUE,FALSE,-0.252130192853379,1.223700885562153,5.828515856374321,2.4245720420196184,8.974681592830605,4.604814970812168,6.550109550810986,1.9452945799988184,,TRUE
158,TRUE,FALSE,0.005456893941778879,0.7461293220566254,3.013089731545012,2.3624408704128257,9.592433653554576,2.2669604094883864,7.22999278314175,4.9630323736533635,,TRUE
159,TRUE,FALSE,-0.43951314750696857,1.0620401317240094,5.722233073319199,3.1590246517935108,10.96729424736445,4.66019294159519,7.808269595570939,3.1480766539757497,,TRUE
160,TRUE,FALSE,-0.13305834724723833,1.0192484149905467,4.3459050908153065,2.9259611742405838,10.921498888016403,3.3266566758247595,7.9955377137758195,4.66888103795106,,TRUE
161,TRUE,FALSE,-0.45372061891000587,1.4628559671010457,7.264187252586061,3.362691669841574,10.607771351778357,5.801331285485015,7.245079681936783,1.4437483964517677,,TRUE
162,TRUE,FALSE,-0.30662936503605687,1.731018003618103,10.213381151173683,3.08614230444601,13.400359862499455,8.48236314755558,10.314217558053445,1.831854410497865,,TRUE
163,TRUE,FALSE,-0.3984771080134303,0.7288577210457016,4.056863051029002,2.597864491592232,9.707506125466963,3.328005329983301,7.109641633874731,3.7816363038914305,,TRUE
164,TRUE,FALSE,0.1838172571916356,1.6071105756919992,7.035915603853869,2.193500812569925,11.54100110290121,5.42880502816187,9.347500290331286,3.9186952621694164,,TRUE
165,TRUE,FALSE,-0.05274139931129874,1.0399925553383564,4.263739301820847,2.724089338912743,10.594402294881819,3.2237467464824903,7.8703129559690765,4.646566209486586,,TRUE
166,TRUE,FALSE,-0.316902296730307,1.1052434756250396,7.073350000872502,1.8855270963602082,8.78963918121067,5.968106525247462,6.904112084850462,0.9360055596030001,,TRUE
167,TRUE,FALSE,0.03651186453543307,0.9698739547440254,3.5319863366828974,2.451407094577835,9.259255282217651,2.562112381938872,6.8078481876398165,4.245735805700944,,TRUE
168,TRUE,FALSE,-0.0735483516989217,0.7504134150042205,4.128561260899058,2.6265012699209547,13.425612736824688,3.378147845894838,10.799111466903733,7.420963621008895,,TRUE
169,TRUE,FALSE,-0.15939572898914503,1.1609206612689178,5.488851935517591,3.1160597424816046,12.562036909985226,4.327931274248673,9.44597716750362,5.118045893254948,,TRUE
170,TRUE,FALSE,-0.2849958665661188,0.8681161162173824,5.067635814384872,2.586999473490889,11.356690390588488,4.19951969816749,8.769690917097599,4.570171218930109,,TRUE
171,TRUE,FALSE,-0.552190085709176,1.107012060902899,6.214494482079116,4.160214042521939,13.44485189808355,5.1074824211762175,9.284637855561613,4.177155434385395,,TRUE
172,TRUE,FALSE,0.3423795373816744,0.9492269523032196,3.3720896739712605,2.9024654122231874,14.520770154173489,2.4228627216680407,11.6183047419503,9.19544202028226,,TRUE
173,TRUE,FALSE,0.26873787666179616,1.078284786279242,2.7342190449298056,2.2738091811933447,7.543366677424357,1.6559342586505637,5.2695574962310125,3.613623237580449,,TRUE
174,TRUE,FALSE,-0.13261037531838235,1.0678422920299617,4.4950523043244015,3.0413803521308167,11.212602189315477,3.4272100122944398,8.17122183718466,4.7440118248902206,,TRUE
175,TRUE,FALSE,0.10449683066679054,1.0060654235901836,3.398921000212322,2.5526527368105927,9.573902082512054,2.3928555766221384,7.021249345701461,4.628393769079323,,TRUE
176,TRUE,FALSE,-0.5593741297740421,1.26623561494731,8.61613309774291,2.756957927142518,10.722471860806142,7.3498974827956,7.965513933663623,0.6156164508680231,,TRUE
177,TRUE,FALSE,-0.7113836651358911,1.1490953608114283,9.57800025156532,2.244974254317337,9.18713582934542,8.428904890753893,6.942161575028083,-1.4867433157258096,,TRUE
178,TRUE,FALSE,0.56319799488778,1.3741412469244056,4.224238484997195,2.3537583845255687,12.707868570385235,2.8500972380727894,10.354110185859668,7.504012947786878,,TRUE
179,TRUE,FALSE,-0.1342229354229412,0.9961901274282983,4.578359557207051,2.6313698756115103,10.57443766594588,3.5821694297787525,7.94306779033437,4.360898360555617,,TRUE
180,TRUE,FALSE,-0.22429923441885766,1.186992871552959,5.632912104733232,3.2783838557154645,12.431763694608795,4.445919233180273,9.153379838893331,4.707460605713058,,TRUE
181,TRUE,FALSE,0.3421293885313393,1.4893921439119853,4.291539707071669,2.891556455819633,11.73061166571118,2.802147563159684,8.839055209891548,6.036907646731864,,TRUE
182,TRUE,FALSE,-0.26466187372789346,0.9062768916955565,3.726495493062657,2.483788477263059,7.838141699995063,2.8202186013671002,5.354353222732004,2.534134621364904,,TRUE
183,TRUE,FALSE,0.026789673502864098,0.9621205813539759,3.8958665520636,2.2550515884621314,9.37919696489154,2.933745970709624,7.124145376429408,4.190399405719784,,TRUE
184,TRUE,FALSE,-0.051451963243287296,0.9879574053331637,4.774895270713627,2.580284698867054,11.845351510583795,3.7869378653804637,9.265066811716741,5.478128946336277,,TRUE
185,TRUE,FALSE,-0.013845985872305889,1.1234220030769677,4.904506122260681,2.564815717271056,11.043208871829236,3.7810841191837135,8.47839315455818,4.697309035374467,,TRUE
186,TRUE,FALSE,0.17793593685970152,1.238560862556732,4.551903316080391,2.8463282209961016,12.497905906958602,3.3133424535236586,9.6515776859625,6.3382352324388425,,TRUE
187,TRUE,FALSE,0.18045899099553217,1.0857793552599238,3.8402805057409175,2.5675935933274374,10.87727216249723,2.7545011504809938,8.309678569169792,5.555177418688798,,TRUE
188,TRUE,FALSE,-0.19197817028300368,0.9938517197551231,6.315233714597935,2.678511593620547,14.04708804551309,5.321381994842811,11.368576451892544,6.0471944570497325,,TRUE
189,TRUE,FALSE,0.09351750128222262,1.1762288029360746,5.456421013935523,2.1557265736918207,10.980544413978986,4.280192210999449,8.824817840287166,4.544625629287717,,TRUE
190,TRUE,FALSE,-0.13892225475969366,1.2102587102375546,6.23736382497121,2.522377879565516,11.313574491115771,5.027105114733655,8.791196611550255,3.7640914968166,,TRUE
191,TRUE,FALSE,-0.49100327903443525,0.776385071746846,4.613907709957419,2.8207189673687285,10.259153578977623,3.837522638210573,7.438434611608894,3.600911973398321,,TRUE
192,TRUE,FALSE,-0.5649987187608633,1.0794586571528577,6.890609586619925,2.617288736828024,9.495709956240782,5.8111509294670665,6.878421219412758,1.0672702899456912,,TRUE
193,TRUE,FALSE,-0.09795575245419305,0.7898476036019408,3.3215619677525345,2.2523626429388153,8.588072996691684,2.5317143641505937,6.335710353752869,3.8039959896022757,,TRUE
194,TRUE,FALSE,0.10935421110505722,1.1693275745765914,4.1754638084152,2.5936221197514695,10.331590028008167,3.0061362338386086,7.737967908256698,4.731831674418089,,TRUE
195,TRUE,FALSE,-0.27876948031583954,1.2244342205566587,5.618121301435999,2.5102816364138216,8.71585617564287,4.3936870808793405,6.205574539229048,1.811887458349707,,TRUE
196,TRUE,TRUE,-0.32876815256105646,1.1719819649378744,6.612426967449571,2.247933233922948,9.12937766522415,5.440445002511697,6.881444431301201,1.440999428789504,,TRUE
197,TRUE,FALSE,0.3077585719849424,1.5735931750994872,4.655521625335284,2.59688937093764,10.451705966394792,3.081928450235797,7.854816595457152,4.772888145221355,,TRUE
198,TRUE,FALSE,-0.1252291927951808,0.7127431235732731,3.357886533333757,2.6722075893350814,11.10751290424722,2.645143409760484,8.435305314912139,5.790161905151654,,TRUE
199,TRUE,FALSE,-0.38665362008851006,1.0090200701008083,6.048192114960277,2.9425662946564426,11.982032559339855,5.039172044859469,9.039466264683412,4.000294219823943,,TRUE
200,TRUE,FALSE,0.05166093727285419,1.2681314031456712,5.214599881002369,2.584822759868679,11.192408746624153,3.9464684778566976,8.607585986755474,4.661117508898776,,TRUE
201,TRUE,FALSE,-0.045109132561839856,1.6565287939538227,6.034631385588709,3.428282414289028,11.93816842049537,4.378102591634886,8.509886006206342,4.131783414571456,,TRUE
202,TRUE,FALSE,0.14075334537871292,1.2108195371723112,3.9799748508575803,2.984545624419022,11.292953279555812,2.7691553136852693,8.30840765513679,5.539252341451521,,TRUE
203,TRUE,FALSE,-0.6164373643597004,1.0003789812323296,6.087038573132915,3.2724895679926487,10.74989990838069,5.0866595919005855,7.477410340388042,2.3907507484874566,,TRUE
204,TRUE,FALSE,-0.37741522287707024,1.1321969508312082,4.954222434058255,3.2721934057152,9.817098241189216,3.822025483227047,6.544904835474016,2.722879352246969,,TRUE
205,TRUE,FALSE,-0.2243909377075749,1.2122784533310493,5.253210642897149,2.972294355879781,10.291116627493906,4.0409321895660995,7.318822271614126,3.2778900820480263,,TRUE
206,TRUE,TRUE,-0.08425361617321331,1.4790813629705015,7.648591674840462,2.27191537329929,10.799177545730215,6.169510311869961,8.527262172430925,2.357751860560964,,TRUE
207,TRUE,FALSE,-0.66065600043751,1.0976766529656838,7.02077688024843,3.2832553163843237,10.846662950013524,5.923100227282746,7.5634076336292,1.6403074063464542,,TRUE
208,TRUE,FALSE,-0.35209714711064466,0.9510134786096426,5.860651602381555,2.5983609846314613,11.260168019575204,4.909638123771913,8.661807034943742,3.752168911171829,,TRUE
209,TRUE,FALSE,-0.2755316942119092,0.8358569302657997,4.688550241498381,2.291666274352621,9.758792990683176,3.852693311232581,7.467126716330555,3.6144334050979743,,TRUE
210,TRUE,FALSE,-0.5134180179476105,1.4043209130395689,9.476141972917986,2.154898027768308,8.701964494301206,8.071821059878417,6.547066466532899,-1.5247545933455182,,TRUE
211,TRUE,FALSE,-0.495543939708159,1.7580362946500607,9.782065611137956,2.987744462247696,10.128244716956637,8.024029316487894,7.140500254708941,-0.8835290617789529,,TRUE
212,TRUE,FALSE,-0.15829114953466492,1.5010091727771033,6.27330270136287,2.577508918065641,9.195346548861506,4.772293528585767,6.617837630795865,1.8455441022100985,,TRUE
213,TRUE,FALSE,-0.7185125467889006,1.140898719150841,7.983400799813778,3.429426365166755,11.698125836308003,6.842502080662937,8.268699471141248,1.4261973904783112,,TRUE
214,TRUE,FALSE,0.33232510585536806,1.4604552106497066,5.284625352015949,2.330683764821008,11.758076243105323,3.8241701413662423,9.427392478284315,5.603222336918073,,TRUE
215,TRUE,FALSE,-0.24464637564904382,1.2849217107196669,5.398417868582689,2.6793786709594913,8.814046879510023,4.113496157863022,6.134668208550532,2.02117205068751,,TRUE
216,TRUE,FALSE,0.05965182675070968,0.9210360753545255,4.117266637823943,2.87058893257461,13.621025859348983,3.1962305624694176,10.750436926774373,7.554206364304956,,TRUE
217,TRUE,FALSE,0.0775363791336234,0.934618724419994,3.0461335796353985,2.6249496461254687,9.24504575898392,2.1115148552154044,6.620096112858452,4.508581257643048,,TRUE
218,TRUE,FALSE,-0.5245887983462609,1.0080831156662358,7.468094063122343,2.658847494634414,11.65684028560761,6.460010947456107,8.997992790973196,2.5379818435170893,,TRUE
219,TRUE,FALSE,0.33891263996164955,1.2745533858256082,4.030316327546435,2.4099577670543932,10.694941767800772,2.7557629417208274,8.284984000746379,5.529221059025551,,TRUE
220,TRUE,FALSE,-0.3514692646083331,1.3264048866217488,6.56448466058456,2.9045331922479702,10.114856046142847,5.238079773962811,7.210322853894877,1.972243079932066,,TRUE
221,TRUE,FALSE,-0.1561045516635543,1.1327204468601824,5.419086461444665,2.6076942255502176,10.672463054781844,4.286366014584482,8.064768829231626,3.7784028146471442,,TRUE
222,TRUE,FALSE,-0.21416979322894958,1.21302007713973,5.323713490321368,2.3878707958588534,8.459501082081559,4.110693413181638,6.071630286222705,1.9609368730410672,,TRUE
223,TRUE,FALSE,-0.17809967110527483,0.8787683662716278,3.9368194866009367,2.567529494193474,9.625844101671712,3.058051120329309,7.058314607478238,4.000263487148929,,TRUE
224,TRUE,FALSE,-0.6658251749406751,0.9808279610464703,5.995453034156675,3.0919853409429368,9.711859571156527,5.014625073110205,6.61987423021359,1.6052491571033851,,TRUE
225,TRUE,FALSE,-0.5661050100148841,1.615473939380791,10.044332973935518,2.624194886080411,9.263198011519151,8.428859034554726,6.63900312543874,-1.7898559091159862,,TRUE
226,TRUE,FALSE,-0.20137039733590076,1.6198940550516563,7.558089311298355,2.8860007465965243,11.009505041547724,5.938195256246699,8.1235042949512,2.185309038704501,,TRUE
227,TRUE,FALSE,-0.4037962363884365,0.7706994774359776,3.3979375916240366,3.340720468768193,9.835671023816488,2.627238114188059,6.494950555048295,3.8677124408602355,,TRUE
228,TRUE,FALSE,-0.24124522986889868,0.962523147592761,4.729704695510858,3.0716183860401625,11.85819614597756,3.7671815479180966,8.786577759937398,5.019396212019301,,TRUE
229,TRUE,FALSE,-0.4967079858097672,1.0489891996016185,5.963734147094017,3.184166688085313,11.016040289254875,4.914744947492398,7.831873601169562,2.917128653677164,,TRUE
230,TRUE,FALSE,-0.08167735015079206,0.7444380012162632,3.1445800169412212,2.1658475657594964,8.43121143917477,2.400142015724958,6.265363873415274,3.865221857690316,,TRUE
231,TRUE,FALSE,-0.6670131041508826,0.4202926909133685,3.3591106139179927,2.275000198336577,9.331979929309956,2.938817923004624,7.056979730973379,4.118161807968755,,TRUE
232,TRUE,FALSE,-0.264265316862103,1.1306967220420983,6.446709948731979,2.1743299194902272,9.518060713785287,5.31601322668988,7.34373079429506,2.0277175676051797,,TRUE
233,TRUE,FALSE,-0.03803219324719481,0.96863645111809,3.219360029105458,3.1164387469392705,9.971262814613542,2.250723577987368,6.854824067674272,4.604100489686904,,TRUE
234,TRUE,FALSE,-0.09174444510279332,0.6717267624742997,2.8938594438246725,2.7036672411580063,10.62658975168646,2.222132681350373,7.922922510528453,5.70078982917808,,TRUE
235,TRUE,FALSE,0.11930984769506144,1.2865830014122048,5.091101703650847,2.35239517761269,10.488173250926625,3.804518702238642,8.135778073313935,4.3312593710752925,,TRUE
236,TRUE,FALSE,-0.4805219208942206,1.3767307983012123,7.6143821538554395,2.4427773075800756,8.355674238721896,6.2376513555542275,5.9128969311418205,-0.324754424412407,,TRUE
237,TRUE,FALSE,-0.045750954837002554,1.0520747482855968,5.420571622653992,1.6130181018690644,7.939046475166025,4.368496874368395,6.32602837329696,1.9575314989285655,,TRUE
238,TRUE,FALSE,-0.1617638725221164,1.0643005580043532,5.10540252367761,2.646715461947251,10.799901540437398,4.041101965673257,8.153186078490148,4.11208411281689,,TRUE
239,TRUE,FALSE,-0.12863707383169717,1.5678628235870375,6.580287266396518,2.1525853364250827,7.943845649326006,5.012424442809481,5.791260312900923,0.7788358700914424,,TRUE
240,TRUE,FALSE,-0.38699135536537,0.868177726069933,5.6388487827516816,2.1963803022871375,9.68771020206801,4.770671056681748,7.491329899780872,2.720658843099124,,TRUE
241,TRUE,TRUE,-0.5172159533803824,0.8734756004724591,6.408117125304471,2.582529910065136,11.295383707924913,5.534641524832011,8.712853797859776,3.178212273027764,,TRUE
242,TRUE,FALSE,0.5728299637572676,1.2203568883255083,2.8966296378000997,2.2616534928247525,9.519388974569436,1.6762727494745915,7.2577354817446835,5.581462732270092,,TRUE
243,TRUE,FALSE,0.14366366225640204,1.5445881003019013,5.498874261278611,2.1000200488247627,8.631313304292382,3.95428616097671,6.531293255467619,2.5770070944909094,,TRUE
244,TRUE,FALSE,-0.4184691315608118,1.3518207290865352,7.600571946612334,2.3860414595899706,8.828081291723919,6.248751217525799,6.442039832133949,0.19328861460815006,,TRUE
245,TRUE,FALSE,0.0965200058994586,1.5211906222202616,5.072420359928439,2.45972631173891,9.033093184940729,3.5512297377081774,6.5733668732018184,3.022137135493641,,TRUE
246,TRUE,FALSE,-0.6857563508908862,0.8476025899210725,6.762911781507834,2.5421833915235146,10.217111319604912,5.915309191586762,7.674927928081398,1.7596187364946356,,TRUE
247,TRUE,FALSE,-0.4516427990130291,1.2192300885445977,7.081870124965822,2.653973668405558,9.813251297946413,5.862640036421224,7.159277629540855,1.2966375931196312,,TRUE
248,TRUE,FALSE,0.05932533456084536,1.1662717254262174,4.907218321839534,2.337506463391635,10.436457744826205,3.7409465964133166,8.09895128143457,4.358004685021253,,TRUE
249,TRUE,FALSE,-0.3061158111573199,1.3201559891560666,6.427894141188736,2.6329976748528088,9.439511797066189,5.107738152032669,6.80651412221338,1.6987759701807112,,TRUE
250,TRUE,FALSE,-0.2705406886574053,1.3125163544775722,6.677253339717086,3.003616194633791,11.65851509716973,5.364736985239514,8.654898902535939,3.290161917296425,,TRUE
251,TRUE,FALSE,0.052315855138525984,1.516973257804693,6.03698409854847,2.5253150541707052,10.589566013125163,4.520010840743777,8.064250958954457,3.5442401182106797,,TRUE
252,TRUE,FALSE,-0.6819669119355322,0.9885015742154818,7.657863287994981,2.6816515738576294,10.504082553748063,6.669361713779499,7.8224309798904335,1.1530692661109345,,TRUE
253,TRUE,FALSE,-0.30041770877697427,1.4600912564705175,7.4477001910945075,3.1498012486233335,11.897496427598023,5.9876089346239905,8.74769517897469,2.760086244350699,,TRUE
254,TRUE,FALSE,-0.5848366051099565,0.5366586486701028,3.9387595703874223,2.329332365037739,9.525800665370294,3.4021009217173193,7.196468300332555,3.7943673786152354,,TRUE
255,TRUE,FALSE,0.042624691181201664,0.7438457144995574,3.2853956803101627,3.0059150427101202,13.85457431408296,2.5415499658106055,10.84865927137284,8.307109305562236,,TRUE
256,TRUE,FALSE,-0.04439594111551824,1.2763581899708352,4.840126196924595,2.5390025890986405,9.21014244785195,3.5637680069537594,6.67113985875331,3.107371851799551,,TRUE
257,TRUE,FALSE,0.02459042933833762,1.0284507104807827,4.486477289958417,2.863106376336458,12.800854556531098,3.458026579477634,9.937748180194639,6.479721600717005,,TRUE
258,TRUE,FALSE,0.0015223541021070477,1.2377116224715998,5.39151505106968,2.3439849206945196,10.226035975690293,4.1538034285980805,7.882051054995773,3.7282476263976925,,TRUE
259,TRUE,FALSE,-0.06698390688820932,1.2660346438484975,4.291538438213084,3.472883775750758,11.009482996801925,3.025503794364586,7.536599221051167,4.511095426686581,,TRUE
260,TRUE,FALSE,-0.44484197352857097,1.1330172903608964,6.308583625572262,2.541728540989291,9.070517762699842,5.175566335211366,6.52878922171055,1.353222886499184,,TRUE
261,TRUE,FALSE,-0.6708093043090407,0.5984022520179587,3.798559800292168,2.911735990021299,9.450373296952117,3.2001575482742095,6.538637306930818,3.3384797586566086,,TRUE
262,TRUE,FALSE,-0.49928766651694756,0.7290828234719735,4.790161644902399,2.7475363214991977,10.956677181579817,4.061078821430426,8.20914086008062,4.148062038650194,,TRUE
263,TRUE,FALSE,0.19917666855088392,1.304316507271909,4.214996454538645,2.7427067992788543,10.81670372169932,2.910679947266736,8.073996922420465,5.1633169751537284,,TRUE
264,TRUE,FALSE,0.09278831961013302,2.347079866894295,9.414278498727668,2.780244340085852,12.23600354403511,7.0671986318333735,9.455759203949258,2.3885605721158845,,TRUE
265,TRUE,FALSE,-0.3650160214860566,0.9971236009233946,5.740969447834749,2.385582409347805,9.534682147169118,4.743845846911354,7.149099737821313,2.4052538909099592,,TRUE
266,TRUE,FALSE,0.3447341059412183,1.1738682353248995,3.475321179789855,2.512377486947061,10.49969320189776,2.3014529444649554,7.987315714950698,5.685862770485743,,TRUE
267,TRUE,FALSE,-0.5499266391381133,0.6520141696322903,3.97294639539063,2.919354505451288,10.263899771070074,3.3209322257583396,7.344545265618786,4.023613039860447,,TRUE
268,TRUE,FALSE,0.23622418341034077,1.281885059149894,4.922263868475744,2.3168778784933393,11.267039266322588,3.64037880932585,8.950161387829247,5.309782578503397,,TRUE
269,TRUE,FALSE,0.13678736321231655,0.9346457962506458,4.149552445105045,2.059918405608233,10.486008756139544,3.2149066488543996,8.426090350531311,5.211183701676911,,TRUE
270,TRUE,FALSE,-0.3510894579799689,0.8068888371047935,4.539512782611403,2.9786814766727283,11.79623420470116,3.7326239455066093,8.817552728028431,5.084928782521822,,TRUE
271,TRUE,FALSE,0.0784333062414827,1.0520588040030532,4.691782331716457,2.4594756821357286,11.863245705468975,3.6397235277134037,9.403770023333246,5.7640464956198425,,TRUE
272,TRUE,FALSE,-0.48704246457961986,0.9600184174212884,4.944664176854848,2.7245632430643782,8.622521281115787,3.984645759433559,5.897958038051409,1.91331227861785,,TRUE
273,TRUE,FALSE,-0.13647097767287508,1.5999899919428626,6.7541752669096695,2.850122253458901,10.496631636407614,5.154185274966807,7.646509382948713,2.492324107981906,,TRUE
274,TRUE,FALSE,-0.11199808033260263,1.1024962702164507,4.840965343005331,3.240323916048611,12.720468959646505,3.738469072788881,9.480145043597894,5.741675970809013,,TRUE
275,TRUE,FALSE,-0.3105855094430799,0.8075390677405606,4.522576702418086,3.0398662053179053,12.479330752159257,3.715037634677526,9.439464546841352,5.7244269121638265,,TRUE
276,TRUE,FALSE,-0.11705330400926632,1.1177161894944962,4.59785419981042,3.0344601924262964,11.103745382714994,3.4801380103159234,8.069285190288698,4.589147179972774,,TRUE
277,TRUE,FALSE,-0.02771598778071472,1.1139689173271456,4.873257557521931,2.306255711123267,9.813340098682955,3.759288640194785,7.507084387559688,3.7477957473649033,,TRUE
278,TRUE,FALSE,0.4424380603341505,1.4799852510367575,3.7579758258419336,1.9937634164879672,7.8798622533399945,2.277990574805176,5.886098836852027,3.6081082620468514,,TRUE
279,TRUE,FALSE,-0.1790977396237194,1.2944457431741572,7.242290211142961,2.9657346809902863,13.872131846686226,5.947844467968803,10.90639716569594,4.9585526977271375,,TRUE
280,TRUE,FALSE,-0.1567545468926885,1.1173723988777247,5.664875265031888,2.8206863171818752,12.225582744729866,4.547502866154163,9.40489642754799,4.8573935613938275,,TRUE
281,TRUE,FALSE,-0.03924984377562662,1.80308238557358,8.754963112639974,2.8771868341147977,13.432622925685578,6.951880727066394,10.55543609157078,3.603555364504386,,TRUE
282,TRUE,FALSE,-0.4472022074433582,1.427870851054468,7.2031294772442624,3.0029760332043565,9.686496114235315,5.775258626189794,6.683520081030958,0.9082614548411634,,TRUE
283,TRUE,FALSE,0.048213884071651246,1.6211271886318237,5.785741613392619,2.70985518309192,10.149088770657741,4.164614424760796,7.4392335875658215,3.274619162805026,,TRUE
284,TRUE,FALSE,-0.10666546964421408,1.6184119208785532,7.402178265199226,2.5719585600806685,10.573291684311148,5.783766344320673,8.001333124230479,2.2175667799098058,,TRUE
285,TRUE,FALSE,-0.5981374397175243,1.1075009400632634,7.037432718218891,2.4210952402024906,8.458906736181453,5.929931778155628,6.037811495978962,0.10787971782333461,,TRUE
286,TRUE,FALSE,-0.14340089053946195,1.371134379486598,5.747536514291268,3.0513587720356967,11.081965077538532,4.37640213480467,8.030606305502836,3.654204170698166,,TRUE
287,TRUE,FALSE,-0.20014988530673242,1.3244618205240892,3.8666597214111498,3.944335738559115,9.426411503239065,2.5421979008870608,5.48207576467995,2.939877863792889,,TRUE
288,TRUE,FALSE,-0.06458164269631538,1.5479970118061157,6.1480141049127885,2.474239203461375,9.212106921208958,4.600017093106673,6.737867717747584,2.137850624640911,,TRUE
289,TRUE,FALSE,-0.3138834574274388,0.5604719136877166,2.743219707442177,3.395044149270172,12.140436749604351,2.1827477937544604,8.74539260033418,6.562644806579719,,TRUE
290,TRUE,FALSE,-0.3184216442515964,1.1767008267752062,5.989906167122392,3.187313683918736,11.80021729809362,4.813205340347186,8.612903614174884,3.7996982738276985,,TRUE
291,TRUE,FALSE,-0.21373753670025775,0.9659610719849022,3.743615070549663,2.943692626618212,9.212955838326927,2.777653998564761,6.269263211708715,3.491609213143954,,TRUE
292,TRUE,FALSE,-0.25643823253866055,0.666672418695075,3.5544470527133476,2.6361258899999576,10.875669425635191,2.887774634018273,8.239543535635233,5.3517689016169605,,TRUE
293,TRUE,FALSE,-0.47035284513311976,0.7482355003284197,6.0135376736889805,2.430067927358285,12.20220999692922,5.265302173360561,9.772142069570934,4.506839896210374,,TRUE
294,TRUE,FALSE,-0.47482084336686303,0.7728710570496814,4.617283086147371,2.3280283007120395,8.65078744921465,3.8444120290976893,6.322759148502611,2.4783471194049214,,TRUE
295,TRUE,FALSE,-0.24551791107660545,0.7148416531951546,3.81973764470434,2.4080955994306485,10.066310779751506,3.1048959915091854,7.658215180320857,4.553319188811672,,TRUE
296,TRUE,FALSE,-0.29628384045149214,0.8041626449616147,4.888233546761872,3.0823832760162886,13.932217781153865,4.084070901800257,10.849834505137576,6.7657636033373185,,TRUE
297,TRUE,FALSE,-0.0882447866416393,1.3406766667117687,5.858627006177665,3.0235228161743097,12.096530494878143,4.517950339465896,9.073007678703833,4.555057339237937,,TRUE
298,TRUE,FALSE,-0.19705232349158364,1.170143686530944,4.96439148556005,3.0512885241589687,10.62995356187719,3.794247799029106,7.578665037718222,3.7844172386891164,,TRUE
299,TRUE,FALSE,0.1336528641722656,1.6152694434071895,5.348403755898162,2.054804675293866,7.776684039312165,3.7331343124909724,5.7218793640182986,1.9887450515273262,,TRUE
300,TRUE,FALSE,-0.4595907563956147,0.8408301923970735,4.886902178977592,3.0895707938774826,11.34033201001915,4.046071986580518,8.250761216141667,4.204689229561149,,TRUE
301,TRUE,FALSE,0.18566515134913752,1.3191186534414345,3.74275680720512,3.2487279080762996,11.098248304693085,2.4236381537636857,7.849520396616786,5.4258822428531,,TRUE
302,TRUE,FALSE,-0.6086122406600711,0.7935683372346535,4.671083419026208,2.519276945050236,8.068490022929483,3.8775150817915542,5.549213077879247,1.6716979960876928,,TRUE
303,TRUE,FALSE,-0.5020634349586968,0.6407032160989098,3.684625040644846,3.4606812455185887,12.04632609142628,3.0439218245459365,8.58564484590769,5.541723021361754,,TRUE
304,TRUE,FALSE,-0.24520942609466842,0.7558622874856162,3.3579738943861326,2.7211393648007167,9.46002583374219,2.6021116069005163,6.738886468941473,4.136774862040957,,TRUE
305,TRUE,FALSE,-0.3335106258695777,0.606270401079382,2.9933071089467624,2.3409438066933923,8.280071280233637,2.3870367078673804,5.939127473540244,3.552090765672864,,TRUE
306,TRUE,FALSE,-0.522013896719777,1.0119922926955291,5.995095461318288,2.5321893044791888,8.900354669848316,4.983103168622758,6.368165365369126,1.385062196746368,,TRUE
307,TRUE,FALSE,-0.1058796490706019,0.8450290483200146,3.148598037498974,2.7622361985457116,9.258133674227404,2.3035689891789595,6.4958974756816925,4.192328486502733,,TRUE
308,TRUE,FALSE,0.06408697684264306,1.469542582851251,5.6315186646624875,2.6603890759696243,10.869789380153007,4.161976081811236,8.209400304183383,4.047424222372147,,TRUE
309,TRUE,FALSE,-0.07113556349336224,1.4465145816713247,5.641168293671624,3.398461924416879,12.343401797462914,4.194653712000299,8.944939873046035,4.750286161045736,,TRUE
310,TRUE,FALSE,-0.12628962909393068,1.0866982800782077,5.128198182237874,2.08576476742261,8.675095387076958,4.041499902159666,6.589330619654348,2.5478307174946817,,TRUE
311,TRUE,FALSE,-0.20074090862327196,1.3327188932561618,4.670704831334059,3.0901634712142663,8.86022301936839,3.3379859380778973,5.770059548154125,2.4320736100762272,,TRUE
312,TRUE,FALSE,0.2590526233205105,1.3235276726326433,3.6199149433989084,2.9461182727196285,10.44048425084629,2.296387270766265,7.494365978126661,5.197978707360395,,TRUE
313,TRUE,FALSE,0.07190721139612223,1.2254027122703097,4.258538491451482,2.4902469167356616,9.299359900752448,3.033135779181172,6.809112984016786,3.775977204835614,,TRUE
314,TRUE,FALSE,-0.045482842680086275,1.7719858092000231,7.0355508960625,2.381562750228199,9.035390996483217,5.263565086862477,6.653828246255019,1.3902631593925419,,TRUE
315,TRUE,FALSE,0.04226666150656453,0.9109170081853346,4.323392690522429,2.2391685331305586,11.086356326639592,3.412475682337094,8.847187793509033,5.4347121111719385,,TRUE
316,TRUE,FALSE,-0.1455470086875509,0.7369103735549715,3.023129060803811,3.3080063063893483,11.732703185789427,2.2862186872488395,8.424696879400079,6.13847819215124,,TRUE
317,TRUE,FALSE,-0.17088616574184387,1.0292514008607903,4.951361579726962,2.656102988803339,10.770433097422814,3.9221101788661716,8.114330108619475,4.192219929753303,,TRUE
318,TRUE,FALSE,-0.22876335605068018,1.0926939636513011,5.133844359600525,2.3439507513647837,8.760763844196754,4.041150395949224,6.416813092831971,2.3756626968827472,,TRUE
319,TRUE,FALSE,-0.23767025133175143,0.7638731949657842,3.539662435422928,2.5882710079746856,9.456522178968468,2.7757892404571436,6.868251170993783,4.092461930536639,,TRUE
320,TRUE,FALSE,0.04025096509838358,1.2269760030094035,5.819041618423571,2.778325556095683,13.717636807424578,4.5920656154141675,10.939311251328895,6.347245635914728,,TRUE
321,TRUE,FALSE,0.29281028724355906,0.7793132925224306,2.5136519190512856,2.776231256593223,12.000921241238284,1.734338626528855,9.224689984645062,7.490351358116207,,TRUE
322,TRUE,FALSE,-0.26265353360639093,1.5168028670789102,8.355955573362262,2.497765996110653,10.581561247027098,6.839152706283352,8.083795250916445,1.244642544633093,,TRUE
323,TRUE,FALSE,-0.29341687591708193,0.9672364945317808,5.203461295071436,2.3403342912161027,9.388759621515284,4.236224800539655,7.048425330299182,2.8122005297595267,,TRUE
324,TRUE,FALSE,-0.17670107815666933,1.3133789587001798,5.255723014223555,2.4771358760255704,8.307147863642083,3.9423440555233755,5.830011987616512,1.8876679320931364,,TRUE
325,TRUE,FALSE,-0.009158307661056197,1.1303274348223367,4.105216343314142,2.2623497648043647,8.141681834569717,2.9748889084918053,5.879332069765352,2.904443161273547,,TRUE
326,TRUE,FALSE,0.2624025983308327,2.3965261427895372,6.377062768359578,2.845593978380089,9.843996586634157,3.980536625570041,6.998402608254068,3.017865982684027,,TRUE
327,TRUE,FALSE,-0.202317702631223,1.482809393084007,6.8106175753226745,3.1110651143048176,11.671987275303714,5.327808182238668,8.560922160998896,3.233113978760228,,TRUE
328,TRUE,FALSE,0.2593733172398645,1.6325252996156199,4.931240030782552,2.1181053042946543,8.292551368371917,3.2987147311669327,6.174446064077263,2.8757313329103305,,TRUE
329,TRUE,FALSE,-0.021578759121733803,0.9597207550935755,4.517330242256595,2.4841862215494293,11.443254759919807,3.557609487163019,8.959068538370378,5.401459051207359,,TRUE
330,TRUE,FALSE,-0.214638995443016,1.6251929853321472,6.276672211492453,3.551034678625773,11.065292333550001,4.651479226160307,7.514257654924228,2.8627784287639217,,TRUE
331,TRUE,FALSE,-0.032418276019272156,1.005705534300194,3.6154051490458943,2.585635254249446,8.998586886922334,2.6096996147457006,6.412951632672888,3.8032520179271874,,TRUE
332,TRUE,FALSE,0.3436707145009723,1.1178215349447045,3.281464807253142,2.67490937417549,11.072830361708913,2.1636432723084376,8.397920987533423,6.2342777152249855,,TRUE
333,TRUE,FALSE,-0.4752796080577079,0.8824189935714585,5.09935908243785,2.6500964252665513,9.521187384318068,4.216940088866392,6.871090959051517,2.6541508701851253,,TRUE
334,TRUE,FALSE,-0.37151046481284605,0.9799798804372643,5.830790206934675,2.976991223649381,12.216389349892658,4.8508103264974105,9.239398126243277,4.388587799745866,,TRUE
335,TRUE,FALSE,-0.13999032099458894,0.8339889221436478,3.834173831850246,2.781528684072576,11.11726699290354,3.000184909706598,8.335738308830964,5.3355533991243655,,TRUE
336,TRUE,FALSE,-0.2262507314721479,0.9596539039261944,4.603254315715128,3.033526790538109,11.604828459521434,3.643600411788934,8.571301668983324,4.92770125719439,,TRUE
337,TRUE,FALSE,-0.5259524505994199,0.9103769051292445,4.6242618887611036,3.736286621319539,11.216132413175082,3.713884983631859,7.479845791855542,3.7659608082236833,,TRUE
338,TRUE,FALSE,-0.2051803943606474,0.9207525901977369,4.822334764743607,2.8801965222392134,12.286489532358248,3.9015821745458696,9.406293010119034,5.504710835573165,,TRUE
339,TRUE,FALSE,0.19262645800621306,1.7226062813307892,5.452425688264018,2.592235082544054,9.947975807979178,3.729819406933229,7.355740725435124,3.6259213185018955,,TRUE
340,TRUE,FALSE,0.1660030145136692,1.5038842439769158,5.11268777258767,2.3295781953816177,9.349886698148902,3.608803528610754,7.020308502767284,3.41150497415653,,TRUE
341,TRUE,FALSE,-0.3167728695202621,1.0585372401175255,6.037353761201603,2.3089874695333137,9.593771041499078,4.978816521084077,7.2847835719657645,2.305967050881687,,TRUE
342,TRUE,FALSE,-0.1629943052684116,0.8392811205961936,3.911796098636643,2.5942484777485384,10.272893802204973,3.0725149780404495,7.6786453244564346,4.606130346415985,,TRUE
343,TRUE,FALSE,-0.15546315217031473,1.2926447116650355,6.725752777974134,2.573914528707721,11.464076041287287,5.4331080663090985,8.890161512579565,3.457053446270467,,TRUE
344,TRUE,FALSE,-0.37369198480145016,1.0284501592976474,5.575907513625594,2.6290701470102467,9.809392647405442,4.547457354327946,7.180322500395196,2.6328651460672496,,TRUE
345,TRUE,FALSE,-0.12945764479941313,1.2399086976358031,5.20547449431575,2.6288543313585833,9.69648650802539,3.9655657966799467,7.067632176666807,3.1020663799868604,,TRUE
346,TRUE,FALSE,-0.16902628603048406,1.051567708312839,4.728947043447867,2.6158493550774002,9.934196718775457,3.6773793351350283,7.318347363698057,3.6409680285630284,,TRUE
347,TRUE,FALSE,-0.26822055725488936,0.9119801881370404,5.571835570666443,2.0198899914786668,9.437433340013927,4.659855382529402,7.4175433485352595,2.7576879660058573,,TRUE
348,TRUE,FALSE,-0.03337824041621484,0.7953918061365234,3.247888708754257,2.8957102203461353,11.436131487271812,2.452496902617734,8.540421266925676,6.087924364307943,,TRUE
349,TRUE,FALSE,0.19809217353088926,0.744917484030925,2.432565007255512,2.7700911174199563,11.027591751146272,1.687647523224587,8.257500633726316,6.569853110501729,,TRUE
350,TRUE,FALSE,-0.19373779424013624,0.925240813663801,4.326732985913828,3.4165387006880463,13.162924863756828,3.401492172250027,9.746386163068781,6.344893990818754,,TRUE
351,TRUE,FALSE,0.0976668221733521,1.1702487407525468,3.7429543363683075,3.4488193438702606,12.162502820790236,2.5727055956157607,8.713683476919975,6.140977881304215,,TRUE
352,TRUE,FALSE,-0.08187642180020693,1.6351664838967637,7.442181865067058,2.8602396654217794,11.99450276279657,5.807015381170294,9.13426309737479,3.3272477162044956,,TRUE
353,TRUE,FALSE,-0.1317816417728485,0.98054862002602206,4.669619840151527,3.0375221938473933,12.679432402222291,3.6890712201255047,9.641910208374899,5.952838988249394,,TRUE
354,TRUE,FALSE,0.110802784688032,1.0230400862177391,3.0934613254066488,2.5836965708635793,8.727996961807575,2.0704212391889096,6.144300390943996,4.0738791517550865,,TRUE
355,TRUE,FALSE,-0.32197997775105736,1.1905398973310464,6.954222174642555,2.384530184968316,10.094232514158868,5.763682277311509,7.709702329190552,1.9460200518790431,,TRUE
356,TRUE,FALSE,0.15409577192675614,0.8318057373779706,3.0496437402207923,2.344584801947254,10.0280406393309,2.2178380028428215,7.6834558373836455,5.465617834540824,,TRUE
357,TRUE,FALSE,0.07393807959835595,1.2618813233694042,4.348583182221998,2.5645068420619253,9.51577208158875,3.086701858852594,6.951265239526824,3.8645633806742303,,TRUE
358,TRUE,TRUE,0.01850823192927982,1.5735740932731106,6.597527471727364,2.557844585528917,10.924616154183015,5.023953378454253,8.366771568654098,3.3428181901998446,,TRUE
359,TRUE,FALSE,-0.10758090829697915,0.9783174064432864,4.16268270285324,2.3011708300370675,8.792666341086035,3.1843652964099536,6.491495511048967,3.3071302146390136,,TRUE
360,TRUE,FALSE,-0.2796039057450346,1.058945813673891,5.391965106633904,2.3336275276644507,8.984097179977477,4.333019292960014,6.650469652313026,2.3174503593530122,,TRUE
361,TRUE,FALSE,-0.02916048873842935,1.1814734210265436,5.283538099359563,3.274978811598965,14.22476638503982,4.1020646783330195,10.949787573440855,6.847722895107835,,TRUE
362,TRUE,FALSE,-0.39935959290851125,0.7038137453701755,4.138238550992564,2.5124185238671064,9.908549816116803,3.4344248056223883,7.396131292249697,3.9617064866273086,,TRUE
363,TRUE,FALSE,0.07159781929521014,0.7756700576581209,2.9593961026035336,2.734678635046041,11.207968607659854,2.183726044945413,8.473289972613813,6.2895639276684,,TRUE
364,TRUE,FALSE,0.06586091262576409,1.4665201760039823,5.0489304850056795,2.223893286387603,8.177646322403023,3.5824103090016974,5.95375303601542,2.3713427270137224,,TRUE
365,TRUE,FALSE,-0.25771081654087613,1.080580125169521,5.431034451080976,3.218164120625172,12.500039497899543,4.350454325911454,9.281875377274371,4.931421051362917,,TRUE
366,TRUE,FALSE,-0.6198566715187455,1.3062195503663259,9.187225330840876,2.954072572485367,11.178641203738843,7.881005780474551,8.224568631253476,0.343562850778925,,TRUE
367,TRUE,FALSE,-0.26404854727841937,0.8753260670069182,4.34343012258001,2.817806208298551,10.737403449865592,3.4681040555730918,7.9195972415670415,4.45149318599395,,TRUE
368,TRUE,FALSE,0.10282066835292591,1.8987765725595014,7.331379131808188,3.0142654923140606,12.898754142500515,5.432602559248686,9.884488650186455,4.451886090937769,,TRUE
369,TRUE,FALSE,0.12626078875297836,2.2913824881189755,6.973860990259688,2.866828293796382,9.899465410926542,4.682478502140713,7.03263711713016,2.3501586149894473,,TRUE
370,TRUE,FALSE,-0.1491992939237716,1.4167354923337219,6.347869972729757,2.6390794958648023,10.185803427552084,4.931134480396036,7.546723931687282,2.615589451291246,,TRUE
371,TRUE,FALSE,-0.4467334389719889,1.07698583217622,6.464139314424,2.1547277053557097,8.27330901654775,5.38715348224778,6.11858131119204,0.73142782894426,,TRUE
372,TRUE,FALSE,-0.44836600687990774,1.0712203653770842,6.159012032011992,2.2547216906336005,8.279465332841188,5.0877916666349075,6.0247436422075875,0.9369519755726801,,TRUE
373,TRUE,FALSE,-0.18017582293853482,1.055751631981599,5.349904900995706,2.164759615171444,9.161036476117086,4.294153269014107,6.996276860945642,2.702123591931535,,TRUE
374,TRUE,FALSE,-0.012387251183507366,1.4096451002861805,5.69334432593327,2.989609509551941,11.925934381768506,4.28369922564709,8.936324872216566,4.652625646569477,,TRUE
375,TRUE,FALSE,-0.6498106875468325,1.3265509122748964,8.75787679861909,2.744384327989678,9.460424923252484,7.431325886344194,6.716040595262806,-0.715285291081388,,TRUE
376,TRUE,FALSE,-1.0188756891063797,0.7991314593452692,7.54340729621107,2.7100085874813087,9.234808780607143,6.744275836865801,6.524800193125834,-0.2194756437399663,,TRUE
377,TRUE,FALSE,-0.12718942318574258,0.8362424415045258,3.772614082148682,3.0720722825542817,12.204048965622563,2.9363716406441562,9.131976683068281,6.195605042424125,,TRUE
378,TRUE,FALSE,-0.05254630074393921,1.2303800931699806,5.226707790786222,2.638888879525662,10.636272597202858,3.996327697616241,7.997383717677195,4.001056020060954,,TRUE
379,TRUE,FALSE,0.27935146811192696,1.5504102832209121,4.603760520901771,2.8432381417531016,11.163493446695808,3.053350237680859,8.320255304942707,5.266905067261848,,TRUE
380,TRUE,FALSE,-0.012838813650594937,1.2058271049779226,4.567826122599794,2.83728134121494,10.610872548614362,3.361999017621871,7.773591207399422,4.411592189777551,,TRUE
381,TRUE,FALSE,-0.5385147127055422,0.6927751490378565,4.207814112960075,3.3920182814478452,12.023985989923268,3.5150389639222186,8.631967708475424,5.116928744553205,,TRUE
382,TRUE,FALSE,-0.45396061824545947,0.7125932601884214,5.341379920028842,2.360846704535976,11.238981483908425,4.628786659840421,8.878134779372449,4.249348119532027,,TRUE
383,TRUE,FALSE,0.04179685989163141,0.9667853873013413,3.52409872963088,2.551996163283198,9.699517972906431,2.5573133423295387,7.147521809623234,4.590208467293695,,TRUE
384,TRUE,FALSE,-0.1374819147201825,1.1163110504195912,5.7999594912343,2.569301347070243,11.634484466966281,4.683648440814709,9.065183119896037,4.381534679081328,,TRUE
385,TRUE,FALSE,0.018787732195579658,1.4921167892925564,5.150948717657794,2.9415148657440557,10.347009909185052,3.6588319283652377,7.405495043440997,3.746663115075759,,TRUE
386,TRUE,FALSE,-0.6979841726177165,0.8303987888559909,6.109312766279663,2.4247645811574325,8.876557227138901,5.278913977423672,6.4517926459814685,1.1728786685577965,,TRUE
387,TRUE,FALSE,-0.03926647993456956,1.440048251211892,6.2908131373810665,2.2028373326185084,9.252497011626804,4.850764886169174,7.049659679008296,2.1988947928391216,,TRUE
388,TRUE,FALSE,-0.6390265977688232,0.6399068355421249,4.826517762094473,2.1670837959999725,8.627145824966638,4.186610926552348,6.460062028966665,2.2734511024143176,,TRUE
389,TRUE,FALSE,-0.28070560744436407,0.7240559367229426,4.286333983529071,3.034311926130224,13.566418695173294,3.562278046806128,10.53210676904307,6.969828722236942,,TRUE
390,TRUE,FALSE,0.033226946096957415,0.9364542569460518,3.9639012303805194,2.4871472847032594,10.883486424062715,3.0274469734344676,8.396339139359455,5.368892165924987,,TRUE
391,TRUE,FALSE,-0.6892722855545977,0.8023816127538841,6.053090631748092,2.6488977052660765,10.030307458243952,5.250709018994208,7.381409752977875,2.1307007339836677,,TRUE
392,TRUE,FALSE,-0.5613491353779034,1.152062948458952,7.325581914664716,2.8634479484425968,10.38638413091491,6.173518966205764,7.522936182472314,1.3494172162665503,,TRUE
393,TRUE,FALSE,-0.3993682465526153,1.1614154739125748,7.139513008512851,2.8432307827078285,11.723294310403114,5.978097534600276,8.880063527695285,2.9019659930950086,,TRUE
394,TRUE,FALSE,-0.12497956445588686,0.6920779347710944,3.7094732875566625,2.5659645387402463,12.137520040190779,3.0173953527855684,9.571555501450533,6.554160148664964,,TRUE
395,TRUE,FALSE,-0.38921608125168855,1.0515982118607767,4.84628499506254,2.9215194842300596,9.122912339285614,3.794686783201763,6.201392855055555,2.4067060718537916,,TRUE
396,TRUE,FALSE,-0.16832013440949917,1.2019804011466662,5.885362601684294,2.2700918676884907,9.393312399431416,4.683382200537628,7.123220531742925,2.439838331205297,,TRUE
397,TRUE,FALSE,-0.515720631181678,0.8214582962460484,5.534565438278202,2.6069084832522558,10.48694928190258,4.713107142032154,7.880040798650325,3.1669336566181707,,TRUE
398,TRUE,FALSE,-0.18933966742080305,0.8755029508461402,4.4535133200294394,2.6885364689947364,11.317015234643076,3.5780103691832994,8.628478765648339,5.050468396465039,,TRUE
399,TRUE,TRUE,-0.09242577320392817,1.1200659853716397,4.75278383482245,2.2103225333975667,8.551062909925143,3.6327178494508106,6.3407403765275765,2.708022527076766,,TRUE
400,TRUE,FALSE,-0.3930887779989533,1.0452928632988439,6.464832758954668,3.032388463962598,12.65866357091023,5.4195398956558245,9.6262751069476309,4.206735211291806,,TRUE
401,TRUE,FALSE,0.5526338712453365,1.8720811108829354,5.209063020611872,2.444012003148696,11.8180038102421,3.3369819097289364,9.373991807093404,6.0370098973644675,,TRUE
402,TRUE,FALSE,0.2310497545509643,0.9354950382902382,2.693394998507773,2.78157448922341,10.090040024794714,1.757899960217535,7.308465535571304,5.550565575353769,,TRUE
403,TRUE,FALSE,-0.28080542737450587,1.6848924321197822,7.707858950738323,3.769847492828353,13.023661891256726,6.02296651861854,9.253814398428373,3.230847879809833,,TRUE
404,TRUE,FALSE,-0.4125241501818057,1.1534298824754576,5.892904002519533,3.343154532392795,11.306746550870002,4.7394741200440755,7.9635920184772075,3.224117898433132,,TRUE
405,TRUE,FALSE,-0.4972827031563402,0.7879687471914902,4.680976271864166,2.3199713571472933,8.381908896491671,3.893007524672676,6.0619375393443775,2.1689300146717017,,TRUE
406,TRUE,FALSE,0.023990952998093874,1.2289133187602868,5.409217356123369,2.555578042862184,11.521830140041692,4.180304037363082,8.966252097179508,4.785948059816426,,TRUE
407,TRUE,FALSE,-0.03550730691538408,1.3312912301949993,5.258565561494724,2.5137891316166927,9.583020970676483,3.927274331299725,7.06923183905979,3.1419575077600648,,TRUE
408,TRUE,FALSE,-0.1696483441594907,1.0676240362492797,4.838728899083497,2.7532448710218995,10.531262710907122,3.7711048628342176,7.778017839885222,4.006912977051004,,TRUE
409,TRUE,FALSE,-0.12782976916457334,1.240690857311837,5.647301545182848,2.289706463547723,9.17152264941387,4.4066106878710105,6.881816185866146,2.4752054979951357,,TRUE
410,TRUE,FALSE,0.13250231267810716,1.444995106788147,4.490300846005651,1.673439639476441,5.936960209149082,3.045305739217504,4.263520569672641,1.2182148304551372,,TRUE
411,TRUE,FALSE,-0.11010366936795402,1.9220753012230547,6.742173529034062,3.186736157875182,10.012861757094289,4.820098227811007,6.8261255992191066,2.0060273714080994,,TRUE
412,TRUE,FALSE,0.02981451075015369,1.6313861650057973,6.384186435591072,2.5218994074643706,10.167749153230517,4.752800270585275,7.645849745766146,2.893049475180871,,TRUE
413,TRUE,FALSE,-0.31502952448165256,0.8673036681912566,4.972354059629914,2.9958037839404223,12.533969770929016,4.105050391438657,9.538165986988593,5.433115595549936,,TRUE
414,TRUE,FALSE,-0.4527078913563673,1.2205705950030772,8.026730940726399,2.6510595673254254,11.086303134561566,6.806160345723321,8.43524356723614,1.6290832215128193,,TRUE
415,TRUE,FALSE,0.08629727729652611,1.396659964392923,5.7244818966141615,2.583627351679814,11.543933253315648,4.327821932221239,8.960305901635834,4.632483969414595,,TRUE
416,TRUE,FALSE,-0.14537181258750886,1.1820265850225267,5.574037654139382,2.990069136942533,12.192414198430384,4.3920110691168555,9.20234506148785,4.810333992370995,,TRUE
417,TRUE,FALSE,-0.5692862948131495,0.7137628598662573,5.557266209737306,2.3158989238407117,10.204434907890924,4.843503349871049,7.888535984050213,3.0450326341791643,,TRUE
418,TRUE,FALSE,-0.41200325675803,1.244532808078766,7.6906402523301525,2.413919335931483,9.879800143338436,6.446107444251386,7.465880807406952,1.0197733631555659,,TRUE
419,TRUE,FALSE,0.2913259002297085,1.081651200237786,3.0733972715185924,2.6757274242210087,10.174066351783768,1.9917460712808064,7.498338927562759,5.506592856281953,,TRUE
420,TRUE,FALSE,-0.32546627952638596,0.9062488422548002,4.912632329958729,2.654331052610566,10.391390745519375,4.006383487703929,7.73705969290881,3.7306762052048805,,TRUE
421,TRUE,FALSE,-0.4953202293969265,1.1898465037508568,8.051954885879901,2.5453770828634603,10.496576646548748,6.862108382129044,7.951199563685288,1.0890911815562436,,TRUE
422,TRUE,FALSE,-0.12510994906348485,1.2537077045356813,5.46648580592155,2.0804421187847413,8.004477846838988,4.212778101385869,5.924035728054246,1.7112576266683774,,TRUE
423,TRUE,FALSE,-0.29866257739183744,1.0128515746195157,5.129516994979195,2.535002813580132,9.523609988045504,4.116665420359679,6.988607174465372,2.871941754105693,,TRUE
424,TRUE,FALSE,-0.4415159000391068,0.665471394179939,4.350934020208412,2.0501580537912565,8.619707530415115,3.6854626260284733,6.569549476623858,2.8840868505953847,,TRUE
425,TRUE,FALSE,-0.2838194582513356,0.6976443021315033,3.2827124987640537,3.470624723584779,12.29547266975272,2.5850681966325504,8.82484794616794,6.239779749535391,,TRUE
426,TRUE,FALSE,-0.097073571257793,1.6541190385941276,5.740488776649701,3.199613688207721,10.076765257188985,4.0863697380555735,6.8771515689812635,2.79078183092569,,TRUE
427,TRUE,FALSE,-0.12584446624615245,1.399312960060351,6.709890359510141,2.45812016154941,10.393219966344807,5.31057739944979,7.935099804795398,2.6245224053456075,,TRUE
428,TRUE,FALSE,-0.1900462557703393,1.829102441440467,7.556128275949189,2.840062621988908,9.701819012359278,5.727025834508722,6.86175639037037,1.1347305558616485,,TRUE
429,TRUE,FALSE,0.14548839703548289,1.4569780499053615,5.469879831066973,2.523498197280121,10.95752785163157,4.012901781161611,8.434029654351448,4.421127873189837,,TRUE
430,TRUE,FALSE,-0.07902594728699813,1.5119166543224996,8.103639022056077,2.5583278181167755,12.670329129507788,6.591722367733578,10.112001311391012,3.520278943657434,,TRUE
431,TRUE,FALSE,-0.5466578324940204,1.0377092718806824,6.714915072004044,3.060326812411473,11.46362983862313,5.677205800123362,8.403303026211656,2.726097226088294,,TRUE
432,TRUE,FALSE,-0.35464466850851023,1.1268670329962658,6.513326299092443,2.3599799144760962,9.56793566007584,5.386459266096177,7.207955745599744,1.8214964795035664,,TRUE
433,TRUE,FALSE,-0.5567872300395634,0.7376195794703153,4.439081588118157,2.498750832527146,8.617355729981355,3.7014620086478414,6.118604897454209,2.4171428888063677,,TRUE
434,TRUE,FALSE,0.02971854485741324,1.0987188196115092,4.18050393737716,2.540313680685011,9.95717225840255,3.0817851177656506,7.41685857771754,4.335073459951889,,TRUE
435,TRUE,FALSE,-0.5586618189475172,1.1229228865791465,7.88677146060648,2.474173872308218,9.939299880217947,6.7638485740273335,7.465126007909729,0.701277433882395,,TRUE
436,TRUE,FALSE,0.11499968765871034,1.0881695721837121,4.6936197785066405,2.8971638505641604,14.019357638216858,3.6054502063229283,11.122193787652698,7.51674358132977,,TRUE
437,TRUE,FALSE,-0.026214485482781515,1.3374176595153424,5.8836457725145115,2.745520703224169,11.765743630655605,4.546228112999169,9.020222927431435,4.473994814432266,,TRUE
438,TRUE,FALSE,-0.5426779850108432,0.8331077326423367,4.988139553623061,2.841544484201898,9.888031351552396,4.1550318209807235,7.046486867350498,2.8914550463697744,,TRUE
439,TRUE,FALSE,0.37170377598029836,0.7973457004617217,2.575775882502244,2.3796762603305286,11.148288337061054,1.7784301820405222,8.768612076730525,6.990181894690003,,TRUE
440,TRUE,FALSE,-0.6981897082159179,0.8779853264506304,6.828319539419208,2.493843081791205,9.648854647818727,5.950334212968578,7.155011566027522,1.204677353058944,,TRUE
441,TRUE,FALSE,-0.4525335769921146,0.8770003941379851,5.480852246403521,2.714617740865103,10.790067302061258,4.603851852265536,8.075449561196155,3.471597708930619,,TRUE
442,TRUE,FALSE,-0.033935552792178234,1.2427139566308245,4.385357028860928,2.963021422087085,10.107192771509924,3.1426430722301033,7.144171349422839,4.001528277192736,,TRUE
443,TRUE,FALSE,-0.3727527186262863,1.2088193530465685,6.697987262938197,2.9954912613000633,11.433166315285375,5.489167909891629,8.437675053985311,2.948507144093682,,TRUE
444,TRUE,FALSE,-0.05978292154435502,1.26056679007158,5.021372716447664,3.082520793335616,11.566426943253555,3.7608059263760842,8.483906149917939,4.723100223541854,,TRUE
445,TRUE,FALSE,-0.6426750470152065,0.7407142745914237,5.67565234619018,3.253496617046706,13.110075846740951,4.934938071598756,9.856579229694246,4.92164115809549,,TRUE
446,TRUE,FALSE,-0.45698262184514804,1.2759404398227219,7.139189618198438,3.178558515078337,11.261174668435734,5.863249178375717,8.082616153357396,2.2193669749816793,,TRUE
447,TRUE,FALSE,-0.3145574230507578,1.1068271685413866,5.514727191296553,3.163638431671646,11.508547427647098,4.407900022755166,8.344908995975452,3.9370089732202853,,TRUE
448,TRUE,FALSE,0.2068101140937092,0.8681070421737119,2.8559010407046164,2.875358234525453,11.632641043399648,1.9877939985309045,8.757282808874194,6.76948881034329,,TRUE
449,TRUE,FALSE,0.10157061115472563,1.4928874536325083,4.802556567417064,2.5522576959731604,9.088275815201092,3.3096691137845555,6.536018119227931,3.2263490054433754,,TRUE
450,TRUE,FALSE,-0.2772647090370406,1.070275796871773,4.9639428093783184,2.8468340212788807,10.006418878247363,3.8936670125065453,7.159584856968483,3.2659178444619372,,TRUE
451,TRUE,FALSE,-0.21357391814922375,0.6502946710920094,3.3468328534868705,2.6941819601608237,11.1994521369703,2.6965381823948613,8.505270176809477,5.808731994414615,,TRUE
452,TRUE,TRUE,-0.25080995015510593,1.0427898473374961,6.178360983233523,2.3685423645079093,10.920242050479159,5.1355711358960265,8.551699685971249,3.4161285500752223,,TRUE
453,TRUE,FALSE,-0.24731870649803558,1.2360602859272636,5.709613643362497,2.1856616237103834,7.883895260878016,4.473553357435233,5.6982336371676325,1.2246802797323992,,TRUE
454,TRUE,FALSE,-0.5064536151674807,0.6774763847584917,4.444745828074311,2.8435413325146297,11.242484684280093,3.767269443315819,8.398943351765464,4.631673908449645,,TRUE
455,TRUE,FALSE,-0.008369549255569327,1.1751601544720136,4.644302248650603,2.8084771943844244,11.006759333132521,3.469142094178589,8.198282138748096,4.729140044569507,,TRUE
456,TRUE,FALSE,-0.5590032265959576,0.7888053714492966,5.285962247238867,2.621769954659642,10.04562040074505,4.497156875789571,7.423850446085407,2.9266935702958357,,TRUE
457,TRUE,FALSE,-0.20052581645289835,0.543096651503898,2.4030710366738597,2.3765978933180576,8.605139916664811,1.8599743851699617,6.228542023346753,4.368567638176791,,TRUE
458,TRUE,TRUE,-0.8227092481465582,0.582694476231567,4.557751494832784,3.1925911360133847,10.968694934603736,3.975057018601217,7.776103798590351,3.801046779989134,,TRUE
459,TRUE,FALSE,-0.2345598979612625,0.7739567524196711,3.7665517714195125,2.278906638934816,8.771739220270236,2.9925950189998414,6.492832581335421,3.5002375623355793,,TRUE
460,TRUE,FALSE,-0.40050392021731873,1.1185126872871987,6.86018073673593,2.4498047801215814,10.066754515952018,5.741668049448731,7.6169497358304366,1.8752816863817054,,TRUE
461,TRUE,FALSE,0.22473561456326313,1.8062682085603123,6.848316715941791,2.7492603446213173,13.050252183100238,5.0420485073814785,10.30099183847892,5.258943331097441,,TRUE
462,TRUE,FALSE,0.15332610727778506,1.4146571184088292,6.137438107670172,2.0851999159435732,10.545624842896524,4.722780989261342,8.460424926952951,3.737643937691609,,TRUE
463,TRUE,FALSE,-0.7331634556143489,0.8845494065346684,5.093803349149819,3.434821377561938,9.502008033274281,4.209253942615151,6.067186655712343,1.8579327130971919,,TRUE
464,TRUE,FALSE,-0.006872662305553195,1.435586006524803,6.3564701914974036,3.1190665377906246,13.715974799897522,4.920884184972601,10.596908262106897,5.676024077134296,,TRUE
465,TRUE,FALSE,-0.2479672355763687,1.0431105511230538,4.114794277968461,3.063306466724002,9.430124674129317,3.0716837268454076,6.366818207405315,3.295134480559907,,TRUE
466,TRUE,FALSE,-0.3051169464141861,0.9259173406910769,3.9139224507042663,2.666470626309062,8.307420549233582,2.9880051100131895,5.64094992292452,2.6529448129113304,,TRUE
467,TRUE,FALSE,-0.48529370888834295,1.0224881516930346,6.078813811800684,2.9099941608630715,10.64859463865422,5.05632566010765,7.738600477791149,2.682274817683499,,TRUE
468,TRUE,FALSE,-0.2389186933996097,0.9686819032931593,3.4950935116975907,2.592119807007422,7.3649807131919225,2.5264116084044312,4.7728609061845,2.246449297780069,,TRUE
469,TRUE,FALSE,-0.5956696395779965,0.5952523654841511,4.175481327697455,2.6658551692790327,10.307324046502334,3.5802289622133046,7.641468877223302,4.061239915009997,,TRUE
470,TRUE,FALSE,-0.18974840769668413,1.0142490750437623,6.170073002371241,2.755886608177263,13.867569151428352,5.155823927327479,11.111682543251089,5.95585861592361,,TRUE
471,TRUE,FALSE,0.30228602010390765,0.6669149072910696,2.0326397711922275,3.1846272886181577,13.131966204441593,1.3657248639011579,9.947338915823435,8.581614051922276,,TRUE
472,TRUE,FALSE,-0.28467335646921843,1.43676981007296,7.777312729638035,2.2294644948724134,9.078432340055613,6.340542919565075,6.8489678451832,0.508424925618125,,TRUE
473,TRUE,FALSE,-0.4167224385782854,1.1105785748133312,5.176896911227383,3.6025498833167475,11.07005996792636,4.066318336414051,7.4675100846096125,3.4011917481955614,,TRUE
474,TRUE,FALSE,0.6109606367847759,1.7670420386982537,4.1461187020285735,2.4942582640328217,10.781348957615796,2.37907666333032,8.287090693582975,5.908014030252655,,TRUE
475,TRUE,FALSE,0.09115031086494252,0.9717344887354175,3.6114949131985177,2.833612260670092,11.536282714233042,2.6397604244631,8.70267045356295,6.06291002909985,,TRUE
476,TRUE,FALSE,-0.31250775739145936,0.8660126909815046,4.515654262730818,2.709695132182665,10.337046342008364,3.6496415717493136,7.627351209825699,3.9777096380763854,,TRUE
477,TRUE,FALSE,-0.47122140705909943,0.7498323708291229,4.166955351788766,2.5286743028379006,8.772001556887291,3.417122980959643,6.24332725404939,2.8262042730897474,,TRUE
478,TRUE,FALSE,0.11257475088533403,1.0757215388604067,4.4292857778158234,2.487053325929903,11.460657339047819,3.3535642389554168,8.973604013117916,5.620039774162499,,TRUE
479,TRUE,FALSE,-0.3669850104663564,1.7512479731469348,7.436079157715292,3.6641736485739846,10.779356632381102,5.684831184568357,7.1151829838071174,1.4303517992387604,,TRUE
480,TRUE,FALSE,-0.44561524209210485,0.7563828610913965,4.040872788272131,3.0768292158703705,10.527097588954543,3.2844899271807346,7.450268373084173,4.165778445903438,,TRUE
481,TRUE,TRUE,0.1425088032582783,1.5907977163223823,6.587363474976444,2.130258156416812,10.17231247099393,4.996565758654062,8.042054314577118,3.0454885559230567,,TRUE
482,TRUE,FALSE,-0.27279084353179245,1.0529901019710124,5.510344246469345,3.2104379214226366,12.789311372324827,4.457354144498333,9.57887345090219,5.121519306403857,,TRUE
483,TRUE,FALSE,-0.01923691754524864,1.1128694443836347,4.767410500771334,2.487641419255101,10.453738269898762,3.654541056387699,7.966096850643662,4.311555794255963,,TRUE
484,TRUE,FALSE,-0.34777283088985184,0.9946193783900953,5.612756162154181,2.818941405099233,11.234907113501967,4.618136783764085,8.415965708402734,3.7978289246386483,,TRUE
485,TRUE,FALSE,-0.040714345397922756,1.117278995919666,5.218823786269558,2.3595638592924697,10.58182850384245,4.101544790349893,8.22226464454998,4.120719854200088,,TRUE
486,TRUE,FALSE,-0.19309515039167696,1.3559982854956834,5.959963263206051,2.7339625962740275,9.906422645833798,4.603964977710367,7.172460049559771,2.5684950718494033,,TRUE
487,TRUE,FALSE,0.03623338087861488,1.2045298048156798,4.751182874800978,2.5914523472133317,10.59896311766171,3.5466530699852985,8.007510770448377,4.4608577004630785,,TRUE
488,TRUE,FALSE,-0.17325030922703294,1.059428049334669,4.875537509582752,3.1996269450618366,12.382511131637141,3.8161094602480823,9.182884186575304,5.366774726327222,,TRUE
489,TRUE,FALSE,-0.08752757397504973,0.7245058015107251,3.236326886476354,2.543335288770773,10.408817368493741,2.511821084965629,7.865482079722968,5.353660994757339,,TRUE
490,TRUE,FALSE,-0.2898795050131977,0.6188321776670667,3.2515297576617654,2.914895292180665,11.461586452270934,2.6326975799946988,8.546691160090269,5.91399358009557,,TRUE
491,TRUE,FALSE,-0.5473733769311637,0.9178050935971818,5.399084722925549,2.821240996273318,9.600384516883246,4.481279629328367,6.779143520609928,2.297863891281561,,TRUE
492,TRUE,FALSE,0.048369298327872894,1.2912117904176168,4.7187155019712606,2.6211484397137426,10.053665849298904,3.4275037115536438,7.432517409585161,4.005013698031517,,TRUE
493,TRUE,FALSE,0.48436352491020235,1.4272426791644297,4.042339249008192,2.5209769442362733,11.589380301072788,2.6150965698437623,9.068403356836516,6.453306786992753,,TRUE
494,TRUE,FALSE,-0.07269234828794167,1.1725255924768776,4.546753174722449,2.7748110903677214,10.005587259774567,3.374227582245571,7.230776169406845,3.8565485871612735,,TRUE
495,TRUE,FALSE,0.29882640938498983,1.8066850124453797,4.343568425211274,3.1476892701504626,10.203161006165116,2.536883412765894,7.0554717360146535,4.51858832324876,,TRUE
496,TRUE,FALSE,-0.27626996902327394,1.0728732396863065,5.500391727631848,2.274370047855611,8.84552901739787,4.427518487945541,6.57115896954226,2.1436404815967194,,TRUE
497,TRUE,FALSE,-0.12796955655611997,1.1153860354586893,5.367015443219224,2.6091706360963967,11.046727782508569,4.251629407760535,8.437557146412171,4.185927738651636,,TRUE
498,TRUE,FALSE,-0.23452634367421488,1.3952658079160223,6.054816444121881,2.771409069051215,9.51242327762289,4.659550636205859,6.741014208571675,2.0814635723658164,,TRUE
499,TRUE,FALSE,-0.5402552457555704,1.4452941151675418,7.9489065633276175,2.5262624587088927,8.094681288157831,6.503612448160076,5.568418829448939,-0.9351936187111365,,TRUE
500,TRUE,FALSE,-0.7044215332615885,0.7057722200222212,4.84283732363405,2.855944721178314,9.688548844444226,4.137065103611828,6.832604123265911,2.695539019654083,,TRUE
501,TRUE,FALSE,-0.5771716045138596,0.7938760123765284,4.897640146331748,3.2395542577246643,11.22165746115055,4.103764133955219,7.9821032034258845,3.878339069470665,,TRUE
502,TRUE,FALSE,0.02351702661013906,1.1008342440886179,4.202344131378208,3.5253011097618927,13.777779048105621,3.1015098872895903,10.252477938343729,7.1509680510541385,,TRUE
503,TRUE,FALSE,-0.34837287927502614,0.6591074691633395,3.6495350495073113,2.644771768794961,10.336489957504776,2.990427580343972,7.691718188709816,4.701290608365843,,TRUE
504,TRUE,FALSE,-0.46171454999085715,0.7010971935995625,4.2991590291920865,2.7786887436998637,10.738042094179905,3.598061835592524,7.9593533504800416,4.361291514887517,,TRUE
505,TRUE,FALSE,-0.08565217854505501,1.1262450921953362,4.548848477448872,3.5098857566196036,13.012575775436453,3.422603385253536,9.50269001881685,6.0800866335633135,,TRUE
506,TRUE,FALSE,-0.24656925588610906,0.7997697865023908,4.114177879085878,3.015043617645301,12.120708408349405,3.314408092583487,9.105664790704104,5.791256698120617,,TRUE
507,TRUE,FALSE,-0.18206343967262303,0.6230228295620088,2.6488444518276504,2.1529492507328554,7.629870039345485,2.0258216222656413,5.476920788612629,3.451099166346988,,TRUE
508,TRUE,FALSE,-0.3945940219723787,1.1224546259971004,6.492909845980692,2.908491446571636,11.338833109845172,5.370455219983591,8.430341663273536,3.059886443289945,,TRUE
509,TRUE,FALSE,0.16573324007547505,1.0904731423611915,3.2622808388633366,2.877273323097726,10.159317248016055,2.171807696502145,7.282043924918329,5.110236228416184,,TRUE
510,TRUE,FALSE,-0.48181046877218847,0.9120107926442363,5.401971441472042,3.0818175370549734,11.274871486570389,4.489960648827806,8.193053949515415,3.703093300687609,,TRUE
511,TRUE,FALSE,-0.7954301792976158,0.6866923532144086,5.279568851983335,3.28562526342272,11.402585523628865,4.592876498768926,8.116960260206145,3.524083761437219,,TRUE
512,TRUE,FALSE,-0.4809928388004436,0.5590208433390857,3.499772690802915,3.2346342549791136,12.518274849612768,2.9407518474638294,9.283640594633654,6.342888747169825,,TRUE
513,TRUE,FALSE,-0.22729372444079457,1.7240605296642784,7.585910029238597,2.822270042605817,9.893303536189242,5.861849499574318,7.071033493583425,1.2091839940091065,,TRUE
514,TRUE,FALSE,0.17904756134022282,1.385434126651991,5.823966718909141,2.383932500910911,11.986332637265713,4.4385325922571495,9.602400136354802,5.163867544097653,,TRUE
515,TRUE,FALSE,-0.39338056328902454,1.3176995301008965,7.682118432464001,2.258534076479831,8.8848120835801,6.364418902363104,6.626278007100268,0.2618591047371641,,TRUE
516,TRUE,FALSE,-0.30044276147444154,1.4029101986702999,7.4013712908177745,3.113835438676709,12.164586261466708,5.998461092147474,9.050750822789999,3.0522897306425243,,TRUE
517,TRUE,FALSE,-0.04238761401560147,0.790526442194954,3.401948996144778,2.6890494667185214,11.091785990556243,2.611422553949824,8.40273652383772,5.791313969887897,,TRUE
518,TRUE,FALSE,-0.11844770940215506,1.0678607759348275,4.275171348454765,2.918743781315055,10.37991213741602,3.2073105725199373,7.461168356100966,4.253857783581029,,TRUE
519,TRUE,FALSE,-0.07355238095238445,1.669393672136573,5.667114807483286,2.8034276445263537,8.841973446821802,3.9977211353467133,6.038545802295449,2.0408246669487355,,TRUE
520,TRUE,FALSE,-0.2147322269241581,1.199361106762643,6.004584345591747,2.5186434982860693,10.172850606784758,4.805223238829104,7.654207108498689,2.848983869669585,,TRUE
521,TRUE,FALSE,-0.22434228745976104,0.9665673684226048,5.29521150613783,2.4348125174330635,10.65825461597775,4.328644137715226,8.223442098544687,3.894797960829462,,TRUE
522,TRUE,FALSE,-0.44495899435921543,0.9867544906109202,5.758322186706848,2.7235697322186,10.185494352778308,4.771567696095928,7.461924620559708,2.6903569244637806,,TRUE
523,TRUE,FALSE,-0.49254015947278423,0.9063946736413495,5.80503756198025,2.700368979582093,10.56825603946392,4.898642888338901,7.867887059881827,2.9692441715429263,,TRUE
524,TRUE,FALSE,-0.001704963539668755,0.9566002062890221,4.233993230469911,2.2199057708552945,9.8087524264188,3.2773930241808884,7.588846655563506,4.3114536313826175,,TRUE
525,TRUE,FALSE,0.14326427161688615,1.1303627806386671,3.7213171041606223,3.1751837471166304,12.063312419782472,2.590954323521955,8.888128672665841,6.297174349143886,,TRUE
526,TRUE,FALSE,0.16660875131723082,1.7525413084625452,5.83418437885853,2.493930396247841,9.807390695334233,4.081643070395985,7.313460299086392,3.2318172286904074,,TRUE
527,TRUE,FALSE,-0.3382779207120541,0.8874647524813873,4.647377269873113,3.514900145820785,13.123738670399407,3.7599125173917254,9.608838524578621,5.848926007186895,,TRUE
528,TRUE,FALSE,-0.19409153700714415,1.1105860475929346,5.278737825670459,2.352993975407994,9.210979408953172,4.168151778077524,6.857985433545178,2.6898336554676536,,TRUE
529,TRUE,FALSE,-0.09291355180639053,1.1706384504950584,4.048761577780359,3.4788312265340284,10.964300632775805,2.878123127285301,7.485469406241776,4.607346278956475,,TRUE
530,TRUE,FALSE,0.058899411345727015,1.2178310781582926,5.083558276490798,2.556277501713998,11.317967457695037,3.8657271983325057,8.761689955981039,4.895962757648533,,TRUE
531,TRUE,FALSE,-0.14907965152443947,1.674486413517521,7.423462916671944,2.634827028831272,10.063117766569611,5.748976503154424,7.428290737738339,1.6793142345839156,,TRUE
532,TRUE,FALSE,-0.14563781308895932,1.0281098878752823,5.4078245122633355,2.468401011696515,11.224036521306257,4.379714624388053,8.755635509609743,4.3759208852216895,,TRUE
533,TRUE,FALSE,-0.6263197801056598,0.9214652517660239,5.412109702068485,3.735752458693054,11.728932714726744,4.490644450302462,7.99318025603369,3.5025358057312284,,TRUE
534,TRUE,FALSE,-0.022924054939669147,1.0025806959827577,4.379069658527856,2.8441657437225363,12.141200358723257,3.376488962545098,9.29703461500072,5.920545652455623,,TRUE
535,TRUE,FALSE,-0.6638810854540059,0.71251267502133,4.776576862979745,2.950548819192307,10.183734982567199,4.064064187958415,7.233186163374892,3.169121975416477,,TRUE
536,TRUE,FALSE,-0.1619582006386795,1.3769302645605208,6.509128935003913,2.8290830946620256,11.3741533509061,5.132198670443392,8.545070256244074,3.4128715858006817,,TRUE
537,TRUE,FALSE,-0.21741817733555258,0.7568125331212637,4.019525087776193,2.3878063373564915,10.203801792833374,3.2627125546549296,7.815995455476883,4.553282900821953,,TRUE
538,TRUE,FALSE,-0.04395738455200538,1.0993596761799704,4.42348906964809,2.858338517929413,11.006477937813079,3.3241293934681195,8.148139419883666,4.8240100264155465,,TRUE
539,TRUE,FALSE,0.16188625610846288,1.571639257052588,5.997663886209393,2.3145636190228838,10.384956598416759,4.426024629156805,8.070392979393874,3.6443683502370696,,TRUE
540,TRUE,FALSE,-0.5421648781351129,1.0552902202182448,5.794130611207339,2.9536825446671355,9.430201422502003,4.738840390989094,6.476518877834868,1.7376784868457742,,TRUE
541,TRUE,FALSE,-0.29757968173561833,0.6627449050937965,3.351410881730687,2.5365590948715346,9.525527795555648,2.6886659766368908,6.988968700684113,4.3003027240472225,,TRUE
542,TRUE,FALSE,-0.1531281076201553,0.9976152348363414,5.201900012562812,3.0833676885827828,13.79499515621661,4.204284777726471,10.711627467633827,6.507342689907356,,TRUE
543,TRUE,FALSE,0.31446170196247025,1.7469777827085204,5.506604848026069,2.766119035544659,11.94088121791186,3.7596270653175488,9.174762182367202,5.415135117049653,,TRUE
544,TRUE,FALSE,-0.2790256408052785,0.8501596314933919,4.410875882942449,2.5193662484007984,9.888635499118132,3.560716251449057,7.369269250717334,3.808552999268277,,TRUE
545,TRUE,FALSE,-0.23522639769697526,1.0331369631531437,5.4838966924967,3.3887250660823276,14.21707235099797,4.450759729343556,10.828347284915642,6.377587555572086,,TRUE
546,TRUE,FALSE,0.07207203935864233,1.1774115655568558,4.433768959774463,3.000433937325325,12.143092943831258,3.2563573942176074,9.142659006505934,5.886301612288326,,TRUE
547,TRUE,FALSE,-0.5575512590039459,0.48884980843501263,4.049747397106989,2.500394780497003,11.860954341676367,3.5608975886719763,9.360559561179365,5.799661972507389,,TRUE
548,TRUE,FALSE,-0.1707520205562417,1.1780075123110094,4.747094821949487,2.482551577341586,8.433764436020065,3.569087309638477,5.9512128586784785,2.3821255490400013,,TRUE
549,TRUE,FALSE,0.2751222347422315,1.4320412215529066,5.034014935685899,2.8411512368549334,13.150352698103706,3.601973714132993,10.309201461248772,6.7072277471157795,,TRUE
550,TRUE,FALSE,-0.10993664818781054,1.034583506620269,4.6428679628962675,2.9141048689348272,11.716046301956752,3.6082844562759986,8.801941433021923,5.193656976745925,,TRUE
551,TRUE,FALSE,0.04434874321115148,0.7872662830356009,3.748284890349928,2.072694432496114,10.31588841059858,2.961018607314327,8.243193978102466,5.282175370788139,,TRUE
552,TRUE,FALSE,-0.04808631395441351,1.251659013724199,4.614458506285201,2.5652970847334635,9.013402405385726,3.3627994925610025,6.448105320652262,3.0853058280912595,,TRUE
553,TRUE,FALSE,0.019721637484958483,1.1870488636212886,4.464890619897252,2.732544121123727,10.482730214337833,3.2778417562759636,7.750186093214106,4.472344336938143,,TRUE
554,TRUE,FALSE,0.14420122601491556,1.2678732813169915,4.7812670643649415,2.9022669491371307,12.642422662441888,3.51339378304795,9.740155713304757,6.226761930256807,,TRUE
555,TRUE,FALSE,-0.44057245668917205,0.9441905938852015,5.975566254842044,2.7742347278410935,11.3011961675491,5.031375660956843,8.526961439708007,3.495585778751164,,TRUE
556,TRUE,FALSE,-0.38638879803782916,0.5138089441672625,3.155575491709038,2.3544144798146736,9.825469493144459,2.6417665475417755,7.471055013329785,4.829288465788009,,TRUE
557,TRUE,FALSE,-0.15392149905574512,1.3730837595374037,6.101550268607092,2.9153612557404682,11.10678290925136,4.728466509069688,8.191421653510892,3.462955144441204,,TRUE
558,TRUE,FALSE,-0.11011961991111546,1.1035381385407683,4.617083171826674,2.7231716998718363,10.205423526568792,3.5135450332859053,7.482251826696956,3.9687067934110507,,TRUE
559,TRUE,FALSE,0.20625150879150245,0.8634479575257797,3.5810839788622686,2.4269602428121866,12.371287316385292,2.7176360213364887,9.944327073573106,7.2266910522366175,,TRUE
560,TRUE,FALSE,0.06353765334909937,0.892276875692429,3.3985348909694735,2.4146073222028264,9.800148590618296,2.5062580152770444,7.385541268415469,4.879283253138425,,TRUE
561,TRUE,FALSE,0.046420327286588396,1.1529488176368545,5.482161898133416,2.3966276923046292,11.937200646225218,4.329213080496562,9.540572953920588,5.211359873424026,,TRUE
562,TRUE,FALSE,-0.7793478886247496,0.5761583467578955,4.149748721283779,3.1898735007246954,10.53869692706818,3.5735903745258835,7.348823426343484,3.775233051817601,,TRUE
563,TRUE,FALSE,-0.33669620634536024,1.3481120348491753,7.554843756736184,2.926200912322464,11.710578190563142,6.206731721887008,8.784377278240678,2.5776455563536693,,TRUE
564,TRUE,FALSE,-0.14971102923274193,1.6079100542307938,6.542668582869355,2.600015797069471,9.108575944732875,4.934758528638562,6.508560147663404,1.5738016190248425,,TRUE
565,TRUE,FALSE,-0.17490929279766032,1.067403107225156,4.335599746116113,3.700019004990379,12.617186819326017,3.268196638890957,8.917167814335638,5.6489711754446805,,TRUE
566,TRUE,FALSE,-0.21464915227273057,0.8991595974984403,4.338233801524377,2.9141127298285494,11.343878734727596,3.439074204025937,8.429766004899047,4.99069180087311,,TRUE
567,TRUE,FALSE,-0.17993857537348346,1.122765776935156,5.115298887368247,2.508717884316664,9.547448924384948,3.9925331104330906,7.038731040068284,3.0461979296351935,,TRUE
568,TRUE,FALSE,-0.5429864327054302,0.7875207675986804,4.846546298336318,2.819127509340657,10.080197900587597,4.059025530737638,7.261070391246941,3.202044860509303,,TRUE
569,TRUE,FALSE,-0.36318429650092626,1.2281678179481421,7.2138612090801,2.3623442659342335,9.649933515725287,5.985693391131958,7.287589249791054,1.3018958586590959,,TRUE
570,TRUE,FALSE,-0.06228665076616373,1.6394012560638742,6.635710805877138,3.5239204639141866,13.402244482255698,4.9963095498132635,9.878324018341512,4.882014468528249,,TRUE
571,TRUE,FALSE,-0.0364354643344228,1.1522417562282254,5.2339285543367176,2.097122814050956,9.18510920454668,4.0816867981084926,7.0879863904957245,3.006299592387232,,TRUE
572,TRUE,FALSE,-0.40620398008628833,1.2439195551476239,8.158886127121574,2.787469356103712,12.179698313845403,6.914966571973951,9.392228957741692,2.477262385767741,,TRUE
573,TRUE,FALSE,0.0505196726151632,1.343678156238339,5.3140600351918605,2.3487197206280057,9.770185485335938,3.9703818789535212,7.421465764707932,3.451083885754411,,TRUE
574,TRUE,FALSE,-0.34612957793528937,0.9751230225219216,5.848160096350268,2.031415704017191,8.618595191094416,4.873037073828346,6.587179487077225,1.7141424132488785,,TRUE
575,TRUE,FALSE,-0.23091068755400565,1.2822459931375547,6.6287237076722105,2.3381013752465907,9.594860542966085,5.346477714534656,7.256759167719494,1.9102814531848384,,TRUE
576,TRUE,FALSE,-0.6942121175079393,0.8227377889161821,5.323568608208981,2.880764310138271,9.310149316446749,4.500830819292799,6.429385006308477,1.9285541870156786,,TRUE
577,TRUE,FALSE,-0.42521865932039377,1.3309525957962747,8.423708090750294,2.715373220133448,11.233113170516804,7.0927554949540195,8.517739950383355,1.4249844554293354,,TRUE
578,TRUE,FALSE,0.3451248001256775,1.2486180765635975,3.6254280569811415,3.041781645307002,12.472212582890014,2.376809980417544,9.430430937583012,7.053620957165467,,TRUE
579,TRUE,FALSE,-0.1517563337444031,1.3536017781251541,5.541169113280687,2.7274725876377817,9.593209849266621,4.187567335155533,6.86573726162884,2.6781699264733065,,TRUE
580,TRUE,FALSE,-0.3098916272221739,1.20601960436952,5.607155711526889,2.5680089189550364,8.757911519570445,4.4011361071573685,6.189902600615409,1.7887664934580405,,TRUE
581,TRUE,FALSE,-0.1709296477179223,1.7877234223955327,6.985516651460709,2.96052309059757,9.750633929433667,5.1977932290651765,6.790110838836096,1.5923176097709195,,TRUE
582,TRUE,FALSE,0.14788898625140712,0.9709054495332099,3.4371464874185733,1.8530477177975968,7.605627944849532,2.4662410378853634,5.7525802270519355,3.286339189166572,,TRUE
583,TRUE,FALSE,-0.5570503528926828,0.8892192887706676,4.93859955657863,2.232867339010183,7.10450730403079,4.049380267807963,4.871639965020607,0.8222596972126439,,TRUE
584,TRUE,FALSE,-0.5888348896875094,0.7467586906006299,4.895412800812157,2.850754328282042,10.371488321245533,4.1486541102115275,7.520733992963491,3.3720798827519634,,TRUE
585,TRUE,FALSE,-0.11248256886915046,1.5008661860036474,6.714530891898903,3.7523696016443955,15.001295054580037,5.213664705895256,11.24892545293564,6.035260747040385,,TRUE
586,TRUE,FALSE,-0.16703180036262175,0.8270889788865209,4.635268166695698,2.2781825523885515,10.803641467330177,3.808179187809177,8.525458914941625,4.717279727132448,,TRUE
587,TRUE,FALSE,-0.34924693961433156,0.9325900860249575,4.32041534642733,2.5170184908411097,8.223280283083152,3.3878252604023724,5.706261792242042,2.31843653183967,,TRUE
588,TRUE,FALSE,-0.06353190643948026,0.996177874120415,4.164376997218393,3.1226099199589754,12.25009131570751,3.168199123097978,9.127481395748534,5.959282272650556,,TRUE
589,TRUE,FALSE,-0.11314587251452041,1.0430617152035913,4.30461515078025,3.311362013186756,12.20372349245399,3.2615534355766584,8.892361479267235,5.6308080436905765,,TRUE
590,TRUE,FALSE,-0.1707525708567659,1.9983108815398294,9.959421419561734,2.79824010441106,11.757070797392416,7.961110538021904,8.958830692981355,0.9977201549594508,,TRUE
591,TRUE,FALSE,-0.430181062539463,1.285859176494712,7.176923011342452,3.063921024907987,11.122366048549978,5.89106383484774,8.05844502364199,2.1673811887942502,,TRUE
592,TRUE,FALSE,0.17099074405085388,1.3719486496372937,4.308116940610945,2.131437732938175,7.9411356241739,2.936168290973651,5.809697891235725,2.8735296002620743,,TRUE
593,TRUE,FALSE,0.1033998872817075,1.445245354212866,6.449469785273391,2.1150502423923605,10.466684163402967,5.004224431060525,8.351633921010606,3.3474094899500813,,TRUE
594,TRUE,FALSE,-0.5310321024820008,0.9539340435983962,5.925738622017908,2.6350805660097048,9.624844673143066,4.971804578419512,6.989764107133361,2.017959528713849,,TRUE
595,TRUE,FALSE,-0.027781928880215967,1.6255148629693401,7.569781170614795,2.3889213852659807,10.820035855101402,5.944266307645455,8.431114469835421,2.4868481621899665,,TRUE
596,TRUE,FALSE,-0.40830809220369246,0.8132098778748752,4.697287007318755,2.2378115898875004,8.592944738053331,3.8840771294438796,6.355133148165831,2.4710560187219515,,TRUE
597,TRUE,FALSE,-0.5379376886226591,1.2767043237392701,8.192447024884828,2.1475771547367746,8.047272692741966,6.9157427011455574,5.899695538005192,-1.0160471631403656,,TRUE
598,TRUE,FALSE,-0.20910999470892047,1.1904755632280388,5.652009108908351,2.8004211697047765,10.786744779465772,4.461533545680313,7.986323609760996,3.5247900640806833,,TRUE
599,TRUE,FALSE,-0.26364896751450845,1.0971639233426154,5.603906753150261,2.1529019021468887,8.447774860836782,4.506742829807646,6.2948729586898935,1.7881301288822478,,TRUE
600,TRUE,FALSE,0.01136453431307779,1.2340361288780135,5.01228322499081,2.772558203793077,11.390006059800283,3.7782470961127963,8.617447856007207,4.8392007598944105,,TRUE
601,TRUE,FALSE,-0.12413248014934836,1.2167025980078712,5.192452632304174,2.6242501057127785,9.891981152848878,3.9757500342963024,7.267731047136099,3.2919810128397966,,TRUE
602,TRUE,FALSE,-0.6722208715068955,0.5800370418766093,3.6721123759311913,2.843689628385679,9.191800993454315,3.092075334054582,6.348111365068636,3.256036031014054,,TRUE
603,TRUE,FALSE,0.28540015493259285,1.5900191581892504,6.071384972153136,2.3919254715746345,12.150125678275868,4.481365813963885,9.758200206701234,5.276834392737349,,TRUE
604,TRUE,FALSE,-0.3169266294036073,1.3389845262488247,7.362580870544353,2.6718401275029686,10.701028031347754,6.0235963442955285,8.029187903844786,2.0055915595492575,,TRUE
605,TRUE,FALSE,-0.293759608880994,1.0973884442455875,5.63006197126358,2.2523814924086714,8.6142320296028,4.532673527017993,6.361850537194128,1.829177010176135,,TRUE
606,TRUE,FALSE,-0.022457820001280486,1.1748758561979509,4.244707043809633,3.17851708872807,11.228635554641016,3.0698311876116824,8.050118465912947,4.980287278301264,,TRUE
607,TRUE,FALSE,-0.1267075564831723,0.8364809579913045,3.6913495746268046,3.2271303922218193,12.546345333700398,2.8548686166355,9.319214941478577,6.464346324843078,,TRUE
608,TRUE,FALSE,0.25318967843057977,1.3589767080696793,4.675689702252333,2.4610856642273955,10.907350761083089,3.3167129941826534,8.446265096855694,5.12955210267304,,TRUE
609,TRUE,FALSE,0.22911137760848696,1.9716108249977282,5.687067498082614,2.636053325596078,9.561437430310113,3.715456673084886,6.925384104714034,3.209927431629148,,TRUE
610,TRUE,FALSE,-0.36474850752387183,0.8774960933240337,4.997360621174968,2.46176303456516,9.73494451668246,4.119864527850934,7.273181482117301,3.1533169542663666,,TRUE
611,TRUE,FALSE,-0.11215576003604155,0.7147583875723152,3.3682747923216856,2.6920835058625943,11.340394276770025,2.6535164047493702,8.64831077090743,5.994794366158061,,TRUE
612,TRUE,FALSE,0.4641201793621484,1.3060137317945908,3.356624431113661,2.0559532936967604,8.404910344077441,2.05061069931907,6.348957050380681,4.298346351061611,,TRUE
613,TRUE,FALSE,-0.1317767064729727,1.3300416989075194,5.876311219276749,2.7293059104974047,10.569680287284982,4.546269520369229,7.840374376787577,3.2941048564183477,,TRUE
614,TRUE,FALSE,-0.1880787210685702,0.8506470859944641,4.749480762194384,3.0213000643387535,13.976840962143413,3.89883367619992,10.95554089780466,7.05670722160474,,TRUE
615,TRUE,FALSE,-0.6074884905299629,0.8210967263238761,6.201791575171596,2.717548226060371,11.180756948971453,5.380694848847719,8.463208722911082,3.0825138740633626,,TRUE
616,TRUE,FALSE,-0.42314571144620494,0.5955199791349893,3.5208783683037486,2.6326471766306865,10.194771543196111,2.925358389168759,7.562124366565425,4.636765977396665,,TRUE
617,TRUE,FALSE,0.10398854159570983,1.1680566876330893,3.9346351286662107,2.1205613302960753,7.925981094185535,2.766578441033121,5.80541976388946,3.0388413228563387,,TRUE
618,TRUE,FALSE,-0.10224682245946193,1.3965181796894865,4.829788116083271,2.7378263769286115,8.548347283307708,3.433269936393784,5.810520906379097,2.3772509699853126,,TRUE
619,TRUE,FALSE,-0.35853677333427,0.9578449304347494,5.589316491300024,3.647276289282671,14.870364638691544,4.631471560865275,11.223088349408874,6.5916167885435994,,TRUE
620,TRUE,FALSE,-0.19487190125121231,1.352232273320999,5.712141857850947,2.660659153756466,9.24922061500288,4.359909584529948,6.588561461246414,2.228651876716466,,TRUE
621,TRUE,FALSE,-0.36147321838156765,0.9096962842272925,5.0024281595229425,3.218381128704091,12.329233809831866,4.09273187529565,9.110852681127774,5.018120805832124,,TRUE
622,TRUE,FALSE,0.030179050048219427,1.0999536839946773,4.165585106222474,2.5955677585741976,10.130726224311735,3.0656314222277965,7.535158465737537,4.46952704350974,,TRUE
623,TRUE,FALSE,-0.13609374979012723,0.8150795329980289,4.0445612252828465,2.44421481549769,10.585369776419643,3.2294816922848177,8.141154960921954,4.911673268637136,,TRUE
624,TRUE,FALSE,-0.3581934866987496,1.5230064811563804,8.95623387975646,2.050377533235233,8.427447473283245,7.4332273986000805,6.3770699400480115,-1.056157458552069,,TRUE
625,TRUE,FALSE,-0.19477975166197745,1.3162993851030036,6.113680057946322,2.801785837694827,10.710042479187871,4.797380672843318,7.908256641493044,3.110875968649726,,TRUE
626,TRUE,FALSE,-0.0629096913248591,1.1288982691849858,5.515926250775572,2.2583207771422162,10.36162670652657,4.387027981590586,8.103305929384353,3.716277947793767,,TRUE
627,TRUE,FALSE,-0.4910514490351411,1.4795266934503728,8.169948433418686,2.6335066800885594,8.8995900130893,6.690421739968313,6.266083333000741,-0.4243384069675722,,TRUE
628,TRUE,FALSE,-0.12986387183015616,0.8424567163945201,4.258396155227394,2.5374709520562435,11.264200713583742,3.415939438832874,8.726729761527498,5.310790322694624,,TRUE
629,TRUE,FALSE,-0.24122201499371176,1.039843432554721,5.067576251676836,2.28911862552118,8.76474424680119,4.0277328191221144,6.47562562128001,2.447892802157895,,TRUE
630,TRUE,FALSE,0.46413840465323686,1.0768998518796586,3.227948034159322,2.1742538400261457,10.366549148370044,2.1510481822796637,8.192295308343898,6.041247126064234,,TRUE
631,TRUE,FALSE,-0.7911814127575864,0.8296158857657905,7.521550814052677,2.403117480013656,9.876421474518283,6.691934928286887,7.473303994504628,0.7813690662177404,,TRUE
632,TRUE,TRUE,-0.015852845760944596,1.8464084392109494,7.190656336930431,2.7625672691156367,10.589338106409846,5.344247897719481,7.826770837294209,2.4825229395747277,,TRUE
633,TRUE,FALSE,0.027978892039850184,1.3145055783728614,6.419260056804895,2.5117676372832913,12.614007231019754,5.104754478432034,10.102239593736462,4.9974851153044275,,TRUE
634,TRUE,TRUE,-0.3922045698366052,0.5092307038892834,3.5403428635058716,2.3422251422944127,11.000871705242943,3.031112159616588,8.65864656294853,5.627534403331941,,TRUE
635,TRUE,FALSE,0.402961381113589,2.0062009574864446,5.908333257591863,2.736596645193002,12.0588319982146,3.9021323001054187,9.322235353021599,5.42010305291618,,TRUE
636,TRUE,FALSE,-0.0611471135869515,1.5843752074696953,7.287520294904093,2.3938494384185267,10.357685434072893,5.703145087434398,7.9638359956543665,2.260690908219969,,TRUE
637,TRUE,FALSE,0.2833111954349201,1.4674498919190373,4.917798605209224,2.4295455533779062,10.8086883298341,3.450348713290187,8.379142776456193,4.9287940631660065,,TRUE
638,TRUE,FALSE,-0.02476592066160885,0.9719343847875985,3.7177966796293505,2.2988884260093423,8.578490597295122,2.7458622948417517,6.27960217128578,3.533739876444028,,TRUE
639,TRUE,FALSE,-0.2383150266885513,1.3388246708997864,6.441491298646283,2.2855795267324144,8.664832144547201,5.102666627746497,6.379252617814787,1.2765859900682903,,TRUE
640,TRUE,FALSE,0.19091945661135523,1.840169272142939,5.910249401748284,2.525569366331742,9.81799035151794,4.070080129605345,7.292420985186198,3.2223408555808533,,TRUE
641,TRUE,FALSE,-0.09195898672259914,0.7625937116528039,3.6198141267602404,2.0996194378046433,9.090679676951371,2.8572204151074363,6.991060239146728,4.133839824039292,,TRUE
642,TRUE,FALSE,0.0031441701537467262,1.815352809820463,6.909009833244523,3.0282484918718233,11.561435866127258,5.09365702342406,8.533187374255435,3.439530350831375,,TRUE
643,TRUE,FALSE,0.0873610521663983,1.5312303302692865,4.955861693639898,3.0028697724336477,10.606096541814962,3.4246313633706116,7.603226769381314,4.178595406010702,,TRUE
644,TRUE,FALSE,-0.026462805553218404,1.1928825618804837,5.042026361127262,2.1942860752836597,9.032501008993986,3.8491437992467787,6.838214933710326,2.989071134463547,,TRUE
645,TRUE,FALSE,-0.7731442489445427,0.7286699467718156,5.316066879422144,3.472221714652213,11.692159894229562,4.5873969326503286,8.219938179577348,3.632541246927019,,TRUE
646,TRUE,FALSE,-0.03398394264460641,1.287489893177455,5.428207014023522,2.8891465355175763,11.773974858836803,4.140717120846068,8.884828323319226,4.744111202473158,,TRUE
647,TRUE,FALSE,0.14579309780668492,1.5165871688605683,4.966539771243844,3.103219953823317,11.757533837311817,3.4499526023832754,8.6543138834885,5.204361281105225,,TRUE
648,TRUE,FALSE,0.27236646776686646,1.4302884685720922,4.724318850889837,2.3453718451654106,10.172191446077825,3.294030382317745,7.8268196009124145,4.53278921859467,,TRUE
649,TRUE,FALSE,-0.2424016145528752,1.0723248483378993,4.933021179079773,2.747772466740165,9.919589361928022,3.860696330741874,7.171816895187857,3.311120564445983,,TRUE
650,TRUE,FALSE,0.23348339922643802,1.7768485605307147,5.986377050556728,2.248527847992946,9.567808516936482,4.209528490026013,7.319280668943536,3.109752178917523,,TRUE
651,TRUE,FALSE,0.2386051231249525,1.2469856381489586,3.0923504413701366,2.95373699954635,9.29873699714129,1.845364803221178,6.3449999975949405,4.499635194373763,,TRUE
652,TRUE,FALSE,-0.12026836321364778,1.2893713061055805,5.953269418697829,3.009939163624804,12.322628834130533,4.663898112592248,9.31268967050573,4.648791557913482,,TRUE
653,TRUE,FALSE,-0.7101725558540295,1.55836255644584,9.223642604596746,2.8204018990904296,8.205800199461747,7.665280048150906,5.3853983003713175,-2.279881747779588,,TRUE
654,TRUE,FALSE,0.037480308273621366,1.2769883343793773,4.918363147339706,3.136206480031648,12.540527379831742,3.6413748129603287,9.404320899800094,5.762946086839765,,TRUE
655,TRUE,FALSE,0.48947904285704763,1.4331843726121243,4.4051840858593385,2.6496444417761746,13.287021704393384,2.9719997132472145,10.637377262617209,7.665377549369994,,TRUE
656,TRUE,FALSE,-0.034311360897780946,1.7807654425133044,7.322524874805789,2.8161654157765357,11.18950984111201,5.541759432292485,8.373344425335475,2.8315849930429895,,TRUE
657,TRUE,FALSE,0.0820232558366914,1.9291465494505722,7.281636533137882,3.0198901557525692,12.373061466205668,5.35248998368731,9.3531713104531,4.00068132676579,,TRUE
658,TRUE,FALSE,0.05412246569548006,1.7045948228690135,5.373228511717465,2.459470550404971,8.183910295182134,3.6686336888484514,5.724439744777163,2.0558060559287115,,TRUE
659,TRUE,FALSE,-0.1775447258371188,0.7311987101022889,3.8294967512964084,2.5132977321289665,11.021571781308149,3.0982980411941194,8.508274049179182,5.409976007985062,,TRUE
660,TRUE,FALSE,-0.32815434716121233,1.2122978661714854,7.604490909123592,2.406981273594686,10.87471524084124,6.3921930429521066,8.467733967246554,2.0755409242944474,,TRUE
661,TRUE,FALSE,0.24955937831459654,0.8767612483702335,3.0155444419050417,2.321651323785722,10.248578779779361,2.1387831935348083,7.926927455993639,5.788144262458831,,TRUE
662,TRUE,FALSE,-0.2024185918396224,1.1425472686848437,6.158205906908191,2.6865572340620747,11.82678901364933,5.015658638223347,9.140231779587255,4.124573141363908,,TRUE
663,TRUE,FALSE,0.21078050982401986,1.116342334169914,3.6469630345719204,2.411168880176402,9.725286607011236,2.5306207004020065,7.3141177268348345,4.783497026432828,,TRUE
664,TRUE,FALSE,0.15770007247445378,1.7091158818727787,5.990110797839426,2.181230169875698,8.950619865949792,4.280994915966647,6.769389696074093,2.4883947801074457,,TRUE
665,TRUE,FALSE,-0.04934702445537349,0.9476560991634696,4.058234860756066,2.3447756060366327,9.55776970441294,3.1105787615925964,7.212994098376308,4.102415336783712,,TRUE
666,TRUE,FALSE,-0.1495267505982722,1.1608919753842741,5.337422225012868,2.8575531187311447,11.313459331800491,4.176530249628594,8.455906213069346,4.279375963440752,,TRUE
667,TRUE,TRUE,-0.41525631917511524,0.9884042529417404,5.506240433257387,2.4657245409282855,9.06821055401841,4.517836180315647,6.602486013090125,2.0846498327744785,,TRUE
668,TRUE,FALSE,-0.3749581560976627,0.7294211367428738,4.2783441710073395,2.7641103895515036,11.143214737155294,3.5489230342644658,8.37910434760379,4.830181313339324,,TRUE
669,TRUE,FALSE,0.04821731816056638,0.8910017298457292,3.874560993407729,3.201760917019051,14.610778906615835,2.983559263562,11.409017989596784,8.425458726034783,,TRUE
670,TRUE,FALSE,0.22003496756298643,1.0757583510996362,3.920204113292285,2.223491870455017,10.096932943207145,2.844445762192649,7.873441072752128,5.028995310559479,,TRUE
671,TRUE,FALSE,-0.12279679150849841,1.8139445369916691,7.03983763825054,2.457864950463704,8.436585002571345,5.225893101258871,5.978720052107641,0.7528269508487702,,TRUE
672,TRUE,FALSE,-0.44721005086591514,0.8578314022553263,4.5714458849036195,3.4733577520497287,11.835328128408461,3.713614482648293,8.361970376358732,4.6483558937104394,,TRUE
673,TRUE,FALSE,0.07342621210595725,1.8051629288550144,6.486202228440976,2.643523594076302,10.222235183817297,4.6810392995859615,7.578711589740995,2.8976722901550334,,TRUE
674,TRUE,FALSE,-0.05860618238146999,1.2531414041409714,4.748780182906661,2.7752673660608695,9.918236841629762,3.4956387787656897,7.142969475568892,3.647330696803202,,TRUE
675,TRUE,FALSE,0.012113935574907246,0.853704253288696,3.541214821733316,2.4497998804881416,10.28576156364737,2.68751056844462,7.835961683159228,5.148451114714608,,TRUE
676,TRUE,FALSE,-0.14904825145067985,1.4693223197588923,7.185327574741814,2.632053054371068,11.089023461158863,5.716005254982922,8.456970406787795,2.7409651518048728,,TRUE
677,TRUE,FALSE,-0.15876057410548008,1.1198092412606364,4.842351409102457,2.70590452998752,9.983340509822026,3.7225421678418202,7.2774359798345065,3.5548938119926863,,TRUE
678,TRUE,FALSE,-0.35225674697089293,0.9441775669044397,5.176322417738556,2.4594760254167696,9.480408998570262,4.232144850834116,7.020932973153492,2.7887881223193762,,TRUE
679,TRUE,FALSE,-0.4489103667329773,0.5695012790032671,4.209631669371786,2.9923818918122915,14.119103344584575,3.6401303903685194,11.126721452772284,7.486591062403765,,TRUE
680,TRUE,FALSE,-0.3846489020537654,0.8964020555414146,4.94497546843479,3.1710839815711203,11.907432982917145,4.048573412893376,8.736349001346024,4.687775588452649,,TRUE
681,TRUE,FALSE,-0.42028646323520724,0.8025700633692548,4.08167257037785,2.8109804414822164,9.390418306926732,3.279102507008595,6.579437865444515,3.3003353584359196,,TRUE
682,TRUE,FALSE,-0.23158871581712195,1.2186834046892319,5.601036965352198,2.9287934277432766,10.67796717981441,4.382353560662966,7.749173752071133,3.3668201914081672,,TRUE
683,TRUE,FALSE,0.10996280462534451,0.9467645762680127,3.019078185904852,2.526739855232397,8.993922272743719,2.072313609636839,6.467182417511322,4.394868807874483,,TRUE
684,TRUE,FALSE,0.24694246257845093,0.9010187030403763,3.1002847275388934,2.7975909729954576,12.322469211179488,2.199266024498517,9.52487823818403,7.325612213685513,,TRUE
685,TRUE,FALSE,0.023590923400685065,0.8324238100303487,2.8463906525086933,2.630531885651815,9.209562273095692,2.013966842478345,6.579030387443877,4.565063544965533,,TRUE
686,TRUE,FALSE,-0.18151621918152963,1.6690190350615897,7.988176213846802,2.613837218549586,10.433580999770419,6.319157178785212,7.819743781220833,1.5005866024356207,,TRUE
687,TRUE,FALSE,0.2365246898129857,1.0335900634332316,3.614114166782131,2.5461314318608133,11.278613849836521,2.5805241033488997,8.732482417975708,6.151958314626809,,TRUE
688,TRUE,FALSE,-0.8812217897894838,1.0748021753366588,9.596056094013658,2.945246092015259,10.893716501881356,8.521253918676999,7.948470409866097,-0.5727835088109021,,TRUE
689,TRUE,FALSE,0.09644040546417633,1.3412389865405987,4.7537787283571085,2.8341085747403185,11.06197860462281,3.4125397418165098,8.227870029882492,4.815330288065983,,TRUE
690,TRUE,FALSE,-0.20494692386546826,0.9495237198629449,5.049497253596073,2.660133192546546,11.524932387435154,4.099973533733127,8.864799194888608,4.764825661155481,,TRUE
691,TRUE,FALSE,-0.08398003181804302,1.6375146985496845,7.781974803584163,2.0556850920350622,8.982332664417509,6.1444601050344785,6.926647572382446,0.7821874673479678,,TRUE
692,TRUE,FALSE,-0.4128143863494944,1.088746009649136,5.736426850951807,3.1222693170224716,10.88684989049561,4.6476808413026705,7.764580573473138,3.1168997321704675,,TRUE
693,TRUE,FALSE,-0.29501804123498326,1.100700382948456,6.021671735834506,2.6962247717526466,10.981947073331305,4.92097135288605,8.285722301578659,3.364750948692609,,TRUE
694,TRUE,FALSE,0.2970427095298652,1.2253416504008778,4.245994797476031,2.445664364632477,11.405731063307096,3.0206531470751528,8.96006669867462,5.939413551599467,,TRUE
695,TRUE,FALSE,-0.2501987405432373,1.0293914702247497,5.740268275095308,2.4392324083718764,10.591192797092736,4.7108768048705585,8.151960388720859,3.4410835838503004,,TRUE
696,TRUE,FALSE,-0.44667049161965183,0.9338712073214944,5.552873409955919,2.7435725767801853,10.436640180404215,4.619002202634425,7.69306760362403,3.074065400989605,,TRUE
697,TRUE,FALSE,0.37406750366963937,1.0796884021113506,4.026927081092033,2.218751254952932,12.02927346765288,2.947238678980683,9.810522212699947,6.863283533719264,,TRUE
698,TRUE,FALSE,-0.2667174976698092,0.9454800293009725,3.881199968912574,3.074643973410539,9.666617982243594,2.935719939611601,6.591974008833055,3.6562540692214536,,TRUE
699,TRUE,FALSE,-0.14464084342839492,1.1659011594478477,5.181310779185399,2.9836691212243545,11.4739207985784,4.015409619737551,8.490251677354046,4.4748420576164945,,TRUE
700,TRUE,FALSE,-0.03684797815935934,0.7502843728422175,3.5068741104856005,2.429761170007338,10.945988529632489,2.7565897376433828,8.516227359625152,5.759637621981769,,TRUE
701,TRUE,FALSE,-0.2703543896278176,1.0668177567782453,6.353014915433977,2.4790830020669956,11.265936194535621,5.286197158655732,8.786853192468627,3.500656033812895,,TRUE
702,TRUE,FALSE,0.15276886255802824,1.1717267326533767,4.160167671987258,2.737061889459375,11.321808064542124,2.9884409393338816,8.58474617508275,5.596305235748868,,TRUE
703,TRUE,FALSE,0.29343639763956486,1.063947847304103,3.392173906762877,2.5041957506911587,10.70690258936983,2.328226059458774,8.202706838678672,5.8744807792198985,,TRUE
704,TRUE,FALSE,-0.17392131039265854,1.1047499073613667,4.8212637436689585,2.898733765768346,10.630952558785683,3.716513836307592,7.732218793017337,4.015704956709745,,TRUE
705,TRUE,FALSE,-0.009687958197879896,1.198556855270102,4.331830031371957,2.81945258401208,10.091834879022443,3.133273176101855,7.272382295010363,4.139109118908508,,TRUE
706,TRUE,FALSE,-0.365301185485131,0.981213655071795,4.883188840790957,3.294285505046831,11.377658185958577,3.9019751857191625,8.083372680911745,4.1813974951925825,,TRUE
707,TRUE,FALSE,-0.1241301165881314,1.82171608793898,7.7718273598198095,2.725001622287077,10.268338846837757,5.9501112718808296,7.54333722455068,1.59322595266985,,TRUE
708,TRUE,TRUE,-0.07851857098974437,1.3944716281154317,5.654018820588797,1.9529093999240315,7.3203101353297875,4.259547192473365,5.367400735405756,1.107853542932391,,TRUE
709,TRUE,FALSE,0.2856441780764722,1.9186130671665738,6.296324470865642,2.3663623574485504,10.333195380858292,4.3777114036990685,7.966833023409742,3.5891216197106734,,TRUE
710,TRUE,FALSE,-0.22388710478023274,1.0949146972926116,5.934242818007867,2.6837367936545906,11.627651682262789,4.839328120715256,8.943914888608198,4.104586767892942,,TRUE
711,TRUE,FALSE,0.2029958931803918,1.309860324857107,4.687967760061266,2.4643732309475284,10.805033245628133,3.378107435204159,8.340660014680605,4.962552579476446,,TRUE
712,TRUE,FALSE,0.15452914900725803,1.1962358051831827,3.89274645090528,2.803991037940285,10.649448016819333,2.696510645722097,7.845456978879048,5.1489463331569505,,TRUE
713,TRUE,FALSE,-0.18004478521367076,0.6873925387934167,3.262786371544516,2.9646456838492488,11.753417565453944,2.5753938327510992,8.788771881604696,6.213378048853596,,TRUE
714,TRUE,FALSE,-0.7789417443441845,0.6095741389742492,5.522664479009724,2.9127455281257357,12.10973300996752,4.913090340035475,9.196987481841784,4.283897141806309,,TRUE
715,TRUE,FALSE,0.056462954182096105,1.2480957250068632,5.120954049292864,2.622447430385119,11.384955141507902,3.872858324286001,8.762507711122783,4.889649386836782,,TRUE
716,TRUE,FALSE,-0.15330201929288267,1.2160365644922426,5.375312669922544,3.250973786845121,12.3279920085983,4.159276105430301,9.07701822175318,4.917742116322879,,TRUE
717,TRUE,FALSE,-0.5547828909820863,0.9105090566453078,6.544463724571137,2.5978606028500617,10.721770092525674,5.633954667925829,8.123909489675611,2.489954821749782,,TRUE
718,TRUE,FALSE,-0.05090646280340397,1.4776722745073279,5.970293880870741,2.843923459562475,10.920111994162056,4.492621606363413,8.07618853459958,3.583566928236168,,TRUE
719,TRUE,FALSE,-0.5503767150466838,1.082593450272843,6.9836823149360105,3.2722134944143133,12.174051678534255,5.901088864663167,8.901838184119942,3.0007493194567747,,TRUE
720,TRUE,FALSE,-0.4219177126392003,0.984845640824611,5.957372579508071,3.04691044695418,12.086755880339313,4.97252693868346,9.039845433385132,4.067318494701672,,TRUE
721,TRUE,FALSE,-0.12592934176366338,1.9229953548439247,7.577572698432206,2.665922256305822,9.262088760003124,5.654577343588281,6.596166503697302,0.9415891601090207,,TRUE
722,TRUE,FALSE,-0.08300226002870421,1.0743651177165605,4.895934516276421,2.5658696176144895,10.761451727848417,3.821569398559861,8.195582110233929,4.374012711674068,,TRUE
723,TRUE,FALSE,-0.12019301426107606,1.3406508543392912,6.227589425032175,2.838263858320708,11.691167626511342,4.886938570692884,8.852903768190634,3.9659651974977503,,TRUE
724,TRUE,FALSE,-0.006130377894588675,1.1889908527273145,5.099208969605639,3.0230130750134427,12.885519510973507,3.9102181168783248,9.862506435960064,5.95228831908174,,TRUE
725,TRUE,FALSE,-0.26903908726547393,1.1112060986395824,6.281538972009389,2.547936698142126,11.005705446738853,5.170332873369807,8.457768748596727,3.2874358752269206,,TRUE
726,TRUE,FALSE,-0.43421725810541595,0.846753264935684,5.065985444225288,2.2068339720695778,8.552607850998728,4.219232179289604,6.345773878929149,2.126541699639545,,TRUE
727,TRUE,FALSE,-0.0339345557937125,1.8752818981843915,7.286680831165289,2.608472852057951,9.797424296972753,5.411398932980898,7.188951444914802,1.7775525119339042,,TRUE
728,TRUE,FALSE,-0.4362550592149899,0.9605077645791115,6.522944944663095,3.043529962944186,13.36156256985124,5.562437180083983,10.318032606907053,4.75559542682307,,TRUE
729,TRUE,FALSE,0.35924796291966193,1.6050978527076372,4.361241695022375,3.353481225146877,13.050403175765084,2.756143842314738,9.696921950618206,6.940778108303467,,TRUE
730,TRUE,FALSE,0.19176149848453233,1.3390961391159204,4.405796886228607,2.656691077170917,10.588507084640302,3.0667007471126873,7.931816007469385,4.865115260356697,,TRUE
731,TRUE,FALSE,-0.6917662584921175,0.8888422474345603,6.602859429940673,2.9377582855508084,10.926804018998803,5.714017182506113,7.989045733447995,2.275028550941882,,TRUE
732,TRUE,FALSE,0.35354771664186613,1.075792024869208,4.354588147180737,1.9372173674166833,11.167113803541115,3.2787961223115287,9.229896436124431,5.951100313812902,,TRUE
733,TRUE,FALSE,0.06731076400669224,0.801266937112276,3.175296776607639,2.6100106266369356,11.063233247242012,2.374029839495363,8.453222620605077,6.079192781109714,,TRUE
734,TRUE,FALSE,0.10759730222786197,0.8824144661572737,3.838529759182075,2.1872091028696716,10.59525740349885,2.9561152930248014,8.40804830062918,5.451933007604378,,TRUE
735,TRUE,FALSE,-0.34422932650317983,0.904994681436923,4.129760777525682,3.358173877375863,10.861383551007753,3.224766096088759,7.50320967363189,4.278443577543131,,TRUE
736,TRUE,FALSE,-0.4904011688487334,1.03091905295651,5.530024329251589,2.668617286946798,8.766177281692649,4.4991052762950785,6.0975599947458505,1.598454718450772,,TRUE
737,TRUE,FALSE,0.05572367260446303,1.8830681750468274,7.262475324557741,3.11662806335087,12.708786581119407,5.3794071495109135,9.592158517768537,4.212751368257623,,TRUE
738,TRUE,FALSE,-0.49103505477814186,0.7951642252014054,4.860269255761523,2.2987060865821474,8.598706549109021,4.065105030560117,6.300000462526874,2.2348954319667573,,TRUE
739,TRUE,FALSE,-0.5041474022230629,1.2065071053943466,6.463039755262173,2.7968909826221724,9.049697184194084,5.256532649867826,6.252806201571912,0.9962735517040855,,TRUE
740,TRUE,FALSE,-0.022671561225873087,1.9205946431201877,7.644477432831306,3.6850250861764424,14.338588608416963,5.723882789711118,10.653563522240521,4.929680732529403,,TRUE
741,TRUE,FALSE,-0.08223742685738912,0.817904929304653,3.943438403006798,2.180239135032909,9.681911446043513,3.125533473702145,7.501672311010603,4.376138837308458,,TRUE
742,TRUE,FALSE,0.22889985023014997,1.1444061870676798,4.759304754604996,2.5237765292952163,13.195448529078156,3.614898567537316,10.67167199978294,7.056773432245625,,TRUE
743,TRUE,FALSE,-0.26570908594431536,1.031322445063447,4.8846187549823945,3.070593495696178,11.149683485134652,3.8532963099189477,8.079089989438474,4.225793679519526,,TRUE
744,TRUE,FALSE,-0.34445234395914065,0.6479000819649875,3.57718669279378,2.1891376892031698,8.564714634590212,2.9292866108287923,6.375576945387042,3.44629033455825,,TRUE
745,TRUE,FALSE,-0.20312068436889916,0.9309615254768715,4.417382072620593,2.917143459121644,11.2973563113889,3.4864205471437213,8.380212852267256,4.893792305123535,,TRUE
746,TRUE,FALSE,0.16816717733671932,1.3168476180592468,4.4817874375822555,2.907088415137266,11.705987338380636,3.164939819523009,8.798898923243371,5.633959103720362,,TRUE
747,TRUE,FALSE,0.30209392311577993,1.5490679110111838,5.345538877348035,2.1257579633145536,9.922761966184476,3.7964709663368508,7.797004002869922,4.000533036533072,,TRUE
748,TRUE,FALSE,-0.2219405721060445,1.8007990932037152,8.932320721514428,2.2044870227932267,8.758284043362472,7.131521628310712,6.553797020569245,-0.5777246077414668,,TRUE
749,TRUE,FALSE,0.11354997173421817,1.7670622556401332,6.696033736507144,2.7770179615809067,11.788501348569662,4.928971480867011,9.011483386988756,4.082511906121745,,TRUE
750,TRUE,FALSE,-0.8528931329813092,1.014331842084533,7.143224593996855,2.7885834188847416,8.369337962385696,6.128892751912322,5.580754543500955,-0.5481382084113671,,TRUE
751,TRUE,FALSE,-0.236103596603806,1.0280099893045815,4.974545541942986,2.4058072419280148,9.19344781260056,3.9465355526384043,6.787640570672545,2.841105018034141,,TRUE
752,TRUE,FALSE,0.045039014373066816,1.0559976703510845,3.8680095074671206,2.4724045951085785,9.473365866036726,2.812011837116036,7.000961270928148,4.188949433812112,,TRUE
753,TRUE,FALSE,-0.5807496648463891,0.5576024544844917,3.6015646204728182,3.2837049887307663,11.8662718232495,3.0439621659883267,8.582566834518733,5.5386046685304064,,TRUE
754,TRUE,FALSE,0.10334790667704873,1.4566400179766872,4.9980718351796956,2.2644967312333906,8.615993852236295,3.5414318172030086,6.351497121002905,2.810065303799896,,TRUE
755,TRUE,FALSE,-0.2728687478087778,0.8500535777538015,4.669721350617627,2.548947494023554,10.658600015531327,3.8196677728638257,8.109652521507773,4.289984748643947,,TRUE
756,TRUE,FALSE,0.2491730703614527,1.4214911179026395,4.171225031341551,2.7276215048394876,10.268761447950997,2.749733913438912,7.541139943111509,4.791406029672597,,TRUE
757,TRUE,FALSE,-0.1156495669204917,1.1061324615730737,4.922306199606274,2.8186296328911395,11.173096074122723,3.8161737380332,8.354466441231583,4.538292703198383,,TRUE
758,TRUE,FALSE,-0.09281152197006216,1.1183617515214817,4.211366120817703,2.619698350406312,8.990512480049778,3.0930043692962217,6.370814129643467,3.277809760347245,,TRUE
759,TRUE,FALSE,0.1335312640470762,1.675877450753017,5.516740252765227,3.131357518014497,11.780529885749905,3.84086280201221,8.649172367735408,4.8083095657231985,,TRUE
760,TRUE,FALSE,-0.3708782757290263,0.8982355551452827,4.756157087181656,2.610292093692948,9.538600670006703,3.857921532036373,6.928308576313755,3.0703870442773824,,TRUE
761,TRUE,FALSE,0.04847266516444172,1.6487894760819979,4.90337079839038,2.726240137401347,8.51030349168844,3.2545813223083826,5.784063354287093,2.52948203197871,,TRUE
762,TRUE,FALSE,0.15392017637888536,1.100796982889448,3.422579631850023,2.31992759870573,8.413320737071512,2.321782648960575,6.093393138365782,3.771610489405207,,TRUE
763,TRUE,FALSE,-0.630100372060187,0.6256315039045365,4.649472531248147,2.5202497752622253,9.97423386047857,4.023841027343611,7.453984085216344,3.4301430578727334,,TRUE
764,TRUE,FALSE,0.16499331420070132,0.8003355228740221,2.7716543554762825,2.890915436444109,11.80750261190797,1.9713188326022604,8.91658717546386,6.9452683428616,,TRUE
765,TRUE,FALSE,0.3552326038813098,1.101905807726614,3.469863094034202,2.739836859294334,12.307451450961791,2.367957286307588,9.567614591667457,7.199657305359869,,TRUE
766,TRUE,FALSE,-0.24062377151807526,0.8949448233724281,4.591579261312356,2.6402395392292792,10.648969416745004,3.696634437939928,8.008729877515725,4.312095439575797,,TRUE
767,TRUE,FALSE,-0.2309663248311662,0.6536146528215763,3.5163799515149536,2.7553061604795777,11.766206833896828,2.862765298693377,9.01090067341725,6.148135374723873,,TRUE
768,TRUE,FALSE,-0.39312081478457206,1.2638169452767534,7.677918990231857,2.6150198743361504,10.722699736185973,6.414102044955104,8.107679861849823,1.6935778168947184,,TRUE
769,TRUE,FALSE,-0.43823348908461346,1.1253871398922066,7.218801292881425,2.020131377633371,8.360271235786362,6.093414152989219,6.340139858152991,0.24672570516377235,,TRUE
770,TRUE,FALSE,-0.17419187229641195,1.2156319951249341,5.486062202440438,2.509615783698502,9.515141992005764,4.2704302073155045,7.005526208307263,2.735096000991758,,TRUE
771,TRUE,FALSE,0.06970107220990393,1.4297517775810824,5.224497406052763,2.3528741356585074,9.218353527401856,3.7947456284716807,6.8654793917433485,3.070733763271668,,TRUE
772,TRUE,FALSE,0.2628687119078998,0.5798794507306704,2.0501579542727613,1.8259278268154775,8.396448758941933,1.4702785035420909,6.570520932126455,5.100242428584364,,TRUE
773,TRUE,FALSE,-0.12590257026091858,0.8980533783258972,4.123784420463092,2.177268236775732,8.81509400381961,3.2257310421371943,6.637825767043878,3.4120947249066833,,TRUE
774,TRUE,FALSE,-0.2037033417934223,1.1492134623173875,5.418693140864211,2.1141116375885485,8.13119792414325,4.269479678546824,6.017086286554701,1.7476066080078771,,TRUE
775,TRUE,FALSE,-0.1596229622491022,0.6906248776426437,4.2801510337007365,2.590581733250631,13.68644961723269,3.589526156058093,11.09586788398206,7.506341727923966,,TRUE
776,TRUE,FALSE,-0.36720286627823207,1.3457472015043435,8.059429234441954,2.3061033255283703,9.566330578320803,6.71368203293761,7.260227252792433,0.5465452198548224,,TRUE
777,TRUE,FALSE,-0.055266784332476275,0.797700409845313,2.825046541454406,2.322278843367976,7.782123130496053,2.027346131609093,5.459844287128077,3.432498155518984,,TRUE
778,TRUE,FALSE,-0.40606364655765487,0.9083128112471273,4.577123877386504,3.668785055761543,12.317662323751492,3.668811066139377,8.648877267989949,4.980066201850573,,TRUE
779,TRUE,FALSE,-0.23632320392559777,0.865459746775435,3.809038824733405,3.2737503893751505,11.375754886403008,2.9435790779579696,8.102004497027858,5.158425419069888,,TRUE
780,TRUE,FALSE,-0.10852162891741565,1.504742635092659,6.025295814256858,2.550613341068628,9.162846889713736,4.5205531791641995,6.612233548645108,2.0916803694809083,,TRUE
781,TRUE,FALSE,-0.19420364105608193,1.5675829712692364,8.32404560743869,2.4455659613818743,10.694038057849408,6.756462636169453,8.248472096467534,1.492009460298081,,TRUE
782,TRUE,FALSE,-0.2554767057795402,0.8537344603939035,3.828178572718527,3.086152127228837,10.718514082383415,2.9744441123246235,7.632361955154577,4.657917842829954,,TRUE
783,TRUE,FALSE,-0.40042491409174114,0.7159068076294905,3.69156893013915,2.5045519224172694,8.653308735684167,2.975662122509659,6.148756813266898,3.173094690757239,,TRUE
784,TRUE,FALSE,-0.3186210861130348,0.847719584996116,4.915163559217104,2.0032331741483587,8.445821168766535,4.067443974220988,6.442587994618177,2.3751440203971885,,TRUE
785,TRUE,FALSE,-0.08258408016151701,1.0891056700857997,5.735136020020877,2.8647500366839354,13.889756326136448,4.646030349935078,11.025006289452513,6.378975939517435,,TRUE
786,TRUE,FALSE,-0.24890973757121712,0.9777675007959236,5.254139159977259,2.7890319071045413,11.68474745725695,4.276371659181335,8.89571555015241,4.6193438909710745,,TRUE
787,TRUE,FALSE,0.37744849284495063,1.3690337581651,4.117703271047599,2.6987333122150834,11.839262712236915,2.748669512882499,9.140529400021832,6.391859887139333,,TRUE
788,TRUE,FALSE,0.033089268459667205,1.1485209359414668,4.66324742039172,2.1827126733559212,9.160445584695992,3.514726484450253,6.9777329113400715,3.4630064268898186,,TRUE
789,TRUE,FALSE,-0.0349348840799452,1.324491198760122,4.411143674758824,2.793171319916904,8.983129765301047,3.0866524759987017,6.189958445384143,3.103305969385441,,TRUE
790,TRUE,FALSE,-0.3869433180281959,1.52719530622606,7.832426410565284,2.392999677467486,8.334835538272273,6.305231104339224,5.941835860804787,-0.36339524353443764,,TRUE
791,TRUE,FALSE,-0.5265041734787613,1.4491392290298988,10.08308246527044,2.4868106146508198,10.220403948980318,8.63394323624054,7.733593334329498,-0.9003499019110421,,TRUE
792,TRUE,FALSE,-0.3261240531568143,0.7627080088719204,3.8938071532900183,2.4982992209477444,9.20506178173385,3.131099144418098,6.706762560786105,3.575663416368007,,TRUE
793,TRUE,FALSE,-0.22910724501143903,0.6376646063872851,3.0851558907163854,2.68708386903423,10.33870184323926,2.4474912843291,7.65161797420503,5.20412668987593,,TRUE
794,TRUE,FALSE,-0.11673940535413951,0.5277304841094562,2.5967176242788677,2.9772063662616643,13.035335195734234,2.0689871401694115,10.058128829472569,7.989141689303157,,TRUE
795,TRUE,FALSE,-0.06420347085526425,1.4594547643836853,7.129871490822471,2.4201693120451044,11.088009776195703,5.670416726438786,8.667840464150599,2.997423737711813,,TRUE
796,TRUE,FALSE,-0.376700080285374,0.7740084473353893,3.9934078889648705,2.5504157161762517,9.028387291860058,3.219399441629481,6.4779715756838065,3.2585721340543254,,TRUE
797,TRUE,FALSE,-0.21350443148486647,0.9946915267024085,4.409365468939995,2.710657644900113,9.705961216802304,3.4146739422375862,6.995303571902191,3.580629629664605,,TRUE
798,TRUE,FALSE,0.37003920618281105,0.8360028124395688,2.882752949726515,3.2598458412849434,16.274315635053053,2.0467501372869465,13.01446979376811,10.967719656481165,,TRUE
799,TRUE,FALSE,-0.26270273780955994,2.173931297236966,11.165795346503428,2.4342156972696625,9.614186840739485,8.99186404926646,7.179971143469823,-1.811892905796638,,TRUE
800,TRUE,FALSE,-0.57971012291463,1.0972098518217064,7.629640112578846,3.1222650408468655,12.159597890913608,6.53243026075714,9.037332850066742,2.5049025893096015,,TRUE
801,TRUE,FALSE,-0.022620302148640692,1.8210019038695788,7.882742823796767,2.6515067612636614,11.22111012204944,6.061740919927188,8.569603360785779,2.507862440858591,,TRUE
802,TRUE,FALSE,0.17442037384285886,1.484419045200367,4.5437716589543715,3.37489442224645,12.299004991052943,3.0593526137540046,8.924110568806492,5.864757955052488,,TRUE
803,TRUE,FALSE,-0.3325593666756823,1.0795865864400123,6.03541482810605,2.3036586151726075,9.235046108154842,4.955828241666038,6.9313874929822346,1.9755592513161968,,TRUE
804,TRUE,FALSE,-0.3071199871692685,0.9807009183220993,4.451492704766651,2.4509816570622784,8.18330295122405,3.470791786444552,5.732321294161771,2.2615295077172193,,TRUE
805,TRUE,FALSE,0.2298661847548694,1.5084253135127286,5.720782951396127,2.078091949908755,9.918044088589259,4.2123576378833985,7.839952138680504,3.6275945007971053,,TRUE
806,TRUE,FALSE,-0.6402406061525889,1.5208714010073927,8.537709098186633,3.156768789414401,9.341974373346389,7.016837697179241,6.185205583931988,-0.8316321132472533,,TRUE
807,TRUE,FALSE,-0.02515446474889503,1.2403381807074794,4.69282311760516,2.0494831525877903,7.5616048735908885,3.4524849368976804,5.512121721003098,2.0596367841054173,,TRUE
808,TRUE,FALSE,-0.5356034586629013,1.0310803777388768,5.7110736056268765,2.920906920997965,9.469636895238011,4.679993227888,6.548729974240047,1.868736746352047,,TRUE
809,TRUE,FALSE,-0.06032756562966559,0.9905928859529618,5.114376124936673,2.010013433918793,9.770043345372743,4.123783238983711,7.76002991145395,3.6362466724702394,,TRUE
810,TRUE,FALSE,0.04709840499975638,1.0672046132089736,3.988545395099739,3.026098636185862,11.855080370703996,2.9213407818907653,8.828981734518134,5.907640952627369,,TRUE
811,TRUE,FALSE,-0.47476877656915134,1.0675842072661068,5.886424670771764,2.1821325095802813,7.484126330205938,4.818840463505658,5.301993820625657,0.48315335711999907,,TRUE
812,TRUE,FALSE,-0.42073726645538867,0.8702035146794705,4.865585529815954,3.1770761237166676,11.663208133296967,3.9953820151364834,8.486132009580299,4.490749994443815,,TRUE
813,TRUE,FALSE,0.1246465557717271,1.1474250628033882,4.638871642539847,2.097106229632717,9.603770333281194,3.4914465797364587,7.506664103648477,4.0152175239120185,,TRUE
814,TRUE,FALSE,0.0635610758528832,1.5947625414312259,5.369752580912051,2.4799031334755295,8.898098133326396,3.774990039480825,6.418194999850867,2.6432049603700416,,TRUE
815,TRUE,FALSE,-0.232945630117135,0.7961543046287141,3.9544518250139857,2.642981828343673,10.399589981996023,3.158297520385272,7.7566081536523495,4.598310633267078,,TRUE
816,TRUE,FALSE,-0.502836534872448,0.8870431395166211,5.387192937240647,2.693836580844823,9.894865654064029,4.500149797724026,7.201029073219206,2.70087927549518,,TRUE
817,TRUE,FALSE,-0.3130605962364609,1.1424099277134057,6.021897775461474,2.4182876934866857,9.320922278844467,4.879487847748068,6.902634585357781,2.0231467376097125,,TRUE
818,TRUE,FALSE,-0.043698284529985344,0.788334472728187,3.419438141522175,1.8442521111631505,7.6574928335909584,2.6311036687939877,5.813240722427808,3.18213705363382,,TRUE
819,TRUE,FALSE,-0.32695437776252645,0.8863245777667016,5.3190217121180785,2.9509051668474626,12.77026005492349,4.432697134351377,9.819354888076028,5.38665775372465,,TRUE
820,TRUE,FALSE,0.46641214762604666,1.4640926215004941,4.275630753191117,2.7779983664961323,12.933731718515453,2.811538131690623,10.155733352019322,7.344195220328698,,TRUE
821,TRUE,FALSE,-0.17904786204760043,1.064633974456874,4.8113602186613695,2.6986649083758296,10.196638325527205,3.7467262442044955,7.497973417151376,3.75124717294688,,TRUE
822,TRUE,FALSE,-0.31633664695024405,1.33820349737569,7.066680571702215,2.6912951801727996,10.357891886368094,5.728477074326525,7.666596706195294,1.9381196318687692,,TRUE
823,TRUE,FALSE,-0.1055123272662998,1.2135517465188623,4.790071024550969,2.968242948804558,10.54289003178915,3.576519278032106,7.574647082984592,3.998127804952486,,TRUE
824,TRUE,FALSE,-0.08905301510906996,0.8146761551309407,3.6838691541403437,2.453834652661351,10.1505424865418,2.869192999009403,7.696707833880449,4.827514834871046,,TRUE
825,TRUE,FALSE,-0.028486310849385372,1.2228310628497485,5.39496618610617,2.6455443294163103,11.34399065721549,4.172135123256421,8.69844632779918,4.526311204542759,,TRUE
826,TRUE,FALSE,-0.04637232983110653,0.6946194805435326,2.6484754546880556,2.505373578322037,9.11973543500628,1.953855974144523,6.614361856684243,4.66050588253972,,TRUE
827,TRUE,FALSE,-0.34422220766919603,1.030474717119172,6.715188133057772,2.5940342960832417,11.981267152201982,5.6847134159386,9.38723285611874,3.702519440180139,,TRUE
828,TRUE,FALSE,-0.4337864704680501,0.998156259686755,6.289977538015694,2.81210700848043,11.483951037613267,5.291821278328939,8.671844029132837,3.3800227508038976,,TRUE
829,TRUE,FALSE,0.023507941264970897,1.0232629240967057,4.211490637442829,2.0564195185639864,8.665022353977516,3.188227713346123,6.60860283541353,3.420375122067407,,TRUE
830,TRUE,FALSE,-0.3667228859789421,0.9201986952184052,4.875984819944389,3.0017993808457932,11.02292036030952,3.9557861247259836,8.021120979463728,4.065334854737744,,TRUE
831,TRUE,FALSE,0.1698080581192031,1.020355872261961,3.7843926490204076,3.459832505225528,15.20709640579623,2.764036776758447,11.747263900570703,8.983227123812256,,TRUE
832,TRUE,FALSE,-0.11183395731983367,1.1752124039862806,4.889087709530944,2.765186105291915,10.286484055745385,3.7138753055446636,7.521297950453469,3.8074226449088058,,TRUE
833,TRUE,FALSE,-0.17444755994238567,1.7981215525764533,8.38507113310483,2.169474873864879,8.497295405193654,6.586949580528377,6.327820531328776,-0.25912904919960145,,TRUE
834,TRUE,FALSE,-0.4374825794863112,0.7416911756892687,4.484046659083292,2.1980880141624746,8.580168543703051,3.7423554833940234,6.382080529540577,2.6397250461465536,,TRUE
835,TRUE,FALSE,-0.3672629614537505,0.8508694234860824,4.298414991636493,2.9266523484700744,10.240384978237058,3.4475455681504106,7.313732629766983,3.8661870616165728,,TRUE
836,TRUE,FALSE,-0.14751515772070828,1.7458167984025472,6.210552354927587,2.9931342076505367,9.18740223354662,4.4647355565250395,6.1942680258960845,1.729532469371045,,TRUE
837,TRUE,FALSE,-0.6312740820280134,0.7362070073484024,4.761913053525504,2.4031542305033393,8.268073111332887,4.025706046177102,5.864918880829547,1.8392128346524457,,TRUE
838,TRUE,FALSE,-0.11287999123967807,1.273362405711574,5.220686480011049,2.5839011809993124,9.462988939691567,3.947324074299475,6.879087758692254,2.931763684392779,,TRUE
839,TRUE,FALSE,0.2008776761410699,1.1126440216022053,3.3543990878098615,2.6423396624066657,9.73839088591152,2.241755066207656,7.096051223504853,4.854296157297197,,TRUE
840,TRUE,FALSE,-0.297602082061933,0.8203000626321754,3.6998740140937505,3.0256100306913014,10.133983679414246,2.879573951461575,7.108373648722945,4.22879969726137,,TRUE
841,TRUE,FALSE,-0.57913573501862,0.7956670261605839,5.14245453499055,2.704561487231341,9.795362341213506,4.346787508829967,7.090800853982165,2.744013345152198,,TRUE
842,TRUE,FALSE,0.23796826663557366,1.5736901409229034,5.029021116266083,2.2364350316775434,9.067108792992101,3.4553309753431796,6.830673761314558,3.3753427859713785,,TRUE
843,TRUE,FALSE,0.17590101400464017,0.9239766453298105,3.653146326874598,2.035986933025709,9.597848719356854,2.7291696815447875,7.561861786331145,4.832692104786357,,TRUE
844,TRUE,FALSE,0.015106525995826155,1.4625893569269666,5.5743170813492595,2.698637665931361,10.441779516572067,4.111727724422293,7.743141850640706,3.631414126218413,,TRUE
845,TRUE,FALSE,-0.6095767723855868,1.1667294330660585,7.933201443153466,2.9696932663424196,10.976252623161903,6.766472010087408,8.006559356819483,1.2400873467320759,,TRUE
846,TRUE,FALSE,-0.516639397416136,0.8415988655652225,4.7092119514924,2.833578377113456,9.458117096079771,3.867613085927178,6.624538718966315,2.7569256330391374,,TRUE
847,TRUE,FALSE,-0.0853894798711495,1.2102599193124361,4.818086133446599,3.17683536223333,11.611984227558962,3.6078262141341626,8.435148865325631,4.827322651191469,,TRUE
848,TRUE,FALSE,0.0792398955374959,1.024053061883223,4.039625147093377,2.329310892179323,9.946253262442417,3.0155720852101533,7.616942370263094,4.6013702850529405,,TRUE
849,TRUE,FALSE,-0.33313950207837323,0.8812384163301197,5.374233127018348,3.618837837657455,15.816542598529264,4.492994710688229,12.197704760871808,7.7047100501835795,,TRUE
850,TRUE,FALSE,0.27288314158471305,0.8025290084977496,2.699650147606074,2.553346428524006,11.284131333045496,1.8971211391083247,8.730784904521489,6.833663765413164,,TRUE
851,TRUE,FALSE,-0.2881847218904298,1.145978874448155,7.122271978784332,2.9540707407383624,13.762768316748678,5.976293104336177,10.808697576010315,4.832404471674138,,TRUE
852,TRUE,FALSE,-0.36938364347087616,1.036431136929464,5.650471050047762,2.8883672862462797,10.883669414377497,4.614039913118297,7.995302128131217,3.38126221501292,,TRUE
853,TRUE,FALSE,-0.17174561187494009,1.2486525069686576,5.46639601895258,2.477990765742727,9.136313851551634,4.217743511983922,6.658323085808907,2.4405795738249845,,TRUE
854,TRUE,FALSE,-0.028651530222218932,0.9123910797178162,4.334044598230603,2.8968538041603944,13.37198011439125,3.421653518512787,10.475126310230856,7.053472791718068,,TRUE
855,TRUE,FALSE,0.26388643433997455,1.1751299164959086,4.052127503830509,2.802722289245837,12.582927934977386,2.8769975873346008,9.780205645731549,6.903208058396948,,TRUE
856,TRUE,FALSE,-0.2469595580985682,1.2000866640275576,5.780636182951274,2.720070207427423,10.235049977524458,4.580549518923716,7.514979770097035,2.9344302511733193,,TRUE
857,TRUE,FALSE,0.22255768148731248,1.226688554944026,3.968866167371651,2.474583047697784,10.002066727906579,2.742177612427625,7.527483680208794,4.785306067781169,,TRUE
858,TRUE,FALSE,-0.0972126507694089,1.5154788922502918,6.3167444455286494,2.6343610113046485,9.963221548230162,4.801265553278357,7.328860536925514,2.527594983647157,,TRUE
859,TRUE,FALSE,-0.12300110940308728,1.6728225978329785,5.4752829655343245,3.312159641490608,9.586260797348528,3.8024603677013458,6.27410115585792,2.4716407881565745,,TRUE
860,TRUE,FALSE,0.10924137456117379,0.9537459259267108,4.0813155683065325,2.6661730087816427,12.726199692895866,3.1275696423798216,10.060026684114224,6.932457041734402,,TRUE
861,TRUE,FALSE,-0.014968244574594667,1.36894564243828,5.334347077421371,2.5738420620263502,9.880441102798049,3.965401434983091,7.306599040771698,3.3411976057886075,,TRUE
862,TRUE,FALSE,0.27192319104349416,1.5692534056050178,4.144856352909688,2.3792953363046525,8.24820599671191,2.57560294730467,5.868910660407257,3.293307713102587,,TRUE
863,TRUE,FALSE,-0.3242526827843908,0.706515487289459,4.256826683860904,2.8890835749662203,12.586449461866227,3.550311196571445,9.697365886900007,6.147054690328562,,TRUE
864,TRUE,FALSE,-0.30491221923304146,1.1607816161947333,5.196762915537802,2.3426669261428152,7.731633063937831,4.035981299343068,5.388966137795015,1.3529848384519472,,TRUE
865,TRUE,FALSE,-0.36553504514178126,1.424208979063114,6.782190935536281,3.4196801860865915,11.29878986198081,5.357981956473167,7.8791096758942185,2.5211277194210515,,TRUE
866,TRUE,FALSE,-0.1843470016961674,1.177293387437729,5.299713203252299,3.6037329956812383,13.49147348077702,4.12241981581457,9.887740485095781,5.765320669281211,,TRUE
867,TRUE,FALSE,-0.33533016873285787,1.041158077570854,6.55035036689963,1.9938381674593741,8.970274246527815,5.509192289328776,6.97643607906844,1.4672437897396646,,TRUE
868,TRUE,FALSE,-0.11608980610210434,1.1190493631136857,5.4180576665267965,2.768035014165982,11.932976790027055,4.29900830341311,9.164941775861074,4.8659334724479635,,TRUE
869,TRUE,FALSE,-0.36849559757454203,0.7517509722376402,4.0218898742445095,2.654560663859004,9.82456264604804,3.2701389020068694,7.170001982189037,3.8998630801821674,,TRUE
870,TRUE,FALSE,-0.607771092545623,1.016488568816232,7.809991045712192,2.3620365096375955,9.88286837656508,6.79350247689596,7.520831866927484,0.7273293900315236,,TRUE
871,TRUE,FALSE,0.19809802741409396,1.239714399177681,4.481770769682348,2.5395029217386678,11.192048701015697,3.242056370504667,8.652545779277029,5.410489408772362,,TRUE
872,TRUE,FALSE,-0.23090113416230096,1.4657846097823353,6.580174331460484,2.9735839491611187,10.596644328901409,5.114389721678149,7.62306037974029,2.5086706580621403,,TRUE
873,TRUE,FALSE,-0.16566131631899575,1.1779224809720923,4.397490604704459,3.470447773841546,10.97811883003975,3.2195681237323672,7.507671056198204,4.288102932465836,,TRUE
874,TRUE,FALSE,-0.26892063558779317,1.475055302082538,6.781983921786259,2.2930423273729423,8.056933446753082,5.306928619703721,5.763891119380139,0.45696249967641744,,TRUE
875,TRUE,FALSE,-0.3726953352440432,0.8812836272413062,5.370600157701481,2.410239801648779,10.118306829928157,4.489316530460175,7.708067028279378,3.2187504978192027,,TRUE
876,TRUE,FALSE,0.09532302035704063,1.26898945714615,5.080893363106344,2.3459122428114507,10.332183000049515,3.811903905960194,7.986270757238064,4.1743668512778696,,TRUE
877,TRUE,FALSE,-0.21200117279127959,0.6850580735262641,2.876859366306235,2.634060284016937,8.94841287262226,2.191801292779971,6.314352588605323,4.122551295825352,,TRUE
878,TRUE,FALSE,-0.4265466298613121,0.6424558882320837,3.735785636194049,2.6073870722362855,9.896856981455679,3.093329747961965,7.2894699092193935,4.1961401612574285,,TRUE
879,TRUE,FALSE,-0.6407115833464365,0.585473537291289,4.46235773284648,2.261999806563125,9.084314714516236,3.876884195555191,6.8223149079531105,2.9454307123979193,,TRUE
880,TRUE,FALSE,-0.3718625285482943,1.3147655972475896,7.066590506911845,3.1006361138661642,11.489855077361598,5.751824909664255,8.389218963495434,2.637394053831179,,TRUE
881,TRUE,FALSE,-0.6786015299842793,0.9480957333803138,7.307730255675437,2.935131409945892,11.477438283499204,6.3596345222951225,8.542306873553311,2.182672351258189,,TRUE
882,TRUE,FALSE,0.00948480669168282,1.0444371889073385,3.583413179049016,2.771255797657771,9.59865480108979,2.5389759901416773,6.827399003432019,4.288423013290341,,TRUE
883,TRUE,FALSE,-0.06604379520873474,1.3998112867323371,7.369128856473422,2.3461380470186413,11.561595380789992,5.969317569741085,9.21545733377135,3.246139764030266,,TRUE
884,TRUE,FALSE,-0.21227779368315577,0.7984889263202561,4.2606451312348925,2.5021759087940687,10.797749046209198,3.4621562049146366,8.29557313741513,4.8334169325004925,,TRUE
885,TRUE,FALSE,0.03205112421184743,0.8783273809380909,3.8826203384023623,2.223820205448234,10.150508560526912,3.0042929574642714,7.926688355078678,4.922395397614407,,TRUE
886,TRUE,FALSE,-0.5313620294404175,0.8935700271563322,5.510858473388053,3.32067222916382,12.037854170380307,4.617288446231721,8.717181941216486,4.099893494984765,,TRUE
887,TRUE,FALSE,0.042963234232059416,0.648498972441578,2.916901864039853,2.8735949805072183,13.492635173624738,2.2684028915982752,10.61904019311752,8.350637301519246,,TRUE
888,TRUE,FALSE,0.08877830394910724,0.9006112950809453,3.3798651148194385,2.2797655105161465,9.34992410977983,2.479253819738493,7.070158599263683,4.59090477952519,,TRUE
889,TRUE,FALSE,0.00294189226618968,1.145972827232781,5.261360287595385,2.0854553880678868,9.602897072099589,4.115387460362603,7.517441684031702,3.402054223669099,,TRUE
890,TRUE,FALSE,0.14763526500242563,1.442922248258545,5.5420930715804175,2.134355471190381,9.50199544039881,4.099170823321872,7.367639969208429,3.2684691458865567,,TRUE
891,TRUE,FALSE,0.11136678031986087,1.1626384608723597,4.275281532656342,2.61427847373928,10.74577785552985,3.112643071783982,8.13149938179057,5.018856310006589,,TRUE
892,TRUE,FALSE,-0.006990672927480384,0.9692436876153443,3.134051578885617,2.3992343474445774,7.703885472249734,2.164807891270273,5.304651124805156,3.1398432335348834,,TRUE
893,TRUE,FALSE,0.17258109054920379,1.083816101443437,3.410374559525192,2.869216540146077,10.729038958439999,2.326558458081755,7.859822418293922,5.5332639602121665,,TRUE
894,TRUE,FALSE,-0.4981117898165845,0.9716136598465649,5.977289475364828,2.626384979856954,9.818425775365682,5.005675815518264,7.192040795508728,2.186364979990464,,TRUE
895,TRUE,FALSE,-0.18309435996503162,0.9871124277466359,5.358521641022382,2.307384725554099,10.429932852099062,4.371409213275746,8.122548126544963,3.751138913269217,,TRUE
896,TRUE,FALSE,-0.2755058074671212,0.8269133041898458,4.176828685114506,3.0261357066765626,11.604446524507727,3.34991538092466,8.578310817831165,5.228395436906505,,TRUE
897,TRUE,FALSE,-0.39812617027213115,0.6724446859993956,3.7626922803287317,2.4112770373884325,9.06119022905555,3.090247594329336,6.6499131916671175,3.5596655973377813,,TRUE
898,TRUE,FALSE,-0.27705399636742867,1.605469294739187,7.736894439263389,2.879456067053346,10.518458612663018,6.131425144524202,7.639002545609673,1.507577401085471,,TRUE
899,TRUE,FALSE,-0.33064162126308594,0.863137132890568,4.6473420371722085,2.5267556391972454,9.77444817655389,3.7842049042816406,7.247692537356643,3.463487633075003,,TRUE
900,TRUE,FALSE,0.0016199149903925038,1.6819184491903154,6.442403448784136,2.467293369999919,9.466017347179848,4.76048499959382,6.99872397717993,2.23823897758611,,TRUE
901,TRUE,FALSE,-0.24382427311090743,1.0564323845887729,4.805858665167548,3.088695698432303,11.010647915591433,3.7494262805787755,7.921952217159129,4.172525936580353,,TRUE
902,TRUE,FALSE,-0.43244216871335855,0.6016349317062143,3.5789321196659354,2.923265423503066,11.284476578524451,2.977297187959721,8.361211155021385,5.383913967061664,,TRUE
903,TRUE,FALSE,-0.25427121510352385,1.0464309943427386,5.990279938963214,2.4338738480059896,10.804533052957026,4.943848944620475,8.370659204951037,3.426810260330562,,TRUE
904,TRUE,TRUE,-0.6159559447330019,1.4672672785272496,8.048266672697842,2.7335432242195004,8.09865322095468,6.580999394170592,5.36510999673518,-1.2158893974354124,,TRUE
905,TRUE,FALSE,0.1405667382329514,1.4740748645969732,5.136796210054838,2.631795037161878,10.555339782203182,3.6627213454578644,7.923544745041305,4.26082339958344,,TRUE
906,TRUE,FALSE,-0.5765601325768557,1.0846977618217541,6.8818387340074425,3.0812156180797126,10.982999246180324,5.797140972185688,7.9017836281006115,2.1046426559149234,,TRUE
907,TRUE,FALSE,0.07101203085086498,1.070907271832991,3.6603474682490127,2.503690347290859,9.187369735695421,2.589440196416022,6.683679388404562,4.094239191988541,,TRUE
908,TRUE,FALSE,-0.02551987729102642,1.1157447107020042,4.343277614545403,2.8310462825843326,10.742777486661561,3.2275329038433984,7.9117312040772285,4.68419830023383,,TRUE
909,TRUE,FALSE,-0.21145254787441334,0.8305814356204264,4.011901361859599,2.3914309489541057,9.349603583710728,3.1813199262391727,6.958172634756622,3.776852708517449,,TRUE
910,TRUE,FALSE,-0.4926167425202603,0.9151347948284555,5.221251578621974,3.16725012522798,11.041578906291221,4.306116783793518,7.874328781063241,3.5682119972697226,,TRUE
911,TRUE,FALSE,-0.3656889413067197,0.7455085446903351,4.748250984039106,1.8661697640228225,8.24547161081579,4.00274243934877,6.379301846792966,2.376559407444196,,TRUE
912,TRUE,FALSE,0.02811901805709439,0.9468288347928961,2.810916467299073,3.6149860699134524,11.038117855076543,1.8640876325061768,7.42313178516309,5.559044152656913,,TRUE
913,TRUE,TRUE,0.1714035631707732,1.6093965441786808,5.904331502510108,2.6170781213418635,11.396302729544342,4.294934958331427,8.779224608202478,4.484289649871051,,TRUE
914,TRUE,FALSE,-0.03959710949408526,0.989455594654249,4.0357011181954,2.627648312948788,10.301325707034982,3.0462455235411507,7.673677394086194,4.627431870545044,,TRUE
915,TRUE,FALSE,0.10898194394716007,1.4539935834811843,5.536296049071008,2.486454714394481,10.55765889585051,4.082302465589823,8.071204181456029,3.9889017158662057,,TRUE
916,TRUE,FALSE,-0.4103008008863392,1.1358053642233492,5.296644696768529,2.9593457269187105,9.155904552987055,4.16083933254518,6.196558826068344,2.035719493523164,,TRUE
917,TRUE,FALSE,0.05633213922562448,1.390180772475024,5.235737922516073,2.4817713321450365,9.888561590467548,3.845557150041049,7.406790258322511,3.561233108281462,,TRUE
918,TRUE,FALSE,-0.4289145298987385,1.118337641086048,7.032674819118272,2.442448520025001,10.002252165510715,5.914337178032224,7.559803645485713,1.6454664674534891,,TRUE
919,TRUE,FALSE,-0.17346459522746385,1.0279505159014817,5.098685528244921,2.391581598409329,9.973245383164636,4.070735012343439,7.581663784755307,3.5109287724118676,,TRUE
920,TRUE,FALSE,0.0899824356880179,1.175904990501176,4.425673368992731,2.118602865579775,8.724399724983662,3.249768378491555,6.605796859403887,3.3560284809123324,,TRUE
921,TRUE,FALSE,-0.30465413600011265,1.1683763489980794,5.734122733671834,2.731802889246583,9.886076735445481,4.565746384673754,7.154273846198898,2.5885274615251443,,TRUE
922,TRUE,FALSE,-0.25443666557721534,1.0811802759614468,4.755863660265383,2.7604246549723896,9.414705500640688,3.6746833843039366,6.654280845668298,2.9795974613643614,,TRUE
923,TRUE,FALSE,0.10469400126439854,1.6938368090989868,6.901413069544274,2.8426060585953015,12.860301782974563,5.207576260445287,10.017695724379262,4.810119463933975,,TRUE
924,TRUE,FALSE,-0.21357698254163293,1.1217724625849543,5.402389239114206,2.76173182695319,10.742547851666838,4.280616776529252,7.980816024713649,3.700199248184397,,TRUE
925,TRUE,FALSE,-0.4080646266032369,0.7905927533315625,5.059786510676711,2.8043697308868483,11.934230426215473,4.269193757345148,9.129860695328624,4.860666937983476,,TRUE
926,TRUE,FALSE,-0.0010077650705927067,1.1535930055206276,4.943446837415558,2.3451102999848823,10.03928679983608,3.7898538318949306,7.694176499851198,3.9043226679562677,,TRUE
927,TRUE,FALSE,-0.43885165540452287,0.7201631711991835,5.193711422353874,2.4049987861891524,11.183324236492613,4.473548251154691,8.778325450303461,4.30477719914877,,TRUE
928,TRUE,FALSE,-0.19408985661471742,1.4651510188646075,7.016408307925205,2.944646712854438,11.613777629073159,5.551257289060597,8.669130916218721,3.117873627158124,,TRUE
929,TRUE,FALSE,-0.14062384141051723,1.4596263414705468,7.662586416096211,2.371480233595187,10.816357768237442,6.202960074625664,8.444877534642256,2.241917460016592,,TRUE
930,TRUE,FALSE,-0.27079270733730604,0.8290559773431063,4.310624935309979,2.547411355652686,10.103030960787525,3.4815689579668723,7.555619605134838,4.074050647167966,,TRUE
931,TRUE,FALSE,0.2928449063477463,1.3491179197791585,4.52121322950344,1.8638248818869594,8.371265401144148,3.1720953097242814,6.507440519257189,3.3353452095329077,,TRUE
932,TRUE,FALSE,-0.794515719242035,0.9847913140201913,7.774880605629834,2.8750922760026767,10.255279810696258,6.790089291609642,7.380187534693581,0.590098243083939,,TRUE
933,TRUE,FALSE,-0.3395527133921096,1.866255755967073,10.67313210990865,2.51652056226313,10.248382789339784,8.806876353941577,7.731862227076654,-1.0750141268649234,,TRUE
934,TRUE,FALSE,0.049467909488846835,1.8461381455117662,5.920401534984285,3.9230359820293152,13.218826373039338,4.074263389472519,9.295790391010023,5.2215270015375035,,TRUE
935,TRUE,FALSE,-0.2305874245385282,1.0557839058433958,4.78036490652934,3.0026359787354515,10.795576771618636,3.7245810006859443,7.792940792883185,4.06835979219724,,TRUE
936,TRUE,FALSE,0.21134332615704968,1.0163749170345235,4.1287110820100414,2.2240264680797672,11.160553820959857,3.1123361649755177,8.93652735288009,5.824191187904572,,TRUE
937,TRUE,FALSE,0.6194870921198128,1.456185474179701,3.0566959503571227,2.686316492824452,10.476894030879642,1.6005104761774218,7.79057753805519,6.190067061877768,,TRUE
938,TRUE,FALSE,-0.39722891428032964,0.9579483106502361,5.06357014284286,2.8243890130411637,10.03517481513468,4.1056218321926234,7.210785802093516,3.105163969900892,,TRUE
939,TRUE,FALSE,-0.12264345582061392,0.9506999946902857,4.236663662501909,2.3678422855275882,9.3340450432706,3.2859636678116235,6.966202757743011,3.680239089931387,,TRUE
940,TRUE,FALSE,0.3214106655958467,1.458241549400188,4.450700499367306,2.210320698312559,9.303386658772624,2.9924589499671184,7.0930659604600645,4.100607010492946,,TRUE
941,TRUE,FALSE,-0.4538076931252135,1.0696093938544367,7.351970957487107,3.1626128971348333,13.808243437927027,6.28236156363267,10.645630540792194,4.363268977159524,,TRUE
942,TRUE,FALSE,-0.15972298749135064,1.2668753631188214,5.871960520468264,3.326827273632078,13.143549878242782,4.605085157349443,9.816722604610703,5.2116374472612605,,TRUE
943,TRUE,FALSE,0.058092124053862396,1.4427283645829785,5.779903432786233,2.4905581528991827,10.574547390636265,4.337175068203254,8.083989237737082,3.7468141695338284,,TRUE
944,TRUE,FALSE,-0.10336328428398431,1.093216978921779,5.2488580404186695,2.1902467233603296,9.483341591889797,4.15564106149689,7.293094868529467,3.1374538070325766,,TRUE
945,TRUE,FALSE,-0.31642629022705177,0.6178000007746731,3.84839630918209,3.176169562659964,14.418277263586253,3.2305963084074167,11.242107700926288,8.011511392518871,,TRUE
946,TRUE,FALSE,-0.1543480861849284,1.5780208916235725,7.507823245134281,2.893866035714243,11.79905407591882,5.929802353510708,8.905188040204576,2.975385686693868,,TRUE
947,TRUE,FALSE,0.5864582026477732,1.3872356642474981,4.024211792709777,2.783046050586218,14.512643858684935,2.636976128462279,11.729597808098717,9.092621679636437,,TRUE
948,TRUE,FALSE,-0.2333915582896331,1.4510442284949383,6.6529390775534205,2.6962988899166156,9.789043613039524,5.201894849058482,7.092744723122909,1.8908498740644264,,TRUE
949,TRUE,FALSE,-0.7114632781690472,0.7963755346872535,4.975014593657453,2.5961768175762234,7.962072744917276,4.178639058970199,5.365895927341053,1.187256868370854,,TRUE
950,TRUE,FALSE,-0.3714535300740943,1.0184869947994404,6.112804439646749,2.7675223108571414,11.456604652432269,5.0943174448473085,8.689082341575126,3.594764896727818,,TRUE
951,TRUE,FALSE,-0.1871116856827793,0.8635360747266168,3.5575121041603115,2.443778007569854,8.349607888067405,2.6939760294336947,5.905829880497551,3.2118538510638563,,TRUE
952,TRUE,FALSE,-0.3995387919876564,1.1706710007503403,5.235787785708233,2.3947422277880817,7.182712030090476,4.065116784957892,4.787969802302395,0.7228530173445025,,TRUE
953,TRUE,FALSE,-0.27777141947152356,1.4905732541466123,7.968874067057595,2.4797477511713137,10.041915203968163,6.478300812910982,7.562167452796849,1.0838666398858674,,TRUE
954,TRUE,FALSE,-0.21314415048951793,1.5250696402261594,7.231761280128951,2.359483217275623,9.040739804288267,5.706691639902791,6.681256587012644,0.9745649471098528,,TRUE
955,TRUE,FALSE,-0.29830835130452615,1.1266490967347682,5.451318875482369,2.8439402624616243,10.21126889890506,4.324669778747601,7.367328636443435,3.0426588576958347,,TRUE
956,TRUE,FALSE,-0.4469915742493387,0.9601327785286027,4.930050719463376,3.0589043453380267,10.045232959245107,3.969917940934773,6.98632861390708,3.0164106729723072,,TRUE
957,TRUE,FALSE,-0.13793619576752933,1.0913905167874682,5.095707630235717,2.61802881011019,10.648632006479144,4.0043171134482485,8.030603196368954,4.026286082920706,,TRUE
958,TRUE,FALSE,-0.27622255767021403,1.192573720269734,6.918402813521125,2.3220009551322205,10.219298176459816,5.725829093251391,7.897297221327595,2.1714681280762047,,TRUE
959,TRUE,FALSE,-0.650993475234835,0.6028630062240974,4.326299262757625,2.446496290461857,9.156291495903243,3.7234362565335277,6.709795205441386,2.9863589489078586,,TRUE
960,TRUE,FALSE,0.2012647033115693,0.755168919633919,2.8866698010590555,2.358685320842252,11.026334306645936,2.1315008814251364,8.667648985803684,6.536148104378547,,TRUE
961,TRUE,FALSE,-0.31475904769780977,0.9087547786736019,4.46370625801927,2.902951488456221,10.408557855623082,3.554951479345668,7.505606367166861,3.9506548878211927,,TRUE
962,TRUE,FALSE,-0.01593819041507516,1.1979749973410065,4.40113175664093,2.171309479008123,7.850846322838674,3.2031567592999233,5.679536843830551,2.4763800845306276,,TRUE
963,TRUE,FALSE,-0.008859745911682612,1.029789189124716,4.226332953716467,2.8868285299185414,11.743258739594213,3.196543764591751,8.856430209675672,5.659886445083921,,TRUE
964,TRUE,FALSE,-0.4914029224166679,0.6975332323397262,3.8102939938622176,2.558910425109103,8.551358007973963,3.1127607615224915,5.992447582864861,2.879686821342369,,TRUE
965,TRUE,FALSE,-0.15990049977645723,1.4756432269233997,5.364788697340876,2.892168755915858,8.960886524968908,3.8891454704174757,6.06871776905305,2.1795722986355743,,TRUE
966,TRUE,FALSE,-0.6433802883600713,0.6764000992474923,4.866256360769846,1.9425051599089311,7.344073148010408,4.189856261522354,5.401567988101477,1.2117117265791233,,TRUE
967,TRUE,FALSE,-0.6767078977343587,0.6855264693903146,5.15881867797406,2.6749632258218043,10.231830695122127,4.473292208583746,7.5568674693003235,3.083575260716578,,TRUE
968,TRUE,FALSE,-0.4540382447493406,1.2132125852096856,6.907610249885701,2.9187408595197484,10.55358839458444,5.694397664676015,7.634847535064691,1.940449870388676,,TRUE
969,TRUE,FALSE,-0.44248184608945024,0.6831476226146047,4.190401398454728,2.2583203875192774,8.899368616589877,3.5072537758401237,6.641048229070599,3.133794453230476,,TRUE
970,TRUE,FALSE,-0.11494184789750903,0.7239290639764935,3.338901200991054,2.679283624645315,11.015586750030597,2.6149721370145604,8.336303125385282,5.721330988370721,,TRUE
971,TRUE,FALSE,-0.19387593587840482,1.092161279360333,4.762619481389052,3.1528720402360038,11.325730021137652,3.670458202028719,8.172857980901648,4.502399778872929,,TRUE
972,TRUE,FALSE,0.08701461062407409,2.138218137636238,6.8926188300522355,2.8744709908772244,10.10834714773431,4.754400692415997,7.233876156857086,2.479475464441089,,TRUE
973,TRUE,FALSE,0.5148243154831816,1.2723140417819705,3.1209145397300535,2.3058917024095598,9.464808298861191,1.848600497948083,7.158916596451632,5.310316098503549,,TRUE
974,TRUE,FALSE,-0.5841445203056266,1.4778130493979018,7.871168059309563,2.7371379685531165,8.128784969810242,6.393355009911661,5.391647001257126,-1.0017080086545356,,TRUE
975,TRUE,FALSE,-0.13676547387569155,1.1951738889664734,4.35091162611739,2.6976930662083984,8.565351908823603,3.1557377371509165,5.867658842615205,2.711921105464288,,TRUE
976,TRUE,FALSE,-0.1018563753141525,1.1011358595871559,5.300543526697237,2.799509052733142,12.170984617492696,4.199407667110082,9.371475564759553,5.172067897649471,,TRUE
977,TRUE,FALSE,0.0178221418806439,1.2915449778391106,5.362072465840362,2.611719309713578,11.037982517039982,4.070527488001252,8.426263207326404,4.355735719325152,,TRUE
978,TRUE,FALSE,-0.011990918149965132,1.3838502082510231,7.482630013789677,2.154143316228391,11.50885695912993,6.098779805538654,9.35471364290154,3.2559338373628863,,TRUE
979,TRUE,FALSE,-0.08011049660579718,1.7030850512039604,8.30324029094526,3.176467957304289,14.294343082196017,6.6001552397413,11.117875124891729,4.517719885150429,,TRUE
980,TRUE,FALSE,-0.3692481773155945,0.7886643705085344,4.206917153037866,3.280641226578798,12.096731210449445,3.4182527825293314,8.816089983870647,5.397837201341316,,TRUE
981,TRUE,FALSE,-0.26563038275865186,0.7102432403225755,3.8685478448812427,2.5173621940873243,10.51295388931221,3.1583046045586674,7.995591695224885,4.8372870906662175,,TRUE
982,TRUE,FALSE,-0.10650552699448872,0.9769285836304861,4.271750741170619,2.6804893638672134,10.536646560985732,3.294822157540133,7.8561571971185185,4.561335039578386,,TRUE
983,TRUE,FALSE,0.04707876336329559,1.031796154588323,4.731742690229256,2.3597843998732912,11.343461145890773,3.6999465356409327,8.983676746017482,5.283730210376548,,TRUE
984,TRUE,FALSE,-0.4599822465995693,1.1248133762342334,6.229808943689873,2.8356110822964804,9.914553693982878,5.1049955674556395,7.078942611686397,1.9739470442307576,,TRUE
985,TRUE,FALSE,-0.3129022459642354,0.5571976066022297,3.303196632065613,2.5346445486223828,10.988806592618749,2.7459990254633833,8.454162043996366,5.708163018532982,,TRUE
986,TRUE,FALSE,-0.37384409519615835,1.130454019050307,3.914375324897332,3.716019289189516,8.853787513442045,2.783921305847025,5.137768224252529,2.353846918405504,,TRUE
987,TRUE,FALSE,-0.35442612026783865,1.0364020027220406,5.818904750612438,2.7836573193557053,10.96486949768401,4.782502747890398,8.181212178328305,3.3987094304379077,,TRUE
988,TRUE,FALSE,-0.03238174274005281,1.6600250751323868,7.092288211421268,2.3392685369161166,9.67583814637553,5.432263136288881,7.336569609459413,1.9043064731705313,,TRUE
989,TRUE,FALSE,0.17438773405532215,1.901199775321668,6.476190710483963,2.901476000241606,11.766478030953927,4.574990935162295,8.86500203071232,4.2900110955500255,,TRUE
990,TRUE,FALSE,-0.256047534805696,1.164892384045443,6.16866227593929,2.6154873104145535,10.721554904257369,5.003769891893848,8.106067593842816,3.1022977019489684,,TRUE
991,TRUE,FALSE,-0.19422215384992414,1.7339506961535307,8.184424588976368,2.5954340499385857,10.088156136992584,6.450473892822838,7.492722087053998,1.0422481942311608,,TRUE
992,TRUE,FALSE,-0.2354280206213483,0.6860002558537673,3.4047249801362787,2.597691457942836,10.188265067646613,2.718724724282511,7.590573609703777,4.871848885421266,,TRUE
993,TRUE,FALSE,-0.21255299756593948,1.2161474936712933,6.762665609848521,2.482167012872632,11.159688446412291,5.546518116177228,8.67752143353966,3.131003317362432,,TRUE
994,TRUE,FALSE,-0.03194169601680112,0.9013091171355817,3.8477251489687343,2.2282231214302497,9.213334773121,2.9464160318331527,6.98511165169075,4.038695619857597,,TRUE
995,TRUE,FALSE,0.24475029437225687,1.1188932090129022,3.2603129000574818,3.2503316417861496,12.097399486688191,2.1414196910445797,8.847067844902043,6.705648153857463,,TRUE
996,TRUE,FALSE,-0.060707420364308116,1.0106931357312967,4.097161244957704,2.6975047050903234,10.291082341924424,3.086468109226407,7.593577636834101,4.507109527607694,,TRUE
997,TRUE,FALSE,0.3461457249108388,1.0170746247549884,3.4772177553085424,2.561183751808236,12.377957456436302,2.460143130553554,9.816773704628066,7.3566305740745115,,TRUE
998,TRUE,FALSE,-0.3530426810692623,1.1210897131124409,5.756637072275411,3.1391496180429765,11.324421088548252,4.63554735916297,8.185271470505276,3.5497241113423055,,TRUE
999,TRUE,FALSE,-0.199435434130497,1.3025570560832938,5.416336775310585,2.9407737770573306,10.017441448204213,4.113779719227291,7.0766676711468826,2.9628879519195914,,TRUE
1000,TRUE,FALSE,-0.08725848464111279,0.969978099005978,4.369194844129927,2.245465884150616,9.269366771680088,3.3992167451239492,7.023900887529472,3.624684142405523,,TRUE
1001,TRUE,FALSE,-0.12001527069524272,0.8981220985086436,3.5934675800382117,2.920457680666892,10.363520151401826,2.695345481529568,7.443062470734933,4.747716989205365,,TRUE
1002,TRUE,FALSE,-0.08374333488010467,0.8187404132858533,4.096627728684873,2.314071506960505,10.648483912965833,3.2778873153990196,8.334412406005328,5.056525090606308,,TRUE
1003,TRUE,FALSE,-0.1896119675689359,0.8910055310506102,3.9356278081571263,2.261073772918909,8.262299273998359,3.044622277106516,6.00122550107945,2.956603223972934,,TRUE
1004,TRUE,FALSE,-0.1329394826820962,1.5927890874682522,5.498110680764049,3.3071495330141376,9.994801076659142,3.905321593295797,6.687651543645004,2.782329950349207,,TRUE
1005,TRUE,FALSE,-0.16196497457915768,0.973272685044508,4.361027208337154,3.1953816644997706,12.176893433061824,3.387754523292646,8.981511768562054,5.593757245269408,,TRUE
1006,TRUE,FALSE,0.1274657562362328,1.4411313584564927,5.348636084013854,2.3589455923973564,9.945235703046277,3.907504725557361,7.586290110648921,3.67878538509156,,TRUE
1007,TRUE,FALSE,-0.3216908420333037,0.8597513850287662,6.013259471471914,2.092485882281722,10.609405256793524,5.153508086443147,8.516919374511803,3.3634112880686553,,TRUE
1008,TRUE,FALSE,0.179792436208994,0.9869591916132376,3.3569404698832406,2.6875851320601662,10.941819256750769,2.3699812782700027,8.254234124690603,5.8842528464206,,TRUE
1009,TRUE,FALSE,0.12451426050678534,1.1530737563495346,4.080027882220733,2.6472434855538047,10.60903269135368,2.9269541258711986,7.9617892057998745,5.034835079928676,,TRUE
1010,TRUE,FALSE,-0.8322399560074129,0.8892644088733517,7.311044310973666,2.6828876952606358,9.596520124264758,6.421779902100314,6.913632429004123,0.4918525269038083,,TRUE
1011,TRUE,FALSE,0.1997547863638816,1.2277943285641564,3.638843704819464,3.3570484345812437,12.149202977197572,2.411049376255308,8.792154542616327,6.381105166361019,,TRUE
1012,TRUE,FALSE,-0.16727282419203363,1.3354140541614252,6.023506174314304,2.5030941704232146,9.551354000871935,4.688092120152879,7.048259830448721,2.3601677102958423,,TRUE
1013,TRUE,FALSE,-0.16259190990236594,0.8730017727674433,4.705102754172034,2.5528851124518197,11.694253075296874,3.832100981404591,9.141367962845054,5.309266981440463,,TRUE
1014,TRUE,FALSE,0.16523994459038233,1.070706991631037,4.400355053041599,2.158057930237562,10.462680804852086,3.3296480614105617,8.304622874614523,4.9749748132039615,,TRUE
1015,TRUE,FALSE,0.23026688082402122,1.4319524659151444,4.5635337964260945,2.8167282701138183,11.301114049363358,3.13158133051095,8.48438577924954,5.352804448738589,,TRUE
1016,TRUE,FALSE,-0.2666911669478768,1.2998974883898164,6.515161724652549,2.3902201809834915,9.175537250259179,5.215264236262732,6.7853170692756875,1.570052833012955,,TRUE
1017,TRUE,FALSE,-0.27686569753118423,0.9355707566051618,3.9803108030866374,3.3873088708955743,10.925816485930794,3.0447400464814756,7.538507615035219,4.493767568553744,,TRUE
1018,TRUE,FALSE,0.10760643828724134,0.9321018738236693,3.5571512000012397,2.6177630842032724,11.125054980528864,2.6250493261775705,8.507291896325592,5.882242570148021,,TRUE
1019,TRUE,FALSE,-0.13664636686943907,0.846889205053068,3.462679181076813,2.84170128627315,10.13489653524115,2.6157899760237453,7.293195248968001,4.677405272944256,,TRUE
1020,TRUE,FALSE,-0.4904899869047472,0.8879337581403063,5.586360034970959,2.68854284794691,10.357339737129568,4.698426276830652,7.668796889182658,2.9703706123520055,,TRUE
1021,TRUE,FALSE,0.08920993622044983,1.2625768566995719,4.609935081522816,2.807450522889223,11.207080190137884,3.3473582248232443,8.39962966724866,5.0522714424254165,,TRUE
1022,TRUE,FALSE,-0.2938879112022408,0.6709613890271285,3.4390718923648578,3.22913789923185,12.336626582015155,2.7681105033377293,9.107488682783305,6.339378179445577,,TRUE
1023,TRUE,FALSE,0.28871120645987924,1.009072121481544,3.850311716276613,2.2521044096212433,11.469589850223146,2.841239594795069,9.217485440601903,6.376245845806834,,TRUE
1024,TRUE,FALSE,-0.42452802540182144,0.8171392671113775,6.169946998186458,2.221892119493242,10.973322481991355,5.352807731075081,8.751430362498112,3.3986226314230317,,TRUE
1025,TRUE,FALSE,0.05502225596947402,1.1590445764652748,4.552190401052595,2.0077930278935785,8.331728002272385,3.3931458245873203,6.3239349743788065,2.930789149791486,,TRUE
1026,TRUE,FALSE,-0.10241327836396948,1.0758574820813855,4.908852339078428,2.752994376210318,11.338432697247802,3.8329948569970425,8.585438321037483,4.75244346404044,,TRUE
1027,TRUE,FALSE,-0.703000425858472,0.9166508340312491,7.563556951037893,2.4323851615715886,9.936771040543526,6.646906117006644,7.504385878971938,0.8574797619652941,,TRUE
1028,TRUE,FALSE,-0.5957414505896866,0.756911974471261,5.444723711605838,2.9498315463383915,11.69500634997676,4.687811737134577,8.745174803638369,4.057363066503791,,TRUE
1029,TRUE,FALSE,0.35975846629814257,0.9316413162134044,2.5142773050305376,2.8007798658352074,10.831398327865731,1.5826359888171333,8.030618462030525,6.447982473213392,,TRUE
1030,TRUE,FALSE,0.008083173711794936,1.4009994505032897,5.790055890911168,2.8837262304096796,12.014599448275007,4.389056440407878,9.130873217865327,4.741816777457449,,TRUE
1031,TRUE,FALSE,-0.3988747421280352,1.0760454131351866,6.540962157127545,2.4450180179464476,9.973876822469682,5.464916743992358,7.528858804523235,2.063942060530877,,TRUE
1032,TRUE,FALSE,0.07296418689214283,1.1107101406829503,3.945036114269913,2.324063583845121,8.879452651151144,2.834325973586963,6.555389067306024,3.721063093719061,,TRUE
1033,TRUE,FALSE,-0.004834737810213818,0.920919578001766,4.546974822721701,2.1043558640208126,10.339994986398516,3.626055244719935,8.235639122377703,4.6095838776577684,,TRUE
1034,TRUE,FALSE,-0.43702568244209256,0.9291631594802284,5.896164475125081,2.3624425406051075,9.683693158846694,4.967001315644853,7.321250618241587,2.3542493025967337,,TRUE
1035,TRUE,FALSE,-0.3638726169637069,0.9757163715701888,5.827425401614262,2.4744398778175327,10.270750209437848,4.851709030044073,7.796310331620315,2.9446013015762427,,TRUE
1036,TRUE,FALSE,-0.13879512606746636,0.9040724102383545,4.719834916291753,2.223496962050037,10.103740322056147,3.8157625060533986,7.88024336000611,4.064480853952712,,TRUE
1037,TRUE,FALSE,-0.5947449132409693,0.851104046423553,5.635260659378257,2.7011759234696227,9.867105913810875,4.784156612954703,7.165929990341252,2.3817733773865486,,TRUE
1038,TRUE,FALSE,-0.01745646869856458,2.0637302155277295,9.529196069185968,2.3719296902125384,10.762766131295047,7.465465853658238,8.39083644108251,0.925370587424271,,TRUE
1039,TRUE,FALSE,0.03461981579847539,1.2509529913432946,5.266139899748548,2.744760597075406,11.961649369811344,4.015186908405253,9.216888772735938,5.201701864330685,,TRUE
1040,TRUE,FALSE,0.2731706677380527,1.1769455588525533,4.131124794279531,2.5671149790607246,11.841147049835712,2.9541792354269774,9.274032070774988,6.31985283534801,,TRUE
1041,TRUE,FALSE,0.03499371370936265,1.0102976104650898,4.2046502445442275,2.4486228974302,10.553585501630097,3.194352634079138,8.104962604199898,4.91060997012076,,TRUE
1042,TRUE,FALSE,0.3780593971981468,1.5970424363229796,3.8786436947468084,3.221881821566696,11.419895922777169,2.2816012584238288,8.198014101210473,5.916412842786645,,TRUE
1043,TRUE,FALSE,-0.23940808710024358,0.8729586440650078,4.327720202781702,2.731511489122,10.658471432915745,3.454761558716694,7.926959943793745,4.47219838507705,,TRUE
1044,TRUE,FALSE,-0.25617627774125,1.5622609959470501,7.387977759045894,3.336638111002602,12.213078580318214,5.825716763098844,8.876440469315613,3.050723706216769,,TRUE
1045,TRUE,FALSE,-0.8816991744551852,0.4719815771328488,4.025149802878051,2.9786929494442793,10.518786786873322,3.5531682257452024,7.540093837429043,3.9869256116838407,,TRUE
1046,TRUE,FALSE,-0.06814207300102205,1.2428517739105935,5.1448263730907975,2.539624562359341,9.820354801824006,3.901974599180204,7.280730239464665,3.378755640284461,,TRUE
1047,TRUE,FALSE,0.27861947148544025,1.0270887448691675,3.610418839559242,2.638966335771636,12.257061515842352,2.5833300946900746,9.618095180070716,7.034765085380641,,TRUE
1048,TRUE,FALSE,-0.3030692718270069,1.6958991058657176,8.12743790420591,3.0029191129277826,10.628597738886734,6.431538798340193,7.625678625958951,1.1941398276187583,,TRUE
1049,TRUE,FALSE,-0.6352298031708093,1.0885948978701292,7.651201688527587,2.018023590592084,7.514719879149644,6.562606790657458,5.49669628855756,-1.0659105020998982,,TRUE
1050,TRUE,FALSE,-0.5191345308404354,0.8146156517658777,5.3438600796635125,2.719404778339122,10.6149736957181,4.529244427897635,7.895568917378977,3.366324489481342,,TRUE
1051,TRUE,FALSE,-0.04368502840925748,0.8998091083008343,3.5687248224685324,2.650926587112694,10.064407454013777,2.668915714167698,7.413480866901082,4.744565152733385,,TRUE
1052,TRUE,TRUE,0.5747060660168406,1.204414510463259,3.046428053137673,3.033557407554667,13.631976790727524,1.842013542674414,10.598419383172857,8.756405840498443,,TRUE
1053,TRUE,FALSE,-0.4015674703922463,1.4532133212271443,7.926253890730322,3.132509996152869,11.434904401270641,6.473040569503178,8.302394405117772,1.8293538356145937,,TRUE
1054,TRUE,FALSE,-0.18169956702913065,0.7224751810594157,4.409664875759952,2.3262689967558394,11.839448321584673,3.6871896947005363,9.513179324828833,5.825989630128297,,TRUE
1055,TRUE,FALSE,-0.15115743921462785,1.1062546013504082,5.057211434262773,3.004342282537235,11.807517266828729,3.9509568329123645,8.803174984291495,4.85221815137913,,TRUE
1056,TRUE,FALSE,0.06593659095351784,1.132401724062597,4.664106177889988,2.666334622079893,11.730552194417207,3.531704453827391,9.064217572337315,5.5325131185099234,,TRUE
1057,TRUE,FALSE,-0.21139036140069617,1.2473065068258176,5.749111864961079,2.5865656582321153,9.650402134565466,4.501805358135261,7.063836476333351,2.5620311181980897,,TRUE
1058,TRUE,FALSE,-0.6040978668655393,0.8374925732912107,5.569923696966048,2.5844991199742795,9.394816455175446,4.732431123674837,6.810317335201167,2.07788621152633,,TRUE
1059,TRUE,FALSE,-0.006986156561306808,1.1629481044426173,4.7467266415345,2.4750132565229817,10.031765391606534,3.5837785370918827,7.556752135083553,3.97297359799167,,TRUE
1060,TRUE,FALSE,0.130541361650783,1.6097658388391574,5.5847221761073405,3.2105353265936474,12.691405260502556,3.974956337268183,9.48086993390891,5.505913596640727,,TRUE
1061,TRUE,FALSE,-0.10203889063147373,1.5811805907843133,7.0685900336347105,2.535241046064434,10.234241237535741,5.487409442850398,7.699000191471307,2.2115907486209094,,TRUE
1062,TRUE,FALSE,0.11363079892405699,1.3580587377163418,4.959250384429595,2.5240811328856183,10.326425615855902,3.6011916467132528,7.802344482970284,4.201152836257031,,TRUE
1063,TRUE,FALSE,-0.5395259426683493,1.0405823108806471,7.968889247148621,2.2707435956354467,10.138560808039147,6.9283069362679734,7.8678172124037005,0.939510276135727,,TRUE
1064,TRUE,FALSE,-0.3223578843229296,0.6213792715151215,3.3483869993421886,2.991010546069383,11.676120797080346,2.727007727827067,8.685110251010963,5.958102523183896,,TRUE
1065,TRUE,FALSE,-0.24715028898577718,0.9346880087479165,3.5692290189235742,3.7976321866255316,11.32621071429223,2.6345410101756577,7.528578527666699,4.894037517491041,,TRUE
1066,TRUE,FALSE,-0.06807874623313631,1.1576144905662087,4.87289250532609,2.1543279764195566,8.471659151667335,3.715278014759881,6.317331175247778,2.6020531604878974,,TRUE
1067,TRUE,FALSE,-0.22177583579227747,1.269925575839504,6.910016596935202,2.5308019730850755,11.031713218420334,5.6400910210956985,8.500911245335258,2.8608202242395597,,TRUE
1068,TRUE,FALSE,-0.22466050931471968,1.0571596375396086,4.992304623488203,2.631582868553158,9.926787728762356,3.9351449859485945,7.295204860209198,3.3600598742606036,,TRUE
1069,TRUE,FALSE,-0.3912749759129761,0.7242318075847327,3.647141959629001,3.1204376311344415,10.625809288001744,2.9229101520442686,7.505371656867302,4.5824615048230335,,TRUE
1070,TRUE,FALSE,0.2037735112030837,1.045827731391267,3.2921166155172337,2.0914779680370956,8.071719524747653,2.246288884125967,5.980241556710558,3.733952672584591,,TRUE
1071,TRUE,FALSE,-0.3885556534864038,1.1123624454647958,7.225465278792959,2.502632606680726,11.022218667899704,6.113102833328163,8.519586061218979,2.4064832278908153,,TRUE
1072,TRUE,TRUE,-0.36439601623155854,0.9854789355353455,5.001099225679158,2.4650474445704615,8.68936877706403,4.015620290143812,6.224321332493569,2.208701042349757,,TRUE
1073,TRUE,FALSE,-0.10638209923399082,1.1929440956607418,5.497250908242387,3.0576117819847983,12.667959090378755,4.304306812581645,9.610347308393957,5.3060404958123115,,TRUE
1074,TRUE,FALSE,-0.292115024647245,1.6587030165044951,7.681819567183343,2.9268837338324345,10.121316259819263,6.023116550678848,7.194432525986828,1.17131597530798,,TRUE
1075,TRUE,FALSE,-0.20694009804390934,1.0661910500492127,5.801186582489023,2.5928708151060245,11.470695151192531,4.73499553243981,8.877824336086507,4.1428288036466965,,TRUE
1076,TRUE,FALSE,0.11231067040670796,1.2008006633139914,4.28517714124042,2.12418879140882,8.481386951160525,3.084376477926429,6.3571981597517055,3.2728216818252767,,TRUE
1077,TRUE,FALSE,-0.6041685777871136,0.9938005303231947,6.399263177985951,3.3707365185451605,11.86228827690262,5.405462647662756,8.49155175835746,3.0860891106947035,,TRUE
1078,TRUE,FALSE,-0.37498994777450095,1.3656911343508695,8.033746486479169,2.5743418256879167,10.408203635696054,6.668055352128299,7.833861810008138,1.1658064578798388,,TRUE
1079,TRUE,FALSE,-0.2378350424035274,1.0310806683460594,5.130415464409369,2.7880048414461585,10.936112487473773,4.099334796063309,8.148107646027615,4.048772849964306,,TRUE
1080,TRUE,FALSE,-0.054268845436454646,1.0321415969463659,4.017155393875831,2.2641844624852068,8.346847833735666,2.9850137969294654,6.082663371250459,3.0976495743209935,,TRUE
1081,TRUE,FALSE,-0.21539328172281505,1.2850693226316492,5.638436448808971,3.2851291708889545,11.620918907195177,4.3533671261773215,8.335789736306223,3.9824226101289018,,TRUE
1082,TRUE,FALSE,-0.2924640259946728,1.041571474621788,5.731035881045511,2.4304484165510134,9.98193978161838,4.689464406423722,7.551491365067366,2.8620269586436438,,TRUE
1083,TRUE,FALSE,-0.6247469949272969,0.9213419391383009,6.6675805379069155,2.379082373211732,9.217915794158408,5.746238598768615,6.838833420946676,1.0925948221780608,,TRUE
1084,TRUE,FALSE,0.5319403516093895,1.9886446131347877,5.001593114558756,2.570164017881136,11.00349825594865,3.0129485014239683,8.433334238067513,5.420385736643544,,TRUE
1085,TRUE,FALSE,-0.7443383679884047,1.1315247082610196,7.417654990375364,2.919149013933958,9.090689135881878,6.286130282114344,6.17154012194792,-0.11459016016642476,,TRUE
1086,TRUE,FALSE,-0.3465747638074134,1.2411044746988182,6.110286038674503,3.6040483565972123,12.546664980782644,4.869181563975685,8.942616624185431,4.073435060209746,,TRUE
1087,TRUE,FALSE,-0.16335430300099688,0.8233921992348817,3.656123078683441,3.55523969249229,13.40723039887446,2.8327308794485595,9.851990706382171,7.019259826933611,,TRUE
1088,TRUE,FALSE,-0.19289416976423668,1.488981616581462,6.689087195113442,2.5274468515640334,9.362388953847114,5.200105578531979,6.834942102283081,1.634836523751102,,TRUE
1089,TRUE,FALSE,-0.17488238896304203,1.2699982931416347,6.746328433214658,2.7100479018214165,12.086229979102288,5.476330140073023,9.376182077280871,3.899851937207848,,TRUE
1090,TRUE,FALSE,-0.2055838157130662,0.9465615150678425,4.483901340837724,2.1509504935587556,8.295712702955136,3.537339825769881,6.14476220939638,2.607422383626499,,TRUE
1091,TRUE,FALSE,-0.3328150066188529,1.624741430935735,9.557335410839114,3.1938882595351954,13.468913680887333,7.932593979903379,10.275025421352137,2.342431441448758,,TRUE
1092,TRUE,FALSE,-0.21127585762088713,1.8098509421359728,7.626470996979816,2.7090541800220915,9.241502099651154,5.816620054843844,6.532447919629062,0.7158278647852185,,TRUE
1093,TRUE,FALSE,-0.2910866321404866,0.912049750545936,5.025674962267534,2.811111448218722,11.578081806410912,4.1136252117215975,8.76697035819219,4.653345146470592,,TRUE
1094,TRUE,FALSE,-0.02078299616892474,1.5410451192381092,5.633455077216714,2.833691330610248,10.145794979589695,4.092409957978605,7.312103648979447,3.219693691000842,,TRUE
1095,TRUE,FALSE,-0.0684105981910585,1.1069764972885257,4.934379634986355,2.405306651179036,10.012770599609432,3.8274031376978295,7.6074639484303965,3.780060810732567,,TRUE
1096,TRUE,FALSE,-0.489748153237085,0.6272624007320584,3.8316380731896054,3.072840168781528,11.502183054002787,3.204375672457547,8.429342885221258,5.224967212763711,,TRUE
1097,TRUE,FALSE,-0.7360857755125674,0.866173524599424,6.5826909914735365,2.4608838684961087,8.958013086940005,5.716517466874112,6.497129218443896,0.7806117515697837,,TRUE
1098,TRUE,FALSE,-0.13133247118326413,0.8041946662043264,3.4582196202141735,2.6743964911492566,10.085099988134614,2.654024954009847,7.410703496985358,4.756678542975511,,TRUE
1099,TRUE,FALSE,0.0966464631025573,1.1708237454765487,4.934457294836703,1.9748352269246354,9.16751784686937,3.7636335493601543,7.192682619944734,3.42904907058458,,TRUE
1100,TRUE,FALSE,0.18249856374141338,1.3604091798484867,4.794412445218295,2.840650984157015,12.015499643848631,3.4340032653698076,9.174848659691616,5.740845394321808,,TRUE
1101,TRUE,FALSE,-0.31473267003365835,1.34576459144811,5.748340224719104,2.5482730252841774,7.945709125137809,4.402575633270994,5.397436099853632,0.9948604665826375,,TRUE
1102,TRUE,FALSE,0.21669823957836942,1.1380659449155863,4.593411078931102,2.302097426390121,11.539910343963303,3.455345134015516,9.237812917573182,5.782467783557665,,TRUE
1103,TRUE,FALSE,-0.40194567082117294,0.9661552381174273,5.976706989594157,2.476285314275699,10.248326363539258,5.010551751476729,7.772041049263558,2.761489297786829,,TRUE
1104,TRUE,FALSE,-0.009156528714867029,1.6092930331433795,7.372234355321745,2.519738022647588,11.437806918585835,5.762941322178365,8.918068895938248,3.1551275737598825,,TRUE
1105,TRUE,FALSE,-0.10701983717120349,1.1540578810079885,4.9865680771011665,2.3046106258591825,8.947332905588139,3.8325101960931782,6.6427222797289565,2.8102120836357782,,TRUE
1106,TRUE,FALSE,0.11765158073499934,0.9606156733898956,4.106670253289045,2.893790277308562,13.915622844804444,3.1460545798991495,11.021832567495881,7.875777987596732,,TRUE
1107,TRUE,FALSE,-0.4357057364443584,1.222822446482698,6.7435789981988705,2.5847824182960255,9.219904893097029,5.520756551716173,6.635122474801003,1.1143659230848302,,TRUE
1108,TRUE,FALSE,-0.2117952278608638,1.4782790582454866,6.848940732193453,3.2324584485154513,12.117650871780132,5.370661673947967,8.88519242326468,3.5145307493167133,,TRUE
1109,TRUE,FALSE,-0.6844953820651664,0.6509786110857294,4.008846941330132,2.916166977186978,9.05717118266271,3.357868330244403,6.141004205475732,2.7831358752313293,,TRUE
1110,TRUE,FALSE,0.22549613073985036,1.7860937287243779,3.944817005209518,3.2794293774172285,9.075125176824663,2.1587232764851403,5.795695799407435,3.6369725229222944,,TRUE
1111,TRUE,FALSE,-0.3746795077326734,1.278693838733822,5.851015112704808,3.5512313271891074,11.171779819373244,4.572321273970985,7.620548492184136,3.0482272182131513,,TRUE
1112,TRUE,FALSE,-0.04764961740666002,0.9371996841637998,4.0519941287411685,2.7232813100482165,11.226263028855621,3.1147944445773685,8.502981718807405,5.388187274230036,,TRUE
1113,TRUE,FALSE,-0.8457875724448651,1.5128675114035894,11.995346599894429,2.755311915012362,9.376954298387156,10.48247908849084,6.621642383374795,-3.8608367051160446,,TRUE
1114,TRUE,FALSE,-0.06510901147229238,1.6226050812350694,6.278093372113953,2.451549748354942,8.88749081950347,4.655488290878884,6.435941071148527,1.780452780269643,,TRUE
1115,TRUE,FALSE,-0.5064873897499477,0.5456220628663252,3.6012969420456322,2.6226408646707866,10.431365300205986,3.055674879179307,7.808724435535199,4.753049556355892,,TRUE
1116,TRUE,FALSE,-0.047338627219031273,1.2750540393391587,5.998762555492574,2.2180212292599224,9.95267618889714,4.723708516153415,7.734654959637218,3.0109464434838022,,TRUE
1117,TRUE,FALSE,-0.24766919715208693,0.6364751525077397,3.6389856808213,2.5100245024321,11.202513816417037,3.0025105283135605,8.692489313984936,5.689978785671375,,TRUE
1118,TRUE,FALSE,-0.07337002374252312,0.860253649889006,4.302420905982475,2.1195447603326083,9.850647246651635,3.4421672560934695,7.731102486319026,4.288935230225556,,TRUE
1119,TRUE,FALSE,-0.24566942780174458,0.9672367806463649,4.191945379383385,2.830466405675719,9.595065420097361,3.2247085987370196,6.764599014421642,3.5398904156846225,,TRUE
1120,TRUE,FALSE,-0.49268435225266144,1.223043545781735,8.513800981754793,2.7799479567806125,11.823556849853023,7.290757435973058,9.043608893072411,1.7528514570993536,,TRUE
1121,TRUE,FALSE,0.24830263939131852,1.5113411764397437,5.3416777092912255,2.42630685723472,10.992522372121028,3.830336532851482,8.56621551488631,4.735878982034827,,TRUE
1122,TRUE,FALSE,-0.16749772321138112,1.0911616758706457,4.975796583044494,3.5167211178364313,13.563385510304851,3.8846349071738486,10.04666439246842,6.162029485294571,,TRUE
1123,TRUE,FALSE,-0.2796347001198796,1.0442174008621632,4.964472481093587,2.336874058805519,8.39989160882386,3.9202550802314238,6.063017550018342,2.1427624697869185,,TRUE
1124,TRUE,FALSE,-0.3001258087786092,1.3363058213821633,7.253819787821223,2.851213448638846,11.464302837948416,5.91751396643906,8.61308938930957,2.69557542287051,,TRUE
1125,TRUE,FALSE,-0.26130078443539995,0.7488110004289984,3.7926489647899837,2.3758718062742012,9.266419281744954,3.043837964360985,6.890547475470752,3.846709511109767,,TRUE
1126,TRUE,FALSE,-0.2168490608930281,1.031521501162807,3.9127342821197284,3.59236130355194,10.969977318880796,2.8812127809569215,7.377616015328856,4.496403234371934,,TRUE
1127,TRUE,FALSE,-0.5813887686628093,0.8095288538739634,5.520280545592556,2.6884030450066496,10.250127351067695,4.710751691718592,7.561724306061045,2.850972614342453,,TRUE
1128,TRUE,FALSE,-0.2858529289122336,1.2167971374502995,6.54218776336013,2.1858046323506297,8.830225967066012,5.32539062590983,6.644421334715382,1.3190307088055517,,TRUE
1129,TRUE,FALSE,-0.22995634625858785,1.4073899570411619,7.059778181179196,2.5966429661450983,10.349516822878634,5.652388224138034,7.752873856733536,2.100485632595502,,TRUE
1130,TRUE,FALSE,0.09948708196347718,1.3677335478668975,4.318717983818219,2.752626232038403,9.600796860435139,2.9509844359513218,6.848170628396736,3.8971861924454143,,TRUE
1131,TRUE,FALSE,-0.46602462888472174,1.2517700012343895,8.19827477968699,2.0184014171905154,8.29494572307848,6.946504778452601,6.276544305887965,-0.669960472564636,,TRUE
1132,TRUE,FALSE,-0.4611385691196988,0.7769939954840974,4.737447942371034,2.9640394257394043,11.395695292310288,3.9604539468869366,8.431655866570884,4.471201919683947,,TRUE
1133,TRUE,FALSE,-0.3151541978554695,0.976664595253798,6.320799549621587,2.7526289376507154,12.998837523710208,5.34413495436779,10.246208586059492,4.902073631691702,,TRUE
1134,TRUE,FALSE,0.31168819325832,0.8773594305227413,2.7165849985668884,2.023595527118646,8.55724414122701,1.8392255680441472,6.533648614108364,4.694423046064216,,TRUE
1135,TRUE,FALSE,-0.41422728874510156,1.1862421730769068,6.2878046379719414,2.043151548512199,7.156977224454158,5.101562464895035,5.113825675941959,0.01226321104692385,,TRUE
1136,TRUE,FALSE,-0.027686841002009546,1.3095780457428186,5.74644433595408,2.551470140806915,10.890155131794158,4.4368662902112614,8.338684990987243,3.9018187007759817,,TRUE
1137,TRUE,FALSE,0.291550192644497,0.930318663845391,3.623756005266337,2.1381303941175256,11.147565718900092,2.693437341420946,9.009435324782565,6.315997983361619,,TRUE
1138,TRUE,FALSE,-0.22147079668007424,1.821021527147341,8.010738857447938,3.0674559884086148,10.813151551433657,6.1897173303005975,7.745695563025043,1.5559782327244456,,TRUE
1139,TRUE,FALSE,-0.21180820318676005,0.5215791056315795,2.1703814006301982,2.9032631936401088,9.774963585010516,1.6488022949986187,6.871700391370407,5.222898096371788,,TRUE
1140,TRUE,FALSE,-0.09400874776279194,0.5961638467114422,3.058361189606317,2.543138744468099,11.87587758651406,2.462197342894875,9.332738842045961,6.870541499151086,,TRUE
1141,TRUE,FALSE,-0.44461594684951705,1.3637498015940406,8.06650455769931,2.2166930477841635,8.40546975962423,6.7027547561052705,6.188776711840067,-0.5139780442652038,,TRUE
1142,TRUE,TRUE,0.23326604678640217,1.024244177668967,4.375788356683523,2.062387990571765,11.125750910863045,3.3515441790145557,9.063362920291281,5.711818741276725,,TRUE
1143,TRUE,FALSE,-0.3487826269383521,1.0072778632915618,6.520498158103155,2.3376494981543483,10.676687004320634,5.513220294811593,8.339037506166285,2.8258172113546918,,TRUE
1144,TRUE,FALSE,-0.31257321369040725,0.6825018696916286,3.52613761173852,2.5848148598250495,9.769583104220096,2.8436357420468914,7.1847682443950465,4.341132502348155,,TRUE
1145,TRUE,FALSE,-0.16957690177501922,1.4470120957820365,5.9556847612545845,2.874131175910363,9.984350386205186,4.508672665472548,7.110219210294823,2.601546544822275,,TRUE
1146,TRUE,FALSE,-0.5455097199310839,0.8435378656870144,5.104236037201144,2.812698969473439,9.86364787425381,4.26069817151413,7.05094890478037,2.79025073326624,,TRUE
1147,TRUE,FALSE,0.30962735842645134,1.1007343711088022,3.7044889132927765,2.679873565969895,12.292197505055098,2.6037545421839745,9.612323939085202,7.008569396901228,,TRUE
1148,TRUE,FALSE,-0.41194000060245645,0.8491575607059898,4.676889128769341,2.904202535018947,10.594791752273775,3.827731568063351,7.690589217254828,3.8628576491914766,,TRUE
1149,TRUE,FALSE,-0.09731488266170947,1.6529933844927045,6.957138525425667,2.996204815571668,11.441098285944623,5.304145140932962,8.444893470372955,3.140748329439993,,TRUE
1150,TRUE,FALSE,0.10258480744650314,1.0839485856769828,3.851627088681911,2.6457210221951977,10.416734938037655,2.767678503004928,7.771013915842457,5.003335412837529,,TRUE
1151,TRUE,FALSE,-0.20844323922281507,0.9073105614302235,4.575225953279847,3.1962379437028727,13.084885754974533,3.6679153918496232,9.88864781127166,6.220732419422037,,TRUE
1152,TRUE,FALSE,-0.27076649169876715,0.8689787883686257,4.982172283595379,2.3275638234415124,10.179320091744978,4.113193495226753,7.8517562683034665,3.7385627730767137,,TRUE
1153,TRUE,FALSE,0.5854338165107016,1.7119572159466192,3.9581800352782484,3.1983450103891395,13.279405203180925,2.246222819331629,10.081060192791785,7.8348373734601555,,TRUE
1154,TRUE,FALSE,-0.6921735519408149,0.7256965138644423,6.110910427967094,2.10693652823778,8.87963633610624,5.385213914102652,6.7726998078684595,1.3874858937658079,,TRUE
1155,TRUE,FALSE,0.16076029139337145,1.867684512195545,6.769975037023015,2.6550864306883613,11.302630251561332,4.90229052482747,8.647543820872972,3.745253296045502,,TRUE
1156,TRUE,FALSE,0.27622351923874733,1.5963765327874269,5.509332215618217,2.822177180145122,12.838380780086611,3.9129556828307903,10.01620359994149,6.103247917110699,,TRUE
1157,TRUE,FALSE,-0.5623643106628493,1.3456859572515372,8.609788103426153,2.7433887621114144,10.00240375126663,7.264102146174616,7.259014989155216,-0.005087157019399768,,TRUE
1158,TRUE,FALSE,0.16932834537023664,0.7949329953767431,2.859370452005522,2.258766065467047,9.623864990608412,2.064437456628779,7.365098925141366,5.300661468512587,,TRUE
1159,TRUE,FALSE,-0.18937549632272282,0.5349231855785994,2.8527405910076866,2.2454856446253317,9.909150152556009,2.3178174054290874,7.663664507930678,5.34584710250159,,TRUE
1160,TRUE,FALSE,0.25306662719772377,2.353916027673966,7.225407680595317,2.4471554536726954,9.674719639626678,4.871491652921351,7.227564185953983,2.3560725330326324,,TRUE
1161,TRUE,FALSE,-0.5371958251109068,0.7168035599623647,3.949149896902716,3.1384005241476665,10.104402787926421,3.2323463369403513,6.966002263778755,3.7336559268384035,,TRUE
1162,TRUE,FALSE,-0.2879228611573675,1.1592151636188124,5.5576203494713745,2.6477044078287437,9.518116390869356,4.398405185852562,6.870411983040611,2.4720067971880493,,TRUE
1163,TRUE,FALSE,-0.5105734999056246,0.6568004490103749,4.537440927735494,2.234609292604971,9.264881946353796,3.8806404787251187,7.030272653748825,3.149632175023706,,TRUE
1164,TRUE,FALSE,-0.4077415133267361,1.0844231074292012,5.711855517276418,2.851366018597168,9.98967893643444,4.627432409847216,7.138312917837273,2.5108805079900565,,TRUE
1165,TRUE,FALSE,0.14256330704952197,1.6773400088075696,4.797645885382891,2.4792115115663234,8.177774309725585,3.120305876575321,5.698562798159262,2.5782569215839413,,TRUE
1166,TRUE,FALSE,0.05432134932021213,0.7148648941864653,2.502767497042784,3.5150762604828683,12.993398253473398,1.7879026028563185,9.47832199299053,7.6904193901342115,,TRUE
1167,TRUE,FALSE,0.17764606622974494,1.309766128598494,3.9530463929054713,2.7090567450412224,9.765780630922915,2.643280264306977,7.056723885881693,4.413443621574716,,TRUE
1168,TRUE,FALSE,0.3782695135876876,1.3767809523955883,4.472555571452901,2.2365877100343896,10.606136032122432,3.0957746190573125,8.369548322088043,5.273773703030731,,TRUE
1169,TRUE,FALSE,0.3690617386662013,1.5640780160178869,5.328875758007148,2.026958632897693,9.988575234978793,3.764797741989261,7.9616166020811,4.196818860091839,,TRUE
1170,TRUE,FALSE,-0.499978698016492,0.6227530573597599,4.728644724707828,2.2225525852457393,10.23610831299488,4.105891667348068,8.01355572774914,3.9076640604010713,,TRUE
1171,TRUE,FALSE,-0.21787855053173805,0.6021027886950954,3.1651121786723686,2.581458162942552,10.91340084650656,2.5630093899772732,8.331942683564009,5.768933293586736,,TRUE
1172,TRUE,FALSE,-0.06116555237328506,0.9556274532399739,3.8289373191986047,2.8499056839003476,10.741285616251506,2.873309865958631,7.891379932351159,5.018070066392528,,TRUE
1173,TRUE,FALSE,-0.6733815713535592,0.6936637694078378,4.273386814755119,2.953144019250217,9.278161348351542,3.579723045347281,6.325017329101325,2.7452942837540437,,TRUE
1174,TRUE,FALSE,-0.6303195571009179,0.7993782854324816,4.86532941367192,3.1969178620560146,10.359697539579923,4.065951128239439,7.162779677523908,3.096828549284469,,TRUE
1175,TRUE,FALSE,-0.2120403535763552,1.7255030667086662,8.202090584533872,3.846084104745056,14.789028550830535,6.476587517825206,10.942944446085479,4.466356928260272,,TRUE
1176,TRUE,FALSE,0.012857372755029654,0.9613240689188733,3.5375308859099555,2.9633038222062313,11.045630004884009,2.576206816991082,8.082326182677777,5.506119365686695,,TRUE
1177,TRUE,FALSE,-0.010017639387277483,0.9712189822146237,4.840734438122067,2.272740089714621,11.214844679530128,3.869515455907443,8.942104589815507,5.072589133908064,,TRUE
1178,TRUE,FALSE,-0.17395492806473453,1.2137927223970588,5.597918595784414,2.6126360339599395,10.125425825316176,4.3841258733873545,7.512789791356237,3.1286639179688827,,TRUE
1179,TRUE,FALSE,0.18317641280160404,0.8744528331345423,2.9384283684355985,2.5192418475357337,10.167193431657628,2.063975535301056,7.647951584121895,5.583976048820839,,TRUE
1180,TRUE,FALSE,-0.666988860766068,0.5934611856120717,3.9044205873903026,2.719869986054269,9.184231815898613,3.3109594017782307,6.464361829844345,3.153402428066114,,TRUE
1181,TRUE,FALSE,-0.5200593047773053,0.8220191150509915,4.903262168286431,2.094846055069236,7.428419563485654,4.08124305323544,5.333573508416418,1.252330455180978,,TRUE
1182,TRUE,FALSE,-0.16015414652069945,1.4007394529403088,6.170179381194558,3.1637311482037753,11.873696321233234,4.769439928254249,8.70996517302946,3.940525244775211,,TRUE
1183,TRUE,FALSE,-0.08682877876276332,1.1099989503384107,4.582855490953861,3.1285956798265437,11.842783139900135,3.4728565406154503,8.71418746007359,5.24133091945814,,TRUE
1184,TRUE,FALSE,-0.157361127111106,0.8673911783336147,3.6372071261289003,2.4615251555747926,8.818937030219347,2.7698159477952857,6.357411874644555,3.587595926849269,,TRUE
1185,TRUE,FALSE,-0.020701680691119183,1.1677225109553457,4.36226851247047,3.3280682464488507,12.177954293005001,3.194546001515124,8.84988604655615,5.655340045041027,,TRUE
1186,TRUE,FALSE,0.27678235586642824,1.1209831078985277,4.190851521639246,2.3178012358026905,11.42837404233885,3.069868413740718,9.11057280653616,6.040704392795442,,TRUE
1187,TRUE,FALSE,0.2129662392797868,1.7331867726850056,5.950822116562996,2.487766802526743,10.568937585887971,4.2176353438779906,8.081170783361229,3.863535439483238,,TRUE
1188,TRUE,FALSE,0.0033720538174735783,1.2176020980830544,3.9674302103443,2.6459254598709276,8.650594958563737,2.7498281122612456,6.0046694986928095,3.254841386431564,,TRUE
1189,TRUE,FALSE,0.1786611836103219,1.7048509761660917,6.154372884139551,2.3856303800224317,10.296558854552572,4.44952190797346,7.91092847453014,3.46140656655668,,TRUE
1190,TRUE,FALSE,-1.05098978573638,0.6759946408693774,6.193057429148381,3.542023696566444,11.344209863727729,5.517062788279004,7.802186167161285,2.2851233788822807,,TRUE
1191,TRUE,FALSE,0.2889954152680486,1.14973646582785,3.3829105697748627,2.769322306960823,10.878645610057927,2.2331741039470128,8.109323303097103,5.87614919915009,,TRUE
1192,TRUE,FALSE,0.007403576127054911,1.0853505734063749,4.455517060601354,2.544249819951061,10.522117703757447,3.370166487194979,7.977867883806386,4.607701396611407,,TRUE
1193,TRUE,FALSE,-0.12783531733052614,1.5229052387399202,6.374312816921506,2.6899058881460034,9.907849579759876,4.851407578181586,7.217943691613873,2.3665361134322866,,TRUE
1194,TRUE,FALSE,-0.6909865290690554,0.8193720637176755,6.146187227855982,2.3789563034184136,8.941686957606676,5.326815164138307,6.562730654188262,1.2359154900499547,,TRUE
1195,TRUE,FALSE,0.26980260966638125,1.0377525144056134,3.326508833721311,2.796638519349118,11.740997793307976,2.2887563193156977,8.944359273958858,6.65560295464316,,TRUE
1196,TRUE,FALSE,-0.267470453852635,1.1809791548981168,4.731051932722838,3.640262439425494,11.160592098483997,3.5500727778247216,7.520329659058503,3.9702568812337815,,TRUE
1197,TRUE,FALSE,-0.10295079098478813,1.2768734041077467,5.893666109285095,2.6659151285991265,11.101279725285186,4.616792705177349,8.43536459668606,3.8185718915087117,,TRUE
1198,TRUE,FALSE,0.08179941486722811,1.6866155941457226,6.470849903694878,2.7752391283016555,11.555018875639856,4.784234309549156,8.7797797473382,3.995545437789044,,TRUE
1199,TRUE,FALSE,-0.029015527812845984,1.116958095441106,4.168106942246104,3.45013024241628,12.506511289959152,3.051148846804998,9.056381047542871,6.005232200737873,,TRUE
1200,TRUE,FALSE,0.16224224868132434,1.2959953737343626,4.604680364469708,3.093577880538765,12.927602943285555,3.3086849907353453,9.83402506274679,6.525340072011444,,TRUE
1201,TRUE,FALSE,-0.04086685042922487,0.7177617002168156,2.8300129879380385,2.9822013704170423,11.287476673590401,2.112251287721223,8.305275303173358,6.193024015452135,,TRUE
1202,TRUE,FALSE,-0.40869157975257364,1.2808523703413917,5.373466001455388,2.6821111737425958,7.477212212236024,4.092613631113997,4.795101038493428,0.7024874073794312,,TRUE
1203,TRUE,FALSE,-0.13310757568931642,1.5444350203728858,5.708888037103153,2.7743362135661074,8.977038548036122,4.164453016730268,6.202702334470015,2.038249317739747,,TRUE
1204,TRUE,FALSE,-0.10807927341198055,0.9594084029154031,4.484497914826938,2.9003389918666747,12.16804585620521,3.525089511911535,9.267706864338535,5.7426173524270006,,TRUE
1205,TRUE,FALSE,0.09941700008555512,1.1121990103946602,4.067645178671652,2.242238076635354,9.0577125869681,2.955446168276992,6.815474510332745,3.860028342055753,,TRUE
1206,TRUE,FALSE,0.03769568583689676,1.0922488941809332,3.7511473697005457,2.8948484487970885,10.323795032998008,2.658898475519613,7.42894658420092,4.770048108681308,,TRUE
1207,TRUE,FALSE,0.07519615324348568,1.4677499465859947,4.863819957631532,2.5042399081178317,8.946612427901607,3.396070011045537,6.442372519783776,3.046302508738239,,TRUE
1208,TRUE,FALSE,-0.037024175591043935,1.6402169998479441,5.8173741175439435,2.9063863442243587,9.933439126622023,4.177157117696,7.027052782397664,2.8498956647016644,,TRUE
1209,TRUE,FALSE,-0.14498268133940168,0.9875703846539589,3.960732386693818,2.9029488223541846,10.071209792227505,2.9731620020398593,7.1682609698733195,4.19509896783346,,TRUE
1210,TRUE,FALSE,-0.20144160019126425,1.5079033379286149,6.952958690277041,3.253952128448675,12.266547094155035,5.445055352348426,9.01259496570636,3.5675396133579333,,TRUE
1211,TRUE,FALSE,0.09767170718745413,1.1314471230280185,3.5990837482500346,2.867046233123683,10.055662064445999,2.467636625222016,7.188615831322316,4.7209792061003,,TRUE
1212,TRUE,FALSE,0.132467269431362,1.0734505946532313,3.9980406032498315,2.6157365980612606,11.122155238580532,2.9245900085966,8.506418640519271,5.581828631922671,,TRUE
1213,TRUE,FALSE,0.4485030421803319,1.9556053305896186,5.425966947533683,2.5674130882949995,11.155115689382141,3.4703616169440648,8.587702601087141,5.117340984143077,,TRUE
1214,TRUE,FALSE,-0.4501789412720652,0.7301654565209269,4.406941699398498,2.53608176366406,9.758184906260464,3.676776242877571,7.222103142596405,3.5453268997188334,,TRUE
1215,TRUE,FALSE,-0.6613891285867302,0.971950563529092,7.324740423213031,2.6229390004021638,10.202312088231537,6.352789859683939,7.579373087829373,1.2265832281454339,,TRUE
1216,TRUE,FALSE,-0.4977851879836671,0.9332573038661606,4.1766915790549275,3.3375943587052816,9.079861030116087,3.243434275188767,5.742266671410805,2.498832396222038,,TRUE
1217,TRUE,FALSE,0.04454611190513562,1.6537575918876455,7.263267610822049,2.142240843760937,9.837270662653166,5.609510018934404,7.6950298188922295,2.085519799957826,,TRUE
1218,TRUE,FALSE,0.050947636173587205,0.661028879176467,2.4283186378224966,2.2219418821923758,8.589031829730466,1.7672897586460294,6.367089947538091,4.599800188892061,,TRUE
1219,TRUE,FALSE,-0.3173462092641334,1.5115394993306939,7.045844003597604,2.759087564437737,9.363911474220622,5.53430450426691,6.604823909782885,1.0705194055159755,,TRUE
1220,TRUE,FALSE,0.012308105663895133,1.3374934372638572,5.165817542196832,2.9744902871124363,11.63068518314826,3.8283241049329746,8.656194896035824,4.82787079110285,,TRUE
1221,TRUE,FALSE,-0.1991081959444198,0.7827005779461815,3.231930331292505,2.7677027625264277,9.365138237355561,2.449229753346324,6.597435474829133,4.148205721482809,,TRUE
1222,TRUE,FALSE,-0.07716233012533386,1.4614290962030307,6.842196508356492,2.533646839279821,10.981273250424866,5.380767412153462,8.447626411145045,3.0668589989915827,,TRUE
1223,TRUE,FALSE,-0.5137234883358535,0.5835905500358365,3.68435106738981,2.192942739892392,8.282716003675295,3.1007605173539736,6.089773263782903,2.9890127464289296,,TRUE
1224,TRUE,FALSE,-0.14848733979249532,1.1570993437144534,4.788798665848485,2.4892571717854204,8.880521416829309,3.6316993221340312,6.391264245043889,2.7595649229098576,,TRUE
1225,TRUE,FALSE,-0.053553169118065784,1.2177392760323424,5.024915972347069,3.140623909630433,12.283795478233086,3.807176696314726,9.143171568602654,5.335994872287928,,TRUE
1226,TRUE,FALSE,0.37769898690728504,1.724478018337688,5.419118598047896,2.925616694616064,13.4128480386728,3.6946405797102075,10.487231344056736,6.792590764346529,,TRUE
1227,TRUE,FALSE,0.061271263979400144,1.1518220161241655,5.041038943869501,2.3671325394357154,11.01455673703379,3.889216927745336,8.647424197598074,4.758207269852738,,TRUE
1228,TRUE,FALSE,-0.1681099145916326,0.687836875027175,3.175258070037143,2.4818527464877933,9.684124761131361,2.487421195009968,7.202272014643568,4.7148508196336,,TRUE
1229,TRUE,FALSE,-0.2727342204156486,0.8763120637853158,4.172550260261554,2.921116149873454,10.588748787985505,3.296238196476238,7.667632638112051,4.371394441635813,,TRUE
1230,TRUE,FALSE,-0.1638825107381084,1.186767378069516,6.610469517089945,2.491291406092744,11.779258884270655,5.423702139020429,9.287967478177912,3.864265339157482,,TRUE
1231,TRUE,FALSE,0.13934150128643003,1.647994087683566,5.782745676056551,3.609757089686971,14.560345030454513,4.1347515883729855,10.950587940767543,6.815836352394557,,TRUE
1232,TRUE,FALSE,-0.06948965528296881,1.1096226827550335,3.379679484389129,2.922423822075509,8.30356166091872,2.2700568016340954,5.381137838843212,3.111081037209116,,TRUE
1233,TRUE,FALSE,-0.40381721671426596,0.6513522377475235,4.2761354401825065,2.5938247545295607,11.371050404405521,3.624783202434983,8.77722564987596,5.152442447440977,,TRUE
1234,TRUE,FALSE,-0.13098031221407055,1.1241284753417236,4.877460830043346,2.250763621825323,8.566900082057057,3.7533323547016226,6.316136460231734,2.562804105530111,,TRUE
1235,TRUE,FALSE,-0.4001955666284408,1.2783781190922043,7.311761795528349,2.885900779355099,11.062196661605398,6.033383676436144,8.1762958822503,2.142912205814155,,TRUE
1236,TRUE,FALSE,-0.33795906558653466,1.1807762413607596,6.081898728810522,3.519750355716385,12.930332193274428,4.901122487449762,9.410581837558043,4.509459350108281,,TRUE
1237,TRUE,FALSE,-0.5741642249543121,0.9106058641906268,5.084070781039024,3.3808529210287968,10.63043579193903,4.173464916848397,7.249582870910233,3.0761179540618357,,TRUE
1238,TRUE,FALSE,-0.6109407967774254,0.9519098891351777,5.938911011127756,2.782042735217854,9.422075053171943,4.987001121992578,6.640032317954089,1.6530311959615114,,TRUE
1239,TRUE,FALSE,0.10370087841085707,0.7195922035785277,2.7942890249914396,2.867504072028831,12.351668809293699,2.074696821412912,9.484164737264868,7.409467915851955,,TRUE
1240,TRUE,FALSE,-0.5279579611250094,1.278726543121987,6.8439593034756045,3.452025679149733,10.897190090916663,5.565232760353617,7.44516441176693,1.8799316514133126,,TRUE
1241,TRUE,FALSE,0.00846333962673883,0.8309097703328935,3.863280090647209,2.1978962572559793,10.305880477689701,3.0323703203143153,8.107984220433721,5.075613900119405,,TRUE
1242,TRUE,FALSE,-0.32777936763090015,1.1548082830505628,6.6013580073861355,3.243163583535928,13.357939745207178,5.446549724335573,10.11477616167125,4.668226437335677,,TRUE
1243,TRUE,FALSE,-0.26956110287022256,0.8725912631089019,4.058699522507032,2.5603593467392507,9.095112252026023,3.1861082593981305,6.534752905286773,3.3486446458886423,,TRUE
1244,TRUE,FALSE,-0.37324027886488026,1.1221338288906868,5.695051353750098,2.8477429704778725,9.950790533393054,4.572917524859411,7.103047562915181,2.53013003805577,,TRUE
1245,TRUE,FALSE,-0.3272696670944115,0.7060564660560564,3.9606943110961748,3.0041498658680488,12.148483652739147,3.2546378450401185,9.144333786871098,5.889695941830979,,TRUE
1246,TRUE,FALSE,-0.2977533865759263,1.253856844577528,7.867310701690437,2.460665687569809,11.46352830216028,6.613453857112909,9.00286261459047,2.38940875747756,,TRUE
1247,TRUE,TRUE,-0.47279548598181226,1.1430349950172876,6.65436753925493,3.153913919206027,11.443651480231877,5.511332544237643,8.289737561025849,2.7784050167882057,,TRUE
1248,TRUE,FALSE,0.010839433749032266,2.4580209789878036,7.8891704593925125,2.9533159107548195,9.58215443376547,5.431149480404709,6.628838523010652,1.1976890426059423,,TRUE
1249,TRUE,FALSE,0.34130933767227717,1.4388908014033934,4.27698671264696,2.217309891331926,9.271824896721991,2.838095911243567,7.054515005390066,4.216419094146499,,TRUE
1250,TRUE,FALSE,-0.2919915426067992,0.35158831469530905,1.9295432953586702,2.137818057924777,8.76154146634062,1.5779549806633613,6.623723408415843,5.045768427752482,,TRUE
1251,TRUE,FALSE,-0.22329944046011133,1.0467235770339356,5.782751054713997,2.265055108777297,10.009296353518804,4.736027477680062,7.744241244741508,3.008213767061446,,TRUE
1252,TRUE,FALSE,-0.1314072910377011,1.4106425943640983,6.491547083401269,2.969033940946721,11.980554499822327,5.08090448903717,9.011520558875606,3.930616069838436,,TRUE
1253,TRUE,FALSE,-0.360117083381393,0.8466323336477711,4.272164793791019,2.2237241269555277,7.82775442112028,3.4255324601432475,5.604030294164752,2.1784978340215044,,TRUE
1254,TRUE,FALSE,0.3010344497824237,1.4986754131478879,4.758602561246202,2.447418532299089,10.500686584771694,3.2599271480983143,8.053268052472605,4.793340904374291,,TRUE
1255,TRUE,FALSE,-0.13044725570320484,1.0834997553580656,5.241332561312783,2.680542975688518,11.381071453085552,4.157832805954717,8.700528477397034,4.542695671442317,,TRUE
1256,TRUE,FALSE,-0.9506572478222285,0.9587979161999044,8.367620478543193,3.0082147764416143,10.146553179788116,7.408822562343289,7.138338403346502,-0.270484158996787,,TRUE
1257,TRUE,FALSE,-0.20272443742311336,1.3640884699804783,5.476997771366407,3.110046647461776,10.195882565308802,4.112909301385929,7.085835917847026,2.9729266164610975,,TRUE
1258,TRUE,FALSE,-0.4816267354928232,1.168645143697935,6.935299454737157,4.223381858331999,15.483711678183552,5.766654311039222,11.260329819851552,5.493675508812331,,TRUE
1259,TRUE,FALSE,-0.1572380604903384,0.42673533601630054,1.9427429602687594,2.5337004447708087,9.856537606846338,1.5160076242524587,7.32283716207553,5.806829537823071,,TRUE
1260,TRUE,FALSE,-0.014477354173766357,1.1052619526749823,3.822845632357432,2.5537956577143888,8.706031824778192,2.7175836796824493,6.152236167063803,3.4346524873813538,,TRUE
1261,TRUE,FALSE,-0.44178833146876945,1.2668866436293207,6.713774602652269,3.2465592438888824,11.060788733499814,5.446887959022948,7.814229489610932,2.367341530587984,,TRUE
1262,TRUE,FALSE,0.22061138540419187,0.8697907027575144,3.0380129118828902,2.9423293857663744,12.813756024025977,2.1682222091253758,9.871426638259603,7.703204429134227,,TRUE
1263,TRUE,FALSE,-0.2014224023967779,1.5634677378510353,6.016613025844324,3.1839899180700515,10.017473485537288,4.453145287993288,6.833483567467236,2.380338279473948,,TRUE
1264,TRUE,FALSE,-0.3185629232044192,0.8849524018806955,4.028172836790777,2.7739314797888484,9.181926113337852,3.143220434910081,6.407994633549004,3.2647741986389227,,TRUE
1265,TRUE,FALSE,0.22523760770111448,1.3125325919324042,4.428363248994881,2.709274373253663,11.450002481229674,3.1158306570624763,8.740728107976011,5.624897450913535,,TRUE
1266,TRUE,FALSE,-0.14632318290091328,1.1072318339689957,4.963582559477955,2.7076575788543766,10.485836367242044,3.8563507255089595,7.778178788387667,3.9218280628787072,,TRUE
1267,TRUE,FALSE,-0.34251945012131196,0.8748895671758341,5.660716182970619,2.1870090534671935,10.046491399515242,4.785826615794785,7.859482346048049,3.0736557302532637,,TRUE
1268,TRUE,FALSE,-0.3815540290097842,1.2205357427125292,5.684045216707998,2.81356952610176,8.94659677835239,4.463509473995469,6.1330272522506295,1.6695177782551607,,TRUE
1269,TRUE,FALSE,0.06994862354624722,0.9417041127394647,3.2381429974279268,2.0206319002834263,7.451557594546231,2.2964388846884622,5.430925694262805,3.1344868095743426,,TRUE
1270,TRUE,FALSE,-0.33845923528091215,0.8294571291391778,4.689514608650484,2.984381653895599,12.028108366282753,3.860057479511306,9.043726712387155,5.1836692328758485,,TRUE
1271,TRUE,FALSE,-0.20969087129032016,1.5487725507613745,8.04696389657612,2.705229510449186,11.396747803025626,6.498191345814745,8.69151829257644,2.1933269467616947,,TRUE
1272,TRUE,FALSE,-0.09172820613755855,1.270550635573172,5.288202728926728,2.3953249063825717,9.095854291391458,4.017652093353556,6.7005293850088865,2.6828772916553305,,TRUE
1273,TRUE,FALSE,-8.337135177416523e-4,1.9753275523099514,7.997086816336864,3.2569931300136936,13.174903856833973,6.021759264026913,9.91791072682028,3.896151462793367,,TRUE
1274,TRUE,FALSE,-0.36047819423491745,1.0305512663504763,5.834672813748253,3.6438956492274484,14.386632407789207,4.804121547397777,10.742736758561758,5.938615211163981,,TRUE
1275,TRUE,FALSE,0.21719557277000043,1.667754094824733,5.759724887359496,2.9811132877704885,12.793077867890045,4.091970792534763,9.811964580119556,5.719993787584793,,TRUE
1276,TRUE,FALSE,-0.2112991466143969,0.9103016818713082,4.712581979352455,2.5505061017725037,10.68892147352852,3.802280297481147,8.138415371756016,4.336135074274869,,TRUE
1277,TRUE,FALSE,-0.22030530542570403,1.3210834905546094,6.442611063575177,2.8055836338644897,10.976843939258213,5.121527573020568,8.171260305393723,3.0497327323731547,,TRUE
1278,TRUE,FALSE,0.13481594801794416,1.338445971391627,4.317184269634716,2.5795177450254267,9.52112097301413,2.9787382982430888,6.941603227988702,3.9628649297456136,,TRUE
1279,TRUE,FALSE,-0.09800232005201996,0.864690296308689,3.4854262288856144,2.6425550965173974,9.657339385221963,2.6207359325769253,7.014784288704566,4.394048356127641,,TRUE
1280,TRUE,FALSE,0.23810959071702467,1.469362221747802,4.655624078817123,2.2709224299984125,9.129794815469918,3.1862618570693213,6.858872385471505,3.672610528402184,,TRUE
1281,TRUE,FALSE,0.010992433636783993,0.7124004940638266,2.7793515219474285,3.013612168244277,11.887227660276647,2.066951027883602,8.87361549203237,6.806664464148767,,TRUE
1282,TRUE,FALSE,-0.8269168666864308,0.603484859089865,4.363600879973186,2.356288205780178,7.452150539187923,3.760116020883321,5.095862333407745,1.3357463125244244,,TRUE
1283,TRUE,FALSE,0.19460228294333637,0.8536840530887618,2.820274870894377,2.94370970060695,11.814189852280078,1.9665908178056153,8.870480151673128,6.903889333867513,,TRUE
1284,TRUE,FALSE,-0.03529793101249145,1.176416767533197,5.446930905071337,2.6182064229595112,11.702128091897984,4.27051413753814,9.083921668938473,4.813407531400332,,TRUE
1285,TRUE,FALSE,-0.2067643846240294,1.0528441985161527,3.7979275383099136,2.853960244957967,8.372089337103997,2.745083339793761,5.5181290921460295,2.7730457523522687,,TRUE
1286,TRUE,FALSE,-0.07252815263597731,1.378751118783776,5.33162267031058,2.632826731816161,9.468849861746932,3.952871551526804,6.836023129930771,2.883151578403967,,TRUE
1287,TRUE,FALSE,-0.4525707224407696,1.0410981797122156,6.085909165236254,2.319871186895608,8.624793036837303,5.044810985524038,6.304921849941696,1.2601108644176575,,TRUE
1288,TRUE,FALSE,-0.7600111039391094,0.9790985355793724,7.638597130287106,2.8793335259466795,10.505350573044748,6.659498594707734,7.626017047098069,0.9665184523903347,,TRUE
1289,TRUE,FALSE,-0.04907067327317927,0.9585055796570897,3.709301352982531,2.0545996892626817,7.570308328128612,2.7507957733254416,5.515708638865931,2.7649128655404893,,TRUE
1290,TRUE,FALSE,0.02816216898313,1.5708250900740115,6.392630717340277,2.8081379496865075,11.754411788132899,4.821805627266266,8.946273838446391,4.124468211180125,,TRUE
1291,TRUE,FALSE,0.0016310857054099486,1.0548041232113954,3.5562607339787493,2.4858849317628837,8.394815760618936,2.501456610767354,5.908930828856052,3.407474218088698,,TRUE
1292,TRUE,FALSE,-0.43763667007830676,1.4395839656012372,7.312183732935407,3.071769244782697,10.072458612484075,5.87259976733417,7.000689367701378,1.1280896003672085,,TRUE
1293,TRUE,FALSE,-0.5250423282113235,1.0917046016360965,6.963153884845209,2.4439113561706756,9.22068775991225,5.871449283209112,6.776776403741575,0.9053271205324629,,TRUE
1294,TRUE,FALSE,0.30026174496407204,0.9792185048759573,2.9622378665039464,2.9272303700055744,11.956367036073031,1.983019361627989,9.029136666067457,7.046117304439468,,TRUE
1295,TRUE,FALSE,-0.052652694187140185,0.8315141684375529,3.7593846437741996,2.5931897098817602,11.12281270936133,2.927870475336647,8.529622999479571,5.601752524142924,,TRUE
1296,TRUE,FALSE,-0.43672930902123724,0.6577430264389955,4.288232542059681,2.4727904822338114,10.416942511583416,3.630489515620686,7.944152029349604,4.313662513728918,,TRUE
1297,TRUE,FALSE,0.3660111263668192,0.9625780525771563,2.9245975858733777,2.280492392463348,9.99114822891536,1.9620195332962214,7.710655836452013,5.748636303155791,,TRUE
1298,TRUE,FALSE,-0.5613597775442666,0.9350973420370179,5.31956231851984,3.0745265127249457,9.977043532951074,4.384464976482822,6.902517020226128,2.518052043743306,,TRUE
1299,TRUE,FALSE,-0.17796134075076403,1.7372789188060882,7.224619591701268,2.9155129365939696,10.147820563834246,5.48734067289518,7.232307627240276,1.744966954345096,,TRUE
1300,TRUE,FALSE,-0.13193780973726746,1.4048444152001343,6.978439905249239,2.0248429530039984,8.814985369456643,5.5735954900491045,6.790142416452644,1.2165469264035398,,TRUE
1301,TRUE,FALSE,-0.1912184422773473,0.9233294280793105,4.0680991412784655,2.1817611359947064,7.939569191777839,3.144769713199155,5.757808055783132,2.6130383425839767,,TRUE
1302,TRUE,FALSE,-0.24933008799313397,0.9153060918401463,4.564523254527487,2.5401421933678985,9.871983441260769,3.649217162687341,7.33184124789287,3.6826240852055285,,TRUE
1303,TRUE,FALSE,-0.009391047503314072,0.8112980893955004,3.160047853899255,2.961223422073975,11.426307353302626,2.3487497645037543,8.465083931228651,6.116334166724897,,TRUE
1304,TRUE,FALSE,-0.3005311240540337,1.2711259582795444,7.4850967504803965,2.847766776363063,12.416358418735744,6.213970792200852,9.568591642372681,3.3546208501718286,,TRUE
1305,TRUE,FALSE,0.0619687235268231,0.9395895357215265,3.81218035761708,2.85401952657203,12.319834756425559,2.8725908218955536,9.46581522985353,6.593224407957976,,TRUE
1306,TRUE,FALSE,0.3391476001481048,1.2113907544743943,3.540771162809649,2.5449016502564428,10.441780017598411,2.329380408335255,7.8968783673419685,5.5674979590067135,,TRUE
1307,TRUE,FALSE,-0.6725202517071953,1.116475734599967,6.948006564687737,2.944127500857899,9.351810786337504,5.83153083008777,6.407683285479605,0.5761524553918349,,TRUE
1308,TRUE,FALSE,-0.8740667062725762,0.9625188343273374,8.839561037924195,2.257960796866597,8.652378561679445,7.877042203596858,6.394417764812848,-1.4826244387840095,,TRUE
1309,TRUE,FALSE,-0.41051489671226166,0.6402351740272002,3.582016603362506,2.919495148712739,10.834564711663603,2.9417814293353057,7.915069562950864,4.973288133615558,,TRUE
1310,TRUE,FALSE,-0.03461439992746089,0.9263368553905108,3.6268545759663255,3.0530551867263815,11.546836349345464,2.7005177205758146,8.493781162619083,5.793263442043268,,TRUE
1311,TRUE,FALSE,-0.36658438254709563,1.0431768002498845,5.3932029432462505,2.222481661838949,7.963820350699752,4.3500261429963665,5.741338688860803,1.3913125458644364,,TRUE
1312,TRUE,FALSE,-0.3377429720471831,0.8106066850763182,4.59373332901379,2.220428371186742,8.976612086236878,3.7831266439374716,6.7561837150501365,2.973057071112665,,TRUE
1313,TRUE,FALSE,0.17730662104371495,1.125181056526051,3.914182187337801,2.5262655454720195,10.493029903185208,2.78900113081175,7.966764357713188,5.177763226901439,,TRUE
1314,TRUE,FALSE,-0.19782076664476475,1.5509950516006163,7.4575504651198985,2.803294199296072,11.059665698175072,5.906555413519282,8.256371498879,2.349816085359718,,TRUE
1315,TRUE,FALSE,0.0016687388618672853,1.2068758786152094,4.478221729032871,2.3636871498453256,8.785322403316181,3.271345850417662,6.421635253470855,3.1502894030531934,,TRUE
1316,TRUE,FALSE,0.11284832928828505,1.4048884750614354,4.861722234769036,3.271178308594645,12.672488834570693,3.4568337597076004,9.401310525976047,5.944476766268447,,TRUE
1317,TRUE,FALSE,-0.07588175321452031,0.6156002197098085,2.7584074746626435,2.7927720786107932,11.599522776286983,2.142807254952835,8.80675069767619,6.663943442723355,,TRUE
1318,TRUE,FALSE,-0.29164829321818,1.1993146752146324,6.061413649838714,2.2624900060107125,8.542130458481127,4.862098974624082,6.279640452470415,1.4175414778463322,,TRUE
1319,TRUE,FALSE,0.06372353376137424,0.9171077306802745,3.6791581683389083,2.347307471694447,10.036282208085563,2.7620504376586337,7.688974736391116,4.926924298732482,,TRUE
1320,TRUE,FALSE,0.0130085967471567,1.3935208529678114,5.38790444685489,2.2803462118894187,8.932165540069896,3.994383593887078,6.651819328180477,2.657435734293399,,TRUE
1321,TRUE,FALSE,-0.3877864497226417,0.7478144935840596,5.481040884765711,2.237738829196674,11.129228163048545,4.733226391181651,8.89148933385187,4.15826294267022,,TRUE
1322,TRUE,FALSE,0.007483468773459344,1.9054985807076896,6.9571734838197274,2.4369877704912266,8.964531185850621,5.051674903112038,6.5275434153593945,1.4758685122473567,,TRUE
1323,TRUE,FALSE,-0.6667573715552454,1.1489678216870667,8.179136082876868,3.0319993022717258,11.0805066279736,7.030168261189801,8.048507325701873,1.0183390645120722,,TRUE
1324,TRUE,FALSE,-0.5814973542061864,0.875795035626579,5.833713237970585,2.825238110295802,10.520988884700568,4.957918202344006,7.695750774404766,2.7378325720607606,,TRUE
1325,TRUE,FALSE,0.22055037150854767,1.508798556158526,5.183934348619332,2.6033102645396307,11.151620282759604,3.6751357924608063,8.548310018219972,4.873174225759166,,TRUE
1326,TRUE,FALSE,-0.34514881544555887,0.807195851201281,4.179051479997239,3.1171152117499137,11.427610477477804,3.3718556287959576,8.31049526572789,4.938639636931933,,TRUE
1327,TRUE,FALSE,-0.10361541376616372,1.3204236798313216,6.101254755605366,2.192159675077299,9.13226356672445,4.780831075774044,6.940103891647151,2.1592728158731074,,TRUE
1328,TRUE,FALSE,-0.49329912856529073,1.1507148767593367,6.776100336724206,3.561130708925085,12.804508870842367,5.625385459964869,9.243378161917281,3.617992701952412,,TRUE
1329,TRUE,FALSE,-0.38173844181890243,0.6499734574865244,3.4514557613678143,3.287017424267282,11.915761353317718,2.80148230388129,8.628743929050437,5.827261625169147,,TRUE
1330,TRUE,FALSE,-0.2765877360025361,1.9154790942162239,10.557232245659039,2.2166219116267833,9.264964373342247,8.641753151442815,7.048342461715464,-1.5934106897273512,,TRUE
1331,TRUE,FALSE,0.022632997237027375,1.1607738107303796,5.271016330661097,2.3410457547106778,10.87391786806277,4.1102425199307175,8.532872113352093,4.422629593421376,,TRUE
1332,TRUE,FALSE,-0.25144425683793026,0.9435849030135001,4.743495482276593,2.2814145307279996,8.919096394027923,3.799910579263093,6.637681863299923,2.8377712840368297,,TRUE
1333,TRUE,FALSE,-0.21874675205561442,0.8541183393133398,4.944013457477244,2.9898844350358096,13.906424817210304,4.089895118163904,10.916540382174494,6.82664526401059,,TRUE
1334,TRUE,FALSE,-0.1076931090988508,1.409051867975845,6.571028643771339,2.3800404447773835,9.965984204549846,5.161976775795495,7.585943759772462,2.4239669839769675,,TRUE
1335,TRUE,FALSE,0.19669444509052347,1.2118896376293526,4.528484663574321,2.6914979818137126,12.243545510307476,3.316595025944968,9.552047528493762,6.235452502548794,,TRUE
1336,TRUE,FALSE,-0.061959793699691686,1.2541467159506727,4.807378346553006,3.1004233732122533,11.170488440016461,3.5532316306023333,8.070065066804208,4.516833436201875,,TRUE
1337,TRUE,FALSE,-0.06075869830696453,1.097122540665251,4.284892753143744,2.82113369798854,10.368628628786743,3.187770212478493,7.547494930798203,4.35972471831971,,TRUE
1338,TRUE,FALSE,-0.47040503098006875,0.985106163002534,5.685764420302165,3.1122737476052147,11.22249202887806,4.700658257299631,8.110218281272845,3.4095600239732136,,TRUE
1339,TRUE,FALSE,-0.07055195168667042,0.8509422869253561,3.7843838560383407,2.4327959246324293,10.082318933282288,2.9334415691129845,7.649523008649858,4.7160814395368735,,TRUE
1340,TRUE,FALSE,-0.44155826398101966,1.0589968214821268,5.347670309778628,2.8387160337700754,9.21776435085214,4.288673488296501,6.379048317082064,2.0903748287855626,,TRUE
1341,TRUE,FALSE,-0.09402423326511722,0.8595246212419654,3.8323703933087327,2.9166234152351045,11.837372306199551,2.9728457720667674,8.920748890964447,5.947903118897679,,TRUE
1342,TRUE,FALSE,0.08602227440057335,1.0317622165427915,3.6966038126491663,2.6695098452723514,10.42350582095734,2.664841596106375,7.7539959756849886,5.089154379578614,,TRUE
1343,TRUE,FALSE,0.3529767957747404,1.362209806384155,4.850594354507205,2.6441403788344497,13.400818882753862,3.48838454812305,10.756678503919412,7.268293955796362,,TRUE
1344,TRUE,FALSE,-0.3301229147521597,0.8913060686530225,5.4674771726322975,2.4289403646160475,10.710417662312208,4.576171103979275,8.28147729769616,3.7053061937168845,,TRUE
1345,TRUE,FALSE,-0.0302739206012786,1.5759896942721294,6.167224013862542,2.978824704341137,11.30924208788586,4.591234319590413,8.330417383544724,3.739183063954311,,TRUE
1346,TRUE,FALSE,-0.20803597269934548,0.7513369925722166,4.083030035116552,3.2921665387222117,14.530505527228145,3.3316930425443356,11.238338988505934,7.906645945961598,,TRUE
1347,TRUE,FALSE,-0.1384193130436502,1.0594894054221307,5.241968067418096,2.0350936354288174,8.767331037741885,4.182478661995965,6.732237402313068,2.5497587403171025,,TRUE
1348,TRUE,FALSE,-0.6571699655269791,0.8328205365530997,6.249474968063479,2.2119563669936064,8.603266440396148,5.41665443151038,6.391310073402542,0.9746556418921619,,TRUE
1349,TRUE,FALSE,-0.6583942959734406,0.8738769849731367,5.9297240672635985,2.677884328399098,9.40673667403893,5.0558470822904615,6.728852345639832,1.6730052633493706,,TRUE
1350,TRUE,FALSE,-0.3681858753896974,1.0494604059334725,6.517777822167877,2.8046432957073972,12.053412902393053,5.468317416234404,9.248769606685656,3.7804521904512516,,TRUE
1351,TRUE,FALSE,-0.5216836661066625,1.321218258537684,8.042387663420993,2.865283289725308,10.35174740354405,6.721169404883309,7.486464113818741,0.76529470893543206,,TRUE
1352,TRUE,FALSE,-0.21224818261172915,1.324977558350414,6.209755601134911,2.703325193107772,10.24674816380395,4.884778042784497,7.543422970696178,2.6586449279116815,,TRUE
1353,TRUE,FALSE,0.03438013343438879,0.9723442496115016,4.159554706754985,2.2746952017937514,10.07119730105253,3.1872104571434834,7.796502099258779,4.609291642115296,,TRUE
1354,TRUE,FALSE,-0.12334345387765885,1.0281762215753456,5.505388174377075,2.4477436723898114,11.585611067544809,4.47721195280173,9.137867395154998,4.660655442353269,,TRUE
1355,TRUE,FALSE,-0.254270964207363,1.4909717141419438,7.030796908174597,3.078805711323731,11.258718368206793,5.5398251940326535,8.179912656883062,2.640087462850408,,TRUE
1356,TRUE,FALSE,-0.08165282542461003,0.5975031938066214,2.966955655777746,2.356637343160821,10.78455446361519,2.3694524619711244,8.427917120454369,6.058464658483245,,TRUE
1357,TRUE,FALSE,-0.3344672306216545,0.9563559707809938,5.039800299793412,2.8006409705237703,10.56316149545935,4.083444329012418,7.762520524935579,3.6790761959231606,,TRUE
1358,TRUE,FALSE,-0.1874160328786955,1.1091198925281807,4.894573737750617,2.929954931502536,10.720216894373172,3.7854538452224364,7.790261962870636,4.004808117648199,,TRUE
1359,TRUE,FALSE,-0.1881821110909029,1.160092372763288,5.640545477063718,3.00516316124731,12.105148948157124,4.48045310430043,9.099985786909814,4.619532682609384,,TRUE
1360,TRUE,FALSE,-0.5019737652837802,0.7253437056923204,5.049071521187315,2.0476076856831953,8.627997102147546,4.323727815494995,6.580389416464351,2.2566616009693563,,TRUE
1361,TRUE,FALSE,-0.15838703206779572,0.7907376161934778,3.0101913705355163,3.172447894919206,10.30788562696954,2.2194537543420383,7.135437732050335,4.915983977708296,,TRUE
1362,TRUE,FALSE,-0.3501284563019974,1.106860854969131,5.224046824430778,2.8857344878479623,9.596470789635038,4.117185969461647,6.710736301787076,2.593550332325429,,TRUE
1363,TRUE,FALSE,-0.5462489715652393,0.8543205314108807,5.082836545921053,2.569891879757615,8.854565160384794,4.228516014510172,6.28467328062718,2.056157266117008,,TRUE
1364,TRUE,FALSE,-0.3583695591607086,0.9599932734771257,4.840339372585601,2.299289225795105,8.101460237488462,3.880346099108475,5.802171011693357,1.9218249125848819,,TRUE
1365,TRUE,FALSE,-0.21987683857220866,1.2598357712546653,7.164063582875903,2.064064087687438,9.420574237240354,5.9042278116212374,7.356510149552916,1.4522823379316785,,TRUE
1366,TRUE,FALSE,-0.1498022837865113,1.2792041107650824,6.2923015729409775,2.4193763208687793,10.245067006431361,5.013097462175895,7.825690685562582,2.8125932233866866,,TRUE
1367,TRUE,FALSE,-0.11437616166500561,1.2879481265908919,6.241577238586728,2.5393386635719812,10.975989093799184,4.953629111995836,8.436650430227203,3.4830213182313674,,TRUE
1368,TRUE,FALSE,-0.3400999594946184,0.9878335143474135,5.645268851962349,2.6137693575478442,10.630767004926877,4.6574353376149356,8.016997647379032,3.3595623097640965,,TRUE
1369,TRUE,FALSE,-0.01587095248912725,1.284154711296431,5.8214746318726345,2.23442937167333,9.969872957759641,4.537319920576204,7.735443586086311,3.1981236655101073,,TRUE
1370,TRUE,FALSE,0.2534812434949623,1.0830088877825572,3.690201830456866,2.2998851934758124,10.097404673878884,2.607192942674309,7.797519480403071,5.190326537728763,,TRUE
1371,TRUE,FALSE,-0.171184825608265,1.0387584807075738,4.376729699743193,2.485078371638901,8.823291103885424,3.3379712190356194,6.338212732246523,3.000241513210904,,TRUE
1372,TRUE,FALSE,-0.2042547925297181,1.335297882938169,6.72101049956391,2.4148266782648484,9.90913281150103,5.3857126166257405,7.494306133236181,2.1085935166104406,,TRUE
1373,TRUE,FALSE,-0.15770504348791584,1.0447920195433458,3.905622329830899,2.184757207131197,6.975464759317,2.8608303102875534,4.790707552185803,1.9298772418982497,,TRUE
1374,TRUE,FALSE,-0.17850842116676693,1.375972167805385,7.053535445534498,2.839654206882869,12.176919623150944,5.677563277729114,9.337265416268075,3.659702138538961,,TRUE
1375,TRUE,FALSE,-0.02301354113925695,1.3171739626896457,4.4543114060018425,3.296881088432429,10.895472478130262,3.137137443312197,7.598591389697834,4.461453946385637,,TRUE
1376,TRUE,FALSE,0.028231510852994676,1.0432288077899792,4.569084147158714,2.3756055827882956,10.702487068980316,3.525855339368735,8.32688148619202,4.801026146823285,,TRUE
1377,TRUE,FALSE,0.3735393643264122,1.258865822306757,4.156488477672006,2.25727110970554,10.828216886893225,2.8976226553652493,8.570945777187685,5.673323121822436,,TRUE
1378,TRUE,FALSE,-0.5211805430744659,1.4788757481378905,6.425508809068084,2.915131153789261,7.521216689442395,4.946633060930194,4.606085535653134,-0.34054752527706,,TRUE
1379,TRUE,FALSE,-0.06980396090516858,0.9073193456516019,3.195979357797224,3.3757827654826382,11.089266261215256,2.2886600121456224,7.713483495732618,5.424823483586995,,TRUE
1380,TRUE,FALSE,0.0531279064182695,0.9296854800587067,3.953359396504386,3.157237869127551,14.15828692162228,3.0236739164456794,11.001049052494729,7.97737513604905,,TRUE
1381,TRUE,FALSE,0.030831918171603957,1.5233659439752958,5.022075490298639,2.1606392846432585,7.346007955009817,3.4987095463233433,5.185368670366559,1.6866591240432158,,TRUE
1382,TRUE,FALSE,-0.2945080211215192,1.1739950061995328,5.474997838101948,2.6684760397735094,9.269958750833549,4.301002831902415,6.60148271106004,2.300479879157625,,TRUE
1383,TRUE,FALSE,-0.2000456987327003,1.9069780001921153,8.335865654488952,2.498908691023236,8.942864865599642,6.428887654296837,6.443956174576406,0.015068520279569064,,TRUE
1384,TRUE,FALSE,0.03311534337441942,1.601100937937409,7.8108458486280545,2.8775255014605974,14.510432155655911,6.209744910690645,11.632906654195313,5.423161743504668,,TRUE
1385,TRUE,FALSE,-0.058083562480863576,0.7477940544655314,4.072000324042467,3.1746712007194233,16.311698204676837,3.324206269576935,13.137027003957414,9.812820734380479,,TRUE
1386,TRUE,FALSE,-0.3109273427699095,0.6318659010288105,2.975123941489222,2.6114863366323973,9.010188409094106,2.3432580404604115,6.398702072461708,4.055444032001296,,TRUE
1387,TRUE,FALSE,0.017633675745348246,0.7930004865275607,3.2802199843702873,2.7131923895444983,11.42268800189539,2.4872194978427267,8.709495612350892,6.2222761145081655,,TRUE
1388,TRUE,FALSE,-0.4539884962908541,0.6424059963456887,3.7795226090382306,2.561750791782505,9.57193061566179,3.137116612692542,7.010179823879286,3.873063211186744,,TRUE
1389,TRUE,FALSE,-0.5129925245282176,0.9082434366852135,5.3222816291883115,1.9854141435962671,6.96557338592716,4.414038192503098,4.980159242330893,0.5661210498277951,,TRUE
1390,TRUE,FALSE,-0.6878135503491015,0.8257717919719036,5.333156827313553,3.090288697753813,10.032513096593432,4.507385035341649,6.942224398839619,2.4348393634979697,,TRUE
1391,TRUE,FALSE,-0.6110755232738312,1.03796656275781,6.048343085138654,3.022415478499485,9.559176746434922,5.010376522380844,6.536761267935437,1.5263847455545925,,TRUE
1392,TRUE,FALSE,-0.3962245999729455,0.8934423944712332,6.014253125269231,2.3178158285374972,10.498225892764887,5.120810730797998,8.18041006422739,3.059599333429392,,TRUE
1393,TRUE,FALSE,0.2823615568905441,1.884897014151177,5.441060549473319,3.1779795817041077,12.166764474707188,3.556163535322142,8.98878489300308,5.432621357680938,,TRUE
1394,TRUE,FALSE,0.02818925058554977,1.4910439656194459,5.865992221404625,2.734494251489028,11.065485769589454,4.374948255785179,8.330991518100426,3.956043262315247,,TRUE
1395,TRUE,FALSE,-0.3175534809543049,1.1136085016546056,5.840860439716739,3.049431276022947,11.642638617874422,4.727251938062134,8.593207341851475,3.865955403789341,,TRUE
1396,TRUE,FALSE,-0.061377620857187926,1.148439191362957,4.961081456976786,2.3628665171765557,9.599565567680122,3.812642265613829,7.2366990505035655,3.4240567848897365,,TRUE
1397,TRUE,FALSE,-0.5604557280422493,0.924533751145122,4.888099778147251,3.928799412239023,11.85971679167969,3.963566027002129,7.930917379440666,3.9673513524385373,,TRUE
1398,TRUE,FALSE,-0.2831423304525866,1.0185133498370373,5.50137376935615,2.755879861526435,11.214955538378264,4.482860419519113,8.45907567685183,3.9762152573327167,,TRUE
1399,TRUE,FALSE,-0.40852263594673666,1.2361990412926824,6.072162022316719,3.166012768158446,10.335904412104103,4.8359629810240365,7.1698916439456575,2.333928662921621,,TRUE
1400,TRUE,FALSE,-0.7365704168962911,0.5985465563797832,4.271649350242852,2.5692941635638165,8.77855473815433,3.6731027938630687,6.209260574590514,2.5361577807274456,,TRUE
1401,TRUE,FALSE,-0.02674930911414976,0.9806793103445347,3.3827948747083845,2.448159088351524,8.221881435276812,2.4021155643638497,5.773722346925288,3.371606782561438,,TRUE
1402,TRUE,FALSE,-0.10257962757067451,1.3890679407481443,5.738541674738606,2.6905894208589616,10.031727254966071,4.349473733990462,7.34113783410711,2.9916641001166484,,TRUE
1403,TRUE,FALSE,-0.4981828370142711,0.81476151373364,5.856363186324909,2.8602161348078727,12.492181649490323,5.041601672591269,9.63196551468245,4.590363842091182,,TRUE
1404,TRUE,FALSE,-0.6295978080615251,0.9968961394410208,6.447566754462207,2.5800616484400334,8.89088847180362,5.450670615021186,6.310826823363588,0.8601562083424019,,TRUE
1405,TRUE,FALSE,-0.4369931846531265,1.0796011252546598,6.877436439567888,2.2780872580118325,9.374538198605167,5.797835314313229,7.096450940593335,1.2986156262801059,,TRUE
1406,TRUE,FALSE,-0.24305437128982813,0.8479476819729668,5.063359126508921,2.8471595092579225,13.332890141283348,4.215411444535954,10.485730632025426,6.270319187489472,,TRUE
1407,TRUE,FALSE,0.17784815248869656,1.531114877563244,6.501767528507998,1.9580754762307249,9.933254441441152,4.970652650944754,7.975178965210427,3.0045263142656724,,TRUE
1408,TRUE,FALSE,0.10256341839664418,0.9858652569039505,4.034160857189056,2.1833796594374038,9.899371807200431,3.048295600285105,7.7159921477630276,4.667696547477922,,TRUE
1409,TRUE,FALSE,0.1728581393321204,1.1332668225496,4.182435926749709,2.489216494482739,10.920213469241954,3.049169104200109,8.430996974759214,5.381827870559105,,TRUE
1410,TRUE,FALSE,-0.23263507284198878,1.6910262192367826,8.176950402298461,3.6132347734168584,13.845386218060511,6.4859241830616785,10.232151444643653,3.746227261581975,,TRUE
1411,TRUE,FALSE,-0.1742821399926358,0.9583327669443713,4.704681139788723,2.5893723084658316,10.678704878019005,3.746348372844351,8.089332569553173,4.342984196708822,,TRUE
1412,TRUE,FALSE,-0.06345205572391112,1.6137718810241586,6.785264385365387,2.9907387552830356,11.801745130903754,5.171492504341229,8.811006375620718,3.6395138712794886,,TRUE
1413,TRUE,FALSE,-0.3384716558515723,0.6526434080471688,3.152875768027363,2.7911856900429095,9.612210220737296,2.500232359980194,6.821024530694387,4.320792170714192,,TRUE
1414,TRUE,FALSE,-0.15076755450304488,1.4032236525479638,7.7007033432469205,2.6986852582613277,12.737324596963154,6.297479690698957,10.038639338701826,3.741159648002869,,TRUE
1415,TRUE,FALSE,-0.016803965369370403,1.0417657216657952,4.645252146084959,2.3845499980669205,10.455571899541308,3.603486424419164,8.071021901474388,4.4675354770552245,,TRUE
1416,TRUE,FALSE,0.0415154092450135,0.9637117624888283,3.469489061707986,3.144664987279807,11.801104640569264,2.505777299219158,8.656439653289457,6.150662354070299,,TRUE
1417,TRUE,FALSE,-0.4637448980899896,0.7428891966637603,4.367478532303713,2.471521859361009,9.1383827055961,3.624589335639953,6.666860846235092,3.0422715105951386,,TRUE
1418,TRUE,FALSE,-0.2811352734342001,0.7730631472229168,4.623093112170952,2.7650812374447633,12.483318964356583,3.8500299649480354,9.71823772691182,5.8682077619637845,,TRUE
1419,TRUE,FALSE,-0.499105697922505,0.8156337712581522,4.399513650555011,3.713929752437463,12.161420484984546,3.5838798792968594,8.447490732547084,4.863610853250226,,TRUE
1420,TRUE,FALSE,-0.1735266558198678,1.3220723105889802,7.053641331746925,2.0795665532825733,9.327587201831188,5.731569021157945,7.248020648548614,1.5164516273906692,,TRUE
1421,TRUE,FALSE,-0.550455196437056,1.2600962756173526,8.439752669204823,3.0639423876696092,11.834418745777223,7.179656393587471,8.770476358107613,1.5908199645201426,,TRUE
1422,TRUE,FALSE,-0.0021814236355291844,1.0199159992042364,4.008973099997931,3.0838641645449467,12.095298694136186,2.9890571007936946,9.01143452959124,6.022377428797546,,TRUE
1423,TRUE,FALSE,0.2350031091457884,1.1718960528005218,3.4995244839113613,2.4082346576450497,9.096604240410093,2.3276284311108393,6.688369582765043,4.360741151654204,,TRUE
1424,TRUE,FALSE,0.48866212644385687,1.7604189981971774,4.081284646055569,2.431634256026806,9.189721638526342,2.3208656478583918,6.758087382499536,4.4372217346411436,,TRUE
1425,TRUE,FALSE,-0.30979890577047525,0.8685032579816712,4.762690197796134,2.736780528230008,11.00973578068199,3.894186939814463,8.27295525245198,4.378768312637518,,TRUE
1426,TRUE,FALSE,-0.26385104106164564,1.3016660583634556,6.029848695512631,2.5371792529001054,9.0275298767572,4.7281826371491755,6.490350623857094,1.7621679867079187,,TRUE
1427,TRUE,FALSE,-0.6286565230419487,0.6265264845689974,3.4590780167064183,2.468879648292224,7.269403634022877,2.832551532137421,4.800523985730653,1.967972453593232,,TRUE
1428,TRUE,FALSE,-0.1873643578650391,0.9266281191088744,3.3209272585181235,2.975520356707422,8.841898130429804,2.394299139409249,5.866377773722382,3.472078634313133,,TRUE
1429,TRUE,FALSE,-0.2610269007350162,1.2097501794495158,6.006181285698876,2.8283715068546877,10.816248391147576,4.79643110624936,7.987876884292889,3.191445778043529,,TRUE
1430,TRUE,FALSE,-0.6565975698308129,1.396860789463468,7.703919233195203,3.3082429942574,9.462356241405658,6.3070584437317345,6.154113247148258,-0.1529451965834765,,TRUE
1431,TRUE,FALSE,-0.2594942999069207,0.7937648013666816,4.628009956701046,2.3939506661753285,10.767644329439191,3.834245155334364,8.373693663263863,4.539448507929499,,TRUE
1432,TRUE,FALSE,-0.5420297858984474,0.6055576604520094,4.181881651781061,2.5717786557535107,10.328785969038247,3.576323991329051,7.757007313284737,4.180683321955685,,TRUE
1433,TRUE,FALSE,-0.40709389691904246,0.8395721404513463,4.363791027607973,3.0952731134476976,10.707948365411442,3.5242188871566267,7.6126752519637435,4.088456364807117,,TRUE
1434,TRUE,FALSE,-0.5950217714012127,1.0028170519752515,7.4119852117874805,2.2941752226026146,9.352436046682774,6.4091681598122285,7.058260824080159,0.6490926642679309,,TRUE
1435,TRUE,FALSE,-0.39584346924149727,1.009686774909956,5.932616523858238,3.116011078583945,12.323837635517076,4.922929748948282,9.207826556933131,4.2848968079848495,,TRUE
1436,TRUE,FALSE,-0.08339736066885826,0.8336952066946276,3.4722323250907046,2.570354087963344,9.848620726890527,2.638537118396077,7.278266638927183,4.639729520531105,,TRUE
1437,TRUE,FALSE,-0.04330689857119785,1.5325901884414737,5.812766886018567,2.902907162148714,10.54343355288682,4.280176697577093,7.640526390738105,3.3603496931610124,,TRUE
1438,TRUE,FALSE,0.16730919064588226,1.9854059412476353,5.981833063128474,2.9168281121816997,10.3886057981623,3.9964271218808385,7.4717776859806015,3.475350564099763,,TRUE
1439,TRUE,FALSE,-0.8059474778431008,1.3701470711436503,9.253492841353667,2.961090415690529,8.932471370154165,7.883345770210017,5.971380954463635,-1.9119648157463818,,TRUE
1440,TRUE,FALSE,-0.1592203313875107,1.2163246987366514,5.8756957673632115,2.2546732558187816,9.288484852288878,4.659371068626561,7.0338115964700965,2.374440527843536,,TRUE
1441,TRUE,FALSE,-0.5752037495014568,0.8290049264145506,5.523721317221358,2.587785504516801,9.70052210190813,4.694716390806807,7.112736597391328,2.4180202065845213,,TRUE
1442,TRUE,FALSE,-0.14302098150343914,0.7436759533821534,3.2361024435473604,2.2110218871466136,8.33908385856147,2.492426490165207,6.128061971414856,3.6356354812496487,,TRUE
1443,TRUE,FALSE,-0.02136918483108,1.2387994135342413,4.702453178015446,2.430548195915855,9.031236330363923,3.463653764481205,6.600688134448068,3.137034369966863,,TRUE
1444,TRUE,FALSE,-0.06948457623018763,1.4051703542788925,6.523804215978941,2.4617166040009852,10.661866181296887,5.118633861700048,8.200149577295901,3.0815157155958532,,TRUE
1445,TRUE,FALSE,0.12402846324154788,1.153582633019741,4.087993001381943,2.751506724326001,11.03816521453123,2.9344103683622027,8.286658490205228,5.352248121843026,,TRUE
1446,TRUE,FALSE,-0.14016830137728517,0.8973983903212902,6.336990484429138,1.8573264336176791,11.400179477551722,5.439592094107848,9.542853043934043,4.103260949826195,,TRUE
1447,TRUE,TRUE,-0.2138002773299895,1.220675598807899,5.56071085279724,2.5675562187108336,9.444907976951013,4.340035253989341,6.877351758240179,2.537316504250838,,TRUE
1448,TRUE,FALSE,-0.27234722260772787,1.0186048089258142,4.9074712046367654,3.3996690286165707,12.47411606618124,3.8888663957109513,9.07444703756467,5.185580641853719,,TRUE
1449,TRUE,FALSE,-0.6006719070346954,0.8013796454593631,4.303371984857527,3.175447903410934,9.35205555923417,3.5019923393981642,6.176607655823236,2.674615316425072,,TRUE
1450,TRUE,FALSE,0.011527467915702512,1.2051413106026816,4.414631445529394,2.8558086416857233,10.582588226913055,3.209490134926712,7.726779585227332,4.51728945030062,,TRUE
1451,TRUE,FALSE,-0.2986808096948001,0.8066388671618147,4.0454383041589566,2.5242147897531346,9.390685965000964,3.238799436997142,6.866471175247829,3.6276717382506876,,TRUE
1452,TRUE,FALSE,-0.4421623834032685,1.0548831004175856,7.245889556629437,2.45242819436617,10.825675187918428,6.191006456211851,8.373246993552257,2.182240537340406,,TRUE
1453,TRUE,FALSE,-0.6821855366236887,0.8602710369434952,6.628600577254046,2.579763023692062,10.04840077077676,5.768329540310551,7.468637747084699,1.7003082067741486,,TRUE
1454,TRUE,FALSE,0.028439891543909163,1.3318904794054067,4.648456789503433,2.5639038163059538,9.206473353254374,3.3165663100980263,6.64256953694842,3.3260032268503936,,TRUE
1455,TRUE,FALSE,0.18132337046985345,0.9322531396706228,3.1454795869848238,2.541367765344495,10.279411993963114,2.213226447314201,7.7380442286186195,5.524817781304419,,TRUE
1456,TRUE,FALSE,-0.7059629178408904,0.6919009877288133,5.3876916111490205,2.7507617985215815,10.573431672253307,4.695790623420208,7.822669873731725,3.126879250311517,,TRUE
1457,TRUE,FALSE,-0.5564289981637177,0.8589265164277101,4.591927681974522,3.1087631245036,9.527360921701503,3.733001165546812,6.4185977971979025,2.6855966316510904,,TRUE
1458,TRUE,FALSE,-0.3648580234350853,1.137010473291897,5.17988544089795,3.53689678443392,11.187221830715233,4.0428749676060525,7.650325046281313,3.60745007867526,,TRUE
1459,TRUE,FALSE,-0.13344655935148442,1.1350013900427824,4.061878222751484,2.2348754213368895,6.99888278872914,2.9268768327087016,4.76400736739225,1.8371305346835487,,TRUE
1460,TRUE,FALSE,-0.8208395263919154,0.9261171612171317,6.395224986634425,3.32721595155416,10.110783441157146,5.469107825417293,6.783567489602985,1.3144596641856925,,TRUE
1461,TRUE,FALSE,-0.01744663416229149,1.5633865026184157,6.049754628274194,2.3730909239357207,9.024201908167006,4.486368125655778,6.651110984231286,2.164742858575508,,TRUE
1462,TRUE,FALSE,0.26271852559710013,1.5791694882104161,4.301653316660856,2.645239660114469,9.370632232758798,2.7224838284504393,6.725392572644329,4.002908744193889,,TRUE
1463,TRUE,FALSE,0.38635773915234767,1.1164770678145843,3.2433898614721763,2.7634677341108564,11.813994924991412,2.126912793657592,9.050527190880556,6.9236143972229645,,TRUE
1464,TRUE,FALSE,-0.911980647157862,0.46391058457102424,4.118414050730188,2.228831647258829,7.9488596420306425,3.6545034661591633,5.720027994771813,2.06552452861265,,TRUE
1465,TRUE,FALSE,-0.2185003938824121,1.4725756893571,6.2983004359546975,2.544712184561115,8.747639975888472,4.825724746597597,6.202927791327356,1.3772030447297592,,TRUE
1466,TRUE,FALSE,-0.24900606875922612,1.1847045021730545,5.6984935446825284,2.5904633742265193,9.713718562896181,4.513789042509474,7.123255188669662,2.6094661461601873,,TRUE
1467,TRUE,FALSE,-0.40865939707535476,1.1740676251693607,6.278548557329384,2.2991860293416364,8.170746480278597,5.1044809321600235,5.87156045093696,0.7670795187769368,,TRUE
1468,TRUE,FALSE,0.09159405835599942,1.3694807643143718,4.463702912008952,3.0243749966098354,10.803233882198437,3.0942221476945804,7.778858885588602,4.684636737894022,,TRUE
1469,TRUE,FALSE,-0.2378434231676202,0.8500464344088584,4.064068527207817,2.413423128097393,9.096152992495686,3.2140220927989582,6.682729864398293,3.4687077715993344,,TRUE
1470,TRUE,FALSE,-0.10788353278396899,1.0029893720239258,4.33649709839979,2.5030054443906797,9.715190039644508,3.3335077263758643,7.212184595253828,3.878676868877964,,TRUE
1471,TRUE,FALSE,-0.04696778560470207,1.3866814712335784,6.216102891835424,2.7098477725693795,11.59013585442276,4.829421420601846,8.880288081853381,4.050866661251535,,TRUE
1472,TRUE,FALSE,-0.4457350979659226,1.468368346916045,7.873827345899678,2.266584567301293,7.782918944660991,6.405458998983633,5.516334377359698,-0.8891246216239352,,TRUE
1473,TRUE,FALSE,-0.12063990241066111,0.9945397020178954,3.9187047206267653,2.6493274394920516,9.252579149601718,2.92416501860887,6.603251710109667,3.6790866915007974,,TRUE
1474,TRUE,FALSE,-0.30040278753027866,1.5400398674925035,7.052925699046235,3.58863339575132,12.17035275534471,5.5128858315537315,8.581719359593391,3.0688335280396597,,TRUE
1475,TRUE,FALSE,0.014095967304728516,1.4678141219469003,5.295579546069434,2.6359367695474747,9.64493318365736,3.827765424122534,7.008996414109885,3.181230989987351,,TRUE
1476,TRUE,FALSE,0.09138192148601412,0.8710594658203095,3.8086675148052236,2.3943564603500755,11.470985424564311,2.937608048984914,9.076628964214237,6.139020915229323,,TRUE
1477,TRUE,FALSE,-0.3632936559680332,0.8917735500734416,4.913731198995985,2.987782342522357,11.447992448141278,4.021957648922544,8.460210105618922,4.438252456696378,,TRUE
1478,TRUE,FALSE,0.1761521680396469,1.5415292792080966,5.036596010190651,2.425789591222152,9.452362790758524,3.495066730982555,7.026573199536372,3.5315064685538173,,TRUE
1479,TRUE,FALSE,0.30678477791062586,1.2125151294563463,3.487015738088706,2.7027131777912046,10.563349192977856,2.27450060863236,7.8606360151866514,5.586135406554291,,TRUE
1480,TRUE,FALSE,-0.2437834562367663,1.47139795362966,6.420850968524142,3.233656973401025,11.058152638245934,4.949453014894482,7.824495664844909,2.8750426499504265,,TRUE
1481,TRUE,FALSE,-0.9046339846788681,0.705269912292657,5.744060129162867,3.480427698276522,11.47145984770305,5.03879021687021,7.991032149426529,2.9522419325563183,,TRUE
1482,TRUE,FALSE,-0.5540273794959407,0.6763740966339379,4.870264794641422,2.615099414641927,10.820386581741722,4.1938906980074835,8.205287167099796,4.011396469092312,,TRUE
1483,TRUE,FALSE,0.29034636335502156,1.3932484325206025,4.660588795758302,2.8549052730667848,12.767320181554785,3.2673403632376994,9.912414908488,6.6450745452503,,TRUE
1484,TRUE,FALSE,-0.30625257806556,1.4511707586729183,7.021939606417411,3.1425693896589864,11.194885149130478,5.5707688477444925,8.052315759471492,2.4815469117269995,,TRUE
1485,TRUE,FALSE,-0.22310846887663488,1.9090912947049417,9.119650845735764,2.62351479302651,10.026289826300236,7.210559551030823,7.402775033273725,0.19221548224290252,,TRUE
1486,TRUE,TRUE,-0.2525609785196372,0.842722057669256,4.055056253493383,3.111739620678025,11.631344854228612,3.212334195824127,8.519605233550587,5.30727103772646,,TRUE
1487,TRUE,FALSE,0.015021559683494405,0.8813029066902007,4.194099711462039,2.1787825715760736,10.525705674385966,3.312796804771838,8.346923102809892,5.034126298038054,,TRUE
1488,TRUE,FALSE,0.3299955050133735,1.7885570507373219,4.422944954350674,2.949971216490115,10.14709536731533,2.6343879036133524,7.197124150825216,4.5627362472118635,,TRUE
1489,TRUE,FALSE,-0.2722304594636018,1.2365231647959105,6.287029341082464,2.532948148111271,9.8093751385012,5.050506176286554,7.276426990389928,2.2259208141033744,,TRUE
1490,TRUE,FALSE,-0.2915567912582921,0.7352419259331353,3.723517818876767,2.8620682260993116,10.828832825658559,2.9882758929436317,7.966764599559247,4.978488706615615,,TRUE
1491,TRUE,FALSE,-0.33407386695800156,1.060913028631082,6.029039980795142,2.8924775698862555,11.76933551993551,4.96812695216406,8.876857950049255,3.9087309978851943,,TRUE
1492,TRUE,FALSE,-0.031972441490320684,1.101988460952523,3.8882984557306495,3.078641122212825,10.520979079157883,2.7863099947781267,7.442337956945058,4.656027962166931,,TRUE
1493,TRUE,FALSE,0.15556142333926748,1.6371118951717942,6.158937936367465,2.5467931736114378,11.19387901084267,4.521826041195671,8.647085837231232,4.125259796035562,,TRUE
1494,TRUE,FALSE,-0.46745285216756816,0.8815901179512593,6.110763982232374,2.5253759527402995,10.96838391559779,5.2291738642811145,8.443007962857491,3.2138340985763767,,TRUE
1495,TRUE,FALSE,0.1489551154517877,0.859436200481014,3.2432988484424854,2.9008338949367585,12.705348182763657,2.3838626479614713,9.8045142878269,7.420651639865428,,TRUE
1496,TRUE,FALSE,-0.4131936104713835,0.8692999588121052,4.838679479597558,2.5327067162756367,9.325978133525432,3.969379520785453,6.7932714172497946,2.8238918964643416,,TRUE
1497,TRUE,FALSE,-0.19804291355481177,1.1379488505787192,4.445404829268365,3.04471654652306,9.757229009933443,3.307455978689646,6.712512463410383,3.4050564847207374,,TRUE
1498,TRUE,FALSE,0.14544598155849162,1.4345083481333052,4.190072801714542,3.343984740021746,11.296636723292481,2.7555644535812363,7.952651983270735,5.197087529689499,,TRUE
1499,TRUE,FALSE,-0.15644775864272145,1.0055754963994166,4.869335441483538,2.5810918570522867,10.68843385243137,3.8637599450841216,8.107341995379084,4.243582050294963,,TRUE
1500,TRUE,FALSE,-0.34813196799528495,0.955226855517982,5.106966766945733,2.4343313335177683,9.188495445014428,4.15173991142775,6.75416411149666,2.60242420006891,,TRUE
1501,TRUE,FALSE,-0.3332908418538574,0.8603813928993967,4.812556816908351,2.815996290861166,11.286793132451457,3.9521754240089537,8.47079684159029,4.518621417581337,,TRUE
1502,TRUE,FALSE,-0.41141259419394427,0.8134228159682615,3.803043112903867,2.708069850780345,8.390745362875645,2.9896202969356054,5.6826755120953,2.6930552151596947,,TRUE
1503,TRUE,FALSE,-0.16761280220934976,1.102594643736273,5.86861528026899,2.7837857696762653,12.530322736932266,4.766020636532717,9.746536967256,4.980516330723283,,TRUE
1504,TRUE,FALSE,-0.125194546273409,1.356765814569302,6.440222254334357,2.0628588511469004,8.639610728326394,5.083456439765055,6.576751877179493,1.4932954374144387,,TRUE
1505,TRUE,FALSE,0.1471843342457287,1.5921424971056384,5.927883101759691,2.791473030345208,12.041275045867085,4.3357406046540525,9.249802015521876,4.9140614108678236,,TRUE
1506,TRUE,FALSE,-0.1092378054093237,1.5311405088798513,4.721197119221807,3.073745707383832,8.496961411982953,3.1900566103419554,5.423215704599121,2.2331590942571657,,TRUE
1507,TRUE,FALSE,-0.5198577839435231,0.8519754634978762,5.407772607338907,2.902953133211394,10.956201011392302,4.555797143841031,8.053247878180908,3.4974507343398775,,TRUE
1508,TRUE,FALSE,-0.20122831118740894,1.3497857529068553,6.503341010211287,2.6933899774934016,10.611544070965628,5.153555257304431,7.918154093472227,2.764598836167796,,TRUE
1509,TRUE,FALSE,-0.48286599792797186,1.154523057307494,5.4839437866495935,3.482701505567767,10.20705838321652,4.329420729342099,6.724356877648753,2.3949361483066536,,TRUE
1510,TRUE,FALSE,0.037296579171283324,1.65144046277409,6.818321087169195,2.2571913068737,9.673432273117776,5.166880624395104,7.416240966244075,2.2493603418489707,,TRUE
1511,TRUE,FALSE,-0.33665505032782794,0.7549265903300745,3.622735784797129,2.8328548115531795,9.708425998416262,2.8678091944670547,6.875571186863082,4.007761992396027,,TRUE
1512,TRUE,FALSE,0.10467179095059419,1.6082352117371495,5.414697299771368,2.3974884436100266,8.962713625176303,3.806462088034219,6.5652251815662765,2.7587630935320577,,TRUE
1513,TRUE,FALSE,-0.2506297199417134,0.7009312568105558,3.9324023047785146,2.4726237078198348,10.796759800553804,3.231471047967959,8.32413609273397,5.09266504476601,,TRUE
1514,TRUE,FALSE,-0.26409614819459076,0.8939606928296798,3.6072494203422947,2.6734990418581175,8.284041803852528,2.713288727512615,5.61054276199441,2.8972540344817954,,TRUE
1515,TRUE,FALSE,-0.0790078254054402,1.227242160800928,4.905915045717567,2.789976301348994,10.305702669029072,3.678672884916639,7.515726367680078,3.8370534827634395,,TRUE
1516,TRUE,FALSE,-0.18883734705879132,1.103644943003458,5.597919963658468,3.1169842494698967,13.089434888599985,4.49427502065501,9.972450639130088,5.478175618475078,,TRUE
1517,TRUE,FALSE,-0.12452498097763141,1.6894246441200742,6.74623972100695,3.0857650860027817,10.879408728716536,5.056815076886876,7.793643642713754,2.736828565826878,,TRUE
1518,TRUE,FALSE,-0.3967184931156232,0.6602479012559667,4.735304182035882,2.6909082378181925,12.979175009618013,4.075056280779915,10.28826677179982,6.213210491019906,,TRUE
1519,TRUE,FALSE,0.10661481396819113,1.7874200423826108,5.5400984772972945,3.094188370059008,10.669396037043413,3.752678434914684,7.575207666984404,3.8225292320697206,,TRUE
1520,TRUE,FALSE,-0.02318707590649555,0.9518834798734567,4.17936493943688,2.3344674329825583,10.014846705492177,3.2274814595634234,7.680379272509619,4.452897812946196,,TRUE
1521,TRUE,FALSE,-0.18187076355986337,0.8097442948312841,4.844404844380415,2.9357230006491717,14.642732863583273,4.034660549549131,11.7070098629341,7.672349313384969,,TRUE
1522,TRUE,FALSE,-0.23897570093182838,0.8512990756860361,5.040331602252713,2.2132781192986775,10.318750460917645,4.189032526566677,8.105472341618967,3.91643981505229,,TRUE
1523,TRUE,TRUE,-0.024465905918725342,1.3331063872744076,5.183222032700929,3.271711559039878,12.413224337086238,3.8501156454265213,9.141512778046359,5.291397132619837,,TRUE
1524,TRUE,FALSE,-0.2982352383485061,1.18509767285131,5.162869843778407,2.9062496094615167,9.396108538092975,3.977772170927097,6.489858928631458,2.512086757704361,,TRUE
1525,TRUE,FALSE,-0.24423161260978243,1.0061386905260952,5.143971499807481,2.62486082050601,10.511835177884452,4.137832809281386,7.886974357378442,3.7491415480970556,,TRUE
1526,TRUE,FALSE,-0.44365963602612085,1.5517250411372836,9.709928613794238,2.401606458628055,9.64326673142236,8.158203572656955,7.241660272794304,-0.916543299862651,,TRUE
1527,TRUE,FALSE,-0.5816430819366586,0.8662059932641794,5.216081202727619,3.2636280675071476,10.985490124678114,4.349875209463439,7.721862057170966,3.371986847707527,,TRUE
1528,TRUE,FALSE,-0.6770200336828782,0.7585754477979336,5.060335134324618,2.444582554305115,8.286271165134794,4.301759686526685,5.841688610829679,1.5399289243029939,,TRUE
1529,TRUE,FALSE,-0.7801470120380583,0.8059384244927477,5.704704640332623,2.4953481544089198,8.09559748852757,4.898766215839875,5.600249334118651,0.7014831182787757,,TRUE
1530,TRUE,FALSE,0.1734027332134003,1.4469501865489276,5.222994951297472,2.379572464791063,10.215810091275854,3.7760447647485442,7.836237626484791,4.060192861736247,,TRUE
1531,TRUE,FALSE,-0.0681648202877274,1.200550278462785,5.756715401350483,2.6966530232644943,12.07857974612314,4.556165122887698,9.381926722858646,4.825761599970948,,TRUE
1532,TRUE,FALSE,0.12467366538425183,1.0679591499577263,3.044529557208776,3.025213118416682,9.769371246588806,1.9765704072510495,6.744158128172124,4.767587720921075,,TRUE
1533,TRUE,FALSE,-0.27979102102177933,1.7734142034077058,9.355277832427754,2.467104102176102,9.838350398168817,7.581863629020049,7.371246295992715,-0.21061733302733376,,TRUE
1534,TRUE,FALSE,0.06957736714598944,0.8319514148278376,3.2694877560557414,2.891082667070068,12.18033764326323,2.437536341227904,9.289254976193163,6.851718634965259,,TRUE
1535,TRUE,FALSE,0.12800402433004746,0.8939028582376057,3.4373641689008774,2.4866375036992507,10.867737515128463,2.5434613106632717,8.381100011429211,5.83763870076594,,TRUE
1536,TRUE,FALSE,0.06523649832435047,1.1329466222617572,4.022250085247146,2.607862755159285,9.882713463588287,2.8893034629853886,7.2748507084290015,4.385547245443613,,TRUE
1537,TRUE,FALSE,-0.83574028297495,0.4520732770764985,3.851418041060958,2.401815526289717,8.871439177283925,3.3993447639844594,6.469623650994208,3.070278887009749,,TRUE
1538,TRUE,FALSE,-0.19949573261559642,1.2742681833523635,5.565304551925469,2.8619248999591087,10.238738076777283,4.291036368573105,7.376813176818175,3.085776808245069,,TRUE
1539,TRUE,FALSE,-0.48464867693130487,1.4338349415753155,6.317587108104108,3.6336093330365578,9.860752661021895,4.883752166528793,6.2271433279853365,1.3433911614565437,,TRUE
1540,TRUE,FALSE,-0.24833595779215292,0.8134471402628463,4.1109798158718815,2.8434916250288302,11.2102945835884,3.2975326756090353,8.36680295855957,5.069270282950534,,TRUE
1541,TRUE,FALSE,-0.4026372773555157,1.2874251105094727,6.801495750467107,2.938067166718924,10.377220087241415,5.514070639957635,7.439152920522491,1.9250822805648564,,TRUE
1542,TRUE,FALSE,-0.3771405129885392,1.0323275904864966,5.377021806003502,3.63691159198186,12.991729317896116,4.344694215517006,9.354817725914256,5.01012351039725,,TRUE
1543,TRUE,FALSE,-0.05251344219429932,1.0308921486871008,4.481309290039263,2.3431138528087425,9.664486426147315,3.4504171413521627,7.321372573338572,3.8709554319864097,,TRUE
1544,TRUE,FALSE,0.19313964415896348,1.57254614367835,6.300619063924413,2.7497080169328303,13.364289860505277,4.7280729202460625,10.614581843572447,5.886508923326384,,TRUE
1545,TRUE,FALSE,0.08532675148899876,1.110963777576601,4.065649137263731,3.088070249679779,12.307620773119659,2.9546853596871294,9.21955052343988,6.26486516375275,,TRUE
1546,TRUE,FALSE,0.29821309375678795,1.0856514900496863,3.446226361361677,2.2908673623666096,9.798635743266903,2.3605748713119903,7.507768380900293,5.147193509588303,,TRUE
1547,TRUE,FALSE,0.23889085639351013,1.144063326499982,4.1703602280914085,2.653836102815003,12.284191680956278,3.0262969015914267,9.630355578141275,6.604058676549848,,TRUE
1548,TRUE,FALSE,-0.09139175078974472,1.7598242739691958,6.971259990893615,2.7383595379013945,9.900144011640927,5.211435716924419,7.161784473739533,1.9503487568151137,,TRUE
1549,TRUE,FALSE,-0.08919149082055791,1.0878674758813038,4.763839182350958,2.366720089140429,9.47965701245219,3.6759717064696544,7.112936923311761,3.4369652168421063,,TRUE
1550,TRUE,FALSE,0.2727005786952404,1.230635094422596,4.043602914364009,2.5336758410176263,10.935096298724085,2.812967819941413,8.40142045770646,5.588452637765046,,TRUE
1551,TRUE,FALSE,0.07209278646342092,1.5371363524458397,5.578365819360419,2.4854044063903795,9.693958606083292,4.041229466914579,7.208554199692912,3.167324732778333,,TRUE
1552,TRUE,FALSE,-0.13403465900025008,1.2973380834228965,6.085619309553583,3.106670641857067,12.744896554100512,4.788281226130687,9.638225912243445,4.849944686112758,,TRUE
1553,TRUE,FALSE,0.195108398536605,1.3583243621459231,4.220764923326046,3.1667684888011154,11.960201329394998,2.8624405611801227,8.793432840593884,5.930992279413761,,TRUE
1554,TRUE,FALSE,-0.1518289706429804,0.6816611244697754,3.8396863156686414,2.066074479096593,9.998496718161624,3.158025191198866,7.932422239065031,4.774397047866165,,TRUE
1555,TRUE,FALSE,-0.28072074252150586,1.1819146923397221,5.850049119208124,2.5867104372649625,9.669538061562923,4.668134426868401,7.082827624297961,2.4146931974295596,,TRUE
1556,TRUE,FALSE,-0.6089472307313585,0.8497733237702401,5.516202366824322,2.7119367176918505,9.575340486380542,4.666429043054082,6.863403768688691,2.1969747256346093,,TRUE
1557,TRUE,FALSE,-0.05951980694320038,1.005633483506355,5.010748890849868,2.627618283756473,12.336048418293249,4.005115407343514,9.708430134536776,5.703314727193263,,TRUE
1558,TRUE,FALSE,-0.452868654001777,1.4398931815233529,9.181948530694545,2.340693609060168,9.490100043802512,7.742055349171192,7.149406434742344,-0.5926489144288478,,TRUE
1559,TRUE,FALSE,-0.13288180630897495,1.207541595491515,4.707211929859744,2.7855827527639714,9.507533880586989,3.499670334368229,6.721951127823017,3.2222807934547877,,TRUE
1560,TRUE,FALSE,0.05880370138122019,0.804489297957827,2.7819361181824678,1.9600318986662861,7.188332283396081,1.9774468202246407,5.228300384729795,3.250853564505154,,TRUE
1561,TRUE,FALSE,-0.2601601982230827,1.415263067463378,6.424026847352709,2.9822273910298773,10.435776996754084,5.008763779889332,7.453549605724207,2.4447858258348756,,TRUE
1562,TRUE,FALSE,-0.23045853128810773,0.728038992603383,3.6808464223090853,2.872401326922779,11.533239420937207,2.952807429705702,8.660838094014428,5.708030664308726,,TRUE
1563,TRUE,FALSE,-0.057045354154072005,1.1313963109991607,4.698651732670565,2.4510303856256863,9.61463297673233,3.5672554216714043,7.1636025911066445,3.5963471694352402,,TRUE
1564,TRUE,FALSE,-0.581476192778928,0.6805368518493091,5.106924559185074,2.677575221834977,11.233564240548054,4.426387707335764,8.555989018713078,4.129601311377313,,TRUE
1565,TRUE,FALSE,-0.49972358342041406,0.9577332612848894,5.543627100650907,2.913488232591585,10.231410566668139,4.585893839366017,7.317922334076553,2.732028494710536,,TRUE
1566,TRUE,FALSE,-0.7110620415238922,0.334521345467731,2.3739779372705403,3.078478518791596,10.72947939748232,2.0394565918028094,7.651000878690724,5.611544286887915,,TRUE
1567,TRUE,FALSE,-0.03954300155973925,1.20306016671255,5.710315586108572,2.5751676977659916,11.749110050145143,4.507255419396022,9.173942352379152,4.66668693298313,,TRUE
1568,TRUE,FALSE,-0.07806129438310248,1.3821949074306676,5.706310600006031,2.232759056166645,8.52562818816124,4.324115692575363,6.292869131994596,1.968753439419233,,TRUE
1569,TRUE,FALSE,0.3052571653157843,1.1759957921610882,3.5241925984649245,2.6024326529682593,10.58290429969732,2.3481968063038363,7.980471646729061,5.632274840425225,,TRUE
1570,TRUE,FALSE,0.05196245714704419,1.4485914793302461,5.867747895339804,2.7416476533175786,11.69779937053296,4.4191564160095576,8.956151717215382,4.536995301205825,,TRUE
1571,TRUE,FALSE,0.18303162540367862,1.3079950348637956,4.987436832801121,2.097026371749758,9.60206916401661,3.6794417979373257,7.505042792266853,3.825600994329527,,TRUE
1572,TRUE,TRUE,0.06632419378745995,1.5157814960547402,5.648165100830409,3.0813495707781318,12.26919259880093,4.132383604775669,9.187843028022797,5.055459423247129,,TRUE
1573,TRUE,FALSE,-0.4435842629958894,0.8645971566029466,4.9558977693963024,2.3461000773603926,8.629961780410088,4.091300612793356,6.283861703049696,2.1925610902563397,,TRUE
1574,TRUE,FALSE,-0.3332086207735236,1.1914697161653776,5.819754612431379,2.919109396145788,10.217893468984418,4.628284896266002,7.29878407283863,2.670499176572628,,TRUE
1575,TRUE,FALSE,-0.4739342034443068,1.2568205991658588,8.317510078374132,3.1650468663524167,13.039867590683544,7.060689479208274,9.874820724331126,2.8141312451228524,,TRUE
1576,TRUE,FALSE,-0.3389784888902534,1.0283890294531766,5.046174426006764,3.16085489554597,11.050779038768411,4.017785396553587,7.889924143222441,3.8721387466688535,,TRUE
1577,TRUE,FALSE,-0.20799634509285114,1.637783285206536,6.5612855125243135,2.5129616778132795,8.176862647704967,4.923502227317778,5.663900969891687,0.7403987425739089,,TRUE
1578,TRUE,FALSE,-0.2916982442752279,0.7741616355479987,4.082858477322599,2.737505901577464,10.784619003751054,3.3086968417746005,8.04711310217359,4.7384162603989894,,TRUE
1579,TRUE,FALSE,-0.36347108376434856,1.0011708374581443,4.970255976281085,3.2325299108827514,11.157313381331475,3.969085138822941,7.924783470448723,3.9556983316257823,,TRUE
1580,TRUE,FALSE,-0.3256091888752191,1.1912003729332175,7.018933803138902,2.967914009670096,12.627790427176107,5.827733430205685,9.65987641750601,3.832142987300326,,TRUE
1581,TRUE,FALSE,-0.8872016545567888,0.5352168418670326,4.781903952141655,2.7765247389009686,10.215646168038212,4.246687110274623,7.439121429137243,3.1924343188626203,,TRUE
1582,TRUE,FALSE,0.19326726095675553,1.3070339272780633,4.922094669630198,2.54011609607228,11.605171774471362,3.6150607423521346,9.065055678399082,5.449994936046947,,TRUE
1583,TRUE,FALSE,0.05098525119239019,0.7708263617952985,2.890602878903437,2.7441114650630856,10.828697792937263,2.1197765171081384,8.084586327874177,5.964809810766039,,TRUE
1584,TRUE,FALSE,0.011349088159457687,1.0466903099201015,3.93052655946443,2.683414655209756,10.191759464831758,2.8838362495443284,7.5083448096220025,4.624508560077674,,TRUE
1585,TRUE,FALSE,-0.09545377028973615,1.151503548599249,4.916110058666712,3.1105832265718587,12.070995733745079,3.764606510067463,8.96041250717322,5.195805997105758,,TRUE
1586,TRUE,FALSE,-0.1897480532852866,1.9564076092607938,8.34244889948383,3.269716273123985,11.532879333068683,6.386041290223037,8.263163059944699,1.8771217697216613,,TRUE
1587,TRUE,FALSE,-0.09060697606960855,1.0234149601257105,4.719673309096118,2.4000102581233658,10.109348432945685,3.6962583489704075,7.709338174822319,4.013079825851912,,TRUE
1588,TRUE,FALSE,-0.36239241458618254,1.045165835715477,6.4202369799933034,2.6345991306366137,11.26407080948691,5.375071144277826,8.629471678850296,3.2544005345724694,,TRUE
1589,TRUE,FALSE,-0.34979859394326385,1.08000339013436,6.348471934891694,2.5922167690005367,10.739889224043782,5.268468544757334,8.147672455043246,2.879203910285912,,TRUE
1590,TRUE,FALSE,0.09640973924145264,1.990800167144109,6.607589746690159,2.4730754178462364,9.03905399003899,4.616789579546051,6.565978572192754,1.949188992646703,,TRUE
1591,TRUE,TRUE,0.4891970215796455,2.0096041131610476,6.434179869429457,2.14485109400641,11.20044816203955,4.424575756268409,9.05559706803314,4.631021311764732,,TRUE
1592,TRUE,FALSE,-0.5397001020385661,0.5805024724552039,3.5379274369688196,3.0879292811808514,10.970424097232936,2.9574249645136157,7.882494816052084,4.925069851538469,,TRUE
1593,TRUE,FALSE,-0.3941774686353906,1.7446792617466065,9.472627230869977,2.7433535333492762,10.042631499753382,7.72794796912337,7.299277966404105,-0.42867000271926514,,TRUE
1594,TRUE,FALSE,-0.9069889393156482,1.9436619209423733,14.372813943285525,2.638309545893314,7.876740442757965,12.429152022343152,5.238430896864651,-7.1907211254785,,TRUE
1595,TRUE,FALSE,-0.2733512646307094,0.7296051743050482,3.8688903083951782,3.117486108963426,12.57731947519321,3.13928513409013,9.459833366229784,6.320548232139654,,TRUE
1596,TRUE,FALSE,-0.05067863059490296,1.0153858835230687,3.70493940969534,3.0538166237795545,10.592134672859205,2.689553526172271,7.53831804907965,4.848764522907379,,TRUE
1597,TRUE,FALSE,-0.16840333127346327,1.3373579573213488,6.4653080816345305,2.9209923658357226,11.932607148739635,5.127950124313182,9.011614782903912,3.88366465859073,,TRUE
1598,TRUE,FALSE,-0.30473783780955016,1.0827501151816334,5.889536892365508,2.3792149081199883,9.542026515535476,4.806786777183875,7.162811607415487,2.356024830231612,,TRUE
1599,TRUE,FALSE,-0.34137902552268806,1.3472830089961785,6.298675747722925,3.187904221089931,10.593431353053882,4.951392738726746,7.405527131963951,2.4541343932372053,,TRUE
1600,TRUE,FALSE,-0.35846137619216417,1.1503764360412716,6.362270929574398,2.185759392624571,8.446888034563692,5.211894493533126,6.261128641939121,1.0492341484059944,,TRUE
1601,TRUE,FALSE,0.1276319682911623,1.5383211159112875,4.699280406373211,2.477324261578881,8.597992741992938,3.160959290461924,6.120668480414057,2.9597091899521333,,TRUE
1602,TRUE,FALSE,-0.5140812498899946,1.6044684141869567,7.304322832004946,3.635614959310196,9.898377651151527,5.699854417817989,6.262762691841331,0.562908274023342,,TRUE
1603,TRUE,FALSE,-0.27088619031784367,1.0317445657849384,5.976690906987144,2.240450447076188,9.898732116471653,4.944946341202205,7.658281669395464,2.713335328193259,,TRUE
1604,TRUE,FALSE,-0.41327719980736516,1.2846477009835442,7.333093502655183,2.2729956284461923,8.582578249855295,6.0484458016716385,6.309582621409103,0.26113681973746417,,TRUE
1605,TRUE,FALSE,-0.7489899501818313,1.0796226666212978,8.608223749085223,2.9119387915005595,10.97846426185571,7.528601082463926,8.066525470355149,0.5379243878912234,,TRUE
1606,TRUE,FALSE,-0.3753876536139354,1.1280061027363972,5.29499393376259,2.6539166054114514,8.55879260755991,4.1669878310261925,5.904876002148459,1.7378881711222665,,TRUE
1607,TRUE,FALSE,-0.12642690528966502,1.0648815079092933,4.995484872270408,2.330498091316334,9.634265424724148,3.930603364361115,7.303767333407814,3.373163969046699,,TRUE
1608,TRUE,FALSE,-0.2281067335773491,0.9821040964587298,5.428463178503679,2.2117452191912648,9.731705890808623,4.44635908204495,7.519960671617358,3.0736015895724087,,TRUE
1609,TRUE,FALSE,-0.24939355928546353,0.8727348733427679,4.317211699303658,2.3670607060181306,9.124732983455589,3.44447682596089,6.757672277437458,3.313195451476568,,TRUE
1610,TRUE,FALSE,0.06480682912794762,1.5975570279174425,6.67267536117968,2.8754836824207484,12.814444418327366,5.075118333262237,9.938960735906617,4.86384240264438,,TRUE
1611,TRUE,FALSE,-0.1793442656711715,1.0537938447163855,4.71768411338069,2.3901877366699913,8.943695186385208,3.6638902686643045,6.553507449715216,2.8896171810509115,,TRUE
1612,TRUE,FALSE,-0.309823940966773,1.0740743333245906,5.592831303497599,2.309220034916361,8.820797869149796,4.518756970173008,6.511577834233435,1.9928208640604268,,TRUE
1613,TRUE,FALSE,-0.18975508696819063,1.9416096509934804,8.152491870766703,2.560692306914724,8.893572749088989,6.2108822197732225,6.332880442174265,0.12199822240104208,,TRUE
1614,TRUE,FALSE,-0.3480253611169716,0.8867762041757017,4.541420812037826,2.193257577109672,7.930888782702595,3.6546446078621244,5.737631205592923,2.082986597730798,,TRUE
1615,TRUE,FALSE,-0.1407327214401901,0.8780395245830332,4.202903504021654,2.7272529207307374,11.34073818290215,3.3248639794386206,8.613485262171412,5.288621282732792,,TRUE
1616,TRUE,FALSE,0.34711021277557935,1.0780065733963047,3.593486351725629,2.29196743423593,10.81063198256693,2.5154797783293246,8.518664548331,6.003184770001675,,TRUE
1617,TRUE,FALSE,-0.2470222846766491,0.46606726494777306,2.374895500702988,2.635431140982114,10.489798899149877,1.9088282357552149,7.854367758167763,5.945539522412548,,TRUE
1618,TRUE,FALSE,-0.343515369647945,0.9665147224501482,5.195731193670119,2.753091863876594,10.497166215001316,4.229216471219971,7.744074351124722,3.514857879904751,,TRUE
1619,TRUE,FALSE,0.018503273229949352,1.290432741319258,4.423336474077262,2.621615184329991,9.154179334124564,3.132903732758004,6.532564149794572,3.3996604170365683,,TRUE
1620,TRUE,FALSE,0.11918848336286088,1.6698749848578256,6.156985085888707,2.2887656507322314,9.507106749446336,4.487110101030882,7.218341098714105,2.731230997683223,,TRUE
1621,TRUE,FALSE,0.2978806995222536,2.286637616474925,6.926731401707037,3.1860318182434746,13.0001707470114,4.640093785232112,9.814138928767925,5.174045143535813,,TRUE
1622,TRUE,FALSE,-0.2758756892096907,0.6116172693845957,3.2713345401196685,2.329458725750302,9.455596908681134,2.6597172707350727,7.126138182930832,4.46642091219576,,TRUE
1623,TRUE,FALSE,-0.2733069719416337,0.7983999476532012,4.23467955003623,2.1943630014296924,8.855494429294017,3.4362796023830287,6.6611314278643246,3.224851825481296,,TRUE
1624,TRUE,FALSE,-0.4180478758123732,0.7002643008981614,4.14310436470689,3.277252970663905,12.764916158731284,3.4428400638087284,9.487663188067378,6.04482312425865,,TRUE
1625,TRUE,FALSE,-0.3085561303353489,0.7266974221040713,3.477796704664781,3.006285788213022,10.567605958817145,2.7510992825607095,7.561320170604123,4.810220888043414,,TRUE
1626,TRUE,FALSE,-0.04065410381564098,1.1670905995089862,4.382998871790828,2.6201870969033694,9.448072964764352,3.2159082722818413,6.827885867860982,3.611977595579141,,TRUE
1627,TRUE,FALSE,-0.42163385089667116,1.4119185001854202,7.530463132852959,3.0245734030070457,10.581882427412866,6.118544632667539,7.5573090244058205,1.4387643917382817,,TRUE
1628,TRUE,TRUE,0.08069084299093005,1.2851561245119667,4.989392241616515,2.305589139172082,9.703250932595466,3.704236117104548,7.397661793423384,3.693425676318836,,TRUE
1629,TRUE,FALSE,-0.505621173037,1.3389502434273775,7.857778571247959,2.5074739855361057,8.875305244856388,6.518828327820581,6.367831259320283,-0.15099706850029815,,TRUE
1630,TRUE,FALSE,-0.2787820492638248,1.195532978233086,6.294287482670306,3.1021975027884396,12.358932282554884,5.0987545044372204,9.256734779766443,4.157980275329223,,TRUE
1631,TRUE,FALSE,0.03473397702047141,1.2528103533256578,5.584214212129201,2.6099210129011245,12.044502728829002,4.331403858803543,9.434581715927877,5.103177857124334,,TRUE
1632,TRUE,FALSE,-0.4230154938682949,1.245716785769518,6.326819524469819,2.856871391558722,9.50481186492767,5.081102738700301,6.647940473368948,1.5668377346686464,,TRUE
1633,TRUE,FALSE,-0.015396481037401969,1.062751007251828,4.236435196467894,2.550671065825604,10.012370020687664,3.1736841892160657,7.46169895486206,4.288014765645994,,TRUE
1634,TRUE,FALSE,-0.273495353816046,1.335131343872794,6.025503175957989,2.600130788157704,8.926618999501759,4.690371832085195,6.326488211344055,1.6361163792588593,,TRUE
1635,TRUE,FALSE,-0.2276357422580391,0.81913771903593,4.683581701133704,2.538855957825304,11.561076932232032,3.8644439820977743,9.022220974406729,5.157776992308954,,TRUE
1636,TRUE,FALSE,-0.0946110469481447,1.0040750073679587,4.764396345499799,3.0817389343442696,13.302967049259086,3.76032133813184,10.221228114914817,6.460906776782977,,TRUE
1637,TRUE,FALSE,-0.40486342262723213,0.9193506941552756,5.968507906278781,2.361752943204113,10.227961393041454,5.0491572121235055,7.866208449837341,2.8170512377138355,,TRUE
1638,TRUE,FALSE,-0.134011547203268,0.8868377729507634,3.1277581418796245,2.421474938837353,7.469103607659851,2.2409203689288613,5.047628668822497,2.806708299893636,,TRUE
1639,TRUE,FALSE,-0.5217852746631276,0.9435234874202657,6.125781964297674,2.382834259729988,9.181088828921116,5.182258476877408,6.798254569191128,1.6159960923137202,,TRUE
1640,TRUE,FALSE,-0.3029694167981353,1.4057487670320021,7.8282269095059975,2.5240907424215515,10.38204035055566,6.422478142473995,7.85794960813411,1.4354714656601146,,TRUE
1641,TRUE,FALSE,-0.1783330182367657,0.8970566908542678,3.855367208854258,3.6385962435368904,13.083703102321207,2.9583105179999905,9.445106858784317,6.486796340784327,,TRUE
1642,TRUE,FALSE,-0.40497972442115243,0.6941924338697802,4.030731159826212,2.8642825395084306,11.092753255990692,3.336538725956432,8.228470716482262,4.89193199052583,,TRUE
1643,TRUE,FALSE,-0.33793121001767235,0.7400694663991095,4.121641741081144,2.975618541295901,11.819887674401242,3.3815722746820347,8.84426913310534,5.462696858423306,,TRUE
1644,TRUE,FALSE,-0.8494916018616673,1.005540520759769,7.001222278964757,3.4001472813530116,10.123775459706097,5.995681758204988,6.723628178353086,0.7279464201480979,,TRUE
1645,TRUE,FALSE,0.0047436968319625955,0.8484327778297706,3.612993508333629,2.756327323487917,11.793445229404629,2.764560730503858,9.037117905916713,6.272557175412855,,TRUE
1646,TRUE,FALSE,-0.29506957762315056,1.0879064429325842,4.935946925880707,2.850706851260049,9.62907130242284,3.8480404829481225,6.778364451162791,2.930323968214669,,TRUE
1647,TRUE,FALSE,0.11720020823725301,1.0307786738255644,4.200299496149148,3.0664309644427084,14.049065231153744,3.1695208223235833,10.982634266711035,7.813113444387451,,TRUE
1648,TRUE,FALSE,0.21824111361364362,0.9041438487267108,2.822506452735364,2.26663130787575,8.80155092389294,1.9183626040086532,6.53491961601719,4.616557012008537,,TRUE
1649,TRUE,FALSE,-0.14665826003226456,1.5822740320872637,6.318055354424411,2.6064213280274684,8.987801529505655,4.735781322337147,6.381380201478186,1.6455988791410388,,TRUE
1650,TRUE,FALSE,-0.17368908867554494,0.8349685863774251,4.431084374216762,3.111129016076838,13.877961927385819,3.5961157878393366,10.766832911308981,7.170717123469645,,TRUE
1651,TRUE,FALSE,-0.28875918386437377,1.0687476446980562,4.493925999727314,3.6591249628121663,11.527137331638249,3.4251783550292583,7.868012368826083,4.4428340137968245,,TRUE
1652,TRUE,FALSE,-0.15310558854369685,1.1950609230505689,5.713063048352981,2.686652990582281,11.020407032595186,4.518002125302412,8.333754042012904,3.815751916710492,,TRUE
1653,TRUE,FALSE,-0.21570846682995423,0.9049325401621864,4.462978261644533,2.658741905895512,10.568266351929429,3.5580457214823467,7.909524446033917,4.35147872455157,,TRUE
1654,TRUE,FALSE,-0.08475834343563714,0.7013773742544296,2.758701655464865,2.7979711990362865,10.110814498938863,2.0573242812104353,7.3128432999025765,5.255519018692141,,TRUE
1655,TRUE,FALSE,-0.7454581268493037,0.8995914696581432,7.602449720393968,2.3665030739176385,9.490016115186016,6.702858250735824,7.123513041268378,0.42065479053255395,,TRUE
1656,TRUE,FALSE,-0.29832295199736103,1.268394413739074,6.437368320699116,3.055781807040875,11.508437589656598,5.168973906960042,8.452655782615723,3.283681875655681,,TRUE
1657,TRUE,FALSE,-0.5053878805028842,1.1297345452668244,6.373276844546993,3.169494249414322,10.786714284972634,5.243542299280168,7.6172200355583115,2.373677736278143,,TRUE
1658,TRUE,FALSE,0.0051062909168022655,1.5269272333016914,6.134159463104625,2.420240969261711,9.772663903169349,4.607232229802934,7.352422933907638,2.7451907041047043,,TRUE
1659,TRUE,FALSE,-0.28721520485584406,1.3450207516088584,6.790227456073235,2.5023531807558905,9.479118764892148,5.445206704464376,6.976765584136257,1.5315588796718806,,TRUE
1660,TRUE,FALSE,-0.2654115276259064,1.2067397781587224,5.82391253243141,2.5796744447074036,9.54771297224795,4.617172754272688,6.968038527540546,2.3508657732678584,,TRUE
1661,TRUE,FALSE,-0.22732947374625262,1.1869536453250187,6.300761237895582,3.4801899794584785,14.717507992073626,5.113807592570563,11.237318012615148,6.123510420044585,,TRUE
1662,TRUE,FALSE,-0.1751744135751395,0.8722716240979153,4.142173511176729,2.4824141593640157,9.894036335584614,3.269901887078814,7.4116221762205985,4.141720289141785,,TRUE
1663,TRUE,FALSE,0.3206270141543943,1.4866895818294983,5.4699997854610745,2.6106209909407396,13.236018939061912,3.983310203631576,10.625397948121172,6.642087744489596,,TRUE
1664,TRUE,FALSE,0.225539246596313,1.2833338641687617,4.4995743749010115,2.4529986242630715,10.776544714748372,3.21624051073225,8.323546090485301,5.107305579753051,,TRUE
1665,TRUE,FALSE,-0.05259792934077932,1.477535254778322,5.803205147581708,3.064666110483028,11.420108937269484,4.325669892803386,8.355442826786456,4.02977293398307,,TRUE
1666,TRUE,FALSE,-0.21879049535949033,0.9432915017347965,4.39474627841402,2.5525041744072015,9.555091305548627,3.451454776679224,7.002587131141426,3.5511323544622018,,TRUE
1667,TRUE,FALSE,-0.15690479141503003,0.9683940803485611,4.797453149070051,2.105631533710112,8.916575823885022,3.8290590687214903,6.810944290174911,2.9818852214534206,,TRUE
1668,TRUE,FALSE,-0.06516548458264912,1.2107094318260976,4.8142804080271135,2.4172045588446354,9.005417475311798,3.603570976201016,6.588212916467163,2.984641940266147,,TRUE
1669,TRUE,FALSE,-0.09459725873827532,1.3194290655456957,5.483901837677694,2.5719127767026913,9.724713017201243,4.164472772131998,7.152800240498552,2.9883274683665535,,TRUE
1670,TRUE,FALSE,0.1525236493069457,1.6454084632730261,5.95764101783738,2.202472957543961,9.288623678615597,4.312232554564354,7.086150721071636,2.773918166507282,,TRUE
1671,TRUE,FALSE,-0.18302161191618993,0.9730565450967181,4.199808025085632,2.225078769362143,7.997448915581737,3.226751479988914,5.772370146219593,2.5456186662306792,,TRUE
1672,TRUE,FALSE,-0.310065716129907,1.3326515165903794,7.468719388283064,2.516702338679306,10.344310972021255,6.136067871692684,7.827608633341949,1.6915407616492653,,TRUE
1673,TRUE,FALSE,-0.01204265317269439,0.9154309267385797,3.6457337744589604,3.2067450444519516,12.618093628184166,2.7303028477203806,9.411348583732215,6.681045736011834,,TRUE
1674,TRUE,FALSE,-0.5143656463590913,0.6280065744800463,4.3140642171653845,3.1943135657911235,13.119394732612411,3.686057642685338,9.925081166821288,6.23902352413595,,TRUE
1675,TRUE,FALSE,-0.3681196406404111,0.7527457313652316,4.208095771170308,2.9788216015357234,11.524165319473827,3.4553500398050767,8.545343717938103,5.089993678133026,,TRUE
1676,TRUE,FALSE,0.011622329946258943,0.9634922015409016,3.1236905757612083,2.826194470417646,9.269778557701905,2.1601983742203066,6.443584087284259,4.283385713063953,,TRUE
1677,TRUE,FALSE,0.0077916011485997345,1.41182709851236,5.855968246296138,2.2971667105896976,9.602704464780162,4.444141147783778,7.305537754190464,2.861396606406686,,TRUE
1678,TRUE,FALSE,-0.37575992969286437,1.0175722472544981,5.19868874066728,3.5132871082161197,12.32683946760327,4.181116493412782,8.813552359387149,4.632435865974367,,TRUE
1679,TRUE,FALSE,-0.5690156119249555,0.9925297744553195,6.011123688302412,2.762212611689731,9.469976122364308,5.018593913847092,6.707763510674576,1.689169596827484,,TRUE
1680,TRUE,FALSE,0.07419069653280051,1.13170047476863,3.9246572032601073,1.9022935584594545,7.105070292585553,2.792956728491477,5.202776734126099,2.4098200056346215,,TRUE
1681,TRUE,FALSE,-0.5481528795162444,0.7863303389348698,4.712284912571162,2.38928699609467,8.276277748720972,3.925954573636292,5.886990752626302,1.9610361789900095,,TRUE
1682,TRUE,FALSE,0.25977214901080414,1.00146607100155,3.4066152964777587,1.9795406765334567,8.731098606211228,2.405149225476209,6.751557929677771,4.346408704201562,,TRUE
1683,TRUE,FALSE,-0.24139884614759996,0.9419752845670838,4.6298457476683295,2.106648339158476,8.133563701487875,3.6878704631012456,6.026915362329399,2.3390448992281536,,TRUE
1684,TRUE,FALSE,-0.3231654710821189,0.9251089427581001,5.009536189753682,2.5978436659234796,10.182834158494956,4.084427246995582,7.584990492571476,3.5005632455758944,,TRUE
1685,TRUE,FALSE,-0.6625755696377895,0.7947278066688178,5.836797928510648,3.5251586371224604,13.346949009477747,5.04207012184183,9.821790372355286,4.779720250513456,,TRUE
1686,TRUE,FALSE,-0.13188393713292781,1.415886776840705,6.569198172375707,2.9937496267226793,12.173707089057707,5.153311395535002,9.179957462335029,4.026646066800027,,TRUE
1687,TRUE,FALSE,0.15808818228932747,1.3509066881509886,5.1615576880220475,2.3614759894861352,10.568072723753927,3.8106509998710587,8.20659673426779,4.395945734396732,,TRUE
1688,TRUE,FALSE,-0.5186511919416562,1.5706721113727231,9.362973690118592,2.7006123730299985,9.583919845557219,7.792301578745869,6.88330747252722,-0.9089941062186488,,TRUE
1689,TRUE,FALSE,0.2985442298510886,0.8610038164170218,2.8380736004150933,3.0033527608507273,13.343846413389311,1.9770697839980715,10.340493652538584,8.363423868540512,,TRUE
1690,TRUE,FALSE,-0.18552354743813676,1.3048482432461157,8.219200985748607,2.4960160016425954,13.060058057910963,6.9143527425024915,10.564042056268367,3.649689313765875,,TRUE
1691,TRUE,FALSE,-0.42677866568422795,1.003847086229982,5.607231250775019,2.8792030569908245,10.49555913576108,4.603384164545037,7.616356078770256,3.0129719142252185,,TRUE
1692,TRUE,FALSE,-0.34226350261738203,0.8928496116367071,5.76224742125536,1.5685066936346326,7.188806832571896,4.869397809618652,5.620300138937264,0.75090232931861145,,TRUE
1693,TRUE,FALSE,-0.06102668323271491,0.9884818136020954,4.087969736245831,2.184725518722283,8.500262122994737,3.0994879226437355,6.315536604272454,3.2160486816287186,,TRUE
1694,TRUE,FALSE,0.33242489121058466,0.93853454189397445,3.22482150090909,2.3027771140489257,11.0325935876622,2.286286959015116,8.729816473613274,6.443529514598159,,TRUE
1695,TRUE,FALSE,-0.22716938388051536,1.1368607356828313,5.047053162773595,2.893726460449857,10.235985870307443,3.910192427090763,7.342259409857586,3.4320669827668233,,TRUE
1696,TRUE,FALSE,-0.3220418078419162,0.8544854255384792,4.2967134907142865,1.9979323363733488,7.280337818826876,3.4422280651758075,5.282405482453527,1.8401774172777192,,TRUE
1697,TRUE,FALSE,0.05834899807219644,1.7593801379898617,6.71418236299618,2.3224708171082367,9.395596588674263,4.954802225006318,7.073125771566026,2.118323546559708,,TRUE
1698,TRUE,FALSE,0.0037516552143910037,1.2735335999009108,4.764635868301542,2.764055253180723,10.379952155448665,3.491102268400631,7.6158969022679415,4.12479463386731,,TRUE
1699,TRUE,FALSE,-0.04073162228348167,1.0085524892567266,4.219497961769325,2.823097328247665,11.339622788303679,3.2109454725125985,8.516525460056014,5.305579987543416,,TRUE
1700,TRUE,FALSE,-0.40063925562720215,1.1607316513671533,6.291617722137476,2.4947238217120575,9.058526435117258,5.130886070770322,6.563802613405201,1.4329165426348789,,TRUE
1701,TRUE,FALSE,0.05446638406275848,1.1174604112832434,4.24885010708717,2.527841958715469,10.149476264685791,3.131389695803927,7.621634305970323,4.490244610166396,,TRUE
1702,TRUE,FALSE,0.18921923863182719,1.0238329104399724,3.8422478840385623,2.2663055430180896,10.2766514454754,2.81841497359859,8.01034590245731,5.19193092885872,,TRUE
1703,TRUE,FALSE,-0.3056347921850549,0.9333098454995118,5.24772125704898,2.628840145080229,10.888638658165938,4.314411411549468,8.259798513085709,3.945387101536241,,TRUE
1704,TRUE,FALSE,-0.3440971461638729,0.8992417871110775,5.422766049740757,2.7626008803912554,11.809269735120914,4.523524262629679,9.046668854729658,4.523144592099979,,TRUE
1705,TRUE,FALSE,-0.05516400786048512,1.493340933535806,7.064352702238124,2.3572666181377464,10.552726596538594,5.571011768702318,8.195459978400848,2.6244482096985298,,TRUE
1706,TRUE,FALSE,0.20654099759402483,1.285906076261269,3.774231340445332,2.8607550475396164,10.322848569899197,2.4883252641840627,7.462093522359581,4.973768258175518,,TRUE
1707,TRUE,FALSE,0.2747905013444011,1.0560580746855228,3.178356296736138,2.906945171197866,11.515733818080562,2.122298222050615,8.608788646882697,6.486490424832082,,TRUE
1708,TRUE,FALSE,-0.27333407507337915,1.4585993768481424,6.27296122756206,3.1695755587209282,10.371228631264863,4.814361850713918,7.201653072543935,2.387291221830017,,TRUE
1709,TRUE,FALSE,0.25501139071788054,1.5200130533140799,4.588932364267567,2.7297944605810263,10.635167325760795,3.068919310953487,7.9053728651797694,4.836453554226282,,TRUE
1710,TRUE,FALSE,0.08060479391223473,1.0884264292580323,4.3885085162057385,2.8341684764175707,12.386532516481925,3.300082086947706,9.552364040064354,6.252281953116649,,TRUE
1711,TRUE,FALSE,-0.1976345136292453,1.6912375846028085,8.867437112926552,2.1847569809468403,9.400805183825401,7.176199528323744,7.216048202878561,0.039848674554816554,,TRUE
1712,TRUE,FALSE,-0.24929801611123117,1.2821095859716134,6.587341207109614,2.4543558105347953,9.827742806062156,5.305231621138001,7.373386995527361,2.0681553743893604,,TRUE
1713,TRUE,FALSE,-0.619011226582003,0.8988585751114222,6.103383218691798,2.0404421837672357,7.4605424677171355,5.204524643580376,5.4201002839499,0.21557564036952392,,TRUE
1714,TRUE,FALSE,-0.3767065684901761,0.9242682398974282,4.972210133132339,2.1867240765843805,8.071306641303922,4.047941893234912,5.884582564719541,1.8366406714846297,,TRUE
1715,TRUE,FALSE,-0.05238684235441941,0.7864157580930761,3.2850015663559975,2.520094962492564,9.98961988940455,2.4985858082629213,7.469524926911985,4.9709391186490635,,TRUE
1716,TRUE,FALSE,0.16606574485116468,1.4969032309743684,5.133887584679579,2.922242254395235,11.832875138524031,3.636984353705211,8.910632884128797,5.273648530423586,,TRUE
1717,TRUE,FALSE,-0.07864674048602856,1.0685625629666633,4.988999340809249,2.6084091353243446,11.25727716747656,3.9204367778425855,8.648868032152215,4.72843125430963,,TRUE
1718,TRUE,FALSE,-0.32884055829261905,0.8218221584537597,4.628613097679804,2.474906200374017,10.032707182085268,3.806790939226045,7.557800981711251,3.7510100424852064,,TRUE
1719,TRUE,FALSE,-0.3161874304907822,1.4047954736939166,7.158536622694646,2.8592098095750083,10.620347342415632,5.75374114900073,7.761137532840625,2.007396383839895,,TRUE
1720,TRUE,FALSE,-0.5270914408597216,0.9428083854881886,5.758938307087183,2.964259442210925,10.688636241511697,4.8161299215989946,7.724376799300772,2.908246877701777,,TRUE
1721,TRUE,FALSE,-0.06474721082865527,0.9916448403402741,3.9932245202203522,2.797761531662465,10.559878243612463,3.001579679880078,7.762116711949998,4.76053703206992,,TRUE
1722,TRUE,FALSE,0.12823152988500633,1.3385434526253837,5.410120631444752,2.237633233456654,10.281432394515832,4.071577178819368,8.043799161059178,3.9722219822398106,,TRUE
1723,TRUE,FALSE,-0.32275404129100016,1.0905352670893493,6.167058422384196,2.863799542848917,11.727641024486122,5.076523155294847,8.863841481637206,3.7873183263423584,,TRUE
1724,TRUE,FALSE,-0.14565099033374973,0.9646822186650166,4.043414457405228,2.630259444982232,9.530312763667856,3.078732238740211,6.900053318685624,3.821321079945413,,TRUE
1725,TRUE,FALSE,0.4007218207923219,2.0793852098081778,5.708880130209522,2.102606196243827,8.617974189202348,3.6294949204013442,6.515367992958521,2.885873072557177,,TRUE
1726,TRUE,FALSE,0.24375136439678508,1.2741396213120146,3.5837657954448656,2.768852412374677,9.937617550630494,2.309626174132851,7.168765138255816,4.859138964122965,,TRUE
1727,TRUE,FALSE,-0.5041302131907611,0.809358824904665,4.932562473450378,2.341146219622768,8.618249391106884,4.123203648545713,6.277103171484116,2.153899522938403,,TRUE
1728,TRUE,FALSE,-0.08126351522584147,1.3263590000484302,6.386334036803922,2.679369517729904,11.894080072269361,5.0599750367554925,9.214710554539456,4.154735517783964,,TRUE
1729,TRUE,FALSE,-0.38802124553010947,0.8569439316045433,4.166612993873569,2.613352170526737,8.620117958746544,3.309669062269026,6.006765788219807,2.6970967259507814,,TRUE
1730,TRUE,FALSE,-0.05249334014147457,1.2460618678669975,5.160290201236342,2.185552743492467,8.588122761124492,3.9142283333693446,6.402570017632025,2.48834168426268,,TRUE
1731,TRUE,FALSE,-0.29893269630967,1.6211815584893192,9.028258128553551,2.0404478664175842,8.427000025964606,7.407076570064232,6.386552159547022,-1.0205244105172104,,TRUE
1732,TRUE,FALSE,-0.3038748102608577,1.3165560606428768,5.41850288282603,3.397047551617682,10.317403723416387,4.101946822183153,6.920356171798705,2.8184093496155516,,TRUE
1733,TRUE,FALSE,-0.41922804567966604,0.881702952724989,5.041220172446492,2.2562243630972896,8.482565617034117,4.1595172197215025,6.226341253936828,2.0668240342153252,,TRUE
1734,TRUE,FALSE,0.09820462279321053,0.8279637811646849,2.9006329095622556,2.802006562714802,10.829297998452885,2.0726691283975707,8.027291435738084,5.954622307340513,,TRUE
1735,TRUE,FALSE,0.15228135373998666,1.7199099573215815,6.01857884324882,2.6562512689435804,10.8241138054602,4.298668885927238,8.167862536516619,3.8691936505893807,,TRUE
1736,TRUE,FALSE,-0.10446972723294155,1.0877537482463866,5.516739662073507,2.5928366938776293,11.845582983804116,4.428985913827121,9.252746289926487,4.823760376099366,,TRUE
1737,TRUE,FALSE,-0.388071467595336,0.7496171099900331,3.8489599715211424,2.9346891806000373,10.22183150302697,3.0993428615311096,7.2871423224269325,4.187799460895823,,TRUE
1738,TRUE,FALSE,-0.2543656979845097,1.2042821792280534,5.775395340415958,2.5662436926261636,9.542929914884247,4.571113161187904,6.976686222258084,2.4055730610701795,,TRUE
1739,TRUE,FALSE,-0.34309047596110065,0.9489761711808112,4.777565959531727,3.155669248245551,11.273027370212374,3.8285897883509157,8.117358121966824,4.2887683336159075,,TRUE
1740,TRUE,FALSE,-0.14927714690993524,0.8515899607144727,4.183689474410945,2.83042390503751,11.977057977271834,3.332099513696473,9.146634072234324,5.814534558537851,,TRUE
1741,TRUE,FALSE,-0.4789340733173426,0.7116667581053683,4.3832841563813085,3.2186607238604634,12.280038277446046,3.67161739827594,9.061377553585583,5.389760155309643,,TRUE
1742,TRUE,FALSE,-0.04215838551249901,1.6126906034590103,7.112378557862197,2.9748646155321268,12.57829744035358,5.4996879544031865,9.603432824821454,4.103744870418267,,TRUE
1743,TRUE,FALSE,-0.08646027353937659,1.1386821900105426,5.949844723195506,2.0445304086025544,9.798226135761812,4.811162533184963,7.753695727159258,2.9425331939742945,,TRUE
1744,TRUE,FALSE,-0.6063518395269716,0.9577562950025632,6.227457495845243,3.049350305884785,10.81254224774993,5.26970120084268,7.763191941865145,2.493490741022465,,TRUE
1745,TRUE,FALSE,-0.5494773706521747,0.7156667722687315,4.757183025003713,2.320917076100562,8.905609349067882,4.041516252734982,6.58469227296732,2.5431760202323384,,TRUE
1746,TRUE,FALSE,-0.04211698751119263,1.5091101527324662,5.893376465177012,3.0988682760189437,11.60259636975035,4.384266312444546,8.503728093731405,4.1194617812868595,,TRUE
1747,TRUE,FALSE,-0.2496638152928851,1.241234576509094,5.710482409221601,2.70251444540597,9.686331760809294,4.469247832712507,6.983817315403323,2.514569482690816,,TRUE
1748,TRUE,FALSE,-0.1846543738175108,1.5582538759999833,7.1766184816005865,3.1867840235875566,12.202249449288498,5.618364605600603,9.015465425700942,3.3971008201003388,,TRUE
1749,TRUE,FALSE,-0.11964974833389204,1.1303520840840147,4.674284425051422,2.839636299211163,10.418396688459278,3.543932340967407,7.5787603892481155,4.034828048280708,,TRUE
1750,TRUE,FALSE,-0.15430427237443803,0.8304050609023592,3.6945398147208484,2.7445715762382186,10.464812011305687,2.8641347538184894,7.720240435067469,4.856105681248979,,TRUE
1751,TRUE,FALSE,-0.12216691696430391,1.1896021201844682,5.865610633338817,2.7070415509179364,11.812722587721483,4.676008513154349,9.105681036803546,4.429672523649197,,TRUE
1752,TRUE,FALSE,-0.332464781522921,1.1529695037954466,5.849713726350211,3.3789122161904386,12.294364412374973,4.696744222554764,8.915452196184535,4.218707973629772,,TRUE
1753,TRUE,FALSE,-0.3024082832665847,1.0647946024608357,5.631485886904143,2.47324537198991,9.666964315550867,4.566691284443307,7.193718943560958,2.627027659117651,,TRUE
1754,TRUE,FALSE,-0.24616687949396165,0.941260710557202,4.372751832373799,2.598458391685854,9.437386661372123,3.431491121816597,6.838928269686269,3.407437147869672,,TRUE
1755,TRUE,FALSE,-0.42683367354006707,1.0863262437330183,5.739150084763778,2.281239830232563,7.864783053478057,4.652823841030759,5.583543223245494,0.9307193822147344,,TRUE
1756,TRUE,FALSE,-0.1362122791760479,1.1571944365794693,5.372047997293679,2.353350139368584,9.533752072632428,4.21485356071421,7.180401933263844,2.965548372549634,,TRUE
1757,TRUE,FALSE,0.033725121040116136,1.0373195563918038,3.721600679798595,3.547027245467326,13.162196346883581,2.6842811234067914,9.615169101416255,6.930887978009464,,TRUE
1758,TRUE,FALSE,0.07408808324489384,1.325230282629093,5.316113664685294,2.291126885437477,9.897558882190658,3.990883382056201,7.606431996753182,3.615548614696981,,TRUE
1759,TRUE,FALSE,-0.40984556008336304,0.7805654845308873,4.226248674438106,2.717387233379568,9.765704291608897,3.445683189907219,7.048317058229328,3.602633868322109,,TRUE
1760,TRUE,FALSE,0.11686500660750171,1.559772466328551,5.882313860743726,2.084647483714797,8.836359915082472,4.322541394415175,6.751712431367675,2.4291710369525,,TRUE
1761,TRUE,FALSE,-0.02336974819341708,1.0779694442470167,4.148975047251289,2.5333506414782936,9.525336443222816,3.0710056030042727,6.991985801744523,3.92098019874025,,TRUE
1762,TRUE,FALSE,-0.365124754802522,0.7166806801501944,3.899535369723845,3.4818120955253336,13.149850946000148,3.1828546895736505,9.668038850474815,6.485184160901165,,TRUE
1763,TRUE,FALSE,-0.015611604434767343,0.9656165244690363,4.050176732178989,3.1967573637043376,13.200759709599014,3.0845602077099525,10.004002345894676,6.919442138184724,,TRUE
1764,TRUE,FALSE,-0.17492515572324382,0.9101939483487284,4.4826068108481785,2.3496601426524446,9.714774476150165,3.57241286249945,7.36511433349772,3.7927014709982703,,TRUE
1765,TRUE,FALSE,-0.0675856279112834,1.4158271619016358,7.0703131051561465,1.9745224231914809,9.215913964975977,5.65448594325451,7.2413915417844965,1.5869055985299862,,TRUE
1766,TRUE,FALSE,-0.3265370410611098,1.3158140413699109,6.636234678810355,3.3390416525484174,12.148868205208066,5.320420637440444,8.809826552659649,3.489405915219205,,TRUE
1767,TRUE,FALSE,-0.3250189341764396,1.068899095043034,4.796873315366616,2.899524790838676,9.401441245583095,3.727974220323582,6.5019164547444195,2.7739422344208373,,TRUE
1768,TRUE,FALSE,-0.44005944844801,0.5619919592199508,3.465559265570381,2.6947079555729543,10.701374008287052,2.90356730635043,8.006666052714099,5.103098746363669,,TRUE
1769,TRUE,FALSE,-0.41045212903217476,1.3144448653025176,6.8414644582639905,2.4362328668739943,8.411402284123556,5.527019592961473,5.975169417249561,0.44814982428808836,,TRUE
1770,TRUE,FALSE,-0.6108707111733893,0.696299551953201,4.354409594569612,2.8314117941328902,9.612545760402183,3.6581100426164106,6.781133966269293,3.123023923652882,,TRUE
1771,TRUE,FALSE,0.17801689360459325,2.474089246419903,8.24527171577583,3.324006620821668,13.236197694273907,5.771182469355928,9.912191073452238,4.14100860409631,,TRUE
1772,TRUE,FALSE,-0.6455243001565701,0.6868822108552368,4.606355829831911,2.7755245986922943,9.760513205060448,3.9194736189766743,6.984988606368153,3.065514987391479,,TRUE
1773,TRUE,FALSE,-0.24240506546020332,0.9991146545288752,4.354992377715656,2.945793679021037,10.076256488318553,3.355877723186781,7.130462809297516,3.7745850861107346,,TRUE
1774,TRUE,FALSE,-0.19201427014094424,0.8866462664674833,4.977771954464623,2.1058264746968254,9.75700326346764,4.091125687997139,7.651176788770814,3.5600511007736753,,TRUE
1775,TRUE,FALSE,-0.3578947311655877,0.9112347782403394,5.692001573250683,2.321536113828015,10.138611036429017,4.780766795010344,7.817074922601002,3.036308127590658,,TRUE
1776,TRUE,FALSE,0.2746511542681518,1.7577003124223955,5.475446139816075,2.5066617583039186,10.276610528800637,3.7177458273936796,7.769948770496718,4.052202943103039,,TRUE
1777,TRUE,FALSE,-0.33607224444376743,0.9895178626442829,5.900545877704548,2.2876737013553514,9.747838187305897,4.911028015060266,7.460164485950545,2.5491364708902795,,TRUE
1778,TRUE,TRUE,-0.17527730105892322,1.4105721807412461,7.250157920271062,2.5987893466913112,11.209887780292531,5.839585739529816,8.61109843360122,2.771512694071405,,TRUE
1779,TRUE,FALSE,-0.3097356529724957,1.2072477178966965,5.888023789790977,3.1180660034115286,11.156859966064028,4.680776071894281,8.038793962652498,3.3580178907582177,,TRUE
1780,TRUE,FALSE,0.06149400299040799,2.106036713556794,7.1851585777461136,2.3213812294697216,8.422158190741765,5.07912186418932,6.100776961272043,1.0216550970827232,,TRUE
1781,TRUE,FALSE,0.30057593446961567,0.8873964340712366,3.184721941017097,1.8410149410176135,8.923795792843613,2.2973255069458602,7.082780851826,4.785455344880139,,TRUE
1782,TRUE,FALSE,-0.08671597494989754,1.5625230424737615,6.510185321057225,3.2945739156849547,12.58652686602167,4.947662278583463,9.291952950336714,4.344290671753251,,TRUE
1783,TRUE,FALSE,-0.14939711381397355,1.2237361015361399,6.229562132652208,2.6430119641869863,11.587414331294244,5.005826031116068,8.944402367107259,3.9385763359911907,,TRUE
1784,TRUE,FALSE,-0.2395288431320249,0.8887929188818953,3.6889157215851465,3.58210190721193,11.70065110360633,2.8001228027032514,8.1185491963944,5.318426393691148,,TRUE
1785,TRUE,FALSE,0.2847469470120162,1.5232426260871192,4.674531161413315,2.407364496854388,9.821432902930717,3.1512885353261955,7.4140684060763284,4.262779870750133,,TRUE
1786,TRUE,FALSE,-0.18519439312131447,1.0113144912055028,4.7645466818133,2.8473563654331553,11.146750451426612,3.7532321906077977,8.299394085993457,4.5461618953856595,,TRUE
1787,TRUE,FALSE,-0.33996515253382553,1.1566918527832617,5.154814795969405,3.2991321124604513,10.46526203839657,3.9981229431861434,7.166129925936119,3.1680069827499753,,TRUE
1788,TRUE,FALSE,-0.3126760792382927,0.8710642786131624,4.840601488269637,2.716853412764404,11.043884010656825,3.9695372096564743,8.32703059789242,4.357493388235946,,TRUE
1789,TRUE,FALSE,-0.14462511013148494,1.6373238954710196,7.853828565755209,2.628502060584411,10.910515024478798,6.2165046702841895,8.282012963894386,2.065508293610197,,TRUE
1790,TRUE,FALSE,-0.2803732074427157,1.0756449485180872,5.1696254267979524,2.3211722377084003,8.428163760737759,4.093980478279866,6.106991523029358,2.0130110447494927,,TRUE
1791,TRUE,FALSE,0.6480922317136819,1.1574652482272056,2.887784106218269,2.0098832420694674,9.587170926746127,1.7303188579910636,7.57728768467666,5.846968826685597,,TRUE
1792,TRUE,FALSE,-0.7588870191023972,1.0324630312959768,6.65568925729297,2.8586688221125898,8.627836916708397,5.6232262259969925,5.769168094595807,0.14594186859881475,,TRUE
1793,TRUE,FALSE,-0.24541041969466165,1.3058884227592547,7.519437998649058,2.6930059531361112,12.132107040854988,6.213549575889803,9.439101087718877,3.2255515118290736,,TRUE
1794,TRUE,TRUE,0.07217674596699308,0.9674575702148684,3.7170313278447233,2.1356620886686355,8.819476248652839,2.7495737576298547,6.683814159984204,3.934240402354349,,TRUE
1795,TRUE,FALSE,-0.08402806282690996,0.9896042821880263,5.158338440291835,2.6237520194394364,12.574135293274812,4.168734158103808,9.950383273835376,5.781649115731568,,TRUE
1796,TRUE,FALSE,0.4327716684954299,1.0218825234564002,2.9017321568036203,2.751807411691204,12.045497293942658,1.87984963334722,9.293689882251453,7.413840248904233,,TRUE
1797,TRUE,FALSE,-0.17200833280355823,1.5934064735093982,7.453791979836741,2.4261734870227203,9.55587090000796,5.860385506327344,7.12969741298524,1.2693119066578964,,TRUE
1798,TRUE,FALSE,0.10499908734002233,1.0018834312967404,3.7088776389672256,2.5475045002276504,10.474680747487044,2.706994207670485,7.927176247259394,5.2201820395889085,,TRUE
1799,TRUE,FALSE,-0.08166789505061835,1.196994796517182,4.849487045040207,2.753603321090946,10.281038882173743,3.652492248523025,7.527435561082797,3.874943312559772,,TRUE
1800,TRUE,FALSE,-0.1551436642077036,1.4555882561805953,5.889358063785644,2.502233508178027,8.669203843168088,4.4337698076050485,6.166970334990061,1.7332005273850122,,TRUE
1801,TRUE,FALSE,0.02513761245504834,1.5261471307591274,5.085592558955534,4.228441590088124,14.449160681030484,3.559445428196407,10.22071909094236,6.661273662745954,,TRUE
1802,TRUE,FALSE,-0.2916659727360736,0.9790530359934856,4.851239711769547,2.619819513554954,9.697258356978574,3.8721866757760615,7.077438843423621,3.205252167647559,,TRUE
1803,TRUE,FALSE,-0.29641071909363637,1.1099924877872869,6.479279839697734,2.0928297620279994,9.08261825421294,5.3692873519104465,6.989788492184941,1.6205011402744942,,TRUE
1804,TRUE,FALSE,0.08695449177119946,0.9524894921766635,4.111710988650263,2.508162278003469,11.810869615147698,3.1592214964736,9.302707337144229,6.143485840670628,,TRUE
1805,TRUE,FALSE,0.08572342097484195,1.3174002773322158,4.759333933671446,2.536730729046442,9.984630685219692,3.4419336563392298,7.44789995617325,4.005966299834021,,TRUE
1806,TRUE,FALSE,0.16992993551691263,0.9305237593062676,3.0871419250057968,2.9136816682386946,11.456998705916792,2.156618165699529,8.543317037678097,6.3866988719785684,,TRUE
1807,TRUE,FALSE,-0.2957395514474116,1.1533589524876435,5.746521181613002,3.507063939623875,13.000083728209837,4.593162229125359,9.493019788585961,4.899857559460602,,TRUE
1808,TRUE,FALSE,-0.48888832174035846,0.6620383242463017,4.597715455473888,2.5100023709681896,10.690834110157786,3.9356771312275862,8.180831739189596,4.24515460796201,,TRUE
1809,TRUE,FALSE,0.2076791295675201,1.3329597973704101,4.940607250590386,2.3809518908148832,10.86195002881046,3.6076474532199754,8.480998137995577,4.873350684775602,,TRUE
1810,TRUE,FALSE,-0.1810205911006735,1.5596683827780198,7.521461366468332,2.55415137093834,10.277804417414991,5.961792983690312,7.723653046476651,1.7618600627863383,,TRUE
1811,TRUE,FALSE,-0.09052299757910948,1.3183830006448503,5.324890732576558,2.2462685837691305,8.287378048274858,4.006507731931708,6.041109464505728,2.0346017325740196,,TRUE
1812,TRUE,FALSE,-0.07197863237463814,0.830537950922909,4.071261907674146,2.244090203207012,10.236463605177146,3.2407239567512374,7.992373401970134,4.751649445218897,,TRUE
1813,TRUE,FALSE,-0.12069839868161127,1.261181752315009,5.348822432409159,2.642137908660379,9.931556918634511,4.08764068009415,7.289419009974132,3.201778329879982,,TRUE
1814,TRUE,FALSE,-0.36658710856175086,0.712058209485222,4.404964212077702,2.300951148101287,9.865691393534597,3.69290600259248,7.56474024543331,3.87183424284083,,TRUE
1815,TRUE,FALSE,-0.057027676701614204,1.390452440479355,5.9939515426131,2.427479209648228,9.884297368820926,4.603499102133745,7.456818159172698,2.853319057038953,,TRUE
1816,TRUE,FALSE,0.4960972245945207,1.1950985036336206,3.440365012236662,2.2084842633957154,10.441127903066798,2.2452665086030414,8.232643639671082,5.98737713106804,,TRUE
1817,TRUE,FALSE,-0.2543722828694519,0.9447894087007163,4.2860422214414395,2.305085050082114,8.108413799633091,3.3412528127407235,5.803328749550976,2.462075936810253,,TRUE
1818,TRUE,FALSE,-0.20310852867376455,1.1282082496662516,4.920734984207617,3.5228788336705805,12.540922900152927,3.7925267345413656,9.018044066482346,5.225517331940981,,TRUE
1819,TRUE,FALSE,0.11332495317761661,1.6757435111097334,6.235075106201313,3.1448018693922375,13.105205447524176,4.55933159509158,9.960403578131938,5.401071983040358,,TRUE
1820,TRUE,FALSE,-0.3662853862792243,0.992023977333602,5.879077307694284,2.8327614239294294,11.639150379923834,4.887053330360682,8.806388955994404,3.919335625633722,,TRUE
1821,TRUE,FALSE,-0.1858626774416102,0.9782147143471007,4.497582133527655,3.1234145317287423,11.924918049510513,3.519367419180554,8.801503517781772,5.282136098601217,,TRUE
1822,TRUE,FALSE,-0.33326418683693043,1.1931490508608025,6.54315634519098,2.69144382174166,10.576527902051057,5.350007294330178,7.8850840803093964,2.5350767859792187,,TRUE
1823,TRUE,FALSE,-0.12044033466242679,1.4639066235651355,6.261151196226234,2.7568448916298354,10.453135377551494,4.797244572661099,7.696290485921658,2.899045913260559,,TRUE
1824,TRUE,FALSE,-0.16093850642934068,1.4015025218448196,7.368216057223455,2.503359608001135,11.204616688916454,5.966713535378635,8.701257080915319,2.7345435455366838,,TRUE
1825,TRUE,FALSE,-0.2552579139394126,0.8692960172803333,4.8813303398580885,2.2706183517227996,9.877739063765135,4.0120343225777555,7.607120712042336,3.595086389464581,,TRUE
1826,TRUE,FALSE,-0.5028806740409587,1.3133365559649075,5.4777980878100365,4.03780041730496,10.185363527715722,4.164461531845129,6.147563110410762,1.9831015785656332,,TRUE
1827,TRUE,FALSE,-0.07956768684523856,0.962513471912476,4.435655930936441,2.290172511715276,9.746830743375337,3.4731424590239652,7.456658231660061,3.9835157726360957,,TRUE
1828,TRUE,FALSE,-0.14772394164664945,1.3504806524957764,6.411831371716095,2.904774168932056,11.897354618741577,5.061350719220318,8.992580449809521,3.9312297305892034,,TRUE
1829,TRUE,FALSE,-0.3153056450628298,1.169832848462443,6.394957284401508,2.376499330702256,9.477985292698087,5.225124435939065,7.101485961995831,1.8763615260567654,,TRUE
1830,TRUE,FALSE,0.008773489988739327,1.0590756189524755,4.0505166828672134,2.3879583969144234,9.21341194494023,2.991441063914738,6.8254535480258065,3.8340124841110685,,TRUE
1831,TRUE,FALSE,-0.22096623131328563,0.8245979501376407,4.401577040776303,2.6291741180158867,11.251773736147367,3.576979090638662,8.622599618131481,5.045620527492819,,TRUE
1832,TRUE,FALSE,-0.5597557333635808,1.0448643059717917,5.886405333722566,2.5293056447932742,8.141281241030404,4.841541027750774,5.61197559623713,0.7704345684863556,,TRUE
1833,TRUE,FALSE,0.18657141906130542,1.5257699764081953,6.825113384992598,2.5322551905293413,13.650709159122465,5.299343408584402,11.118453968593125,5.819110560008722,,TRUE
1834,TRUE,FALSE,-0.35940677666982096,0.8304823521230165,4.656229955315318,2.862503675607738,11.203705528696709,3.8257476031923017,8.341201853088972,4.5154542498966705,,TRUE
1835,TRUE,FALSE,-0.19087340647230494,0.6152938239043535,2.9454037801832094,2.4387917695682213,9.645877397122076,2.330109956278856,7.207085627553855,4.876975671275,,TRUE
1836,TRUE,FALSE,-0.017042022900752386,1.687127651371109,6.419769063476707,3.055537209066282,11.430304037024177,4.732641412105598,8.374766827957895,3.6421254158522975,,TRUE
1837,TRUE,FALSE,-0.5347208176827825,0.7652547809699093,4.77177779513508,3.0581034591690677,11.171205318072976,4.00652301416517,8.113101858903908,4.106578844738738,,TRUE
1838,TRUE,FALSE,-0.587178168970538,1.3208152946332516,9.57087145046213,2.6597373601258374,10.713710546837506,8.25005615582888,8.05397318671167,-0.19608296911721013,,TRUE
1839,TRUE,FALSE,-0.0758991408094259,1.2046330055923398,4.734037938502019,2.79143655347863,10.16815502831856,3.5294049329096793,7.37671847483993,3.847313541930251,,TRUE
1840,TRUE,FALSE,-0.27276295148634117,1.2205765686442427,5.745504159405457,3.324873470014399,11.91458151104668,4.524927590761214,8.589708041032281,4.064780450271067,,TRUE
1841,TRUE,FALSE,-0.6887245664443641,0.7623085597561233,5.426977227106233,3.107658549286198,11.110950662757467,4.66466866735011,8.00329211347127,3.3386234461211597,,TRUE
1842,TRUE,FALSE,-0.30804239912999015,1.0501301390872948,5.500110099471075,2.6363850649738874,10.147428237481463,4.44997996038378,7.511043172507576,3.0610632121237957,,TRUE
1843,TRUE,FALSE,-0.5057749756436914,0.7264967576131336,4.601779869097912,3.2920162158226187,12.574735081849619,3.8752831114847788,9.282718866027,5.407435754542222,,TRUE
1844,TRUE,FALSE,-0.0431176923678343,1.8959754388508456,8.216246662862762,2.3348277820045396,9.69102777567246,6.3202712240119165,7.35619999366792,1.0359287696560031,,TRUE
1845,TRUE,FALSE,0.23664232229612114,1.4455373917669685,5.560461944155344,2.660947750884095,12.968517861101642,4.114924552388375,10.307570110217547,6.192645557829172,,TRUE
1846,TRUE,FALSE,-0.2581661399046093,1.3332405468344932,7.018171686538511,1.982309091802252,8.06058789542592,5.684931139704018,6.078278803623668,0.39334766391965026,,TRUE
1847,TRUE,FALSE,-0.10330549069842757,1.271522770452708,5.635105396678573,3.0657333309534787,12.253136523562144,4.363582626225865,9.187403192608667,4.8238205663828015,,TRUE
1848,TRUE,FALSE,-0.37228696309693843,0.8981423938386054,4.955103097649898,2.565559629219197,9.75455446561158,4.056960703811293,7.188994836392383,3.13203413258109,,TRUE
1849,TRUE,FALSE,-0.054320567511999596,1.0547210130983415,4.958115664166589,2.173664969008026,9.677886822142458,3.903394651068247,7.504221853134432,3.600827202066185,,TRUE
1850,TRUE,FALSE,0.1569882462290327,0.9415150528905458,3.0076495888209687,2.8522303307446575,10.660159229066982,2.0661345359304226,7.807928898322325,5.741794362391903,,TRUE
1851,TRUE,FALSE,-0.3977462693412922,1.5745653099925674,8.13255197983366,3.3937848343747956,11.776370573307931,6.557986669841093,8.382585738933136,1.8245990690920424,,TRUE
1852,TRUE,FALSE,-0.294551294093317,1.0036990848062783,5.2575217799950895,2.763056539915001,10.780659331569282,4.253822695188811,8.017602791654282,3.763780096465471,,TRUE
1853,TRUE,FALSE,-0.06951679598489062,1.0691028501890891,4.627929100108551,2.389977810834736,9.650955598375306,3.558826249919462,7.26097778754057,3.7021515376211083,,TRUE
1854,TRUE,FALSE,-0.19541977363242338,0.7841367606274127,3.602703592315154,2.383389856442725,9.006624893740248,2.818566831687741,6.6232350372975235,3.8046682056097825,,TRUE
1855,TRUE,TRUE,-0.09898174239336768,1.2855022431403982,6.182054201878246,2.666685149981628,11.61567594648239,4.896551958737847,8.948990796500762,4.0524388377629155,,TRUE
1856,TRUE,FALSE,-0.8179000327719919,0.7918207247870346,7.5044601040296515,2.7836134709934246,11.64372787644252,6.712639379242617,8.860114405449096,2.147475026206479,,TRUE
1857,TRUE,FALSE,-0.4974561905688162,1.1032173685515194,6.082222773554593,2.9714885832450775,9.961685347928652,4.979005405003074,6.990196764683574,2.0111913596805007,,TRUE
1858,TRUE,FALSE,0.2320632031266076,1.5475644972084057,5.412272654976093,2.5029712554882977,11.040037274977555,3.864708157767687,8.537066019489258,4.67235786172157,,TRUE
1859,TRUE,FALSE,-0.36363406718211466,0.8869772684478727,5.152582681314053,2.5961827552909886,10.483914529188173,4.26560541286618,7.887731773897184,3.622126361031004,,TRUE
1860,TRUE,FALSE,-0.4252014204749644,1.0698495982138596,6.0479250494949355,3.030701644563553,11.19861273983896,4.978075451281076,8.167911095275407,3.189835643994331,,TRUE
1861,TRUE,FALSE,-0.5020581549425897,0.8965544981951038,5.41823175716114,3.0451368483238577,11.139010462977822,4.521677258966036,8.093873614653965,3.5721963556879297,,TRUE
1862,TRUE,FALSE,0.06889324989726293,0.9957889382651294,3.9668576749423456,2.2724724391902518,9.698351142848383,2.9710687366772164,7.425878703658131,4.454809966980914,,TRUE
1863,TRUE,FALSE,-0.6393281038891714,0.8386518734431222,5.771373167301742,2.932088623017628,10.646769692789126,4.93272129385862,7.7146810697714985,2.7819597759128785,,TRUE
1864,TRUE,FALSE,-0.5190322670463026,0.7018799698419724,5.144948225251712,2.2776354021885865,9.935495135691191,4.44306825540974,7.657859733502605,3.214791478092865,,TRUE
1865,TRUE,FALSE,-0.47880902134775405,0.8578449434504488,4.537352954487112,2.319726298847636,7.601274187522402,3.679508011036663,5.2815478886747655,1.6020398776381026,,TRUE
1866,TRUE,FALSE,-0.4436536931694822,0.8957512771891813,6.008354528804179,2.9909311201934443,12.873545590600813,5.112603251614997,9.882614470407368,4.770011218792371,,TRUE
1867,TRUE,FALSE,0.05964029481396434,1.1122913959958471,4.853432106642291,2.3407642113481737,10.8415031588637,3.741140710646444,8.500738947515526,4.759598236869081,,TRUE
1868,TRUE,FALSE,-0.24824143971527407,1.390845509562396,6.2079890078313955,2.4681720978182797,8.594836064939745,4.817143498268999,6.126663967121465,1.3095204688524662,,TRUE
1869,TRUE,FALSE,0.013439650618546095,1.7226553677650696,6.9509332049537536,3.246343062214753,13.276264377927673,5.228277837188684,10.029921315712919,4.801643478524235,,TRUE
1870,TRUE,FALSE,0.09885872634661527,1.3644327069049438,5.490120553848251,2.6236640181607718,11.65391317595438,4.125687846943308,9.030249157793607,4.9045613108502994,,TRUE
1871,TRUE,FALSE,-0.30092038869645094,1.5031109146844233,8.413431685654094,2.3083601641209777,9.5630769645805,6.910320770969671,7.254716800459522,0.34439602948985115,,TRUE
1872,TRUE,FALSE,0.17455015659621598,1.3280464131504555,5.291693417997271,2.3866788576525555,11.323523280453388,3.9636470048468153,8.936844422800833,4.973197417954018,,TRUE
1873,TRUE,FALSE,-0.2167059288724885,1.2354572612954176,6.164694228235686,2.440609034439995,9.805456998887372,4.929236966940269,7.364847964447377,2.4356109975071085,,TRUE
1874,TRUE,FALSE,-0.8288670882424795,0.8239356824094158,5.823728986270554,3.3673438581724375,10.39017612132841,4.999793303861138,7.022832263155973,2.0230389592948343,,TRUE
1875,TRUE,FALSE,-0.07670614005891938,1.4196014754804416,6.965229123910091,2.425570902326173,11.02224057770732,5.545627648429649,8.596669675381147,3.0510420269514977,,TRUE
1876,TRUE,FALSE,-0.25413743084232837,1.1840074622830592,6.081408897709209,2.496438838793705,9.944895234093945,4.89740143542615,7.44845639530024,2.55105495987409,,TRUE
1877,TRUE,FALSE,0.18363023495264344,1.2674499075373635,4.081003304567184,2.2332427817639764,8.640157894944373,2.8135533970298203,6.406915113180396,3.593361716150576,,TRUE
1878,TRUE,FALSE,-0.17666863964044568,1.5905333284307868,7.017592776956271,2.0060923064578704,7.4177140286072065,5.427059448525485,5.411621722149336,-0.01543772637614893,,TRUE
1879,TRUE,FALSE,-0.13419839049852839,1.8647738405118424,7.776868258647484,3.570418032198339,13.020150988754184,5.912094418135641,9.449732956555845,3.537638538420204,,TRUE
1880,TRUE,FALSE,-0.165757129816642,0.8526751176507643,4.732037042527702,2.8387417152822962,13.347594944883085,3.879361924876938,10.508853229600788,6.62949130472385,,TRUE
1881,TRUE,FALSE,-0.4184582261880299,1.1644016279989036,8.07490512288238,2.438482516212562,11.128078274157494,6.910503494883476,8.689595757944932,1.7790922630614565,,TRUE
1882,TRUE,FALSE,-0.39965510229176265,1.1684181117697499,6.378423144951372,3.120387967758381,11.422354524814855,5.210005033181623,8.301966557056474,3.0919615238748515,,TRUE
1883,TRUE,FALSE,0.022190644951044235,0.9229108616734301,3.396583383758833,3.9250433488726575,14.769447713440407,2.473672522085403,10.84440436456775,8.370731842482346,,TRUE
1884,TRUE,FALSE,0.010574439610286658,1.0930403481978672,4.174114716462553,3.6631827949337996,14.137714213539212,3.0810743682646855,10.474531418605412,7.393457050340727,,TRUE
1885,TRUE,FALSE,-0.43189825250842917,1.1648540035741628,5.891233833000555,3.53623895223976,11.61195489305177,4.726379829426392,8.07571594081201,3.349336111385618,,TRUE
1886,TRUE,FALSE,-0.4973104293539811,0.8472510715754047,4.941886712532947,2.265681798180992,8.037119007390332,4.0946356409575415,5.77143720920934,1.6768015682517987,,TRUE
1887,TRUE,FALSE,-0.11021594637980406,0.7554687608332017,3.438475735283818,3.0031857067955787,12.242368964812178,2.683006974450616,9.239183258016599,6.556176283565983,,TRUE
1888,TRUE,FALSE,-0.08560415793059592,1.3008990902450726,6.090360346511281,2.4450871444719646,10.50790912007437,4.789461256266209,8.062821975602406,3.273360719336196,,TRUE
1889,TRUE,FALSE,-0.3367566533387166,1.028138841050261,5.709471266999548,2.778608600865314,11.018435782530629,4.681332425949288,8.239827181665316,3.558494755716028,,TRUE
1890,TRUE,FALSE,0.008714168391369789,0.8181517591548009,4.112421807677803,2.1729687032715312,11.017974719175134,3.2942700485230025,8.845006015903603,5.550735967380601,,TRUE
1891,TRUE,FALSE,-0.1450410898800389,1.5689548043219423,6.739346867379315,2.3943684953297684,8.896267246801479,5.170392063057373,6.50189875147171,1.3315066884143372,,TRUE
1892,TRUE,FALSE,-0.24553138089547966,2.263019091756572,11.0199191333994,2.514237689050113,9.577752234505454,8.756900041642828,7.063514545455341,-1.6933854961874868,,TRUE
1893,TRUE,FALSE,-0.13862077852042806,1.6737573576480518,9.6272040852341,2.7389696524353844,13.714900476356739,7.953446727586048,10.975930823921354,3.0224840963353063,,TRUE
1894,TRUE,FALSE,-0.3766322628025587,1.0759378404573634,6.28314749874572,2.3756835420213243,9.51939501991043,5.207209658288356,7.143711477889106,1.9365018196007497,,TRUE
1895,TRUE,FALSE,-0.37504247146004316,1.2273329038648213,7.4083114304273465,2.0867522171247117,8.656630116055162,6.180978526562525,6.56987789893045,0.38889937236792527,,TRUE
1896,TRUE,FALSE,-0.06515407583519778,1.231862126424312,5.685533230081416,2.2572484684239456,9.760957246489523,4.453671103657104,7.503708778065578,3.0500376744084736,,TRUE
1897,TRUE,FALSE,-0.182058034228534,0.7337925788269964,3.222534179698134,3.4840625961724045,12.75391054723294,2.488741600871138,9.269847951060534,6.781106350189396,,TRUE
1898,TRUE,FALSE,-0.5835963805920316,0.915517005087389,5.696828937821847,2.611365027426609,9.065289110704038,4.781311932734458,6.453924083277428,1.67261215054297,,TRUE
1899,TRUE,FALSE,0.03349531429991804,0.9887639652009891,3.891296642590839,2.4169965062645566,9.836136832678891,2.90253267738985,7.419140326414334,4.516607649024484,,TRUE
1900,TRUE,FALSE,0.2539469301243159,0.7849475137459562,2.8419464820469478,1.9372294472603007,9.041575008296034,2.0569989683009915,7.104345561035734,5.047346592734742,,TRUE
1901,TRUE,FALSE,0.04284782885673733,0.9051487858036641,4.505318093519032,2.3097485633839048,11.999931513942007,3.6001693077153676,9.690182950558103,6.090013642842736,,TRUE
1902,TRUE,FALSE,-0.11001295098881267,0.9719890275066472,3.7745610530213556,2.9975189698508546,10.427711681784256,2.802572025514708,7.430192711933401,4.627620686418693,,TRUE
1903,TRUE,FALSE,-0.20523613028397558,1.309213853762381,5.914975453727387,3.479906362719746,12.804923661545383,4.605761599965007,9.325017298825637,4.71925569886063,,TRUE
1904,TRUE,FALSE,-0.511153927564077,0.8596061429661083,5.0432894946367615,3.569908113860818,12.56261630772419,4.183683351670653,8.992708193863372,4.809024842192719,,TRUE
1905,TRUE,FALSE,-0.3866980239411763,0.6380321771922647,3.8885937384497264,2.769021428792262,11.463981845577587,3.2505615612574617,8.694960416785324,5.444398855527863,,TRUE
1906,TRUE,FALSE,-0.30719058512860303,1.142797683179516,5.974076980250836,2.1368887710600712,8.216222735983553,4.831279297071321,6.079333964923482,1.248054667852161,,TRUE
1907,TRUE,FALSE,-0.31598848641760124,0.8171385354323504,4.619860115680669,2.11755495570684,8.72842265922975,3.8027215802483183,6.61086770352291,2.8081461232745917,,TRUE
1908,TRUE,FALSE,-0.3942521201640117,0.9035967430066167,5.03524694270727,3.229851811878827,12.134089511318033,4.131650199700654,8.904237699439205,4.772587499738552,,TRUE
1909,TRUE,FALSE,-0.02255569558778644,1.6178649380974663,6.281719279049313,2.819047873728157,10.701456695095935,4.663854340951847,7.882408821367778,3.218554480415931,,TRUE
1910,TRUE,FALSE,-0.7651492190275861,0.8744011250761047,5.573423521568473,3.0038871174965567,8.908300594569221,4.699022396492368,5.904413477072664,1.2053910805802959,,TRUE
1911,TRUE,FALSE,0.3267006374992045,1.5705938795035164,4.5294088645791915,2.3217576596129863,9.282795778969966,2.958814985075675,6.96103811935698,4.002223134281305,,TRUE
1912,TRUE,FALSE,-0.23719012260582775,1.1608335198081048,6.509565822364311,2.5374991565907483,11.224774572343582,5.348732302556206,8.687275415752834,3.3385431131966286,,TRUE
1913,TRUE,FALSE,-0.10565646941384238,1.512264438090454,6.518322526590961,2.784207495899369,10.797511685680249,5.006058088500507,8.013304189780879,3.007246101280372,,TRUE
1914,TRUE,FALSE,-0.7356864097613592,0.9336578179743382,6.64140492208696,3.113239670540328,10.611584317270912,5.707747104112622,7.498344646730585,1.790597542617963,,TRUE
1915,TRUE,FALSE,-0.14059802848029657,1.1832647817097692,5.319982592820836,2.204240103948962,8.61045744124626,4.136717811111067,6.4062173372972975,2.2694995261862303,,TRUE
1916,TRUE,TRUE,0.5110472585134386,1.6593495130830955,4.716281479358763,2.02915910428265,9.614416899795236,3.056931966275667,7.585257795512586,4.528325829236919,,TRUE
1917,TRUE,FALSE,0.0441105107901016,0.9658036773243575,3.7758821004472067,2.9790560567821855,12.172091193326708,2.8100784231228495,9.193035136544522,6.382956713421672,,TRUE
1918,TRUE,FALSE,-0.5791382221514481,0.9543954490644578,7.757472214891186,3.0412531888431715,13.852492130987802,6.803076765826728,10.81123894214463,4.008162176317902,,TRUE
1919,TRUE,FALSE,-0.3234542163818627,1.0425378179741467,5.840469658301579,2.622101769904358,10.629947423939086,4.797931840327433,8.007845654034728,3.2099138137072956,,TRUE
1920,TRUE,FALSE,-0.25119091180918945,1.1190784445513766,6.682980933302482,2.0850633619696453,9.685858534103524,5.563902488751106,7.6007951721338785,2.0368926833827725,,TRUE
1921,TRUE,FALSE,0.02272165169519743,1.2155812679450733,5.644602985117488,2.613684592235453,12.415678774378769,4.429021717172414,9.801994182143316,5.372972464970902,,TRUE
1922,TRUE,FALSE,0.053057234706792515,0.9960951427608186,3.7519383420889794,2.547023024007144,10.11649812689708,2.7558431993281607,7.569475102889935,4.813631903561775,,TRUE
1923,TRUE,FALSE,-0.14447674830731871,0.8184845427077689,3.9338009859721335,2.1255907838228385,8.841706748158582,3.1153164432643647,6.716115964335744,3.6007995210713792,,TRUE
1924,TRUE,FALSE,0.017424435019368842,1.0623858163447042,4.136599638262158,2.5846879452800446,10.240865894670947,3.074213821917454,7.6561779493909015,4.581964127473448,,TRUE
1925,TRUE,FALSE,0.6146998872662108,1.518683475848568,3.6582559099868472,3.045525316698316,13.565312358229848,2.1395724341382794,10.519787041531533,8.380214607393253,,TRUE
1926,TRUE,FALSE,0.20753056270710932,1.2171773556460341,4.471487349398705,2.5959574115110553,11.736134654460793,3.2543099937526714,9.140177242949738,5.885867249197067,,TRUE
1927,TRUE,FALSE,0.053496294112193574,0.717952094192458,3.1486833598714146,2.7944212199925853,12.928809555732215,2.430731265678957,10.13438833573963,7.703657070060673,,TRUE
1928,TRUE,FALSE,-0.1060695917353203,1.1152409120842013,6.123882896026003,2.793697897547423,13.796603615795807,5.008641983941802,11.002905718248384,5.994263734306582,,TRUE
1929,TRUE,FALSE,-0.4135716387784576,1.181692121108458,6.550767480096339,2.6562491876312793,9.737439637225902,5.369075358987882,7.081190449594623,1.7121150906067415,,TRUE
1930,TRUE,FALSE,-0.5176420812247057,0.9324910896991049,6.882180929022046,2.9362602031381417,12.914179976515648,5.949689839322941,9.977919773377506,4.028229934054565,,TRUE
1931,TRUE,FALSE,-0.03217520478628842,1.2693145952342417,5.756284350194166,2.6282725529355484,11.541701848625419,4.486969754959924,8.91342929568987,4.426459540729946,,TRUE
1932,TRUE,FALSE,-0.09242237327896785,1.689449234880528,6.347751592340742,3.1890881071742565,10.924530156539813,4.658302357460214,7.735442049365556,3.0771396919053418,,TRUE
1933,TRUE,FALSE,-0.2003963955882138,1.0169882216426633,4.80612825392882,2.924536410007255,11.311114969228345,3.789140032286157,8.38657855922109,4.597438526934933,,TRUE
1934,TRUE,FALSE,0.1061907299507989,1.130535410093805,4.104407791453459,2.2971932575650458,9.2743165408218,2.973872381359654,6.977123283256755,4.0032509018971005,,TRUE
1935,TRUE,FALSE,-0.6682189218973916,0.4615071206158438,4.286440377993461,2.3014976650749777,10.95784440186399,3.8249332573776176,8.656346736789013,4.831413479411395,,TRUE
1936,TRUE,FALSE,0.2831913576007538,1.8510336882245848,6.294004350615616,2.878991920883864,12.993962408160952,4.442970662391031,10.114970487277088,5.671999824886057,,TRUE
1937,TRUE,FALSE,-0.0804462901217594,1.5044897139014461,7.365761359626763,2.1061535251261825,9.514392571079247,5.861271645725317,7.4082390459530645,1.5469674002277474,,TRUE
1938,TRUE,FALSE,0.4060697646545872,1.4295396238719658,3.3195080359401814,3.1265661674075207,10.896800726055716,1.8899684120682156,7.770234558648195,5.880266146579979,,TRUE
1939,TRUE,FALSE,0.0942408382570876,1.3097252814371099,4.900003242578819,2.490524143843976,10.238472991729854,3.5902779611417093,7.747948847885878,4.157670886744169,,TRUE
1940,TRUE,FALSE,-0.14081171981270799,1.1974532186444324,4.659661762837215,2.8261743499235275,9.553027655385817,3.462208544192782,6.726853305462289,3.2646447612695075,,TRUE
1941,TRUE,FALSE,-0.2267891622667714,1.2748522111389384,6.398547846055064,2.4202574674867536,9.682552652278774,5.123695634916126,7.262295184792021,2.138599549875895,,TRUE
1942,TRUE,FALSE,-0.4276996781830122,1.2019743331454618,7.741865258304978,2.2272577092632577,9.353481148458227,6.539890925159517,7.12622343919497,0.586332514035453,,TRUE
1943,TRUE,FALSE,-0.15694263390306035,1.1197554113938715,4.859112756295673,2.9145401538153712,10.810468863115398,3.7393573449018014,7.895928709300026,4.156571364398225,,TRUE
1944,TRUE,FALSE,-0.32037975956280446,1.0604181749118358,6.253615556611259,2.3044653499328964,9.864726238051722,5.193197381699424,7.560260888118825,2.3670635064194014,,TRUE
1945,TRUE,TRUE,-0.42327891462626815,0.7166521895323217,4.286409038470903,2.637519079636633,10.331255283178436,3.569756848938581,7.693736203541803,4.123979354603222,,TRUE
1946,TRUE,FALSE,-0.1987121359686299,1.5130739917700575,7.576544790282893,2.210613246032123,9.074531501627108,6.063470798512835,6.863918255594985,0.80044745708215,,TRUE
1947,TRUE,FALSE,0.09730421454363845,1.188031563706214,4.231505882090252,2.3594027378592117,9.262489575864526,3.043474318384038,6.903086838005315,3.859612519621277,,TRUE
1948,TRUE,FALSE,-0.3200195169355625,0.7111809722040555,3.9330947504258584,2.3031890574279874,9.249135856723889,3.221913778221803,6.945946799295902,3.724033021074099,,TRUE
1949,TRUE,FALSE,-0.24048765200860062,1.0853254119373967,5.526307031364594,2.878828552365599,11.525197576917655,4.4409816194271965,8.646369024552056,4.20538740512486,,TRUE
1950,TRUE,FALSE,0.5362715565397319,1.602901439656188,3.8564058064603617,2.8794789957851044,11.84376009641629,2.2535043668041737,8.964281100631185,6.710776733827011,,TRUE
1951,TRUE,FALSE,0.17485976283549226,1.1429112911537003,3.885310232042196,2.0590960801046254,8.337395825320137,2.7423989408884957,6.278299745215511,3.5359008043270155,,TRUE
1952,TRUE,FALSE,-0.30141851365145544,1.388221588416421,6.836928306891791,2.7286070501257402,9.941200469282101,5.44870671847537,7.212593419156361,1.7638867006809908,,TRUE
1953,TRUE,FALSE,-0.1562357110866159,0.610550190184416,2.904042662367851,2.783826560879492,11.325867805710809,2.2934924721834347,8.542041244831317,6.248548772647883,,TRUE
1954,TRUE,FALSE,-0.4358288427105824,1.1633300730732001,6.4878274613524285,2.9120446774275566,10.503071182420348,5.324497388279228,7.591026504992791,2.2665291167135626,,TRUE
1955,TRUE,FALSE,-0.4223609312626512,1.1173167377596662,6.072122864085171,2.987860522673527,10.64377154032656,4.954806126325504,7.6559110176530325,2.701104891327528,,TRUE
1956,TRUE,FALSE,-0.08765202132897383,0.7434127078879603,3.6802001352260802,2.3488268904244864,10.651865582524488,2.93678742733812,8.303038692100001,5.366251264761882,,TRUE
1957,TRUE,FALSE,-0.4048096800212086,0.9574437474804987,5.134042674185146,2.8551458401146483,10.213342437894438,4.1765989267046475,7.35819659777979,3.181597671075142,,TRUE
1958,TRUE,FALSE,-0.2983769101906923,0.5848366019718964,3.113574870054984,2.9585736635441227,11.68755612999326,2.5287382680830874,8.728982466449137,6.20024419836605,,TRUE
1959,TRUE,FALSE,-0.1779726728671481,0.987111958172256,5.049653332651788,2.5097563730104344,10.745686520409327,4.062541374479532,8.235930147398893,4.173388772919361,,TRUE
1960,TRUE,FALSE,-0.22684671103199724,1.08228715046487,4.609476745842806,3.0841248060899087,10.469424170701615,3.527189595377936,7.385299364611706,3.85810976923377,,TRUE
1961,TRUE,FALSE,-0.03272810757893407,1.5577026786258867,6.098935863992379,2.7548143474196283,10.43874285203596,4.541233185366492,7.683928504616331,3.142695319249839,,TRUE
1962,TRUE,FALSE,-0.3105781006186701,0.7002756302119555,3.993062078666059,2.7238168882669265,11.384988650158427,3.2927864484541036,8.6611717618915,5.368385313437397,,TRUE
1963,TRUE,FALSE,-0.8158638060832549,1.0873913630524763,8.922073279590412,3.217837900324309,11.6766676820661,7.834681916537936,8.458829781741791,0.624147865203855,,TRUE
1964,TRUE,FALSE,-0.3119193313847275,0.8261236257871374,4.952549844790901,2.5774593309049316,11.31125490864056,4.126426219003763,8.733795577735629,4.607369358731866,,TRUE
1965,TRUE,FALSE,0.14682392833659585,1.004317635897239,3.47942577890889,2.391071702154481,9.593871768388116,2.475108143011651,7.202800066233635,4.727691923221984,,TRUE
1966,TRUE,FALSE,-0.04575987950356511,0.7624747708329679,2.802229548608707,3.0414721766338544,10.677972914377667,2.039754777775739,7.6365007377438126,5.596745959968073,,TRUE
1967,TRUE,FALSE,-0.08632910976921246,1.7471748682253867,6.483229647340101,3.0723475048024977,10.457626128365803,4.736054779114714,7.3852786235633054,2.649223844448591,,TRUE
1968,TRUE,FALSE,-0.3547148053735711,0.9118717082444864,5.8438701505748885,2.0200734518891537,9.07994660107393,4.931998442330402,7.059873149184776,2.1278747068543744,,TRUE
1969,TRUE,FALSE,0.18147874477788345,1.277206834925783,4.441113678896466,2.615362627385063,10.903797738809404,3.1639068439706826,8.288435111424342,5.124528267453659,,TRUE
1970,TRUE,FALSE,-0.2904244833881525,0.884836886159992,5.474416563619953,2.153332006532833,9.964508165636534,4.589579677459961,7.8111761591037006,3.22159648164374,,TRUE
1971,TRUE,FALSE,-0.37581458335835194,1.299444320439009,8.333580281860856,2.8154416240250555,12.399560031700673,7.034135961421847,9.584118407675618,2.549982446253771,,TRUE
1972,TRUE,FALSE,-0.4805283173062648,1.1853325962728207,6.315054486009695,3.8729095401470643,12.760962460990608,5.129721889736874,8.888052920843544,3.7583310311066693,,TRUE
1973,TRUE,FALSE,-0.4964621099157888,0.8219377704891425,4.70331447821959,2.8417763348938307,9.897926362459973,3.8813767077304475,7.056150027566142,3.1747733198356944,,TRUE
1974,TRUE,FALSE,-0.15345704036655647,0.8678766330658901,4.0562081852320055,2.1850514113898027,8.759480609724129,3.1883315521661153,6.574429198334326,3.386097646168211,,TRUE
1975,TRUE,FALSE,-0.6049971247927846,0.9193007396748781,6.523240484078634,2.3515848778522748,9.112121999085405,5.603939744403756,6.7605371212331296,1.1565973768293736,,TRUE
1976,TRUE,FALSE,-0.26474253281303284,0.8874874137529973,5.027757517818711,2.534081428601087,11.016825395600037,4.1402701040657135,8.48274396699895,4.342473862933236,,TRUE
1977,TRUE,FALSE,-0.714416284857159,1.4487828131381721,9.485445215592225,2.419939213066595,7.755179269036955,8.036662402454054,5.3352400559703606,-2.7014223464836933,,TRUE
1978,TRUE,FALSE,-0.18912841528956043,1.0717640425717072,4.9847773399828865,2.9704721463907586,11.434959712273773,3.9130132974111795,8.464487565883015,4.551474268471836,,TRUE
1979,TRUE,FALSE,-0.3288918995981067,0.6088798575871364,2.9890666317104064,3.0627572805836794,10.821329790357625,2.38018677412327,7.758572509773946,5.378385735650676,,TRUE
1980,TRUE,FALSE,-0.05267175235218811,1.6982090388225999,7.074722825196594,3.0701841892391175,12.134102549405739,5.3765137863739945,9.063918360166621,3.6874045737926266,,TRUE
1981,TRUE,FALSE,-0.6919674016440951,0.7191260804180992,4.7049345649547565,2.9703374823476056,9.728294730669345,3.9858084845366575,6.757957248321739,2.772148763785082,,TRUE
1982,TRUE,FALSE,0.11210998273488124,1.0459686541958033,3.86745385973454,2.359804542407714,9.760481688928788,2.8214852055387363,7.400677146521074,4.579191940982338,,TRUE
1983,TRUE,FALSE,-0.04472784326646609,1.0384275674099606,4.644206980916718,2.328948443944271,9.960248575064268,3.605779413506758,7.631300131119997,4.025520717613239,,TRUE
1984,TRUE,FALSE,0.28358356612168684,1.999348581378136,5.646163223437008,3.1064336272775672,11.648922791045075,3.646814642058872,8.542489163767508,4.895674521708636,,TRUE
1985,TRUE,FALSE,0.12063242822168167,1.170021859817974,4.798324191209888,2.5491708034616423,11.79463606406968,3.628302331391914,9.245465260608038,5.617162929216123,,TRUE
1986,TRUE,FALSE,-0.21070254180396197,1.0756844430507455,5.17368433177855,2.6616059494269773,10.369357475953517,4.097999888727805,7.70775152652654,3.609751637798735,,TRUE
1987,TRUE,FALSE,-0.4920672087349868,0.6720339496207223,3.774618197398295,2.697629442914571,9.26322121729127,3.1025842477775725,6.565591774376698,3.463007526599126,,TRUE
1988,TRUE,FALSE,-0.0400753636431731,0.8697315670452308,3.8455119443773196,2.638939438541172,11.209696280786671,2.9757803773320886,8.5707568422455,5.594976464913411,,TRUE
1989,TRUE,FALSE,-0.3575256557577489,0.5515330284288276,3.449990653155702,3.259085890530324,14.258399535603006,2.8984576247268743,10.999313645072682,8.100856020345809,,TRUE
1990,TRUE,FALSE,-0.09396390662071685,0.9932297004700698,4.1259986955332275,2.86741913695955,10.843327172333758,3.1327689950631576,7.975908035374209,4.843139040311051,,TRUE
1991,TRUE,FALSE,-0.4752364747959488,0.7636887056268572,4.549204032708769,2.9109590886452437,10.78108750180911,3.7855153270819115,7.870128413163865,4.084613086081953,,TRUE
1992,TRUE,FALSE,-0.6010377964655447,1.036385328622805,6.002615975201956,2.6689321883396904,8.474799736356458,4.966230646579151,5.805867548016767,0.8396369014376166,,TRUE
1993,TRUE,FALSE,-0.8470121462663184,0.6109345536783511,4.454302468438365,3.7028234726657225,11.573516157491412,3.8433679147600137,7.8706926848256895,4.027324770065675,,TRUE
1994,TRUE,FALSE,-0.154534454129481,1.7634453498080738,7.486292528729641,3.0870503399510416,11.228843756770312,5.722847178921567,8.14179341681927,2.4189462378977034,,TRUE
1995,TRUE,FALSE,0.3327359850671874,1.5724630375395148,4.489598957650446,2.8948800069222624,11.528241665484803,2.9171359201109315,8.63336165856254,5.716225738451609,,TRUE
1996,TRUE,FALSE,-0.22413127171212002,1.5422360222714069,6.8635830201020145,2.46227469677221,8.757851480906295,5.321346997830608,6.295576784134084,0.9742297863034768,,TRUE
1997,TRUE,FALSE,-0.2269785526191626,0.7542493717756571,3.9582484163419154,2.2972556385728558,9.607754179120395,3.2039990445662583,7.310498540547539,4.10649949598128,,TRUE
1998,TRUE,FALSE,-0.20633351111040824,1.0559569204375494,5.467596028326481,3.0465250471569454,12.833510383690593,4.411639107888932,9.786985336533647,5.375346228644715,,TRUE
1999,TRUE,FALSE,-0.2767690935350376,0.6745869645377705,3.464737127599522,2.8527382835288035,11.10951207683948,2.7901501630617513,8.256773793310675,5.4666236302489235,,TRUE
2000,TRUE,FALSE,-0.2476903605147639,1.3812908272519726,6.842616783722499,2.132735831376181,8.24714440799668,5.461325956470526,6.1144085766205,0.6530826201499735,,TRUE
2001,TRUE,FALSE,0.23952010531798082,1.442926605853708,5.727499946705849,2.163440507469458,10.911590763779076,4.284573340852141,8.748150256309618,4.463576915457477,,TRUE
2002,TRUE,FALSE,-0.29879110149550153,1.0833102550839986,6.185031146234336,2.3609173674349955,9.997847243618478,5.101720891150338,7.636929876183483,2.5352089850331456,,TRUE
2003,TRUE,FALSE,-0.3323994157713171,1.5746988718006683,6.696923006927123,2.9953608531643656,9.136244368808692,5.122224135126455,6.140883515644326,1.018659380517871,,TRUE
2004,TRUE,FALSE,-0.6451967378663502,1.144562140898727,7.838662249635512,3.1706061612311838,11.390413539036938,6.694100108736785,8.219807377805754,1.5257072690689695,,TRUE
2005,TRUE,FALSE,-0.6038766213576932,1.0593979628991257,6.879088296605594,2.811103413972026,9.979029087952076,5.819690333706468,7.167925673980051,1.3482353402735825,,TRUE
2006,TRUE,FALSE,-0.35292457601880917,1.0536431923006464,6.845029029979406,2.202734159465688,10.054734787237054,5.791385837678759,7.852000627771366,2.0606147900926066,,TRUE
2007,TRUE,FALSE,-0.3965526878907423,0.9710879478307433,5.817593031378269,2.968814645881896,11.963195847268796,4.846505083547526,8.9943812013869,4.147876117839375,,TRUE
2008,TRUE,FALSE,-0.3777374756973971,0.9204627629434164,6.6474860072886175,2.495442166604321,12.352345082440548,5.727023244345201,9.856902915836226,4.129879671491025,,TRUE
2009,TRUE,FALSE,-0.07777304975767006,0.9241835929010482,4.8897838446708315,2.1806668440132646,10.674420847109198,3.965600251769783,8.493754003095933,4.52815375132615,,TRUE
2010,TRUE,FALSE,-0.0266362619141461,1.262174106191034,6.200999175981344,2.5067559197695326,11.991857938623296,4.93882506979031,9.485102018853762,4.5462769490634525,,TRUE
2011,TRUE,FALSE,-0.08767094889319879,0.8673471396179969,5.407902847775996,2.2696882533009215,12.963645040215782,4.540555708157999,10.69395678691486,6.153401078756861,,TRUE
2012,TRUE,FALSE,0.10395117923440726,1.1137140267879047,3.3403311082050844,2.9690665268913765,9.880551382061945,2.2266170814171797,6.911484855170569,4.684867773753389,,TRUE
2013,TRUE,FALSE,-0.04719902003765912,1.0369028193805105,5.2004801087203685,2.7458527652075495,13.136641755852388,4.163577289339858,10.390788990644838,6.22721170130498,,TRUE
2014,TRUE,FALSE,-0.34736721429729683,1.7658558237843236,10.979931347886767,2.4098611969319754,10.587093465424013,9.214075524102444,8.177232268492038,-1.0368432556104068,,TRUE
2015,TRUE,FALSE,-0.512133484083426,1.1065737436191518,7.609169252369659,2.8020592294987035,11.545625012694849,6.502595508750507,8.743565783196146,2.2409702744456395,,TRUE
2016,TRUE,FALSE,0.42683886000470156,0.9285315182731839,2.6531733061389926,2.3364648218639408,10.230620552067961,1.7246417878658087,7.89415573020402,6.169513942338211,,TRUE
2017,TRUE,FALSE,0.4715723088409147,1.794042487046023,4.418800414180812,2.452337232696159,9.67950404270333,2.624757927134789,7.227166810007171,4.602408882872382,,TRUE
2018,TRUE,FALSE,-0.24300966283556524,1.5192691002099947,7.889940778748645,2.9734270541136842,12.110402329349084,6.370671678538651,9.1369752752354,2.7663035966967495,,TRUE
2019,TRUE,FALSE,-0.5190329403686109,0.8752287095421598,4.956631583937312,2.731204702135883,9.204627002332119,4.081402874395152,6.473422300196235,2.3920194258010836,,TRUE
2020,TRUE,FALSE,-0.6475890570068252,0.6746098418392573,4.7898228630268855,2.5764518625237147,9.572920638546428,4.115213021187628,6.996468776022713,2.8812557548350846,,TRUE
2021,TRUE,FALSE,-0.39953559819473516,0.9063869404237049,5.349444600714786,3.2417349109095426,12.830880118455369,4.443057660291081,9.589145207545826,5.146087547254745,,TRUE
2022,TRUE,FALSE,-0.2605399324805347,1.3910071918654392,7.4128561228558745,2.544485297813067,10.449730410468726,6.021848930990435,7.90524511265566,1.8833961816652245,,TRUE
2023,TRUE,FALSE,-0.3264414152427888,0.8811380499174929,4.867325114759969,3.31294467590398,13.203494187938407,3.986187064842476,9.890549512034427,5.904362447191952,,TRUE
2024,TRUE,FALSE,-0.03150120676926453,1.3801308519043702,4.87366955407125,3.153296287741024,10.789959003865036,3.4935387021668793,7.636662716124012,4.143124013957133,,TRUE
2025,TRUE,FALSE,0.10341685902320397,0.9989925361256513,3.498882921597381,2.6570207314939647,10.319899817148801,2.49989038547173,7.662879085654836,5.1629887001831065,,TRUE
2026,TRUE,FALSE,-0.36446424221389334,0.7119269290250648,4.300026547617537,2.661384461463077,11.164994766716038,3.588099618592472,8.50361030525296,4.915510686660489,,TRUE
2027,TRUE,FALSE,0.14305818275928883,1.364836635794116,5.019916461529133,2.4845584979687163,10.543733594945163,3.6550798257350174,8.059175096976446,4.404095271241429,,TRUE
2028,TRUE,FALSE,-0.19335335251188754,1.1331346599947107,5.312955415089402,2.9154632973286105,11.26652363326024,4.179820755094691,8.35106033593163,4.1712395808369385,,TRUE
2029,TRUE,FALSE,-0.14506467783222493,1.0993933836765593,5.176936926078189,2.5008770269111253,10.18617897852284,4.07754354240163,7.685301951611715,3.607758409210085,,TRUE
2030,TRUE,FALSE,0.15983297374105457,1.2783419686096351,4.438141077318279,3.06663328081472,12.491956955371187,3.1597991087086434,9.425323674556466,6.265524565847823,,TRUE
2031,TRUE,FALSE,0.04831595399744265,0.8054895503592027,3.3893803672352614,2.5049586690107453,11.062271563261842,2.5838908168760586,8.557312894251096,5.973422077375037,,TRUE
2032,TRUE,FALSE,-0.2090485098775862,1.2629064624134143,5.740976447375321,2.8553264659814426,10.531293977156757,4.478069984961906,7.6759675111753145,3.197897526213408,,TRUE
2033,TRUE,FALSE,0.027182842108361787,2.2605960629377555,7.015743056085772,3.1579419231496844,10.07071267221698,4.755146993148017,6.912770749067295,2.1576237559192784,,TRUE
2034,TRUE,FALSE,-0.5521423459800145,1.0946302724662071,6.59706484797373,3.1998347926827764,11.10244117464182,5.502434575507523,7.9026063819590435,2.400171806451521,,TRUE
2035,TRUE,FALSE,-0.47408109829066813,0.5454913501176833,3.057080422564631,3.2935081477929855,11.48912442314232,2.5115890724469474,8.195616275349334,5.684027202902387,,TRUE
2036,TRUE,FALSE,0.0900842708890807,1.44345235435451,5.317593421681996,2.536718931143559,10.22605506656308,3.8741410673274856,7.68933613541952,3.8151950680920343,,TRUE
2037,TRUE,FALSE,-0.08007903749744123,1.3882940495795615,6.764674719442208,2.5866511607243723,11.63390291041228,5.376380669862646,9.047251749687907,3.670871079825261,,TRUE
2038,TRUE,FALSE,-0.08376623451019419,1.2095869532485533,4.50359828920019,3.4552184958380483,11.830929163344532,3.294011335951637,8.375710667506484,5.081699331554846,,TRUE
2039,TRUE,FALSE,0.18647753369828318,1.0821408527046104,3.6675430339498156,3.1299477999570566,12.78246711818781,2.5854021812452053,9.652519318230754,7.067117136985548,,TRUE
2040,TRUE,FALSE,-0.18654528886727204,0.924944782038388,3.8905369580201787,2.7454517631431647,9.58278990325642,2.965592175981791,6.837338140113256,3.871745964131465,,TRUE
2041,TRUE,FALSE,0.05204259893515094,1.2098023711128083,4.744275777946444,2.4206774497456314,9.999867202746104,3.534473406833636,7.579189753000473,4.044716346166837,,TRUE
2042,TRUE,FALSE,0.21666793875040727,1.1754410523395893,3.292322344980401,2.9964045753803012,10.423165579833796,2.116881292640812,7.426761004453494,5.309879711812682,,TRUE
2043,TRUE,FALSE,-0.2279240414776283,1.0521352516011078,4.760556623516395,2.2873587488265805,8.24013438414894,3.7084213719152874,5.952775635322359,2.2443542634070717,,TRUE
2044,TRUE,FALSE,-0.210928500953541,1.2076588616327637,6.0064146675320105,2.431031829438229,9.791666203675508,4.798755805899247,7.360634374237279,2.561878568338032,,TRUE
2045,TRUE,FALSE,0.02934383912117938,1.1408577944291856,4.188005394668565,2.261656667320844,8.549609188216671,3.0471476002393794,6.287952520895827,3.2408049206564473,,TRUE
2046,TRUE,FALSE,-0.6452585172805291,1.1772398010764957,7.710888702030241,2.468511837509831,8.480910863440123,6.533648900953745,6.012399025930291,-0.5212498750234538,,TRUE
2047,TRUE,FALSE,-0.6844707094793093,0.8339666090266846,5.37614835702227,2.4410941697206185,7.936796839141281,4.542181747995586,5.4957026694206625,0.9535209214250768,,TRUE
2048,TRUE,FALSE,-0.02940478470494316,1.642649236200916,6.102614887523332,2.6104323518335932,9.41701442130779,4.459965651322416,6.806582069474198,2.3466164181517817,,TRUE
2049,TRUE,FALSE,-0.21985820850271195,0.7622711253010963,4.214863921980388,3.4050444163105045,15.111711832857214,3.452592796679292,11.70666741654671,8.254074619867417,,TRUE
2050,TRUE,FALSE,-0.3433651512681204,1.077259317657046,5.808353953851111,2.993346048169762,11.449015700226417,4.731094636194065,8.455669652056654,3.724575015862589,,TRUE
2051,TRUE,FALSE,-0.23425700618912046,1.0013914374491069,4.472096306304029,3.164067109200221,11.179346958686217,3.470704868854922,8.015279849485996,4.544574980631074,,TRUE
2052,TRUE,FALSE,-0.4246494038771207,0.6838301140460119,3.9761435664712432,2.895186631303988,11.009497746304591,3.2923134524252315,8.114311115000604,4.821997662575372,,TRUE
2053,TRUE,FALSE,-0.320324240540292,0.8200206998506971,4.658863613327215,3.058755081817107,12.614929715259803,3.838842913476518,9.556174633442696,5.717331719966178,,TRUE
2054,TRUE,FALSE,-0.5142119096973657,0.7330247545143226,4.69016796435435,3.1958182814448333,12.227352614380228,3.9571432098400274,9.031534332935395,5.074391123095368,,TRUE
2055,TRUE,FALSE,0.1270986157854656,1.0021644257773183,3.609148384112647,2.0576324265233716,8.41456710588282,2.6069839583353285,6.3569346793594494,3.749950721024121,,TRUE
2056,TRUE,FALSE,0.32111729574508924,1.2049597349143746,3.441444019760507,3.118945959185285,12.281049853359582,2.2364842848461324,9.162103894174297,6.925619609328165,,TRUE
2057,TRUE,FALSE,0.1854160253922584,1.4731477041877135,4.416415199680045,3.006134117440735,10.848185724566157,2.9432674954923312,7.842051607125422,4.89878411163309,,TRUE
2058,TRUE,FALSE,-0.8566965097278142,1.029123493484141,8.617920120881067,2.4393992878065487,8.67279932270477,7.588796627396926,6.233400034898223,-1.3553965924987033,,TRUE
2059,TRUE,FALSE,-0.6158813352921642,1.001665906612658,7.808029511653272,2.4047823624248177,10.12559299433608,6.806363605040614,7.720810631911261,0.914447026870647,,TRUE
2060,TRUE,FALSE,-0.03301158184185164,1.4059968677992742,6.818683557120385,2.348501114554145,11.019711018178254,5.412686689321111,8.67120990362411,3.2585232143029987,,TRUE
2061,TRUE,FALSE,-0.03816605510831252,1.2750504050702482,5.3391924794129615,4.367252368264473,17.602777759039864,4.064142074342714,13.23552539077539,9.171383316432676,,TRUE
2062,TRUE,FALSE,-0.5639197897989765,0.8987305703467251,5.742348882167886,2.413425533069363,8.773779398311842,4.843618311821161,6.3603538652424785,1.5167355534213174,,TRUE
2063,TRUE,FALSE,-0.5841705771276284,0.9976472433818295,6.523661398418925,3.154327681007768,11.500564383588397,5.526014155037096,8.34623670258063,2.8202225475435334,,TRUE
2064,TRUE,FALSE,-0.515648054606491,1.053373743007713,7.389699761624715,2.915314602861165,12.21199529446079,6.336326018617002,9.296680691599626,2.960354672982624,,TRUE
2065,TRUE,FALSE,-0.23153279378945552,1.0104831974041502,4.891844834346154,2.3649101560380825,9.082487490544704,3.8813616369420036,6.717577334506622,2.8362156975646182,,TRUE
2066,TRUE,FALSE,-0.37238892900968257,0.7610066138054774,4.111683567414763,2.84757983411824,10.601826795436011,3.3506769536092857,7.754246961317771,4.403570007708486,,TRUE
2067,TRUE,FALSE,-0.7544063481169301,0.4679448826526732,3.917592150569547,2.3398033711192374,9.212327457494547,3.4496472679168737,6.87252408637531,3.422876818458436,,TRUE
2068,TRUE,FALSE,0.02219781416870006,1.3035605905022425,5.464928141735801,2.1750340529925287,9.323085830785452,4.161367551233559,7.148051777792923,2.9866842265593645,,TRUE
2069,TRUE,FALSE,0.08098870697064896,1.3102902943276575,4.942078312732113,2.281775304691087,9.332283488250775,3.631788018404455,7.050508183559688,3.418720165155233,,TRUE
2070,TRUE,FALSE,0.20221041408737403,1.4703341126819656,4.592132374867339,2.970498703532151,11.356554768007827,3.121798262185374,8.386056064475676,5.264257802290302,,TRUE
2071,TRUE,FALSE,-0.25000955537813935,1.0578592409814767,4.972278036197401,3.6277349662650877,13.279609418430523,3.914418795215924,9.651874452165435,5.7374556569495105,,TRUE
2072,TRUE,FALSE,-0.295449989329204,1.0960691785819217,6.290891756330879,2.4917740997640916,10.643160571089378,5.194822577748957,8.151386471325287,2.9565638935763294,,TRUE
2073,TRUE,FALSE,-0.2463180829769097,0.83122246078197215,4.906155470337338,2.2763555434704847,10.502424002315657,4.074933009555366,8.226068458845171,4.151135449289805,,TRUE
2074,TRUE,FALSE,0.1246674454122685,0.9217630876896131,3.1829293606552187,2.2287777675537326,8.717999469095302,2.2611662729656055,6.489221701541569,4.2280554285759635,,TRUE
2075,TRUE,FALSE,0.3077910059555646,1.7616741936027567,4.7475742569978,2.3390711378103117,8.575541231749245,2.9859000633950434,6.236470093938934,3.2505700305438903,,TRUE
2076,TRUE,FALSE,-0.8453058473341223,0.986678909724623,8.260801364553831,3.169019505204717,11.393563612830038,7.274122454829208,8.22454410762532,0.9504216527961118,,TRUE
2077,TRUE,FALSE,-0.23506438856047793,0.9142037302178047,4.690210686403687,2.436479438333389,9.88154713780415,3.7760069561858827,7.44506769947076,3.6690607432848776,,TRUE
2078,TRUE,FALSE,-0.19163011443654385,1.5934444337914853,7.809146463480681,2.522439094297048,10.206184907928787,6.215702029689195,7.683745813631739,1.4680437839425435,,TRUE
2079,TRUE,FALSE,-0.5303330342445945,1.042478641791935,6.458074315616167,2.872405778943616,10.470344079363164,5.415595673824232,7.597938300419548,2.1823426265953163,,TRUE
2080,TRUE,FALSE,-0.1493182904237737,1.9881449268331315,8.391719485334965,2.7695506314773297,10.06848478725657,6.403574558501834,7.298934155779241,0.8953595972774071,,TRUE
2081,TRUE,FALSE,-0.5904755456026273,1.29485813624072,7.715888195702175,2.917791134706946,9.633357228000317,6.4210300594614544,6.715566093293372,0.2945360338319176,,TRUE
2082,TRUE,FALSE,-0.41439830780928905,0.6800026549207624,3.9606270463662203,2.2765022604486185,8.760936408908861,3.280624391445458,6.4844341484602435,3.2038097570147857,,TRUE
2083,TRUE,FALSE,-0.17313015342709961,0.9758907064604827,4.606272981350761,2.731314855937961,10.842533843199261,3.6303822748902785,8.1112189872613,4.480836712371021,,TRUE
2084,TRUE,FALSE,-0.16942737023635882,0.8120070809646194,4.10283205813016,2.8570835422905505,12.18612114920116,3.2908249771655402,9.32903760691061,6.03821262974507,,TRUE
2085,TRUE,FALSE,0.09002760579589907,1.2877739056963238,5.002807242491613,2.426747459188755,10.315664885502416,3.7150333367952895,7.888917426313661,4.1738840895183715,,TRUE
2086,TRUE,FALSE,-0.2036036724832554,1.1361917337697434,6.521016524955114,2.369677440876042,11.095042192787837,5.3848247911853715,8.725364751911794,3.3405399607264226,,TRUE
2087,TRUE,FALSE,-0.2585885236892505,1.0954536364226712,5.451127454669796,2.448606666567491,9.408227138132187,4.355673818247125,6.959620471564696,2.6039466533175712,,TRUE
2088,TRUE,FALSE,-0.03479082330844653,0.9800756375950506,3.774127402309623,2.904792320714222,10.803453024325988,2.794051764714572,7.898660703611766,5.104608938897194,,TRUE
2089,TRUE,FALSE,-0.265394065086226,1.335669802142866,8.629342315365223,2.6734364880930617,13.246138242370526,7.293672513222357,10.572701754277464,3.279029241055107,,TRUE
2090,TRUE,FALSE,-0.3068091823712423,0.9286285627773969,5.359871123577632,2.9138670348303153,12.374752028717303,4.431242560800235,9.460884993886989,5.029642433086754,,TRUE
2091,TRUE,FALSE,-0.2966762948082235,0.9521891829384227,4.5073455549325105,2.332116744811239,8.20546165771696,3.5551563719940877,5.87334491290572,2.3181885409116325,,TRUE
2092,TRUE,FALSE,-0.65487638494999445,0.5930208708220533,4.192990246635179,2.4737301747448366,9.086507728337912,3.5999693758131257,6.612777553593075,3.012808177779949,,TRUE
2093,TRUE,FALSE,-0.15939747052895203,1.2655425041674069,6.350497915723255,2.8299161598627713,12.10818838375011,5.084955411555848,9.278272223887338,4.19331681233149,,TRUE
2094,TRUE,FALSE,-0.03090289163328897,1.31546930062792,4.965530366059831,2.9823192644445444,10.914858335384572,3.6500610654319106,7.932539070940027,4.282478005508117,,TRUE
2095,TRUE,FALSE,-0.12745177482713133,0.998468271815004,4.933547016200229,1.9718841656931565,8.577382936018683,3.9350787443852244,6.605498770325527,2.6704200259403024,,TRUE
2096,TRUE,FALSE,0.10435887243708361,0.6427601785411631,2.5294042872256766,2.694979587736074,11.771918593723628,1.8866441086845134,9.076939005987555,7.190294897303041,,TRUE
2097,TRUE,FALSE,-0.34706277912247374,1.1664572822171808,6.83430289216149,2.881424740393825,11.931779383037453,5.667845609944309,9.050354642643628,3.3825090326993186,,TRUE
2098,TRUE,FALSE,-0.7514837427332861,0.7585870089431194,5.83620910357197,2.6298414778710053,9.543106505368009,5.07762209462885,6.913265027497003,1.8356429328681525,,TRUE
2099,TRUE,FALSE,-0.5091885555122024,1.064611715550746,5.721093809540881,2.9748612163141246,9.60764080058036,4.656482093990135,6.632779584266235,1.9762974902760995,,TRUE
2100,TRUE,FALSE,0.023474221470685088,0.8800333044178725,3.1815263819393667,2.546809870740983,9.426005091113128,2.301493077521494,6.879195220372145,4.577702142850651,,TRUE
2101,TRUE,FALSE,0.05627715150384777,0.6921879343963002,2.6382335905621623,2.4338220447418304,9.813386358898367,1.9460456561658621,7.379564314156536,5.433518657990674,,TRUE
2102,TRUE,FALSE,-0.2488466007209012,1.3843567504722574,6.899128862293195,2.4745722410896573,9.615539700949896,5.514772111820938,7.140967459860239,1.6261953480393005,,TRUE
2103,TRUE,FALSE,-0.20858969897060764,2.271394070622998,11.459527010988861,2.382378624232206,9.756535595603012,9.188132940365863,7.374156971370805,-1.8139759689950576,,TRUE
2104,TRUE,FALSE,-0.37425713068249394,0.8082914477288233,3.858248111577132,2.7057347312257067,8.883202826390656,3.0499566638483087,6.177468095164949,3.1275114313166403,,TRUE
2105,TRUE,FALSE,-0.7462582160465565,0.8902667540020761,6.477588821716344,2.879058007951402,9.932253861708464,5.587322067714267,7.053195853757062,1.4658737860427946,,TRUE
2106,TRUE,FALSE,-0.6716843185231592,0.7755586702782639,5.916176338894639,2.8421007544770376,11.07534158624449,5.1406176686163745,8.233240831767452,3.092623163151077,,TRUE
2107,TRUE,FALSE,0.004787104290185899,1.0915651689316288,3.7030205747634053,3.0362393666862357,10.349550207798412,2.6114554058317765,7.313310841112177,4.7018554352804,,TRUE
2108,TRUE,FALSE,-0.25308178490218,1.1707398693417521,5.472208299923315,2.8144761168963077,10.213809584378202,4.301468430581563,7.3993334674818945,3.0978650369003313,,TRUE
2109,TRUE,FALSE,0.13197350690685697,1.0369652267418437,4.137239151443864,2.9506989472811744,13.43342330752279,3.1002739247020203,10.482724360241615,7.382450435539595,,TRUE
2110,TRUE,FALSE,-0.07072588588050034,1.7956436186698794,7.292552848911488,2.6999900743266134,10.216584804769868,5.496909230241609,7.516594730443254,2.0196855002016445,,TRUE
2111,TRUE,FALSE,0.23177097416664627,1.3042925884818943,4.959165573293797,2.4947898108870588,11.959813264635946,3.6548729848119024,9.465023453748888,5.810150468936985,,TRUE
2112,TRUE,FALSE,0.1006176317807662,1.4879831690059624,5.830567535314322,2.2293035409744344,9.660057231889217,4.34258436630836,7.430753690914782,3.0881693246064224,,TRUE
2113,TRUE,FALSE,-0.5202048631465085,1.1966903732565013,6.652073553658188,3.2278759882507586,10.665224090742454,5.455383180401687,7.437348102491695,1.9819649220900084,,TRUE
2114,TRUE,FALSE,-0.03178650359612803,0.9994118137518413,4.28588257752844,2.9646890772534364,12.316015865275888,3.286470763776599,9.351326788022451,6.064856024245852,,TRUE
2115,TRUE,FALSE,0.03589804524405542,1.0394651119119627,4.706455988036182,2.2654284551935473,10.632239686127562,3.666990876124219,8.366811230934015,4.6998203548097965,,TRUE
2116,TRUE,FALSE,-0.21766301511971298,1.1933230351064033,6.261301270930498,2.8913149929462496,12.203155315704928,5.067978235824095,9.311840322758679,4.243862086934584,,TRUE
2117,TRUE,FALSE,-0.1287810255595646,1.1735556783057788,5.319156367668571,2.685990811360222,10.70322591406019,4.145600689362792,8.017235102699969,3.871634413337177,,TRUE
2118,TRUE,FALSE,0.13321899226248535,1.3451793849638105,5.212169279571893,2.8485061994255414,12.60990315899044,3.8669898946080825,9.761396959564898,5.894407064956816,,TRUE
2119,TRUE,FALSE,-0.16727834576490166,1.1007807400824232,5.8636504947980175,1.947109508893668,8.774241204529508,4.762869754715594,6.82713169563584,2.064261940920246,,TRUE
2120,TRUE,FALSE,-0.35708521372077046,0.9557508170600976,5.67432634218536,3.574457508941552,14.849082914992968,4.718575525125262,11.274625406051417,6.556049880926155,,TRUE
2121,TRUE,FALSE,0.06966927473574408,1.5419245255307192,5.841644396415457,1.9245722676830748,7.817415670347225,4.299719870884738,5.89284340266415,1.593123531779412,,TRUE
2122,TRUE,FALSE,-0.4493823753675764,0.9275171300640362,4.781547981523564,3.1518241134747123,10.366789182466587,3.854030851459528,7.214965068991875,3.3609342175323467,,TRUE
2123,TRUE,FALSE,-0.6901405306276559,1.3175612902576177,9.438728420753199,2.545906662269736,9.146625904909797,8.12116713049558,6.600719242640061,-1.5204478878555197,,TRUE
2124,TRUE,FALSE,0.15097663573245407,1.5764378585164505,6.589513010111052,2.5902979657751657,12.591993999487165,5.0130751515946015,10.001696033712,4.988620882117398,,TRUE
2125,TRUE,FALSE,-0.30329578099263854,1.2802988658302423,6.439529248255566,2.412714478648964,8.960433182631654,5.159230382425323,6.5477187039826905,1.3884883215573671,,TRUE
2126,TRUE,FALSE,-0.22631432329180587,1.0225201598846534,5.613539655263066,2.514842240768751,11.010032483721417,4.591019495378413,8.495190242952667,3.9041707475742538,,TRUE
2127,TRUE,FALSE,0.1597053189378602,1.1885468360323101,4.145019008226565,2.567017524850446,10.502633208160747,2.9564721721942546,7.935615683310301,4.979143511116046,,TRUE
2128,TRUE,FALSE,-0.4206600524719137,0.83530559892938006,4.888173035368129,2.433177918169702,9.349420767229766,4.052867436438749,6.916242849060064,2.8633754126213145,,TRUE
2129,TRUE,FALSE,-0.2641808383303372,1.4878246641095454,6.49812622524512,2.875797206852494,9.644114692895991,5.0103015611355755,6.768317486043497,1.7580159249079212,,TRUE
2130,TRUE,FALSE,-0.3341908205009312,1.0359787100935496,4.278286476979654,2.8339792123290337,8.37873514459107,3.2423077668861042,5.544755932262037,2.3024481653759326,,TRUE
2131,TRUE,FALSE,-0.35158555924580254,0.8543539832254673,4.349967829136835,2.8385216121373835,10.168308956112336,3.4956138459113677,7.329787343974952,3.8341734980635844,,TRUE
2132,TRUE,FALSE,-0.13401052500554755,1.1648549335041372,5.296063177931476,3.1537504780494254,12.540319794245947,4.131208244427339,9.386569316196521,5.255361071769182,,TRUE
2133,TRUE,FALSE,-0.12155391401609679,0.9037877973194134,3.874187621726785,2.899038512591558,11.004693890122315,2.9703998244073717,8.105655377530757,5.135255553123386,,TRUE
2134,TRUE,FALSE,0.0907191726525154,0.7604520925715768,2.531612985249512,2.809256395844148,10.240370496437341,1.7711608926779354,7.431114100593193,5.659953207915258,,TRUE
2135,TRUE,FALSE,-0.4662614124130526,0.7393602831245354,3.9774829745769344,3.0238146522544227,10.204990868936026,3.238122691452399,7.181176216681603,3.943053525229204,,TRUE
2136,TRUE,FALSE,-0.10710349979671153,0.8516230472862364,4.201537280076634,2.1435943041176118,9.50142950868998,3.3499142327903977,7.357835204572369,4.007920971781972,,TRUE
2137,TRUE,FALSE,-0.7175592949304118,0.7499569291041206,5.438121069625721,3.1914507320389416,11.291942349808492,4.6881641405216,8.100491617769551,3.412327477247951,,TRUE
2138,TRUE,FALSE,-0.2611432777714743,0.7372872809836595,3.947748744318219,2.368267542816446,9.766308542733817,3.2104614633345596,7.398040999917372,4.187579536582812,,TRUE
2139,TRUE,FALSE,-0.6086208741856303,1.0292202369547128,6.00033490012431,3.3463146477525108,10.614835321361289,4.9711146631695975,7.268520673608778,2.2974060104391807,,TRUE
2140,TRUE,FALSE,0.0036530706350830135,1.1883369563580186,4.115296010082044,2.59214615974324,9.009640658011103,2.9269590537240258,6.417494498267862,3.4905354445438364,,TRUE
2141,TRUE,FALSE,-0.009366668800314788,1.4982640112433996,6.438330062810681,3.442527665313208,14.655290647417779,4.940066051567281,11.212762982104572,6.272696930537291,,TRUE
2142,TRUE,FALSE,-0.43162231506262116,1.0369125381223936,6.305682500141309,2.499597344970552,9.872083924492665,5.268769962018915,7.372486579522113,2.1037166175031983,,TRUE
2143,TRUE,FALSE,-0.6347338289825645,1.104886205145185,6.9170331680263955,3.070703032941919,10.190106557172873,5.812146962881211,7.119403524230954,1.3072565613497433,,TRUE
2144,TRUE,FALSE,0.22890543169498456,1.4638465857001124,5.006298284417351,2.254682885304902,9.694356626853184,3.5424516987172385,7.439673741548281,3.897222042831043,,TRUE
2145,TRUE,FALSE,-0.7895516814378876,1.1621656895432655,10.1506412609563,3.060988981387646,12.139177383698854,8.988475571413035,9.07818840231121,0.08971283089817383,,TRUE
2146,TRUE,FALSE,-0.4942695036282081,0.9670432746667219,5.83787326260983,2.662201973949882,9.803727619530864,4.870829987943108,7.141525645580982,2.270695657637874,,TRUE
2147,TRUE,FALSE,0.1301699456153579,0.7542702074845307,2.884396709590082,2.6933763125778447,11.731597728170804,2.1301265021055515,9.03822141559296,6.908094913487408,,TRUE
2148,TRUE,FALSE,0.03175440950101444,1.3238629497132632,5.470058976366776,2.1370936580423954,9.115139113574912,4.146196026653513,6.978045455532516,2.8318494288790035,,TRUE
2149,TRUE,FALSE,0.19152847768603223,1.0503848881784987,3.536566589862543,2.794125526856811,11.393549640571312,2.4861817016840444,8.599424113714502,6.113242412030457,,TRUE
2150,TRUE,FALSE,0.18324212193592274,0.9810999264789629,2.985307584041716,1.8483826197311293,6.755364071464994,2.004207657562753,4.906981451733865,2.9027737941711114,,TRUE
2151,TRUE,FALSE,0.062291525681935654,0.9893005767001514,4.0761865903796926,2.560014763797535,11.2258989730762,3.0868860136795413,8.665884209278666,5.578998195599125,,TRUE
2152,TRUE,FALSE,-0.3364215955778353,0.5962654072911476,2.733719095988427,2.6157908420429576,8.566654359420866,2.1374536886972795,5.9508635173779085,3.813409828680629,,TRUE
2153,TRUE,FALSE,-0.1062581517301129,0.7741839925788896,3.9820458138279817,2.5001973345232473,11.563492520633536,3.207861821249092,9.063295186110288,5.855433364861196,,TRUE
2154,TRUE,FALSE,-0.025168027612367735,0.7428753595184813,3.444760391858486,2.400792676096261,10.855938830254589,2.7018850323400048,8.455146154158328,5.753261121818323,,TRUE
2155,TRUE,FALSE,-0.4142656558644488,1.015327821860685,5.928194323424533,2.6676060025592108,10.292586888930865,4.9128665015638475,7.624980886371654,2.7121143848078066,,TRUE
2156,TRUE,FALSE,-0.3918408914675911,1.0477754588868384,6.5627278051044735,2.150275243136423,9.101980223795954,5.514952346217635,6.95170498065953,1.4367526344418948,,TRUE
2157,TRUE,FALSE,-0.3916792278678379,0.8428489994219286,5.672773665373237,2.3043515200243316,10.483113384115518,4.829924665951308,8.178761864091186,3.3488371981398775,,TRUE
2158,TRUE,FALSE,-0.413294377708452,1.1510273553835595,6.695555079657058,2.875202759466927,11.06312834528141,5.5445277242734985,8.187925585814483,2.6433978615409846,,TRUE
2159,TRUE,FALSE,0.4402874704789795,0.9767766556391155,2.79545306038777,2.69244553151625,11.967908982266428,1.8186764047486546,9.275463450750177,7.456787046001523,,TRUE
2160,TRUE,FALSE,-0.2145696627854085,0.8615924615204353,5.027794243115006,2.527150804608848,11.899270686857559,4.16620178159457,9.372119882248711,5.205918100654141,,TRUE
2161,TRUE,FALSE,-0.5128576724716467,1.527852883715267,9.72610098732169,2.550307415568842,9.721169439099777,8.198248103606423,7.170862023530935,-1.0273860800754875,,TRUE
2162,TRUE,FALSE,-0.0016574386710830928,1.6448585801177669,6.765241872074661,2.2743861177980564,9.338973498792765,5.120383291956895,7.064587380994708,1.9442040890378136,,TRUE
2163,TRUE,FALSE,-0.10372489493179549,0.9120109657275817,3.397177663095554,3.129560642292975,10.508831331642053,2.4851666973679727,7.379270689349078,4.894103991981106,,TRUE
2164,TRUE,FALSE,-0.19274640513980296,1.0654712025807649,5.586414687262426,2.9725738582732357,12.853322624675931,4.520943484681661,9.880748766402695,5.359805281721034,,TRUE
2165,TRUE,FALSE,-0.1676862891678204,1.5387445215612547,8.047512159829397,2.1582192239840556,9.544769576764045,6.508767638268142,7.38655035277999,0.8777827145118478,,TRUE
2166,TRUE,FALSE,0.12813233967618776,0.937122976326075,3.064589572501779,2.564693596331231,9.533632108744278,2.127466596175704,6.968938512413047,4.841471916237342,,TRUE
2167,TRUE,FALSE,-0.07955558679600547,1.5850329122635451,6.116803992477672,2.9273357419281574,10.432977305141842,4.531771080214126,7.505641563213684,2.9738704829995584,,TRUE
2168,TRUE,FALSE,-0.21866239358449002,1.2257547668202586,6.310934093968089,2.2885217068277885,9.468500776439575,5.085179327147831,7.179979069611786,2.0947997424639553,,TRUE
2169,TRUE,TRUE,-0.31883938890035884,0.8593742523894489,4.713035230908904,2.5260181189768107,10.07127889581151,3.8536609785194553,7.545260776834699,3.6915997983152433,,TRUE
2170,TRUE,FALSE,-0.27183067081457357,2.4426651769756433,11.445128570344227,2.6580179604924816,9.489866118247916,9.002463393368584,6.831848157755434,-2.17061523561315,,TRUE
2171,TRUE,FALSE,-0.5262416029553447,1.6207290395747689,9.232948600424914,2.6177665095633236,8.81083538115132,7.612219560850145,6.193068871587996,-1.4191506892621488,,TRUE
2172,TRUE,TRUE,-0.21160000015721975,1.0483743237040357,5.627449757486015,2.1502263816885137,9.34077097876087,4.579075433781979,7.190544597072357,2.611469163290378,,TRUE
2173,TRUE,FALSE,-0.14626664931435193,0.9063503634833573,4.182232209411516,2.68830439513829,10.71686284325394,3.2758818459281582,8.02855844811565,4.752676602187492,,TRUE
2174,TRUE,FALSE,0.06562267300752062,1.2071555031950705,4.568014104288763,3.1282690997560385,12.640605777726838,3.3608586010936925,9.5123366779708,6.151478076877108,,TRUE
2175,TRUE,FALSE,0.05587235204368804,2.080629267243036,7.540109012516705,2.464920757242612,9.446065176730558,5.4594797452736685,6.981144419487946,1.5216646742142776,,TRUE
2176,TRUE,FALSE,0.15744299143038243,0.6282673985309531,2.559856016540321,2.167909474181665,10.339243886965855,1.9315886180093678,8.17133441278419,6.239745794774823,,TRUE
2177,TRUE,FALSE,-0.04900048236600189,1.430556747109519,7.082729679892732,2.621974696568568,12.360710469909385,5.652172932783213,9.738735773340817,4.086562840557605,,TRUE
2178,TRUE,FALSE,-0.16766958516061872,1.0263719794900952,4.815682605297113,2.9687847321221383,11.779145887398597,3.7893106258070173,8.810361155276459,5.021050529469441,,TRUE
2179,TRUE,FALSE,-0.5235047935028072,0.8301423883403455,4.9611863017571425,2.5153348388462127,8.90581170754434,4.131043913416797,6.390476868698126,2.259432955281329,,TRUE
2180,TRUE,FALSE,-0.31893376889820213,1.1742754628646201,5.149464046494251,2.5642843752955953,8.174233781655046,3.975188583629631,5.60994940635945,1.6347608227298194,,TRUE
2181,TRUE,FALSE,-0.040626577788873,1.5897616792923956,7.110785581311588,2.0818009838146154,8.940892428999694,5.521023902019192,6.859091445185079,1.338067543165887,,TRUE
2182,TRUE,FALSE,0.012703226665661345,1.6629765542469679,6.6793976080352895,3.3914978675994556,13.79620566744222,5.016421053788322,10.404707799842765,5.388286746054443,,TRUE
2183,TRUE,FALSE,-0.06650799119206983,1.9047048163079843,7.666009611985614,3.138543980202572,11.819139120896915,5.7613047956776295,8.680595140694344,2.919290345016714,,TRUE
2184,TRUE,FALSE,0.10113731271908674,1.2106415883949022,4.128744761068103,2.7526329567423393,10.386617270217151,2.9181031726732005,7.633984313474812,4.715881140801612,,TRUE
2185,TRUE,FALSE,-0.23520471908573468,0.6297804916179675,2.6921035346169213,2.759013932593326,9.321983644791635,2.062323042998954,6.562969712198308,4.500646669199354,,TRUE
2186,TRUE,FALSE,-0.3650822865762776,0.8881103057159252,3.9283329906705986,3.193959602145594,9.806580119626775,3.0402226849546734,6.612620517481181,3.5723978325265078,,TRUE
2187,TRUE,FALSE,-0.2702682735350266,1.4212625802346117,7.0201042220571965,2.574342431416076,9.70419540840394,5.598841641822585,7.1298529769878645,1.5310113351652799,,TRUE
2188,TRUE,FALSE,-0.23403042725610107,1.4564455863765875,5.909381163134692,3.17634230658061,10.19851445199735,4.4529355767581045,7.022172145416739,2.569236568658635,,TRUE
2189,TRUE,FALSE,-0.29919838779386393,0.9069309546613983,4.27237123988225,3.241666305770829,11.321992317187703,3.3654402852208514,8.080326011416874,4.714885726196023,,TRUE
2190,TRUE,FALSE,0.12195907044912219,1.5308512365234703,5.673095280542235,3.566541633163001,14.931400263376096,4.1422440440187644,11.364858630213096,7.222614586194331,,TRUE
2191,TRUE,FALSE,0.12295242169056146,1.1436633218724055,4.020400547994177,2.9824609799880375,11.856143825348884,2.8767372261217714,8.873682845360847,5.996945619239075,,TRUE
2192,TRUE,FALSE,-0.039692287120673755,0.8581795866758012,3.8761385328181857,2.316131353290829,10.054168393662891,3.0179589461423846,7.738037040372062,4.720078094229677,,TRUE
2193,TRUE,FALSE,-0.18648528724456684,1.0069272990586842,4.0818501417722794,2.418607849277934,8.13644827298073,3.0749228427135953,5.717840423702795,2.6429175809892,,TRUE
2194,TRUE,FALSE,0.13259819168262224,0.6995843473223305,2.6838608042827716,2.292073070187725,10.040030347041784,1.984276456960441,7.747957276854058,5.763680819893617,,TRUE
2195,TRUE,FALSE,-0.6767902942780456,0.8666902200776214,6.06838926487859,2.7233351660493925,9.691351363348385,5.201699044800969,6.968016197298993,1.766317152498024,,TRUE
2196,TRUE,FALSE,-0.13280176771423108,1.3220492695165407,4.28321161660361,2.8571821675790057,8.105592143822719,2.961162347087069,5.248409976243713,2.287247629156644,,TRUE
2197,TRUE,FALSE,-0.04186284770310134,1.8818468679247151,7.739720654234188,2.815628332971314,11.105433826300313,5.857873786309472,8.289805493328998,2.431931707019526,,TRUE
2198,TRUE,FALSE,-0.03989104666288933,1.553980064970722,5.233272153964127,3.086633217223633,9.98822786615175,3.679292088993405,6.901594648928117,3.222302559934712,,TRUE
2199,TRUE,FALSE,-0.26570884289853397,1.2199685161915015,5.399726521917493,2.82847039409228,9.597959099160251,4.179758005725991,6.769488705067971,2.58973069934198,,TRUE
2200,TRUE,FALSE,-0.27314104677861295,0.6519322689384026,3.907230971237895,2.745197608223612,12.52035287370649,3.2552987022994926,9.775155265482876,6.519856563183383,,TRUE
2201,TRUE,FALSE,-0.27869499811927045,0.687164672361241,3.7241961763210054,2.755015660405103,11.299522673049378,3.0370315039597644,8.544507012644274,5.50747550868451,,TRUE
2202,TRUE,FALSE,0.2708995227380035,1.6137086194492793,4.7201229346073195,2.4773188713429803,9.500802057943666,3.10641431515804,7.023483186600686,3.9170688714426456,,TRUE
2203,TRUE,FALSE,-0.35653756523948876,1.1679535826528071,6.2747017658638224,2.7950290020699966,10.51263357504134,5.106748183211016,7.717604572971343,2.610856389760327,,TRUE
2204,TRUE,FALSE,-1.087443455935393,0.9134072124921317,7.148562613544093,2.8707954413187635,7.573311922634952,6.235155401051961,4.702516481316188,-1.5326389197357733,,TRUE
2205,TRUE,FALSE,0.048854714167782844,1.3116996542041317,5.007875641566114,2.9736365176413924,11.921320003191765,3.6961759873619826,8.947683485550373,5.25150749818839,,TRUE
2206,TRUE,FALSE,-0.3687086141406985,0.8577612056580033,5.040079190763096,2.677421995985296,10.880771005034582,4.182317985105093,8.203349009049287,4.021031023944194,,TRUE
2207,TRUE,FALSE,-0.12389098910186054,1.2719975584201333,5.154268625798926,2.9294452946102427,10.487234777307867,3.8822710673787926,7.557789482697624,3.675518415318831,,TRUE
2208,TRUE,FALSE,0.13646812947400908,1.560686351839809,4.988656579301384,2.63969018533275,9.671376463288107,3.427970227461575,7.031686277955357,3.603716050493782,,TRUE
2209,TRUE,FALSE,-0.1768210113544953,1.0454523963156064,5.159524234267897,2.992940706098948,12.376878218513664,4.114071837952291,9.383937512414715,5.269865674462424,,TRUE
2210,TRUE,FALSE,0.11207253534838497,0.7843079723268155,2.213682012926495,2.602068196475742,8.215230722771077,1.4293740405996793,5.613162526295335,4.183788485695656,,TRUE
2211,TRUE,FALSE,-0.4738269862268207,1.1886945962049111,7.57210245692436,2.7227023253748484,10.79856160046342,6.383407860719449,8.075859275088572,1.6924514143691232,,TRUE
2212,TRUE,FALSE,-0.1818439777860053,1.0345235205262076,3.9581180076310467,3.5226107312829344,11.236710365961422,2.923594487104839,7.714099634678487,4.790505147573647,,TRUE
2213,TRUE,FALSE,0.24826567584593798,0.9820191606135936,3.5338670091291147,2.465209841915973,11.371154123540725,2.551847848515521,8.905944281624752,6.3540964331092304,,TRUE
2214,TRUE,FALSE,0.19912251112283558,1.3278096199473752,5.656860364695064,2.242156572860677,11.656908630016868,4.329050744747689,9.414752057156191,5.085701312408502,,TRUE
2215,TRUE,FALSE,0.0024274735869164775,1.4791941347341153,5.6896720679872805,2.321024535878231,8.949443482157964,4.210477933253165,6.628418946279733,2.4179410130265673,,TRUE
2216,TRUE,FALSE,-0.15029779675783708,1.3432430417150567,5.020752423076917,1.9776502966368532,6.360484549572721,3.677509381361861,4.382834252935868,0.7053248715740068,,TRUE
2217,TRUE,FALSE,0.12127744273175052,2.0545438740422752,8.177531871061744,2.585512713890905,11.617792818158003,6.122987997019468,9.032280104267098,2.90929210724763,,TRUE
2218,TRUE,FALSE,-0.08368336088671749,1.1626384559778942,4.887451271315304,3.050300982864954,11.79335113657956,3.72481281533741,8.743050153714606,5.018237338377196,,TRUE
2219,TRUE,FALSE,-0.3258314062948242,0.8937052922504406,4.564887289723787,2.909243843344873,10.727760553989492,3.6711819974733464,7.818516710644619,4.147334713171273,,TRUE
2220,TRUE,FALSE,-0.03469689327234755,0.9118221222687299,3.892656219709701,2.586231784718921,10.664357650095956,2.9808340974409715,8.078125865377036,5.097291767936064,,TRUE
2221,TRUE,FALSE,0.04672076165932959,1.1462546901506045,5.352713019324805,2.8949008044402706,14.16501667004575,4.2064583291742,11.27011586560548,7.063657536431279,,TRUE
2222,TRUE,FALSE,0.25276425264174857,1.176366299646565,3.85696024008066,2.1935512903652894,9.260288162890195,2.680593940434095,7.066736872524905,4.38614293209081,,TRUE
2223,TRUE,FALSE,0.2069350610544694,1.387119782261032,4.609567969809474,2.3095461481895847,9.439384078412106,3.2224481875484416,7.129837930222521,3.90738974267408,,TRUE
2224,TRUE,FALSE,-0.23841926269127572,0.7452406042481545,3.6214812956843563,2.773374614988797,10.61827828312049,2.8762406914362018,7.844903668131694,4.968662976695493,,TRUE
2225,TRUE,FALSE,-0.3106983927486399,1.2491754694498853,6.02750036902595,2.5577153479538977,9.045475682700369,4.778324899576065,6.487760334746471,1.7094354351704064,,TRUE
2226,TRUE,FALSE,0.13592882271560733,1.6093732570560417,5.532048901420543,2.439086605519357,9.60482793124182,3.9226756443645012,7.165741325722463,3.2430656813579617,,TRUE
2227,TRUE,FALSE,0.13329563127972252,2.2983052816463436,7.564175510776573,2.584955570875451,9.720677216247552,5.265870229130229,7.135721645372101,1.8698514162418718,,TRUE
2228,TRUE,FALSE,0.037951332193432406,1.6366788619220245,7.2420175030831375,2.147301565199306,9.868955518033818,5.605338641161113,7.721653952834512,2.1163153116733984,,TRUE
2229,TRUE,FALSE,0.22793934277945757,1.616654979760573,6.033463171406198,2.7871829658755143,13.064945416679445,4.416808191645625,10.27776245080393,5.860954259158305,,TRUE
2230,TRUE,FALSE,0.3806357003719891,1.0646485202606162,2.770798959783131,2.389345030699758,9.098831311839426,1.7061504395225147,6.709486281139668,5.003335841617154,,TRUE
2231,TRUE,FALSE,-0.5326326375447109,0.7322482930448893,4.617418657914888,2.7298494364741095,10.105554871481127,3.8851703648699987,7.375705435007017,3.4905350701370184,,TRUE
2232,TRUE,FALSE,-0.4707605244058801,1.3016443896128038,5.590125973543317,3.5277519396109023,9.46190504328441,4.288481583930513,5.934153103673508,1.6456715197429954,,TRUE
2233,TRUE,FALSE,0.2933301632998578,1.5183130537933516,5.043548789295556,2.6434545787826944,11.774390204709523,3.525235735502205,9.130935625926828,5.6056998904246225,,TRUE
2234,TRUE,FALSE,-0.16160333206637686,1.7531302971579907,8.219695817431251,2.863504298696054,11.422362924665402,6.46656552027326,8.558858625969348,2.092293105696088,,TRUE
2235,TRUE,FALSE,-0.2766913732791075,0.6004459659005684,2.769710039323552,3.0857240026671597,10.793242032001286,2.1692640734229833,7.7075180293341266,5.538253955911143,,TRUE
2236,TRUE,FALSE,-0.10967114831744668,1.1619238930509024,5.337992991479045,2.242683695524135,9.232913526496048,4.176069098428143,6.990229830971913,2.81416073254377,,TRUE
2237,TRUE,FALSE,0.017798104993609804,0.9715656765988309,4.431611051123006,2.7884945151120335,12.947588445759598,3.460045374524175,10.159093930647565,6.69904855612339,,TRUE
2238,TRUE,TRUE,-0.25239422457141863,1.3891856397180509,6.104839991022282,2.737874233417157,9.347900386352787,4.715654351304231,6.61002615293563,1.894371801631399,,TRUE
2239,TRUE,FALSE,0.1302011352488257,1.4781270119235959,4.60276690532134,2.995906137467339,10.626275356105388,3.1246398933977435,7.63036921863805,4.505729325240306,,TRUE
2240,TRUE,FALSE,-0.27567066524856326,1.1376215591780394,5.345143070668489,3.3323999234529404,11.884923414001637,4.20752151149045,8.552523490548698,4.345001979058248,,TRUE
2241,TRUE,FALSE,0.14799475684648813,1.5664138337687366,5.554750760743337,3.0001889368586503,12.33615957794875,3.9883369269746005,9.3359706410901,5.347633714115499,,TRUE
2242,TRUE,FALSE,0.3462078089257702,0.9724371584004672,2.882013959206641,2.512662117379621,10.527488302302391,1.9095768008061738,8.01482618492277,6.105249384116596,,TRUE
2243,TRUE,FALSE,0.3672779219692162,0.8616876841855411,2.979193128109228,2.0880901346542498,10.423289211141178,2.117505443923687,8.335199076486928,6.2176936325632415,,TRUE
2244,TRUE,FALSE,0.029348092108513923,1.1584800983424288,4.456372321588014,2.1340744702732617,8.453726159008822,3.297892223245585,6.31965168873556,3.0217594654899744,,TRUE
2245,TRUE,FALSE,-0.07913321975594051,1.2847591499834072,5.2968078190025025,2.8533126732912937,10.86862842127815,4.012048669019095,8.015315747986856,4.0032670789677605,,TRUE
2246,TRUE,FALSE,-0.2810093628915947,1.129188061337172,4.769538288768803,3.165384625187226,10.094753875210698,3.6403502274316315,6.929369250023472,3.28901902259184,,TRUE
2247,TRUE,FALSE,-0.028809011898081015,1.5915240178279266,6.03190789780986,2.8634735870398718,10.544429590875902,4.440383879981933,7.68095600383603,3.240572123854097,,TRUE
2248,TRUE,FALSE,-0.029438915995980197,1.3277858903099422,5.228807788721224,2.5710416050438454,9.831019869968355,3.901021898411282,7.259978264924509,3.3589563665132274,,TRUE
2249,TRUE,FALSE,-0.15241000385256387,1.2440831704649946,6.413392543832847,2.378177264340216,10.52668934638686,5.169309373367852,8.148512082046643,2.979202708678791,,TRUE
2250,TRUE,FALSE,-0.02418276908737224,0.6985977275871019,3.0860274375320333,2.889177034351182,12.4578852218284,2.3874297099449313,9.568708187477219,7.181278477532287,,TRUE
2251,TRUE,FALSE,-0.13017248574434,1.0189830568615244,4.899100689946094,2.736156395594057,11.549338969382147,3.8801176330845695,8.81318257378809,4.93306494070352,,TRUE
2252,TRUE,FALSE,-0.2505984840676478,1.31088776958608,6.5949525807659954,3.0329049957440186,11.876034028232867,5.284064811179915,8.843129032488848,3.559064221308933,,TRUE
2253,TRUE,FALSE,0.033686096179733664,0.7453849730700015,2.6028290273878247,2.5770753106702293,9.307259101379751,1.8574440543178232,6.730183790709521,4.872739736391698,,TRUE
2254,TRUE,FALSE,-0.46945445939705033,0.7535996695907414,5.090522958253072,2.566314594486021,10.840519965321146,4.336923288662331,8.274205370835125,3.9372820821727936,,TRUE
2255,TRUE,FALSE,-0.6020453006905296,0.9952279293584964,6.587960406540193,3.112300010813221,11.283528429245637,5.592732477181697,8.171228418432417,2.5784959412507202,,TRUE
2256,TRUE,FALSE,-0.09871226672324207,0.760925445386517,3.576410494605465,2.666511956294441,11.354776650781657,2.8154850492189483,8.688264694487216,5.872779645268269,,TRUE
2257,TRUE,FALSE,0.11019409717313351,1.5605288218539735,6.717254709606499,2.3516954804000783,11.302064856988954,5.1567258877525255,8.950369376588876,3.7936434888363504,,TRUE
2258,TRUE,FALSE,-0.4521220788406288,0.8871742351772764,5.1603788834173105,2.707024397448924,10.0186848271225,4.273204648240034,7.3116604296735765,3.0384557814335427,,TRUE
2259,TRUE,FALSE,0.13136707712324294,0.9263543216940454,3.1838758944535304,2.525515761675572,9.898766477009085,2.257521572759485,7.373250715333513,5.115729142574028,,TRUE
2260,TRUE,FALSE,-0.009670046637312099,0.9325536804729824,4.55130601466817,2.4310766670312955,11.750631411984736,3.6187523341951877,9.319554744953441,5.700802410758254,,TRUE
2261,TRUE,FALSE,-0.3238302965800218,0.8843277838869444,3.8493379231214213,3.3393050520649816,10.514561172698535,2.9650101392344768,7.175256120633554,4.210245981399077,,TRUE
2262,TRUE,FALSE,-0.10456740174958813,1.0527256405095113,5.072438326135646,2.240526180032194,9.723856738997357,4.019712685626134,7.483330558965163,3.463617873339029,,TRUE
2263,TRUE,FALSE,-0.08439605290600638,1.7577736729394462,6.447529376809594,2.972450198706227,10.020565266043974,4.689755703870148,7.048115067337747,2.3583593634675992,,TRUE
2264,TRUE,FALSE,-0.1107433894630724,2.1077647943833955,7.4778503260167275,2.4429072419407682,7.7582961939466974,5.3700855316333325,5.315388952005929,-0.05469657962740371,,TRUE
2265,TRUE,FALSE,0.40138056844646897,0.8300666507697214,2.7783750509606606,2.4699422351822466,12.35042967905429,1.9483084001909392,9.880487443872044,7.932179043681105,,TRUE
2266,TRUE,FALSE,-0.11986762890819541,1.485825210103438,5.28280296731301,3.133912626546488,9.883840416464446,3.7969777572095724,6.749927789917958,2.9529500327083857,,TRUE
2267,TRUE,FALSE,0.22501846385140126,1.5395923669065077,3.6585575959510437,2.5348292021492616,7.543573497766637,2.118965229044536,5.008744295617376,2.88977906657284,,TRUE
2268,TRUE,FALSE,-0.4078049121967009,1.266874517539519,7.163806031857275,2.1079620885240287,7.928035579042187,5.896931514317756,5.820073490518158,-0.0768580237995975,,TRUE
2269,TRUE,FALSE,-0.2508249021457936,0.9166319641635939,4.459298723925806,2.2102885437597357,8.367364158158342,3.542666759762212,6.157075614398606,2.6144088546363937,,TRUE
2270,TRUE,FALSE,-0.11604451804632554,1.1739669156784338,5.359806383365135,2.7741776603670742,11.277946238034536,4.1858394676867015,8.503768577667461,4.31792910998076,,TRUE
2271,TRUE,FALSE,-0.2564729110664692,1.0564812283916063,4.776137038607584,2.86420096420207,10.01921534096094,3.719655810215978,7.155014376758871,3.435358566542893,,TRUE
2272,TRUE,FALSE,0.05377662438954618,1.113555136522703,4.8433691112597375,2.3010152406645004,10.561126111617327,3.7298139747370342,8.260110870952825,4.530296896215791,,TRUE
2273,TRUE,FALSE,0.001501117273864758,1.0730112914178513,3.7453475979268864,2.8702067557856283,10.033511367276528,2.672336306509035,7.1633046114909,4.490968304981864,,TRUE
2274,TRUE,FALSE,0.18683344994571605,1.339007431797229,4.770300194728836,2.396374807021845,10.291014832357945,3.4312927629316077,7.8946400253361,4.4633472624044925,,TRUE
2275,TRUE,FALSE,-0.12422391169887399,1.834666313869825,7.697012242392151,2.9727579390553043,11.014755936873797,5.862345928522326,8.041997997818493,2.179652069296167,,TRUE
2276,TRUE,FALSE,-0.15634803570178732,1.192023901938322,6.156797444301987,2.3231229045397708,10.262212409080618,4.964773542363665,7.939089504540847,2.974315962177182,,TRUE
2277,TRUE,FALSE,0.5413487144734951,1.3874002362996756,3.6702536878718774,2.663707540430577,12.10836820982797,2.282853451572202,9.444660669397393,7.161807217825191,,TRUE
2278,TRUE,FALSE,0.026640853294189214,1.379714156186186,4.29753732338895,3.2267058036314578,10.32190559508793,2.9178231672027635,7.095199791456473,4.177376624253709,,TRUE
2279,TRUE,FALSE,0.15397041704214806,1.8217660990047828,6.5533369452127985,2.3440572478108974,9.835730003494168,4.731570846208015,7.491672755683271,2.7601019094752557,,TRUE
2280,TRUE,FALSE,-0.02892537933796741,1.1912470434006157,4.614594221033553,3.059309764865868,11.513119233692999,3.423347177632937,8.453809468827131,5.030462291194194,,TRUE
2281,TRUE,FALSE,-0.07223693204151584,1.1654419573160435,4.545798714762748,3.6344280577765447,13.188139367166599,3.3803567574467044,9.553711309390055,6.17335455194335,,TRUE
2282,TRUE,FALSE,0.3012907029263234,1.5682148452508815,4.408146862258418,2.4952805422876985,9.480227604719037,2.8399320170075364,6.984947062431338,4.145015045423802,,TRUE
2283,TRUE,FALSE,-0.07374266140898254,0.8931065358288335,4.242470647735569,2.2537858922047036,9.944940836388295,3.349364111906736,7.691154944183591,4.341790832276855,,TRUE
2284,TRUE,FALSE,-0.5089597741880498,0.7626887364788935,5.4427990989638495,2.2809096906196324,9.784635242903827,4.680110362484956,7.503725552284195,2.8236151897992388,,TRUE
2285,TRUE,FALSE,-0.087955564104429,1.2239488471669255,4.741786921295131,3.2673525099970333,11.592474336749355,3.5178380741282056,8.325121826752321,4.807283752624116,,TRUE
2286,TRUE,FALSE,-0.577950157412453,0.6888903135373946,4.351298627404789,2.993977481754928,10.610034033109546,3.662408313867395,7.6160565513546175,3.9536482374872226,,TRUE
2287,TRUE,FALSE,-0.35535701824999233,0.8748359942378561,5.582957318713756,2.0907392870575108,9.352074382906276,4.708121324475901,7.261335095848764,2.5532137713728638,,TRUE
2288,TRUE,FALSE,-0.04368560930453162,1.3403073110999748,5.73905002659684,2.6023946513192278,10.66685428625709,4.398742715496866,8.064459634937862,3.665716919440996,,TRUE
2289,TRUE,FALSE,0.0781356089625138,1.0108961699371906,3.918744054822836,2.520456678486941,10.564609508999604,2.907847884885645,8.0441528305126635,5.1363049456270184,,TRUE
2290,TRUE,FALSE,-0.27595815940865825,0.8011158279169033,4.377426535754615,2.5963957046424864,10.765825347866555,3.5763107078377114,8.169429643224069,4.593118935386357,,TRUE
2291,TRUE,FALSE,-0.031771670857292045,1.8376929171511789,7.396718602905637,2.3596727182793096,9.200674477815818,5.559025685754459,6.841001759536509,1.28197607378205,,TRUE
2292,TRUE,FALSE,-0.5690260874672416,0.7802004569701619,4.9407607250026935,2.6055452610786602,9.340311357160047,4.1605602680325315,6.734766096081387,2.5742058280488553,,TRUE
2293,TRUE,FALSE,-0.3179851483969972,1.3774947863752576,6.773117414878097,2.707249014228063,9.685624981248631,5.3956226285028395,6.978375967020568,1.5827533385177288,,TRUE
2294,TRUE,FALSE,0.03839833642545451,1.2314807321346664,5.927525659680485,2.4494236651975254,12.251405558503107,4.6960449275458185,9.801981893305582,5.1059369657597635,,TRUE
2295,TRUE,FALSE,-0.38463653260665404,1.001404281330582,5.438938163178833,2.665301139539133,9.853838468942968,4.4375338818482515,7.188537329403834,2.7510034475555827,,TRUE
2296,TRUE,FALSE,-0.19270245372541916,0.9077557304354092,3.969306235214919,2.78903251492961,10.057952314007713,3.0615505047795097,7.268919799078103,4.2073692942985925,,TRUE
2297,TRUE,FALSE,-0.12971730801382123,1.0387617815420538,4.165257256369876,3.4547824222633583,12.167771831554505,3.126495474827822,8.712989409291147,5.586493934463325,,TRUE
2298,TRUE,FALSE,0.20536016289511413,1.3685251764958888,4.969206407995792,2.4638749919883245,10.98600266971641,3.6006812314999026,8.522127677728085,4.921446446228182,,TRUE
2299,TRUE,FALSE,-0.6193517709960956,0.8822486507493649,5.589628513205666,2.5707454943746413,8.767382810561932,4.707379862456301,6.1966373161872905,1.48925745373099,,TRUE
2300,TRUE,FALSE,-0.3332329681347734,1.1353344146013034,6.116587822478119,2.865777167211634,11.063857974297193,4.981253407876816,8.198080807085558,3.216827399208743,,TRUE
2301,TRUE,FALSE,-0.3019858386178401,0.758252699170434,4.257262720432847,2.6456553890416514,10.982443504155105,3.4990100212624125,8.336788115113453,4.837778093851041,,TRUE
2302,TRUE,FALSE,-0.33191058272610613,0.9846891553543066,4.9854691171307115,2.9273545726819075,10.634945530434877,4.000779961776405,7.707590957752969,3.7068109959765643,,TRUE
2303,TRUE,FALSE,-0.021207858671186335,1.229511995701264,5.157955821800841,2.569792671296945,10.554373962202247,3.928443826099577,7.984581290905302,4.056137464805725,,TRUE
2304,TRUE,FALSE,-0.6553581171168512,0.532827629117408,3.7890518467569434,2.7353826308354714,10.100514171716574,3.2562242176395353,7.3651315408811024,4.108907323241567,,TRUE
2305,TRUE,FALSE,-0.3377187778532097,1.336070965520149,6.811243545005044,2.2387759444184345,8.142131517150377,5.475172579484894,5.903355572731942,0.4281829932470478,,TRUE
2306,TRUE,FALSE,-0.7353488963634159,0.7766518772670644,5.982386308509706,2.888728616612305,10.665883440097373,5.205734431242641,7.777154823485068,2.571420392242427,,TRUE
2307,TRUE,FALSE,0.04714620473016967,0.9828804958990516,3.913546847698445,3.167317106433112,13.220159740848706,2.9306663517993936,10.052842634415594,7.1221762826162,,TRUE
2308,TRUE,FALSE,0.03690192420512266,1.2569953086264987,4.692902677036749,2.521704241712218,9.768510372090827,3.43590736841025,7.246806130378609,3.8108987619683585,,TRUE
2309,TRUE,FALSE,0.07304183090529234,1.7775883278835107,5.972914271492544,2.928980211455842,10.587494388528821,4.195325943609033,7.658514177072979,3.4631882334639457,,TRUE
2310,TRUE,FALSE,-0.33526391393977883,1.0266809913330206,4.848908543485792,2.499348079222309,8.441739521745383,3.8222275521527713,5.942391442523074,2.1201638903703026,,TRUE
2311,TRUE,FALSE,-0.20826528336261485,1.654161322160767,7.507848398105598,3.113513673099031,11.474663186524353,5.853687075944832,8.361149513425321,2.5074624374804895,,TRUE
2312,TRUE,FALSE,-0.1415888336179784,0.965200533402926,4.333622633602825,2.9252037309377648,11.399830843551,3.3684221001998993,8.474627112613234,5.106205012413335,,TRUE
2313,TRUE,FALSE,-0.46225919402911514,1.1854557186926407,7.647873792501445,2.363736300270342,9.605009174271691,6.462418073808804,7.241272874001349,0.778854800192545,,TRUE
2314,TRUE,FALSE,-0.1535835528880889,1.0221068935594524,5.247598734216526,2.088967421013586,9.198043912553167,4.225491840657074,7.109076491539581,2.883584650882508,,TRUE
2315,TRUE,FALSE,0.2766545027266052,1.7995115400360824,5.407190932649474,2.2349199645862314,8.855815665931456,3.6076793926133917,6.6208957013452245,3.013216308731833,,TRUE
2316,TRUE,FALSE,-0.06025038563706025,1.1258032628581918,4.248854739319768,3.2706362423096196,11.621848652634336,3.123051476461576,8.351212410324717,5.2281609338631405,,TRUE
2317,TRUE,FALSE,0.05193827051465312,1.2758547436666954,5.2521586190232314,2.482251142035658,10.763135912581559,3.9763038753565363,8.280884770545901,4.304580895189365,,TRUE
2318,TRUE,FALSE,-0.05785371053711629,1.4303377952538663,5.821720884023252,3.0256596168979244,11.622706923129268,4.391383088769386,8.597047306231344,4.205664217461958,,TRUE
2319,TRUE,FALSE,-0.33459605705545414,1.1909999451870372,5.860300991522581,3.0111541331917184,10.602980096962819,4.669301046335544,7.5918259637711,2.922524917435556,,TRUE
2320,TRUE,FALSE,0.13976788908380072,1.682578010320291,6.265242225402034,3.388543297541969,14.510290916570598,4.582664215081743,11.121747619028628,6.5390834039468855,,TRUE
2321,TRUE,FALSE,-0.36271721227512266,0.49661346090350306,2.8629414658223302,2.9435190523023467,11.806869119403363,2.3663280049188273,8.863350067101017,6.4970220621821895,,TRUE
2322,TRUE,FALSE,-0.001068932633061576,1.2952361190106918,5.3879667894984795,2.856866411144231,11.871392520378995,4.0927306704877875,9.014526109234765,4.921795438746978,,TRUE
2323,TRUE,FALSE,0.2611201356265668,1.361562316072195,5.140934656407538,2.43386463268339,11.931746415313796,3.7793723403353425,9.497881782630406,5.718509442295064,,TRUE
2324,TRUE,FALSE,0.2602991519620947,1.898572195313778,5.246100018239677,2.573488163492649,9.22524928237749,3.3475278229258985,6.651761118884841,3.3042332959589427,,TRUE
2325,TRUE,FALSE,-0.17737273010971605,1.0830455732879383,5.376824122884611,2.5898870177255757,10.76782329486528,4.293778549596673,8.177936277139704,3.8841577275430312,,TRUE
2326,TRUE,FALSE,0.26386471244816456,1.929997610869728,5.9687576587572435,2.6121888850662227,10.517844374598605,4.038760047887515,7.905655489532382,3.866895441644867,,TRUE
2327,TRUE,FALSE,0.10301314416886116,1.29584847025382,4.958436580291504,2.3649392918151135,10.03110045021524,3.6625881100376834,7.666161158400126,4.003573048362442,,TRUE
2328,TRUE,FALSE,-0.099347610515799,1.6451457395921731,6.586268451231646,2.5999484495935268,9.424399101201756,4.941122711639473,6.824450651608229,1.8833279399687566,,TRUE
2329,TRUE,FALSE,-0.29290129368255907,0.9435491349338683,5.401456840341922,3.321973565942853,14.188521616581651,4.457907705408053,10.866548050638798,6.4086403452307446,,TRUE
2330,TRUE,FALSE,-0.17617405963742114,0.7099012074215693,3.0777520296197527,2.992581216276596,10.878530538273745,2.3678508221981835,7.885949321997149,5.518098499798965,,TRUE
2331,TRUE,FALSE,0.33911733379282794,1.515249259285287,4.7007027463796645,2.8977912925194005,12.618931954737205,3.185453487094377,9.721140662217804,6.535687175123427,,TRUE
2332,TRUE,FALSE,-0.23876611048169832,1.3268640664903837,6.577658015652053,2.7596716326256088,10.77475644901436,5.25079394916167,8.01508481638875,2.7642908672270803,,TRUE
2333,TRUE,FALSE,-0.3390497999440553,1.0412795478542398,5.027363895929157,2.589275999951591,8.906434374775513,3.9860843480749173,6.317158374823922,2.331074026749005,,TRUE
2334,TRUE,FALSE,0.17024919528620155,1.1004093467731824,3.2641029080401927,2.1937126491071672,7.714851968342345,2.16369356126701,5.5211393192351785,3.3574457579681685,,TRUE
2335,TRUE,FALSE,-0.28596326856991733,1.1463651390851097,6.224842773053125,3.0965049780831175,12.632372651691831,5.078477633968015,9.535867673608713,4.457390039640698,,TRUE
2336,TRUE,FALSE,-0.37294625626161054,1.2114550151598402,6.089967871272961,2.778444258202519,9.619243010428367,4.878512856113121,6.840798752225847,1.9622858961127267,,TRUE
2337,TRUE,FALSE,-0.6712251449609595,0.7540602293490979,5.682740884506001,2.6638942225546844,10.260284839625326,4.928680655156903,7.596390617070641,2.6677099619137383,,TRUE
2338,TRUE,FALSE,0.0038855820113146283,1.1760531912448933,4.610018436815352,3.08291498219503,12.131785770075314,3.433965245570459,9.048870787880285,5.614905542309826,,TRUE
2339,TRUE,FALSE,-0.7763715154624923,0.9555213687657184,8.556138428087982,2.3780401454613043,9.796765561316128,7.600617059322263,7.418725415854825,-0.1818916434674387,,TRUE
2340,TRUE,FALSE,-0.113989512080883,0.7342235844303844,3.431727510515843,2.183944661967475,9.107959259411595,2.6975039260854583,6.9240145974441205,4.226510671358662,,TRUE
2341,TRUE,FALSE,0.0032119108418818252,0.9610551413986318,3.843091918318198,2.7875361320845755,11.182731206678422,2.8820367769195663,8.395195074593847,5.513158297674281,,TRUE
2342,TRUE,FALSE,-0.19285194790734472,1.042252068358939,4.791134541246093,3.277612899672928,12.424208308652267,3.748882472887154,9.146595408979339,5.397712936092185,,TRUE
2343,TRUE,FALSE,-0.1854671763951192,0.7619957308107612,3.2198891193132355,3.325438431778054,11.673199790009136,2.457893388502474,8.347761358231082,5.889867969728608,,TRUE
2344,TRUE,FALSE,-0.28434044261311747,0.7353126796623078,4.111882919217953,2.315013093065911,9.741697766905327,3.376570239555645,7.426684673839416,4.0501144342837705,,TRUE
2345,TRUE,FALSE,0.12133158862162197,2.385519464738349,8.163743006914553,2.662543402492161,10.287188447912682,5.778223542176203,7.624645045420521,1.8464215032443176,,TRUE
2346,TRUE,FALSE,0.15410170721992003,0.9699216258422643,3.6227972304705314,2.4244732382415344,10.564532905239679,2.6528756046282673,8.140059666998145,5.487184062369877,,TRUE
2347,TRUE,FALSE,-0.36852419399287406,1.1839275142486132,5.815064141786002,2.5421920368839652,8.637533126711325,4.631136627537389,6.09534108982736,1.4642044622899713,,TRUE
2348,TRUE,FALSE,0.04031315450298125,1.036570548939974,4.73964117683252,2.387541977541581,11.365940938482735,3.7030706278925463,8.978398960941155,5.275328333048608,,TRUE
2349,TRUE,FALSE,-0.14900630109146076,1.4216487513336729,6.252443137965633,2.7649948116157566,10.477053201771625,4.83079438663196,7.712058390155868,2.881264003523908,,TRUE
2350,TRUE,FALSE,-0.46093640918172657,1.4369484738482896,7.227485326284558,2.7378087273701888,8.6849433042669,5.790536852436269,5.947134576896712,0.1565977244604433,,TRUE
2351,TRUE,FALSE,-0.2885417021754487,1.385312842959726,6.760269463817492,2.774344226620364,10.145288997966901,5.374956620857766,7.370944771346537,1.9959881504887704,,TRUE
2352,TRUE,FALSE,0.10992827842847652,1.715968766323942,6.969019251157447,2.127316661071391,9.643521915335567,5.253050484833505,7.516205254264176,2.2631547694306713,,TRUE
2353,TRUE,FALSE,-0.49373424677305067,0.8615240149946582,5.022096231659669,2.9161620211827746,10.37536139570842,4.1605722166650105,7.459199374525646,3.2986271578606354,,TRUE
2354,TRUE,FALSE,-0.6185747467057616,0.6610409040009504,4.641801982889198,2.4961167011715975,9.442338446397,3.9807610788882473,6.946221745225403,2.9654606663371554,,TRUE
2355,TRUE,FALSE,-0.4197827370443946,1.0538550955381403,5.404333633270608,2.974231893685684,10.023669817609488,4.350478537732467,7.049437923923803,2.698959386191336,,TRUE
2356,TRUE,FALSE,-0.06597477399615845,1.5467105785558046,5.940411063973043,2.8316590627878386,10.181128629847073,4.393700485417238,7.349469567059234,2.9557690816419964,,TRUE
2357,TRUE,FALSE,0.048603165075058685,1.0747218729238006,4.314577827548961,2.711517801704745,11.427803547591273,3.23985595462516,8.716285745886527,5.476429791261367,,TRUE
2358,TRUE,FALSE,-0.22718063819905165,1.1041654767236189,6.453747718821605,2.906815742403786,13.537299155382012,5.349582242097986,10.630483412978226,5.28090117088024,,TRUE
2359,TRUE,FALSE,0.021527911842857666,1.2396107718980462,5.462728265382251,2.533963372490886,11.40969519607702,4.223117493484205,8.875731823586134,4.65261433010193,,TRUE
2360,TRUE,FALSE,-0.9045673660620305,0.6988717133101217,6.234534808296287,2.9034758194833254,10.482773184855166,5.535663094986165,7.57929736537184,2.0436342703856747,,TRUE
2361,TRUE,FALSE,0.150019723383464,1.4688236682365627,5.1873743072413445,2.9017738375603517,11.906777098552238,3.718550639004782,9.005003260991886,5.286452621987104,,TRUE
2362,TRUE,FALSE,-0.3777219519292018,1.290931570861592,6.219993973257367,2.789789512491226,9.21330863602379,4.9290624023957745,6.4235191235325635,1.494456721136789,,TRUE
2363,TRUE,FALSE,-0.22021742981695933,1.1695578217699985,4.284992411229796,3.8358642382035386,11.275930039407381,3.1154345894597975,7.4400658012038425,4.324631211744045,,TRUE
2364,TRUE,FALSE,-0.5699127119266555,0.6734313673369992,4.402003440968542,2.965701421376477,10.96413857229022,3.7285720736315433,7.998437150913744,4.2698650772822,,TRUE
2365,TRUE,FALSE,-0.29945122288359094,0.9725672492252315,4.837386296040611,3.0262743964279455,11.157051018153462,3.86481904681538,8.130776621725516,4.265957574910137,,TRUE
2366,TRUE,FALSE,-0.0037568920904590825,1.8200237765521576,7.10373652350753,2.6523594123946688,10.313606548478202,5.283712746955373,7.661247136083533,2.3775343891281606,,TRUE
2367,TRUE,FALSE,-0.7272872161039099,0.7399687221427625,5.396516782885203,3.1136803908434696,10.97279779262544,4.65654806074244,7.859117401781971,3.2025693410395304,,TRUE
2368,TRUE,FALSE,-0.2856033334579988,1.1743932682174856,6.172503762948785,2.7059316750470868,10.68879345162842,4.998110494731299,7.982861776581334,2.984751281850035,,TRUE
2369,TRUE,FALSE,-0.6432185270417436,0.6708357971209076,5.053412745004805,2.9937623205210437,11.85330891945341,4.382576947883898,8.859546598932365,4.476969651048467,,TRUE
2370,TRUE,FALSE,-0.25369253042945655,0.9954036762355223,4.947478844341353,3.815388977958151,14.714525439570156,3.9520751681058304,10.899136461612006,6.9470612935061755,,TRUE
2371,TRUE,FALSE,-0.021710624678918405,1.0933668019374778,4.308762966552932,2.513801615805521,9.693685304820605,3.215396164615454,7.1798836890150834,3.9644875243996296,,TRUE
2372,TRUE,FALSE,-0.017927712802737607,1.677311454045139,6.558303398309339,2.8210983001113124,10.834530682450062,4.8809919442642,8.013432382338749,3.132440438074549,,TRUE
2373,TRUE,FALSE,0.2217665097725875,0.8633875730937435,2.60071658556144,2.705610206409635,10.173360489509136,1.7373290124676966,7.467750283099502,5.730421270631805,,TRUE
2374,TRUE,FALSE,0.1532380198876674,0.7785364034836048,2.985641859902732,2.1281810595965913,9.513006353125688,2.2071054564191273,7.384825293529096,5.177719837109969,,TRUE
2375,TRUE,FALSE,-0.5668560841735588,1.5378648195097582,9.208247630190527,3.354631869849401,11.395180978751435,7.670382810680769,8.040549108902034,0.3701662982212657,,TRUE
2376,TRUE,FALSE,-0.6440888009020475,1.4083307000129512,8.913485198426752,3.2411154352086577,10.772417782183405,7.505154498413801,7.531302346974748,0.026147848560946763,,TRUE
2377,TRUE,FALSE,0.043622726737541535,1.3246139789715712,5.807778457130934,3.0330642626795146,13.891445166825193,4.483164478159363,10.858380904145678,6.375216425986315,,TRUE
2378,TRUE,FALSE,-0.2676395579539044,1.0167097754731644,5.6378667173647035,2.516250119960037,10.6767046963664,4.621156941891539,8.160454576406362,3.5392976345148233,,TRUE
2379,TRUE,FALSE,0.012048122285162208,1.2447220924086937,5.651142842516078,2.1219082770110775,9.750411101963978,4.406420750107385,7.628502824952901,3.222082074845516,,TRUE
2380,TRUE,FALSE,-0.4376128507769647,1.2685404613240592,6.277552013836717,2.6963878844408415,8.614211222887214,5.009011552512657,5.917823338446372,0.9088117859337146,,TRUE
2381,TRUE,FALSE,-0.17192666403029283,2.046519866544326,8.115420785517546,3.135052503891847,10.468226120170065,6.06890091897322,7.333173616278218,1.2642726973049978,,TRUE
2382,TRUE,FALSE,-0.020138141325736568,1.1846507371289283,5.356352489056641,3.048013205448838,13.506716390067421,4.171701751927713,10.458703184618583,6.287001432690871,,TRUE
2383,TRUE,FALSE,-0.23304729991178638,1.3899081196417957,6.252306780253892,3.447950046722877,12.285815698442402,4.8623986606120955,8.837865651719525,3.97546699110743,,TRUE
2384,TRUE,FALSE,-0.2723601876950909,1.2620642672416285,6.101991825068175,3.160270898739067,11.636702624873239,4.839927557826546,8.476431726134173,3.636504168307627,,TRUE
2385,TRUE,FALSE,-0.9767692209251841,0.429082706133084,3.8540061176927143,2.8158419377775865,9.523008650049084,3.42492341155963,6.707166712271498,3.2822433007118677,,TRUE
2386,TRUE,FALSE,-0.6770714139111675,0.8524480655318649,7.218566732414662,2.2550746875959446,9.7027668872229,6.366118666882797,7.447692199626955,1.0815735327441578,,TRUE
2387,TRUE,FALSE,-0.6788600890877134,0.5812912715000069,3.939899059512459,2.3360289160096466,8.03053200279718,3.358607788012452,5.694503086787534,2.335895298775082,,TRUE
2388,TRUE,FALSE,-0.06401054758975883,0.7819035033183437,3.2665314801960808,2.608725508693028,10.222630095027787,2.484627976877737,7.613904586334759,5.129276609457023,,TRUE
2389,TRUE,FALSE,-0.695349098352923,0.9344543152649815,7.911305222501182,2.531197226194613,10.69128177353348,6.976850907236201,8.160084547338869,1.1832336401026682,,TRUE
2390,TRUE,FALSE,-0.06848195045650161,0.7442449593568092,3.5824060136297455,2.0943108530538925,9.41366444218217,2.8381610542729363,7.319353589128278,4.481192534855342,,TRUE
2391,TRUE,FALSE,-0.1342490660677085,1.050394870419864,4.767362470676991,2.3738369906723515,9.42047595780497,3.716967600257127,7.046638967132617,3.3296713668754903,,TRUE
2392,TRUE,FALSE,-0.1913455981994538,1.116252004849296,4.789358569482451,2.6122092866430977,9.255986930741614,3.673106564633155,6.643777644098516,2.970671079465361,,TRUE
2393,TRUE,FALSE,-0.3095893998297745,1.054835691311965,4.7892755740887285,3.007037821530121,10.017767163017876,3.7344398827767638,7.010729341487755,3.276289458710991,,TRUE
2394,TRUE,FALSE,-0.09321441308053156,0.9795925564558172,4.597407163269916,2.9502006155716383,12.61352684390848,3.617814606814099,9.66332622833684,6.045511621522742,,TRUE
2395,TRUE,FALSE,-0.04135523233622598,0.6334098121058586,2.869739806513714,2.8400221425288987,12.345796443790329,2.2363299944078556,9.50577430126143,7.2694443068535755,,TRUE
2396,TRUE,FALSE,-0.03366780847967966,0.9411870096870886,4.232726922483846,2.317089026513584,10.075469743185861,3.2915399127967575,7.758380716672278,4.46684080387552,,TRUE
2397,TRUE,FALSE,-0.5264666484275224,1.0039872317772593,6.179174582443561,2.7065451576458823,9.839567133292116,5.1751873506663015,7.133021975646233,1.9578346249799319,,TRUE
2398,TRUE,FALSE,-0.1590795776534415,1.0763074357492068,5.447135563085265,2.550156086147549,11.008071030152772,4.370828127336058,8.457914944005223,4.087086816669165,,TRUE
2399,TRUE,TRUE,-0.1652752290379611,0.9709267078630653,4.812870615464798,2.6162886176819464,10.993228898818126,3.841943907601733,8.376940281136179,4.534996373534446,,TRUE
2400,TRUE,FALSE,-0.6396224569160261,0.8987224662051572,6.934250235411637,2.7817101038750587,11.32142974996177,6.03552776920648,8.539719646086711,2.504191876880231,,TRUE
2401,TRUE,FALSE,-0.18453570467165592,1.5509222001640217,6.885687504413404,3.267895517184684,12.063758116825475,5.334765304249382,8.795862599640792,3.4610972953914096,,TRUE
2402,TRUE,FALSE,-0.5188991497748765,0.9452506508359849,6.142201112094252,2.7538647745097333,10.650368161880708,5.196950461258267,7.896503387370975,2.699552926112708,,TRUE
2403,TRUE,FALSE,0.1168979975657533,1.2215120366804575,4.817499028514445,3.02914822172518,13.428038101635577,3.5959869918339873,10.398889879910397,6.80290288807641,,TRUE
2404,TRUE,FALSE,-0.1987891469397954,1.7621584866013225,7.133811941263332,2.4858586543160603,8.249356877603867,5.37165345466201,5.763498223287807,0.39184476862579753,,TRUE
2405,TRUE,FALSE,-0.045286367333358904,0.9288056732245165,4.339510399415641,2.6325360636062545,11.754998660291026,3.410704726191124,9.122462596684771,5.711757870493647,,TRUE
2406,TRUE,FALSE,-0.4583456841650773,1.2562359148192734,8.02380794737551,3.0411191659263364,12.282471259604357,6.767572032556236,9.241352093678021,2.4737800611217846,,TRUE
2407,TRUE,FALSE,-0.37360355969930115,1.9924763861400538,10.53517194147741,3.068117842829777,11.165200256617759,8.542695555337357,8.097082413787982,-0.4456131415493747,,TRUE
2408,TRUE,FALSE,-0.28552039031841847,1.580542165059078,9.292257184300835,2.2870817510452275,10.106409555236873,7.711715019241757,7.819327804191645,0.1076127849498878,,TRUE
2409,TRUE,FALSE,0.25871325529787303,1.1247424640798913,3.6780081593061777,2.545948517803887,10.783679031948854,2.5532656952262864,8.237730514144967,5.684464818918681,,TRUE
2410,TRUE,FALSE,0.11791622686404703,0.7120404057276134,3.2837042137745587,2.1931488809986073,11.379884979495856,2.5716638080469454,9.18673609849725,6.615072290450303,,TRUE
2411,TRUE,FALSE,-0.24171285238469203,1.3576334919558544,5.69047528832084,3.2689580137379717,10.759715372512852,4.332841796364986,7.49075735877488,3.1579155624098947,,TRUE
2412,TRUE,FALSE,-0.016923600254054615,1.029764778225845,3.7290562519460564,3.0159985179416426,10.738464826552006,2.699291473720211,7.722466308610363,5.023174834890152,,TRUE
2413,TRUE,FALSE,-0.06873142717095498,1.218426087983876,5.381100160944077,2.579443381215653,10.635262328546183,4.1626740729602005,8.055818947330529,3.8931448743703285,,TRUE
2414,TRUE,FALSE,0.11551384246519204,1.1755860836556449,4.3114165350854226,3.005654476512745,12.372903466994824,3.1358304514297775,9.367248990482079,6.231418539052301,,TRUE
2415,TRUE,FALSE,-0.1976191621540475,1.2352134565947808,5.958746441785988,2.5241789781051516,9.99328159207016,4.723532985191207,7.469102613965008,2.7455696287738007,,TRUE
2416,TRUE,FALSE,-0.0629349833750482,1.3562019544922956,5.2361964225577315,1.948529655623562,7.064253372600303,3.879994468065436,5.115723716976741,1.235729248911305,,TRUE
2417,TRUE,FALSE,-0.4689150695774303,0.6979401255557692,4.862792416595374,2.79625502352261,12.189814974292373,4.164852291039605,9.393559950769763,5.2287076597301585,,TRUE
2418,TRUE,FALSE,0.18012943714271704,1.5589421628374984,5.510594974865423,2.2224669621017594,9.406607501160051,3.951652812027925,7.184140539058292,3.2324877270303674,,TRUE
2419,TRUE,FALSE,0.15280641408460247,1.2911960479540139,5.1767016901329255,2.945733170580856,13.759965302710343,3.8855056421789116,10.814232132129487,6.928726489950575,,TRUE
2420,TRUE,FALSE,-0.1285963839703276,1.1647107823310259,5.451328359935546,2.6250895674528363,10.803878029495435,4.28661757760452,8.178788462042599,3.8921708844380785,,TRUE
2421,TRUE,FALSE,0.3405390264852721,1.106511735948911,3.1537700407103415,2.859639238498014,11.457225645075157,2.0472583047614306,8.597586406577143,6.550328101815713,,TRUE
2422,TRUE,FALSE,0.022868358513807183,1.1923147249266628,4.791889179255246,3.4217058185454907,14.069871415441234,3.599574454328583,10.648165596895744,7.048591142567162,,TRUE
2423,TRUE,FALSE,-0.08360442916565572,0.784347641352281,3.5091131017568227,2.9602154838386263,12.181566907252163,2.7247654604045417,9.221351423413537,6.496585963008996,,TRUE
2424,TRUE,FALSE,0.4225330941991453,1.0212408201552126,3.167693046241558,1.9157505315741012,9.066875899445314,2.1464522260863452,7.151125367871213,5.004673141784868,,TRUE
2425,TRUE,FALSE,-0.5566976700460892,0.6700184370062549,4.534537679226504,2.994493377598238,11.614456515647966,3.864519242220249,8.619963138049728,4.75544389582948,,TRUE
2426,TRUE,FALSE,-0.3008326404404793,0.9967625726148426,5.637062410477172,2.377973269508345,9.954469803946822,4.6402998378623295,7.576496534438476,2.936196696576147,,TRUE
2427,TRUE,FALSE,-0.4779543506652898,1.3752138341270306,7.267512292060304,2.7707222379097898,9.07894940227168,5.892298457933274,6.308227164361891,0.415928706428617,,TRUE
2428,TRUE,FALSE,-0.11478243189701112,1.2707338253576685,5.901430791116134,2.4496416341436418,10.142754313423133,4.630696965758466,7.693112679279491,3.062415713521025,,TRUE
2429,TRUE,FALSE,0.2839027348558917,1.1088499069880875,3.605764147258321,2.8752725064310094,12.419409711351795,2.4969142402702333,9.544137204920785,7.047222964650552,,TRUE
2430,TRUE,FALSE,-0.13343198285342353,1.2986934513048352,5.498641716234543,2.382210540112631,8.826329575313187,4.1999482649297075,6.444119035200556,2.2441707702708484,,TRUE
2431,TRUE,FALSE,-0.3056746521726858,1.119322390137799,4.744121847494162,2.5003056728845547,7.806222670309952,3.624799457356363,5.305916997425397,1.6811175400690344,,TRUE
2432,TRUE,FALSE,-0.37875257425691194,1.3753815182384819,8.655842240659094,2.4376431162957357,10.504275852854855,7.280460722420612,8.06663273655912,0.7861720141385078,,TRUE
2433,TRUE,FALSE,-0.4202787694545332,0.9645861338421043,5.553982078981986,2.6253441931649713,9.929444628837983,4.589395945139882,7.3041004356730115,2.71470449053313,,TRUE
2434,TRUE,FALSE,-0.45674330477945196,1.3149148903365382,7.828389112817395,2.478375683998642,9.345032226637981,6.513474222480857,6.866656542639339,0.3531823201584814,,TRUE
2435,TRUE,FALSE,-0.02618903370235371,2.009096215075159,8.765204930004803,2.7416192939159627,11.651845939453512,6.756108714929644,8.910226645537549,2.154117930607905,,TRUE
2436,TRUE,FALSE,-0.5615848880422577,0.9191356799538162,5.947811440434752,3.1473283078227245,11.615192090816919,5.028675760480937,8.467863782994193,3.4391880225132567,,TRUE
2437,TRUE,FALSE,-0.030936131549174288,1.7415747780244155,8.216089653061577,2.0611308314009076,9.42742772510974,6.474514875037161,7.366296893708832,0.8917820186716705,,TRUE
2438,TRUE,FALSE,0.7189247485552559,1.2006140007027377,2.4756626043990746,2.690831325405656,11.386744586175919,1.2750486036963369,8.695913260770263,7.420864657073926,,TRUE
2439,TRUE,FALSE,-0.3299665497107516,1.2827290619677214,6.571970121709104,2.2011446227196814,8.107866184596539,5.289241059741383,5.906721561876857,0.6174805021354741,,TRUE
2440,TRUE,FALSE,-0.3616226893315182,1.2776240631620381,7.687614043653271,2.4784476076586466,10.38765441736109,6.409989980491233,7.909206809702443,1.4992168292112105,,TRUE
2441,TRUE,FALSE,0.23890460371574804,0.9873663574041945,3.400701248565997,2.235747720035483,9.778402349512705,2.4133348911618024,7.542654629477221,5.129319738315418,,TRUE
2442,TRUE,FALSE,-0.49905771070130334,1.0086231551149787,4.8325593087841465,3.623759975564576,10.540705329966196,3.823936153669168,6.916945354401619,3.0930092007324514,,TRUE
2443,TRUE,FALSE,-0.23429669839677233,1.5361307667510746,7.747295462550828,3.146003968242653,12.552419197983218,6.211164695799754,9.406415229740565,3.1952505339408113,,TRUE
2444,TRUE,FALSE,-0.11715701293914088,1.5076053802654825,6.8312281747524795,2.9302486963227645,11.80959353547009,5.323622794486997,8.879344839147326,3.555722044660328,,TRUE
2445,TRUE,FALSE,0.017929196488242493,0.9656905275498817,3.616459434323237,2.4871223693997067,9.48264148470302,2.6507689067733553,6.995519115303313,4.344750208529958,,TRUE
2446,TRUE,FALSE,0.20190350100619708,1.1585378240480357,4.381673685268996,2.1764796500317254,10.073259020075687,3.2231358612209604,7.896779370043962,4.673643508823002,,TRUE
2447,TRUE,FALSE,-0.17993976414146684,1.6631920762386267,6.8979463305447695,3.353087311016813,11.616503277068727,5.234754254306143,8.263415966051914,3.0286617117457713,,TRUE
2448,TRUE,FALSE,-0.7484127577220677,1.0190627792006512,6.876126547041809,3.047010605075431,9.727144246865212,5.857063767841158,6.680133641789781,0.8230698739486231,,TRUE
2449,TRUE,FALSE,0.3348997719768715,1.4631214349116715,5.245276979232929,2.5159476903039253,12.607668574439973,3.782155544321258,10.091720884136048,6.309565339814791,,TRUE
2450,TRUE,FALSE,-0.39881728149536894,0.8019243769386974,4.99438731035197,2.617176030140738,10.938999249494028,4.192462933413272,8.32182321935329,4.129360285940018,,TRUE
2451,TRUE,FALSE,-0.23060550291597412,1.5496913411623605,7.663416044130336,2.75562299938326,10.820474375671784,6.113724702967975,8.064851376288525,1.95112667332055,,TRUE
2452,TRUE,FALSE,-0.3442555130608354,1.023790024757234,5.749949970803886,2.469519962424513,9.830088860990195,4.726159946046652,7.360568898565681,2.6344089525190295,,TRUE
2453,TRUE,FALSE,-0.16907734218549156,1.15014401090834,5.803387690229374,2.1163162611874844,9.017384205290039,4.653243679321034,6.901067944102555,2.2478242647815208,,TRUE
2454,TRUE,FALSE,-0.19160060406602206,1.0388439193354324,5.025123576235594,2.990177196196064,11.942143466075807,3.9862796569001615,8.951966269879744,4.9656866129795825,,TRUE
2455,TRUE,FALSE,-0.17752196002075618,1.142534069510177,5.2344675514690815,2.472714304035701,9.485942464019619,4.091933481958904,7.0132281599839175,2.9212946780250135,,TRUE
2456,TRUE,FALSE,-0.26990202446900863,1.140436991652915,6.854277273038198,2.385489516582379,10.945886118320713,5.713840281385283,8.560396601738335,2.8465563203530513,,TRUE
2457,TRUE,FALSE,-0.3056844944196959,0.6475487494087503,3.291622108165806,2.8029918538840053,10.495478615666148,2.6440733587570557,7.692486761782142,5.048413403025086,,TRUE
2458,TRUE,FALSE,-0.018139529607283596,1.2564068618684254,5.809533904579935,2.197107411953165,9.97664186640044,4.553127042711509,7.779534454447275,3.2264074117357664,,TRUE
2459,TRUE,FALSE,-0.38521929526981913,0.9131141519632971,5.362186470187044,2.9738959507784744,11.88075373922654,4.449072318223747,8.906857788448065,4.457785470224318,,TRUE
2460,TRUE,FALSE,-0.2522336222494288,0.9544448908207285,4.214883108678313,2.8606314373885144,9.816415084351327,3.2604382178575846,6.9557836469628125,3.695345429105228,,TRUE
2461,TRUE,FALSE,-0.3708337675675877,0.5611489148026587,3.22925338797345,2.4184130853551546,9.605133857300812,2.6681044731707915,7.186720771945657,4.518616298774866,,TRUE
2462,TRUE,FALSE,-0.10475689548557628,1.0795811896508207,4.679508371803731,2.273807839871013,8.875714775669133,3.5999271821529106,6.6019069357981195,3.001979753645209,,TRUE
2463,TRUE,FALSE,-0.3845299841506667,0.9872980989578719,6.576542729665777,2.4606044854054434,11.158142578432004,5.5892446307079044,8.69753809302656,3.108293462318656,,TRUE
2464,TRUE,FALSE,0.07785562236667116,1.5484594814044803,6.722442577293,3.3075427934572885,15.5219040539475,5.17398309588852,12.214361260490211,7.040378164601691,,TRUE
2465,TRUE,FALSE,-0.18705174948764838,1.0851674448739987,4.753835962560615,2.799242805548131,10.170737916357895,3.668668517686616,7.371495110809764,3.7028265931231483,,TRUE
2466,TRUE,FALSE,0.04608874374549979,1.200523576172975,3.9914578495157516,2.4102483634151377,8.391483363057848,2.790934273342777,5.9812349996427105,3.1903007262999337,,TRUE
2467,TRUE,FALSE,0.008581061312681115,0.92836060960152,3.5817077607921415,2.5382011771601984,9.877025879029754,2.6533471511906215,7.338824701869555,4.685477550678934,,TRUE
2468,TRUE,FALSE,-0.09479176173412833,0.813831185204373,3.149866780461361,3.200775048282763,11.267964562389388,2.336035595256988,8.067189514106625,5.731153918849637,,TRUE
2469,TRUE,FALSE,-0.13798078425932636,1.2888910223161074,6.050790697593927,2.389357389639961,9.771309132374196,4.761899675277819,7.381951742734234,2.620052067456415,,TRUE
2470,TRUE,FALSE,-0.6883387678838135,0.6047097101601676,4.75289527716506,2.7991392543979723,11.053353999823361,4.148185567004893,8.25421474542539,4.106029178420497,,TRUE
2471,TRUE,FALSE,-0.6361980448050304,0.9075634278044802,6.82168504578046,3.2843492177013327,13.066723637715187,5.9141216179759795,9.782374420013854,3.8682528020378744,,TRUE
2472,TRUE,FALSE,0.013300759473943572,0.8355254092319326,3.4341042556026804,2.6987925293225183,11.240865714068999,2.5985788463707475,8.542073184746481,5.943494338375734,,TRUE
2473,TRUE,FALSE,-0.599976173962388,0.7682094798586566,5.127441130992352,2.863355528669692,10.488900235256294,4.359231651133696,7.625544706586602,3.2663130554529065,,TRUE
2474,TRUE,FALSE,-0.027502444783178523,1.4416426626144911,6.4299931447013385,2.767950151694374,12.010663194606934,4.988350482086847,9.24271304291256,4.254362560825713,,TRUE
2475,TRUE,FALSE,-0.30514376025062967,0.9744507187234758,5.239857497259587,2.458896649429983,9.744905226031975,4.265406778536112,7.286008576601992,3.02060179806588,,TRUE
2476,TRUE,FALSE,-0.38723391510977184,0.8462644360176207,4.268230817239546,2.8704122324255783,9.829072230767675,3.4219663812219254,6.958659998342097,3.5366936171201715,,TRUE
2477,TRUE,FALSE,0.2898454083230285,1.7131129438443373,5.651437637851937,2.6111657392922125,11.510273504521338,3.9383246940075995,8.899107765229125,4.960783071221526,,TRUE
2478,TRUE,FALSE,-0.2752223986057204,1.0492480791891055,5.1172528414642855,2.9007139930876904,10.743258705152446,4.06800476227518,7.842544712064756,3.7745399497895757,,TRUE
2479,TRUE,FALSE,-0.42013505620656877,1.093087189826417,5.85961350682661,2.158146629028229,7.600335756974419,4.766526317000194,5.4421891279461905,0.6756628109459966,,TRUE
2480,TRUE,FALSE,-0.4007036471278735,0.8052606709759899,4.643259990896165,3.512257358409297,13.565926554622695,3.8379993199201747,10.053669196213399,6.215669876293224,,TRUE
2481,TRUE,FALSE,-0.12968089841223793,0.9772841563643752,4.7309036169883845,3.030543061302685,12.886174344700223,3.753619460624009,9.855631283397537,6.1020118227735285,,TRUE
2482,TRUE,FALSE,0.246824751425761,1.2003629291929072,3.752612146364033,2.4939499519866177,9.979377852041326,2.5522492171711257,7.485427900054708,4.933178682883582,,TRUE
2483,TRUE,FALSE,-0.1210128862875061,1.2159203801833645,4.244860133338082,3.4824815888608827,10.771888453706275,3.0289397531547175,7.289406864845392,4.260467111690675,,TRUE
2484,TRUE,FALSE,-0.1375961647619051,0.7478620183885472,3.1668230931331838,2.411921265669386,8.900372793595302,2.4189610747446366,6.488451527925916,4.069490453181279,,TRUE
2485,TRUE,FALSE,-0.06015623723510262,0.9292435967723409,4.313599494316827,2.79945758592822,12.236539389726497,3.3843558975444865,9.437081803798277,6.052725906253791,,TRUE
2486,TRUE,FALSE,-0.474181958259627,1.2929579238101367,8.878085401544702,2.297303204332076,9.81790073395585,7.585127477734565,7.520597529623775,-0.06452994811079016,,TRUE
2487,TRUE,FALSE,-0.2731319857462278,0.922174056645236,4.453747050740547,3.1102622427011815,11.431150474453442,3.5315729940953107,8.32088823175226,4.7893152376569494,,TRUE
2488,TRUE,FALSE,-0.4711195681430227,0.6531164092121434,3.7667058076167286,2.817957134236232,10.146140222070795,3.113589398404585,7.328183087834562,4.214593689429977,,TRUE
2489,TRUE,FALSE,-0.34875354352855353,0.9526540343009385,4.67905121609657,2.8236237573862066,9.785154242355748,3.726397181795632,6.961530484969542,3.23513330317391,,TRUE
2490,TRUE,FALSE,-0.5551424702810023,1.146541190910116,6.6871146532747945,2.6909686756762285,9.008706507307343,5.540573462364678,6.317737831631114,0.7771643692664361,,TRUE
2491,TRUE,FALSE,0.08316699442972447,0.8252252172025853,3.1396848282515504,3.297521375923846,13.633901434842667,2.314459611048965,10.33638005891882,8.021920447869855,,TRUE
2492,TRUE,FALSE,-0.34141812867785726,1.1142982342353696,5.774561234524711,2.5189107864706433,9.27799908958772,4.6602630002893415,6.7590883031170765,2.098825302827735,,TRUE
2493,TRUE,FALSE,-0.01670613357336163,1.5031147204069206,5.724462876939066,2.801589482521934,10.492808143955008,4.221348156532145,7.691218661433075,3.4698705049009293,,TRUE
2494,TRUE,FALSE,0.027374468267967998,1.8789918966513133,6.48241782968127,2.3765921174071045,8.426657570703004,4.603425933029957,6.050065453295899,1.4466395202659417,,TRUE
2495,TRUE,FALSE,-0.006405952557883959,0.8670216888208538,4.060906113119695,2.3185237259829004,10.790025271932047,3.193884424298841,8.471501545949145,5.277617121650304,,TRUE
2496,TRUE,FALSE,-0.4196133888733373,1.3383148672776601,6.908002034186627,2.8534811188679106,9.681293314017866,5.569687166908967,6.8278121951499555,1.2581250282409888,,TRUE
2497,TRUE,FALSE,-0.33503247326656804,0.9765387836318201,5.152563249354068,2.6645733864749594,10.056775767626254,4.176024465722247,7.392202381151295,3.2161779154290473,,TRUE
2498,TRUE,FALSE,0.07039778014624601,1.5886059841589972,6.282756609666479,2.18662607206564,9.278588855610776,4.694150625507482,7.091962783545136,2.397812158037654,,TRUE
2499,TRUE,FALSE,-0.10352925864932135,1.2101843369501493,5.201316102443847,2.6686318481764006,10.341611040978371,3.991131765493697,7.672979192801971,3.6818474273082735,,TRUE
2500,TRUE,FALSE,-0.373953701858785,1.1589562518800243,6.099070304298973,3.165948772085658,11.462898609268345,4.940114052418949,8.296949837182687,3.3568357847637387,,TRUE
2501,TRUE,FALSE,-0.4268676262268986,0.9319545810963668,4.403712755711555,3.2701150364119673,10.083261066679245,3.4717581746151884,6.813146030267278,3.3413878556520897,,TRUE
2502,TRUE,FALSE,-0.4379306352791828,0.9437523089147781,6.249452366880346,2.9861638075584276,12.761646317720068,5.305700057965568,9.775482510161641,4.469782452196073,,TRUE
2503,TRUE,FALSE,-0.13087147324115356,1.432025763937691,5.407264199436773,2.852120251001601,9.44839044672963,3.975238435499082,6.596270195728028,2.621031760228946,,TRUE
2504,TRUE,FALSE,0.4238552870209101,2.108158609798468,6.124105155346798,2.2912487121182736,10.16926589516085,4.01594654554833,7.8780171830425765,3.862070637494247,,TRUE
2505,TRUE,FALSE,-0.06679616849836444,1.3168774047379528,7.69208063187162,1.8422202897416566,10.065395304107675,6.375203227133667,8.223175014366017,1.8479717872323498,,TRUE
2506,TRUE,FALSE,-0.39320635872461557,0.9411327004085067,6.014609142070511,2.732181442420991,11.784162748545924,5.073476441662004,9.051981306124933,3.978504864462929,,TRUE
2507,TRUE,FALSE,-0.09691990089223991,1.2431349893571821,4.983992395264114,3.4842702232690774,12.678828633527202,3.7408574059069313,9.194558410258125,5.453701004351194,,TRUE
2508,TRUE,FALSE,-0.323551078158814,0.8252782039755171,4.745741542327136,3.03219139054805,12.616644600481413,3.9204633383516185,9.584453209933363,5.6639898715817445,,TRUE
2509,TRUE,FALSE,-0.19455976022476162,1.432224931891732,6.723574604244238,2.6583317758088967,10.273110295191906,5.291349672352506,7.614778519383009,2.3234288470305025,,TRUE
2510,TRUE,FALSE,-0.3573909969203437,0.9166676071319578,4.5822704049943015,2.2105519917789613,7.7295929705420265,3.6656027978623436,5.519040978763066,1.853438180900722,,TRUE
2511,TRUE,FALSE,-0.14975833982146333,1.2406891702389131,5.530206333593641,2.7614597129270515,10.596875573327617,4.289517163354728,7.835415860400566,3.545898697045838,,TRUE
2512,TRUE,FALSE,-0.5811973932373561,1.2016557724972168,6.7364385045920985,3.083677212956494,9.66737050244642,5.5347827320948815,6.5836932894899265,1.048910557395045,,TRUE
2513,TRUE,FALSE,-0.5462153435320919,1.2493709076340167,8.705233025800142,3.1266158879432315,12.616684207078062,7.4558621181661255,9.490068319134831,2.034206200968706,,TRUE
2514,TRUE,FALSE,-0.10485800918662824,0.9736166040501465,4.463783199081743,2.488503485884785,10.273398160934839,3.4901665950315968,7.7848946750500545,4.294728080018458,,TRUE
2515,TRUE,FALSE,-0.34543448182725367,1.2616292274580505,7.997353786963566,2.405661269386743,10.795151811288001,6.735724559505515,8.389490541901258,1.6537659823957434,,TRUE
2516,TRUE,FALSE,-0.10537448016851868,1.2354626911955817,4.914610600798124,3.456829224442777,12.375816112057564,3.679147909602542,8.918986887614786,5.239838978012243,,TRUE
2517,TRUE,FALSE,0.2137671285991148,1.240859831378049,4.563694592272327,2.5053777179257524,11.410507012966079,3.322834760894278,8.905129295040327,5.582294534146049,,TRUE
2518,TRUE,FALSE,-0.44926485634339164,1.0416184927180066,5.256567725767546,3.0177478959919246,9.717695585948254,4.2149492330495395,6.69994768995633,2.4849984569067907,,TRUE
2519,TRUE,FALSE,-0.3518870467750226,1.3267553621198807,7.460899677435121,2.6412809504641652,10.447018054887545,6.13414431531524,7.80573710442338,1.6715927891081401,,TRUE
2520,TRUE,FALSE,-0.006214857773640483,1.4897657441917085,6.2456751027880895,2.6143176098933645,10.892327095674007,4.755909358596381,8.278009485780643,3.5221001271842622,,TRUE
2521,TRUE,FALSE,0.25703797020648,1.3977147460108261,4.704936882790482,2.273496459891435,9.896000511170856,3.3072221367796555,7.622504051279421,4.315281914499765,,TRUE
2522,TRUE,FALSE,-0.4145453650170439,0.7623248099541926,3.832383263821134,2.493722877044613,8.282135007484957,3.0700584538669413,5.788412130440344,2.7183536765734027,,TRUE
2523,TRUE,FALSE,0.7335066208906486,1.4363775287095755,4.0544232739736685,1.9130141803091298,11.244406853031924,2.618045745264093,9.331392672722794,6.713346927458701,,TRUE
2524,TRUE,FALSE,-0.03371148257262798,0.9924950294208662,4.592912238749967,2.0349979190233185,9.105065307431719,3.6004172093291005,7.0700673884084,3.4696501790793,,TRUE
2525,TRUE,FALSE,-0.30170792014393377,0.6264804158975242,3.3166165768604894,3.084751816865613,12.07752406805347,2.690136160962965,8.9927722511878585,6.302636090224894,,TRUE
2526,TRUE,TRUE,0.23123842091882105,0.8819980646816161,2.5953550590432117,2.7947014598319644,10.363110762024322,1.7133569943615956,7.568409302192357,5.8550523078307615,,TRUE
2527,TRUE,FALSE,0.047619429134252586,1.1743792564336963,4.407463466535663,2.93007150271561,11.532923824780946,3.233084210101967,8.602852322065337,5.36976811196337,,TRUE
2528,TRUE,FALSE,-0.43650814487528045,1.2851399268098949,6.483048634977267,3.317652671251476,10.816498685027515,5.197908708167373,7.498846013776038,2.3009373056086657,,TRUE
2529,TRUE,FALSE,0.3008118817088977,1.539373018004571,4.41445480730917,2.986460554335063,11.569935245595648,2.875081789304599,8.583474691260585,5.708392901955987,,TRUE
2530,TRUE,FALSE,-0.011074739732260154,1.3570773866811219,5.034746347541435,3.0666912568862146,11.252093657590784,3.677668960860313,8.18540240070457,4.507733439844257,,TRUE
2531,TRUE,FALSE,-0.2132257497299849,1.0744827057268032,5.570760448399423,2.8198703259712286,11.812489205994478,4.49627774267262,8.99261888002325,4.496341137350629,,TRUE
2532,TRUE,FALSE,-0.0239439810841429,1.3824796765295086,6.340694300981111,2.128668458916374,9.532072702043767,4.958214624451602,7.403404243127392,2.4451896186757898,,TRUE
2533,TRUE,FALSE,-0.06942611871848973,0.9151396509042476,4.163745106396033,2.814672938990654,11.947397684682922,3.248605455491785,9.132724745692268,5.884119290200483,,TRUE
2534,TRUE,FALSE,-0.15761406139791173,0.9663781125373985,4.590904576199451,2.9611665859577547,12.016088098501273,3.6245264636620522,9.054921512543519,5.430395048881467,,TRUE
2535,TRUE,FALSE,-0.32018092735711695,0.8864391982289366,5.419325254751771,2.4941134242919647,11.070306744085451,4.532886056522835,8.576193319793486,4.043307263270651,,TRUE
2536,TRUE,FALSE,-0.049739412017792806,0.7483166223616197,3.2132487777917187,2.465426739782514,10.072783708883675,2.464932155430099,7.607356969101161,5.142424813671062,,TRUE
2537,TRUE,FALSE,0.16216615586827285,1.2918588131201802,5.408586452320158,2.2350474576966937,11.00483003424725,4.116727639199977,8.769782576550558,4.65305493735058,,TRUE
2538,TRUE,FALSE,-0.3484947141094931,1.0627564162645289,7.382956907714265,3.010306897192649,14.759037637988357,6.320200491449736,11.748730740795708,5.428530249345972,,TRUE
2539,TRUE,FALSE,-0.1358766291438113,1.2163467438272575,5.350793020721218,2.5587061972397778,9.825863028186253,4.134446276893961,7.267156830946476,3.1327105540525153,,TRUE
2540,TRUE,FALSE,-0.30342025375315146,0.5674489154523142,2.8461709531603105,2.4177335683429586,8.95300671621923,2.2787220377079964,6.535273147876271,4.2565511101682745,,TRUE
2541,TRUE,FALSE,-0.3185298551009539,1.0256105086347225,5.654329581586097,1.9455920925417358,7.800360801830091,4.628719072951375,5.854768709288355,1.2260496363369802,,TRUE
2542,TRUE,FALSE,-0.13621475989408444,0.9183513705437164,3.7400119251364017,2.71801592815417,9.659592093981209,2.821660554592685,6.941576165827039,4.119915611234354,,TRUE
2543,TRUE,FALSE,-0.9627381855136145,0.44981356109260795,4.165220391801224,2.766605899650196,9.78229732301108,3.7154068307086163,7.0156914233608845,3.300284592652268,,TRUE
2544,TRUE,FALSE,-0.002850583252378918,1.8878247310660754,6.429961991108395,3.0179990297519157,10.2500937549324,4.5421372600423195,7.232094725180485,2.689957465138165,,TRUE
2545,TRUE,FALSE,0.17444292779424975,1.3376985837583946,4.199045065160274,1.7587205783661708,6.572774224585741,2.86134648140188,4.81405364621957,1.95270716481769,,TRUE
2546,TRUE,FALSE,0.01343891732457877,0.7465827584393114,2.720726676541361,2.6432846322876844,9.763091002451679,1.9741439181020497,7.119806370163994,5.145662452061945,,TRUE
2547,TRUE,FALSE,0.02843544107843439,1.1501660849274284,4.337430024807305,2.6609598110134667,10.324275727266329,3.1872639398798768,7.663315916252863,4.476051976372986,,TRUE
2548,TRUE,FALSE,-0.06754743341964635,0.9728192071459704,4.24399338338245,2.5228592832515435,10.287269362738806,3.2711741762364794,7.764410079487263,4.493235903250783,,TRUE
2549,TRUE,FALSE,-0.2468120263028534,0.7958073585735088,4.038754744998732,3.3817672750390386,13.408930715620137,3.2429473864252234,10.027163440581099,6.784216054155875,,TRUE
2550,TRUE,FALSE,-0.2505741172957291,0.7709273304710876,3.806330015617191,2.550721056356676,9.80241326593891,3.0354026851461033,7.251692209582234,4.21628952443613,,TRUE
2551,TRUE,FALSE,-0.37637339709234335,0.9676365886123416,4.855260688185884,2.6541425293677827,9.14045095847788,3.887624099573542,6.486308429110097,2.598684329536555,,TRUE
2552,TRUE,FALSE,-0.19485063208544456,1.3484252994234212,5.310042243392815,3.0513886465386846,9.88885606160131,3.9616169439693945,6.8374674150626245,2.87585047109323,,TRUE
2553,TRUE,FALSE,-0.46533183141622303,0.8308966852226777,4.806513751910087,2.90631634402372,10.556865790216719,3.975617066687409,7.650549446192999,3.6749323795055897,,TRUE
2554,TRUE,FALSE,-0.16325087814701414,0.6512470885071554,2.7402269952103264,2.8650877746123125,10.239522901710318,2.088979906703171,7.374435127098005,5.285455220394834,,TRUE
2555,TRUE,FALSE,-0.3030174549789854,0.9278694867459576,5.069539993964309,2.633196290072273,10.625908856730474,4.141670507218351,7.9927125666582,3.851042059439849,,TRUE
2556,TRUE,FALSE,-0.45080538728199493,0.8563487476170876,4.290080037708347,3.0968159874106678,9.884343646592932,3.4337312900912598,6.787527659182263,3.3537963690910035,,TRUE
2557,TRUE,FALSE,-0.2705129785969214,0.8298286390341679,4.799658329593435,2.657271551046065,11.726692781863338,3.9698296905592674,9.069421230817273,5.099591540258006,,TRUE
2558,TRUE,FALSE,-0.5060392755100799,0.7342640999721592,4.517335423117439,3.3768756088325973,12.52492235955595,3.78307132314528,9.148046750723353,5.364975427578073,,TRUE
2559,TRUE,FALSE,-0.2781037823554163,0.8885350037166615,4.019733704055771,3.120514466862385,10.68981044095217,3.131198700339109,7.569295974089785,4.438097273750676,,TRUE
2560,TRUE,FALSE,-0.2253528479492913,0.9948148933017462,4.991093917244506,2.298895688226531,9.206683868978832,3.99627902394276,6.907788180752301,2.911509156809541,,TRUE
2561,TRUE,FALSE,-0.07091236469123768,1.743405343896041,7.609175766618747,2.23181662081247,9.07404444483353,5.865770422722706,6.8422278240210606,0.9764574012983545,,TRUE
2562,TRUE,FALSE,-0.5021832738776166,1.009962361097102,6.350022096832762,2.568613784221723,9.774024688051142,5.34005973573566,7.205410903829419,1.865351168093759,,TRUE
2563,TRUE,FALSE,-0.3466532029907005,0.6055435359476946,3.154584639936456,3.058542347865952,11.265792209688167,2.5490411039887615,8.207249861822214,5.658208757833453,,TRUE
2564,TRUE,FALSE,-0.36689809149196667,0.8384022291646052,4.696525623316648,2.188187473452733,8.493114571525872,3.8581233941520434,6.304927098073139,2.4468037039210957,,TRUE
2565,TRUE,FALSE,-0.29272241593007847,1.019382329588507,5.012079288126465,2.858406097338564,10.48762212821416,3.992696958537958,7.629216030875595,3.636519072337637,,TRUE
2566,TRUE,FALSE,-0.3719837675479197,1.058032042182104,5.71891222091377,2.697885040497123,10.052811812563654,4.6608801787316665,7.354926772066531,2.694046593334864,,TRUE
2567,TRUE,FALSE,-0.13880818052830787,1.090631018387567,5.588807740562997,2.475720469537398,11.042293980264498,4.49817672217543,8.5665735107271,4.06839678855167,,TRUE
2568,TRUE,FALSE,-0.01990238418691394,1.0405873504636831,4.536015622358361,2.346378087934109,10.026526315895586,3.495428271894678,7.680148227961476,4.1847199560667985,,TRUE
2569,TRUE,FALSE,-0.15463990041288733,1.2290577992743805,4.680129855911066,2.9708194476716723,9.691758839285193,3.451072056636685,6.72093939161352,3.269867334976835,,TRUE
2570,TRUE,FALSE,-0.4131775489442275,0.8895089247654502,5.605090573688281,2.3718219443431665,9.887208174340259,4.71558164892283,7.515386229997093,2.7998045810742624,,TRUE
2571,TRUE,FALSE,-0.47925713533493314,0.8655242873040268,4.791215740707092,2.9838510606805477,10.228333501274799,3.925691453403066,7.2444824405942505,3.3187909871911847,,TRUE
2572,TRUE,FALSE,-0.18400059447531195,0.7720284116990727,3.206649858183571,2.4156642024110866,8.347268403612347,2.434621446484498,5.93160420120126,3.496982754716762,,TRUE
2573,TRUE,FALSE,-0.3519246251718645,1.1753309882069025,6.688179020320775,2.426853647192079,9.712977137486362,5.512848032113872,7.286123490294283,1.7732754581804109,,TRUE
2574,TRUE,FALSE,-0.639395820696198,0.9149530584124683,5.930471664417872,2.533234996053698,8.663229596432267,5.015518606005403,6.129994600378568,1.1144759943731648,,TRUE
2575,TRUE,FALSE,-0.4867322412899911,0.8054321601438118,5.304905894550464,2.8980136946456168,11.731783084894207,4.499473734406652,8.833769390248591,4.334295655841939,,TRUE
2576,TRUE,FALSE,-0.23721719529822882,1.1255951381389429,5.4525538390890365,2.4633856136509933,9.41299950484244,4.326958700950094,6.949613891191447,2.6226551902413533,,TRUE
2577,TRUE,FALSE,-0.4372319127026118,1.0622067601898852,5.878442957095422,3.5276664582255988,12.608207741863733,4.816236196905537,9.080541283638134,4.2643050867325965,,TRUE
2578,TRUE,FALSE,-0.5155539351220769,0.9852509480273502,5.2705798561819535,2.9168659723331767,9.318065981414431,4.285328908154603,6.401200009081254,2.1158711009266513,,TRUE
2579,TRUE,FALSE,-0.5310744602146873,1.2817105360790395,7.916350187893485,3.208132099677231,11.650500375533161,6.634639651814446,8.44236827585593,1.8077286240414843,,TRUE
2580,TRUE,FALSE,0.07398975559233958,1.0051040405056355,4.720718523544298,2.3405078963504518,11.836969823889387,3.715614483038663,9.496461927538935,5.780847444500272,,TRUE
2581,TRUE,FALSE,-0.07902888455020132,1.3413407491015503,5.44583434043484,2.8130122375089526,10.552980139743196,4.10449359133329,7.739967902234244,3.635474310900954,,TRUE
2582,TRUE,FALSE,0.3326807818287659,1.4451674590345456,4.770436056071839,2.5978288193307173,11.960018820450367,3.3252685970372933,9.36219000111965,6.0369214040823564,,TRUE
2583,TRUE,FALSE,-0.5247859688021204,0.9122096772356354,5.274867714907138,3.267664598284081,11.180023595256994,4.362658037671503,7.912358996972913,3.5497009593014104,,TRUE
2584,TRUE,FALSE,-0.4989206360851433,0.6793361174147569,4.07122633722199,2.759673408554066,10.041989253485042,3.3918902198072334,7.2823158449309755,3.890425625123742,,TRUE
2585,TRUE,FALSE,-0.1565162860987922,0.7884717130380295,3.761169085287519,3.107026941206672,12.67382190793616,2.9726973722494896,9.56679496672949,6.594097594479999,,TRUE
2586,TRUE,FALSE,-0.0467993397101793,1.618105513785731,5.564234916130997,2.828782099264026,9.282680857744511,3.9461294023452655,6.453898758480485,2.5077693561352197,,TRUE
2587,TRUE,FALSE,0.1323578154948766,0.9654629752744598,3.4633813846018024,2.9724852426281343,12.172132488055299,2.4979184093273425,9.199647245427165,6.701728836099823,,TRUE
2588,TRUE,FALSE,-0.5117046864061121,0.8298730710898838,5.756095598635187,2.5666636232811975,10.672219766134322,4.926222527545303,8.105556142853125,3.179333615307822,,TRUE
2589,TRUE,FALSE,0.23353323535217624,1.2220990660953766,3.6372959483674747,3.093780640214343,11.630113137064264,2.415196882272098,8.536332496849921,6.121135614577823,,TRUE
2590,TRUE,FALSE,0.0010033071444909953,1.1421714856937641,5.558770024626298,2.3662906685060117,11.527926928571018,4.416598538932535,9.161636260065006,4.745037721132471,,TRUE
2591,TRUE,FALSE,-0.19772015945696786,1.165493823630824,6.239974693311959,3.1152781919821844,13.686768218744028,5.074480869681135,10.571490026761843,5.497009157080708,,TRUE
2592,TRUE,FALSE,-0.5631506896736238,0.8461290023648689,4.878113078120592,3.064542680596567,10.060225584293445,4.031984075755723,6.995682903696878,2.9636988279411547,,TRUE
2593,TRUE,FALSE,-0.3950188591874729,0.9973711675239316,5.516523411893213,2.8513960959046063,10.624578171036855,4.519152244369281,7.773182075132249,3.254029830762968,,TRUE
2594,TRUE,FALSE,0.0026075702629262147,1.3989026137803122,5.207741652503373,2.5180824538118114,9.398625610466121,3.80883903872306,6.88054315665431,3.07170411793125,,TRUE
2595,TRUE,FALSE,-0.3993147704448226,0.5756575741112364,2.98525401386429,2.4092624358644854,8.38071314290567,2.4095964397530536,5.971450707041184,3.56185426728813,,TRUE
2596,TRUE,FALSE,-0.13331481244195495,0.6951816905042868,2.7484608303237374,2.2647479570199525,7.836339010613879,2.0532791398194505,5.571591053593927,3.5183119137744767,,TRUE
2597,TRUE,FALSE,-0.23867084399902985,1.3025897923734944,7.616403731218566,2.838695546640836,13.073975671430441,6.313813938845072,10.235280124789604,3.9214661859445323,,TRUE
2598,TRUE,FALSE,-0.5275162717304319,1.1391736180090901,7.6917000402735285,3.220345156837335,12.830318477927827,6.552526422264439,9.609973321090493,3.057446898826054,,TRUE
2599,TRUE,FALSE,-0.2650434114812505,0.9414961834154142,5.672577667736516,1.8788967211848995,8.684761662076887,4.731081484321102,6.805864940891988,2.074783456570886,,TRUE
2600,TRUE,FALSE,-0.11235927620115552,1.0873942528667782,4.871546758504225,2.8369728735022033,11.358945390072726,3.784152505637447,8.521972516570523,4.737820010933076,,TRUE
2601,TRUE,FALSE,-0.7040102153829454,1.3318019217803025,9.650301271066429,2.562105983219497,9.182280879481455,8.318499349286126,6.620174896261958,-1.698324453024168,,TRUE
2602,TRUE,FALSE,0.17125654174355423,1.3455162129713476,4.2964078477860514,2.8049197004867166,10.629498372850193,2.950891634814704,7.824578672363477,4.873687037548773,,TRUE
2603,TRUE,FALSE,-0.40955276038481525,0.723192998357569,4.202922172548807,2.803555485254831,10.817820900113547,3.479729174191238,8.014265414858716,4.534536240667478,,TRUE
2604,TRUE,FALSE,-0.3307111434987284,1.104902643007867,6.1844014579636255,2.3847896917297318,9.589538840185673,5.079498814955759,7.204749148455941,2.1252503335001824,,TRUE
2605,TRUE,FALSE,-0.18463543004383753,0.6888236688344436,2.555401739101354,2.371734182167282,7.315280588738726,1.8665780702669106,4.943546406571444,3.076968336304533,,TRUE
2606,TRUE,FALSE,-0.36711436244003065,2.1700504060679675,13.43836407578206,2.34177438912566,10.045831544544146,11.268313669714093,7.704057155418486,-3.5642565142956073,,TRUE
2607,TRUE,FALSE,-0.28671944543055544,1.055836484788832,6.649619103901913,2.578520306039058,12.191299118079913,5.593782619113082,9.612778812040855,4.018996192927773,,TRUE
2608,TRUE,FALSE,-0.10555039813344541,1.2228246777070106,5.779472774616787,3.244155141078022,13.79703248748817,4.556648096909776,10.552877346410149,5.996229249500373,,TRUE
2609,TRUE,FALSE,-0.09880441545897975,1.2805283682848232,5.458917639928583,2.5642479554732156,9.903008309285417,4.178389271643759,7.3387603538122015,3.1603710821684423,,TRUE
2610,TRUE,FALSE,-0.09386852166107174,1.294619851132437,5.256991696886758,2.8143931371841084,10.404308263376983,3.9623718457543213,7.589915126192874,3.627543280438553,,TRUE
2611,TRUE,FALSE,0.07233915045615841,1.032233807621983,3.875888888625019,2.6349785430577133,10.636207871200547,2.8436550810030363,8.001229328142834,5.157574247139798,,TRUE
2612,TRUE,FALSE,-0.16869155096584248,1.0930888378816643,5.044886524865416,3.109919383722003,12.125042347368195,3.9517976869837517,9.015122963646192,5.06332527666244,,TRUE
2613,TRUE,FALSE,-0.2768142490081466,1.125113004086441,5.869938016135689,2.3475894374167594,9.286255251862885,4.7448250120492474,6.938665814446125,2.1938408023968776,,TRUE
2614,TRUE,FALSE,-0.013930507601589811,1.1704963560043,4.535883892466639,2.6442609608329946,10.105230723719194,3.3653875364623396,7.460969762886199,4.0955822264238595,,TRUE
2615,TRUE,FALSE,0.18298884041742694,1.4361968657223045,4.922671275044222,2.587126409475488,10.648184164887333,3.486474409321918,8.061057755411845,4.574583346089927,,TRUE
2616,TRUE,FALSE,-0.12521969069402608,1.3301354316025316,5.369127506890591,2.3353139010124107,8.317080392888846,4.038992075288059,5.981766491876435,1.9427744165883762,,TRUE
2617,TRUE,FALSE,-0.44327726878965407,1.2173932304394017,6.266046616463542,3.081414057981893,10.181222458768984,5.0486533860241405,7.09980840078709,2.0511550147629496,,TRUE
2618,TRUE,FALSE,-0.16519813202823372,1.7964204127224808,6.972537059007898,2.836942634660838,9.334450711276329,5.176116646285418,6.497508076615491,1.3213914303300731,,TRUE
2619,TRUE,FALSE,-0.2077497724797211,0.9406794726137129,4.47263613969267,2.5415051988524873,9.817215496849903,3.5319566670789575,7.275710297997415,3.743753630918458,,TRUE
2620,TRUE,FALSE,-0.5294678495793286,1.2716372995008256,7.924182380913454,2.423057920173194,8.89221663554145,6.652545081412628,6.4691587153682555,-0.1833863660443722,,TRUE
2621,TRUE,FALSE,-0.3102026724637298,1.9511654778947634,8.1534312131933,2.76998460830462,8.487980148629413,6.202265735298537,5.717995540324793,-0.48427019497374424,,TRUE
2622,TRUE,FALSE,-0.28459133520563523,0.9072252159220118,4.392613521141264,3.0175438336134186,10.991703943139063,3.4853883052192525,7.974160109525645,4.488771804306392,,TRUE
2623,TRUE,FALSE,-0.05043280106879341,1.1589778255558276,5.767034209559717,2.8515664076747753,13.491436809016676,4.6080563840038895,10.6398704013419,6.031814017338011,,TRUE
2624,TRUE,FALSE,-0.2741511533290831,1.3936829384985532,6.468509763343226,2.825179027441767,9.968364160727125,5.074826824844672,7.143185133285359,2.0683583084406862,,TRUE
2625,TRUE,FALSE,-0.30130946584128804,0.8728447226092262,4.779337798193936,2.955971689910421,11.9749571666224,3.9064930755847094,9.018985476711979,5.11249240112727,,TRUE
2626,TRUE,FALSE,0.26575040949499534,1.1420312240457047,3.555589832895099,3.0366788053071847,12.332367905259119,2.413558608849394,9.295689099951934,6.88213049110254,,TRUE
2627,TRUE,FALSE,-0.4929899796299988,1.0085003952082565,6.374781093979954,2.826996279267749,10.914695201826882,5.366280698771698,8.087698922559133,2.7214182237874347,,TRUE
2628,TRUE,FALSE,-0.3139173134628459,1.3085182005451532,6.681895897425156,2.6816889738861347,10.004509172294048,5.373377696880003,7.322820198407913,1.9494425015279102,,TRUE
2629,TRUE,FALSE,-0.017790424129980203,1.5601904177419579,6.7153101081241315,2.7901495677060644,11.797491364110604,5.155119690382174,9.007341796404539,3.8522221060223654,,TRUE
2630,TRUE,FALSE,-0.181981100060985,1.194142850347956,5.735045869563531,2.9121978748857527,11.659182654964527,4.540903019215575,8.746984780078774,4.206081760863199,,TRUE
2631,TRUE,FALSE,-0.04835677170267717,1.1405286009711788,4.932500774642843,2.0710917458619966,8.534129728012326,3.7919721736716645,6.463037982150329,2.6710658084786645,,TRUE
2632,TRUE,FALSE,-0.11314266320927041,0.9189691431401815,3.9010999450240793,2.929075972169178,11.104002473568361,2.9821308018838977,8.174926501399183,5.192795699515285,,TRUE
2633,TRUE,FALSE,0.1245936732337514,1.48991497555355,5.2316690154323044,2.2033186209293616,8.763274677290074,3.7417540398787548,6.559956056360712,2.8182020164819575,,TRUE
2634,TRUE,FALSE,-0.17512524958728043,0.9585693964936038,4.574904827844577,2.1920568368319713,8.781210446445508,3.616335431350973,6.589153609613536,2.972818178262563,,TRUE
2635,TRUE,FALSE,0.05216342599595651,0.7312438011071801,3.2073179067527984,2.557364012531617,11.817528245205867,2.476074105645618,9.260164232674251,6.784090127028633,,TRUE
2636,TRUE,FALSE,-0.8886813338416342,0.8904051368540722,7.498547419162884,2.85895229412142,9.900268988940185,6.608142282308812,7.041316694818765,0.4331744125099535,,TRUE
2637,TRUE,FALSE,-0.03283737962183372,1.3351081338563369,4.978806051235135,3.107434464308072,11.213718567604474,3.6436979173787982,8.106284103296401,4.462586185917603,,TRUE
2638,TRUE,FALSE,-0.20272608328583114,0.9635420159579853,4.295165923455826,2.6403575522095997,9.61012886198051,3.331623907497841,6.96977130977091,3.638147402273069,,TRUE
2639,TRUE,FALSE,-0.7076800295914385,1.0820609691742726,7.8981428378143175,2.6183340039602707,9.417958356925062,6.816081868640045,6.799624352964791,-0.016457515675253553,,TRUE
2640,TRUE,FALSE,0.06293745764530011,1.373927905822142,5.718439208451667,2.44217162685567,10.824881127118287,4.344511302629525,8.382709500262617,4.0381981976330925,,TRUE
2641,TRUE,FALSE,0.09601090783668798,1.91502667661201,6.030387279325979,3.2130024054307307,11.137261939055744,4.115360602713969,7.924259533625014,3.8088989309110444,,TRUE
2642,TRUE,FALSE,-0.5578633853759295,0.6534510993124769,4.438343982422554,2.4548654091862354,9.544618222972199,3.7848928831100768,7.089752813785964,3.304859930675887,,TRUE
2643,TRUE,FALSE,-0.25121220119483906,1.7502419886427056,9.114488794112855,3.5088086942989762,14.21326438579014,7.36424680547015,10.704455691491164,3.3402088860210144,,TRUE
2644,TRUE,FALSE,-0.209981784306364,1.5059106792561705,5.802218729290347,3.487549879411447,10.892344808134013,4.296308050034177,7.404794928722566,3.1084868786883897,,TRUE
2645,TRUE,FALSE,-0.22912513106628182,1.0076173083215556,6.155991450628287,2.6607615561619693,12.927083855500877,5.148374142306731,10.266322299338908,5.117948157032177,,TRUE
2646,TRUE,FALSE,0.06454130068267754,1.4967995117549613,5.3155476030170385,3.1139642861968393,11.795814576836753,3.8187480912620773,8.681850290639913,4.863102199377836,,TRUE
2647,TRUE,FALSE,-0.015929128581131446,1.1026959640820189,4.950621428763936,2.5116047355889153,11.09781019675004,3.8479254646819174,8.586205461161125,4.738279996479207,,TRUE
2648,TRUE,FALSE,-0.5376219795535634,0.7500798466863827,4.10276537373913,3.5288127863790026,11.27487002158904,3.3526855270527474,7.746057235210037,4.393371708157289,,TRUE
2649,TRUE,FALSE,0.11756481904006569,1.0136922063331009,2.8776647891759226,3.0815932979804583,9.839367198677737,1.8639725828428217,6.757773900697279,4.893801317854457,,TRUE
2650,TRUE,FALSE,-0.21357532240282412,0.47788590897369504,1.8810572713935743,3.7613820486149065,11.95833338685123,1.4031713624198792,8.196951338236323,6.793779975816443,,TRUE
2651,TRUE,FALSE,0.10233872150689877,1.3319846552779577,5.1579133346232595,2.267692805462411,9.727565935112242,3.825928679345302,7.459873129649831,3.6339444503045293,,TRUE
2652,TRUE,FALSE,-0.3528745031725028,1.385551304500905,7.280067950273148,2.7480560601709723,10.145815486054506,5.894516645772243,7.3977594258835335,1.5032427801112904,,TRUE
2653,TRUE,FALSE,-0.10293503521109729,1.3893998821999023,6.943225315293827,2.6084025811357434,11.759923716743895,5.553825433093924,9.151521135608151,3.597695702514227,,TRUE
2654,TRUE,FALSE,-0.6850037195500841,0.888587442737671,6.723247777766676,2.360904753788941,9.00459276511201,5.834660335029005,6.643688011323069,0.8090276762940638,,TRUE
2655,TRUE,FALSE,-0.12731580263251419,0.718740524121254,3.1374961466498474,2.5889516267107746,9.950443876602051,2.4187556225285936,7.361492249891277,4.942736627362683,,TRUE
2656,TRUE,FALSE,0.1504419734820065,1.8204635831828908,5.2074183823970115,2.3975286063241548,7.971506283981159,3.386954799214121,5.5739776776570045,2.1870228784428836,,TRUE
2657,TRUE,FALSE,-0.3342790393342638,1.4702361955380503,7.8759529293601735,2.7572001582377643,10.573256160556475,6.405716733822123,7.816056002318711,1.410339268496588,,TRUE
2658,TRUE,FALSE,-0.4720270942278305,1.7224911139785368,10.558019984658792,3.0098616426430747,11.507295341089007,8.835528870680255,8.497433698445931,-0.3380951722343237,,TRUE
2659,TRUE,FALSE,0.047296816411363796,1.8707862062732417,8.100783125848277,2.9547717795880795,13.414285187296302,6.2299969195750355,10.459513407708222,4.229516488133187,,TRUE
2660,TRUE,FALSE,-0.351272860107505,1.2134871574837394,8.296690590901528,1.978887538798818,9.522148687678312,7.083203433417789,7.543261148879494,0.46005771546170493,,TRUE
2661,TRUE,FALSE,-0.05513272120785031,0.8717369912197314,2.927765348509943,2.4814797435854925,7.887106206346837,2.0560283572902116,5.405626462761344,3.349598105471132,,TRUE
2662,TRUE,FALSE,-0.46452787205121454,0.9458026868426604,6.669986071675856,2.0325238045311314,9.007787508754527,5.7241833848331956,6.975263704223396,1.2510803193902005,,TRUE
2663,TRUE,FALSE,-0.7815508362775947,0.6447688471768847,4.567428702080208,3.258758802023104,10.56566246910107,3.922659854903323,7.306903667077966,3.384243812174643,,TRUE
2664,TRUE,FALSE,-0.13046753881011897,0.9263767159049411,4.706636121553265,2.6289686810025743,11.723224262403793,3.780259405648324,9.09425558140122,5.313996175752895,,TRUE
2665,TRUE,FALSE,-0.5511299088399811,1.3483501280966526,7.374271808986758,3.233775787958247,10.192334948508352,6.0259216808901055,6.958559160550104,0.9326374796599985,,TRUE
2666,TRUE,FALSE,-0.3525849886884016,0.9948982866851219,5.507985829701608,2.6525106691457316,10.321565092252415,4.5130875430164865,7.669054423106683,3.1559668800901965,,TRUE
2667,TRUE,FALSE,-0.1536232170316881,1.1938411557753859,5.6868207615379385,2.5777643353026827,10.530487794989481,4.492979605762553,7.952723459686799,3.4597438539242455,,TRUE
2668,TRUE,FALSE,-0.5814984335009827,0.8904798672409092,6.375625955473753,2.3434945847043847,9.380394824597225,5.4851460882328436,7.036900239892841,1.5517541516599973,,TRUE
2669,TRUE,FALSE,-0.5403093387490485,1.2876631720146876,7.434562428597109,3.4243153440019833,11.517905881435336,6.1468992565824205,8.093590537433354,1.9466912808509331,,TRUE
2670,TRUE,FALSE,-0.34678882156560253,1.1980419968813638,6.070903349317892,3.0612458474843622,10.966575020732373,4.872861352436528,7.905329173248011,3.0324678208114824,,TRUE
2671,TRUE,FALSE,-0.17429081413833555,1.0194375584790105,4.4650960899016265,2.821947806267557,10.38306607073666,3.445658531422616,7.561118264469103,4.115459733046487,,TRUE
2672,TRUE,FALSE,-0.2314393527327384,1.3688435502850307,7.294038147645532,2.2348814731156073,9.448347936162742,5.925194597360501,7.213466463047135,1.2882718656866343,,TRUE
2673,TRUE,FALSE,-0.18784255378729922,1.1902935423186525,5.052167434150875,3.3762828154806193,11.876363768203252,3.8618738918322224,8.500080952722632,4.63820706089041,,TRUE
2674,TRUE,FALSE,-0.5418985111740012,1.1059307306326405,6.553707936383885,2.7067639042301734,9.32966394001109,5.447777205751245,6.622900035780916,1.1751228300296708,,TRUE
2675,TRUE,FALSE,-0.3442927473119959,1.1936029458727695,5.295693235693861,2.7850112030792693,8.757203539833892,4.102090289821091,5.972192336754622,1.870102046933531,,TRUE
2676,TRUE,FALSE,0.03037176511837417,1.3972818342886437,5.448435893570192,3.06063651941147,12.302400985118048,4.051154059281548,9.241764465706577,5.190610406425029,,TRUE
2677,TRUE,FALSE,-0.15483219921348826,1.7304730045929626,8.65158402554493,2.4565550406202323,10.519970715383657,6.921111020951967,8.063415674763425,1.1423046538114576,,TRUE
2678,TRUE,FALSE,-0.29513831360653625,1.7191882729195334,7.837616671662162,2.8101177939538844,9.536920508719238,6.118428398742629,6.726802714765354,0.6083743160227248,,TRUE
2679,TRUE,FALSE,-0.41843183028035086,1.1969251223529016,5.530541511070943,2.869761407725397,8.72617322258804,4.333616388718042,5.856411814862643,1.5227954261446008,,TRUE
2680,TRUE,FALSE,-0.04645285909955856,1.0772939017147813,5.436046380776241,2.36838194363477,11.408445527865394,4.35875247906146,9.040063584230625,4.681311105169165,,TRUE
2681,TRUE,FALSE,0.18450946481119074,1.3291429833117339,4.963568371997228,2.552092149487388,11.461728045142557,3.6344253886854943,8.90963589565517,5.275210506969675,,TRUE
2682,TRUE,FALSE,0.5712038328746422,1.1039972023369402,2.432598746860458,3.0880188702156977,12.04628472911956,1.3286015445235178,8.95826585890386,7.629664314380343,,TRUE
2683,TRUE,FALSE,-0.04395912760828439,0.6984734854598333,3.283464077297146,1.8470946937853492,8.309603446930613,2.584990591837313,6.462508753145263,3.8775181613079504,,TRUE
2684,TRUE,FALSE,-0.45418342499787645,1.2056058468518374,6.486813820708175,3.0948732322489363,10.573520152072568,5.281207973856338,7.478646919823632,2.197438945967294,,TRUE
2685,TRUE,FALSE,0.0599809748548947,1.5917076735382225,4.967491481403985,2.8988325519018856,9.6060834900178,3.3757838078657625,6.707250938115915,3.3314671302501524,,TRUE
2686,TRUE,FALSE,-0.21835937864577762,0.8968305917138514,4.544958063957652,3.2091665095764372,13.073125923966867,3.6481274722438006,9.863959414390429,6.215831942146629,,TRUE
2687,TRUE,FALSE,0.2185281872630022,1.0164910774365687,3.2684565707054323,2.5701355877082404,10.282548553666057,2.2519654932688633,7.712412965957817,5.460447472688954,,TRUE
2688,TRUE,FALSE,-0.11729044063319058,1.496570058881733,7.303112819913826,2.3614682927519253,10.248362651131579,5.806542761032093,7.886894358379654,2.080351597347561,,TRUE
2689,TRUE,FALSE,-0.0369052688268613,1.1119075166629018,4.548541980712467,3.623361006538491,14.285235123529699,3.436634464049565,10.661874116991207,7.225239652941642,,TRUE
2690,TRUE,FALSE,-0.6641090836096151,0.935933687827498,6.957343356591423,2.659936134225305,10.177723693771316,6.0214096687639245,7.5177875595460115,1.496377890782087,,TRUE
2691,TRUE,FALSE,-0.3235082407349933,1.5601233231942229,6.811724857242392,2.758456654055013,8.71498187223821,5.251601534048168,5.956525218183197,0.7049236841350286,,TRUE
2692,TRUE,FALSE,-0.45482717188341426,0.7081962119178792,4.265831043395567,2.879230622997681,11.005190706004097,3.5576348314776873,8.125960083006415,4.568325251528728,,TRUE
2693,TRUE,FALSE,-0.1334543733340309,1.403632736883757,6.962547803556644,2.785348844153508,12.090264398138771,5.5589150666728875,9.304915553985264,3.7460004873123767,,TRUE
2694,TRUE,FALSE,-0.08922078433980025,1.4405206830654613,6.017794135585358,2.688143452942599,10.271223401210575,4.577273452519897,7.583079948267976,3.005806495748079,,TRUE
2695,TRUE,FALSE,-0.36741347830029164,1.0654578290947687,5.399465643717342,3.14104009518786,11.023572206021326,4.334007814622574,7.882532110833466,3.5485242962108927,,TRUE
2696,TRUE,FALSE,-0.21230713859797273,0.6895128192052719,2.9389941435822333,2.4163065856131127,8.329225012291504,2.2494813243769616,5.912918426678392,3.66343710230143,,TRUE
2697,TRUE,FALSE,-0.12428441641127443,1.313936882278157,5.957834233712431,2.685483213849922,10.753759459406057,4.643897351434274,8.068276245556135,3.424378894121861,,TRUE
2698,TRUE,FALSE,-0.4293026704218059,0.8154728464306555,5.497508143542475,3.627917164362331,15.920985922910846,4.682035297111819,12.293068758548515,7.611033461436696,,TRUE
2699,TRUE,FALSE,-0.5491420084538009,0.7588319654677834,5.081323823269715,3.3386002562977146,12.909408208000793,4.322491857801931,9.570807951703078,5.248316093901146,,TRUE
2700,TRUE,FALSE,-0.19506182314505902,0.6450247904057532,2.9963563584717567,2.3396844237148002,8.942523025516135,2.3513315680660036,6.602838601801334,4.251507033735331,,TRUE
2701,TRUE,FALSE,-0.40192799685695274,0.9371470200948493,5.2357006290662,3.0392241820015418,11.359905079123818,4.29855360897135,8.320680897122276,4.0221272881509265,,TRUE
2702,TRUE,FALSE,-0.1262702181904879,1.7235921124997466,6.73481733213455,3.047313381929925,10.49469889578757,5.011225219634803,7.447385513857645,2.4361602942228417,,TRUE
2703,TRUE,FALSE,0.264794999961796,0.9846995543988694,3.6216553749155938,2.007464909722603,9.621667625645367,2.6369558205167243,7.614202715922763,4.977246895406039,,TRUE
2704,TRUE,FALSE,0.24606454942964362,1.9215559293406008,5.114559456218823,3.080589779793712,10.48705506036984,3.193003526878222,7.406465280576128,4.213461753697906,,TRUE
2705,TRUE,FALSE,0.01437584200390073,1.9868102740927767,5.89546987988341,3.0385776128418547,9.14693747449418,3.9086596057906333,6.108359861652326,2.1997002558616923,,TRUE
2706,TRUE,FALSE,-0.1534387068887892,0.8522853765494777,3.3863766606913828,2.841327950743739,9.683536753478077,2.534091284141905,6.842208802734337,4.308117518592432,,TRUE
2707,TRUE,FALSE,0.16617560502461384,1.79946122001233,6.054579741622949,2.955972409430239,11.743864619766086,4.255118521610619,8.787892210335848,4.532773688725229,,TRUE
2708,TRUE,FALSE,0.08809610558440262,0.8412230285290748,3.3794586792144266,2.6190493645786597,11.490510512263938,2.5382356506853516,8.87146114768528,6.333225496999928,,TRUE
2709,TRUE,FALSE,-0.5445076318974595,0.7665088273167375,4.326511976971483,2.552647311058418,8.358626201592426,3.5600031496547455,5.805978890534007,2.2459757408792616,,TRUE
2710,TRUE,FALSE,-0.5291122728704046,1.0275327768631823,8.055559998997802,2.3229303927003446,10.728665582667738,7.02802722213462,8.405735189967393,1.377707967832773,,TRUE
2711,TRUE,FALSE,-0.15651899341907732,1.5217446842557198,7.909870179466556,2.6246063392041354,11.665850340915378,6.388125495210836,9.041244001711243,2.653118506500407,,TRUE
2712,TRUE,FALSE,-0.04011890700327754,1.131808335244094,5.475774900558989,2.7967133512125475,12.998619601701446,4.3439665653148944,10.201906250488898,5.857939685174004,,TRUE
2713,TRUE,FALSE,0.009668281039018326,0.9584174299993294,3.5314121441849537,2.6009369727262768,9.676591604340759,2.5729947141856244,7.075654631614482,4.502659917428858,,TRUE
2714,TRUE,FALSE,0.08003301786627752,1.3294040855436045,5.771735705275441,1.992324960387516,9.370602183434226,4.442331619731837,7.37827722304671,2.935945603314873,,TRUE
2715,TRUE,FALSE,0.03524625620114018,0.9912601706978814,3.972878505173002,2.2633333912016367,9.396657834409506,2.9816183344751206,7.1333244432078695,4.151706108732749,,TRUE
2716,TRUE,FALSE,-0.4956381375965468,0.9272456799945432,5.485720952461059,2.5637032594485683,9.239612141244214,4.558475272466516,6.675908881795646,2.1174336093291304,,TRUE
2717,TRUE,FALSE,-0.14043515792406103,1.437619463864553,5.43849631813579,2.29691272960561,7.550734073957051,4.000876854271238,5.253821344351442,1.2529444900802043,,TRUE
2718,TRUE,FALSE,-0.3523759519880301,0.4641426846255143,2.9535299588246335,2.2195038587187974,9.929121919689802,2.489387274199119,7.709618060971005,5.220230786771886,,TRUE
2719,TRUE,FALSE,-0.27023167628816647,1.290008942220933,7.489317735743908,2.702739550813739,11.97549865563827,6.199308793522976,9.272759104824532,3.0734503113015563,,TRUE
2720,TRUE,FALSE,-0.6518390037353353,1.6492009674440982,10.727738460191807,3.0736345693270772,10.418297283222296,9.078537492747708,7.344662713895219,-1.7338747788524893,,TRUE
2721,TRUE,FALSE,-0.33652147967566154,0.7896319852453596,4.965267981495363,2.779525906992677,12.483583362206645,4.175635996250003,9.704057455213967,5.5284214589639635,,TRUE
2722,TRUE,FALSE,-0.719234276921559,0.7729199632334816,5.341458566632632,2.676726658485065,9.010935602643336,4.56853860339915,6.334208944158271,1.7656703407591205,,TRUE
2723,TRUE,FALSE,-0.4634204672702252,0.8240445295412944,5.49610046342684,2.156243818528436,9.047756366806942,4.672055933885546,6.891512548278506,2.2194566143929597,,TRUE
2724,TRUE,FALSE,0.050941737241167497,1.263877492024499,4.548240293459774,2.2814906700463897,8.639345334963425,3.2843628014352744,6.357854664917035,3.0734918634817605,,TRUE
2725,TRUE,FALSE,-0.35172239244483117,1.3521933168558364,7.032758237111743,3.424621029901207,12.529920861164534,5.6805649202559065,9.105299831263327,3.4247349110074206,,TRUE
2726,TRUE,FALSE,-0.43373137936749817,0.7779611440549432,4.115227234061096,2.9576687534111588,10.139541176751834,3.3372660900061524,7.181872423340675,3.8446063333345224,,TRUE
2727,TRUE,FALSE,-0.09429099550111364,1.1798530002448129,5.281348366036575,2.3549468930841253,9.592857046062187,4.101495365791762,7.237910152978062,3.1364147871862995,,TRUE
2728,TRUE,FALSE,0.2925687474071919,1.3188068369084007,3.809666019964373,2.905214490855031,11.244623239657159,2.490859183055972,8.339408748802128,5.848549565746156,,TRUE
2729,TRUE,FALSE,-0.0384493236784969,1.3870917986195272,6.621594313527401,2.0097871657678485,9.232282918926785,5.234502514907874,7.222495753158936,1.9879932382510628,,TRUE
2730,TRUE,FALSE,-0.9009554545978917,0.7213157125979303,5.3825587652996525,2.796163991155692,8.47512365857737,4.661243052701722,5.678959667421678,1.017716614719956,,TRUE
2731,TRUE,FALSE,-0.09493801316912402,1.2095377468590534,5.09965990466682,2.7004374320557614,10.354397943243061,3.8901221578077663,7.6539605111873,3.763838353379534,,TRUE
2732,TRUE,FALSE,-0.0942586896315249,1.106026439497197,5.635573337585408,2.961175550981738,13.730954343326815,4.529546898088211,10.769778792345077,6.240231894256866,,TRUE
2733,TRUE,FALSE,-0.2195785741449734,0.9339936726155839,4.551498064612982,2.1469388558802,8.399788311366969,3.6175043919973984,6.252849455486769,2.6353450634893703,,TRUE
2734,TRUE,FALSE,-0.24871816106709538,1.0049164550765737,4.135544915976607,2.915119969757397,9.35496769308617,3.1306284609000334,6.439847723328773,3.3092192624287398,,TRUE
2735,TRUE,FALSE,-0.14856534625236456,0.8615012180699011,3.9943170859611636,2.82920540299302,11.306547482975164,3.1328158678912628,8.477342079982144,5.344526212090881,,TRUE
2736,TRUE,FALSE,0.05264047638458487,1.2301294603102715,5.371902664718154,2.840333852207409,13.073990762127098,4.141773204407882,10.233656909919688,6.091883705511806,,TRUE
2737,TRUE,FALSE,-0.37989710624700984,0.9211555744734985,3.776241098255086,3.739584689233417,10.4848660374664,2.8550855237815878,6.745281348232983,3.8901958244513954,,TRUE
2738,TRUE,FALSE,0.08112371751674441,1.4083399501667873,4.194546119687936,2.692979417774522,8.698454415633522,2.7862061695211486,6.005474997859,3.2192688283378517,,TRUE
2739,TRUE,FALSE,-0.0679933326047106,0.8273373292947481,3.4671083653005037,3.428339588092247,13.422688149141516,2.6397710360057554,9.994348561049268,7.354577525043513,,TRUE
2740,TRUE,FALSE,0.015925808618206142,1.0000455786117175,4.099781828721112,2.3317722235153546,9.71278035098085,3.0997362501093946,7.3810081274654955,4.281271877356101,,TRUE
2741,TRUE,FALSE,-0.008659129145769533,1.3106576705879078,4.541274632085084,2.6634534009139608,9.148986438535218,3.2306169614971765,6.485533037621257,3.254916076124081,,TRUE
2742,TRUE,FALSE,-0.03431300787064941,1.5077455712923855,5.65672162740518,2.8038607912275553,10.16462224589273,4.148976056112795,7.360761454665175,3.2117853985523803,,TRUE
2743,TRUE,FALSE,-0.771151451128573,0.8382600899723467,6.833481244818834,2.4627082917792626,9.284731942507147,5.995221154846487,6.822023650727884,0.8268024958813971,,TRUE
2744,TRUE,FALSE,-0.3129312921178331,1.2357996090235979,6.753992276677772,2.9682658254103016,11.863448922091552,5.518192667654174,8.89518309668125,3.376990429027077,,TRUE
2745,TRUE,FALSE,0.03742658074311759,1.6144279747698804,7.299519241042795,2.153337831897227,10.107457207981994,5.685091266272915,7.954119376084767,2.2690281098118525,,TRUE
2746,TRUE,FALSE,-0.365601763313405,0.9132415526592746,4.380654969555742,3.285771249516145,10.934826122137844,3.4674134168964676,7.649054872621699,4.181641455725231,,TRUE
2747,TRUE,FALSE,-0.44744452898474174,0.8475896028624755,5.116229545382592,2.533247170082338,9.775056513842308,4.2686399425201165,7.241809343759971,2.973169401239854,,TRUE
2748,TRUE,FALSE,0.10462523087390305,1.1043388208566691,3.993998577994868,2.4335613720011313,9.772057873211812,2.889659757138199,7.338496501210681,4.448836744072482,,TRUE
2749,TRUE,FALSE,-0.5963448208283306,1.3700802612038638,7.82302389006588,2.9718793631125284,9.34696374711758,6.452943628862016,6.375084384005053,-0.07785924485696327,,TRUE
2750,TRUE,FALSE,-0.23779185381482953,1.33639755250134,7.940626742963884,2.9284826496359346,13.71797717214266,6.604229190462544,10.789494522506725,4.185265332044182,,TRUE
2751,TRUE,FALSE,0.24185070688837262,1.5723307122816024,4.942361603694128,2.643076869389135,10.58119799408109,3.370030891412525,7.938121124691955,4.56809023327943,,TRUE
2752,TRUE,FALSE,-0.17803312591089196,0.8506102812683263,4.592712883711033,2.807562600409643,12.68671876674207,3.7421026024427064,9.879156166332427,6.137053563889721,,TRUE
2753,TRUE,FALSE,-0.22952579884142676,1.238741991753322,5.5626586414852905,3.353880945182748,11.972019186508861,4.323916649731968,8.618138241326113,4.294221591594145,,TRUE
2754,TRUE,FALSE,-0.1907564724838579,1.1350916844416625,6.128833862733069,2.4919777919761277,11.118510001199574,4.993742178291407,8.626532209223447,3.63279003093204,,TRUE
2755,TRUE,FALSE,-0.2546846713722807,1.3678249877602184,6.650067207203236,3.049706134917205,11.493315991526035,5.282242219443018,8.44360985660883,3.161367637165813,,TRUE
2756,TRUE,FALSE,-0.3888972026674578,0.8446503296928319,4.3115113579325905,3.185340336342426,11.020784508019332,3.4668610282397587,7.835444171676906,4.368583143437148,,TRUE
2757,TRUE,FALSE,0.9072595507803076,1.5153413264172193,2.6375127336987294,2.3077590148277527,9.951587599397984,1.12217140728151,7.643828584570231,6.521657177288722,,TRUE
2758,TRUE,FALSE,0.3404054179747154,1.6437634371902412,4.6615852237482684,2.666887972215239,10.63004932547662,3.0178217865580272,7.9631613532613805,4.945339566703353,,TRUE
2759,TRUE,FALSE,-0.39947500147263765,0.8810080620113055,5.239408555672941,2.377119492331704,9.481206526416514,4.358400493661635,7.10408703408481,2.7456865404231756,,TRUE
2760,TRUE,FALSE,0.24958007766263662,1.1368954004358578,4.125269494369955,2.409801873382572,11.22288218964654,2.9883740939340973,8.813080316263969,5.824706222329872,,TRUE
2761,TRUE,FALSE,-0.2593803255484974,1.1460023375633437,5.954037311981651,2.792057253988952,11.191876882571869,4.808034974418307,8.399819628582916,3.5917846541646092,,TRUE
2762,TRUE,FALSE,-0.7098295729004892,0.6947824423897832,5.805240468833853,3.1444567707742004,12.919387991051918,5.1104580264440695,9.774931220277718,4.664473193833649,,TRUE
2763,TRUE,FALSE,0.05833999482463025,1.3555058540803449,5.055380467174111,2.9700976579491134,11.74248234035208,3.6998746130937663,8.772384682402967,5.0725100693092005,,TRUE
2764,TRUE,FALSE,0.10075243821973577,1.2757471984133553,4.338152487217895,2.5451926851467617,9.57231726850081,3.0624052888045403,7.027124583354049,3.964719294549509,,TRUE
2765,TRUE,FALSE,0.025406191463335087,0.8540218957297093,4.42172886589391,2.0375421080323846,10.820902022222159,3.567706970164201,8.783359914189774,5.215652944025573,,TRUE
2766,TRUE,FALSE,-0.3203996265748874,0.9564271513324412,4.4524731599497755,2.5925883581436575,8.760627010810271,3.496046008617334,6.168038652666613,2.671992644049279,,TRUE
2767,TRUE,FALSE,-0.42535293806342744,0.851457843435529,4.857332760805573,2.7751146261339716,10.346350784180116,4.005874917370043,7.571236158046144,3.5653612406761006,,TRUE
2768,TRUE,FALSE,-0.2949198358279565,1.2313633893804676,5.267584007671455,3.117731955385017,9.930747746429626,4.036220618290987,6.813015791044609,2.776795172753622,,TRUE
2769,TRUE,FALSE,-0.08791427576967793,1.1907995382579035,4.898810419460196,3.1190012628777084,11.751325097144825,3.7080108812022923,8.632323834267117,4.924312953064825,,TRUE
2770,TRUE,FALSE,0.09088918429553741,0.9616290064974559,3.869276589053662,2.2424008598832827,9.88116481567801,2.9076475825562063,7.638763955794728,4.731116373238521,,TRUE
2771,TRUE,FALSE,0.03530507854901314,1.5064870759083215,6.218503276049556,2.4179031376010993,10.339324284849633,4.7120162001412345,7.921421147248534,3.2094049471072994,,TRUE
2772,TRUE,FALSE,-0.399180262837759,1.4678340481529117,7.435545147505275,2.9979445140538035,10.188204712895892,5.967711099352363,7.190260198842089,1.2225490994897257,,TRUE
2773,TRUE,FALSE,-0.43484834462410327,1.1778346443049084,6.591496610601576,2.9197765342193804,10.577842253562395,5.413661966296667,7.658065719343014,2.244403753046347,,TRUE
2774,TRUE,FALSE,-0.17669561305542697,1.226655915334239,5.19433675624005,2.8505649141920077,10.115802701935298,3.9676808409058113,7.26523778774329,3.297556946837479,,TRUE
2775,TRUE,FALSE,-0.5309767551134349,1.0925095427806961,6.2622291963264045,3.011641899933034,10.150952030970027,5.169719653545709,7.139310131036993,1.969590477491284,,TRUE
2776,TRUE,FALSE,-0.3142958019412866,1.2449170342759257,7.483213532105267,2.6700019996846946,11.720938376230418,6.2382964978293405,9.050936376545723,2.812639878716382,,TRUE
2777,TRUE,FALSE,0.16632513628700948,1.363230865291088,5.6874599404808635,2.157198196041501,10.62852693667193,4.324229075189775,8.47132874063043,4.1470996654406544,,TRUE
2778,TRUE,FALSE,-0.11400711544224523,0.5949409893938137,3.1796224390906698,2.9439839180783522,14.038620496593985,2.584681449696856,11.094636578515633,8.509955128818778,,TRUE
2779,TRUE,FALSE,0.17227975595406111,1.2651205293801113,4.278969054434638,2.4489757012098003,9.840379915475095,3.013848525054527,7.391404214265295,4.377555689210768,,TRUE
2780,TRUE,FALSE,-0.1712611869349174,1.0450620103353234,3.5395824557796023,2.981394931991913,8.508474341529078,2.494520445444279,5.527079409537166,3.0325589640928867,,TRUE
2781,TRUE,FALSE,0.1299615320273628,0.9697382353898772,3.6786589065894475,3.2863816551259464,14.196934389497196,2.70892067119957,10.91055273437125,8.20163206317168,,TRUE
2782,TRUE,FALSE,-0.2380049279793571,1.3449495018663742,7.0615052231339055,2.4909910740912524,10.308589615525653,5.7165557212675315,7.817598541434401,2.101042820166869,,TRUE
2783,TRUE,FALSE,-0.44886533502675674,0.6008421459488537,4.467806145423245,2.1671190972960828,10.286721304380551,3.866963999474392,8.11960220708447,4.252638207610078,,TRUE
2784,TRUE,FALSE,-0.39696885263084686,0.7770626278531271,4.649043866933905,2.590262033918706,10.41957342656632,3.8719812390807777,7.829311392647614,3.957330153566836,,TRUE
2785,TRUE,FALSE,-0.37510405527684476,0.8493629092326909,4.322334030437959,2.7995466960021482,9.790550881430859,3.4729711212052683,6.991004185428711,3.5180330642234425,,TRUE
2786,TRUE,FALSE,0.24447708296435414,1.3929410984040036,5.396495321423307,2.4846846529194244,12.292080001037084,4.003554223019304,9.807395348117659,5.803841125098355,,TRUE
2787,TRUE,FALSE,-0.013066685062861488,1.5229629519023318,7.199940407958487,2.634119798130423,12.291370122895774,5.6769774560561554,9.65725032476535,3.9802728687091946,,TRUE
2788,TRUE,FALSE,-0.6039558612892476,0.9889143726732594,6.407744028835481,2.7253329844244063,9.653200802153941,5.418829656162221,6.927867817729535,1.5090381615673136,,TRUE
2789,TRUE,FALSE,-0.17622066627779018,1.2872500155539277,4.730323084858594,3.2326545131422497,9.959912612811564,3.4430730693046665,6.7272580996693145,3.284185030364648,,TRUE
2790,TRUE,FALSE,-0.5354172199923206,0.7912642799350932,5.5355699410401344,2.6411976656851586,10.817152244952847,4.744305661105042,8.175954579267689,3.4316489181626473,,TRUE
2791,TRUE,FALSE,-0.37548404849412303,0.8434468234873626,4.161196016857437,3.1222170908451505,10.581638326185542,3.3177491933700742,7.4594212353403915,4.141672041970317,,TRUE
2792,TRUE,FALSE,0.0804304278074685,1.0279010026558912,3.573380465420826,2.317276715345643,8.730444542256974,2.545479462764935,6.413167826911331,3.867688364146396,,TRUE
2793,TRUE,FALSE,0.14493827807983103,1.7393800678760296,6.1867368303095684,2.1124412313012786,8.685557174218633,4.447356762433539,6.5731159429173545,2.125759180483816,,TRUE
2794,TRUE,FALSE,-0.4394536475235602,0.7692953514748375,4.533577056237376,2.772600615041716,10.528897907740348,3.7642817047625385,7.7562972926986316,3.992015587936093,,TRUE
2795,TRUE,FALSE,-0.09301905502869275,1.2023196709430544,4.579408277203342,2.8088034279566783,9.747945588939595,3.377088606260288,6.939142160982917,3.5620535547226293,,TRUE
2796,TRUE,FALSE,-0.23265782015149905,1.5693791158257668,7.637055619701488,2.8501135024258732,10.99051979118737,6.06767650387572,8.140406288761497,2.0727297848857766,,TRUE
2797,TRUE,FALSE,0.3029084231015426,1.0684729659808758,3.6356295310620563,2.968218793958921,13.67298858894557,2.5671565650811807,10.70476979498665,8.137613229905469,,TRUE
2798,TRUE,FALSE,0.34140263906731194,1.0867508056935784,3.1722764380172825,3.0384991430133788,12.478703193509935,2.085525632323704,9.440204050496556,7.354678418172852,,TRUE
2799,TRUE,FALSE,-0.16405939576466855,1.5197599608525636,6.928278119090102,2.056840446419484,7.957943072708749,5.408518158237539,5.901102626289265,0.4925844680517262,,TRUE
2800,TRUE,FALSE,-0.23403816527844623,1.281024256501183,5.884874532313339,2.4414093016992524,8.875216702019882,4.603850275812157,6.43380740032063,1.8299571245084731,,TRUE
2801,TRUE,FALSE,-0.13128768076947642,1.0290982881811896,4.174075068377608,2.546005339710897,9.056183096081996,3.1449767801964184,6.5101777563711,3.3652009761746813,,TRUE
2802,TRUE,FALSE,-0.35323693860397765,0.8720444603779346,5.2631395835894175,3.377757653912745,14.31943538208197,4.391095123211483,10.941677728169225,6.550582604957742,,TRUE
2803,TRUE,FALSE,0.3625889911778192,1.0578339355402175,3.1298494119184186,2.479988742831789,10.544501550052749,2.0720154763782013,8.064512807220959,5.992497330842758,,TRUE
2804,TRUE,FALSE,-0.4836525280928851,0.8967174090645277,5.411735991518599,2.9034959487312237,10.803254335651088,4.515018582454071,7.899758386919864,3.3847398044657933,,TRUE
2805,TRUE,FALSE,-0.4114769164767023,0.9396383583381998,6.336421152586031,2.1038002115530476,9.401250782691118,5.396782794247831,7.297450571138071,1.9006677768902396,,TRUE
2806,TRUE,FALSE,-0.3586274276079126,1.179652147059283,5.542003331012769,2.7273641565635804,8.951710647896306,4.3623511839534865,6.224346491332725,1.8619953073792388,,TRUE
2807,TRUE,FALSE,-0.1694333128415129,1.1331530702552894,5.469232665326351,2.640046427232991,10.756362517879708,4.3360795950710616,8.116316090646716,3.7802364955756547,,TRUE
2808,TRUE,FALSE,-0.34215973092995133,0.8755455626299874,3.7918230761213114,3.3589252176414055,10.331694733927412,2.916277513491324,6.972769516286006,4.056492002794682,,TRUE
2809,TRUE,FALSE,-0.3721646852125362,0.8418514931624358,4.7534794537310345,3.1486673779323566,12.253886404207556,3.9116279605685986,9.105219026275199,5.193591065706601,,TRUE
2810,TRUE,FALSE,0.1716570252588961,1.402195074478827,4.183908173461461,2.385872221625397,8.45221599142088,2.781713098982634,6.066343769795483,3.284630670812849,,TRUE
2811,TRUE,FALSE,0.24134097349462794,0.6936072230784104,2.1020125998039116,2.64542821757851,10.205416706749542,1.4084053767255011,7.559988489171031,6.151583112445531,,TRUE
2812,TRUE,FALSE,-0.5749185337032311,0.957840752688899,6.764098322006524,2.74058139457356,10.891190623083025,5.8062575693176255,8.150609228509465,2.3443516591918394,,TRUE
2813,TRUE,FALSE,-0.42929033210065026,0.9189471615989059,5.936064968120215,2.8463705581575223,11.969089680893937,5.017117806521309,9.122719122736415,4.105601316215106,,TRUE
2814,TRUE,FALSE,-0.15685593129585318,1.7531356989914368,7.405934347156433,2.773715623117955,10.016236991360257,5.652798648164996,7.242521368242302,1.5897227200773063,,TRUE
2815,TRUE,FALSE,-0.08336996034104516,0.9283641763290563,3.797500500434964,2.3953293664754463,9.01441590104691,2.8691363241059076,6.619086534571464,3.749950210465556,,TRUE
2816,TRUE,FALSE,0.02697877770253915,0.914875445543463,3.716047670458706,2.666449721923745,11.126778389253056,2.801172224915243,8.46032866732931,5.6591564424140675,,TRUE
2817,TRUE,FALSE,0.21641758918539394,1.631917534383921,5.063622975779912,2.6968377668318855,10.389794057424057,3.431705441395991,7.692956290592171,4.2612508491961805,,TRUE
2818,TRUE,FALSE,0.1787046165388317,1.5647307815728722,4.942308871726506,2.801971249005491,10.581917242172024,3.3775780901536336,7.779945993166533,4.402367903012899,,TRUE
2819,TRUE,FALSE,0.13890346690728758,2.2903862161237347,7.976539803514003,2.8506876698796098,11.407236924517672,5.686153587390268,8.556549254638062,2.870395667247794,,TRUE
2820,TRUE,FALSE,-0.4631726188527252,1.0732513070555991,5.367259671039274,2.5988344546400137,8.17855322771506,4.294008363983675,5.579718773075046,1.2857104090913714,,TRUE
2821,TRUE,FALSE,0.21517980500761094,1.8158711334373956,6.510485819570223,2.4295564166102173,10.802064413832843,4.6946146861328275,8.372507997222627,3.6778933110897993,,TRUE
2822,TRUE,FALSE,-0.3937753223323392,0.7875930767156205,4.013514067361269,2.815710541391745,9.678241544758432,3.2259209906456485,6.862531003366687,3.6366100127210386,,TRUE
2823,TRUE,FALSE,-0.02017529450287866,0.8761623166126197,4.102461802197995,2.084792101208415,9.566668153143732,3.2262994855853755,7.481876051935317,4.255576566349942,,TRUE
2824,TRUE,FALSE,0.02351724296589807,1.8619484607036576,5.859227877318511,2.746107773677314,8.847156708103492,3.9972794166148535,6.101048934426178,2.1037695178113243,,TRUE
2825,TRUE,FALSE,0.12842838957811953,1.1700988269945458,4.293505573687231,2.2829751961766256,9.525031508929615,3.1234067466926847,7.2420563127529896,4.118649566060305,,TRUE
2826,TRUE,FALSE,-0.1204867808402657,0.6930096459802373,2.993743728092557,2.525401008968875,9.671168430401647,2.30073408211232,7.1457674214327715,4.845033339320452,,TRUE
2827,TRUE,FALSE,0.06631678000239044,1.7597225452229777,7.042973646190301,2.6775142592960686,11.451033076791793,5.283251100967323,8.773518817495724,3.4902677165284004,,TRUE
2828,TRUE,FALSE,-0.1607600953329189,1.5088798263063847,7.099884829103882,2.4300464827658796,9.736301420300284,5.591005002797497,7.306254937534405,1.7152499347369075,,TRUE
2829,TRUE,FALSE,0.20355116960833017,1.236248680691086,4.468124084242387,2.488809921481744,11.025854659574096,3.231875403551301,8.537044738092352,5.30516933454105,,TRUE
2830,TRUE,FALSE,-0.601151239759025,0.9119723330181552,6.275806778183222,2.7833305853360866,10.499679113562715,5.363834445165067,7.716348528226629,2.3525140830615614,,TRUE
2831,TRUE,FALSE,-0.36219550897295694,0.8700801337118794,4.4351143318986255,3.000675968406824,10.647929241841014,3.565034198186746,7.64725327343419,4.082219075247444,,TRUE
2832,TRUE,FALSE,-0.4739177952902006,1.139747263593208,6.268381267360623,2.8096377697454824,9.620049240264873,5.128634003767415,6.810411470519391,1.681777466751976,,TRUE
2833,TRUE,FALSE,-0.04873227644024393,1.6989887891125837,7.12288850595263,2.497127522646837,9.971079888925061,5.423899716840046,7.473952366278224,2.0500526494381788,,TRUE
2834,TRUE,FALSE,-0.41373161645856754,1.3228469045752664,7.023178955513165,2.7801728876975953,9.759208465401043,5.700332050937899,6.979035577703447,1.2787035267655487,,TRUE
2835,TRUE,FALSE,-0.2510348360904837,0.8625689724297881,4.341115628691519,2.3568660771964782,9.228250676299808,3.4785466562617304,6.8713845991033295,3.392837942841599,,TRUE
2836,TRUE,FALSE,0.3991723296579885,1.1517735916545768,3.163761717619058,2.200182784934559,9.008526333729192,2.011988125964481,6.808343548794633,4.7963554228301515,,TRUE
2837,TRUE,FALSE,-0.35115668312838105,0.6390501342805445,3.911362500619256,2.7403206574625796,11.805628483832445,3.2723123663387113,9.065307826369866,5.792995460031154,,TRUE
2838,TRUE,FALSE,0.12569194063682554,1.4016878150911107,5.411211789961349,2.4808502193178894,10.860031752010421,4.0095239748702385,8.379181532692531,4.3696575578222925,,TRUE
2839,TRUE,FALSE,0.41951959488577967,1.3690613610494866,4.021472192857749,2.768342701798081,12.37020945851934,2.652410831808262,9.60186675672126,6.949455924912997,,TRUE
2840,TRUE,FALSE,0.09586662747952185,0.7883570618192192,2.6418117082461796,2.344175580246225,8.645764131065539,1.8534546464269606,6.3015885508193135,4.448133904392353,,TRUE
2841,TRUE,FALSE,-0.20137877722010397,1.2440502966124007,5.914543315341134,3.1578680931745846,12.274945458114384,4.670493018728733,9.1170773649398,4.446584346211067,,TRUE
2842,TRUE,FALSE,0.19996683278132732,1.0096397342387862,3.8054342910920798,2.9131227750444206,13.410379684920908,2.7957945568532936,10.497256909876487,7.701462353023194,,TRUE
2843,TRUE,FALSE,-0.5040636863907229,0.7059840256126209,4.125687761821759,2.4192400310813484,8.54020636559409,3.419703736209138,6.120966334512741,2.7012625983036034,,TRUE
2844,TRUE,FALSE,-0.5493375524323973,0.8641789168785783,6.234497521159159,2.442280943720901,10.172299604366854,5.37031860428058,7.730018660645953,2.359700056365373,,TRUE
2845,TRUE,FALSE,-0.563712207639072,0.9154362487495266,5.952815231191882,2.4659079543350764,9.125445124116185,5.037378982442355,6.6595371697811085,1.6221581873387532,,TRUE
2846,TRUE,FALSE,-0.5278555909861241,0.9548659711651021,6.304938904964302,2.628880346239756,10.239164380452497,5.3500729337992,7.610284034212741,2.2602111004135415,,TRUE
2847,TRUE,FALSE,0.4264533110936862,1.5528521743879364,5.433486024209031,2.2147844625395923,11.870970554430635,3.880633849821094,9.656186091891042,5.775552242069948,,TRUE
2848,TRUE,FALSE,-0.5075279913319266,0.8344705648772123,5.092453337473273,2.884374060749279,10.596221095135178,4.257982772596061,7.711847034385899,3.453864261789838,,TRUE
2849,TRUE,FALSE,-0.4167299634920579,0.8987259971988746,4.920976428572245,3.4487904344916616,12.448220194915445,4.0222504313733705,8.999429760423784,4.977179329050413,,TRUE
2850,TRUE,FALSE,0.0729460799152929,1.4374257266115371,6.162625246082647,1.9858363761692885,9.158068487748144,4.72519951947111,7.172232111578856,2.447032592107746,,TRUE
2851,TRUE,FALSE,-0.735597986776629,0.5779890096539166,5.246164375099052,2.582644892313037,11.233649328255993,4.668175365445135,8.651004435942955,3.9828290704978198,,TRUE
2852,TRUE,FALSE,-0.3928304056187819,0.8485910221139374,3.932619839625728,2.900154002951698,9.07403637543293,3.0840288175117907,6.173882372481232,3.0898535549694417,,TRUE
2853,TRUE,FALSE,-0.1478498036972755,0.8222012563363197,4.06481938782181,2.264566378998371,9.656901878121317,3.2426181314854903,7.392335499122947,4.149717367637456,,TRUE
2854,TRUE,FALSE,-0.7191800570407035,0.7427333225536886,6.110680001638292,3.087402562221738,12.37410972410894,5.367946679084603,9.286707161887202,3.9187604828025995,,TRUE
2855,TRUE,FALSE,-0.5481433345465375,0.7207610899348866,5.19850141338323,2.2050760910185083,9.192947669132888,4.4777403234483435,6.98787157811438,2.510131254666036,,TRUE
2856,TRUE,FALSE,-0.771997759991828,0.951222513559834,6.185312493817755,2.936159920262619,8.822361803645082,5.234089980257921,5.886201883382463,0.6521119031245419,,TRUE
2857,TRUE,FALSE,-0.24027609083656098,0.8141864879734714,4.009961459215078,2.4102749633715486,9.33538679877359,3.195774971241607,6.92511183540204,3.7293368641604334,,TRUE
2858,TRUE,FALSE,-0.11329579173248404,1.6530280901259415,6.2453335617391526,2.7225726144206295,9.184407399946982,4.592305471613211,6.461834785526353,1.8695293139131417,,TRUE
2859,TRUE,FALSE,0.1242030736106242,1.0771183602590904,3.5161169859046026,2.577557929453408,9.526843511423099,2.438998625645512,6.949285581969691,4.510286956324179,,TRUE
2860,TRUE,FALSE,-0.5645643658708749,0.8479314479357047,5.29220905358277,3.09672852637271,10.989860880940126,4.444277605647065,7.893132354567417,3.4488547489203514,,TRUE
2861,TRUE,FALSE,-0.009308614960658134,1.2557422131061227,4.106922336884285,2.6447940685264526,8.56969131448852,2.851180123778162,5.924897245962066,3.073717122183904,,TRUE
2862,TRUE,FALSE,0.34392474156337344,0.8667184360968193,2.5132731005048004,2.6721161675611476,10.929029559671816,1.6465546644079812,8.256913392110668,6.610358727702687,,TRUE
2863,TRUE,FALSE,-0.20709123793568318,1.050704929428964,5.339014333527787,3.2125998259296904,13.270838579138838,4.288309404098824,10.058238753209148,5.769929349110324,,TRUE
2864,TRUE,FALSE,0.13053500039814409,0.9651595264589764,3.5615863846864193,2.333807781159022,9.812961492591224,2.596426858227443,7.479153711432202,4.882726853204759,,TRUE
2865,TRUE,FALSE,0.37278132269365016,1.018068374473418,3.784585800109987,2.2408772573848332,12.093620863847706,2.766517425636569,9.852743606462873,7.086226180826304,,TRUE
2866,TRUE,FALSE,-0.18412552090896742,1.0297397309963947,5.4850067052348415,2.6686938865865737,11.824526425564725,4.455266974238446,9.155832538978151,4.700565564739705,,TRUE
2867,TRUE,FALSE,-0.7983414886626431,1.100842071699742,7.39328367113605,2.9636223426185775,8.95818254349418,6.292441599436308,5.994560200875602,-0.2978813985607056,,TRUE
2868,TRUE,FALSE,-0.11780999046372921,1.504419654710803,6.340075188246538,2.3187660566453028,8.685965801982217,4.835655533535735,6.367199745336914,1.5315442118011795,,TRUE
2869,TRUE,FALSE,-0.06763354395707875,1.6681281668584302,5.512957127869935,3.393766702035046,10.482486430148871,3.8448289610115047,7.088719728113825,3.24389076710232,,TRUE
2870,TRUE,FALSE,0.2348791918248534,0.7859643149244028,2.792990834684496,2.502286028115452,11.246318278965497,2.007026519760093,8.744032250850044,6.737005731089951,,TRUE
2871,TRUE,FALSE,-0.5417939787197732,0.9419826460583988,6.1580983498380375,3.0498313018899323,11.597954507184761,5.216115703779638,8.548123205294829,3.33200750151519,,TRUE
2872,TRUE,FALSE,-0.4157896330771223,1.195199608801287,7.205276996166721,2.361836147804422,9.394742063199566,6.010077387365434,7.032905915395144,1.0228285280297102,,TRUE
2873,TRUE,FALSE,-0.08033660971467955,1.2407263344987578,5.018242743666161,2.316642555264022,8.646591637448969,3.7775164091674034,6.329949082184947,2.5524326730175435,,TRUE
2874,TRUE,FALSE,-0.3709893302889887,1.1030919730476623,5.889773183620584,2.604720024985385,9.596862576224238,4.786681210572922,6.992142551238853,2.2054613406659307,,TRUE
2875,TRUE,FALSE,-0.26866205041744096,1.520583992308813,6.748201188836179,2.775981810365688,9.417069549567238,5.2276171965273655,6.6410877392015495,1.413470542674184,,TRUE
2876,TRUE,FALSE,-0.06924510795346699,1.0703712631135058,4.334373525480822,2.5395045584354565,9.595511331386653,3.264002262367316,7.056006772951196,3.7920045105838804,,TRUE
2877,TRUE,FALSE,-0.11051445646123344,1.2261111577378037,5.326672141529716,2.9545166977411728,11.492559270983381,4.100560983791913,8.538042573242208,4.437481589450296,,TRUE
2878,TRUE,FALSE,-0.7509379381800824,0.7730273113826661,6.022354440837698,3.7997770893221685,13.970160351286287,5.249327129455032,10.170383261964119,4.921056132509087,,TRUE
2879,TRUE,FALSE,0.2504856230922084,1.5282280152434211,5.41326667507996,2.4780620514764955,11.276334921460368,3.885038659836539,8.798272869983872,4.913234210147333,,TRUE
2880,TRUE,FALSE,-0.4492603704737974,1.2946720245911794,7.399595734553987,3.328065618451032,12.137487908592604,6.104923709962808,8.809422290141573,2.7044985801787647,,TRUE
2881,TRUE,FALSE,-0.2631010395487623,1.4099638272813595,7.929404846577176,2.814263306015847,12.16561362841586,6.519441019295817,9.351350322400013,2.8319093031041955,,TRUE
2882,TRUE,FALSE,0.07420383604307164,1.0531891059145646,4.097642854491275,2.5728392322507756,10.781190278571287,3.04445374857671,8.208351046320512,5.1638972977438025,,TRUE
2883,TRUE,TRUE,-0.15818258926222992,0.8054392446877638,3.9811177577067376,2.4714047849578695,10.428414738110865,3.1756785130189735,7.957009953152996,4.781331440134022,,TRUE
2884,TRUE,FALSE,-0.2031286462935629,0.9644065661701893,4.3005162666569845,2.9959728647426385,10.903869909662168,3.3361097004867952,7.90789704491953,4.571787344432734,,TRUE
2885,TRUE,FALSE,-0.042694568771309165,1.376241222711711,5.620251352594999,2.5990710114402917,10.17038296132674,4.244010129883288,7.571311949886447,3.327301820003159,,TRUE
2886,TRUE,FALSE,-0.5929457716827236,0.8795750228897757,6.167125023913408,2.5649713874321654,9.939838145912297,5.287550001023632,7.374866758480132,2.0873167574564997,,TRUE
2887,TRUE,FALSE,-0.329541353984232,1.222691129463964,5.934009439781334,2.6875903158185324,9.381592119672765,4.7113183103173695,6.694001803854233,1.9826834935368636,,TRUE
2888,TRUE,FALSE,0.3168584062071158,1.649627808564653,5.814114358847131,2.480138628083208,12.000059916884481,4.1644865502824775,9.519921288801275,5.355434738518797,,TRUE
2889,TRUE,FALSE,-0.7043876996246672,0.6274061424321549,4.920471888128751,2.791596636429463,10.824278655345214,4.293065745696596,8.03268201891575,3.739616273219154,,TRUE
2890,TRUE,FALSE,-0.4059509839743405,1.2211367298926896,7.342893180096504,2.3821945931052526,9.545042762072027,6.121756450203814,7.162848168966775,1.041091718762961,,TRUE
2891,TRUE,FALSE,-0.2654220244243046,0.9209934648957587,5.021412372480497,2.6307483702267174,10.999611063953973,4.100418907584738,8.368862693727255,4.268443786142517,,TRUE
2892,TRUE,FALSE,-0.011047315940054986,0.8042398954489842,2.8435837242732465,3.5502498547552155,12.414851716607604,2.0393438288242622,8.864601861852389,6.825258033028127,,TRUE
2893,TRUE,FALSE,-0.34895743684918706,0.8383482154007554,4.680831652411788,2.9107956872342635,11.464629155000035,3.842483437011033,8.55383346776577,4.711350030754737,,TRUE
2894,TRUE,FALSE,-0.011101283738384116,0.9711626030677584,3.468025762318893,2.878860235864992,10.166927327993672,2.4968631592511343,7.2880670921286805,4.791203932877546,,TRUE
2895,TRUE,FALSE,-0.48964269899918555,0.8678074918042664,6.448607960572312,2.451832574814423,11.165656637251672,5.580800468768046,8.713824062437249,3.1330235936692032,,TRUE
2896,TRUE,FALSE,-0.19827701020893032,0.6703301329227903,3.2437592296125963,2.842983545858783,11.282974412614555,2.573429096689806,8.439990866755773,5.866561770065967,,TRUE
2897,TRUE,FALSE,-0.23624913067767198,1.2112376386384427,5.393388400182783,3.245023159931435,11.409022741802236,4.1821507615443405,8.1639995818708,3.9818488203264604,,TRUE
2898,TRUE,FALSE,-0.5476754203043951,0.93078841787897,6.587964476576554,2.3757105079185044,9.723920148771393,5.6571760586975834,7.348209640852889,1.6910335821553053,,TRUE
2899,TRUE,FALSE,-0.7962788268115165,1.1146784838381147,8.88173132005288,2.8429364217212143,10.216347577006305,7.7670528362147655,7.3734111552850905,-0.393641680929675,,TRUE
2900,TRUE,FALSE,-0.4008049583473015,1.0299160257272384,5.355180617721043,2.8155130961157853,9.805335932642631,4.325264591993805,6.989822836526846,2.6645582445330414,,TRUE
2901,TRUE,FALSE,-0.49055968289146507,1.0378066029513051,5.306441816287211,2.9843772609283836,9.343150318295834,4.268635213335905,6.358773057367451,2.0901378440315455,,TRUE
2902,TRUE,FALSE,-0.02655924284976854,0.8256596558938912,3.648916338204099,2.733502641148639,11.763804732606104,2.823256682310208,9.030302091457465,6.2070454091472564,,TRUE
2903,TRUE,FALSE,-0.2553407727737724,1.2880881170193275,6.849304230059615,2.967259907532536,12.22259392232834,5.561216113040287,9.255334014795803,3.694117901755516,,TRUE
2904,TRUE,FALSE,-0.059458405733197175,1.3177631897732276,5.767158778209968,2.7068358654000564,11.162565009504068,4.44939558843674,8.455729144104012,4.006333555667272,,TRUE
2905,TRUE,FALSE,-0.32224054582688444,0.7298965554998513,4.088343830942564,2.469150143041312,10.020428812273384,3.358447275442712,7.5512786692320715,4.192831393789359,,TRUE
2906,TRUE,FALSE,0.031903150152531826,1.1522761010296416,5.063197412669468,2.5787210778971303,11.698442330832165,3.9109213116398265,9.119721252935035,5.208799941295208,,TRUE
2907,TRUE,FALSE,-0.40526933922598946,1.4103129389266023,7.994293433260236,2.6762914643189246,10.115602754962927,6.583980494333633,7.439311290644002,0.8553307963103691,,TRUE
2908,TRUE,FALSE,-0.6565757245986882,1.2833621665456503,9.105287088317283,2.7765555760923357,10.216533610718475,7.8219249217716325,7.439978034626139,-0.3819468871454932,,TRUE
2909,TRUE,FALSE,-0.25659875487947537,0.9061213807562938,4.704859498751487,3.210022101620801,12.895223681070268,3.7987381179951933,9.685201579449467,5.886463461454274,,TRUE
2910,TRUE,FALSE,-0.062046240043099325,1.3947833750523988,6.831955671157589,2.4828190620027084,11.429757307539546,5.4371722961051905,8.946938245536838,3.5097659494316478,,TRUE
2911,TRUE,FALSE,-0.21440435416955533,0.9484701013929419,4.620486676988852,2.5674964668609084,10.093907111499941,3.67201657559591,7.526410644639033,3.854394069043123,,TRUE
2912,TRUE,FALSE,-0.04531349183123244,0.7599329848750574,3.953883797046083,2.2412677713937628,11.144560666779105,3.1939508121710256,8.903292895385341,5.709342083214316,,TRUE
2913,TRUE,FALSE,-0.20247215779602457,0.7914096051409022,4.170230950132219,2.4606140534428524,10.589360889651497,3.378821344991317,8.128746836208645,4.749925491217327,,TRUE
2914,TRUE,FALSE,-0.3824087968681035,0.8405999774552955,4.668840235269907,3.018168196864947,11.436287037399659,3.8282402578146115,8.418118840534712,4.5898785827201,,TRUE
2915,TRUE,FALSE,-0.20733246869428504,0.877222434406502,4.171760503225254,2.4203050716710393,9.354840816373166,3.294538068818752,6.934535744702126,3.639997675883374,,TRUE
2916,TRUE,FALSE,0.1340698779946537,1.3604955597727681,4.588137812048844,2.395336223943778,9.237014298214456,3.227642252276076,6.841678074270678,3.6140358219946025,,TRUE
2917,TRUE,FALSE,-0.4859890354726656,0.9606385749777737,6.469821594463482,2.894448314160193,11.990456714328754,5.509183019485707,9.09600840016856,3.5868253806828534,,TRUE
2918,TRUE,FALSE,-0.583101250176319,0.9784233805122539,6.508756747053245,2.981156359474209,11.069253118633164,5.530333366540991,8.088096759158955,2.5577633926179635,,TRUE
2919,TRUE,FALSE,-0.027545311447036334,1.7288072022701766,7.077634619342647,2.4577494791796335,9.788506000266597,5.348827417072471,7.330756521086964,1.981929104014493,,TRUE
2920,TRUE,FALSE,-0.24364346855573435,1.4721483284745684,6.478536581991835,2.287791533185608,7.890940699704016,5.006388253517267,5.603149166518408,0.5967609130011411,,TRUE
2921,TRUE,FALSE,0.006155445354268779,0.9981918550949838,4.983661292504033,2.70894723261583,13.608439224434367,3.9854694374090496,10.899491991818536,6.914022554409486,,TRUE
2922,TRUE,FALSE,-0.2512246572816549,1.19823528236414,5.207765956615478,3.2071261704052185,10.842262513205355,4.009530674251337,7.635136342800137,3.6256056685487996,,TRUE
2923,TRUE,FALSE,-0.8984039535344568,0.8077032944493622,6.371644613247317,2.8614430070474293,9.192061278411455,5.563941318797955,6.330618271364026,0.7666769525660708,,TRUE
2924,TRUE,FALSE,-0.15074224370370232,0.9305728258874821,4.653663013586155,2.89992114976399,12.472807792824886,3.723090187698673,9.572886643060896,5.849796455362222,,TRUE
2925,TRUE,FALSE,-0.2461982512478717,0.8153536039165523,4.177117932455209,2.035770589607102,8.153367833225175,3.3617643285386567,6.117597243618073,2.7558329150794165,,TRUE
2926,TRUE,FALSE,-0.5175217029104913,0.9039464531826743,5.846984961915152,2.4734204013337204,9.535212818160002,4.943038508732478,7.061792416826281,2.1187539080938027,,TRUE
2927,TRUE,TRUE,0.16504483837392353,1.2788054493842824,5.027292748451436,2.244831758241423,10.408581756993069,3.7484872990671536,8.163749998751646,4.415262699684492,,TRUE
2928,TRUE,FALSE,-0.23238341942709506,1.3515500299859131,6.164310479644939,2.49495370745448,9.019698766416404,4.812760449659026,6.5247450589619245,1.711984609302898,,TRUE
2929,TRUE,FALSE,-0.26230877523705076,0.9138969419694928,3.8723798721269866,3.1493644779216106,10.265601491693594,2.9584829301574938,7.116237013771984,4.15775408361449,,TRUE
2930,TRUE,FALSE,-0.23660795368115062,1.2087228499696898,4.744255640398839,3.0929120603287137,9.581894697990812,3.5355327904291487,6.488982637662098,2.9534498472329496,,TRUE
2931,TRUE,FALSE,-0.12746769963722213,0.9306772484460595,4.9187063564524705,2.448100981213466,11.389970741117285,3.988029108006411,8.941869759903819,4.953840651897408,,TRUE
2932,TRUE,FALSE,0.21971082570777242,1.2132455845243564,3.9278065091340713,2.695020341660166,10.868825416570509,2.7145609246097147,8.173805074910343,5.459244150300628,,TRUE
2933,TRUE,FALSE,-0.18130850089146527,1.0810533538023708,5.24958057126627,2.4912447350910383,10.09142715728772,4.1685272174638985,7.600182422196681,3.431655204732783,,TRUE
2934,TRUE,FALSE,-0.26481706311884207,0.8335620723029913,4.4698135774419,2.7014149225424076,11.11563224782882,3.6362515051389086,8.414217325286412,4.777965820147504,,TRUE
2935,TRUE,FALSE,-0.479870799832408,1.237752190877402,7.121336670443457,2.4063603055535294,8.568074399736972,5.883584479566054,6.161714094183442,0.27812961461738794,,TRUE
2936,TRUE,FALSE,-0.45491759369969803,0.6896906468152224,3.525916499837034,2.69356370204723,8.737289727454385,2.8362258530218116,6.043726025407155,3.2075001723853434,,TRUE
2937,TRUE,FALSE,-0.3348223856530491,1.2540469241514274,6.363134739469253,2.4202714498134643,8.78637824909595,5.109087815317825,6.366106799282486,1.2570189839646604,,TRUE
2938,TRUE,FALSE,-0.5044894787926503,0.8098043361613656,5.321176337039716,2.4323214113338567,9.650537869128668,4.5113720008783496,7.218216457794811,2.7068444569164614,,TRUE
2939,TRUE,FALSE,-0.03270627574595495,1.1250405691674836,4.381286144546448,2.964955672980372,11.174998783097372,3.2562455753789643,8.210043110117,4.953797534738037,,TRUE
2940,TRUE,FALSE,0.03919111088548704,1.183898403912135,5.764084987826872,2.7113689453190517,13.728561743533902,4.580186583914737,11.01719279821485,6.437006214300113,,TRUE
2941,TRUE,FALSE,0.291801433601778,1.2238908229566228,3.438568473663013,2.872986877631911,10.806782068284978,2.21467765070639,7.933795190653067,5.7191175399466765,,TRUE
2942,TRUE,FALSE,-0.566301850247626,0.9247021062649953,5.71523723806676,2.932611652660166,10.288337511383489,4.790535131801765,7.355725858723323,2.565190726921558,,TRUE
2943,TRUE,FALSE,-0.44758599943763916,1.275616205613148,6.056144495193228,2.971911468921715,9.018367706548446,4.78052828958008,6.046456237626731,1.2659279480466505,,TRUE
2944,TRUE,FALSE,-0.03687222705421553,1.8453240204242904,6.426032201990994,3.436530502038296,11.533923347367601,4.5807081815667035,8.097392845329304,3.516684663762601,,TRUE
2945,TRUE,FALSE,-0.29408670793597885,0.8421983916111055,3.872681873436247,3.0428531053380508,10.426971050739022,3.0304834818251414,7.3841179454009715,4.35363446357583,,TRUE
2946,TRUE,FALSE,-0.13086260652596995,1.2683221312977682,4.798719601050987,2.7497177324807223,9.127482517529785,3.5303974697532188,6.377764785049063,2.8473673152958443,,TRUE
2947,TRUE,FALSE,-0.11621030064848767,0.9581503873709835,4.263343574050669,2.8006090270905193,11.094293358800368,3.3051931866796855,8.293684331709848,4.988491145030162,,TRUE
2948,TRUE,FALSE,-0.1274230842190404,1.0730832715039962,5.4247736890370275,2.4154921293940035,10.750153975539222,4.351690417533032,8.334661846145218,3.9829714286121867,,TRUE
2949,TRUE,FALSE,-0.010285271125993872,0.8395074244503543,3.8575400955123342,2.2025413696479315,10.017126204145109,3.01803267106198,7.814584834497177,4.796552163435197,,TRUE
2950,TRUE,FALSE,0.6013392899333754,1.2632160886588735,2.979403966148177,2.628459855266736,11.311271507085594,1.7161878774893036,8.68281165181886,6.966623774329555,,TRUE
2951,TRUE,FALSE,-0.4866149418754287,1.2736718990970068,7.415065996329857,2.4892351247068913,8.908184229723492,6.14139409723285,6.418949105016601,0.277555007783751,,TRUE
2952,TRUE,FALSE,-0.37295101035399975,1.7358931457316513,9.164187613408988,3.6200702165678247,13.161864392776955,7.428294467677336,9.54179417620913,2.113499708531794,,TRUE
2953,TRUE,FALSE,-0.13716535932937704,0.8102832351242304,4.008358458613032,1.914028448929118,8.254826108831782,3.198075223488802,6.340797659902664,3.1427224364138624,,TRUE
2954,TRUE,FALSE,-0.5240595455212324,1.0396956733826188,6.651567486144437,2.745901867163677,10.401754720582575,5.611871812761818,7.6558528534188985,2.043981040657081,,TRUE
2955,TRUE,FALSE,0.01952718106865213,1.6475695211018684,6.014519707660663,3.497964808036827,13.02126525308612,4.366950186558795,9.523300445049294,5.156350258490499,,TRUE
2956,TRUE,FALSE,0.31711754297897427,1.079932051184484,3.3003552494267057,2.3685928733047925,9.939786960473683,2.2204231982422216,7.57119408716889,5.350770888926668,,TRUE
2957,TRUE,FALSE,0.2237816007150093,0.7464058136135092,3.0930523140198662,2.5104746621861334,13.012334200075374,2.346646500406357,10.50185953788924,8.155213037482884,,TRUE
2958,TRUE,FALSE,-0.4952188655772795,1.1904979241725848,5.452239393548643,2.8032914348705567,7.824267740662371,4.261741469376059,5.020976305791814,0.7592348364157555,,TRUE
2959,TRUE,FALSE,-0.5726051797314661,1.029058846516779,7.099209344182299,2.485716677248369,9.672575509095402,6.070150497665519,7.186858831847033,1.1167083341815136,,TRUE
2960,TRUE,FALSE,-0.3324356036474673,1.4530298340732695,8.002146231224172,2.5171240676204767,9.941722253884612,6.549116397150902,7.424598186264134,0.8754817891132323,,TRUE
2961,TRUE,FALSE,-0.17936332512678282,0.9855341299720265,4.329420817356365,2.6430465627120237,9.704349831260291,3.3438866873843383,7.061303268548268,3.7174165811639295,,TRUE
2962,TRUE,TRUE,-0.5469409323764906,0.6797537997874858,3.69629865142699,2.568956353690379,8.084230853514452,3.0165448516395044,5.5152744998240735,2.498729648184569,,TRUE
2963,TRUE,FALSE,-0.09673839665750154,1.1460747776372455,4.467377350840636,3.255281186186981,11.519012234639481,3.32130257320339,8.2637310484525,4.942428475249111,,TRUE
2964,TRUE,FALSE,-0.21551059069703085,1.4025277202357866,6.411142011648009,2.81873326917872,10.386826192419003,5.008614291412222,7.5680929232402825,2.5594786318280605,,TRUE
2965,TRUE,FALSE,-0.2886379078399383,0.7078131746860928,4.454109622513469,2.485674154994989,11.720134767387648,3.746296447827376,9.23446061239266,5.4881641645652834,,TRUE
2966,TRUE,FALSE,-0.3330103312237842,1.032043806574814,4.997906013795655,3.240630722359025,11.248508702808705,3.965862207220841,8.00787798044968,4.042015773228838,,TRUE
2967,TRUE,FALSE,-0.23071483264416465,1.054763383531272,5.189656816103281,3.297962999699541,12.883420891594449,4.134893432572009,9.585457891894908,5.450564459322899,,TRUE
2968,TRUE,FALSE,-0.037082043323667664,1.3075853369334942,4.7986625588292995,3.079039088846661,10.888319229141322,3.4910772218958055,7.8092801402946606,4.318202918398855,,TRUE
2969,TRUE,FALSE,-0.27096339481958215,1.2987372833250554,7.092855787188404,2.372876821319771,9.883189180875872,5.7941185038633485,7.510312359556101,1.7161938556927527,,TRUE
2970,TRUE,FALSE,-0.03921153490318813,1.0038219593607438,4.008581742660623,2.609484010158948,10.019806599502093,3.004759783299879,7.410322589343146,4.4055628060432666,,TRUE
2971,TRUE,FALSE,0.0826825024753404,1.2023846647850285,5.86956576090734,1.827130652642647,9.68814660723357,4.667181096122312,7.861015954590923,3.1938348584686107,,TRUE
2972,TRUE,FALSE,-0.6722534797218754,1.0136393800176118,5.271877400651914,2.749208194403201,7.300178518215223,4.258238020634303,4.550970323812022,0.29273230317771937,,TRUE
2973,TRUE,FALSE,-0.1842529002862748,0.7817817674341115,3.8321332604306506,2.4911425323348237,10.1562556478994,3.050351492996539,7.665113115564576,4.614761622568038,,TRUE
2974,TRUE,FALSE,-0.08718463583798455,0.8842959570189274,4.19570427498102,2.388012927047557,10.384368665850307,3.311408317962093,7.99635573880275,4.684947420840658,,TRUE
2975,TRUE,FALSE,-0.0828255331836923,1.212675457801316,4.972864757529237,3.1217300710357816,11.783837251466501,3.760189299727921,8.66210718043072,4.901917880702799,,TRUE
2976,TRUE,FALSE,0.03405567208509853,1.4319507494734594,5.776045829726551,2.8535534611212574,11.909094823950852,4.344095080253092,9.055541362829594,4.711446282576501,,TRUE
2977,TRUE,FALSE,-0.22985898282887327,0.8656881828719806,4.881216448509014,2.0557961060277066,9.211283057313643,4.015528265637034,7.155486951285937,3.139958685648903,,TRUE
2978,TRUE,FALSE,0.09146114624417799,0.6260594850703303,2.192972374814236,2.1345362345124874,8.19298507642701,1.5669128897439055,6.058448841914523,4.491535952170618,,TRUE
2979,TRUE,FALSE,0.2611414796714784,1.6489240644443417,4.262090438461194,2.7214905649708747,9.133582193552323,2.6131663740168527,6.412091628581448,3.7989252545645957,,TRUE
2980,TRUE,FALSE,-0.025542170213159743,1.910873872670031,8.503224172418609,2.6965811098979944,11.696940225547811,6.592350299748578,9.000359115649816,2.4080088159012387,,TRUE
2981,TRUE,FALSE,-0.22670759051299647,1.1923520839048511,6.066267656971935,2.856490135199161,11.584890317352416,4.873915573067084,8.728400182153255,3.854484609086171,,TRUE
2982,TRUE,FALSE,0.1606932389188167,1.1469437588079423,4.343675922943486,2.599787811310512,11.562224117068457,3.196732164135544,8.962436305757944,5.7657041416223995,,TRUE
2983,TRUE,FALSE,-0.23116964601250636,0.802394335997667,4.038854307983905,2.5115278302500803,10.032579878176689,3.2364599719862377,7.5210520479266085,4.28459207594037,,TRUE
2984,TRUE,FALSE,-0.79373324480905,0.7028581247498925,6.128750463735023,3.3517331228342506,13.214773767625527,5.425892338985131,9.863040644791276,4.437148305806145,,TRUE
2985,TRUE,FALSE,0.24935006916676647,1.80385034846239,5.123699582653144,2.3676675067017996,8.629690622364514,3.3198492341907535,6.262023115662714,2.9421738814719607,,TRUE
2986,TRUE,FALSE,-0.46592064867419075,0.5025190583457305,3.0132076117620974,3.5931942045483716,13.521050734182534,2.510688553416367,9.927856529634163,7.4171679762177956,,TRUE
2987,TRUE,FALSE,-0.4438246610177254,1.249151472048305,7.377972833941828,2.5421534828279406,9.633256275914096,6.1288213618935234,7.091102793086156,0.9622814311926327,,TRUE
2988,TRUE,FALSE,-0.1810413171330448,1.2484764416124954,5.002116329008058,2.41272360385383,8.065954422103527,3.753639887395563,5.653230818249697,1.899590930854134,,TRUE
2989,TRUE,FALSE,-0.3056678729212111,1.0806062513491572,4.853032949853514,3.0266417150558076,10.012831491049226,3.772426698504357,6.986189775993418,3.2137630774890615,,TRUE
2990,TRUE,FALSE,-0.7809111039372855,0.8081105277447466,6.371920807765781,2.568471618123095,9.275321943765764,5.563810280021034,6.7068503256426695,1.1430400456216354,,TRUE
2991,TRUE,FALSE,0.04895883063938463,1.6061020973346194,6.700214817156487,2.577089949602964,11.29035779160282,5.094112719821868,8.713267841999857,3.6191551221779887,,TRUE
2992,TRUE,FALSE,-0.3185581735310716,0.8749500518633367,5.890148789107039,2.188773756469996,10.715089925932253,5.015198737243702,8.526316169462257,3.5111174322185548,,TRUE
2993,TRUE,FALSE,-0.34987013716575033,0.764201229818295,5.148430453005895,2.1121228532521203,10.028584171523446,4.3842292231876,7.916461318271326,3.5322320950837254,,TRUE
2994,TRUE,FALSE,0.2539410361856892,1.3607682416640825,3.8242790206526402,3.0009344027958926,10.871941307111245,2.4635107789885575,7.871006904315352,5.407496125326794,,TRUE
2995,TRUE,FALSE,-0.5686264056439699,0.6662588836746713,4.391085122805535,3.060692264562194,11.423447734552665,3.7248262391308637,8.362755469990471,4.637929230859608,,TRUE
2996,TRUE,FALSE,-0.3884986691342228,1.090935621376339,6.120160054297684,2.664057432543822,10.134081959835738,5.029224432921345,7.4700245272919155,2.4408000943705703,,TRUE
2997,TRUE,FALSE,0.3665947586158481,1.4017427290652316,3.862271081679936,3.2179245861580785,12.792646025071713,2.4605283526147046,9.574721438913635,7.11419308629893,,TRUE
2998,TRUE,FALSE,-0.1326646249105564,1.0452543179242322,4.855471284655052,2.469646491537092,10.046821757555643,3.81021696673082,7.577175266018551,3.766958299287731,,TRUE
2999,TRUE,FALSE,-0.020823519698270426,0.9313279881451303,3.729034541927835,2.6170055613351093,10.262539874944236,2.797706553782705,7.645534313609128,4.847827759826423,,TRUE
3000,TRUE,TRUE,-0.49401976499931277,0.6413481329513309,3.471334328416825,2.999638891875613,9.90652925185977,2.8299861954654943,6.906890359984157,4.0769041645186626,,TRUE
3001,TRUE,FALSE,-0.6341071545326848,0.8614998530742085,6.214305959410741,3.2303761768588775,12.359510896614063,5.352806106336532,9.129134719755186,3.776328613418654,,TRUE
3002,TRUE,FALSE,-0.21419295671534658,1.4910081813027711,7.292497264144262,2.4319637683350646,9.60131083146248,5.801489082841491,7.169347063127416,1.3678579802859252,,TRUE
3003,TRUE,FALSE,0.10199740231077883,0.9145644112032398,3.6250165695839565,2.1457981907635295,9.4184943652903,2.7104521583807166,7.272696174526771,4.562244016146054,,TRUE
3004,TRUE,FALSE,-0.19380650070705518,0.8284783666604472,3.5483646325810865,2.4146587874985865,8.519885246026718,2.719886265920639,6.105226458528131,3.385340192607492,,TRUE
3005,TRUE,FALSE,-0.5978866612874887,0.7471441470898453,5.347793016345195,2.5210814811146824,9.924261416275714,4.600648869255349,7.403179935161031,2.802531065905682,,TRUE
3006,TRUE,FALSE,0.24979185364830164,1.6919531129843708,5.315475902297231,2.7981058239335987,11.28499026832027,3.62352278931286,8.486884444386671,4.8633616550738115,,TRUE
3007,TRUE,FALSE,-0.15342362599475967,1.396806782493741,5.78917047967391,2.929534439738223,10.41471949806305,4.392363697180169,7.485185058324827,3.092821361144658,,TRUE
3008,TRUE,FALSE,-0.4190067071285704,0.7803660628737195,5.256270774216651,2.400100303826884,10.632525831706028,4.475904711342931,8.232425527879144,3.756520816536213,,TRUE
3009,TRUE,FALSE,0.04808729618375476,1.1883237500033768,5.184765887323819,2.09372382409501,9.585125778740082,3.9964421373204426,7.491401954645072,3.4949598173246295,,TRUE
3010,TRUE,FALSE,-0.8267428917663264,1.4727840435562092,10.143626729570428,2.359949511261985,7.110612714704737,8.670842686014218,4.750663203442752,-3.9201794825714664,,TRUE
3011,TRUE,FALSE,-0.2529882117897723,1.095680675144495,5.215663237900636,2.2897876639910963,8.463487699647594,4.1199825627561415,6.1737000356564975,2.053717472900356,,TRUE
3012,TRUE,FALSE,-0.00983288388613482,0.7039099405831764,3.2853524964448972,2.274132077652722,10.510180919194724,2.581442555861721,8.236048841542003,5.6546062856802815,,TRUE
3013,TRUE,FALSE,-0.25223577023363486,0.8498407593566645,3.38546561729453,2.892510526725461,8.95387848023091,2.5356248579378655,6.061367953505449,3.525743095567584,,TRUE
3014,TRUE,FALSE,-0.37360341216164605,1.0715751857053895,5.444476007802797,2.850958212884003,9.96943145379916,4.372900822097408,7.118473240915157,2.7455724188177486,,TRUE
3015,TRUE,FALSE,-0.16135963623473998,1.0297497456940685,5.037815636010272,2.629429119499901,10.946983039266724,4.008065890316203,8.317553919766823,4.30948802945062,,TRUE
3016,TRUE,FALSE,0.06576220982510529,0.9919937339313665,3.928035890018636,2.2252422671079493,9.410311153863933,2.93604215608727,7.1850688867559835,4.249026730668714,,TRUE
3017,TRUE,FALSE,-0.37388781528267534,0.8808760789893751,4.651817923367418,2.702903314818082,9.821119311167738,3.770941844378043,7.118215996349656,3.347274151971613,,TRUE
3018,TRUE,FALSE,-0.5747206190123335,0.8596554908385332,6.211734664575818,2.5692331636962393,10.449463198598346,5.352079173737285,7.880230034902107,2.5281508611648222,,TRUE
3019,TRUE,FALSE,-0.14594993068309223,1.4582533050280602,6.082068052907591,2.549596450436616,9.189767038347183,4.62381474787953,6.640170587910567,2.0163558400310366,,TRUE
3020,TRUE,FALSE,-0.3156111163020774,0.691131837543599,3.5428491663839816,3.356372689787189,12.548556657962745,2.8517173288403828,9.192183968175556,6.3404666393351725,,TRUE
3021,TRUE,FALSE,-0.07331709484323524,1.3559704969302004,6.076505381033819,2.9918738317267453,12.45964624694674,4.7205348841036185,9.467772415219994,4.747237531116375,,TRUE
3022,TRUE,FALSE,0.017837218999555926,1.2711180115552232,5.883005137588601,2.509396801923115,11.823043867272048,4.611887126033378,9.313647065348933,4.701759939315555,,TRUE
3023,TRUE,FALSE,0.27052172271571107,0.849633350037826,3.0642573300644544,2.4862266767196126,11.752235781480119,2.2146239800266283,9.266009104760506,7.051385124733878,,TRUE
3024,TRUE,FALSE,-0.49591872455567115,1.2089589998788575,7.293809715779437,2.84044839337239,10.4365028030439,6.084850715900579,7.596054409671511,1.5112036937709314,,TRUE
3025,TRUE,FALSE,-0.18201630435952385,1.8340841515237067,7.730470230129624,2.9802196739878526,10.470954073260774,5.896386078605918,7.490734399272922,1.5943483206670042,,TRUE
3026,TRUE,TRUE,0.09502254402827931,0.6355951906088756,2.6726790863582734,2.1162274074115697,9.785799519376186,2.0370838957493977,7.669572111964616,5.632488216215219,,TRUE
3027,TRUE,FALSE,0.11644687008923946,1.112070647895383,3.9534387663444948,2.2636256010048355,9.04106243980348,2.841368118449112,6.777436838798644,3.9360687203495317,,TRUE
3028,TRUE,FALSE,-0.21075991992274865,0.7758951692754049,3.461345502715112,2.6520832699014774,9.582905144225002,2.685450333439707,6.930821874323525,4.245371540883818,,TRUE
3029,TRUE,FALSE,-0.026612153320145788,1.6004500017451393,6.058263789431997,3.421527416359041,12.611553343645518,4.457813787686858,9.190025927286477,4.7322121395996195,,TRUE
3030,TRUE,FALSE,-0.4497215438353428,1.3573191163008116,8.317000633690276,3.022999518092118,11.814388881396088,6.959681517389464,8.79138936330397,1.8317078459145062,,TRUE
3031,TRUE,FALSE,-0.2387840136174,1.4922135753294623,7.231468070845468,2.7446753209295043,10.475720055948424,5.739254495516006,7.731044735018919,1.9917902395029135,,TRUE
3032,TRUE,FALSE,-0.5939191007919754,0.4609377926485971,3.3115115173228986,2.305039120010212,9.14379465417088,2.8505737246743017,6.8387555341606685,3.988181809486367,,TRUE
3033,TRUE,FALSE,-0.30385755053011315,0.9793454371002166,4.743954425097668,2.983334244815117,10.664557980003174,3.764608987997451,7.681223735188057,3.9166147471906063,,TRUE
3034,TRUE,FALSE,-0.0027329083948382147,1.3943124753133886,6.5376561353306,2.5236519313110346,11.800611955555901,5.143343660017211,9.276960024244866,4.133616364227655,,TRUE
3035,TRUE,FALSE,-0.0616961300213072,1.3538581458907004,4.640945629926003,3.1345052975286243,10.102015662738767,3.287087484035303,6.967510365210142,3.680422881174839,,TRUE
3036,TRUE,TRUE,-0.13218424042585758,2.323074055549765,9.65436694168567,3.5943800479963075,13.088137697840544,7.331292886135905,9.493757649844238,2.162464763708333,,TRUE
3037,TRUE,FALSE,-0.4044664708250937,0.7647004427385339,5.450346696970939,2.1514523217185797,10.233093840868225,4.685646254232405,8.081641519149645,3.3959952649172402,,TRUE
3038,TRUE,FALSE,-0.8284389685188345,0.6406084982913712,5.199160454472363,3.0628359320451484,10.856198755005098,4.558551956180992,7.793362822959949,3.2348108667789575,,TRUE
3039,TRUE,FALSE,-0.32108378258345305,1.1650294224939213,6.215122551194358,2.7190729811950023,10.521768749110764,5.0500931287004365,7.802695767915762,2.7526026392153256,,TRUE
3040,TRUE,TRUE,-0.10296512115662802,1.0527878530679338,4.359428950450472,2.634930914932076,9.843301495083136,3.3066410973825384,7.20837058015106,3.9017294827685216,,TRUE
3041,TRUE,FALSE,-0.2930591863648193,1.4968699127273979,7.989771616081473,2.7800655583275757,11.069585426362686,6.492901703354075,8.28951986803511,1.7966181646810355,,TRUE
3042,TRUE,FALSE,-0.17887548049103516,0.5821767745181373,3.119268799123344,2.4217988187679342,10.850540053682836,2.5370920246052067,8.428741234914902,5.891649210309696,,TRUE
3043,TRUE,FALSE,-0.156110049304338,1.1272491253919663,5.869678627964187,2.3078773611257692,10.280385745303146,4.742429502572221,7.972508384177377,3.2300788816051567,,TRUE
3044,TRUE,FALSE,-0.42438241276698774,0.9052002704876291,5.421354651983106,2.3185323612842375,9.083837688684191,4.516154381495476,6.765305327399954,2.2491509459044776,,TRUE
3045,TRUE,FALSE,0.06397536719547037,1.6225293797871216,5.625203673091304,2.800136121204301,10.34925231221404,4.002674293304183,7.549116191009738,3.546441897705556,,TRUE
3046,TRUE,FALSE,-0.2648390100908884,1.1535983357137267,5.554410022335086,2.7826745723245008,10.280816649464297,4.400811686621359,7.498142077139796,3.0973303905184375,,TRUE
3047,TRUE,FALSE,-0.2680946029492708,1.794449787384315,7.903047216072996,2.722062112831167,9.169154495372313,6.108597428688681,6.447092382541146,0.3384949538524653,,TRUE
3048,TRUE,FALSE,-0.41257601273203365,0.6903307019523238,4.743504014314992,2.320362297240484,10.554031794161455,4.053173312362667,8.233669496920971,4.1804961845583035,,TRUE
3049,TRUE,FALSE,-0.32644858853571684,0.7198984519243142,4.0848105638351955,2.729561449075062,11.174259071109855,3.3649121119108814,8.444697622034793,5.079785510123912,,TRUE
3050,TRUE,FALSE,0.32384096946101476,1.364254329450694,4.198388445032627,3.1315085805634486,13.322423327151343,2.834134115581933,10.190914746587895,7.356780631005962,,TRUE
3051,TRUE,FALSE,0.003962785456582617,1.4988599674836627,5.805931409158065,2.7203453296086217,10.57927471263841,4.3070714416744025,7.858929383029789,3.5518579413553866,,TRUE
3052,TRUE,FALSE,0.015714723390476786,1.127493303847849,4.659839956388333,2.956001168978366,12.410419126346758,3.532346652540484,9.454417957368392,5.922071304827908,,TRUE
3053,TRUE,FALSE,0.015000285824847559,1.508338770728575,5.6553115815095785,3.1116663908784346,11.843095015122438,4.146972810781003,8.731428624244003,4.584455813463,,TRUE
3054,TRUE,FALSE,-0.2583505424125572,1.1325651597326714,5.992954481472914,3.091820134401114,12.635481247977552,4.860389321740243,9.543661113576437,4.683271791836194,,TRUE
3055,TRUE,FALSE,-0.0547123785075988,1.201211336928835,5.123984992693604,2.526109335904871,10.20185828814502,3.922773655764769,7.675748952240149,3.7529752964753804,,TRUE
3056,TRUE,FALSE,-0.1371373854553873,1.6640034386747806,7.881171374471269,2.6290172759669983,10.85605367808343,6.217167935796489,8.227036402116433,2.0098684663199435,,TRUE
3057,TRUE,FALSE,0.0189604065903366,1.0490163805268178,4.3511224875321215,2.549372254473911,10.776722359843982,3.3021061070053035,8.227350105370071,4.925243998364768,,TRUE
3058,TRUE,FALSE,-0.015261351370868776,1.5471526378869713,7.593231166278931,2.2560158734592544,10.904548535482654,6.04607852839196,8.648532662023399,2.602454133631439,,TRUE
3059,TRUE,FALSE,-0.3097752245742959,0.8169848130988615,4.28102490876996,2.876720421910049,11.058539078601965,3.4640400956710984,8.181818656691917,4.717778561020818,,TRUE
3060,TRUE,FALSE,-0.029617771952794924,0.8074952535951985,4.070220053287848,2.1234072551957306,10.390785350068985,3.2627247996926494,8.267378094873255,5.0046532951806055,,TRUE
3061,TRUE,FALSE,-0.13817854909572486,0.801161924045661,3.4135533166397427,2.7687243648071123,10.274387254343987,2.612391392594082,7.505662889536874,4.893271496942793,,TRUE
3062,TRUE,FALSE,-0.10549110072847184,1.2150048234211055,5.1882042685158165,2.911736168320619,11.188629240796958,3.973199445094711,8.276893072476339,4.303693627381628,,TRUE
3063,TRUE,FALSE,-0.377614323582035,1.1526974106526453,6.653550288856739,3.0802492976853544,12.18788018950971,5.5008528782040935,9.107630891824357,3.6067780136202634,,TRUE
3064,TRUE,FALSE,-0.3996135746450998,0.9999995153385008,5.690171885085733,2.035621984010131,7.767347907096875,4.690172369747232,5.731725923086744,1.0415535533395115,,TRUE
3065,TRUE,FALSE,0.3998177695065778,1.340119232095603,4.220022737310412,2.3965117536110174,11.256142058727308,2.879903505214809,8.85963030511629,5.979726799901481,,TRUE
3066,TRUE,FALSE,0.24148804376424998,1.5568561198744117,4.416481549082662,2.60125778020926,9.394815578122957,2.8596254292082506,6.793557797913698,3.933932368705447,,TRUE
3067,TRUE,FALSE,-0.22456319378946582,1.2847793178272124,5.775501973875476,2.735171794417218,9.82243702806513,4.490722656048263,7.087265233647912,2.5965425775996493,,TRUE
3068,TRUE,FALSE,-0.24152948892814602,0.7719468617867246,3.7914669520346362,2.564241213902355,9.891993463673424,3.019520090247912,7.32775224977107,4.308232159523158,,TRUE
3069,TRUE,FALSE,-0.19724970445661888,1.9796682052060688,8.821120154480042,3.0076398819308716,11.002533675603805,6.8414519492739725,7.994893793672934,1.1534418443989614,,TRUE
3070,TRUE,FALSE,-0.4449645308817228,0.9783841940426473,6.707754354650597,2.7886222485765773,12.252134888792053,5.72937016060795,9.463512640215477,3.7341424796075264,,TRUE
3071,TRUE,FALSE,0.013520619543697638,0.779431138984017,3.396776342162804,2.3737654284520007,10.485736277233078,2.617345203178787,8.111970848781077,5.49462564560229,,TRUE
3072,TRUE,FALSE,-0.6540610128288804,0.9486026436479228,5.726889043394609,3.6434965475856482,11.436620544014296,4.778286399746686,7.793123996428648,3.0148375966819616,,TRUE
3073,TRUE,FALSE,-0.34855285600186087,0.8525533125855576,4.773650970828527,2.8593231793975837,11.298421662801273,3.921097658242969,8.43909848340369,4.518000825160721,,TRUE
3074,TRUE,FALSE,0.31975830976438424,1.739842634208619,5.053221751204943,2.5628403741567984,10.248238280375459,3.313379116996324,7.68539790621866,4.372018789222336,,TRUE
3075,TRUE,FALSE,-0.19740019324633462,1.0269857163071312,4.824141384385841,2.334590750670745,9.001949454988337,3.79715566807871,6.667358704317591,2.870203036238881,,TRUE
3076,TRUE,FALSE,-0.22374329046352825,1.0544374376324266,5.385238922076997,2.2665619650942777,9.255103485818438,4.330801484444571,6.98854152072416,2.6577400362795895,,TRUE
3077,TRUE,FALSE,0.04212061400831024,1.4356268975948392,5.635595301652905,3.4118523409867056,13.969510531998298,4.199968404058065,10.557658191011592,6.357689786953527,,TRUE
3078,TRUE,FALSE,-0.12415781596833227,1.0905860997160377,5.55777048048302,2.3921894336038707,10.767507008813254,4.467184380766982,8.375317575209383,3.908133194442401,,TRUE
3079,TRUE,FALSE,0.0174455969672288,1.8095978716512344,6.431156467407175,2.8997759251759274,10.486920254485222,4.621558595755941,7.587144329309295,2.965585733553354,,TRUE
3080,TRUE,FALSE,-0.056464442344748546,1.0454167633657336,4.624909657967392,2.5209234933232945,10.540258542734849,3.5794928946016586,8.019335049411554,4.439842154809895,,TRUE
3081,TRUE,FALSE,0.24883486860318194,0.7974848806348925,3.049074464382413,2.622596149126699,12.860107597334489,2.2515895837475206,10.23751144820779,7.98592186446027,,TRUE
3082,TRUE,FALSE,-0.331473214706263,0.9718154454158657,6.094410376581907,2.354164748356682,10.598093867681563,5.1225949311660415,8.24392911932488,3.121334188158839,,TRUE
3083,TRUE,FALSE,0.04925977275082823,0.9988324098751924,3.6339946252099438,2.3942559762704594,9.150724545872306,2.635162215334751,6.7564685696018465,4.121306354267095,,TRUE
3084,TRUE,FALSE,-0.268005829257454,1.131697821484932,5.559945232031326,2.522166717883552,9.478080031111311,4.428247410546394,6.955913313227759,2.527665902681365,,TRUE
3085,TRUE,FALSE,-0.4738462564450352,1.1113764684289515,7.036762298533902,2.5715154433758793,10.137059745992998,5.9253858301049505,7.565544302617118,1.6401584725121676,,TRUE
3086,TRUE,FALSE,-0.43653076191135554,1.1521900132288674,6.708619162430508,3.036580969888066,11.426441399478197,5.556429149201641,8.389860429590131,2.8334312803884902,,TRUE
3087,TRUE,FALSE,0.13158172536973586,1.1775016878578732,5.165760363411933,2.4772684882087512,12.396269598288134,3.98825867555406,9.919001110079382,5.930742434525322,,TRUE
3088,TRUE,FALSE,-0.08288118357147585,0.8578330255325108,3.485623500306043,3.029185799055016,11.329448887044594,2.6277904747735326,8.300263087989578,5.672472613216045,,TRUE
3089,TRUE,FALSE,-0.5315942185000115,1.1541087610620595,7.224071268036252,2.8348497337117777,10.427900810125259,6.069962506974193,7.593051076413481,1.5230885694392882,,TRUE
3090,TRUE,FALSE,0.4142582640544473,1.3315137021791705,4.020049503352534,2.260635574413188,10.328241798790433,2.6885358011733635,8.067606224377245,5.379070423203881,,TRUE
3091,TRUE,FALSE,-0.05378310612304302,1.503064412884474,6.978868276698981,2.8285134110436077,12.445373788720012,5.475803863814507,9.616860377676405,4.141056513861898,,TRUE
3092,TRUE,FALSE,-0.4782230079730458,1.3956781426550013,6.748689757575268,2.9316295900730336,8.78726390529092,5.353011614920266,5.855634315217888,0.5026227002976213,,TRUE
3093,TRUE,FALSE,0.03071710086378615,1.2942715936466385,5.1976712835717285,2.282879744490981,9.453806143579088,3.90339968992509,7.170926399088107,3.2675267091630174,,TRUE
3094,TRUE,FALSE,-0.41911595495092135,1.1639567095617727,5.3094630811031305,2.579059413551328,7.736693245676804,4.145506371541358,5.157633832125477,1.0121274605841188,,TRUE
3095,TRUE,FALSE,-0.30923381832057734,1.0781562047167226,5.822107166299615,2.438175613946296,9.664178678200344,4.743950961582892,7.226003064254048,2.4820521026711555,,TRUE
3096,TRUE,FALSE,0.10948663381821247,1.619992106548547,6.746974039713581,2.0804731784092874,9.667355800723335,5.126981933165034,7.586882622314048,2.4599006891490145,,TRUE
3097,TRUE,FALSE,-0.1229892127650129,1.4993757032340846,6.855648566409521,2.3948922451357637,9.683013090847714,5.356272863175436,7.28812084571195,1.9318479825365147,,TRUE
3098,TRUE,FALSE,0.04299214235132507,1.514979538587378,5.931940995083323,2.483521612560705,10.15147733044635,4.416961456495946,7.667955717885644,3.2509942613896987,,TRUE
3099,TRUE,FALSE,-0.6275452133646332,0.6035497555378013,3.3379725043774102,3.229535815198692,9.53609037959762,2.734422748839609,6.306554564398929,3.57213181555932,,TRUE
3100,TRUE,FALSE,-0.06760999751582605,1.3389599471902955,5.657794831782581,2.0935140128171854,8.26785462860482,4.318834884592285,6.174340615787634,1.8555057311953496,,TRUE
3101,TRUE,FALSE,-0.2831516884934008,1.130598869864767,5.133730248988847,2.7736056204916375,9.488509371135292,4.00313137912408,6.714903750643654,2.711772371519574,,TRUE
3102,TRUE,FALSE,-0.489501543261992,0.9342353400100063,5.846400456421397,2.1751315127272535,8.343148413971738,4.912165116411391,6.168016901244485,1.2558517848330943,,TRUE
3103,TRUE,FALSE,0.15638803431468168,1.2734359088823681,4.7600146904901175,1.993174161835315,8.71153949519145,3.4865787816077494,6.718365333356136,3.2317865517483866,,TRUE
3104,TRUE,FALSE,-0.43917947166987975,1.110038718728788,7.347838839071132,2.4657011103115987,10.520314049804645,6.237800120342344,8.054612939493046,1.8168128191507016,,TRUE
3105,TRUE,FALSE,-0.48058296658044986,0.9076822740551469,5.085421003861714,2.6621324217491726,9.223763996061649,4.177738729806567,6.561631574312477,2.38389284450591,,TRUE
3106,TRUE,FALSE,-0.20259733034025387,0.8255460493034525,3.223588382869732,2.6439036561402354,8.430571216174465,2.3980423335662793,5.78666756003423,3.388625226467951,,TRUE
3107,TRUE,FALSE,-0.2583825078119263,1.0597320644906834,4.765634148785479,2.838866410615462,9.859513431259378,3.705902084294796,7.020647020643916,3.31474493634912,,TRUE
3108,TRUE,FALSE,0.4280911429558347,0.8590008526560678,2.0990998719523897,3.072507064410349,11.519934730195063,1.2400990192963217,8.447427665784714,7.207328646488392,,TRUE
3109,TRUE,FALSE,-0.06849469184738834,1.0591847929306601,4.971368260247989,2.7538453619590797,12.06971127159488,3.9121834673173295,9.3158659096358,5.403682442318471,,TRUE
3110,TRUE,FALSE,-0.03980808872095316,1.3266037076117414,5.833383468327663,2.3223637607585337,9.813436858063579,4.506779760715922,7.491073097305045,2.984293336589123,,TRUE
3111,TRUE,FALSE,-0.19188346811506624,1.298460355879841,6.570023633180897,2.549493502403683,10.647759064052595,5.2715632773010555,8.098265561648912,2.8267022843478564,,TRUE
3112,TRUE,FALSE,-0.01572451738844044,0.9269814109121712,3.837903488203193,2.90224359225103,11.828449336062057,2.910922077291022,8.926205743811028,6.0152836665200065,,TRUE
3113,TRUE,FALSE,0.039066751396501564,1.3252789635010782,5.7091138302384765,2.4587722142481416,11.014027818739311,4.3838348667373985,8.555255604491169,4.17142073775377,,TRUE
3114,TRUE,FALSE,-0.055747407832662785,1.249265581087146,4.496296829221957,2.440550771517274,8.307632077126112,3.247031248134811,5.867081305608838,2.6200500574740264,,TRUE
3115,TRUE,FALSE,-0.5660060002500785,0.714323471642442,4.1879225806789835,3.118951200207263,10.382430222815511,3.4735991090365417,7.263479022608248,3.7898799135717063,,TRUE
3116,TRUE,FALSE,0.14207512426447616,1.5351517118679656,4.977117147704179,2.7242534391813424,10.180673557695249,3.441965435836214,7.456420118513906,4.014454682677692,,TRUE
3117,TRUE,FALSE,-0.2100823013053053,0.6916070238147441,3.158282555087887,3.110047991310097,11.511213071531435,2.4666755312731428,8.401165080221338,5.934489548948195,,TRUE
3118,TRUE,FALSE,-0.2605191438952727,0.9316344605765838,5.280480890747169,3.0183320099882285,13.184173627114049,4.348846430170585,10.165841617125821,5.816995186955236,,TRUE
3119,TRUE,FALSE,-0.6415984838361458,0.9111328319281253,6.238178765496194,3.4464303953292528,12.422326803726875,5.327045933568069,8.975896408397622,3.648850474829553,,TRUE
3120,TRUE,FALSE,-0.44071648235847044,0.5480693912538773,3.6641692560319346,2.4741045017531174,10.645284716289094,3.1160998647780573,8.171180214535976,5.055080349757919,,TRUE
3121,TRUE,FALSE,-0.21416893638742573,1.265141433212178,5.876569580353841,2.759281848418959,10.345904860439504,4.611428147141663,7.586623012020544,2.9751948648788806,,TRUE
3122,TRUE,FALSE,-0.08833673272923287,0.7486158975433672,3.6981483825009196,2.0383405029059256,9.218024661932093,2.9495324849575524,7.179684159026167,4.230151674068615,,TRUE
3123,TRUE,FALSE,-0.7391069621463086,0.9161745352190158,6.925919408692267,2.979220777433705,10.755035051258726,6.0097448734732515,7.775814273825022,1.7660694003517703,,TRUE
3124,TRUE,FALSE,0.10384407519809115,0.927057288533909,3.617614852321997,3.5321485956183865,15.29162467720541,2.6905575637880883,11.759476081587025,9.068918517798936,,TRUE
3125,TRUE,FALSE,-0.16248249746719315,1.2966745000432809,5.69504880942615,3.3860514458481483,12.641388560456043,4.398374309382869,9.255337114607896,4.856962805225026,,TRUE
3126,TRUE,FALSE,-0.5979247647345578,1.079514513065316,6.3698874579486455,3.94521196483755,12.802600379011615,5.290372944883329,8.857388414174064,3.5670154692907348,,TRUE
3127,TRUE,FALSE,-0.1613096921109576,0.9480749508211694,4.13244607309695,2.9579994729144214,10.972528203506798,3.1843711222757802,8.014528730592376,4.830157608316596,,TRUE
3128,TRUE,FALSE,0.26498406100133987,0.8728206715324418,3.1734284653542715,1.9818729472210395,9.39205473015802,2.30060779382183,7.41018178293698,5.10957398911515,,TRUE
3129,TRUE,FALSE,0.043764676165693114,1.160825496997514,4.683291493338344,2.426043562868229,10.225618908925014,3.52246599634083,7.799575346056786,4.277109349715956,,TRUE
3130,TRUE,FALSE,-0.17541326570298502,1.212736319199888,5.142770045428656,2.6297083362501437,9.357445175983148,3.930033726228768,6.727736839733005,2.797703113504237,,TRUE
3131,TRUE,FALSE,-0.46334719032222693,1.1969503848875442,8.15717619727671,2.115293021930725,9.069954394022352,6.960225812389166,6.954661372091627,-0.005564440297539441,,TRUE
3132,TRUE,FALSE,0.1921918984196766,1.0651641801365632,3.8254940457451854,2.204241186491411,9.59396149064596,2.760329865608622,7.389720304154549,4.6293904385459275,,TRUE
3133,TRUE,FALSE,0.19914552853330111,1.0463069690660252,5.00787341187674,2.164385371333453,12.642024231217993,3.9615664428107147,10.47763885988454,6.516072417073825,,TRUE
3134,TRUE,FALSE,-0.32812105009262377,1.4327186292054137,8.058171725554239,2.4702960765133346,10.007450658590926,6.625453096348825,7.537154582077592,0.9117014857287664,,TRUE
3135,TRUE,FALSE,-0.1277702073809024,0.871520848538387,3.493166376857595,2.9366372867679327,10.358620040738673,2.621645528319208,7.42198275397074,4.800337225651532,,TRUE
3136,TRUE,FALSE,-0.07869911474477179,1.1376683664852396,4.415805233939329,3.449905845565246,12.377213396346797,3.2781368674540894,8.927307550781551,5.649170683327462,,TRUE
3137,TRUE,FALSE,-0.20877687156508523,0.9450023252237224,4.620233124918478,2.803823140929151,11.12528089215409,3.6752307996947557,8.321457751224939,4.646226951530183,,TRUE
3138,TRUE,FALSE,-0.08385882688835944,0.8257211146633794,2.9639273480152775,3.0301417164281794,10.001788773594466,2.138206233351898,6.971647057166287,4.833440823814389,,TRUE
3139,TRUE,FALSE,-0.1699000653295909,1.3471454300170222,6.373472189710161,2.4558172311774458,9.803270683945659,5.026326759693139,7.347453452768213,2.3211266930750742,,TRUE
3140,TRUE,FALSE,-0.2820157119107763,0.9457241567826724,4.515815403417066,3.5456990913984914,12.770141419544496,3.5700912466343935,9.224442328146004,5.654351081511611,,TRUE
3141,TRUE,FALSE,-0.22918866046664796,1.1447067366287156,6.230504856365352,2.548091876248713,11.028303588249482,5.085798119736636,8.48021171200077,3.394413592264134,,TRUE
3142,TRUE,FALSE,-0.26532171396724746,1.2321997774569375,6.8806956169971825,3.247036300387406,13.906268416866238,5.648495839540245,10.659232116478833,5.010736276938588,,TRUE
3143,TRUE,FALSE,-0.5913313828221894,0.8300606462632968,4.9259247005516675,2.541588240018577,8.349705933284483,4.095864054288371,5.808117693265906,1.7122536389775354,,TRUE
3144,TRUE,FALSE,-0.2652849344116125,0.47271324419040445,2.7373052477908604,2.5864997367469167,11.487515625803484,2.264592003600456,8.901015889056566,6.636423885456111,,TRUE
3145,TRUE,FALSE,-0.5406379582941933,1.0101551240953874,5.256267182487448,3.004737579018799,9.105416754588045,4.24611205839206,6.100679175569246,1.8545671171771856,,TRUE
3146,TRUE,FALSE,-0.5710863269065967,0.7566025346795033,4.999487352035573,3.0886155863829106,11.529272402838693,4.24288481735607,8.440656816455782,4.197771999099712,,TRUE
3147,TRUE,FALSE,-0.5067527753408604,1.1764067908412428,6.4708409741824315,2.4509348010567376,8.121851198269894,5.294434183341188,5.670916397213157,0.37648221387196834,,TRUE
3148,TRUE,FALSE,-0.808442600530882,0.9935566121698479,7.132918034850855,2.9635376994717135,9.479445009093421,6.139361422681007,6.515907309621708,0.37654588694070146,,TRUE
3149,TRUE,FALSE,0.1792448662895042,1.0704387080994173,3.2526463938004007,2.026220841787199,7.365578824147901,2.182207685700983,5.339357982360703,3.1571502966597196,,TRUE
3150,TRUE,FALSE,-0.23643819421764026,0.7263610113419438,3.411086657457879,2.633305248348414,9.762423184433754,2.6847256461159352,7.12911793608534,4.444392289969405,,TRUE
3151,TRUE,FALSE,-0.3384860955484685,1.0844324770050286,6.008673706867918,2.4298642139167717,9.59744134951038,4.924241229862889,7.167577135593608,2.243335905730719,,TRUE
3152,TRUE,FALSE,-0.3811277382143155,1.2321247857314888,6.993866874422862,2.691530732797344,10.43615058247429,5.761742088691373,7.744619849676947,1.9828777609855734,,TRUE
3153,TRUE,FALSE,-0.38555628515374046,1.007481267547197,5.8521129949798905,2.636450273789853,10.41478575882389,4.844631727432693,7.778335485034036,2.933703757601343,,TRUE
3154,TRUE,FALSE,-0.13523384327292906,1.3717818325791635,5.559389978646148,2.6744789894224548,9.467819539856723,4.187608146066984,6.7933405504342685,2.6057324043672843,,TRUE
3155,TRUE,FALSE,-0.02444340368058691,1.097086225650853,4.0371624407673945,2.9106664244822027,10.452309540561105,2.940076215116542,7.541643116078902,4.60156690096236,,TRUE
3156,TRUE,FALSE,0.07092301825588257,1.0968747558144902,4.568215478166438,3.372896895855931,15.079747882814852,3.471340722351948,11.706850986958921,8.235510264606972,,TRUE
3157,TRUE,FALSE,-0.9037152214927667,0.6506893812006093,5.222719486087703,3.10108935948945,10.08227938749751,4.5720301048870935,6.98119002800806,2.409159923120966,,TRUE
3158,TRUE,FALSE,-0.03679114706055402,0.9014701493131875,3.402989916133984,2.515808687348063,9.153954135425533,2.5015197668207967,6.63814544807747,4.136625681256673,,TRUE
3159,TRUE,FALSE,0.25521047072904274,1.6864143992409084,5.785105367372383,2.499950776249222,11.06916671258027,4.098690968131475,8.569215936331048,4.470524968199573,,TRUE
3160,TRUE,FALSE,-0.3170500138824386,0.5564633487597879,2.8921973788889885,2.9060935362760474,11.000384873387908,2.335734030129201,8.09429133711186,5.758557306982659,,TRUE
3161,TRUE,FALSE,-0.014967596217048507,0.9577198911382925,4.584804239265604,2.5835197869571753,12.184107923213633,3.6270843481273114,9.600588136256457,5.973503788129145,,TRUE
3162,TRUE,FALSE,-0.3688976977574697,1.5928924207004596,7.889846421856111,2.6560795266564687,9.097308943560428,6.296954001155652,6.441229416903959,0.14427541574830727,,TRUE
3163,TRUE,FALSE,-0.2854549450835319,0.9120906293794572,5.249119195187053,1.9986082947587827,8.645788729798015,4.3370285658075955,6.647180435039233,2.310151869231637,,TRUE
3164,TRUE,FALSE,-0.124138747455759,1.0163122794270054,4.31699928033915,2.418638803847769,9.074298192605278,3.300687000912145,6.65565938875751,3.354972387845365,,TRUE
3165,TRUE,FALSE,-0.3217298128289251,1.3355972092965769,6.251512264653276,2.7987843800123304,9.4962807058501415,4.915915055356699,6.697496325837811,1.7815812704811123,,TRUE
3166,TRUE,FALSE,-0.3648314588519615,0.9061181120748011,5.407556594212315,2.6138467126819367,10.830589301104506,4.501438482137514,8.21674258842257,3.715304106285055,,TRUE
3167,TRUE,FALSE,-0.3774931061232863,1.3785091897747848,9.27371895723296,2.7437252053694983,12.654404268327967,7.895209767458176,9.910679062958469,2.015469295500293,,TRUE
3168,TRUE,FALSE,-0.13472946103181135,1.4638200386212148,7.018039907793318,2.7335543810388208,11.453641936742834,5.554219869172103,8.720087555704012,3.165867686531909,,TRUE
3169,TRUE,FALSE,0.3275280652150089,1.2401170030447661,4.144651139076431,2.688389927659206,12.466978490396457,2.904534136031665,9.778588562737252,6.8740544267055865,,TRUE
3170,TRUE,FALSE,-0.03917287903818482,0.8834444442824527,3.6337786755780015,3.1616745581563155,12.505003779691446,2.7503342312955485,9.34332922153513,6.592994990239582,,TRUE
3171,TRUE,FALSE,-0.565241969449297,0.9103220723922418,7.549940753095641,2.2238621156259226,10.480327610915914,6.6396186807034,8.25646549528999,1.6168468145865909,,TRUE
3172,TRUE,FALSE,-0.3805749581337439,0.8757702420520939,5.589338525459237,2.529771236327863,11.034937453793754,4.713568283407143,8.505166217465892,3.791597934058749,,TRUE
3173,TRUE,FALSE,0.04108145143753322,0.7097298896238325,2.5914936739844445,2.882302286465086,10.965742196036809,1.8817637843606119,8.083439909571723,6.201676125211112,,TRUE
3174,TRUE,FALSE,-0.18780525600357229,1.0548674293523972,4.998561676653492,2.3589524427969115,9.264107187131767,3.943694247301095,6.9051547443348555,2.9614604970337606,,TRUE
3175,TRUE,FALSE,0.02359601181050501,1.224500746795588,4.145172520912922,2.9522671163267966,10.232619449940357,2.9206717741173343,7.2803523336135605,4.359680559496226,,TRUE
3176,TRUE,FALSE,0.11146923845378968,0.9217644853875356,2.7494260310338485,3.021641312208391,10.075705234820994,1.827661545646313,7.0540639226126025,5.2264023769662895,,TRUE
3177,TRUE,FALSE,-0.3528577462173841,0.9405581242105285,4.861131359412217,2.997082467239208,10.884443738783308,3.9205732352016884,7.8873612715440995,3.966788036342411,,TRUE
3178,TRUE,FALSE,-0.43183175569973603,1.0267609754370186,5.940772740174848,2.656516207794933,9.980307135358851,4.914011764737829,7.323790927563918,2.409779162826089,,TRUE
3179,TRUE,FALSE,-0.11809822020568028,2.1028709428277357,10.936059363528813,2.6047350757391743,12.037114508788582,8.833188420701077,9.432379433049407,0.5991910123483297,,TRUE
3180,TRUE,FALSE,0.028401714363510844,0.9240064868935949,3.534875179460074,2.5627676687653866,10.086558392072423,2.610868692566479,7.523790723307036,4.912922030740557,,TRUE
3181,TRUE,FALSE,0.18728216000076361,1.5043548340976014,5.491786914971651,2.122080177964742,9.34245015423405,3.9874320808740493,7.220369976269309,3.2329378953952594,,TRUE
3182,TRUE,FALSE,-0.38244737480139446,1.17857560052567,6.025516088184201,3.2421583198828965,11.307751044439419,4.8469404876585305,8.065592724556522,3.2186522368979915,,TRUE
3183,TRUE,FALSE,-0.799021416042808,0.8111572701722354,5.99571708863173,2.6438476129115682,8.789453944179566,5.184559818459495,6.145606331267999,0.9610465128085037,,TRUE
3184,TRUE,FALSE,-0.4721486313140803,1.454681797565563,7.1291161700964185,3.0786336597546016,9.409664852245099,5.674434372530856,6.331031192490498,0.6565968199596419,,TRUE
3185,TRUE,FALSE,-0.4306137666544894,0.8707062267272286,4.836519851705689,2.681690761461021,9.684045863285608,3.9658136249784603,7.002355101824587,3.0365414768461263,,TRUE
3186,TRUE,FALSE,-0.35446743023429483,0.6759103673558233,4.123936760854854,2.82862379174135,12.10750982152548,3.448026393499031,9.27888602978413,5.8308596362850995,,TRUE
3187,TRUE,FALSE,0.04983053882426051,1.1536705961327607,4.626350338054482,2.2077219758132283,9.305553326688845,3.472679741921721,7.097831350875616,3.625151608953895,,TRUE
3188,TRUE,FALSE,-0.10459694959908344,1.1888238984329627,4.9404611748713325,2.472569735852459,9.254919272647946,3.7516372764383696,6.782349536795487,3.0307122603571175,,TRUE
3189,TRUE,FALSE,-0.6892116795119477,0.4201279379205097,3.2801308972285983,2.7780239457351845,10.887414769332487,2.8600029593080887,8.109390823597302,5.249387864289213,,TRUE
3190,TRUE,FALSE,-0.8900213716628411,0.7371754801927359,6.798398494000896,2.938873256302226,11.12974521616404,6.06122301380816,8.190871959861813,2.1296489460536527,,TRUE
3191,TRUE,FALSE,-0.4227218121972795,1.2692021214842786,7.889416415841236,2.2949280101182863,9.347541593275718,6.620214294356957,7.052613583157432,0.4323992888004744,,TRUE
3192,TRUE,FALSE,0.33476329608761163,0.9675500324010697,3.481896995512638,2.3440395011220123,11.789442421450213,2.514346963111568,9.4454029203282,6.931055957216633,,TRUE
3193,TRUE,FALSE,0.01856957677338387,1.0240144791148573,4.1472930147020195,2.610956676553151,10.772660001902068,3.123278535587162,8.161703325348917,5.038424789761755,,TRUE
3194,TRUE,FALSE,-0.1270057932640395,1.228533050955849,5.8622197608627635,2.2541055978773294,9.473088459173736,4.633686709906915,7.218982861296407,2.5852961513894925,,TRUE
3195,TRUE,FALSE,-0.19018548593048648,0.721043744492849,3.532428886578365,2.5381060706653225,10.280756545618399,2.811385142085516,7.742650474953076,4.931265332867561,,TRUE
3196,TRUE,FALSE,-0.3095451000669817,1.164352654147167,6.293398209523152,2.7457655366367346,10.890063084840351,5.129045555375986,8.144297548203618,3.015251992827632,,TRUE
3197,TRUE,FALSE,-0.0770459276386711,0.8200896328825696,3.983494059915872,2.0433070602059593,9.189161121659472,3.1634044270333024,7.145854061453512,3.98244963442021,,TRUE
3198,TRUE,FALSE,-0.36084667487057587,1.0315082995257367,6.270135042862256,2.063768608853607,8.744831596168263,5.2386267433365195,6.681062987314656,1.4424362439781362,,TRUE
3199,TRUE,FALSE,-0.2242603343565908,0.7963315509289127,4.350188760935528,2.749283755361387,12.00158815008145,3.5538572100066155,9.252304394720063,5.698447184713448,,TRUE
3200,TRUE,FALSE,-0.45830495879857824,1.5457724858287023,8.160992854306002,3.5089097919794314,11.714676864575049,6.6152203684773,8.205767072595616,1.5905467041183163,,TRUE
3201,TRUE,TRUE,-0.4647743186713229,0.8187944174662144,4.335667418756829,2.451163712261624,8.15463420493529,3.5168730012906146,5.703470492673666,2.186597491383051,,TRUE
3202,TRUE,FALSE,-0.27223383234763665,1.831038140118083,9.100841992443215,2.3801777236645454,9.010811791918496,7.269803852325132,6.630634068253951,-0.6391697840711812,,TRUE
3203,TRUE,FALSE,-0.21998866919777535,1.1715489129580186,5.087189356344485,2.8268721922168565,9.851078652135692,3.9156404433864664,7.024206459918836,3.1085660165323694,,TRUE
3204,TRUE,FALSE,0.02129025146484114,1.6505163198989796,6.420809976362659,2.835252746244005,11.266992696456823,4.7702936564636795,8.431739950212819,3.6614462937491394,,TRUE
3205,TRUE,FALSE,-0.23307277888325678,1.068563112814145,5.083823508649099,2.6096444431729098,9.834434794399025,4.015260395834954,7.224790351226115,3.2095299553911616,,TRUE
3206,TRUE,FALSE,-0.15065981356999975,1.6638579944285952,8.297187038295206,2.8490942250786544,12.220548789681526,6.6333290438666115,9.371454564602871,2.7381255207362596,,TRUE
3207,TRUE,FALSE,-0.18579379339094895,1.2696773831153938,6.646082418260441,2.9014577107295882,12.61244730994028,5.376405035145048,9.710989599210691,4.3345845640656435,,TRUE
3208,TRUE,FALSE,-0.36867372123801523,0.7932700545327197,4.053577646110392,2.881091451436218,10.182666431436084,3.260307591577672,7.301574979999867,4.041267388422195,,TRUE
3209,TRUE,FALSE,-0.3511892889734502,1.069835590703929,5.48513076635019,3.1235880302751187,11.272081589776244,4.4152951756462615,8.148493559501125,3.7331983838548632,,TRUE
3210,TRUE,FALSE,-0.2876241783200666,0.7822518575118632,4.597943941506323,2.5708346733453076,11.333854267562426,3.8156920839944592,8.763019594217118,4.947327510222658,,TRUE
3211,TRUE,FALSE,0.039853834950743,1.381356630240654,5.299094014281525,2.2536082368460497,8.996685314173138,3.917737384040871,6.743077077327088,2.8253396932862174,,TRUE
3212,TRUE,FALSE,0.3427800272058894,1.4695823358831506,4.615232067343861,2.914846593823308,12.896824730116654,3.1456497314607104,9.981978136293346,6.836328404832636,,TRUE
3213,TRUE,FALSE,-0.29759872726239245,1.4708233253876635,6.790315461475601,2.7589374566394618,9.458577197279935,5.319492136087938,6.699639740640473,1.3801476045525352,,TRUE
3214,TRUE,FALSE,-0.06688833645024118,1.436679762889306,5.48236435675313,2.398817703244471,8.561619658047366,4.0456845938638235,6.162801954802895,2.117117360939072,,TRUE
3215,TRUE,FALSE,0.24719482769289053,1.3900276192846928,4.510756360924674,3.197913191683118,13.287643287126208,3.120728741639981,10.089730095443091,6.96900135380311,,TRUE
3216,TRUE,FALSE,-0.24130809057972635,0.9910584350134365,5.452807730606341,2.433289638155733,10.517583214468651,4.461749295592904,8.084293576312918,3.622544280720014,,TRUE
3217,TRUE,FALSE,0.05115277990758631,1.2590557091112913,4.416844744659204,2.7081149087074947,9.998840605529196,3.1577890355479123,7.290725696821701,4.132936661273789,,TRUE
3218,TRUE,FALSE,-0.2633702728544823,0.8552034085195588,4.7071923336212125,2.4549917345549006,10.383943075666949,3.8519889251016535,7.9289513411120485,4.076962416010395,,TRUE
3219,TRUE,FALSE,-0.30805399597220817,1.1226522650537465,7.021352624115389,2.435865539795218,11.195479229675737,5.8987003590616425,8.759613689880519,2.8609133308188763,,TRUE
3220,TRUE,FALSE,-0.3545511582624223,0.5915882852042074,3.1422960824680435,3.02450787491575,11.269448069041808,2.5507077972638363,8.244940194126057,5.694232396862221,,TRUE
3221,TRUE,FALSE,-0.20166638234787013,1.1276381959733308,6.560793542611431,2.1888498054641006,10.409262446699868,5.4331553466381,8.220412641235768,2.7872572945976684,,TRUE
3222,TRUE,FALSE,-0.5264712489136713,0.8471330260747196,5.825879971516038,2.6842151570771247,10.903945835948212,4.978746945441318,8.219730678871088,3.2409837334297693,,TRUE
3223,TRUE,FALSE,0.6713577624428394,1.4727571366128542,4.4900517243315585,2.0954010633734805,12.501275889526784,3.0172945877187045,10.405874826153305,7.3885802384346,,TRUE
3224,TRUE,FALSE,-0.39096061525203657,0.8678020990807414,5.706260094898612,2.295831891955084,10.211250105007409,4.838457995817871,7.915418213052325,3.076960217234454,,TRUE
3225,TRUE,FALSE,0.014138978614110976,0.9074901863801097,3.457143805906664,3.5079991483008635,13.554249246436456,2.5496536195265542,10.046250098135593,7.496596478609039,,TRUE
3226,TRUE,FALSE,-0.12853723627851515,1.4426100637448596,5.7538002046133325,2.8417998342033566,9.96727158545904,4.311190140868473,7.125471751255683,2.8142816103872095,,TRUE
3227,TRUE,FALSE,-0.2767180367450152,0.8077404820911199,4.299983409142884,2.0149835857194875,8.13372204178423,3.4922429270517643,6.118738456064742,2.6264955290129777,,TRUE
3228,TRUE,FALSE,-0.3463195623651755,0.6254463663695945,3.099750240192387,3.0992041201450866,10.863809321523211,2.4743038738227927,7.764605201378124,5.290301327555332,,TRUE
3229,TRUE,FALSE,0.15641477945415241,1.1063529652301467,3.7866141654744454,2.6151707094400396,10.46616241894124,2.6802612002442987,7.8509917095012,5.1707305092569005,,TRUE
3230,TRUE,FALSE,-0.37073476820205303,1.476860390841544,6.163473333290744,2.922460887736709,8.41834503604324,4.6866129424492,5.495884148306531,0.809271205857331,,TRUE
3231,TRUE,FALSE,-0.06318729434709074,0.8393675139971176,4.030244478321824,2.1986416838464775,9.910414044136626,3.190876964324706,7.711772360290149,4.520895395965443,,TRUE
3232,TRUE,FALSE,-0.19503747868585816,0.7092614106574039,3.055918356555833,2.6119493606393784,9.259690433416592,2.346656945898429,6.6477410727772135,4.301084126878784,,TRUE
3233,TRUE,FALSE,-0.04339615312806096,1.5206958546690332,6.821632188444612,2.225406026038603,9.558912518244831,5.300936333775579,7.3335064922062285,2.0325701584306497,,TRUE
3234,TRUE,FALSE,-0.3908926115781104,0.885626122857856,3.9873281589103566,2.9300577905075578,8.923705792300169,3.1017020360525005,5.993648001792611,2.8919459657401103,,TRUE
3235,TRUE,FALSE,0.12895123598630295,1.6545701704364841,4.920851136145589,3.388296889980277,11.464082536745346,3.2662809657091048,8.07578564676507,4.809504681055965,,TRUE
3236,TRUE,FALSE,-0.5368821094677295,0.9207227043464256,6.428465314069766,2.482077129017075,10.130451169016343,5.507742609723341,7.648374039999268,2.1406314302759277,,TRUE
3237,TRUE,FALSE,-0.3187320108876362,1.6091572925237547,7.270098128431645,2.706804285924017,8.89150090409729,5.6609408359078905,6.184696618173273,0.5237557822653827,,TRUE
3238,TRUE,FALSE,0.030599554085023635,1.5620633515039524,6.0985917551162325,2.4933895964758586,10.03714688175432,4.53652840361228,7.543757285278461,3.0072288816661805,,TRUE
3239,TRUE,FALSE,-0.11428751213113279,0.5344850860793057,2.2545647491259477,3.154867267489067,11.87063023913726,1.7200796630466422,8.715762971648193,6.995683308601551,,TRUE
3240,TRUE,FALSE,-0.21738509918954707,0.8634682735755376,4.125941690603269,3.1540090422877864,12.126360811104185,3.2624734170277314,8.972351768816399,5.709878351788667,,TRUE
3241,TRUE,FALSE,0.061615065000692575,1.2261752729661126,5.477106332673617,2.4586933728038263,11.680517162359369,4.250931059707504,9.221823789555543,4.970892729848039,,TRUE
3242,TRUE,FALSE,-0.3929182571727496,1.233477713538254,7.322440874294793,2.8906340424028203,11.584450777906046,6.088963160756539,8.693816735503226,2.604853574746687,,TRUE
3243,TRUE,FALSE,-0.02511763812833336,2.057596372898892,9.147313731688165,2.8606062106468513,12.401751202875833,7.089717358789272,9.54114499222898,2.4514276334397085,,TRUE
3244,TRUE,FALSE,0.3436015340242454,1.6662435998660277,4.4746340972969705,2.6967288872017745,10.211289074120012,2.808390497430943,7.514560186918238,4.706169689487295,,TRUE
3245,TRUE,FALSE,-0.002013554175708646,0.9053396537043377,3.81780115730611,2.4679021959492595,10.386165327130113,2.9124615036017723,7.918263131180854,5.005801627579082,,TRUE
3246,TRUE,FALSE,-0.1257146214996074,0.8767709563572895,4.354680722938518,2.6737596464791085,11.711037234985502,3.4779097665812286,9.037277588506393,5.559367821925164,,TRUE
3247,TRUE,FALSE,-0.11714307764591791,1.0668930683723516,3.742368986815732,2.735544390272027,8.534830220050376,2.6754759184433805,5.7992858297783485,3.123809911334968,,TRUE
3248,TRUE,FALSE,0.1857055989439069,1.232573632102111,4.362412760385999,2.4602942458884507,10.48459960667008,3.1298391282838876,8.02430536078163,4.894466232497743,,TRUE
3249,TRUE,FALSE,-0.6032173195053518,0.8785989089096429,6.795384927154078,2.480508862548873,10.495188247789807,5.916786018244435,8.014679385240933,2.097893366996498,,TRUE
3250,TRUE,FALSE,-0.12811815702865895,1.0425778304296642,4.819863398259849,2.055410716096706,8.359568328843878,3.7772855678301847,6.304157612747172,2.5268720449169875,,TRUE
3251,TRUE,FALSE,-0.2674420212962164,1.1443672922682269,5.1133893418777125,2.641090858500474,9.031880301367739,3.9690220496094857,6.3907894428672645,2.421767393257779,,TRUE
3252,TRUE,FALSE,0.2759777605744931,1.1078461764526528,4.072764901647034,2.4742006879855603,11.986721640069906,2.964918725194381,9.512520952084346,6.547602226889965,,TRUE
3253,TRUE,FALSE,-0.40552135491237484,0.8543045761187273,4.513686937769893,2.5232853585920734,8.887290619651218,3.6593823616511654,6.364005261059145,2.7046228994079793,,TRUE
3254,TRUE,FALSE,0.16048631472828864,1.0095386595401514,3.898048751157123,2.065215420852517,9.362417243653267,2.8885100916169715,7.29720182280075,4.408691731183778,,TRUE
3255,TRUE,FALSE,-0.46813316090140716,1.1913146852539276,7.061049252516669,2.963530087473443,10.998778035477306,5.869734567262741,8.035247948003864,2.165513380741123,,TRUE
3256,TRUE,FALSE,-0.24578152729319303,1.3578317437427652,6.150311013070055,2.4962652658869064,8.843013606937834,4.7924792693272895,6.346748341050928,1.5542690717236383,,TRUE
3257,TRUE,FALSE,-0.4210484593285973,0.7636017215645359,4.277232780300458,2.6416622883949135,9.712124960132146,3.513631058735922,7.070462671737232,3.55683161300131,,TRUE
3258,TRUE,FALSE,0.6258468802589292,2.0143718995001043,5.656385149841181,2.47267966020439,12.98281958702512,3.6420132503410763,10.51013992682073,6.868126676479653,,TRUE
3259,TRUE,FALSE,0.08315937553253984,1.1859790958960148,5.762930709091222,2.081063685367515,10.989233271865288,4.576951613195208,8.908169586497774,4.331217973302566,,TRUE
3260,TRUE,FALSE,-0.21766487624808434,1.245510856371145,5.451825634692106,2.929739795707759,10.315560621610116,4.206314778320961,7.385820825902357,3.1795060475813957,,TRUE
3261,TRUE,FALSE,-0.17176577119491146,0.5438773571397362,2.4094459422875705,2.5410001628931385,9.480341348384997,1.8655685851478343,6.939341185491858,5.073772600344023,,TRUE
3262,TRUE,FALSE,-0.013665901454347686,1.4799415318689375,6.052645848319864,2.229928035695739,8.996146668851372,4.572704316450927,6.766218633155633,2.1935143167047064,,TRUE
3263,TRUE,FALSE,-0.033906998980500785,1.0766417569653974,5.880849477731936,2.0080033547329315,10.602484724875469,4.804207720766539,8.594481370142537,3.7902736493759983,,TRUE
3264,TRUE,FALSE,-0.3027083981053248,1.8633200823877272,8.883552688835543,2.443293448495914,8.606176753076122,7.020232606447816,6.162883304580208,-0.8573493018676084,,TRUE
3265,TRUE,FALSE,-0.5796254145281776,0.7742735934871853,4.066239456046487,3.069335576144679,9.028482411780509,3.291965862559302,5.9591468356358295,2.6671809730765275,,TRUE
3266,TRUE,FALSE,-0.08269261821635339,1.0920262524931403,5.07425803400239,3.486145108033901,14.913239123537736,3.9822317815092494,11.427094015503835,7.444862233994586,,TRUE
3267,TRUE,FALSE,0.09108307313342852,1.493685467110578,4.606954069245426,3.0123102674358453,10.176801533049433,3.1132686021348484,7.164491265613588,4.05122266347874,,TRUE
3268,TRUE,FALSE,-0.45861837116557114,0.8612116962937938,4.523287276812735,2.590951786163544,8.60256880899564,3.6620755805189416,6.011617022832096,2.349541442313155,,TRUE
3269,TRUE,FALSE,-0.4598096084055835,0.8365235046762907,4.306358453590525,2.393959399261619,7.7813694141909275,3.469834948914234,5.3874100149293085,1.9175750660150745,,TRUE
3270,TRUE,FALSE,-0.05123599264009037,0.8805432932138819,3.9497028320009897,2.6722753700919,11.387893784769965,3.069159538787108,8.715618414678065,5.646458875890957,,TRUE
3271,TRUE,FALSE,-0.5590976945597086,1.254053578563522,8.349989541549835,3.085783328378799,11.74687167469185,7.095935962986313,8.66108834631305,1.5651523833267378,,TRUE
3272,TRUE,FALSE,-0.17572723012572627,1.1065669681009225,4.9286003519004415,3.320731029097505,12.406870110813248,3.822033383799519,9.086139081715743,5.264105697916223,,TRUE
3273,TRUE,FALSE,-0.2623143702941053,1.1062332307246832,6.06612268081622,2.8627470939233364,12.07607461633965,4.959889450091537,9.213327522416314,4.253438072324777,,TRUE
3274,TRUE,FALSE,-0.24334842992924788,1.2782485534748782,7.119604657329668,2.7451322558664497,11.987233391368548,5.84135610385479,9.242101135502098,3.4007450316473085,,TRUE
3275,TRUE,FALSE,-0.3687248865564924,1.0896855135570889,6.068266430651498,2.748279072926762,10.584957300796534,4.978580917094409,7.836678227869772,2.8580973107753627,,TRUE
3276,TRUE,FALSE,-0.27196630757538165,1.2444929137865612,7.192461206943722,2.0636205359148776,9.086601340713587,5.947968293157161,7.02298080479871,1.0750125116415488,,TRUE
3277,TRUE,FALSE,-0.21316014305437858,0.8885887220485277,4.100745367352953,2.8615022130457652,10.670427474039585,3.2121566453044257,7.808925260993819,4.596768615689394,,TRUE
3278,TRUE,FALSE,-0.5397899417581284,0.5653835699299519,3.6192280117612428,3.0254157789207206,11.288338795484872,3.053844441831291,8.262923016564152,5.20907857473286,,TRUE
3279,TRUE,FALSE,-0.1361647341965875,0.9572657589369734,4.335292468120476,3.044412535131088,12.032442233827966,3.3780267091835023,8.988029698696879,5.610002989513377,,TRUE
3280,TRUE,FALSE,-0.6553574368727085,0.9720501404922849,6.405174078689421,2.9556607184016435,10.112970287692272,5.433123938197136,7.157309569290629,1.7241856310934924,,TRUE
3281,TRUE,FALSE,0.31840491933976217,1.4135441739952854,3.8449723747025994,2.5707746010113044,9.614558335518558,2.4314282007073142,7.043783734507253,4.6123555337999385,,TRUE
3282,TRUE,FALSE,-0.8703041490065443,0.6210940349369651,4.575013441111516,2.857505290602612,8.815638436026564,3.9539194061745513,5.958133145423952,2.004213739249401,,TRUE
3283,TRUE,FALSE,-0.12906371635300132,1.0493823634401056,5.153602795457978,2.4346009584151997,10.50880445709499,4.104220432017872,8.074203498679791,3.9699830666619196,,TRUE
3284,TRUE,FALSE,0.3241370107227558,1.4009172627838367,5.693755571787949,2.0665409533429018,11.61451993675086,4.292838309004113,9.547978983407958,5.255140674403846,,TRUE
3285,TRUE,FALSE,-0.03742867343972646,1.507386173368898,5.6364871008681074,2.8441746224542235,10.24436823433676,4.129100927499209,7.4001936118825355,3.2710926843833263,,TRUE
3286,TRUE,FALSE,0.03744188904708439,1.0881057375047476,4.67845627599895,2.518742033127511,11.242838450519944,3.590350538494202,8.724096417392433,5.133745878898231,,TRUE
3287,TRUE,FALSE,0.08709745867225742,0.9916572672869184,4.116396103488144,2.1580688166697852,9.773425224836549,3.124738836201226,7.615356408166764,4.490617571965538,,TRUE
3288,TRUE,FALSE,0.1985827986566097,0.9013884132375617,3.302124332219369,2.674167920908816,11.948504145147396,2.400735918981807,9.27433622423858,6.8736003052567725,,TRUE
3289,TRUE,FALSE,-0.41634406076686925,1.2419237260463412,7.307552944216702,3.191192749662697,12.382665890978037,6.065629218170361,9.19147314131534,3.125843923144979,,TRUE
3290,TRUE,FALSE,-0.2652311530537142,0.97970893782217106,4.759111769299328,2.93805899862097,10.947146263722502,3.779402831477157,8.009087265101531,4.229684433624374,,TRUE
3291,TRUE,FALSE,-0.07359003639112602,1.0542152963956464,4.791217254491563,2.9353078859178408,12.393970704491393,3.737001958095917,9.458662818573552,5.721660860477636,,TRUE
3292,TRUE,FALSE,0.13676840017860853,1.177513114215586,4.511294252512586,2.1703901425831034,9.533908341589743,3.3337811382970006,7.36351819900664,4.029737060709639,,TRUE
3293,TRUE,FALSE,0.10724003080469169,1.910219477236162,7.3577184337179835,2.391268718021932,10.253261442853862,5.447498956481821,7.86199272483193,2.414493768350109,,TRUE
3294,TRUE,FALSE,-0.16601884310664775,1.08027602569975,4.721180976460251,2.8223070891997004,10.447661896874521,3.640904950760501,7.625354807674821,3.98444985691432,,TRUE
3295,TRUE,FALSE,0.15886419752902653,0.8214038029078822,2.7582942788027083,2.9350368883997913,11.55290754302603,1.9368904758948262,8.61787065462624,6.680980178731414,,TRUE
3296,TRUE,FALSE,0.03201762434133583,0.94486846119998,3.777248799299992,2.29080896008719,9.455798078525362,2.832380338100012,7.1649891184381715,4.332608780338159,,TRUE
3297,TRUE,FALSE,0.14057250141335842,1.2578072671864768,4.521801574667079,2.257833011580271,9.341983187132014,3.263994307480602,7.084150175551743,3.820155868071141,,TRUE
3298,TRUE,FALSE,0.0015920019735200788,0.8731768010284836,3.08926993810193,2.8061569913401083,9.943906484655637,2.2160931370734467,7.137749493315528,4.921656356242082,,TRUE
3299,TRUE,FALSE,0.015383925807253859,1.2493510444158802,4.8097706332024455,2.7939288421486292,10.922860250992956,3.5604195887865653,8.128931408844327,4.568511820057761,,TRUE
3300,TRUE,FALSE,-0.35516161133629237,1.3105576093861964,7.30287203641082,2.827962354838219,11.047562581626266,5.992314427024624,8.219600226788048,2.2272857997634237,,TRUE
3301,TRUE,FALSE,-0.08306614331217768,0.5965308041399819,2.9182355583339716,2.755540483355646,12.405637828312429,2.3217047541939895,9.650097344956784,7.328392590762794,,TRUE
3302,TRUE,FALSE,-0.3400048291928081,1.8756883078596995,8.856107938963788,2.892743013175681,9.72142347960458,6.9804196311040885,6.828680466428899,-0.1517391646751891,,TRUE
3303,TRUE,FALSE,-0.33485323192840477,1.0137368338822332,6.840299675738054,1.9482504017951676,9.40523747348362,5.826562841855821,7.456987071688452,1.6304242298326317,,TRUE
3304,TRUE,TRUE,-0.32603257242394024,0.8830098834128378,4.76376229942127,2.5571295822151616,9.95733475164208,3.880752416008432,7.400205169426918,3.5194527534184865,,TRUE
3305,TRUE,FALSE,-0.00980036714401292,1.4600473503753757,6.002422112229252,2.614744682852179,10.644680631610964,4.542374761853877,8.029935948758784,3.487561186904907,,TRUE
3306,TRUE,FALSE,0.2630750117501307,1.52537185387322,5.212672200144283,2.828664464413548,12.575293993922866,3.687300346271063,9.746629529509319,6.059329183238256,,TRUE
3307,TRUE,FALSE,-0.21069954580400474,1.1038655975495149,4.889225843499153,2.8809766249251534,10.336130517053222,3.7853602459496383,7.4551538921280684,3.66979364617843,,TRUE
3308,TRUE,FALSE,0.011929665786499823,1.2554697758745668,4.243700124962663,3.2665275542609344,11.173924677909799,2.988230349088096,7.907397123648865,4.919166774560769,,TRUE
3309,TRUE,FALSE,-0.2086036436251513,1.2124526724378992,6.242784341395236,2.7248871101957994,11.388502998058305,5.030331668957337,8.663615887862505,3.6332842189051684,,TRUE
3310,TRUE,FALSE,-0.48546393285813444,1.0548334913606665,6.173693423001839,2.187262964939573,7.878215225313102,5.118859931641173,5.690952260373529,0.5720923287323565,,TRUE
3311,TRUE,FALSE,-0.37792254000992076,0.8464947195785063,5.50478639488393,2.106984546008943,9.38961736292585,4.658291675305424,7.282632816916907,2.624341141611483,,TRUE
3312,TRUE,FALSE,-0.3630018626315937,1.4835450561070502,8.383270253779127,3.297011932443972,12.959359550512449,6.899725197672077,9.662347618068477,2.7626224203964,,TRUE
3313,TRUE,FALSE,-0.00799085287806644,1.192607206052324,4.502212393086072,2.635464847127498,9.869960041953654,3.309605187033748,7.234495194826156,3.924890007792408,,TRUE
3314,TRUE,FALSE,-0.5570685453170724,0.7966770786345654,4.523846749342091,3.6887353415294233,11.99972417561197,3.727169670707526,8.310988834082547,4.583819163375021,,TRUE
3315,TRUE,FALSE,0.28131048541469506,0.8176514793190729,2.924369758842381,2.2546956006221532,10.683746293803342,2.106718279523308,8.429050693181189,6.322332413657881,,TRUE
3316,TRUE,FALSE,0.058938309775134735,1.2053529629473658,4.295571329103543,2.5551084078569963,9.658565047274493,3.0902183661561775,7.103456639417496,4.013238273261319,,TRUE
3317,TRUE,FALSE,-0.05989070135954681,1.2305269655439512,5.227507102493554,2.573319917734625,10.29643961231757,3.996980136949603,7.7231196945829454,3.7261395576333425,,TRUE
3318,TRUE,FALSE,-0.36568234967099345,1.190825379284012,5.81581018962391,2.907492945870909,9.850697556753055,4.624984810339898,6.9432046108821455,2.3182198005422476,,TRUE
3319,TRUE,FALSE,0.5047495504187478,1.2466929896902965,2.9379419882004143,2.6768692514951278,10.450108564404214,1.6912489985101178,7.773239312909086,6.081990314398968,,TRUE
3320,TRUE,FALSE,0.08775965415911006,1.0442752452788653,3.9131415861820797,2.5956471569024897,10.618661289556206,2.8688663409032147,8.023014132653717,5.1541477917505025,,TRUE
3321,TRUE,FALSE,0.10184193775733157,1.440951303487136,4.1075049853640175,2.8963689855374604,9.14138657544644,2.6665536818768816,6.245017589908979,3.5784639080320977,,TRUE
3322,TRUE,FALSE,-0.30620539554173903,0.6911094342654903,3.496851967113847,3.3296970730288176,12.403716654905205,2.805742532848357,9.074019581876387,6.26827704902803,,TRUE
3323,TRUE,FALSE,-0.19920334047668456,1.022032755543211,6.044137096436374,2.3379500409862275,11.329006000966384,5.022104340893163,8.991055959980157,3.968951619086994,,TRUE
3324,TRUE,FALSE,-0.38123500222107404,1.3421201909074445,9.124124074815818,2.9750766956754022,13.814325369441669,7.782003883908374,10.839248673766267,3.0572447898578936,,TRUE
3325,TRUE,FALSE,0.3139402818027106,0.78513376369747645,2.126204609476962,2.77375005683298,10.281849851369412,1.3410708457794858,7.508099794536432,6.167028948756946,,TRUE
3326,TRUE,FALSE,0.10683055331280965,0.8591307978119305,3.5515822361612175,2.4423804552488515,11.234967568914808,2.692451438349287,8.792587113665956,6.100135675316669,,TRUE
3327,TRUE,FALSE,-0.46216438675260246,0.9044710501253239,6.027397223703422,2.5532433629904747,10.717954567159692,5.122926173578097,8.164711204169217,3.04178503059112,,TRUE
3328,TRUE,FALSE,-0.45081482649793186,1.1489828189591336,5.683067390915685,2.878184793681751,9.069880274105506,4.5340845719565515,6.191695480423755,1.6576109084672037,,TRUE
3329,TRUE,FALSE,-0.3745392397753915,0.9332342241594933,4.873646566809079,2.8839285103428454,10.35589264187553,3.9404123426495854,7.471964131532684,3.5315517888830987,,TRUE
3330,TRUE,FALSE,-0.0896123845720406,0.7429705829859783,3.353751267850285,2.1489289176008017,8.868764382529822,2.6107806848643067,6.7198354649290195,4.109054780064713,,TRUE
3331,TRUE,FALSE,-0.5274559496515482,1.0671753089341758,6.7501419528916955,3.00791034903491,11.227183399638301,5.68296664395752,8.219273050603391,2.5363064066458714,,TRUE
3332,TRUE,FALSE,0.2142866036663374,1.369857407559444,4.691975624151321,2.652464420100372,11.256242510677152,3.322118216591877,8.60377809057678,5.281659873984903,,TRUE
3333,TRUE,FALSE,-0.5769015349158403,0.7563189374864545,3.939548920793484,3.0143758616118355,8.818480790360061,3.1832299833070294,5.804104928748226,2.620874945441196,,TRUE
3334,TRUE,FALSE,-0.029488522208915145,0.9741154389593,3.956536690101328,2.929132369158909,11.551464997039368,2.982421251142028,8.622332627880459,5.63991137673843,,TRUE
3335,TRUE,FALSE,-0.3616054872073832,1.1449899552489404,5.283920535140793,2.715574137050903,8.729170916487703,4.138930579891853,6.013596779436801,1.874666199544948,,TRUE
3336,TRUE,FALSE,-0.44302951606119234,0.6569041070466612,3.1269283435264827,2.5735706169232433,7.865870050366327,2.4700242364798215,5.292299433443084,2.8222751969632625,,TRUE
3337,TRUE,FALSE,-0.43396490338851107,0.9434773448545343,6.143216152576763,2.3055328191960607,9.726734603500246,5.199738807722229,7.421201784304185,2.2214629765819565,,TRUE
3338,TRUE,FALSE,-0.3347587713353783,1.23932565523611,6.129550479631146,3.047822420189713,10.78571544273149,4.890224824395037,7.737893022541778,2.8476681981467413,,TRUE
3339,TRUE,FALSE,-0.024271697241281025,1.0971610508256162,3.672505351943733,2.9955060447495314,9.786360092201623,2.5753443011181165,6.7908540474520915,4.215509746333975,,TRUE
3340,TRUE,FALSE,0.231354315914351,1.663962654547119,5.205944464417663,2.1690181777600896,8.552538747211452,3.5419818098705442,6.383520569451362,2.841538759580818,,TRUE
3341,TRUE,FALSE,-0.11237767389502128,0.7543561529101803,4.27183479793004,2.6724011092259286,13.524918345489251,3.5174786450198603,10.852517236263322,7.335038591243462,,TRUE
3342,TRUE,FALSE,-0.06754629600132553,0.6613076931683843,3.201610455099392,2.603165122284861,11.779629955343605,2.5403027619310077,9.176464833058745,6.636162071127737,,TRUE
3343,TRUE,FALSE,-0.2661218557112133,1.166014519586846,5.6847497635651045,2.4831514578050244,9.2775937204214909,4.518735243978258,6.7944422626164664,2.275707018638208,,TRUE
3344,TRUE,FALSE,-0.16082095271839789,0.7035904164052437,3.769769415637373,2.748910594930923,12.540412843787538,3.0661789992321293,9.791502248856615,6.725323249624486,,TRUE
3345,TRUE,FALSE,-0.18286606336525607,0.8112517376849095,4.078095783390325,2.7970090763265483,11.71056732758047,3.2668440457054158,8.913558251253923,5.646714205548507,,TRUE
3346,TRUE,FALSE,0.14215640867625648,0.9388797074890224,3.7768795336405727,2.207078619041064,10.23478509088053,2.83799982615155,8.027706471839466,5.189706645687915,,TRUE
3347,TRUE,FALSE,-1.0333719265770507,0.4463609764213251,4.494489465860821,3.1628876339304806,11.331572603347098,4.048128489439495,8.168684969416617,4.120556479977122,,TRUE
3348,TRUE,FALSE,-0.11991352625473857,1.1206112980374339,5.435584198383137,2.4544099078625656,10.559917940616035,4.314972900345703,8.10550803275347,3.7905351324077667,,TRUE
3349,TRUE,FALSE,0.7898496824312006,1.3514345754252401,2.9806272387375556,3.4509332976676084,16.767818475295698,1.6291926633123155,13.31688517762809,11.687692514315774,,TRUE
3350,TRUE,FALSE,-0.20288240815392655,0.8001369294544284,4.076774861470516,2.5476218684584566,10.596847170272092,3.2766379320160874,8.049225301813635,4.772587369797548,,TRUE
3351,TRUE,FALSE,-0.009010871609904712,1.1848333172993681,4.02509406149964,2.7486647838101916,9.253950715566512,2.840260744200272,6.505285931756321,3.665025187556049,,TRUE
3352,TRUE,FALSE,-0.5643643219413684,0.6796790502077295,5.512595621988433,2.326270680950223,10.73030800734362,4.832916571780704,8.404037326393397,3.571120754612693,,TRUE
3353,TRUE,FALSE,-0.4225416731372011,1.3405586172435668,6.373594505014181,3.7227145779461783,11.599809152251442,5.033035887770614,7.877094574305264,2.84405868653465,,TRUE
3354,TRUE,TRUE,-0.27783189603433706,0.7061799979778856,3.718626364988054,2.721370899794269,10.854104759530117,3.0124463670101687,8.132733859735847,5.120287492725678,,TRUE
3355,TRUE,FALSE,-0.1072505540893178,1.0813391439506732,4.471802932936304,2.6428580760862994,9.817846774484988,3.39046378898563,7.174988698398688,3.784524909413058,,TRUE
3356,TRUE,FALSE,0.25729055166510745,1.5385421227100036,5.022265951253992,3.0926360183785695,13.057468662710988,3.4837238285439884,9.964832644332418,6.48110881578843,,TRUE
3357,TRUE,FALSE,-0.20187947972571002,1.0250397765842112,5.002995104341526,2.787394469743113,11.11764108478319,3.9779553277573148,8.330246615040076,4.352291287282762,,TRUE
3358,TRUE,FALSE,-0.5451699692829483,0.883993110623267,5.477325060306629,3.252835977833147,11.68469795861235,4.593331949683361,8.431861980779203,3.838530031095842,,TRUE
3359,TRUE,FALSE,-0.008824480909933463,1.2419602614542309,4.379404255228426,3.2262592959665723,11.27649629245198,3.137443993774195,8.050236996485408,4.912793002711213,,TRUE
3360,TRUE,FALSE,-0.1316447715346322,0.9302995497208933,4.300996288552249,2.584032242116132,10.473011669161403,3.370696738831356,7.888979427045271,4.518282688213915,,TRUE
3361,TRUE,FALSE,-0.1642140944605936,1.1679669166241617,5.284480268594289,2.965390709853193,11.385087872158598,4.116513351970127,8.419697162305406,4.303183810335279,,TRUE
3362,TRUE,FALSE,0.23975940307566923,1.179177605935416,4.163818539031209,2.5992263431427896,11.664949349792902,2.9846409330957933,9.065723006650114,6.08108207355432,,TRUE
3363,TRUE,FALSE,-0.0033341960460081532,1.406167544297807,6.114814584019423,2.6021596457174994,11.278001227866199,4.708647039721616,8.6758415821487,3.967194542427083,,TRUE
3364,TRUE,FALSE,-0.037563411805543324,1.3295377527301777,4.979146959435162,3.124834598754576,11.271136852379838,3.6496092067049837,8.146302253625262,4.496693046920278,,TRUE
3365,TRUE,FALSE,0.3826106283717973,1.6977373588650335,4.703012837820544,2.377363537575242,9.65532598086852,3.00527547895551,7.277962443293278,4.272686964337768,,TRUE
3366,TRUE,FALSE,-0.3902125222758125,0.9910496153760002,5.603321282439593,2.356749028447566,9.019787768407973,4.612271667063593,6.663038739960407,2.0507670728968144,,TRUE
3367,TRUE,FALSE,-0.09693103859936705,0.9478363859350065,3.9577366183945615,2.7257313206838325,10.329990972526227,3.0099002324595547,7.604259651842394,4.594359419382839,,TRUE
3368,TRUE,FALSE,-0.632880007688795,0.7817768191207752,5.026854467201068,3.210859988606362,10.964241595843879,4.245077648080293,7.753381607237516,3.5083039591572236,,TRUE
3369,TRUE,FALSE,-0.15684711563132325,1.140423095123503,4.836214904679489,2.893947230886401,10.490890604090797,3.6957918095559856,7.596943373204397,3.901151563648411,,TRUE
3370,TRUE,FALSE,-0.42773583040453816,0.7642100821229101,4.189311147297206,2.9350881413662204,10.490294758373794,3.4251010651742964,7.555206617007574,4.130105551833278,,TRUE
3371,TRUE,TRUE,0.07025325943913162,1.0232186006938881,3.857687636642892,2.201073377852458,8.902331385745953,2.834469035949004,6.701258007893495,3.866788971944491,,TRUE
3372,TRUE,FALSE,-0.6837654000291405,1.0662355749597945,7.274229958525696,3.2259677349988864,11.108063065700726,6.207994383565902,7.88209533070184,1.6741009471359378,,TRUE
3373,TRUE,FALSE,-0.5970900559968567,1.008313472775093,6.45937085734077,2.707872016863334,9.547944093557732,5.451057384565677,6.840072076694398,1.389014692128721,,TRUE
3374,TRUE,FALSE,0.587105048154867,1.1864916147164266,2.7953711787348934,2.1744629300001828,9.215168926216075,1.6088795640184668,7.040705996215892,5.4318264321974254,,TRUE
3375,TRUE,FALSE,0.29951593100975793,1.7060442180874467,5.09817608690766,3.0460659354326602,12.281232813580656,3.3921318688202136,9.235166878147997,5.843035009327783,,TRUE
3376,TRUE,FALSE,-0.05600780211638994,1.2628451040392128,5.830211750788822,2.425727319101001,10.588936490579465,4.567366646749608,8.163209171478464,3.5958425247288552,,TRUE
3377,TRUE,FALSE,-0.03048114036093618,0.8068974719486983,3.716827765359914,2.56819309424538,11.474769349875578,2.9099302934112155,8.906576255630197,5.996645962218982,,TRUE
3378,TRUE,FALSE,-0.3967381435369949,0.6478068983674317,3.6541039302917677,2.463299993589843,9.344400548445154,3.006297031924336,6.881100554855312,3.874803522930976,,TRUE
3379,TRUE,FALSE,0.2887839062931957,1.8041786402141875,5.2714698476239095,2.345994584078123,9.149480839552343,3.4672912074097217,6.80348625547422,3.336195048064498,,TRUE
3380,TRUE,FALSE,-0.1699488496896248,1.0336534524815075,3.8159608134221648,3.449755648495567,10.745074561647023,2.7823073609406572,7.295318913151456,4.5130115522107985,,TRUE
3381,TRUE,FALSE,-0.06669757861570039,1.203451477174836,5.03134214794008,2.081989581466021,8.142681149009812,3.8278906707652443,6.060691567543791,2.2328008967785467,,TRUE
3382,TRUE,FALSE,-0.3306959224879828,1.4496578481179783,7.481135669296807,2.448053795477451,9.076189657843223,6.031477821178829,6.628135862365772,0.5966580411869433,,TRUE
3383,TRUE,FALSE,0.16044190924682317,1.7524711386730956,6.5885097254715115,1.999579744843582,8.825799998935567,4.836038586798416,6.826220254091985,1.9901816672935686,,TRUE
3384,TRUE,FALSE,-0.3797288361499839,1.1516795517447886,7.265475292746794,2.6147679669255397,11.28369638740673,6.113795741002006,8.66892842048119,2.5551326794791844,,TRUE
3385,TRUE,FALSE,0.04814952917259402,1.386476461348976,5.456204647638376,2.602001474536077,10.744761093279704,4.0697281862894,8.142759618743627,4.0730314324542265,,TRUE
3386,TRUE,FALSE,-0.2035316414907982,1.4839171585835527,8.23270653303072,2.9056864428679168,13.151916905404857,6.748789374447168,10.24623046253694,3.4974410880897713,,TRUE
3387,TRUE,FALSE,-0.15003536857873304,0.9871866749720076,4.627955805408378,2.913120408361199,11.754084850068836,3.6407691304363707,8.840964441707637,5.200195311271266,,TRUE
3388,TRUE,FALSE,-0.5764583109921027,0.8358876578223465,4.823480002534274,2.5462778478110617,8.255924217389696,3.9875923447119277,5.709646369578634,1.722054024866706,,TRUE
3389,TRUE,FALSE,-0.213917839948757,1.1598869328712718,5.8487127337272264,2.6045291372616646,10.604019509788229,4.6888258008559545,7.999490372526564,3.3106645716706096,,TRUE
3390,TRUE,FALSE,-0.49347367779307494,1.0037024418452907,6.0820684811383,2.3808179717807074,8.807641356114448,5.07836603929301,6.426823384333741,1.348457345040731,,TRUE
3391,TRUE,FALSE,-0.30680640965838113,0.7301036165388349,4.090865242336808,2.3548799949588575,9.708566807596673,3.3607616257979736,7.353686812637816,3.9929251868398428,,TRUE
3392,TRUE,FALSE,-0.36885838925554826,0.7818828065874553,3.71106503601237,2.8579756978297537,9.380419712605027,2.9291822294249146,6.522444014775274,3.593261785350359,,TRUE
3393,TRUE,FALSE,-0.40281602398385047,1.611444399387696,8.318997558140794,3.183516889918165,10.985556278978505,6.707553158753098,7.80203938906034,1.0944862303072425,,TRUE
3394,TRUE,FALSE,-0.11226648194866062,0.9911641962846119,5.096414523476231,2.9378428555078533,13.501778753148889,4.1052503271916185,10.563935897641036,6.4586855704494175,,TRUE
3395,TRUE,FALSE,-0.243348881496751,0.9403183559557785,4.435557988050879,2.809192727486526,10.388905750553246,3.4952396320951,7.57971302306672,4.08447339097162,,TRUE
3396,TRUE,FALSE,-0.31833339219653883,1.2193031716910991,5.603808089219751,2.767391673810147,9.251065259941397,4.384504917528652,6.48367358613125,2.099168668602598,,TRUE
3397,TRUE,FALSE,-0.2173125659068447,0.7379344093683565,3.2614782381233036,2.762373386907095,9.82429639547118,2.523543828754947,7.061923008564085,4.538379179809137,,TRUE
3398,TRUE,FALSE,0.33882739088084923,1.2606738707207636,5.647111651589919,2.0316466129207478,12.770933914075506,4.386437780869155,10.739287301154759,6.352849520285604,,TRUE
3399,TRUE,FALSE,-0.5661242207258007,0.8310985318619412,5.30535075468086,2.1036955772175805,7.623946771349452,4.474252222818919,5.5202511941318715,1.0459989713129527,,TRUE
3400,TRUE,FALSE,-0.4913919802714082,1.24833036461768,6.30394012374297,3.233945063616888,9.99094015484134,5.05560975912529,6.756995091224452,1.7013853320991617,,TRUE
3401,TRUE,FALSE,0.17729911770618378,1.6351534676651744,5.550340305246956,2.305817923085918,9.34514686539152,3.9151868375817815,7.039328942305602,3.1241421047238203,,TRUE
3402,TRUE,FALSE,-0.03153242994214259,1.194748403935823,5.180508072823665,2.112815068873814,8.876934617317612,3.985759668887842,6.764119548443798,2.778359879555956,,TRUE
3403,TRUE,FALSE,-0.02198074274742571,1.667692430681895,6.184190929432459,2.773038119109836,10.059506049431905,4.516498498750564,7.286467930322068,2.7699694315715044,,TRUE
3404,TRUE,FALSE,-0.6624748743974695,0.8082420674346102,5.484608094413527,3.0079429732754597,10.523605648354396,4.676366026978917,7.515662675078936,2.839296648100019,,TRUE
3405,TRUE,FALSE,-0.3379703891614353,1.0087833492919638,6.429421846804132,2.6558692178291188,12.072633780625948,5.420638497512169,9.416764562796828,3.9961260652846597,,TRUE
3406,TRUE,FALSE,-0.16823166714314355,1.5451801649804837,6.804749550512455,2.625050245687029,9.770314798071231,5.259569385531972,7.145264552384202,1.8856951668522308,,TRUE
3407,TRUE,FALSE,-0.649245419921996,0.9330100275961805,6.578997844252911,3.174331839758136,11.693972136574992,5.6459878166567306,8.519640296816856,2.8736524801601258,,TRUE
3408,TRUE,FALSE,-0.19927359764257746,1.3168541218818426,6.428236468262111,3.5740098867154955,14.294418818070353,5.111382346380268,10.720408931354857,5.609026584974589,,TRUE
3409,TRUE,FALSE,-0.18417353138757916,0.7930519773452821,3.5141119762911806,2.5592935938741217,9.432971123538964,2.7210599989458983,6.8736775296648425,4.152617530718944,,TRUE
3410,TRUE,FALSE,-0.8285201667627365,1.070641948367672,7.306819840545557,2.7004673355543836,8.048247734167777,6.236177892177885,5.347780398613393,-0.8883974935644918,,TRUE
3411,TRUE,FALSE,-0.00851636866493736,1.581339406630813,5.906826315481384,2.608604374110702,9.661369981282636,4.3254869088505705,7.052765607171934,2.7272786983213635,,TRUE
3412,TRUE,FALSE,-0.5543081431473702,1.5364063620482986,9.397396680535017,2.427712862994988,8.530329644129695,7.860990318486719,6.102616781134707,-1.7583735373520115,,TRUE
3413,TRUE,FALSE,-0.45661013243598436,0.9232552218686483,5.628420787586199,2.927115991477323,11.303201172075195,4.705165565717551,8.376085180597872,3.6709196148803214,,TRUE
3414,TRUE,FALSE,0.026602249874933873,1.1751011252911372,3.4635524674906,3.159234343358267,9.562723111440608,2.288451342199463,6.403488768082341,4.115037425882878,,TRUE
3415,TRUE,FALSE,-0.07916440926320693,0.9457320094135612,5.040996169048948,2.161020152097831,10.642077801322412,4.095264159635387,8.481057649224581,4.385793489589195,,TRUE
3416,TRUE,FALSE,-0.5396186435421501,0.9212775345414048,5.973222596020447,3.313872569251462,12.525660126020803,5.051945061479042,9.211787556769341,4.159842495290299,,TRUE
3417,TRUE,FALSE,-0.13903018162264547,0.9273182896099722,4.812239658825424,2.4693426673030663,11.151152169397974,3.8849213692154523,8.681809502094907,4.796888132879455,,TRUE
3418,TRUE,FALSE,-0.35735407472771297,1.119702927721496,6.507646999303987,2.9281696568783686,11.90475621789816,5.387944071582491,8.976586561019792,3.5886424894373006,,TRUE
3419,TRUE,FALSE,0.1493307470515013,1.9939487373541769,6.224234898006502,2.846262659246909,10.315742198096144,4.230286160652325,7.469479538849235,3.2391933781969104,,TRUE
3420,TRUE,FALSE,-0.49645012660604254,1.055254360024193,6.877920760061206,2.2073257982897676,8.75711194502347,5.822666400037012,6.549786146733702,0.7271197466966894,,TRUE
3421,TRUE,FALSE,-0.3396084287603004,1.1737018682062514,6.849042503174984,2.7969250956633083,11.621517340286582,5.675340634968733,8.824592244623274,3.1492516096545407,,TRUE
3422,TRUE,FALSE,0.08361757734719202,1.2325858221176373,4.63459938461985,2.802839899591854,11.45797777097598,3.402013562502213,8.655137871384126,5.253124308881913,,TRUE
3423,TRUE,FALSE,0.33526370530803373,1.2567893720055898,3.7654647365323903,2.846458984161294,11.925159399229983,2.5086753645268005,9.078700415068688,6.570025050541888,,TRUE
3424,TRUE,FALSE,-0.451132236445638,0.8269133451853767,5.071163552265251,3.090977876315901,12.073113187409783,4.244250207079874,8.982135311093883,4.737885104014008,,TRUE
3425,TRUE,FALSE,0.3597747352340274,1.1026612285989346,3.6177806116141937,2.3802009185539594,11.190820334931857,2.515119383015259,8.810619416377897,6.295500033362638,,TRUE
3426,TRUE,FALSE,-0.1151844070095575,1.2871698189511258,5.141846926682981,2.637920182794277,9.391197927835806,3.854677107731855,6.7532777450415296,2.8986006373096744,,TRUE
3427,TRUE,FALSE,0.3360681907242929,1.0248476250316243,3.1697065951258336,2.490129193368494,10.777901371615838,2.1448589700942096,8.287772178247344,6.142913208153135,,TRUE
3428,TRUE,FALSE,-0.43276864308463586,1.4702186940299287,7.784439633563337,2.550710571526849,8.761078326594937,6.314220939533408,6.210367755068088,-0.10385318446532033,,TRUE
3429,TRUE,FALSE,-0.13672985158501294,0.5554876341380973,2.551301686751562,2.7614729628790307,11.062344936946136,1.9958140526134645,8.300871974067105,6.30505792145364,,TRUE
3430,TRUE,FALSE,-0.34096463740087796,0.8483439502870561,5.032909448135637,2.2423520341126024,9.459580642062875,4.184565497848581,7.217228607950272,3.0326631101016908,,TRUE
3431,TRUE,FALSE,0.06225872667564047,1.8763373365327185,8.159885794289126,3.0073717918471248,13.91870733741299,6.283548457756408,10.911335545565866,4.627787087809458,,TRUE
3432,TRUE,FALSE,-0.4262059498055257,1.346790775015473,6.733194581914232,3.0331112739684936,9.901716402890054,5.386403806898759,6.86860512892156,1.4822013220228012,,TRUE
3433,TRUE,FALSE,-0.5230141106282469,0.855849643471877,5.672239623720021,1.988462795619615,7.811463768426252,4.816389980248144,5.823000972806637,1.0066109925584934,,TRUE
3434,TRUE,FALSE,-0.16475456598647972,1.1943803139753277,4.4049750155335765,3.4131469252866604,10.675882805382281,3.2105947015582488,7.2627358800956205,4.052141178537372,,TRUE
3435,TRUE,FALSE,-0.39640387622636064,1.0115846280772556,5.114351417379684,3.3682782969935956,11.456192318846796,4.102766789302429,8.0879140218532,3.985147232550771,,TRUE
3436,TRUE,TRUE,-0.2899304572216315,0.8422222881071854,4.0313242161832425,2.9623113845792246,10.610516061699911,3.1891019280760573,7.648204677120686,4.459102749044629,,TRUE
3437,TRUE,FALSE,-0.2973646146672032,1.0184507315387834,5.343628531257332,2.7153860073481306,10.582395778827674,4.325177799718549,7.867009771479544,3.5418319717609945,,TRUE
3438,TRUE,FALSE,-0.16424743435743908,0.987478225103953,4.7318464428433344,2.2478293264605362,9.139757927618822,3.7443682177393813,6.891928601158286,3.1475603834189045,,TRUE
3439,TRUE,FALSE,-0.2636233046246302,1.3071341920446824,7.1834280714303285,2.386117622539451,10.074262760437524,5.876293879385646,7.688145137898072,1.8118512585124265,,TRUE
3440,TRUE,FALSE,-0.26494814005549655,1.1637714275071638,6.41775537479732,2.812151874640809,11.898404392649958,5.253983947290156,9.086252518009148,3.832268570718992,,TRUE
3441,TRUE,FALSE,-0.09358401685934045,1.0599676214914062,4.69544316363007,2.3705570290534954,9.562938754161733,3.635475542138664,7.192381725108238,3.5569061829695734,,TRUE
3442,TRUE,FALSE,-0.26436311793945294,1.1627296840838697,5.738403109292955,2.6589976398882844,10.074390983591645,4.575673425209086,7.415393343703361,2.839719918494275,,TRUE
3443,TRUE,FALSE,-0.3772076253527658,0.6769539683271213,4.739870016956917,1.760801946755469,8.454708002085757,4.062916048629795,6.693906055330288,2.630990006700493,,TRUE
3444,TRUE,FALSE,-0.4439504860747416,0.9488258304297728,6.64253573261398,2.49300296162237,11.196053064825836,5.693709902184207,8.703050103203466,3.00934020101926,,TRUE
3445,TRUE,FALSE,-0.3750821768934346,1.7263421985108887,9.019959799814886,3.11017682449054,11.167775544079,7.293617601303998,8.057598719588459,0.7639811182844607,,TRUE
3446,TRUE,FALSE,-0.26046332870106786,0.8561475653452112,4.904773359420186,2.6519963971431197,11.709152480353337,4.048625794074974,9.057156083210216,5.008530289135242,,TRUE
3447,TRUE,FALSE,-0.6242715005703334,1.7121548833166098,9.472857950528764,3.110217393786532,9.217455593172975,7.760703067212154,6.107238199386443,-1.6534648678257113,,TRUE
3448,TRUE,FALSE,-0.242615114991703,0.9583243551485703,4.46823829936424,2.886705423817894,10.55990141528117,3.50991394421567,7.673195991463276,4.1632820472476055,,TRUE
3449,TRUE,FALSE,-0.6490901399382387,0.772784011570412,5.473679226861767,3.086072201770298,11.42170742691842,4.7008952152913555,8.335635225148122,3.634740009856767,,TRUE
3450,TRUE,FALSE,-0.3051843383069161,0.9314994965507376,4.288577759231642,2.936156128730384,9.962536731871896,3.3570782626809046,7.026380603141512,3.6693023404606078,,TRUE
3451,TRUE,FALSE,-0.4964379458273175,0.9334703973658633,5.117996779455732,3.082414540857943,10.287035594643472,4.184526382089868,7.204621053785528,3.0200946716956603,,TRUE
3452,TRUE,FALSE,0.1260036088732705,0.7513033372135808,2.355170386318377,2.4725135802744034,8.791609135946043,1.6038670491047964,6.319095555671639,4.715228506566843,,TRUE
3453,TRUE,FALSE,-0.3966030972066757,1.3435063305322215,7.655268419718235,2.6274442606691437,10.06958751978547,6.311762089186013,7.442143259116326,1.1303811699303132,,TRUE
3454,TRUE,FALSE,0.2289557677741354,1.6814694785042283,5.216881645209428,3.101018402682242,12.096523279472342,3.5354121667052,8.9955048767901,5.460092710084901,,TRUE
3455,TRUE,FALSE,0.1808716251968086,1.3852036932600655,5.336668641634431,2.6425264750047255,12.199091618613503,3.951464948374366,9.556565143608777,5.605100195234412,,TRUE
3456,TRUE,FALSE,-0.26259650556218,1.0499934552588654,4.422366896956033,2.711928923926724,8.784201069481007,3.372373441697168,6.072272145554283,2.6998987038571154,,TRUE
3457,TRUE,FALSE,0.030905147326892188,1.1714250970837503,4.269759366186465,3.3406737600893557,12.55870549913031,3.0983342691027147,9.218031739040955,6.11969746993824,,TRUE
3458,TRUE,FALSE,0.3541624632829036,1.0234506798018588,4.0362316165369085,1.8075757067740452,10.15819301595867,3.0127809367350498,8.350617309184624,5.3378363724495745,,TRUE
3459,TRUE,FALSE,-0.14934574502019304,1.1128663062403978,5.134040449761621,2.720505203226754,10.80950533695618,4.021174143521224,8.089000133729426,4.067825990208203,,TRUE
3460,TRUE,FALSE,-0.026850334779446466,0.8699472529743805,3.64582083910736,2.5194866986543727,10.279062803995204,2.7758735861329797,7.759576105340832,4.983702519207853,,TRUE
3461,TRUE,FALSE,0.1147896892907733,2.584333983245486,8.218433290685521,3.0858325981621526,11.006906746427056,5.634099307440035,7.921074148264903,2.2869748408248682,,TRUE
3462,TRUE,FALSE,-0.053056701401279056,0.9902106788490673,4.286697644286661,2.4048715089336805,9.872903478639383,3.2964869654375932,7.468031969705702,4.1715450042681095,,TRUE
3463,TRUE,FALSE,0.24785344983513527,1.3848033503903792,4.101333751069564,2.7122206753572793,10.292086183727925,2.716530400679185,7.579865508370645,4.86333510769146,,TRUE
3464,TRUE,FALSE,-0.11359215460228136,1.782291081811508,8.776655740279622,2.845172346725571,12.50623435752058,6.994364658468115,9.661062010795009,2.666697352326894,,TRUE
3465,TRUE,FALSE,0.30304001367988964,1.1790414166310157,3.611425353927949,2.518628150111596,10.445331809915112,2.432383937296933,7.9267036598035165,5.494319722506583,,TRUE
3466,TRUE,FALSE,-0.23143353593651228,0.8041276298110084,4.859879803491812,2.6099836864289827,12.514918587120992,4.055752173680804,9.904934900692009,5.849182727011205,,TRUE
3467,TRUE,FALSE,-0.27611228269828136,1.1194730329322118,4.5557487980471585,2.8908293265061222,8.925951938260006,3.4362757651149467,6.035122611753884,2.5988468466389376,,TRUE
3468,TRUE,FALSE,-0.3322557809173902,0.7893708278319141,4.178931814717984,2.151094726587748,8.168586192573958,3.38956098688607,6.01749146598621,2.62793047910014,,TRUE
3469,TRUE,FALSE,-0.38420330892696763,0.853551184029658,5.026530584845774,2.5274168541797164,10.135805324758826,4.172979400816116,7.60838847057911,3.4354090697629935,,TRUE
3470,TRUE,FALSE,-0.16933963310479241,0.7928337370120572,3.57702593604284,3.1992196192980167,12.185427025485755,2.784192199030783,8.986207406187738,6.202015207156955,,TRUE
3471,TRUE,FALSE,0.6049761521789858,1.64003306623329,3.8494745399730474,2.6721202028777244,11.485307902027523,2.2094414737397576,8.813187699149799,6.603746225410041,,TRUE
3472,TRUE,FALSE,-0.41216121132878775,1.3831798596350797,6.430504599874746,2.756941350314833,8.487789183053966,5.047324740239667,5.7308478327391335,0.6835230924994669,,TRUE
3473,TRUE,FALSE,-0.07605140720783786,1.2699758810530521,6.9362208526664935,2.6326585061510412,13.325799106864991,5.666244971613441,10.69314060071395,5.026895629100508,,TRUE
3474,TRUE,FALSE,-0.7471203430022769,0.7684050120274976,5.593657613629544,3.146500544902457,10.850837505929489,4.825252601602046,7.704336961027032,2.8790843594249855,,TRUE
3475,TRUE,FALSE,-0.22342461077003234,1.2976809621574246,5.870779947492653,2.7600687199626357,9.986554777839808,4.573098985335228,7.226486057877173,2.6533870725419444,,TRUE
3476,TRUE,FALSE,-0.43326865249134106,0.6812945340078591,4.580526006136022,2.7018711943772225,11.778199462903984,3.899231472128163,9.076328268526762,5.177096796398599,,TRUE
3477,TRUE,FALSE,-0.45190247596883965,0.9442382462294054,5.1121346290005585,2.5640189897280723,8.83452452532514,4.167896382771153,6.270505535597067,2.102609152825914,,TRUE
3478,TRUE,FALSE,0.013564257866610953,1.3487331531112907,5.433646284947997,2.4231753407353174,9.895575434149267,4.084913131836706,7.472400093413949,3.3874869615772427,,TRUE
3479,TRUE,FALSE,-0.2320979509931838,0.8037012940181002,4.682221404331968,2.313678765674034,10.687139536295863,3.878520110313868,8.37346077062183,4.494940660307961,,TRUE
3480,TRUE,FALSE,-0.1857629521647127,0.8601028374021297,3.9010034580445687,2.8020678577803073,10.554284049750812,3.040900620642439,7.752216191970505,4.7113155713280666,,TRUE
3481,TRUE,FALSE,-0.03093316350556618,1.1669749849038107,4.4839529852795525,2.3318616324509285,8.686967129603666,3.316978000375742,6.355105497152737,3.038127496776995,,TRUE
3482,TRUE,FALSE,-0.13391457520339078,1.4592776009216517,5.726662433822603,3.350923479337819,11.501906077221626,4.267384832900952,8.150982597883807,3.8835977649828557,,TRUE
3483,TRUE,FALSE,-0.6382107480643056,1.2103223333303463,8.681209161771859,2.4918278035761428,9.44116948674477,7.470886828441513,6.949341683168626,-0.5215451452728868,,TRUE
3484,TRUE,FALSE,-0.6549637123253542,1.2337563183123434,8.681749120146723,2.8876404923507097,10.55537917754947,7.4479928018343795,7.667738685198761,0.21974588336438128,,TRUE
3485,TRUE,FALSE,0.21724963176388032,0.9971180239840789,3.1935752875233216,3.302348643973957,13.143282127654716,2.1964572635392425,9.84093348368076,7.644476220141517,,TRUE
3486,TRUE,FALSE,-0.7356314480786015,1.0605158214970491,7.0089840853094785,3.0071033988407696,9.523697768762128,5.94846826381243,6.516594369921359,0.5681261061089291,,TRUE
3487,TRUE,FALSE,-0.313751726381352,1.3062393173948514,7.069962913498133,2.0631871835081963,8.159665805170265,5.763723596103282,6.096478621662069,0.3327550255587868,,TRUE
3488,TRUE,FALSE,-0.6794038815104109,0.9657192598098742,7.208425443822774,3.0027227538967898,11.361702055614037,6.2427061840129,8.358979301717248,2.116273117704348,,TRUE
3489,TRUE,FALSE,-0.3776003818854628,1.0500109220332843,6.818324743436281,2.892329944842114,12.874842861609155,5.768313821402996,9.98251291676704,4.2141990953640445,,TRUE
3490,TRUE,FALSE,-0.10738920263116428,0.9940981681538349,4.424055091441128,2.783853337500556,11.127537494550682,3.4299569232872926,8.343684157050125,4.913727233762833,,TRUE
3491,TRUE,FALSE,-0.5481053448443866,1.03546823477487,6.112002988849554,2.8961329451045406,9.881574395125366,5.076534754074684,6.985441450020826,1.9089066959461416,,TRUE
3492,TRUE,FALSE,-0.3904380172972356,1.16381715541913,5.440309475223204,2.9395908977442113,9.299522902383195,4.276492319804074,6.359932004638984,2.08343968483491,,TRUE
3493,TRUE,FALSE,-0.3606420238483101,0.8399628878710653,4.213378676381673,3.5260103986004316,12.331875820330877,3.3734157885106075,8.805865421730445,5.4324496332198375,,TRUE
3494,TRUE,FALSE,-0.20332225473859544,1.0077623100345394,4.547591559786965,2.442946493718019,8.995712387353576,3.5398292497524255,6.5527658936355575,3.012936643883132,,TRUE
3495,TRUE,FALSE,-0.11175968376323905,0.8267054780917723,3.5818021109767724,2.9670577993405063,11.495825564640104,2.755096632885,8.528767765299598,5.773671132414599,,TRUE
3496,TRUE,FALSE,-0.5586685965056152,1.0148055105368239,6.164330213468507,2.8726948657390032,9.980812289373485,5.149524702931684,7.108117423634482,1.9585927207027982,,TRUE
3497,TRUE,FALSE,-0.16486833173054616,1.2464565883913512,5.370671905383019,3.4029850306156004,12.433978056726465,4.124215316991668,9.030993026110865,4.906777709119197,,TRUE
3498,TRUE,FALSE,-0.3966811342502995,1.156022561517625,5.679445281991242,2.3604020942255515,7.799184122792337,4.523422720473617,5.438782028566785,0.9153593080931683,,TRUE
3499,TRUE,FALSE,-0.0037712704938299077,1.0997606573406338,4.854783480005315,2.0424865380408144,8.982413569384605,3.755022822664681,6.939927031343791,3.1849042086791095,,TRUE
3500,TRUE,FALSE,-0.25380746865389553,1.691213769221454,8.306365001858167,2.4201308584906807,9.221979903811352,6.615151232636713,6.8018490453206715,0.1866978126839589,,TRUE
3501,TRUE,FALSE,-0.08143708116670724,1.8622570440270863,7.117421174507342,2.6816905198189223,9.447654919938094,5.255164130480256,6.765964400119172,1.5108002696389162,,TRUE
3502,TRUE,FALSE,0.11416012099916481,1.4217134683971715,4.432766066380423,3.7391956362928562,13.068328225326205,3.0110525979832516,9.32913258903335,6.318079991050098,,TRUE
3503,TRUE,FALSE,-0.4873587129177981,0.9936908630268264,5.506837293585672,2.717450763561899,9.25029179838016,4.513146430558846,6.53284103481826,2.0196946042594135,,TRUE
3504,TRUE,FALSE,0.08612549569783823,1.3187685859314406,5.494906341692412,2.195062147105004,9.968787747371847,4.176137755760972,7.773725600266843,3.5975878445058713,,TRUE
3505,TRUE,FALSE,0.15117330782126687,0.9995742056041916,4.2237071142245215,2.308231575782933,11.345192411846616,3.22413290862033,9.036960836063683,5.812827927443353,,TRUE
3506,TRUE,FALSE,-0.25657502932468185,1.593625497449894,6.412980395826413,3.370951616480335,10.495352808751838,4.819354898376519,7.1244011922715025,2.305046293894984,,TRUE
3507,TRUE,FALSE,-0.3215386448578958,0.934845216127411,5.004712279581804,3.2516726158474523,12.621290400103,4.069867063454393,9.369617784255547,5.299750720801154,,TRUE
3508,TRUE,FALSE,-0.2447668252841766,1.063664396860197,5.048785458285915,2.7401630327132143,10.18257962916223,3.9851210614257173,7.442416596449016,3.457295535023299,,TRUE
3509,TRUE,TRUE,-0.5664885134701386,0.6925591725209346,4.518827394938414,2.8870708782473193,10.690634404890256,3.8262682224174798,7.803563526642936,3.977295304225456,,TRUE
3510,TRUE,FALSE,-0.4185595875327357,1.0328740220359292,6.46489070431747,2.7405800943676764,11.286991872077818,5.4320166822815406,8.546411777710142,3.114395095428602,,TRUE
3511,TRUE,FALSE,-0.4592181170382962,1.2343980238934325,6.975845746485863,3.6385286962347387,12.990670314490469,5.74144772259243,9.35214161825573,3.6106938956633003,,TRUE
3512,TRUE,FALSE,-0.4165304030809068,1.191723885656078,5.649103558690892,3.43121978756634,10.723969606433364,4.457379673034814,7.292749818867025,2.8353701458322105,,TRUE
3513,TRUE,FALSE,0.03088558676990301,1.133427197351339,3.7915632390976706,2.1679344298091925,7.479701335770825,2.6581360417463316,5.311766905961632,2.653630864215301,,TRUE
3514,TRUE,FALSE,-0.22815638201688912,0.6739581174078609,3.187927831219619,2.6979455202477944,10.158315349074865,2.513969713811758,7.460369828827071,4.946400115015313,,TRUE
3515,TRUE,FALSE,-0.5853943667963138,0.70071112798823465,4.3314073355141,2.624120332876501,9.033170680826577,3.630696207525865,6.4090503479500764,2.7783541404242116,,TRUE
3516,TRUE,FALSE,-0.16358678479692243,1.251407835623658,5.770498043325211,2.5500951972015837,9.98449223364459,4.519090207701553,7.434397036443006,2.9153068287414525,,TRUE
3517,TRUE,FALSE,0.12659019448715744,0.9535489695578594,3.7516676143711125,2.1343297118429136,9.530600959584312,2.798118644813253,7.3962712477413985,4.598152602928145,,TRUE
3518,TRUE,FALSE,-0.0709326537797315,0.8812774794428158,3.945095424084594,2.814430908666168,11.736261343261923,3.0638179446417784,8.921830434595755,5.8580124899539765,,TRUE
3519,TRUE,FALSE,-0.12337557902780145,1.4923251067025256,6.737161954671199,2.646395193208837,10.560559013484296,5.244836847968674,7.9141638202754585,2.6693269723067843,,TRUE
3520,TRUE,FALSE,-0.538398868587964,1.049630355241195,5.99507046724309,2.65586579107008,8.854017532307154,4.9454401120018945,6.198151741237074,1.2527116292351792,,TRUE
3521,TRUE,FALSE,-0.3263339243109059,0.7115358382380089,3.764242381797778,3.0056605537496592,11.473494451703257,3.0527065435597693,8.467833897953597,5.415127354393827,,TRUE
3522,TRUE,FALSE,-0.0736615137207307,1.339863469616514,5.628124695359826,2.5003218019584668,9.756819783583287,4.288261225743312,7.25649798162482,2.9682367558815077,,TRUE
3523,TRUE,FALSE,-0.2715315414918761,0.9839038752634431,5.108231587813475,3.122117470548092,12.354992796924556,4.124327712550032,9.232875326376464,5.108547613826431,,TRUE
3524,TRUE,FALSE,0.040978714224487164,1.3950397022062446,5.922093895031537,2.2801703960988005,10.084464780423883,4.527054192825292,7.8042943843250825,3.27724019149979,,TRUE
3525,TRUE,FALSE,-0.16116359518327325,0.8927157607875735,4.546526831000414,2.3147753554066073,10.034204457631418,3.653811070212841,7.719429102224811,4.06561803201197,,TRUE
3526,TRUE,FALSE,-0.3300056686928085,0.8638047658471963,3.7654577364462165,3.0446309800183253,9.541512043920793,2.90165297059902,6.4968810639024674,3.5952280933034473,,TRUE
3527,TRUE,FALSE,-0.5259817180055653,1.1155190653728095,7.831397993165223,2.477431023111484,10.278575071384509,6.715878927792414,7.801144048273025,1.0852651204806119,,TRUE
3528,TRUE,FALSE,-0.22291178802816977,1.5911232151874393,7.5263361603685,2.3996176540062066,9.082648108851647,5.935212945181061,6.68303045484544,0.7478175096643787,,TRUE
3529,TRUE,FALSE,-0.842923051223683,0.9022957675281739,6.425605060604745,2.8657068263669636,8.78456047640874,5.523309293076571,5.918853650041777,0.39554435696520596,,TRUE
3530,TRUE,FALSE,0.31638465116333936,1.4425638648891814,4.602418895097436,2.6244816854317206,11.489437033137056,3.159855030208255,8.864955347705337,5.705100317497082,,TRUE
3531,TRUE,FALSE,-0.03994642107561512,1.8293795883347466,6.87102016111689,3.5104681319142235,12.668754445215654,5.041640572782144,9.158286313301431,4.116645740519288,,TRUE
3532,TRUE,FALSE,-0.3461839971171185,1.9863269376033528,11.713718824172151,2.1818322122992293,9.101639132967701,9.727391886568798,6.9198069206684725,-2.8075849659003254,,TRUE
3533,TRUE,FALSE,0.5871423978670335,0.9979244143566709,2.6802416496339005,2.2750971761150955,10.991803569678043,1.6823172352772295,8.716706393562948,7.034389158285718,,TRUE
3534,TRUE,FALSE,-0.624152316533591,1.21728854550545,7.3091094900541735,2.9214451201356675,9.397292777470737,6.091820944548724,6.47584765733507,0.3840267127863459,,TRUE
3535,TRUE,FALSE,0.2306311991373535,1.2149118728432176,3.5013361877629676,2.626914115234251,9.534474628415106,2.28642431491975,6.907560513180855,4.621136198261105,,TRUE
3536,TRUE,FALSE,-0.0145954630235272,0.8898874950007485,3.696373678347725,3.0385024832102916,12.438317305042379,2.8064861833469763,9.399814821832088,6.5933286384851115,,TRUE
3537,TRUE,FALSE,-0.29754728178104667,0.8698011557354381,4.017433084229655,3.392590462872312,11.636890979434767,3.1476319284942167,8.244300516562456,5.096668588068239,,TRUE
3538,TRUE,FALSE,0.17472075782286997,0.9043083962121222,2.8326823247164348,2.3687989646266154,8.836693159939776,1.9283739285043127,6.467894195313161,4.539520266808848,,TRUE
3539,TRUE,FALSE,-0.38910644385404686,1.0011470785623344,5.170623813310402,2.9552102445348587,10.343003217770091,4.169476734748068,7.387792973235232,3.218316238487164,,TRUE
3540,TRUE,FALSE,-0.23311225327673216,0.8308286936318585,4.237506210900125,2.633525613898131,10.638907727221842,3.406677517268266,8.00538211332371,4.598704596055445,,TRUE
3541,TRUE,FALSE,-0.44278158912717147,0.8892806056451689,4.1542228378110515,3.4396369101071684,10.31967375684632,3.2649422321658825,6.880036846739152,3.6150946145732696,,TRUE
3542,TRUE,FALSE,-0.2547681950394576,1.3893446465290518,6.514448384756248,3.3735784375896234,12.26066556713549,5.125103738227196,8.887087129545867,3.7619833913186707,,TRUE
3543,TRUE,FALSE,0.1039908288338668,1.4832619484557894,4.904579997976756,2.466808143830996,9.050696125062894,3.421318049520967,6.583887981231898,3.162569931710931,,TRUE
3544,TRUE,FALSE,0.021114950457172512,0.8040452448558681,3.0486249363020486,3.201620073439771,12.398336249648672,2.24457969144618,9.196716176208902,6.952136484762722,,TRUE
3545,TRUE,FALSE,-0.0819391565971134,1.1706525338067255,4.839242959235901,2.719861705366604,10.358825476118726,3.6685904254291755,7.638963770752122,3.9703733453229466,,TRUE
3546,TRUE,FALSE,-0.6665134207167682,0.517932444997965,4.0898817932634035,2.051634565901524,8.319065530366993,3.5719493482654388,6.267430964465469,2.6954816162000306,,TRUE
3547,TRUE,FALSE,0.30065460886874695,1.5972564864466299,6.176134034760233,1.4890384979215685,7.777152515561835,4.578877548313603,6.288114017640266,1.7092364693266635,,TRUE
3548,TRUE,FALSE,-0.44229448029360774,0.9645043493747408,6.033922112972524,2.8840672212594365,11.593507197022912,5.069417763597784,8.709439975763477,3.640022212165693,,TRUE
3549,TRUE,FALSE,0.08503003260119743,1.53548701616606,6.1719972816318505,2.780235166283738,12.167159012545337,4.63651026546579,9.386923846261599,4.750413580795809,,TRUE
3550,TRUE,FALSE,-0.13014980053542374,1.154863565940517,5.764228453355028,2.3481425095363213,10.289910923478102,4.609364887414511,7.94176841394178,3.332403526527269,,TRUE
3551,TRUE,FALSE,-0.028256956829069476,0.8051656106636481,3.94978547783784,2.24146781116344,10.689292403834385,3.1446198671741916,8.447824592670944,5.3032047254967525,,TRUE
3552,TRUE,FALSE,-0.3090485214343856,0.8047170674684957,4.1848534438211145,2.9301842826527515,11.187006948387484,3.3801363763526187,8.256822665734733,4.876686289382114,,TRUE
3553,TRUE,FALSE,-0.24755120303481618,1.1080996367560956,5.259054096391748,2.5180606533805148,9.330069762536553,4.150954459635653,6.812009109156039,2.661054649520386,,TRUE
3554,TRUE,FALSE,1.5995093422122434e-4,1.5667680416097232,5.234458480722588,3.1580900586709366,10.55263778324921,3.6676904391128646,7.394547724578274,3.7268572854654094,,TRUE
3555,TRUE,FALSE,-0.21012511293738131,0.9288895635420686,4.449574124393652,2.281032651678828,8.855838491439481,3.520684560851583,6.5748058397606535,3.0541212789090704,,TRUE
3556,TRUE,FALSE,-0.9770287773979879,0.39516422044337823,4.0142234000862995,2.9584983998470857,11.312980931976275,3.6190591796429215,8.35448253212919,4.7354233524862686,,TRUE
3557,TRUE,FALSE,-0.21189317616525222,1.008054261449768,4.979451741351761,2.3326160679188157,9.322166244673815,3.9713974799019933,6.9895501767549995,3.018152696853006,,TRUE
3558,TRUE,FALSE,-0.0935968981816001,0.7136168370315159,3.9159398641565866,1.957905281529988,9.783944650731502,3.202323027125071,7.826039369201514,4.6237163420764436,,TRUE
3559,TRUE,FALSE,0.1463001706329231,2.4120817585087777,7.0535557623850895,2.7437673194107473,9.287540391478837,4.641474003876311,6.54377307206809,1.9022990681917786,,TRUE
3560,TRUE,FALSE,0.31075306766012384,1.111411116993554,3.664734107329899,2.263315033677393,10.182890748326496,2.553322990336345,7.9195757146491035,5.3662527243127585,,TRUE
3561,TRUE,FALSE,0.0571850633061125,1.3997118546474998,4.759180831377805,2.5290535278165533,9.105142449314597,3.3594689767303048,6.576088921498044,3.216619944767739,,TRUE
3562,TRUE,FALSE,-0.7029270639188768,0.8419784588045784,6.24425219265827,2.474066403282509,9.084760051677296,5.402273733853692,6.610693648394788,1.2084199145410963,,TRUE
3563,TRUE,FALSE,0.001712891818095113,1.2039474420470722,5.7108665110585175,2.305445291959023,10.95451617268942,4.506919069011445,8.649070880730397,4.142151811718952,,TRUE
3564,TRUE,FALSE,0.21408438380637704,1.1271124597094098,4.639655057500103,2.648114529422457,13.5030188341519,3.5125425977906932,10.854904304729443,7.34236170693875,,TRUE
3565,TRUE,FALSE,-0.42109176850620095,0.9886340746633694,5.261149201079675,2.7255054232400258,9.519502719737577,4.272515126416306,6.793997296497551,2.521482170081245,,TRUE
3566,TRUE,FALSE,-0.11878086779398306,1.0244075669778192,4.825049567225556,2.6185901479790004,10.95243427054053,3.800642000247737,8.33384412256153,4.533202122313793,,TRUE
3567,TRUE,FALSE,-0.34138168890992504,0.8413960481682417,4.109687563343295,3.1722923935260385,11.013398771620604,3.2682915151750533,7.841106378094565,4.572814862919512,,TRUE
3568,TRUE,FALSE,-0.20092737955092763,1.0890105014714646,4.917309191021113,2.737622138594336,10.111307102987213,3.8282986895496487,7.3736849643928775,3.5453862748432288,,TRUE
3569,TRUE,FALSE,-0.019703747909533213,1.2957975328497582,5.097628948203026,3.5277972753898665,13.60747243217086,3.8018314153532673,10.079675156780993,6.277843741427726,,TRUE
3570,TRUE,FALSE,0.23829198197671764,1.5797454445257653,6.228596290322688,2.4561461029433245,12.289838079594634,4.648850845796923,9.83369197665131,5.1848411308543865,,TRUE
3571,TRUE,FALSE,-0.34539021759123023,0.9215542330403605,4.78221539362307,2.2797508866735963,8.375187959468473,3.8606611605827093,6.095437072794876,2.234775912212167,,TRUE
3572,TRUE,FALSE,-0.045341466672226834,0.6919169451330616,3.475219696979103,2.492083997270713,11.961879579806691,2.7833027518460414,9.469795582535978,6.686492830689937,,TRUE
3573,TRUE,FALSE,-0.4176610505262638,0.8535182150925339,5.0990586295362785,2.875262602993783,11.312714784315313,4.245540414443744,8.437452181321529,4.1919117668777846,,TRUE
3574,TRUE,FALSE,0.07822274911267198,1.4532947266293563,4.216147945937718,2.9166296127742077,9.149874420082652,2.7628532193083615,6.233244807308444,3.4703915880000826,,TRUE
3575,TRUE,FALSE,-0.7123659261601075,0.8147258002947356,6.670986067214071,2.3629991541936737,9.489985293895973,5.856260266919335,7.1269861397023,1.2707258727829647,,TRUE
3576,TRUE,FALSE,-0.286016137013592,1.4359901308056007,6.539251020429301,3.8317307181767735,13.108599784039493,5.103260889623701,9.27686906586272,4.173608176239019,,TRUE
3577,TRUE,FALSE,0.2828815450710895,1.4889306378502345,4.768691125320538,2.116929163236472,8.996735382105598,3.2797604874703037,6.879806218869126,3.600045731398822,,TRUE
3578,TRUE,FALSE,-0.18095795615889929,1.071812788799396,4.823000407680365,2.6870542009444653,10.089874137954439,3.7511876188809694,7.402819937009974,3.6516323181290042,,TRUE
3579,TRUE,FALSE,0.3871583147406922,1.0381001636147025,2.714003088462353,2.6518758214174625,10.21092253404134,1.6759029248476505,7.559046712623877,5.883143787776226,,TRUE
3580,TRUE,FALSE,-0.05186479695977559,0.8523964153996602,3.5603268899423837,2.751257593515726,10.910757887393913,2.7079304745427235,8.159500293878187,5.451569819335464,,TRUE
3581,TRUE,FALSE,0.18612273497378604,1.1369741182149533,4.25863158756121,2.6321035552735994,11.875572106937966,3.1216574693462564,9.243468551664368,6.121811082318111,,TRUE
3582,TRUE,FALSE,-0.5528060056997142,0.7133958468787004,4.8239616912046355,2.3784959906698675,9.253267119745994,4.110565844325935,6.874771129076127,2.764205284750192,,TRUE
3583,TRUE,FALSE,-0.38333865702646064,0.6989989125958082,4.013363678660634,3.177230701964051,12.433657582168152,3.314364766064826,9.256426880204101,5.942062114139275,,TRUE
3584,TRUE,FALSE,-0.5271748244556261,1.194384921752758,6.294126808516931,2.414443870979352,7.510332641074751,5.099741886764173,5.0958887700953985,-0.0038531166687745255,,TRUE
3585,TRUE,FALSE,0.12854738816371578,1.3751701582132703,3.8789996408378826,3.4644487686382934,11.112834966431704,2.5038294826246124,7.6483861977934104,5.1445567151687985,,TRUE
3586,TRUE,FALSE,-0.11743392939054798,0.7083787455491664,3.3538689709780636,2.5643980260396515,10.7960551888175,2.6454902254288974,8.231657162777848,5.586166937348951,,TRUE
3587,TRUE,FALSE,0.14622898773067058,1.251084437225792,4.314397857809761,2.7359757270897287,10.920744649113486,3.0633134205839685,8.184768922023757,5.1214555014397884,,TRUE
3588,TRUE,FALSE,0.18519507554799677,1.3492184726025733,4.469253635327367,2.8017752167085,11.169023693137827,3.1200351627247933,8.367248476429328,5.247213313704535,,TRUE
3589,TRUE,FALSE,-0.1486179911147339,0.9942607442199833,4.715574157111929,2.919810871054764,11.935621385817143,3.721313412891946,9.015810514762379,5.294497101870433,,TRUE
3590,TRUE,FALSE,-0.6376367420255584,1.0853038848458114,8.026996505655454,2.4655638151995363,9.638198036150998,6.9416926208096426,7.172634220951462,0.23094160014181941,,TRUE
3591,TRUE,FALSE,-0.6637000284257782,0.8944120870060294,7.492861474886106,2.6794590262741176,11.55888397204408,6.598449387880077,8.879424945769962,2.280975557889885,,TRUE
3592,TRUE,FALSE,-0.38125147001681076,1.0082705581275833,6.141194733692195,2.713829794515622,11.289715023372244,5.132924175564611,8.575885228856622,3.442961053292011,,TRUE
3593,TRUE,FALSE,-0.24951827305388347,1.2793174410244699,5.623818744054239,2.689672952494192,9.212724005866011,4.344501303029769,6.52305105337182,2.178549750342051,,TRUE
3594,TRUE,FALSE,0.09710375692860104,1.3586554009832401,4.925091937957225,2.908320439408439,11.61766645717601,3.5664365369739848,8.709346017767572,5.142909480793588,,TRUE
3595,TRUE,FALSE,-0.011346277771486961,1.1169290778144574,4.641063605550983,2.725576744948378,11.197542316069404,3.5241345277365252,8.471965571121025,4.9478310433845,,TRUE
3596,TRUE,FALSE,-0.23741446244299766,1.0045235985444236,4.779206643008114,2.9295041315327457,10.992133367154505,3.77468304446369,8.06262923562176,4.28794619115807,,TRUE
3597,TRUE,FALSE,0.03050267226108021,1.203561540099559,4.418465509995513,2.93478671305351,11.107769380391474,3.214903969895954,8.172982667337964,4.95807869744201,,TRUE
3598,TRUE,FALSE,-0.6172368105014728,1.0080510440145443,6.7381444144304545,2.573783417120295,9.280411819519948,5.7300933704159105,6.706628402399653,0.9765350319837429,,TRUE
3599,TRUE,FALSE,0.16222870611250712,1.1481278720077959,4.223173994234305,3.0134266051051792,13.036600733958227,3.075046122226509,10.023174128853048,6.94812800662654,,TRUE
3600,TRUE,FALSE,-0.02927567472459599,0.6685055012201566,2.885583395158609,2.7017607526953045,11.325601310989189,2.2170778939384523,8.623840558293885,6.406762664355433,,TRUE
3601,TRUE,FALSE,-0.16435660339877253,1.0142798694623516,5.046405046477952,2.5015117476258912,10.559605188188359,4.032125177015601,8.058093440562468,4.025968263546867,,TRUE
3602,TRUE,FALSE,0.11335362502977903,1.2146624187851995,4.549694654538425,2.3355199811338583,9.798037491027245,3.3350322357532254,7.462517509893386,4.127485274140161,,TRUE
3603,TRUE,FALSE,-0.08739473085650219,1.4761023097684562,6.552637459620372,2.687646497962037,10.932431809060336,5.076535149851916,8.2447853110983,3.168250161246384,,TRUE
3604,TRUE,FALSE,-0.25327165457108647,0.8584386925886422,3.937761249911232,2.9945775750602404,10.663043539252211,3.07932255732259,7.66846596419197,4.58914340686938,,TRUE
3605,TRUE,FALSE,-0.0648564823506276,1.0908481745004652,5.0500551059977274,2.2128009119387757,9.600798111326975,3.9592069314972624,7.3879971993882,3.428790267890937,,TRUE
3606,TRUE,FALSE,-0.16017476302192415,0.9970301458250215,4.232434564330477,2.6517462100317015,9.590713194660806,3.2354044185054556,6.938966984629104,3.7035625661236486,,TRUE
3607,TRUE,FALSE,-0.25137904900901076,0.9579139996386622,4.4809086722918154,3.2632620115707685,11.871865929985606,3.5229946726531534,8.608603918414838,5.085609245761685,,TRUE
3608,TRUE,FALSE,-0.10855234276153516,1.2455021023530806,5.391232671165019,2.8487149367447584,11.062388835228887,4.145730568811938,8.213673898484128,4.06794332967219,,TRUE
3609,TRUE,FALSE,0.32104622359412077,1.6815883343734028,5.046762009145755,2.8397696817363163,11.74910704969948,3.3651736747723517,8.909337367963165,5.5441636931908125,,TRUE
3610,TRUE,FALSE,-0.5338131492300476,0.9967844541332467,7.596741899544298,2.164738551940935,9.673852512228354,6.599957445411052,7.509113960287419,0.9091565148763667,,TRUE
3611,TRUE,FALSE,-0.1435465276277654,1.0769498728902809,4.904035644931065,2.7845635724504585,10.984335806455249,3.8270857720407845,8.19977223400479,4.372686461964006,,TRUE
3612,TRUE,FALSE,-0.07348061443000732,0.9691940659686594,3.757258187835996,2.8123973954423196,10.130357101553962,2.7880641218673365,7.317959706111642,4.529895584244306,,TRUE
3613,TRUE,FALSE,-0.3671290140304022,1.3543086683866172,8.35212759629585,2.3532300984484973,10.053140491310844,6.997818927909233,7.699910392862346,0.7020914649531136,,TRUE
3614,TRUE,FALSE,-0.5000940675680166,0.6995240082246,4.4937673263604605,2.347758469232032,9.146886280259878,3.7942433181358606,6.799127811027846,3.0048844928919856,,TRUE
3615,TRUE,FALSE,0.022591153460378963,1.028741506004086,4.074873318775359,3.7432049550946367,15.16570729819369,3.0461318127712733,11.422502343099053,8.37637053032778,,TRUE
3616,TRUE,FALSE,-0.276763108320165,1.2688867918808777,6.918804839853875,2.461984317644386,10.178805019473437,5.649918047972998,7.71682070182905,2.0669026538560527,,TRUE
3617,TRUE,FALSE,-0.872954976193476,0.8683842246383007,6.082759012667557,3.3575563130765387,9.824092927408024,5.214374788029256,6.466536614331486,1.2521618263022294,,TRUE
3618,TRUE,FALSE,-0.16343358122481635,0.815081679210185,3.749231991878834,3.4147982774039853,13.339143168723796,2.934150312668649,9.92434489131981,6.9901945786511615,,TRUE
3619,TRUE,FALSE,-0.11390002245023831,1.2023879892641154,5.0937270671239165,2.5461876822084166,9.625322796083301,3.891339077859801,7.079135113874885,3.1877960360150834,,TRUE
3620,TRUE,FALSE,0.13619774711440252,1.0749631475629746,3.958258847354617,2.0867622652459947,8.8050843389753,2.8832956997916424,6.718322073729306,3.8350263739376635,,TRUE
3621,TRUE,FALSE,-0.12180625394204511,0.7497707095600948,3.7892542477467566,2.8701821758724515,12.842067696339582,3.0394835381866616,9.97188552046713,6.932401982280467,,TRUE
3622,TRUE,FALSE,0.031660439356416485,1.0721409727678273,4.270133072542347,2.420840789953927,9.95189301544821,3.1979920997745195,7.5310522254942835,4.333060125719764,,TRUE
3623,TRUE,FALSE,-0.24837007722201304,1.4456095671858895,6.515273756714065,2.5644602606444025,9.015957882292316,5.069664189528176,6.451497621647913,1.3818334321197376,,TRUE
3624,TRUE,FALSE,-0.10320444309735013,1.2056639387680042,4.981920707551834,3.1359268366227004,11.687330924441376,3.7762567687838295,8.551404087818675,4.775147319034845,,TRUE
3625,TRUE,FALSE,0.028170111439399095,1.1036877032605663,4.813095359717277,2.2617414374507048,10.145076848536997,3.709407656456711,7.883335411086292,4.173927754629581,,TRUE
3626,TRUE,FALSE,-0.12428251782323678,1.4601721528609484,5.560781162385489,2.6002604638398568,8.745273247514815,4.10060900952454,6.145012783674958,2.0444037741504184,,TRUE
3627,TRUE,FALSE,-0.10023466908852056,0.9622618991822647,4.737787979972736,2.186636472393781,9.739295783325675,3.7755260807904714,7.552659310931894,3.7771332301414224,,TRUE
3628,TRUE,FALSE,-0.6257795969883486,0.9021338647991561,4.969288004625784,2.956134151144799,8.70912842647428,4.067154139826628,5.752994275329481,1.6858401355028532,,TRUE
3629,TRUE,FALSE,-0.2572053039220349,0.7051946839325745,3.6046141360061927,2.4285052262884754,9.598115019314674,2.8994194520736185,7.169609793026199,4.27019034095258,,TRUE
3630,TRUE,FALSE,-0.13685275269008193,1.4982048861805528,6.4587167140406185,2.6128300386770986,9.823172990574536,4.960511827860065,7.210342951897437,2.249831124037372,,TRUE
3631,TRUE,FALSE,-0.43885197861732866,1.291958882544259,6.471513095796589,2.920819777339753,9.43345778109813,5.17955421325233,6.5126380037583775,1.3330837905060475,,TRUE
3632,TRUE,FALSE,0.03881724864275862,1.4035104086530266,5.591584563695682,2.673934449163659,11.074602136933974,4.1880741550426555,8.400667687770316,4.21259353272766,,TRUE
3633,TRUE,FALSE,-0.2051016065320682,0.5900227528333711,2.7378605209920144,3.141994884066006,11.876091570206002,2.1478377681586434,8.734096686139996,6.586258917981352,,TRUE
3634,TRUE,FALSE,-0.5177030338968724,0.9464589411705793,4.893241129684567,3.6110700646438634,11.124876110673535,3.9467821885139873,7.513806046029671,3.567023857515684,,TRUE
3635,TRUE,FALSE,-0.4690142785930533,1.31714768647232,7.6004940558608585,3.024318700407579,10.91803776173534,6.283346369388538,7.893719061327761,1.6103726919392223,,TRUE
3636,TRUE,FALSE,-0.1853763231826315,1.0305804122018167,4.923433067625655,2.7067016114924494,10.742827982580234,3.892852655423838,8.036126371087786,4.143273715663948,,TRUE
3637,TRUE,FALSE,-0.19504736160128638,1.6325879861639903,9.347139425011973,2.5297324704892157,11.917049049228499,7.714551438847982,9.387316578739284,1.6727651398913022,,TRUE
3638,TRUE,FALSE,-0.22562485038731264,0.8628762353875766,4.596943114310576,2.595519117069562,11.03461603392971,3.734066878922999,8.439096916860148,4.705030037937149,,TRUE
3639,TRUE,FALSE,-0.47517471011473594,1.2311463012644026,6.668450246069897,3.5307612739182934,11.89098552674403,5.437303944805494,8.360224252825738,2.9229203080202435,,TRUE
3640,TRUE,FALSE,-0.3151868105452277,1.0137655227367635,5.591222747280027,2.6026142333479934,10.47358074353942,4.577457224543264,7.870966510191427,3.293509285648163,,TRUE
3641,TRUE,FALSE,-0.38930070096590264,0.9186717515620454,5.075848310972288,2.6942424467768906,10.085880085136711,4.157176559410242,7.391637638359821,3.234461078949579,,TRUE
3642,TRUE,FALSE,0.09035760287144232,1.0971087757392433,3.28973764118094,3.5421575404988874,11.62575740551038,2.192628865441697,8.083599865011491,5.890970999569794,,TRUE
3643,TRUE,FALSE,-0.6086265285735871,1.0703278995196528,6.947809506255911,2.164438557024848,7.644571999955098,5.877481606736259,5.48013344293025,-0.3973481638060088,,TRUE
3644,TRUE,FALSE,-0.4337979702627736,0.8733355395349384,4.925643604809149,2.440073194202459,8.918434780843834,4.052308065274211,6.478361586641375,2.426053521367164,,TRUE
3645,TRUE,FALSE,-0.34194501116930615,0.7040825748882042,4.029659683804501,3.164461795677774,12.865888976330629,3.3255771089162964,9.701427180652855,6.375850071736559,,TRUE
3646,TRUE,FALSE,0.08950661035396569,1.1777862892765891,4.472717422846003,2.9412150092362315,12.215295216407366,3.294931133569414,9.274080207171135,5.979149073601722,,TRUE
3647,TRUE,FALSE,-0.3464926632799796,1.3469318334676545,9.1611991963587,2.548477092397569,12.257660587316874,7.814267362891045,9.709183494919305,1.8949161320282597,,TRUE
3648,TRUE,FALSE,0.44807364662795424,1.5032044284355957,4.556387073597886,2.5467134702571688,12.083105355056329,3.0531826451622903,9.53639188479916,6.48320923963687,,TRUE
3649,TRUE,FALSE,-0.2103378160026319,1.3000932286027918,6.967016104544118,2.762942114047646,11.997632404609464,5.666922875941326,9.234690290561819,3.5677674146204925,,TRUE
3650,TRUE,FALSE,-0.28705766986321923,1.6491705550737246,7.300040087299326,3.395235231387669,11.278776211187498,5.6508695322256015,7.883540979799829,2.2326714475742273,,TRUE
3651,TRUE,FALSE,-0.4756500257904304,0.6180063098440328,3.2944797770304866,2.566233234587478,8.501936957782789,2.6764734671864536,5.935703723195311,3.2592302560088573,,TRUE
3652,TRUE,FALSE,0.009951732604627962,1.2125150119528165,5.426171003892251,2.7075435555696834,12.237812257975628,4.213655991939435,9.530268702405944,5.31661271046651,,TRUE
3653,TRUE,FALSE,-0.12250308711756215,1.1637705085687664,5.5296464155555185,2.514275533421015,10.569159915604473,4.365875906986752,8.054884382183458,3.6890084751967054,,TRUE
3654,TRUE,FALSE,-0.02893530516420862,1.2530318487392855,4.408115957261836,3.2245166204850304,11.020189865472156,3.15508410852255,7.795673244987126,4.640589136464577,,TRUE
3655,TRUE,FALSE,-0.5443618569100933,1.1513340921602708,8.865198510581585,2.6997362995988152,12.061327094759033,7.7138644184213145,9.361590795160218,1.6477263767389037,,TRUE
3656,TRUE,FALSE,-0.2390350411098054,1.1866317980745056,5.767970794809939,3.7128639895824036,14.210341398975928,4.581338996735433,10.497477409393523,5.91613841265809,,TRUE
3657,TRUE,FALSE,-0.2844048416410937,1.1408848655137003,6.869949137611385,2.6108557687783898,11.829847065554617,5.729064272097684,9.218991296776228,3.4899270246785434,,TRUE
3658,TRUE,FALSE,-0.7422473439464831,0.9402217353026329,6.794336302889466,2.4104697021922075,8.292099492825566,5.854114567586833,5.881629790633358,0.027515223046525428,,TRUE
3659,TRUE,FALSE,-0.22540376001516432,1.4063874483977927,6.371935871911762,2.6234843082338273,9.487532493152626,4.965548423513969,6.864048184918799,1.89849976140483,,TRUE
3660,TRUE,FALSE,0.24092624579190267,1.4798435115508444,5.061583944542532,2.717569757192849,11.827264004212287,3.5817404329916878,9.109694247019437,5.527953814027749,,TRUE
3661,TRUE,FALSE,0.5176372003088408,2.027798283794146,5.875747337054885,2.604565201402746,12.664282065936227,3.8479490532607388,10.059716864533481,6.211767811272742,,TRUE
3662,TRUE,FALSE,-0.3719312354706747,1.2303818841975653,5.679563351020268,2.700152417382024,8.592818064921866,4.4491814668227025,5.892665647539842,1.4434841807171397,,TRUE
3663,TRUE,FALSE,-0.40171505461694723,0.7625687650728273,4.231112108733104,2.5598913713276983,9.50461270948936,3.4685433436602766,6.944721338161662,3.476177994501385,,TRUE
3664,TRUE,FALSE,-0.46927868192798505,1.0386294101808209,5.299830060107211,3.564429762908527,11.375912615897272,4.26120064992639,7.811482852988745,3.5502822030623555,,TRUE
3665,TRUE,TRUE,-0.7391150627658842,0.49097847643186704,4.39543557750985,2.651268267630436,11.334426377552333,3.9044571010779827,8.683158109921898,4.778701008843916,,TRUE
3666,TRUE,FALSE,-0.021167398619266545,1.4015111986635533,5.574583677109003,2.714945245902956,10.572654916540452,4.17307247844545,7.8577096706374965,3.6846371921920467,,TRUE
3667,TRUE,FALSE,0.08454798436034139,1.0861453922636641,4.737021563065894,2.395681863587346,11.370125691900476,3.6508761708022295,8.974443828313131,5.323567657510901,,TRUE
3668,TRUE,FALSE,-0.11223221621919281,1.6277411363817387,6.229834706017802,2.932371854141727,10.03155814713789,4.602093569636063,7.099186292996163,2.4970927233601,,TRUE
3669,TRUE,FALSE,-0.3624786182376816,0.6170518202580635,3.9416647961318865,2.3393637673933734,10.40000016686819,3.3246129758738228,8.060636399474816,4.736023423600994,,TRUE
3670,TRUE,FALSE,-0.34822128460574797,1.0451136566108774,5.580636863899606,3.1736912328906355,11.96339192436334,4.535523207288729,8.789700691472703,4.254177484183974,,TRUE
3671,TRUE,FALSE,-0.21433391218776848,0.944070241958004,5.217682141577452,2.9860589901506347,13.319491892326969,4.273611899619448,10.333432902176334,6.059821002556886,,TRUE
3672,TRUE,FALSE,-0.5071704317422424,0.8521907289525597,4.685104810195971,2.7049678111686104,8.955364915023583,3.832914081243411,6.250397103854973,2.4174830226115622,,TRUE
3673,TRUE,FALSE,-0.02025678211589842,0.6685654567567029,2.7377798921135117,2.9186963832810244,11.712405689101598,2.069214435356809,8.793709305820574,6.724494870463765,,TRUE
3674,TRUE,FALSE,-0.32750111981440844,1.0373799669044577,5.514126841070263,3.3060642549082497,12.665380914521906,4.476746874165806,9.359316659613656,4.88256978544785,,TRUE
3675,TRUE,FALSE,-0.8571252367674453,0.46778097084064,3.8631273410462517,3.1449286876975204,11.022053500016911,3.3953463702056115,7.877124812319391,4.481778442113779,,TRUE
3676,TRUE,FALSE,-0.274595377289684,0.9368891117975019,4.504438794045349,2.8790732678707114,10.518406684367733,3.567549682247847,7.6393334164970215,4.071783734249174,,TRUE
3677,TRUE,FALSE,-0.08792890179122374,0.9166418508081944,3.3814486260950587,2.6811085770098275,9.057961636624935,2.4648067752868643,6.376853059615107,3.912046284328243,,TRUE
3678,TRUE,FALSE,-0.06984221067234499,0.9835535974499076,4.762427296767457,2.822125901520633,12.743086338959362,3.778873699317549,9.92096043743873,6.142086738121181,,TRUE
3679,TRUE,FALSE,-0.2557269674024149,1.1668132275032017,5.8471513225257725,2.7893148951511093,10.823799149904694,4.680338095022571,8.034484254753584,3.3541461597310134,,TRUE
3680,TRUE,FALSE,-0.3388697857080066,1.030973049750904,5.207475379055709,2.7496773340446468,9.89674472482355,4.176502329304805,7.147067390778904,2.9705650614740993,,TRUE
3681,TRUE,FALSE,-0.44979187712913377,1.0315200402359292,4.977766214450775,3.1602758286178805,9.726121378530305,3.946246174214846,6.565845549912424,2.6195993756975784,,TRUE
3682,TRUE,FALSE,-0.6300342755705546,1.077358584679902,6.905208593463826,3.333644594617248,11.37929649954028,5.827850008783924,8.045651904923032,2.2178018961391084,,TRUE
3683,TRUE,FALSE,0.14584380955413453,1.6010615535663335,5.16081976399382,2.6585439705718037,9.915021779966418,3.5597582104274865,7.256477809394614,3.6967195989671273,,TRUE
3684,TRUE,FALSE,-0.18510632950802688,1.2205100275673282,5.636755982406302,2.5129550795603786,9.644549590461077,4.416245954838974,7.131594510900698,2.7153485560617243,,TRUE
3685,TRUE,FALSE,-0.19186715377526958,0.9776711823038913,4.103022751268343,2.6574686483821957,9.2056066632196,3.1253515689644518,6.548138014837404,3.4227864458729522,,TRUE
3686,TRUE,FALSE,-0.025664454768059,0.9442544813929625,3.6555412189479135,2.720977051990098,10.266953110629734,2.7112867375549508,7.545976058639636,4.834689321084685,,TRUE
3687,TRUE,FALSE,0.3054504352517949,1.4109071928355172,5.006214369657308,2.724971002204432,13.12285465004756,3.595307176821791,10.397883647843127,6.802576471021336,,TRUE
3688,TRUE,FALSE,-0.6528585905487763,1.2472468683359952,7.348999048882981,3.8839954835780754,11.913012621348816,6.1017521805469865,8.02901713777074,1.9272649572237537,,TRUE
3689,TRUE,FALSE,-0.41307071294420367,0.7770187177231512,3.973188659646253,2.4529063654508736,8.298399629389625,3.196169941923102,5.845493263938751,2.649323322015649,,TRUE
3690,TRUE,FALSE,0.1659769268788474,1.1047252339499545,4.118905281335161,2.561341117861249,11.273994423336074,3.0141800473852065,8.712653305474825,5.698473258089619,,TRUE
3691,TRUE,FALSE,-0.27934051443536606,1.2219421495347564,5.366529597195496,3.8509483198159398,12.79070638634505,4.144587447660739,8.93975806652911,4.795170618868371,,TRUE
3692,TRUE,FALSE,0.2998858091952052,1.8224472257363138,5.620337810589613,2.849221526661934,11.85966516597455,3.7978905848532998,9.010443639312616,5.212553054459316,,TRUE
3693,TRUE,FALSE,-0.5740495629948068,0.7485995765617445,5.527287994604377,2.7376046966592145,11.384833834400188,4.778688418042632,8.647229137740974,3.8685407196983412,,TRUE
3694,TRUE,FALSE,-0.10733369856235128,0.9977759332447491,4.71006287969736,2.5233005495866,10.699124222515447,3.712286946452611,8.175823672928846,4.463536726476235,,TRUE
3695,TRUE,FALSE,-0.0828618793599495,1.6153312434299172,6.776969581709822,2.6729685584440244,10.322415500899064,5.1616383382799045,7.6494469424550395,2.487808604175135,,TRUE
3696,TRUE,FALSE,-0.11225024634480939,1.5581893414962367,6.293335920607886,3.26860564539025,11.799770168395442,4.73514657911165,8.531164523005192,3.796017943893542,,TRUE
3697,TRUE,FALSE,-0.25186762592632794,0.8661480636850158,4.3232882034570945,3.3298160519892193,12.91985297478463,3.4571401397720787,9.590036922795411,6.132896783023332,,TRUE
3698,TRUE,FALSE,0.06336209416307254,1.7412383133390994,5.33355522595619,2.33343430221738,7.6150361163526314,3.5923169126170906,5.281601814135252,1.6892849015181612,,TRUE
3699,TRUE,FALSE,0.22493537951993448,1.7215180796644123,4.61005657834632,3.1789413469133803,10.660200583113856,2.888538498681908,7.481259236200476,4.592720737518568,,TRUE
3700,TRUE,FALSE,-0.5636857304212105,1.0160471748949758,6.571089602546739,2.4895793950635117,9.163130994997267,5.555042427651763,6.673551599933756,1.1185091722819926,,TRUE
3701,TRUE,FALSE,-0.397539224744033,0.8722159059863357,4.772983746020641,2.722446763532765,10.010972248783682,3.9007678400343053,7.288525485250917,3.3877576452166114,,TRUE
3702,TRUE,FALSE,-0.1448732970973938,1.4988613174471392,4.9722980221743756,2.9751758372437194,8.538678546925553,3.473436704727236,5.563502709681833,2.090066004954597,,TRUE
3703,TRUE,FALSE,-0.14335597619141904,1.6070014681599045,6.151335323398599,2.7102241132979112,8.98875667080752,4.544333855238694,6.2785325575096085,1.7341987022709144,,TRUE
3704,TRUE,FALSE,-0.487019401965933,0.8839494280400203,6.136208261823446,2.611576996189177,11.13949922425487,5.252258833783426,8.527922228065693,3.275663394282267,,TRUE
3705,TRUE,FALSE,0.039900628769321614,1.4031459853059047,4.355572870912226,2.7454366838832724,8.869159829920989,2.9524268856063216,6.123723146037716,3.1712962604313946,,TRUE
3706,TRUE,FALSE,-0.32290792657550915,1.3952464473969632,6.2510484056227265,2.845351285633172,9.229978676090491,4.855801958225763,6.384627390457319,1.5288254322315558,,TRUE
3707,TRUE,FALSE,0.1913346754712356,1.115812992560879,4.349120340876069,2.6334968900163513,12.42906371559071,3.23330734831519,9.795566825574358,6.562259477259168,,TRUE
3708,TRUE,FALSE,-0.3724024037089698,1.5596084007603421,8.904046201596248,2.7752537975180234,10.917978521426274,7.344437800835906,8.142724723908252,0.7982869230723457,,TRUE
3709,TRUE,FALSE,-0.04737497514801952,1.5627795489892489,5.633732194653062,2.7169430228284064,9.341235472081092,4.070952645663813,6.624292449252685,2.553339803588872,,TRUE
3710,TRUE,FALSE,-0.7127255834494354,0.8312368110026048,6.645306795082383,2.8967129752388723,11.354367457098148,5.814069984079778,8.457654481859276,2.6435844977794982,,TRUE
3711,TRUE,FALSE,-0.2260344445429979,1.1298777438025935,5.370133164490407,2.5477385790158076,9.659239900932356,4.240255420687814,7.111501321916548,2.8712459012287344,,TRUE
3712,TRUE,FALSE,-0.09488999633595524,1.0001963013538626,3.7557067659287924,2.4875220043660615,8.494995666684767,2.7555104645749298,6.007473662318706,3.251963197743776,,TRUE
3713,TRUE,FALSE,0.07376287602313589,0.9591388710355506,4.254026964918139,2.658017535278561,12.69145453027908,3.294888093882588,10.033436995000518,6.738548901117929,,TRUE
3714,TRUE,FALSE,-0.3880988653391112,1.1639927248144482,6.201102215837996,2.487224964626132,8.9884435791658035,5.037109491023548,6.501218614539671,1.4641091235161232,,TRUE
3715,TRUE,FALSE,0.22175291049456577,1.9505123056924112,7.051009888305992,2.5088364018482014,11.320902156729233,5.100497582613581,8.812065754881031,3.71156817226745,,TRUE
3716,TRUE,FALSE,0.19601610279814247,1.3351439967402234,4.450308900292606,2.499364016281253,10.1349188161393,3.115164903552383,7.6355547998580455,4.520389896305662,,TRUE
3717,TRUE,FALSE,-0.14659322737020544,1.0446685238897935,5.490996251204991,2.3163303037187593,10.51498111197365,4.4463277273151975,8.198650808254891,3.7523230809396937,,TRUE
3718,TRUE,FALSE,-0.28648245810177275,1.0269755383914019,5.4951701893411125,2.547372444469145,10.235186111605172,4.468194650949711,7.687813667136027,3.219619016186316,,TRUE
3719,TRUE,FALSE,-0.2734707814579724,0.9508184298745884,5.696279050281268,2.1920021027211734,9.990052725912149,4.745460620406679,7.798050623190975,3.052590002784296,,TRUE
3720,TRUE,FALSE,0.5395161502508903,1.149993852536784,3.3990542069393372,2.2241758092601405,11.275623646591331,2.249060354402553,9.05144783733119,6.802387482928637,,TRUE
3721,TRUE,FALSE,0.06293535305546413,1.0111607748747866,3.603583287648706,3.2343170030185817,12.275223564153952,2.5924225127739193,9.04090656113537,6.448484048361451,,TRUE
3722,TRUE,FALSE,-0.4388556850781072,1.1031278540245841,5.963257401332269,2.9337963968807856,10.22574771198994,4.860129547307685,7.291951315109154,2.431821767801469,,TRUE
3723,TRUE,FALSE,-0.5566621840960213,0.9570958596585082,6.621571700889889,2.3701290642409956,9.397716287208528,5.664475841231381,7.027587222967533,1.363111381736152,,TRUE
3724,TRUE,TRUE,-0.21433165156106923,0.9410172907731418,4.594777629932075,2.219628357466224,8.747100282426967,3.653760339158933,6.527471924960743,2.87371158580181,,TRUE
3725,TRUE,FALSE,-0.09856726461065433,1.4341729128160485,5.4589659838344655,2.297390433377486,7.923853938767028,4.024793071018417,5.626463505389542,1.6016704343711252,,TRUE
3726,TRUE,FALSE,-0.20004198533221132,0.5521831989869899,2.5472837092582052,2.730677664873382,10.313057459395276,1.9951005102712154,7.582379794521894,5.587279284250679,,TRUE
3727,TRUE,FALSE,0.13577614156231882,0.9943857569285082,3.4387850327196734,3.2550000375447743,12.893414946422011,2.4443992757911652,9.638414908877238,7.194015633086073,,TRUE
3728,TRUE,FALSE,-0.4452960179815792,1.0017990649684878,5.816311258505143,2.783602755417841,10.353440021505532,4.814512193536656,7.569837266087692,2.7553250725510363,,TRUE
3729,TRUE,FALSE,0.009861215231689903,1.2346362910280706,4.259190915071407,3.1686387312767588,11.039349083379207,3.0245546240433367,7.870710352102448,4.846155728059111,,TRUE
3730,TRUE,FALSE,-0.21114378806548947,1.2613353902181499,6.0809370400899985,2.6229546224798566,10.238400662500666,4.819601649871848,7.61544604002081,2.795844390148962,,TRUE
3731,TRUE,FALSE,0.01966855451548277,1.1910200888763784,4.555467646324566,1.9001896910842044,7.412296480461059,3.3644475574481874,5.512106789376855,2.1476592319286674,,TRUE
3732,TRUE,FALSE,-0.11313224711683294,1.4789777188224613,6.8285839995392745,2.562372090471767,10.56521914056315,5.349606280716813,8.002847050091383,2.6532407693745697,,TRUE
3733,TRUE,FALSE,-0.08521737089307886,1.0040823125130578,3.7244551770609826,3.0080631297280322,10.246391550100405,2.720372864547925,7.238328420372373,4.5179555558244475,,TRUE
3734,TRUE,FALSE,-0.19315050912650214,1.5734449564592414,6.019016692056633,2.834279695389578,8.93783840271997,4.445571735597392,6.103558707330393,1.657986971733001,,TRUE
3735,TRUE,FALSE,0.04593320999230875,1.5203664100939978,5.2129544513507415,2.509011816923284,9.00713994765051,3.6925880412567436,6.498128130727226,2.8055400894704823,,TRUE
3736,TRUE,FALSE,-0.2845810910960356,0.8762085990371006,4.3641429284661415,3.1653307175811403,11.860924717343613,3.487934329429041,8.695593999762472,5.207659670333431,,TRUE
3737,TRUE,FALSE,-0.015962662776935956,1.0102088141652994,3.306910572173631,2.828769900552177,9.113315864119725,2.2967017580083313,6.284545963567548,3.9878442055592167,,TRUE
3738,TRUE,FALSE,-0.15849935088379244,0.9034993727198726,4.453708997725493,2.509941174703209,10.5589839891368,3.5502096250056203,8.04904281443359,4.4988331894279705,,TRUE
3739,TRUE,FALSE,-0.4262396561669457,0.8886140403571013,4.608497526749697,2.6035183531081993,8.816440901520128,3.719883486392596,6.212922548411928,2.4930390620193323,,TRUE
3740,TRUE,FALSE,-0.0979489129363474,1.1735578683447618,5.888937713908583,2.4452299055590196,11.125344746209077,4.715379845563821,8.680114840650058,3.9647349950862365,,TRUE
3741,TRUE,FALSE,-0.32362394347952417,1.1900290663992157,6.323751660623156,2.49293877988916,9.58474930102513,5.13372259422394,7.0918105211359705,1.9580879269120306,,TRUE
3742,TRUE,FALSE,-0.5220221512857902,1.2397919683177903,7.579496411294955,2.6297969613048786,9.53899041924115,6.339704442977165,6.909193457936272,0.5694890149591068,,TRUE
3743,TRUE,FALSE,0.23325389696666093,1.3000227266672588,4.369964228686253,2.22102381104565,9.42716334612441,3.0699415020189935,7.206139535078759,4.136198033059766,,TRUE
3744,TRUE,FALSE,-0.13373473684369505,1.3412746181300963,4.986618493661583,2.2126213137967903,7.1963995950266835,3.6453438755314864,4.983778281229894,1.3384344056984072,,TRUE
3745,TRUE,FALSE,-0.1478890590880082,0.6731647342484969,3.7598060351493894,2.282323271604522,10.994964736928093,3.0866413009008924,8.712641465323571,5.626000164422679,,TRUE
3746,TRUE,FALSE,0.029545915105845054,1.1818722891468678,5.003906670388008,3.093725835299762,13.491247290016904,3.8220343812411404,10.397521454717143,6.575487073476003,,TRUE
3747,TRUE,FALSE,0.1296839565605033,0.9654039132601302,3.5852647173558796,2.839100262003783,12.003666721390426,2.619860804095749,9.164566459386643,6.544705655290894,,TRUE
3748,TRUE,FALSE,-0.21386887191270462,1.547083533464276,8.16807332838226,2.222471318697264,9.4745798083136,6.620989794917984,7.252108489616335,0.6311186946983511,,TRUE
3749,TRUE,FALSE,0.19681348645889757,1.474990842703486,4.462283858268192,3.0625716160566037,11.280520360613997,2.987293015564706,8.217948744557393,5.230655728992687,,TRUE
3750,TRUE,FALSE,0.16663594406443002,1.198134914142167,4.501828268340672,2.4224515430771962,10.752448460545956,3.303693354198505,8.32999691746876,5.026303563270255,,TRUE
3751,TRUE,FALSE,0.010137528693392146,1.3132325528398654,4.3738577506476775,2.7455192074122285,9.237409020000436,3.060625197807812,6.491889812588208,3.431264614780396,,TRUE
3752,TRUE,FALSE,0.18522364149083326,1.3567638859817466,4.254753403624209,3.1571426735915296,11.91532611173817,2.897989517642462,8.75818343814664,5.8601939205041775,,TRUE
3753,TRUE,FALSE,0.21666053444181008,1.1799554815356599,3.7486659684184467,3.106441058654356,12.2565633344146,2.568710486882787,9.150122275760245,6.581411788877458,,TRUE
3754,TRUE,FALSE,0.12572699027745876,1.0387470152092506,3.8933170739379412,2.5943145551504077,11.0264358664991,2.8545700587286906,8.432121311348691,5.577551252620001,,TRUE
3755,TRUE,FALSE,-0.9440065700978071,0.8880818677883133,6.873329829705094,3.086293367855517,9.293398137618565,5.98524796191678,6.207104769763048,0.22185680784626793,,TRUE
3756,TRUE,FALSE,0.18750491905974212,1.078252614628932,3.2162436712086575,3.162115607700469,11.377281932703434,2.1379910565797253,8.215166325002965,6.07717526842324,,TRUE
3757,TRUE,FALSE,-0.5075901406916667,0.7129366581308925,6.12896428183841,2.161613355487839,11.185890460841543,5.416027623707517,9.024277105353704,3.6082494816461868,,TRUE
3758,TRUE,FALSE,-0.38459912956989406,1.6435239929442151,9.223190618486168,3.48283050351021,13.30479525534051,7.579666625541953,9.8219647518303,2.2422981262883477,,TRUE
3759,TRUE,FALSE,-0.5553260800141521,0.9934843583980045,6.534863906089458,2.7628152170721583,10.429231332716734,5.541379547691454,7.666416115644576,2.1250365679531216,,TRUE
3760,TRUE,FALSE,-0.46403516643775594,0.8677078944807464,5.199749164792591,2.3392955912978657,8.813857714749386,4.332041270311844,6.47456212345152,2.1425208531396756,,TRUE
3761,TRUE,FALSE,-0.3445339718209066,1.1980172332729584,7.218052131059858,2.233564126363778,9.535120195316628,6.0200348977869,7.30155606895285,1.2815211711659504,,TRUE
3762,TRUE,FALSE,-0.1457855856038536,1.1893800465700592,5.367286154466556,2.3150592486108477,9.02988743811435,4.177906107896497,6.714828189503503,2.536922081607006,,TRUE
3763,TRUE,FALSE,-0.28246401758149875,0.922043556389605,4.404401216931896,2.8205533123179554,10.157742179812345,3.4823576605422906,7.33718886749439,3.8548312069521,,TRUE
3764,TRUE,FALSE,-0.4140410312416565,1.3413022586102197,7.287388482485428,2.930772712649822,10.524747130096175,5.9460862238752075,7.593974417446353,1.6478881935711458,,TRUE
3765,TRUE,FALSE,-0.003381290266887694,1.0009184570228267,4.226698848713532,2.797851776876805,11.774943584504294,3.2257803916907055,8.977091807627488,5.751311415936783,,TRUE
3766,TRUE,FALSE,-0.6084235312904689,0.9923109644053666,6.511286478674846,3.123063297382888,11.152309606417512,5.518975514269479,8.029246309034624,2.5102707947651455,,TRUE
3767,TRUE,FALSE,-0.11616433331521141,1.045158898427197,4.5383795202417225,2.390449206875079,9.241627923532477,3.4932206218145256,6.851178716657397,3.3579580948428718,,TRUE
3768,TRUE,FALSE,-0.40093283382384104,0.9530256119902769,4.780714670102449,2.6394977857996436,8.86720270776837,3.827689058112172,6.227704921968727,2.4000158638565554,,TRUE
3769,TRUE,FALSE,-0.4252675711611874,1.0080974432056307,5.1377474128607155,3.2246250526953624,10.74133101094339,4.129649969655085,7.5167059582480285,3.3870559885929437,,TRUE
3770,TRUE,FALSE,-0.07314154147875866,0.960715451783681,3.993030921220244,2.7886267020083744,10.772916934918904,3.032315469436563,7.98429023291053,4.951974763473967,,TRUE
3771,TRUE,FALSE,0.20625466746760257,1.126620217912373,3.498095356735279,2.5544888271836554,9.748400758434867,2.371475138822906,7.193911931251211,4.822436792428306,,TRUE
3772,TRUE,FALSE,-0.21919725448403826,1.3060417883079012,6.331475659556513,2.5955981386101437,10.106229695044028,5.0254338712486115,7.510631556433885,2.4851976851852733,,TRUE
3773,TRUE,FALSE,-0.17557769154599914,1.1707257574463665,4.480012034806692,3.1900642187724952,10.24167547752921,3.3092862773603255,7.051611258756715,3.7423249813963895,,TRUE
3774,TRUE,FALSE,-0.25640142008272404,1.0050443331181427,4.259094708015091,3.1063353041509734,10.186539859983613,3.2540503748969485,7.08020455583264,3.826154180935691,,TRUE
3775,TRUE,FALSE,-0.13119753778112025,1.650690939719775,7.255468022456536,2.4962342764074004,9.622914795145414,5.604777082736761,7.126680518738014,1.5219034360012529,,TRUE
3776,TRUE,FALSE,-0.25250798588465007,1.3196336113565421,7.158791248159704,3.302325252744137,13.916927044220289,5.839157636803162,10.614601791476153,4.77544415467299,,TRUE
3777,TRUE,FALSE,-0.5756638373562543,0.7764525927996719,4.986832356113263,2.7330296090494253,9.870667732800614,4.2103797633135915,7.137638123751189,2.9272583604375972,,TRUE
3778,TRUE,FALSE,0.12573316302034804,1.3779361797248098,4.890279334856438,2.364536996635318,9.516032049856046,3.5123431551316284,7.151495053220728,3.6391518980890996,,TRUE
3779,TRUE,FALSE,-0.3800382867379933,0.9268607647889693,5.262984618377923,2.7011987743504267,10.488795440517794,4.336123853588954,7.787596666167367,3.4514728125784133,,TRUE
3780,TRUE,FALSE,0.17163952012725464,1.5673784530395032,4.850343356859343,2.856048300588026,10.493159047077782,3.282964903819839,7.637110746489756,4.354145842669917,,TRUE
3781,TRUE,FALSE,-0.09338994749656764,1.3157671001589872,4.983311135123291,2.5350735276583083,8.745221256888101,3.667544034964304,6.210147729229792,2.5426036942654884,,TRUE
3782,TRUE,FALSE,-0.2909834339196427,1.1371014463695237,5.831501589952987,2.753633578084714,10.55637563411741,4.694400143583463,7.802742056032696,3.108341912449233,,TRUE
3783,TRUE,FALSE,0.09147293364156339,1.5628120174507854,5.94205322858203,2.330592215622626,9.710068140930805,4.379241211131244,7.379475925308178,3.0002347141769334,,TRUE
3784,TRUE,FALSE,-0.2634645192878144,0.7639563405892865,4.0800694080866435,3.327372198900429,13.654607098380575,3.316113067497357,10.327234899480146,7.0111218319827895,,TRUE
3785,TRUE,FALSE,-0.38652319812375874,0.6297447396272559,3.7243743399875315,3.483226900444507,13.996055339624752,3.0946296003602756,10.512828439180245,7.418198838819969,,TRUE
3786,TRUE,FALSE,-0.62582193343653,0.6789513924997176,3.7812243108359307,3.0138120713135383,8.976745523194722,3.102272918336213,5.9629334518811845,2.8606605335449715,,TRUE
3787,TRUE,FALSE,-0.19840702692426562,1.5651053687255096,9.137361056030713,2.493136921752775,11.935929866666594,7.572255687305203,9.442792944913819,1.8705372576086159,,TRUE
3788,TRUE,FALSE,-0.3127342117106921,1.340217554115632,6.802284155705009,2.429425425394716,9.0191227536759,5.4620666015893775,6.589697328281184,1.1276307266918062,,TRUE
3789,TRUE,FALSE,-0.4693649835700608,1.006136744305369,5.7053179366109905,2.2474773441681997,7.970316021045289,4.6991811923056215,5.722838676877089,1.0236574845714674,,TRUE
3790,TRUE,FALSE,-0.15624658892378157,0.842178644768427,4.179871514291559,2.5478781966378006,10.81634019821521,3.3376928695231323,8.26846200157741,4.9307691320542775,,TRUE
3791,TRUE,FALSE,-0.0680507343373778,1.1070319898040726,4.600499255501626,2.352303432021151,9.13238217561739,3.4934672656975536,6.78007874359624,3.2866114778986866,,TRUE
3792,TRUE,FALSE,-0.2375599366186085,1.326903949723422,6.93968725528728,2.6028976879815207,10.734616660848786,5.612783305563858,8.131718972867265,2.518935667303407,,TRUE
3793,TRUE,FALSE,-0.13466938803482065,0.8286707408884039,4.358928086707384,3.3870793734611246,15.57173130701498,3.5302573458189803,12.184651933553855,8.654394587734874,,TRUE
3794,TRUE,FALSE,-0.3984763856587047,0.7155896159574774,5.00866574064311,2.6156425627364435,12.290804760677691,4.293076124685633,9.675162197941248,5.382086073255615,,TRUE
3795,TRUE,FALSE,-0.32949062127759177,1.0914221011680443,5.924871683794136,3.1447372756851104,12.279328421604038,4.833449582626092,9.134591145918929,4.301141563292837,,TRUE
3796,TRUE,FALSE,0.09262119728146882,2.052285862706315,8.486257677538752,2.8486581858650646,12.922411804881282,6.433971814832438,10.073753619016218,3.63978180418378,,TRUE
3797,TRUE,FALSE,-0.41965419158332007,1.1483884515083447,6.822358782705797,3.0839279731470186,12.041940167800666,5.673970331197452,8.958012194653648,3.2840418634561956,,TRUE
3798,TRUE,FALSE,-0.026027807834747906,1.7026166109697527,6.935216593167836,3.181018943047086,12.624252866105454,5.232599982198083,9.443233923058369,4.210633940860285,,TRUE
3799,TRUE,FALSE,0.04424970763850533,1.3106386586577898,5.4668640019195545,1.973724314515562,8.60516478949372,4.156225343261765,6.631440474978159,2.4752151317163937,,TRUE
3800,TRUE,FALSE,-0.29761956142740026,0.6521684334962159,3.568523121515837,3.0546942553145753,12.412005400318888,2.916354688019621,9.357311145004314,6.440956456984693,,TRUE
3801,TRUE,FALSE,-0.5218507241887127,1.2814801639492952,7.111939157914713,3.6352925582496503,11.972328428395036,5.830458993965418,8.337035870145385,2.5065768761799676,,TRUE
3802,TRUE,FALSE,-0.4969965136740928,0.9299650074498258,6.081449253921089,2.941689263523458,11.702925271345785,5.151484246471263,8.761236007822328,3.609751761351065,,TRUE
3803,TRUE,FALSE,0.07090620922697506,1.3090934582996745,4.757195780899715,2.361775104180665,9.213254927999456,3.4481023226000405,6.85147982381879,3.40337750121875,,TRUE
3804,TRUE,FALSE,-0.08752407292294426,1.011787702391367,4.117159961935111,2.8854743235943228,10.75757385560196,3.105372259543744,7.872099532007637,4.766727272463893,,TRUE
3805,TRUE,FALSE,-0.43779541045346954,0.9757928291493975,5.263112053180612,3.253706416031326,11.327425821344244,4.287319224031215,8.073719405312918,3.786400181281703,,TRUE
3806,TRUE,FALSE,-0.4035113243997984,0.7270850360153863,4.78603263916683,1.7832786274940962,7.840918007357831,4.058947603151444,6.057639379863735,1.998691776712291,,TRUE
3807,TRUE,FALSE,0.2186760000191537,1.0582053713079995,3.865392984313976,2.699380435254218,12.270367452193877,2.8071876130059765,9.57098701693966,6.763799403933683,,TRUE
3808,TRUE,FALSE,-0.057247572434785385,1.0007880290706348,4.2905509926404655,2.2578487071063607,9.141206056825336,3.2897629635698307,6.883357349718976,3.593594386149145,,TRUE
3809,TRUE,FALSE,-0.39461374368451624,1.054930727059896,5.700297612851093,2.6016471467683373,9.47421882617792,4.645366885791198,6.872571679409582,2.227204793618384,,TRUE
3810,TRUE,FALSE,-0.5020964036955979,0.8502601020867805,5.670384849267616,3.3976780371708406,13.714666783428578,4.820124747180835,10.316988746257739,5.496863999076903,,TRUE
3811,TRUE,FALSE,-0.008203825404566063,1.1327747317272712,3.999847909746656,3.4379178695750237,12.040167989686472,2.867073178019385,8.602250120111448,5.735176942092062,,TRUE
3812,TRUE,FALSE,-0.07202209285123691,1.3652845248573904,5.798960715620805,2.8312840371277965,11.19004007644541,4.433676190763415,8.358756039317614,3.9250798485541987,,TRUE
3813,TRUE,FALSE,-0.42850955861261597,0.884901662243793,5.823305733125835,3.1288796326330774,13.414179097853486,4.938404070882042,10.285299465220408,5.346895394338366,,TRUE
3814,TRUE,FALSE,-0.3438607140053376,1.4590406677976357,7.060445658336965,2.8848745473548,9.898168416404273,5.601404990539329,7.013293869049473,1.411888878510144,,TRUE
3815,TRUE,FALSE,0.16860807387409127,1.869629320651686,6.091058264598376,2.6470389829117664,10.207588096540036,4.22142894394669,7.560549113628269,3.3391201696815793,,TRUE
3816,TRUE,FALSE,-0.17120923777017463,1.039019814813335,5.859469421911709,2.7732747100630086,13.178686481739396,4.820449607098374,10.405411771676388,5.584962164578013,,TRUE
3817,TRUE,FALSE,-0.5005629423287858,1.1497182098967063,6.435216941770509,2.693423885678455,9.138707258656634,5.285498731873803,6.445283372978179,1.159784641104376,,TRUE
3818,TRUE,FALSE,-0.08767695606798001,0.6918971056622933,2.617808986844035,2.8422866061914984,9.851144528114794,1.9259118811817417,7.008857921923296,5.082946040741554,,TRUE
3819,TRUE,FALSE,0.03251671425147625,1.2975506649100663,4.726037088668765,3.062128052508629,11.521737558618215,3.4284864237586983,8.459609506109587,5.031123082350888,,TRUE
3820,TRUE,FALSE,-0.26788781027508246,0.7079416387444731,4.362593328479793,3.0056124345527655,14.16896263675919,3.65465168973532,11.163350202206423,7.508698512471104,,TRUE
3821,TRUE,FALSE,-0.030888133436861163,0.9355034233657369,3.9806949773290707,2.7636445367725715,11.402003150346951,3.045191553963334,8.638358613574379,5.593167059611045,,TRUE
3822,TRUE,FALSE,0.2828603123029866,0.9683634799459546,3.001379641865968,2.4723821610270424,10.16817013137477,2.0330161619200133,7.6957879703477285,5.662771808427715,,TRUE
3823,TRUE,FALSE,-0.1897245577689273,1.2356889326303626,5.589758959525755,2.8540719733695243,10.679539247178335,4.354070026895392,7.82546727380881,3.4713972469134182,,TRUE
3824,TRUE,FALSE,-0.0843883257337381,1.3346679888868698,5.351067278275355,2.875184414661413,10.594573748288076,4.0163992893884854,7.719389333626662,3.7029900442381765,,TRUE
3825,TRUE,TRUE,-0.4987890622325875,1.0360725672541764,7.34931515044775,2.421309945246506,10.430034494564717,6.313242583193574,8.008724549318211,1.6954819661246372,,TRUE
3826,TRUE,FALSE,0.002304201029375032,0.9493623889614591,3.6236694619115175,2.4843538606253794,9.504531416559862,2.674307072950058,7.020177555934483,4.345870482984425,,TRUE
3827,TRUE,FALSE,-0.8897467105533201,0.7067039162084072,6.046847502188989,2.7865846243568106,9.793809852484282,5.340143585980582,7.007225228127471,1.667081642146889,,TRUE
3828,TRUE,FALSE,-0.039950463116935044,1.9584598831540974,6.802522338105715,2.572318770510661,8.5847928036609,4.844062454951617,6.012474033150239,1.1684115781986222,,TRUE
3829,TRUE,FALSE,-1.1441339921234455,0.5141762592677683,4.899997427785404,2.2793756058249994,6.918447480042475,4.385821168517636,4.639071874217475,0.25325070569983854,,TRUE
3830,TRUE,FALSE,-0.33012824371621374,1.495553974219588,6.9002502299396005,2.6308457518375876,8.725398287597958,5.404696255720013,6.0945525357603705,0.6898562800403578,,TRUE
3831,TRUE,FALSE,-0.6562468338087394,0.8462028917316913,6.440868730055456,2.862235660906875,11.30240726860604,5.594665838323765,8.440171607699163,2.8455057693753982,,TRUE
3832,TRUE,FALSE,0.0498023508403183,0.9782027657437462,3.793196077379667,2.763287976735654,11.262412760244814,2.814993311635921,8.49912478350916,5.684131471873239,,TRUE
3833,TRUE,FALSE,0.08720680059013917,1.598125902057346,4.991551924178882,2.8276969911448293,9.636756926858013,3.3934260221215364,6.809059935713183,3.4156339135916465,,TRUE
3834,TRUE,FALSE,-0.06385002757477948,1.1683082015746042,5.537156674105808,2.589128724103311,11.512067166669034,4.368848472531203,8.922938442565723,4.55408997003452,,TRUE
3835,TRUE,FALSE,-0.1543138215613311,1.089746928408238,5.432143751223012,2.5415840132587078,10.857564788021731,4.342396822814774,8.315980774763023,3.9735839519482496,,TRUE
3836,TRUE,FALSE,0.07374134744660919,0.9883831986362418,3.859258740524826,2.3148369168343725,9.730259040126235,2.870875541888584,7.4154221232918625,4.544546581403278,,TRUE
3837,TRUE,FALSE,0.0470593491926058,0.8417478374651322,3.050522160253886,2.59835143517499,9.8702392750424,2.208774322788754,7.271887839867409,5.063113517078655,,TRUE
3838,TRUE,FALSE,-0.3892750675164429,0.922185947818166,5.009634624503279,2.886351449763294,10.623723252085721,4.087448676685113,7.737371802322427,3.649923125637314,,TRUE
3839,TRUE,FALSE,-0.27857337227332335,1.547817305094772,10.13321748975091,3.357621001354091,16.637055308895935,8.585400184656137,13.279434307541845,4.694034122885707,,TRUE
3840,TRUE,FALSE,0.04436199427644028,1.7923221053281324,6.220263118255314,2.7786449754389606,10.080728656627423,4.427941012927182,7.302083681188463,2.874142668261281,,TRUE
3841,TRUE,FALSE,-0.41528281940535516,1.143658494116519,6.193955280828128,3.0004310691496086,10.727544447115566,5.050296786711609,7.727113377965957,2.6768165912543482,,TRUE
3842,TRUE,FALSE,-0.15542546387828757,0.8839798599039332,3.7746209754429234,2.792234302861274,10.206631031422255,2.8906411155389904,7.41439672856098,4.52375561302199,,TRUE
3843,TRUE,FALSE,-0.7819276481426157,0.7846241639547248,6.071588107753811,2.748278308252051,9.730036512174085,5.286963943799087,6.981758203922034,1.694794260122947,,TRUE
3844,TRUE,FALSE,-0.5612848027214666,0.8307462648013014,4.273433674899389,3.182340158930162,9.338825863690664,3.4426874100980873,6.156485704760502,2.713798294662415,,TRUE
3845,TRUE,FALSE,0.06751402342513639,1.604931937140817,5.592196803225466,2.9980965230850742,11.176154739086824,3.987264866084649,8.17805821600175,4.190793349917101,,TRUE
3846,TRUE,FALSE,-0.19547479360133505,1.0335247165299029,5.082164519564396,3.0895713279082426,12.494890503248998,4.048639803034493,9.405319175340756,5.356679372306263,,TRUE
3847,TRUE,FALSE,0.1095579818137505,1.546383269721865,6.053297458018653,2.679629896759879,11.70388685574424,4.506914188296788,9.024256958984362,4.5173427706875735,,TRUE
3848,TRUE,TRUE,-0.2558540882064279,0.9790062794945787,6.195180022462132,2.6157817217636494,12.816042397228623,5.216173742967554,10.200260675464973,4.984086932497419,,TRUE
3849,TRUE,FALSE,-0.14792010941186942,1.212054240947214,6.126160015211341,2.4669596335450974,10.754430984659681,4.914105774264128,8.287471351114583,3.373365576850455,,TRUE
3850,TRUE,FALSE,-0.608690531268306,0.9140786847315372,6.604512903400162,2.27716616758193,8.951606749025542,5.690434218668625,6.674440581443612,0.9840063627749869,,TRUE
3851,TRUE,FALSE,-0.4170906212301076,1.8166521043889012,10.316119784827096,2.3324051260522607,8.727873478329505,8.499467680438196,6.395468352277244,-2.1039993281609517,,TRUE
3852,TRUE,FALSE,-0.09224677525304235,1.480643433056153,5.557253174026139,2.529625474276023,8.657722437636165,4.076609740969985,6.128096963360142,2.051487222390157,,TRUE
3853,TRUE,FALSE,0.19531868303540026,1.8119065608484324,6.260170700870983,2.329713137726276,9.78540157631581,4.448264140022551,7.455688438589533,3.007424298566982,,TRUE
3854,TRUE,FALSE,-0.19987972672731044,1.1972620050807279,5.466235031688605,2.131583241740418,7.968833182431642,4.268973026607877,5.837249940691224,1.5682769140833477,,TRUE
3855,TRUE,FALSE,-0.04071652761640034,1.276072075897569,4.53725186237201,2.496540593289235,8.522624439945334,3.2611797864744405,6.026083846656099,2.7649040601816584,,TRUE
3856,TRUE,FALSE,-0.23678914759547706,0.8085385904939804,4.507447400685419,2.7425432538703487,12.065551563261039,3.6989088101914387,9.32300830939069,5.624099499199252,,TRUE
3857,TRUE,FALSE,0.4312034670003866,1.4569637966295765,4.305665276693466,2.0640561797969923,9.388199383465695,2.8487014800638892,7.324143203668703,4.475441723604813,,TRUE
3858,TRUE,FALSE,0.16348521269252128,1.311564776843631,4.348534191332202,3.0009308308777527,11.716822626937317,3.0369694144885715,8.715891796059564,5.678922381570993,,TRUE
3859,TRUE,FALSE,-0.2494721173793411,1.2493111483270156,5.521539903461455,2.754391392423223,9.485732825858372,4.272228755134439,6.73134143343515,2.459112678300711,,TRUE
3860,TRUE,FALSE,-0.13511315088054918,2.1517647469314856,9.866998484360748,2.9472002428945565,11.80649593419439,7.715233737429262,8.859295691299833,1.1440619538705707,,TRUE
3861,TRUE,FALSE,-0.4748256857616951,0.9718318663147898,4.973683924271833,3.2699274255721216,10.409047388735361,4.001852057957043,7.13911996316324,3.1372679052061967,,TRUE
3862,TRUE,FALSE,-0.051555293368280804,1.6431992400957331,7.71095746342157,2.5938747296002904,11.560507523991491,6.067758223325837,8.9666327943912,2.898874571065363,,TRUE
3863,TRUE,FALSE,-0.5216083688715812,0.7152365944135843,4.320512779586127,2.5960275368627346,9.30814684258749,3.605276185172543,6.712119305724755,3.1068431205522122,,TRUE
3864,TRUE,FALSE,0.04644057920990179,1.510842108510516,6.3129124851176766,2.33641483981091,10.226559078870043,4.80207037660716,7.890144239059133,3.0880738624519726,,TRUE
3865,TRUE,FALSE,0.16769208945811115,1.0809008314001054,3.4065976992252534,2.748308799075773,10.243026004878276,2.325696867825148,7.494717205802504,5.169020337977356,,TRUE
3866,TRUE,FALSE,-0.14697141394543106,1.0014025750145557,4.14342918238693,3.8077617774940755,13.601666203175844,3.142026607372374,9.793904425681768,6.651877818309394,,TRUE
3867,TRUE,FALSE,0.04776910286930113,1.278674654599624,4.6203119759994316,3.07270616357883,11.64603614869263,3.3416373213998076,8.5733299851138,5.231692663713992,,TRUE
3868,TRUE,FALSE,0.256254849636953,1.358688735528089,4.306301907324821,2.8686701605622593,11.74776316350628,2.947613171796732,8.879093002944021,5.931479831147289,,TRUE
3869,TRUE,FALSE,0.256406456871645,1.254726262066812,4.031526625456971,2.740819420142758,11.380382953334617,2.776800363390159,8.63956353319186,5.862763169801701,,TRUE
3870,TRUE,FALSE,-0.21728885717943325,0.6935033165251895,3.1537196337212925,2.8528787183674797,10.439759577107067,2.460216317196103,7.586880858739587,5.126664541543484,,TRUE
3871,TRUE,FALSE,-0.1019425859704892,1.0268744781698491,4.042498139582018,2.371956765808921,8.432689992857323,3.015623661412169,6.060733227048402,3.045109565636233,,TRUE
3872,TRUE,FALSE,-0.22899870476928258,0.8393574302139241,3.950823856753072,3.107865400486708,11.634562474196002,3.1114664265391476,8.526697073709293,5.415230647170146,,TRUE
3873,TRUE,FALSE,-0.40056947529524295,0.694430708539054,3.8074725672906147,2.563402829758862,9.415851749098993,3.1130418587515605,6.85244891934013,3.7394070605885696,,TRUE
3874,TRUE,FALSE,-0.10344801316729975,1.1620696890561488,4.48908490266506,3.229991099143984,11.25123174939126,3.3270152136089113,8.021240650247277,4.694225436638366,,TRUE
3875,TRUE,FALSE,-0.3302777068179916,1.2785800299154344,6.680800229902187,2.6909907865062515,10.105899940844358,5.402220199986752,7.4149091543381065,2.012688954351354,,TRUE
3876,TRUE,FALSE,0.06451695205416334,1.1807647573852336,4.98957682961897,2.4073032262347094,10.850518362660996,3.808812072233737,8.443215136426286,4.634403064192549,,TRUE
3877,TRUE,FALSE,-0.5557009057146103,0.9866588193839733,4.963332350935129,3.205524410776129,9.250551096668252,3.976673531551156,6.045026685892123,2.068353154340967,,TRUE
3878,TRUE,FALSE,-0.060597806499917695,0.9291878532042241,4.302475008189244,3.14168553684911,13.691790716723977,3.37328715498502,10.550105179874867,7.176818024889847,,TRUE
3879,TRUE,FALSE,0.2706380554017453,1.2509823083084757,4.814047093829988,2.125082161356109,10.7194254041597,3.563064785521512,8.594343242803593,5.031278457282081,,TRUE
3880,TRUE,FALSE,-0.5012326381965138,1.3870915895616507,7.430273889703475,2.7380857973226904,8.885137804060031,6.043182300141824,6.147052006737341,0.10386970659551675,,TRUE
3881,TRUE,FALSE,-0.18455844380486577,0.9312789316502981,4.257861321615176,2.5463618036830766,9.680084128484015,3.3265823899648783,7.133722324800939,3.8071399348360604,,TRUE
3882,TRUE,FALSE,-0.03187024083432667,1.0472477547976977,3.801478259988877,2.8321648059791977,9.958192681373749,2.7542305051911793,7.126027875394551,4.371797370203372,,TRUE
3883,TRUE,FALSE,-0.5110203169982835,0.8827288241939552,7.077840425251901,2.1339630404893426,10.264245912653784,6.195111601057946,8.130282872164441,1.935171271106495,,TRUE
3884,TRUE,FALSE,-0.5122282155741458,0.9366489108247072,4.933644758022535,2.8886931200264376,9.1166348962609,3.9969958471978275,6.227941776234462,2.2309459290366345,,TRUE
3885,TRUE,FALSE,-0.2993561056701562,0.9572484835667622,4.846748636496617,1.8793442611235798,7.053804959138154,3.889500152929855,5.174460698014574,1.284960545084719,,TRUE
3886,TRUE,FALSE,0.004505749612153951,1.7064635798421135,6.333744169007229,2.331728986448573,8.69357464580902,4.627280589165116,6.361845659360448,1.7345650701953321,,TRUE
3887,TRUE,FALSE,0.13333610240280983,1.1724232031547661,4.352493567159763,2.724484677133885,11.55700327305357,3.1800703640049965,8.832518595919685,5.652448231914689,,TRUE
3888,TRUE,FALSE,-0.9642398301813242,0.7455619065603969,6.356449649513759,2.933341287911455,9.535192356678973,5.610887742953362,6.601851068767518,0.9909633258141559,,TRUE
3889,TRUE,FALSE,-0.40750546982731056,0.8377910829405492,5.219920653833129,3.3466809225895435,13.8728311071135,4.38212957089258,10.526150184523956,6.144020613631376,,TRUE
3890,TRUE,FALSE,-0.11033562326815699,0.903469773088365,2.940443298270067,2.7076583159058187,7.891778525348583,2.0369735251817023,5.184120209442764,3.1471466842610614,,TRUE
3891,TRUE,FALSE,-0.021978306728457245,1.0935862898761075,4.0881471730164485,2.760256246075971,10.09433721967867,2.994560883140341,7.334080973602698,4.339520090462357,,TRUE
3892,TRUE,FALSE,-0.43091680892893264,0.9748160055217273,5.682435195144507,2.700332275578777,10.230203088453525,4.707619189622779,7.529870812874748,2.8222516232519688,,TRUE
3893,TRUE,FALSE,0.0635941076819653,1.1466221550213465,4.185791093903214,2.9671179900286586,11.542785027811922,3.0391689388818675,8.575667037783264,5.536498098901396,,TRUE
3894,TRUE,FALSE,-0.22917490553185252,2.2783455689655576,11.727240066338107,2.628858251077291,10.760042622520391,9.44889449737255,8.1311843714431,-1.31771012592945,,TRUE
3895,TRUE,FALSE,-0.011750965917077418,1.0047784516454814,3.7567198745746357,2.826438981422031,10.444189287789092,2.7519414229291543,7.617750306367061,4.865808883437906,,TRUE
3896,TRUE,FALSE,0.24723002648042058,1.0282119845605593,3.5753430946785194,2.6750208305463605,11.910578794746382,2.5471311101179603,9.235557964200021,6.688426854082061,,TRUE
3897,TRUE,FALSE,-0.051334264418405,1.4034388890859402,5.562890139008866,2.9962516205920013,11.28212924973407,4.159451249922926,8.285877629142067,4.126426379219142,,TRUE
3898,TRUE,FALSE,-0.026847554317479917,1.3994399006209743,5.841792351143941,2.493903844171356,10.134721605904796,4.442352450522967,7.640817761733439,3.198465311210472,,TRUE
3899,TRUE,FALSE,-0.2556472387681025,0.997318961892652,4.439692324488804,2.6091043688623086,8.99464577365776,3.4423733625961517,6.385541404795452,2.9431680421993005,,TRUE
3900,TRUE,FALSE,0.3538694215582475,1.5857324563631234,5.0089170481681675,2.5272758810514757,11.372347295731402,3.423184591805044,8.845071414679925,5.421886822874881,,TRUE
3901,TRUE,FALSE,-0.14508963509641334,1.0626908825359862,4.327834547655815,3.4300913764770025,12.08252650882485,3.2651436651198287,8.652435132347847,5.387291467228018,,TRUE
3902,TRUE,FALSE,-0.4398626945343264,0.8669973308885501,4.848011719456791,2.9845568506773117,10.749686909637191,3.9810143885682407,7.76513005895988,3.784115670391639,,TRUE
3903,TRUE,FALSE,-0.9571814403003889,0.44621005242689143,4.093205417010954,3.0022310492010957,10.5747396680691,3.6469953645840625,7.572508618868004,3.9255132542839415,,TRUE
3904,TRUE,FALSE,-0.2649927434883847,0.8379659975332795,3.7492348062596164,3.173492138334633,10.893533774905686,2.9112688087263368,7.720041636571053,4.808772827844717,,TRUE
3905,TRUE,FALSE,-0.2409489481000035,1.306922855178482,5.998204855903651,3.6349555427653915,13.110753321390156,4.691282000725169,9.475797778624765,4.784515777899595,,TRUE
3906,TRUE,TRUE,0.27156692676083133,2.089348124856502,6.115370212980957,3.0456152237211267,11.695720962095502,4.026022088124455,8.650105738374375,4.62408365024992,,TRUE
3907,TRUE,FALSE,0.1434094353984077,1.2672042153781975,3.8365293890113468,3.1842216881218013,11.126975785697528,2.5693251736331493,7.942754097575727,5.373428923942578,,TRUE
3908,TRUE,FALSE,-0.059202209447856445,1.397084566174132,6.0895740667147,3.1400628785871985,12.900049418123476,4.692489500540568,9.759986539536278,5.06749703899571,,TRUE
3909,TRUE,FALSE,0.32431009808758166,1.1697236265324822,4.436512839614486,2.4411082030573112,12.805354233726609,3.2667892130820038,10.364246030669298,7.097456817587294,,TRUE
3910,TRUE,FALSE,0.11058498130627645,0.8656748137747504,3.5243002227319002,2.3917365696772874,10.87571720236006,2.6586254089571497,8.483980632682773,5.825355223725623,,TRUE
3911,TRUE,FALSE,-0.08393154035523194,0.9245420993182252,3.88141682503673,2.5391546724150014,9.801707635521907,2.956874725718505,7.262552963106906,4.305678237388401,,TRUE
3912,TRUE,FALSE,0.22033187052140282,1.762701698993315,6.252705496902437,2.502383685255968,11.064504409891102,4.490003797909122,8.562120724635134,4.072116926726013,,TRUE
3913,TRUE,FALSE,-0.171451848168587,1.0221078104109778,5.141333885058203,2.5195805034570324,10.67693869363438,4.119226074647226,8.157358190177348,4.038132115530122,,TRUE
3914,TRUE,FALSE,-0.11122870602229351,0.9383666124075464,3.514265923108184,2.76588194011951,9.268078416798634,2.575899310700638,6.502196476679124,3.9262971659784864,,TRUE
3915,TRUE,FALSE,0.1689066839974838,1.320745006761284,5.152484119980929,2.7254572826687737,12.589031053728501,3.8317391132196446,9.863573771059727,6.031834657840083,,TRUE
3916,TRUE,FALSE,-0.4869971903927421,1.4117145771672397,8.858584596127564,2.8570997313226156,11.016474804594608,7.446870018960324,8.159375073271992,0.7125050543116682,,TRUE
3917,TRUE,FALSE,-0.3180881598720724,0.888559671962761,4.366746995140389,3.3339310514750062,11.920215666808302,3.478187323177628,8.586284615333295,5.108097292155667,,TRUE
3918,TRUE,FALSE,0.020624936906613378,1.7955145219532436,6.615769192480387,2.279378610418743,8.573638900629023,4.820254670527143,6.29426029021028,1.4740056196831368,,TRUE
3919,TRUE,FALSE,-0.5219983143868702,1.0440859081487808,6.237475099187828,3.092918716008375,10.963269996532485,5.193389191039047,7.87035128052411,2.6769620894850634,,TRUE
3920,TRUE,FALSE,-0.3162906509751423,1.159568380043704,5.75274794779337,2.843270044904234,10.280963260138106,4.593179567749666,7.437693215233873,2.8445136474842068,,TRUE
3921,TRUE,FALSE,0.39421648590289043,1.480314759723036,4.2268468641750445,2.3553453909742252,9.975233965722655,2.7465321044520086,7.61988857474843,4.873356470296422,,TRUE
3922,TRUE,FALSE,-0.07410516245179313,1.0064955772447137,4.754538153764455,2.9913288057811322,13.12130878789134,3.748042576519741,10.129979982110209,6.381937405590468,,TRUE
3923,TRUE,FALSE,0.17228271011166138,1.0189359339168718,3.411251109988184,2.28321774152738,9.081039659273156,2.392315176071312,6.797821917745775,4.405506741674463,,TRUE
3924,TRUE,FALSE,-0.8875735069772892,0.9567868519371541,8.456274938442874,2.3450466333098383,8.531926454630298,7.49948808650572,6.18687982132046,-1.3126082651852604,,TRUE
3925,TRUE,FALSE,-0.10158047464780877,1.7641573691701613,7.162206004721222,3.001711297946935,11.00937247963428,5.398048635551061,8.007661181687345,2.609612546136284,,TRUE
3926,TRUE,FALSE,-0.5164370863481476,1.132217979160824,6.3397879767498955,2.362758596751631,7.893657195862426,5.207569997589071,5.530898599110795,0.32332860152172405,,TRUE
3927,TRUE,FALSE,0.0369892432859463,1.856237952727119,8.72311941423569,1.9963594807255935,9.735116219120272,6.866881461508571,7.738756738394678,0.8718752768861071,,TRUE
3928,TRUE,FALSE,-0.15198328016700288,1.193944771057419,5.018356961839044,2.75779735069417,9.957129654719912,3.824412190781625,7.1993323040257415,3.3749201132441167,,TRUE
3929,TRUE,FALSE,-0.1216666154703368,0.7269325039104869,4.035690841766716,1.9427303496445332,9.54986398490027,3.308758337856229,7.607133635255737,4.298375297399508,,TRUE
3930,TRUE,FALSE,-0.08548842238966521,1.5962024355519562,6.0776229961722565,2.794653249330544,9.768920318929244,4.4814205606203,6.9742670695986995,2.492846508978399,,TRUE
3931,TRUE,FALSE,-0.34312532474158647,0.939993076414116,5.236441340167508,2.8973844831087687,11.452499535723936,4.296448263753391,8.555115052615168,4.258666788861777,,TRUE
3932,TRUE,FALSE,-1.3730526796162665,0.7657474807962897,8.974624712201537,2.8957034145855385,8.597567542891381,8.208877231405248,5.701864128305843,-2.507013103099405,,TRUE
3933,TRUE,FALSE,-0.18130780525438456,1.3813228179890398,5.989668227676443,3.521617095624494,12.738219709116267,4.608345409687403,9.216602613491773,4.60825720380437,,TRUE
3934,TRUE,FALSE,0.03293006621093099,1.6206597802459644,5.6611958581072095,3.5724921898512747,12.89700772302475,4.040536077861245,9.324515533173475,5.28397945531223,,TRUE
3935,TRUE,FALSE,-0.17173141025324037,0.9769042453940451,3.926946348999306,2.510886187493902,8.500568956334252,2.950042103605261,5.98968276884035,3.0396406652350887,,TRUE
3936,TRUE,FALSE,0.04681105450775804,0.7661776254120085,3.383999585190071,2.5566779820084546,11.833321115901716,2.6178219597780625,9.276643133893263,6.6588211741152,,TRUE
3937,TRUE,FALSE,-0.4217624925048988,1.2824619760697813,6.757433594425746,3.0044833750806488,10.383361422448425,5.474971618355965,7.378878047367777,1.903906429011812,,TRUE
3938,TRUE,FALSE,0.11334023112759876,1.0327839570668746,4.09154174154905,2.523158545272859,11.195540896121045,3.058757784482175,8.672382350848187,5.613624566366012,,TRUE
3939,TRUE,FALSE,-0.6091010571483062,0.47949309081841535,3.677515161880408,2.191771312282999,9.14193498698576,3.1980220710619927,6.950163674702761,3.7521416036407684,,TRUE
3940,TRUE,FALSE,-0.2970552698479284,0.803085520797348,4.312905489364525,2.890087758074803,11.53213482949888,3.509819968567177,8.642047071424077,5.1322271028569,,TRUE
3941,TRUE,FALSE,-0.3701045234011644,1.1655780550415742,6.755964066008259,2.2691961891346377,9.084136724297498,5.590386010966685,6.81494053516286,1.2245545241961748,,TRUE
3942,TRUE,FALSE,-0.7779352845477375,0.9073337987792405,6.898364201837534,2.1688691777506595,7.574594462728402,5.991030403058294,5.405725284977742,-0.5853051180805515,,TRUE
3943,TRUE,FALSE,0.21591337214016726,0.7896130361715908,2.7497277541934184,2.6530922756725532,11.465624876421979,1.9601147180218277,8.812532600749424,6.852417882727597,,TRUE
3944,TRUE,FALSE,0.09331347350116881,1.0598793444954653,4.34251342448993,3.162076112039412,14.222717606770454,3.282634079994464,11.060641494731042,7.778007414736578,,TRUE
3945,TRUE,FALSE,0.292402643119331,1.0400146377129476,3.12880887535529,2.323405802579537,9.363829711382387,2.0887942376423423,7.0404239088028495,4.951629671160507,,TRUE
3946,TRUE,FALSE,0.24650141033576112,1.3742706412415424,4.636720423578988,2.8836140950722147,12.44887148844808,3.2624497823374456,9.565257393375866,6.30280761103842,,TRUE
3947,TRUE,FALSE,-0.4209290841541203,0.9297243764134444,5.005558023411016,3.0797103731074147,10.884311926125982,4.075833646997571,7.804601553018567,3.7287679060209955,,TRUE
3948,TRUE,FALSE,0.3115742030827797,1.5845910118764226,5.0986962712327415,2.7700627169205525,12.171567525282038,3.514105259356319,9.401504808361485,5.887399549005167,,TRUE
3949,TRUE,FALSE,-0.7026729100726546,0.8941878036847479,6.634826730839646,3.3274956602141885,12.227885798684124,5.740638927154898,8.900390138469936,3.1597512113150374,,TRUE
3950,TRUE,FALSE,-0.18215877276663273,0.8466606679074953,3.667006409249081,2.715802349130159,9.803697311597261,2.820345741341586,7.087894962467102,4.267549221125516,,TRUE
3951,TRUE,FALSE,-0.03336231840532529,1.3755075789471756,5.0560284324069,2.8707216180650947,10.205834674217835,3.6805208534597247,7.33511305615274,3.6545922026930153,,TRUE
3952,TRUE,FALSE,0.24565977398244732,0.9180394091673482,3.1721647795553856,2.314716950425454,10.225416114528505,2.2541253703880373,7.91069916410305,5.656573793715014,,TRUE
3953,TRUE,FALSE,-0.1883452335250691,1.3313964819335542,5.1994862785088385,2.507359162783933,8.11096045563738,3.8680897965752843,5.6036012928534475,1.7355114962781633,,TRUE
3954,TRUE,FALSE,0.09195613902000016,0.9651772665707131,3.659839018062012,2.8172818422115506,11.7117350432264,2.694661751491299,8.894453201014848,6.199791449523548,,TRUE
3955,TRUE,FALSE,-0.6542479152576752,1.120738385676344,6.695547107782276,3.0303416181255622,9.411029917115597,5.5748087221059315,6.380688298990035,0.8058795768841032,,TRUE
3956,TRUE,FALSE,0.19093782652911095,1.3575096277810559,4.413381095214793,2.892519979259981,11.38225009426073,3.055871467433737,8.489730115000748,5.433858647567011,,TRUE
3957,TRUE,FALSE,-0.27793443585435745,0.9203080571664085,4.765474535632824,2.7373109440742995,10.734743481509367,3.8451664784664152,7.997432537435068,4.152266058968653,,TRUE
3958,TRUE,FALSE,-0.026640950190723756,1.2363248808819034,4.9170309421001095,2.4963807373420335,9.667432244292579,3.6807060612182063,7.171051506950546,3.4903454457323395,,TRUE
3959,TRUE,FALSE,0.015527734592046157,1.1273850572811959,5.202765536691438,2.409983026265085,11.295867092407788,4.075380479410242,8.885884066142703,4.810503586732461,,TRUE
3960,TRUE,FALSE,-0.031136360401706583,0.9230655845107953,3.907058893349292,2.3498201261652363,9.641168391595645,2.983993308838497,7.291348265430409,4.3073549565919125,,TRUE
3961,TRUE,FALSE,0.21401964253667796,1.6504051699158104,5.261252594183378,2.500782060204655,9.874655937979842,3.6108474242675674,7.373873877775187,3.76302645350762,,TRUE
3962,TRUE,FALSE,-0.25152838199448996,1.1492708567657148,5.949380585864242,2.461928404986673,9.910313400880781,4.800109729098527,7.448384995894108,2.648275266795581,,TRUE
3963,TRUE,FALSE,-0.6523689503230378,0.7960559294463537,4.768281035716892,3.359606848094261,10.480608182322822,3.972225106270538,7.121001334228561,3.148776227958023,,TRUE
3964,TRUE,FALSE,-0.2699182908446828,0.7630729438311744,3.356129373585926,2.691471716769693,9.037294498584444,2.5930564297547516,6.345822781814752,3.75276635206,,TRUE
3965,TRUE,FALSE,-0.10702321764010576,0.5762250871174658,2.4099151657966313,2.7438658299441996,10.310812063547699,1.8336900786791657,7.566946233603499,5.733256154924334,,TRUE
3966,TRUE,FALSE,-0.21038717253021147,0.8082007599528309,3.8811802386917726,2.3237147203138275,9.041851666844423,3.072979478738942,6.718136946530596,3.6451574677916536,,TRUE
3967,TRUE,FALSE,-0.3879426020331403,0.8228514167162653,4.868647401808383,2.347105292053073,9.421892465356525,4.045795985092118,7.074787173303452,3.028991188211334,,TRUE
3968,TRUE,FALSE,-0.32550078966349744,0.9619713723325154,5.295623424217317,2.5525661683466807,10.147726615887695,4.333652051884802,7.595160447541014,3.261508395656212,,TRUE
3969,TRUE,FALSE,-0.32589011794030287,0.7391097480186252,4.40896882384571,2.6038805193950734,11.212872149540196,3.6698590758270844,8.608991630145123,4.939132554318039,,TRUE
3970,TRUE,FALSE,-0.38509587494682657,0.730668505011926,3.8952128691981946,2.091431639860798,7.585941146169777,3.1645443641862685,5.494509506308979,2.32996514212271,,TRUE
3971,TRUE,FALSE,-0.29303505479441944,1.2597982070594804,5.715943115971573,3.253857578247465,11.013413490199184,4.456144908912092,7.759555911951719,3.303411003039627,,TRUE
3972,TRUE,FALSE,-0.12453118791056865,1.1077546231920665,4.739098143500098,2.5724513953658246,9.71663975651592,3.6313435203080315,7.144188361150096,3.5128448408420647,,TRUE
3973,TRUE,FALSE,-0.13654793694715794,0.7411233600948809,3.185480383701263,2.747599513490297,10.302339275579861,2.444357023606382,7.554739762089564,5.110382738483183,,TRUE
3974,TRUE,FALSE,-0.1193906726506405,1.4917756076667288,6.507673479229919,3.4847691397564464,13.4910438641412,5.01589787156319,10.006274724384754,4.990376852821564,,TRUE
3975,TRUE,FALSE,0.24853502996852161,1.1822748182688079,4.577782921134328,2.3799849605881116,11.815398122053013,3.39550810286552,9.4354131614649,6.0399050585993805,,TRUE
3976,TRUE,FALSE,0.03870124922620381,1.0721876199939666,4.219031229390955,2.3794003924411866,9.732338810984485,3.1468436093969885,7.352938418543299,4.20609480914631,,TRUE
3977,TRUE,FALSE,-0.5012029666218457,0.9394052387487962,5.247228442127,2.95541521103384,10.000594446160855,4.307823203378203,7.045179235127016,2.7373560317488126,,TRUE
3978,TRUE,FALSE,-0.04003949610300906,0.9769885192524076,4.313118406074434,2.603139522628252,11.04105146591637,3.336129886822026,8.437911943288118,5.101782056466091,,TRUE
3979,TRUE,FALSE,-0.3253031079243667,0.8312363458722337,3.849980596835074,3.7041198380150795,12.392008433584792,3.0187442509628406,8.687888595569712,5.669144344606871,,TRUE
3980,TRUE,FALSE,-0.5727493142423006,0.8211920598367645,5.664393486989376,2.9268672701250837,11.385964744367936,4.843201427152612,8.459097474242853,3.6158960470902413,,TRUE
3981,TRUE,FALSE,-0.03885206402307086,1.2609981536402182,4.6706536255495985,2.8033093003308105,9.987596568683946,3.4096554719093803,7.184287268353136,3.7746317964437552,,TRUE
3982,TRUE,FALSE,-0.2721449445480444,0.9283880664428625,5.6028681484259035,2.7125756896456084,12.470149800560266,4.674480081983041,9.757574110914657,5.083094028931616,,TRUE
3983,TRUE,FALSE,-0.0808024415777373,1.1818598812912129,4.6959270699786595,2.683054401626276,9.833152552616196,3.514067188687447,7.150098150989921,3.636030962302474,,TRUE
3984,TRUE,FALSE,0.037994863190364436,1.1879916435843116,4.689234928841573,2.646086888355375,10.849098837067796,3.501243285257262,8.20301194871242,4.701768663455159,,TRUE
3985,TRUE,FALSE,-0.2265661687882408,1.2371925689683183,5.62041362711955,3.6432874429826088,13.195564544860408,4.383221058151232,9.552277101877799,5.169056043726567,,TRUE
3986,TRUE,FALSE,0.11722305086646187,1.119728880688408,3.6770643763344326,3.0767475487953613,11.360293214195128,2.557335495646025,8.283545665399767,5.726210169753743,,TRUE
3987,TRUE,FALSE,-0.42545921535644177,0.748604233269713,4.364852027642006,2.7346328860631215,10.419375492298597,3.616247794372293,7.684742606235476,4.068494811863183,,TRUE
3988,TRUE,FALSE,-0.2875518200474822,1.444152530429241,6.678368829060893,2.8886977643860665,10.020220336121454,5.234216298631652,7.131522571735388,1.8973062731037365,,TRUE
3989,TRUE,FALSE,-0.155188363329173,0.8000445921317331,3.85790398263461,2.9993361461819377,12.384113170647227,3.057859390502877,9.38477702446529,6.326917633962413,,TRUE
3990,TRUE,FALSE,-0.008579066470782501,0.870243352601359,3.3184786238372204,2.237905224526597,8.460853178997148,2.4482352712358613,6.222947954470551,3.77471268323469,,TRUE
3991,TRUE,FALSE,0.01779855074355187,1.0177371160668338,4.212302895114545,2.32359362519287,9.789803348743009,3.1945657790477116,7.466209723550138,4.271643944502427,,TRUE
3992,TRUE,FALSE,0.07015936428316172,0.8514783500433495,3.6515046883507383,2.3761501369533984,10.930548497037607,2.8000263383073887,8.554398360084209,5.75437202177682,,TRUE
3993,TRUE,FALSE,-0.12443096849343604,1.4404548335917249,6.257824294094534,2.379070778089421,9.126229782273947,4.817369460502809,6.747159004184526,1.9297895436817178,,TRUE
3994,TRUE,FALSE,-0.5547280132061408,0.5539102902962948,4.3890828020817665,2.611707342878142,11.883477158161215,3.835172511785472,9.271769815283072,5.4365973034976,,TRUE
3995,TRUE,FALSE,0.1086032589643485,1.7692440276824277,5.325093023886018,3.3664247954441273,11.294686309174422,3.555848996203591,7.928261513730295,4.372412517526704,,TRUE
3996,TRUE,FALSE,-0.14847770245700756,0.7254349843614475,3.3517140817093094,2.479984483245071,9.877212217463505,2.626279097347862,7.3972277342184345,4.770948636870573,,TRUE
3997,TRUE,FALSE,0.052785192577927395,1.5287464570379465,6.174328529012953,2.8173335539949678,11.995458596733455,4.6455820719750065,9.178125042738486,4.53254297076348,,TRUE
3998,TRUE,FALSE,-0.09997456645916032,2.0896828428906304,8.79835912232228,2.5656793762969623,9.77474166337984,6.70867627943165,7.209062287082878,0.5003860076512279,,TRUE
3999,TRUE,FALSE,0.3419507533316149,0.7889311443216991,2.8698306621537486,1.654140325010042,8.470262017188338,2.0808995178320497,6.816121692178296,4.735222174346246,,TRUE
4000,TRUE,FALSE,-0.1943110195371693,0.9820106578808985,5.54120122418056,3.134036033853238,14.561412409670831,4.559190566299662,11.427376375817593,6.8681858095179305,,TRUE
4001,TRUE,FALSE,-0.4852813290581438,0.8112717046372956,5.585171680264753,3.4460109333356588,14.60265571034823,4.773899975627457,11.156644777012572,6.3827448013851145,,TRUE
4002,TRUE,FALSE,0.26462292188758596,1.5088028297049962,5.126943773143807,2.1948365360499493,9.717454603971303,3.61814094343881,7.5226180679213535,3.9044771244825434,,TRUE
4003,TRUE,FALSE,-0.4632622554912692,0.812494453885526,4.63861399852837,2.774956767993734,9.968545819067716,3.8261195446428435,7.193589051073982,3.367469506431138,,TRUE
4004,TRUE,FALSE,-0.81942962706406,0.6797314946265727,5.824053980196127,2.6367143119067853,9.955826276250978,5.144322485569554,7.319111964344192,2.1747894787746382,,TRUE
4005,TRUE,FALSE,-0.4920985429960853,0.9752299415112939,6.0431750532041075,3.1667079810337713,11.99638742721438,5.067945111692813,8.82967944618061,3.7617343344877963,,TRUE
4006,TRUE,FALSE,-0.5746057253538559,1.04690899705233,6.582589632569693,2.808834649463177,9.941820723499779,5.535680635517363,7.132986074036602,1.5973054385192382,,TRUE
4007,TRUE,FALSE,-0.08796979308560908,0.9440412331345762,4.15081074163035,2.350496852192911,9.464481935485393,3.206769508495774,7.113985083292482,3.907215574796708,,TRUE
4008,TRUE,FALSE,-0.14266525367338692,0.7533751270201956,3.1130565038716274,3.0030555968457042,10.759209545652748,2.359681376851432,7.756153948807044,5.396472571955612,,TRUE
4009,TRUE,FALSE,-0.010041312544871391,0.8527871125717478,4.35878571615323,2.1376789636148215,10.816991470636843,3.5059986035814825,8.679312507022022,5.1733139034405395,,TRUE
4010,TRUE,FALSE,0.030537219658261217,0.9733546931347639,3.6699619932986143,2.728040335540674,10.604821740563942,2.6966073001638504,7.876781405023268,5.180174104859417,,TRUE
4011,TRUE,FALSE,-0.3522338643148795,0.7936076595346497,3.941228053987863,2.3043563738077606,8.046409585319845,3.147620394453213,5.742053211512085,2.5944328170588715,,TRUE
4012,TRUE,FALSE,0.06498545430982121,1.6522589724073367,5.255231536040181,2.866740920194023,9.730272565335728,3.6029725636328447,6.863531645141705,3.2605590815088608,,TRUE
4013,TRUE,FALSE,-0.1406532803358239,1.2702602421784344,5.808745674853618,2.930200727922992,11.64131618723915,4.538485432675184,8.711115459316158,4.172630026640974,,TRUE
4014,TRUE,FALSE,-0.14696732818773073,1.2012301683811293,5.397227478120632,2.989833627184097,11.597500889167945,4.195997309739503,8.607667261983847,4.4116699522443446,,TRUE
4015,TRUE,FALSE,-0.13128924480584098,0.8606602337629503,4.757258951088769,2.179026302952183,10.562563500634521,3.8965987173258183,8.383537197682339,4.48693848035652,,TRUE
4016,TRUE,FALSE,-0.489144952002363,0.6967813629544328,3.6059734160920587,3.2168600752969674,10.207636870643242,2.909192053137626,6.9907767953462745,4.081584742208649,,TRUE
4017,TRUE,FALSE,-0.007739967239338401,1.3119332788797935,5.841975905599535,2.6418409857181833,11.673289636313958,4.530042626719741,9.031448650595776,4.501406023876035,,TRUE
4018,TRUE,FALSE,-0.15861892140526862,1.1565108998606193,4.93188652753253,3.19464068096454,11.625135964868152,3.775375627671911,8.430495283903612,4.655119656231701,,TRUE
4019,TRUE,FALSE,-0.602828771759559,0.8189240939891949,6.011138847886638,2.7979760211103675,11.239626764952355,5.192214753897443,8.441650743841988,3.249435989944545,,TRUE
4020,TRUE,FALSE,-0.0015071044654837225,1.6208622693753807,6.883608095814819,3.2665144273193216,13.851604328211996,5.2627458264394384,10.585089900892674,5.322344074453236,,TRUE
4021,TRUE,FALSE,0.2938248753324367,1.0726676119652883,4.220588589746168,2.418805321303236,12.767777039714266,3.1479209777808794,10.34897171841103,7.201050740630151,,TRUE
4022,TRUE,FALSE,0.4329402330161179,1.485842503614593,3.4649792627426628,2.7284419837529157,9.809935232324975,1.9791367591280697,7.081493248572059,5.10235648944399,,TRUE
4023,TRUE,FALSE,-0.46371570286625874,0.8463649927072407,6.354646337933443,2.60077060008598,12.281363047979944,5.508281345226202,9.680592447893964,4.172311102667763,,TRUE
4024,TRUE,FALSE,-0.7796553550315729,0.6935437820078626,6.977817745618115,2.4867018051392193,11.472800206536453,6.284273963610252,8.986098401397234,2.701824437786982,,TRUE
4025,TRUE,FALSE,-0.07461250629870465,1.6464050091300364,6.752434701422958,2.482952745748404,9.451230802946256,5.106029692292921,6.9682780571978515,1.8622483649049304,,TRUE
4026,TRUE,FALSE,0.13042935510174766,1.3345872882449703,3.8722109080520237,2.7399618953479177,9.057352962843375,2.5376236198070536,6.317391067495457,3.7797674476884033,,TRUE
4027,TRUE,FALSE,0.054303095717454515,1.1602266031295712,4.397234492163549,3.316004379723465,13.26891576157147,3.237007889033978,9.952911381848006,6.715903492814028,,TRUE
4028,TRUE,FALSE,-0.3510310380937481,1.4780775505701178,7.506522041689763,2.2957299077228717,8.207511360545787,6.028444491119645,5.911781452822916,-0.1166630382967293,,TRUE
4029,TRUE,FALSE,-0.11728620585397073,1.148590633331988,5.9946231422871925,2.6440913934131327,12.272592840257111,4.846032508955204,9.628501446843979,4.782468937888774,,TRUE
4030,TRUE,FALSE,-0.3794901925578519,0.8623586241424485,4.581534249955769,2.816145279225166,10.236879365408313,3.719175625813321,7.420734086183147,3.701558460369826,,TRUE
4031,TRUE,FALSE,-0.48216780583185,0.8075232379677986,4.7585892605261595,3.3390814206728736,12.14919164973571,3.951066022558361,8.810110229062836,4.859044206504475,,TRUE
4032,TRUE,FALSE,-0.22564853929080714,1.0590661345091932,4.994657750139806,2.902725746544792,10.924227679094052,3.935591615630613,8.02150193254926,4.085910316918646,,TRUE
4033,TRUE,FALSE,-0.43525193754325525,0.9370931646832045,6.087984452387328,2.5631658850428676,10.775562841340248,5.150891287704123,8.21239695629738,3.0615056685932576,,TRUE
4034,TRUE,FALSE,-0.3882660070808086,1.3202012727989736,7.601653621382492,2.6103110126028866,10.193853800449286,6.281452348583518,7.583542787846399,1.302090439262881,,TRUE
4035,TRUE,FALSE,0.3771724255681074,1.5397784316984573,3.9865688603800185,2.761432463488233,10.425079304675174,2.4467904286815614,7.663646841186941,5.21685641250538,,TRUE
4036,TRUE,FALSE,-0.269913661246476,1.0883681688214735,4.931710881676086,2.8870002330643048,9.987265197553638,3.8433427128546125,7.100264964489334,3.2569222516347214,,TRUE
4037,TRUE,FALSE,-0.0872817040470008,1.8602518102259018,9.212940475635156,2.0466859882529866,9.28906032575415,7.352688665409254,7.242374337501163,-0.1103143279080907,,TRUE
4038,TRUE,FALSE,-0.3035474920687616,0.9059043839546169,5.0865477789538245,2.5701656286897094,10.653023314867827,4.1806433949992075,8.082857686178118,3.90221429117891,,TRUE
4039,TRUE,FALSE,-0.39542813458046144,1.0877698987520388,5.7925278452459414,3.3156678270996944,11.889671396904143,4.704757946493903,8.574003569804448,3.8692456233105457,,TRUE
4040,TRUE,FALSE,-0.32702993953941384,1.5499643896820459,7.247254394640489,3.2498935468277135,10.95704948964021,5.697290004958443,7.707155942812497,2.0098659378540535,,TRUE
4041,TRUE,FALSE,0.10575724708272259,2.06443481388892,8.63706633020637,2.625533842478162,12.209910767892783,6.57263151631745,9.58437692541462,3.0117454090971707,,TRUE
4042,TRUE,FALSE,-0.6243911408757662,0.8466389169488852,6.043783579808582,3.3606027734108737,12.848671664886318,5.197144662859697,9.488068891475445,4.290924228615748,,TRUE
4043,TRUE,FALSE,0.1292963965405267,0.922367984901232,4.065848105885774,2.469751187683941,12.389473302543236,3.1434801209845418,9.919722114859294,6.776241993874752,,TRUE
4044,TRUE,FALSE,0.19550270801150438,1.267268277418727,4.683061013924992,2.253087124008229,10.123833299741321,3.4157927365062655,7.8707461757330925,4.454953439226827,,TRUE
4045,TRUE,FALSE,-0.4318982873648762,1.055070547673864,5.3654573036655755,2.5693253639275833,8.483465629442128,4.310386755991711,5.914140265514544,1.603753509522833,,TRUE
4046,TRUE,FALSE,0.00254367017475761,1.6982910715428492,6.891594995090887,2.7491776027270953,11.184462547385726,5.193303923548037,8.43528494465863,3.2419810211105924,,TRUE
4047,TRUE,TRUE,0.06804247682410539,1.2775178950011512,4.374368353829659,3.5747948089100965,13.1023727204715,3.0968504588285084,9.527577911561403,6.430727452732895,,TRUE
4048,TRUE,FALSE,-0.2016262928718227,1.251038235808161,5.584710568147281,2.6147046045063242,9.540860200959019,4.33367233233912,6.926155596452695,2.592483264113575,,TRUE
4049,TRUE,FALSE,0.06919084997744486,1.479631214953273,6.002118141328469,2.3702528058965444,10.30374087901748,4.522486926375196,7.933488073120936,3.4110011467457397,,TRUE
4050,TRUE,FALSE,-0.5277709735147383,0.5832250064709541,3.9944948092995176,2.2599058392574176,9.130783541887533,3.4112698028285635,6.870877702630116,3.4596078998015525,,TRUE
4051,TRUE,FALSE,0.08002937888512202,1.0198383678173286,3.8880375069454045,2.2438238040661327,9.267106791257541,2.868199139128076,7.023282987191409,4.155083848063333,,TRUE
4052,TRUE,FALSE,0.5273801868832597,1.399505890640588,3.9701609821026245,3.091198523954266,14.859308128371996,2.5706550914620365,11.768109604417731,9.197454512955694,,TRUE
4053,TRUE,FALSE,-0.04592651004949166,1.2383148211277801,4.574138917837761,2.3825445409304495,8.40569596898485,3.335824096709981,6.023151428054399,2.6873273313444184,,TRUE
4054,TRUE,FALSE,-0.31846914916122493,0.8755188648926028,5.728012837160126,2.8491723354009793,13.556506885542202,4.852493972267523,10.707334550141223,5.854840577873699,,TRUE
4055,TRUE,TRUE,-0.3718008924526893,1.11531187214276,5.1516914306293184,2.5499956924944076,8.121231454429179,4.0363795584865585,5.571235761934771,1.5348562034482125,,TRUE
4056,TRUE,FALSE,-0.4692118245546651,0.8195013557842528,5.045923841697179,2.501998445273137,9.636114332177122,4.226422485912926,7.134115886903985,2.907693400991059,,TRUE
4057,TRUE,FALSE,-0.12045577021432333,1.056796984543667,4.396576875452631,2.8414218286083175,10.479620170924134,3.3397798909089635,7.638198342315817,4.298418451406853,,TRUE
4058,TRUE,FALSE,-0.9298877354600088,0.6107920047848424,4.567925604836914,3.405072392401796,10.048631399361257,3.9571336000520714,6.643559006959461,2.68642540690739,,TRUE
4059,TRUE,FALSE,0.2424886548152836,1.9154491877059665,5.878227764974843,2.2988818065453276,8.99091521103519,3.962778577268877,6.692033404489862,2.7292548272209856,,TRUE
4060,TRUE,FALSE,-0.12119952079743761,0.7035504243895758,3.5152103732747815,2.2429144621579873,9.927331399574122,2.8116599488852057,7.684416937416135,4.872756988530929,,TRUE
4061,TRUE,FALSE,-0.26970622030073854,1.3087747031461254,6.205271656832827,3.8235551591691173,13.843035844527892,4.896496953686702,10.019480685358774,5.122983731672072,,TRUE
4062,TRUE,FALSE,-0.3594805770347575,1.3602694278014344,6.25607290901275,3.419320564234701,10.977318148740569,4.895803481211315,7.557997584505868,2.662194103294553,,TRUE
4063,TRUE,FALSE,-0.4228461564975523,0.7735395249771726,5.178491901854491,2.41666651474812,10.599802273336111,4.4049523768773184,8.18313575858799,3.7781833817106723,,TRUE
4064,TRUE,FALSE,0.004613406939778203,1.0628806224439575,5.1660014232694165,2.0499921179348073,10.009809225948658,4.103120800825459,7.9598171080138505,3.8566963071883915,,TRUE
4065,TRUE,FALSE,-0.7351778157653237,0.5122398925079089,3.678098408432391,2.2724372184276302,7.822726958370399,3.165858515924482,5.5502897399427695,2.3844312240182877,,TRUE
4066,TRUE,FALSE,-0.1084691319676544,1.1425064559623455,5.770726923200167,2.0564327942193974,9.319204377223711,4.6282204672378215,7.262771583004314,2.6345511157664925,,TRUE
4067,TRUE,FALSE,-0.2010404709179583,1.1722667234768416,6.259649957833244,3.5273248666235104,15.404879437527947,5.087383234356403,11.877554570904437,6.790171336548034,,TRUE
4068,TRUE,FALSE,-0.29998722214988155,1.0403133942822456,5.718807240171141,2.9917671741835377,12.183898312919665,4.678493845888895,9.192131138736126,4.513637292847231,,TRUE
4069,TRUE,FALSE,-0.18998779445045744,1.2009133342635618,5.66220973861078,2.2685732753660464,8.845379005788587,4.461296404347219,6.5768057304225405,2.1155093260753217,,TRUE
4070,TRUE,FALSE,-0.05497797933741648,0.8125823830746697,3.3205325197734634,2.645072833883756,10.230605480705636,2.5079501366987937,7.58553264682188,5.0775825101230865,,TRUE
4071,TRUE,FALSE,0.004568172506416045,0.9955724998507518,4.340533929221323,2.261094079117001,9.90313794163426,3.3449614293705707,7.642043862517259,4.297082433146688,,TRUE
4072,TRUE,FALSE,-0.08585774052682968,1.391104749008548,6.143702203737546,2.5941488800016828,10.514234944347827,4.752597454728998,7.920086064346144,3.1674886096171457,,TRUE
4073,TRUE,FALSE,0.11523287253271186,0.9103975637828428,2.9403200453307354,2.3365923664555948,8.468207126352922,2.0299224815478927,6.131614759897328,4.101692278349436,,TRUE
4074,TRUE,FALSE,-0.4692814386914938,0.9476798089661105,6.236129307224581,2.744712287037704,11.296501679815794,5.288449498258471,8.55178939277809,3.2633398945196195,,TRUE
4075,TRUE,FALSE,-0.7314941019648739,1.012054141749265,6.351784962817851,3.1680330064985185,9.567487113140649,5.339730821068586,6.39945410664213,1.0597232855735443,,TRUE
4076,TRUE,FALSE,-0.19274149903971532,1.409540689915851,5.464953587754947,3.049780484334077,9.751487584195207,4.055412897839096,6.70170709986113,2.646294202022034,,TRUE
4077,TRUE,FALSE,-0.6319692310578304,0.6731731394699099,5.303342567836806,2.1738657038367886,9.103216331985875,4.630169428366896,6.929350628149086,2.29918119978219,,TRUE
4078,TRUE,FALSE,-0.2624481154142751,1.3413044233642908,7.451762140038223,2.9912908010117336,12.78234379151788,6.110457716673933,9.791052990506145,3.6805952738322123,,TRUE
4079,TRUE,FALSE,0.12503499611366586,1.5724437759459717,5.63322983568768,2.461365248802911,9.992183902653405,4.060786059741709,7.530818653850494,3.470032594108785,,TRUE
4080,TRUE,FALSE,-0.1379204087375732,1.9205877499308757,8.014700584949342,2.7739297838165884,10.084411040632734,6.094112835018466,7.3104812568161455,1.2163684217976796,,TRUE
4081,TRUE,FALSE,-0.003934190530207137,0.9815615346856189,3.9006013698336277,2.2438410995426064,8.881729439176315,2.9190398351480087,6.637888339633708,3.7188485044856994,,TRUE
4082,TRUE,FALSE,-0.15267949845618353,0.6975127108837932,3.6527382100361914,3.273351756790413,14.714694000653221,2.955225499152398,11.441342243862808,8.48611674471041,,TRUE
4083,TRUE,FALSE,-0.25720587198698647,1.5048413299130678,6.347073053962038,2.703460587114162,8.816571587245647,4.84223172404897,6.113111000131486,1.2708792760825158,,TRUE
4084,TRUE,FALSE,-0.43915329274494797,0.7247562966053515,3.972488645087263,2.8473199393006103,10.059701288387886,3.2477323484819114,7.212381349087276,3.9646490006053647,,TRUE
4085,TRUE,FALSE,0.1325166975141589,1.6299261598643922,5.70494652187845,2.6354300126117165,10.531407206963394,4.075020362014058,7.895977194351677,3.820956832337619,,TRUE
4086,TRUE,FALSE,-0.33809132354064847,0.7637119106954701,4.3261584649284774,2.7544738591602194,11.127057146070495,3.5624465542330075,8.372583286910276,4.810136732677268,,TRUE
4087,TRUE,FALSE,-0.10316111402090222,1.0490583556299553,4.13660931085895,2.6689127176811276,9.492419580626787,3.087550955228995,6.82350686294566,3.735955907716665,,TRUE
4088,TRUE,FALSE,-0.24715327125055733,0.8574267372083336,3.7533010700451386,2.677562318564565,9.154163527125597,2.895874332836805,6.476601208561032,3.580726875724227,,TRUE
4089,TRUE,FALSE,-0.435234341516163,0.5050803019671652,3.3158991266086795,2.099926190070117,8.921236161959966,2.8108188246415144,6.821309971889849,4.0104911472483344,,TRUE
4090,TRUE,FALSE,0.4347227523118754,1.2393462746628046,4.256091258916355,2.0715365091456,10.987744448827602,3.01674498425355,8.916207939682002,5.899462955428452,,TRUE
4091,TRUE,FALSE,-0.6556022991040034,1.1370124573204436,6.62445714595714,2.7724322414992124,8.385356901172075,5.487444688636696,5.6129246596728635,0.12547997103616737,,TRUE
4092,TRUE,FALSE,-0.5086636491076815,1.166996525994459,7.030375627972123,3.2749754593337523,11.86334609676687,5.863379101977664,8.588370637433117,2.7249915354554535,,TRUE
4093,TRUE,FALSE,-0.5493935767836338,0.9270627961012371,4.9534402498246815,2.475233107425689,7.635109720284265,4.026377453723445,5.159876612858576,1.1334991591351313,,TRUE
4094,TRUE,FALSE,-0.2927180616959971,1.395488452787583,7.711834510843693,2.196800265693923,9.059332250914384,6.31634605805611,6.8625319852204605,0.5461859271643501,,TRUE
4095,TRUE,FALSE,-0.1789294361529155,0.9324863541376647,4.5361505666396775,2.546760464841317,10.359171164508371,3.6036642125020126,7.812410699667055,4.208746487165042,,TRUE
4096,TRUE,FALSE,-0.2300099566593354,0.981431162654541,4.728671301560965,2.174074699549573,8.32265112337934,3.747240138906424,6.148576423829766,2.4013362849233424,,TRUE
4097,TRUE,FALSE,-0.19165626928317425,0.8847096903033832,3.739945622174513,2.6245432553888635,9.159736453439901,2.8552359318711296,6.535193198051038,3.6799572661799087,,TRUE
4098,TRUE,FALSE,-0.32748396174769706,0.97947770321393,5.598594202638266,2.9434578118160504,12.126005864170844,4.619116499424336,9.182548052354793,4.563431552930457,,TRUE
4099,TRUE,FALSE,-0.30747419246846325,1.3336260536544773,8.47586332865012,1.9418272084236154,9.07457116524197,7.142237274995644,7.132743956818355,-0.009493318177288934,,TRUE
4100,TRUE,FALSE,-0.3320306096958648,1.3238372905263351,7.286640575967813,2.196497125347254,8.67409781235529,5.962803285441478,6.477600687008037,0.5147974015665593,,TRUE
4101,TRUE,FALSE,-0.37224690011118267,0.7177502534614056,4.429243162288653,2.5526989758383194,10.856529039585732,3.7114929088272475,8.303830063747412,4.592337154920164,,TRUE
4102,TRUE,FALSE,-0.2963234750154689,0.7521815346139682,3.663293405231273,2.5877105698149827,9.370722695708478,2.9111118706173045,6.783012125893496,3.8719002552761914,,TRUE
4103,TRUE,FALSE,-0.1033864033518021,1.1303299180096484,5.051037337447763,2.697502191217488,10.87018705883186,3.9207074194381146,8.172684867614372,4.251977448176257,,TRUE
4104,TRUE,FALSE,-0.5093887554110911,0.9660333677530216,5.156677490569203,3.142127649174142,10.07806004661574,4.190644122816182,6.935932397441597,2.7452882746254152,,TRUE
4105,TRUE,FALSE,-0.31127294939669514,1.1189377942365426,6.323672846228774,2.2298591969826442,9.23117038119542,5.204735051992232,7.001311184212776,1.7965761322205438,,TRUE
4106,TRUE,FALSE,-0.053528773509557905,1.5699668793367363,5.779181085701931,3.5556937278512524,12.4066036212267,4.2092142063651945,8.850909893375448,4.6416956870102535,,TRUE
4107,TRUE,FALSE,-0.5635368855535479,0.9825995808667891,5.338660144315701,2.54123897440811,7.858872589763627,4.356060563448912,5.317633615355517,0.9615730519066048,,TRUE
4108,TRUE,FALSE,-0.29957101775384914,1.4361356643427001,7.823933617855565,2.7152313826087866,10.963128239746055,6.387797953512865,8.247896857137269,1.8600989036244036,,TRUE
4109,TRUE,FALSE,-0.7934946377286746,0.64677560437563,4.494372419473361,2.379198762269941,7.47714510650082,3.8475968150977313,5.097946344230879,1.2503495291331475,,TRUE
4110,TRUE,FALSE,-0.39018385534578287,1.0293264863648655,5.458189501041054,3.0851579216837655,11.074347977131925,4.428863014676189,7.98919005544816,3.5603270407719707,,TRUE
4111,TRUE,FALSE,-0.1972558022256902,1.7517300830897051,7.788011659721421,2.5390804000168212,9.2676313782699,6.0362815766317155,6.728550978253079,0.6922694016213633,,TRUE
4112,TRUE,FALSE,-0.1986025045763389,1.315491418640127,6.430345008638066,2.6688333481685733,10.695860728115038,5.1148535899979395,8.027027379946464,2.9121737899485245,,TRUE
4113,TRUE,FALSE,0.17727601043359142,1.077899284425301,3.666894629604997,1.9336365842134124,7.853895061271969,2.588995345179696,5.920258477058557,3.3312631318788606,,TRUE
4114,TRUE,FALSE,0.13382168195408553,1.520478271071975,6.032998329621536,2.5325584781641886,11.487631273309972,4.512520058549561,8.955072795145783,4.442552736596222,,TRUE
4115,TRUE,FALSE,-0.12612317434919476,1.8276965174467452,8.283933627021918,2.849259247934373,11.383869122544047,6.456237109575173,8.534609874609673,2.0783727650345005,,TRUE
4116,TRUE,FALSE,-0.2254163451411709,1.5447222883502498,7.371889223521787,3.3349875989555993,12.703562719978347,5.827166935171538,9.368575121022747,3.5414081858512096,,TRUE
4117,TRUE,FALSE,-0.6828430213405535,0.8181072065631015,5.24020460228847,3.3934463856603183,10.980549188261364,4.422097395725369,7.587102802601045,3.165005406875676,,TRUE
4118,TRUE,FALSE,-0.00943984946621091,0.6841099598776165,2.620677430727776,2.4951959596398567,9.468749761431383,1.9365674708501595,6.973553801791526,5.036986330941367,,TRUE
4119,TRUE,FALSE,0.04771835572226155,0.9909742633780769,4.591427726133457,2.608987788939881,12.678890231467633,3.6004534627553797,10.069902442527752,6.469448979772372,,TRUE
4120,TRUE,FALSE,0.1874236777771771,1.0491680666940328,3.7832238171627597,2.756788954207773,11.989955204558687,2.734055750468727,9.233166250350914,6.499110499882187,,TRUE
4121,TRUE,TRUE,-0.3995288134988591,0.9759449776755547,5.363796922678109,2.550573183220245,9.400947415054615,4.387851945002554,6.85037423183437,2.462522286831816,,TRUE
4122,TRUE,FALSE,-0.3020708114846625,0.7261782343641047,3.6823793368800017,2.307000131537909,8.64858842113754,2.956201102515897,6.34158828959963,3.385387187083733,,TRUE
4123,TRUE,TRUE,0.39240393391596035,1.208652576878513,3.8572393641064493,1.7665325787246866,8.346715721743541,2.648586787227936,6.580183143018854,3.9315963557909184,,TRUE
4124,TRUE,FALSE,-0.16420936519955445,1.4288027748039007,6.649889716419405,2.1944842513590443,8.666812584195673,5.2210869416155035,6.472328332836629,1.251241391221125,,TRUE
4125,TRUE,FALSE,0.32898422859981485,1.6920291853903529,5.45660811283029,2.32602893716589,10.42331980839717,3.7645789274399375,8.09729087123128,4.332711943791343,,TRUE
4126,TRUE,FALSE,-0.07237105533613616,1.6277405881895812,6.300505286159468,2.9810644806524897,10.733249067354787,4.672764697969887,7.752184586702297,3.07941988873241,,TRUE
4127,TRUE,FALSE,0.08922205326126008,1.065136288564508,3.878455221614405,2.66862733384835,10.624051714664079,2.8133189330498967,7.955424380815728,5.1421054477658314,,TRUE
4128,TRUE,FALSE,-0.6992987160403366,1.1559317713779684,7.3249796548653565,2.5574444520365627,8.053392354276111,6.169047883487388,5.495947902239548,-0.67309998124784,,TRUE
4129,TRUE,FALSE,-0.576035968803949,1.1335563911198918,7.915739453357077,2.5083955524605237,9.84634708230972,6.782183062237185,7.337951529849196,0.5557684676120109,,TRUE
4130,TRUE,TRUE,-0.7084951331020125,0.6631953282579851,4.925149850404716,2.4868182963072956,9.09340465639908,4.2619545221467305,6.606586360091785,2.3446318379450544,,TRUE
4131,TRUE,FALSE,-0.08749989173366321,1.481530655156328,6.765170506745208,2.671431006725758,11.176642174533457,5.28363985158888,8.5052111678077,3.221571316218819,,TRUE
4132,TRUE,FALSE,0.09853332233603883,1.5375329407405538,5.054214747860142,2.839060415676968,10.299031210865834,3.5166818071195882,7.459970795188866,3.943288988069278,,TRUE
4133,TRUE,FALSE,0.019077558407657177,1.2033529709896917,4.4161658279532,2.471590027251198,9.245151894681943,3.2128128569635077,6.773561867430745,3.5607490104672372,,TRUE
4134,TRUE,FALSE,-0.185689078596886,1.2878253305255067,4.735107192141236,3.9169342538925656,11.961217610421986,3.4472818616157297,8.044283356529421,4.597001494913691,,TRUE
4135,TRUE,FALSE,-0.1475414943907593,1.571998452607585,6.855519131162078,2.3947281449774893,9.010896357450575,5.283520678554493,6.616168212473085,1.3326475339185926,,TRUE
4136,TRUE,FALSE,-0.5360083862592997,1.0778349193132286,6.033969245588099,2.671547321443419,8.750406519123407,4.956134326274871,6.078859197679988,1.1227248714051177,,TRUE
4137,TRUE,FALSE,0.20633124680534018,1.5894561440142105,6.179493765007601,2.3811335376990628,11.378804160115381,4.590037620993391,8.997670622416319,4.407633001422928,,TRUE
4138,TRUE,FALSE,-0.30524718547983565,0.876878176456045,4.720944465426369,1.9087290360040297,7.572978815497238,3.844066288970324,5.664249779493208,1.8201834905228838,,TRUE
4139,TRUE,FALSE,0.2795098869631223,1.7308036736050754,5.568317942991249,2.4877942813106566,10.584742161540062,3.8375142693861735,8.096947880229404,4.259433610843231,,TRUE
4140,TRUE,FALSE,-0.06457594041910286,1.0344165534560814,4.572603395378381,2.6509856744056166,10.985769409266176,3.5381868419222995,8.33478373486056,4.79659689293826,,TRUE
4141,TRUE,FALSE,-0.804237086748144,0.7375859982706304,5.86529405278783,2.554906384932264,9.090261755470294,5.127708054517199,6.53535537053803,1.4076473160208307,,TRUE
4142,TRUE,FALSE,-0.05666728449455489,1.598888989302811,6.709468687724498,3.4246030141575887,13.579061782360633,5.110579698421687,10.154458768203044,5.043879069781357,,TRUE
4143,TRUE,FALSE,-0.18638686965677514,0.8651239281185392,4.5290823602405705,2.0678967403321633,8.984914603991072,3.6639584321220315,6.917017863658909,3.2530594315368777,,TRUE
4144,TRUE,FALSE,-0.11273396301262568,1.5272655729346558,5.266283942159124,2.615042116787851,8.055799690909529,3.7390183692244676,5.440757574121678,1.7017392048972102,,TRUE
4145,TRUE,FALSE,-0.6897896340852433,0.8827840367291331,6.020966452655971,2.8225614544836506,9.657913487768859,5.138182415926838,6.835352033285208,1.6971696173583695,,TRUE
4146,TRUE,FALSE,-0.08490054614201806,1.1149214545985227,4.867840348284344,3.436094814502604,13.781146636813272,3.752918893685821,10.345051822310669,6.592132928624848,,TRUE
4147,TRUE,FALSE,-0.22789186550427976,1.2841608372246631,6.8070278872736445,2.4166856918938824,10.199669506294931,5.522867050048982,7.7829838144010495,2.260116764352068,,TRUE
4148,TRUE,FALSE,0.15156037873750647,0.9733209292806178,3.217400702361159,2.815900305841866,10.831489956043306,2.244079773080541,8.01558965020144,5.771509877120899,,TRUE
4149,TRUE,FALSE,-0.35928831163784275,1.0207097302841348,6.166589150819698,2.905858425078261,12.256889757213504,5.145879420535564,9.351031332135243,4.205151911599679,,TRUE
4150,TRUE,FALSE,-0.5621601586452987,0.7645644989469077,5.870321194942524,2.523518670258737,11.043613606869467,5.105756695995616,8.52009493661073,3.4143382406151144,,TRUE
4151,TRUE,FALSE,-0.14968089212146404,0.6964867765992185,3.9686300227267735,1.7864302744400504,8.764118129653633,3.272143246127555,6.977687855213583,3.705544609086028,,TRUE
4152,TRUE,FALSE,-0.02547610518425913,0.8302599679788654,3.335039011247146,2.6489309307103737,10.372735950545714,2.5047790432682806,7.72380501983534,5.2190259765670595,,TRUE
4153,TRUE,FALSE,0.009062820247775456,0.9847383559751135,3.6834449686669175,3.3113416743996344,12.498942188726717,2.698706612691804,9.187600514327084,6.488893901635279,,TRUE
4154,TRUE,FALSE,-0.3586315277264573,0.7217084494993826,4.275972313716906,2.60848389820104,10.797160603151534,3.5542638642175235,8.188676704950494,4.6344128407329706,,TRUE
4155,TRUE,FALSE,0.09272342034553194,1.131655892265341,3.519184796921085,3.5625588777093347,12.155113098490277,2.387528904655744,8.592554220780944,6.2050253161252,,TRUE
4156,TRUE,FALSE,0.031776926001000565,1.0956760311828482,4.171549730346111,2.4899610075879237,9.786070809643217,3.075873699163263,7.296109802055293,4.22023610289203,,TRUE
4157,TRUE,FALSE,-0.40438185599320536,1.3279141612586793,7.308987315352587,2.7202565439987065,9.992548409433418,5.981073154093908,7.2722918654347115,1.2912187113408038,,TRUE
4158,TRUE,FALSE,-0.2345730822157543,1.065719516655839,5.071518140449462,2.147949493039923,8.084354219209327,4.005798623793623,5.936404726169404,1.9306061023757808,,TRUE
4159,TRUE,FALSE,-0.06975311025085904,1.2387862296850174,5.86727418777761,2.590215504674304,11.441488349628822,4.628487958092592,8.851272844954519,4.222784886861927,,TRUE
4160,TRUE,FALSE,0.053322580293873434,1.336249210818719,4.170779548393141,3.321145337233789,10.933906536443915,2.834530337574422,7.6127611992101265,4.778230861635704,,TRUE
4161,TRUE,FALSE,0.38209040353503315,0.8556875096202043,2.849016885869543,2.910363941972583,14.199298381857123,1.9933293762493385,11.288934439884539,9.2956050636352,,TRUE
4162,TRUE,FALSE,-0.4846051068807508,0.8292555720207376,4.388920749267466,3.032053927524636,9.88427768931471,3.559665177246728,6.852223761790073,3.2925585845433454,,TRUE
4163,TRUE,FALSE,-0.29353108365431774,0.9324247692646556,3.7029277549209634,3.2823003266738633,9.719206807867632,2.7705029856563077,6.436906481193769,3.666403495537461,,TRUE
4164,TRUE,FALSE,-0.4591062555569266,0.5174745464738219,3.454661469021447,2.071317399870031,8.73727175237634,2.9371869225476255,6.66595435250631,3.728767429958684,,TRUE
4165,TRUE,FALSE,-0.7632990535650808,0.548291954816998,4.404591738642996,3.54061943591663,13.257952798022558,3.856299783825998,9.717333362105927,5.86103357827993,,TRUE
4166,TRUE,FALSE,0.028354556634860296,1.1041167216102594,3.7456386926525114,2.9062524169849087,10.142813834499082,2.641521971042252,7.236561417514173,4.595039446471921,,TRUE
4167,TRUE,FALSE,-0.2773815627222048,1.6708610574055567,7.334923194579443,2.6618268631759645,8.854616475561341,5.664062137173886,6.192789612385377,0.5287274752114914,,TRUE
4168,TRUE,FALSE,0.008017788335217668,1.1274377186389235,4.778365176124911,2.416471170376002,10.324058956583478,3.6509274574859876,7.907587786207476,4.256660328721489,,TRUE
4169,TRUE,FALSE,-0.20312167710597073,1.3465995260312402,5.175871395598646,3.0734968845719477,9.641912220381261,3.829271869567406,6.568415335809314,2.7391434662419076,,TRUE
4170,TRUE,FALSE,-0.2590690287117451,1.6384929678314935,8.273835009914674,3.1341792742626806,12.214448403002024,6.63534204208318,9.080269128739342,2.444927086656162,,TRUE
4171,TRUE,FALSE,-0.34069296837062113,1.0717162660742936,6.281754096396413,2.9963858598421167,12.492166731662772,5.210037830322119,9.495780871820656,4.285743041498537,,TRUE
4172,TRUE,FALSE,-0.8856811026012187,0.8812566195212262,7.278598309149365,2.314971041644138,7.885777282656818,6.397341689628139,5.57080624101268,-0.8265354486154592,,TRUE
4173,TRUE,FALSE,-0.1947648621993247,0.702402654120563,3.3433189775409624,3.3781755027868634,13.23392206988757,2.6409163234203996,9.855746567100706,7.214830243680306,,TRUE
4174,TRUE,FALSE,0.012119270642687056,1.3695272862467098,5.135284275541908,2.186981084389097,8.300459972582065,3.7657569892951983,6.113478888192968,2.3477218988977695,,TRUE
4175,TRUE,FALSE,-0.2573691558639266,0.8708261097203508,4.398881689857228,2.825032855058751,11.032154581228093,3.528055580136877,8.207121726169342,4.679066146032465,,TRUE
4176,TRUE,FALSE,-0.4246804002435617,0.9087774611419918,4.306523341694388,2.8453895141927545,8.818092097553528,3.397745880552396,5.972702583360773,2.574956702808377,,TRUE
4177,TRUE,FALSE,-0.3082932482879041,0.6222794581254772,3.8842484918645557,2.209330533960257,10.131929964557006,3.2619690337390783,7.922599430596749,4.6606303968576714,,TRUE
4178,TRUE,FALSE,-0.5047072553865869,1.077318499236229,7.751425492660116,3.2773216142324135,14.23524498694759,6.674106993423886,10.957923372715177,4.283816379291291,,TRUE
4179,TRUE,FALSE,-0.16313085817168752,0.7952664505870636,3.9410461166266373,3.4111404411264004,14.359906893157078,3.145779666039574,10.948766452030677,7.802986785991103,,TRUE
4180,TRUE,FALSE,0.2786031455215869,0.7599636981358268,2.5431379564682017,2.869427385350952,12.68726817869824,1.7831742583323749,9.817840793347287,8.034666535014912,,TRUE
4181,TRUE,FALSE,-0.10068323965843107,1.1921996306663798,4.848899595400958,2.899664671155456,10.663893774123231,3.656699964734578,7.764229102967775,4.107529138233197,,TRUE
4182,TRUE,FALSE,-0.42463835440113407,0.945776646802091,4.347364080096691,3.650586966225476,10.974431480704313,3.4015874332946,7.323844514478837,3.9222570811842368,,TRUE
4183,TRUE,FALSE,-0.038469828838004545,0.9110050287130926,3.3580659490047844,3.3169394905500815,11.765185019455718,2.4470609202916918,8.448245528905636,6.0011846086139435,,TRUE
4184,TRUE,FALSE,-0.09275551624863958,1.4069873948403826,5.459891938600095,3.004059098547045,10.624759397777357,4.052904543759713,7.620700299230312,3.5677957554705992,,TRUE
4185,TRUE,FALSE,-0.1497811126503082,1.2381880740570346,6.1295993192015015,2.4136324585134536,10.28649683054256,4.891411245144467,7.872864372029107,2.98145312688464,,TRUE
4186,TRUE,FALSE,-0.768978404229569,0.8031469924462802,4.591720222393334,2.92486833787053,7.750391206986196,3.7885732299470543,4.825522869115666,1.0369496391686117,,TRUE
4187,TRUE,FALSE,-0.4841392993732172,0.7207586112953595,3.874139817351739,3.1816334317247588,10.538445787088454,3.1533812060563795,7.3568123553636955,4.203431149307316,,TRUE
4188,TRUE,FALSE,-0.20776766054213286,0.8841230469983757,3.8506778618159303,2.7672496771724178,9.79130261618122,2.9665548148175547,7.0240529390088025,4.057498124191248,,TRUE
4189,TRUE,FALSE,0.2527274421076421,1.1863396875918608,4.002099680375124,2.645418882467945,11.49030150282029,2.8157599927832626,8.844882620352346,6.029122627569083,,TRUE
4190,TRUE,FALSE,-0.06811266312444217,1.1489977988984894,5.5773527091701185,2.2900704684146196,10.384289945893675,4.428354910271629,8.094219477479056,3.665864567207427,,TRUE
4191,TRUE,FALSE,0.06953582919471729,1.0365638198747815,4.482197116872829,2.9526719373150807,13.687027161141271,3.4456332969980474,10.73435522382619,7.288721926828143,,TRUE
4192,TRUE,FALSE,0.4476399731715954,1.069246918899056,2.646963166982269,2.651512548731267,10.270016648529415,1.5777162480832128,7.618504099798148,6.040787851714935,,TRUE
4193,TRUE,FALSE,-0.0069647362847383276,1.6243480484736141,6.769683209528308,3.1373846166491925,12.984710503000583,5.145335161054694,9.84732588635139,4.701990725296696,,TRUE
4194,TRUE,FALSE,0.20272640501710276,1.7846406126930476,5.432853116904967,3.7367508424977935,13.932026498313396,3.6482125042119193,10.195275655815603,6.547063151603684,,TRUE
4195,TRUE,FALSE,-0.6155404118867587,0.6503313902234215,4.321081835479011,2.633048485372055,9.453460771205751,3.6707504452555892,6.820412285833696,3.149661840578107,,TRUE
4196,TRUE,FALSE,0.15868311393613885,1.642503882985243,5.91757929966013,3.0308152257234173,12.797122953555162,4.275075416674888,9.7663077278317445,5.491232311156857,,TRUE
4197,TRUE,FALSE,0.3867583736614458,1.7695647225560414,5.671182525966696,2.386936069697665,11.261986132109405,3.9016178034106543,8.87505006241174,4.973432259001085,,TRUE
4198,TRUE,FALSE,-0.1621377869597005,1.342392674489539,5.518174624488864,3.6816533712547037,12.868953072232364,4.175781949999325,9.18729970097766,5.011517750978334,,TRUE
4199,TRUE,FALSE,-0.017080240483398214,0.9716814133677286,4.147858070806531,2.0823530372795824,8.738492111641966,3.176176657438802,6.656139074362383,3.4799624169235814,,TRUE
4200,TRUE,FALSE,-0.1176998097004194,1.0623811298349095,5.835584005295199,2.2751827172448253,11.109739592102057,4.7732028754602895,8.834556874857231,4.061353999396942,,TRUE
4201,TRUE,FALSE,0.15596183683645298,1.0821061040874203,4.173380216095166,2.2291338277733113,10.048184798240248,3.0912741120077456,7.819050970466937,4.727776858459191,,TRUE
4202,TRUE,FALSE,-0.1323220783414577,1.0990301953406902,4.41641040851732,2.540235211450496,8.942665439750623,3.31738021317663,6.402430228300128,3.085050015123498,,TRUE
4203,TRUE,FALSE,-0.1623263009402142,0.8111270161579183,4.597236723603023,2.2772706530665303,10.972996314185187,3.786109707445105,8.695725661118656,4.909615953673551,,TRUE
4204,TRUE,FALSE,0.15235965909612342,1.1308240368877533,4.110542149911511,2.192556401672605,9.281620509948144,2.979718113023758,7.089064108275539,4.109345995251781,,TRUE
4205,TRUE,FALSE,-0.3568933369677825,0.6790817413050106,4.0806995764860385,2.4584201513288924,10.338841313390803,3.401617835181028,7.880421162061911,4.4788033268808825,,TRUE
4206,TRUE,FALSE,0.08538594863562186,1.240412218389577,4.832335742426019,2.294822118017122,9.736945486943263,3.591923524036442,7.442123368926141,3.8501998448896986,,TRUE
4207,TRUE,FALSE,0.1197474627446255,1.166709270513207,3.800014953262601,2.724458917843041,10.002500521985446,2.633305682749394,7.278041604142405,4.6447359213930115,,TRUE
4208,TRUE,FALSE,0.08129741421534237,1.5218719993291734,5.922902989436407,2.328096964278502,9.827987054844268,4.401030990107234,7.499890090565766,3.098859100458532,,TRUE
4209,TRUE,FALSE,-0.1219936842933918,1.1779090135722912,5.933528877851706,2.489381085764457,11.099707051230583,4.7556198642794145,8.610325965466126,3.8547061011867116,,TRUE
4210,TRUE,FALSE,-0.04902894968029891,1.6869627804227523,6.221082650523133,2.2384213679065486,7.859760472202955,4.534119870100381,5.621339104296406,1.0872192341960254,,TRUE
4211,TRUE,FALSE,-0.25328200650020394,1.4248625699639532,7.443082493015864,2.356265565165088,9.554437261322176,6.018219923051911,7.198171696157088,1.1799517731051772,,TRUE
4212,TRUE,TRUE,-0.0663130796584039,1.0620177676948117,4.418808054605835,2.847506877523905,11.08763016863638,3.356790286911023,8.240123291112475,4.883333004201452,,TRUE
4213,TRUE,FALSE,-0.05298420989170093,1.6751884830358161,5.72374186529399,3.3254660362506803,10.776013515282742,4.048553382258174,7.450547479032061,3.4019940967738878,,TRUE
4214,TRUE,FALSE,-0.34668751114206015,0.9812093356861973,5.8267221992513685,2.369912597597434,9.950169926203174,4.845512863565171,7.5802573286057395,2.734744465040569,,TRUE
4215,TRUE,FALSE,0.028614242839509516,0.9197217088763329,3.9830023780585724,2.3075264052475832,10.283188935933863,3.0632806691822396,7.97566253068628,4.9123818615040395,,TRUE
4216,TRUE,FALSE,0.0013916908874942724,0.8098804477697354,2.961619799221366,2.854329052170508,10.452419514115567,2.1517393514516305,7.598090461945059,5.446351110493429,,TRUE
4217,TRUE,FALSE,-0.4690528143041003,0.9763541273686229,5.7256675197146585,2.5008311276568858,9.174788815723186,4.7493133923460356,6.6739576880663005,1.924644295720265,,TRUE
4218,TRUE,FALSE,0.17169846868261276,1.237503934295585,4.140276283203651,2.2162956436164354,8.803961299360369,2.9027723489080657,6.587665655743933,3.6848933068358676,,TRUE
4219,TRUE,FALSE,-0.3028073796983634,0.9917637746523968,5.015461783661838,2.8000968224601372,10.460878528457703,4.023698009009441,7.660781705997566,3.6370836969881255,,TRUE
4220,TRUE,FALSE,-0.026369868456143298,0.8448414226580665,4.279122946213183,2.347329685476601,11.579808255723476,3.434281523555116,9.232478570246876,5.79819704669176,,TRUE
4221,TRUE,FALSE,0.32302861212592776,1.3890966577969104,4.134291526062212,2.628763063750325,10.807111160239161,2.745194868265301,8.178348096488836,5.433153228223535,,TRUE
4222,TRUE,FALSE,0.21435665022552544,0.9126940239007256,3.6297027092169047,2.2118549943743466,10.899244898708558,2.7170086853161792,8.68738990433421,5.970381219018032,,TRUE
4223,TRUE,FALSE,-0.17558674283432385,1.3094895792721482,6.054690358043027,2.259837341102131,8.766186746090636,4.745200778770879,6.506349404988505,1.7611486262176257,,TRUE
4224,TRUE,FALSE,-0.32729086346535535,0.9465907842833045,5.611591140619003,2.3845774764306946,10.19047834481427,4.665000356335699,7.805900868383576,3.1409005120478772,,TRUE
4225,TRUE,FALSE,0.2536092911399886,0.8336034904880147,2.6576761528097896,2.1190216239621362,8.706007547947758,1.824072662321775,6.586985923985622,4.762913261663847,,TRUE
4226,TRUE,FALSE,0.07826910522905982,1.2404260941682006,4.962437957073391,2.5255415063753315,10.926235257032788,3.72201186290519,8.400693750657457,4.6786818877522665,,TRUE
4227,TRUE,FALSE,-0.5473766948187653,0.45944052646809774,3.2606505412663584,2.6503944618589372,10.880849225278014,2.8012100147982606,8.230454763419077,5.429244748620817,,TRUE
4228,TRUE,FALSE,0.3680570838623519,1.2353193856072409,3.4192665822852,3.0547403606262833,12.21724177796113,2.183947196677959,9.162501417334846,6.978554220656887,,TRUE
4229,TRUE,FALSE,-0.29166913251239834,0.5983538763819877,2.8419911695534754,2.283421217245978,8.101778259027693,2.2436372931714876,5.818357041781715,3.574719748610227,,TRUE
4230,TRUE,FALSE,-0.254087555328989,0.8678921502355389,4.496041873485968,2.4399549176069364,9.803870497045136,3.628149723250429,7.363915579438199,3.7357658561877702,,TRUE
4231,TRUE,FALSE,-0.2402908811743008,1.5173437341164133,7.281230070393917,3.2114947270243417,12.119117270310701,5.763886336277504,8.90762254328636,3.143736207008856,,TRUE
4232,TRUE,FALSE,-0.28675175630710575,1.177991294819818,6.68771689243393,2.3483663116917706,10.00845256418632,5.509725597614112,7.6600862524945486,2.150360654880436,,TRUE
4233,TRUE,FALSE,0.4564720947533435,1.5379491493125521,4.133744571336007,3.0709091138073514,13.029025575406399,2.595795422023455,9.958116461599047,7.362321039575592,,TRUE
4234,TRUE,FALSE,-0.39391904361208796,1.3209214770548856,6.277943628750112,3.7771541777547526,12.106768990991878,4.957022151695226,8.329614813237125,3.3725926615418986,,TRUE
4235,TRUE,FALSE,-0.29763868236897845,0.80377518470809,4.338451475094768,3.0461639994945213,12.20929519629569,3.534676290386678,9.163131196801169,5.6284549064144915,,TRUE
4236,TRUE,FALSE,0.10130318690674321,1.4437190892931178,6.045575292397727,2.031304033220421,9.412939802655215,4.601856203104609,7.381635769434794,2.779779566330185,,TRUE
4237,TRUE,FALSE,0.2561945714373329,1.3107341494384561,4.41996726975727,2.058560289704549,8.968749998422075,3.1092331203188133,6.9101897087175255,3.800956588398712,,TRUE
4238,TRUE,FALSE,-0.3323118220762095,0.7953501770660265,4.057338226801894,3.249090404612642,11.88840072830067,3.2619880497358675,8.63931032368803,5.377322273952162,,TRUE
4239,TRUE,FALSE,-0.059542541995969936,1.0899165136544142,4.3838453400656405,3.062183953831568,11.604709420216203,3.2939288264112263,8.542525466384635,5.2485966399734085,,TRUE
4240,TRUE,FALSE,-0.3808903287062472,0.9336526482468243,6.264491502233385,3.051911038415464,13.991162254627792,5.3308388539865605,10.939251216212327,5.608412362225766,,TRUE
4241,TRUE,FALSE,0.07823086891859031,2.0546477595181125,6.9722026245655,2.648528198503532,9.718795791093925,4.9175548650473875,7.070267592590392,2.1527127275430047,,TRUE
4242,TRUE,FALSE,0.08983196887721974,1.280464138374514,4.179448391980445,2.9347970924475555,10.479562584443334,2.8989842536059314,7.544765491995779,4.645781238389848,,TRUE
4243,TRUE,FALSE,-0.3848519583988531,1.4909068430807697,7.706831523260005,2.521920411852288,8.871920711628002,6.215924680179236,6.350000299775714,0.1340756195964783,,TRUE
4244,TRUE,FALSE,-0.35498797600891624,1.1187962717658817,6.695761212394323,3.1419228141572386,13.184848363042125,5.576964940628441,10.042925548884886,4.465960608256445,,TRUE
4245,TRUE,FALSE,-0.41303040157320164,1.1459104394252533,5.705559506892812,2.6380880979678984,8.69080556174762,4.559649067467559,6.052717463779722,1.4930683963121627,,TRUE
4246,TRUE,FALSE,0.035287185313289844,1.5264083844546832,6.112004921391133,2.0683171961983327,8.5793646074362009,4.58559653693645,6.511047411237868,1.9254508743014185,,TRUE
4247,TRUE,FALSE,-0.29685637959560146,2.0198297139626487,10.785977658595275,2.380179249768178,9.44563885368365,8.766147944632626,7.065459603915473,-1.7006883407171536,,TRUE
4248,TRUE,FALSE,-0.08885885049980785,1.6094358196962464,7.443787291690366,2.500916294828748,10.583481123806294,5.834351471994119,8.082564828977546,2.2482133569834266,,TRUE
4249,TRUE,FALSE,-0.30140128108939185,0.7236878842783502,3.7207378813215413,2.9993939683376003,11.40812771743177,2.997049997043191,8.40873374909417,5.411683752050978,,TRUE
4250,TRUE,FALSE,-0.05076418904098275,0.7876876345315537,3.137547453294989,3.020520288494429,11.43592833649139,2.3498598187634356,8.41540804799696,6.065548229233524,,TRUE
4251,TRUE,FALSE,0.07476230870114581,1.1804998693927533,4.017480051752134,3.255123652558906,11.937795489049613,2.8369801823593805,8.682671836490707,5.845691654131326,,TRUE
4252,TRUE,FALSE,-0.05971931636149634,1.032805591964051,3.2546517590482367,2.6695024193844747,7.924657391431359,2.221846167084186,5.255154972046885,3.033308804962699,,TRUE
4253,TRUE,FALSE,-0.1435243601878808,0.7769582135736978,3.506033744151509,2.2000877691462306,8.60055739758268,2.729075530577811,6.400469628436449,3.671394097858638,,TRUE
4254,TRUE,FALSE,-0.17569058769304177,0.9718139173822502,4.417977242155126,2.804582756106427,10.695649605401632,3.4461633247728756,7.891066849295205,4.44490352452233,,TRUE
4255,TRUE,FALSE,-0.2096608347772366,0.806214007591257,3.474004126255746,2.9275862746593817,10.229046413299532,2.667790118664489,7.3014601386401505,4.6336700199756615,,TRUE
4256,TRUE,FALSE,-0.11826026547475087,1.7199227996460764,6.893221420925042,3.464251723450472,12.335675496786973,5.173298621278965,8.8714237733365,3.6981251520575356,,TRUE
4257,TRUE,FALSE,-0.05875199411115084,0.9935352929293779,4.223406458826238,2.576795525632088,10.328657386906718,3.22987116589686,7.75186186127463,4.52199069537777,,TRUE
4258,TRUE,FALSE,-0.39167634139920815,0.92328719189817,5.202440536724042,2.7340796177851394,10.413065437028408,4.279153344825872,7.678985819243268,3.399832474417396,,TRUE
4259,TRUE,FALSE,0.6244458947474684,2.2288323414194533,5.734129772301352,2.0581025693297663,9.886681366688736,3.5052974308818987,7.828578797358969,4.323281366477071,,TRUE
4260,TRUE,FALSE,-0.01208637965920944,0.9083028600434979,3.787496939843865,2.605825143504634,10.735390120948246,2.8791940798003672,8.129564977443613,5.250370897643245,,TRUE
4261,TRUE,FALSE,0.11740962682944678,1.053552931011564,4.18939564284577,2.3897595131470495,10.686600373402982,3.1358427118342056,8.296840860255932,5.160998148421726,,TRUE
4262,TRUE,FALSE,-0.09469360390133442,1.082829641026799,4.538489350719643,2.5287297447562,9.641146733701758,3.455659709692844,7.112416988945558,3.656757279252714,,TRUE
4263,TRUE,FALSE,0.06602088368997826,1.2422235844051983,5.397646697907561,2.471752019069242,11.473134561477188,4.155423113502363,9.001382542407946,4.845959428905583,,TRUE
4264,TRUE,FALSE,-0.0805917837005151,0.7041846306366352,2.975998544485425,2.9233851354852654,11.398078399676088,2.27181391384879,8.474693264190822,6.202879350342032,,TRUE
4265,TRUE,FALSE,-0.43842827884917707,0.9759794843087478,4.608474263180956,3.1690237797900007,9.652392947743168,3.6324947788722084,6.4833691679531675,2.850874389080959,,TRUE
4266,TRUE,FALSE,-0.3352998510089945,1.3749338321694464,6.446264764213687,3.3745233496688436,11.314097137083838,5.071330932044241,7.939573787414995,2.868242855370754,,TRUE
4267,TRUE,FALSE,-0.4487266962397992,1.919355613795414,10.519955002504583,3.3250428395557377,11.635261594822568,8.600599388709169,8.310218755266831,-0.29038063344233755,,TRUE
4268,TRUE,FALSE,-0.3363606620383556,1.0826976458302193,6.03883782637928,3.876956023108421,15.447473881586971,4.956140180549061,11.57051785847855,6.614377677929489,,TRUE
4269,TRUE,FALSE,-0.06867603802385087,1.3200388214626,5.544646781388057,3.2352951063033846,12.687482541539882,4.224607959925457,9.452187435236498,5.227579475311041,,TRUE
4270,TRUE,FALSE,-0.07417903970694649,1.4775958410680647,7.413381029555001,2.518751978320983,11.733579475414103,5.935785188486936,9.21482749709312,3.2790423086061837,,TRUE
4271,TRUE,FALSE,-0.17097039114709728,0.9364009190994858,4.097344982697591,2.3852458180879035,8.796751950857091,3.1609440635981056,6.411506132769188,3.250562069171082,,TRUE
4272,TRUE,FALSE,-0.5448395479298224,0.6585272926395683,4.881816358301396,3.2199681760010743,13.843261715506932,4.223289065661828,10.623293539505857,6.400004473844029,,TRUE
4273,TRUE,FALSE,-0.21361177741290524,0.9048021460730882,4.303365118688894,2.4581900433905335,9.44277436616503,3.3985629726158058,6.984584322774497,3.586021350158691,,TRUE
4274,TRUE,FALSE,-0.17149516395032188,1.0369240741724832,4.957844779484594,2.342110271131144,9.43352279983982,3.9209207053121107,7.091412528708675,3.1704918233965644,,TRUE
4275,TRUE,FALSE,-0.011446890387791238,1.027230359848979,3.8674504506856064,2.7911005355936473,10.388696780714108,2.8402200908366275,7.59759624512046,4.757376154283833,,TRUE
4276,TRUE,FALSE,0.12328869261054998,2.0877121535523897,7.4139299900293745,2.966401950909824,11.916575205600296,5.326217836476985,8.950173254690473,3.6239554182134874,,TRUE
4277,TRUE,FALSE,0.14214520773786002,1.0798545247862439,3.522370564913091,2.7048548344000642,10.170601359401363,2.442516040126847,7.465746525001299,5.023230484874452,,TRUE
4278,TRUE,FALSE,-0.1049970395351926,1.5210560362513725,6.563167991537122,2.3331879306257943,9.063968614570427,5.042111955285749,6.730780683944634,1.6886687286588842,,TRUE
4279,TRUE,FALSE,0.08191044464715888,1.203224585205083,4.6923507886188744,2.9537835468954685,12.502466382380407,3.4891262034137913,9.548682835484938,6.059556632071146,,TRUE
4280,TRUE,FALSE,-0.23014945015611948,1.1515970853909194,6.890026168069209,1.8237411768380445,8.668239094953327,5.738429082678289,6.844497918115282,1.106068835436993,,TRUE
4281,TRUE,FALSE,0.449050985586684,1.6841052444659559,4.55193531340273,3.2920039820483127,13.941437960569564,2.867830068936774,10.649433978521252,7.781603909584478,,TRUE
4282,TRUE,FALSE,-0.7868273153615529,1.155161294684414,9.183383987321733,3.2382548394825443,11.72077629834534,8.02822269263732,8.482521458862795,0.4542987662254756,,TRUE
4283,TRUE,FALSE,-0.030244118525866934,1.222696635369891,4.467783656243529,2.7803456970927365,9.856832168192756,3.2450870208736378,7.07648647110002,3.8313994502263826,,TRUE
4284,TRUE,FALSE,-0.05934158648655621,1.7193689588004262,6.80070687131816,2.788718004853452,10.394841013048822,5.081337912517734,7.60612300819537,2.524785095677636,,TRUE
4285,TRUE,FALSE,-0.3204659246973618,0.732480521287868,3.5489143802005088,3.482807798500546,12.247638725227638,2.8164338589126405,8.764830926727093,5.948397067814453,,TRUE
4286,TRUE,FALSE,-0.6458187916117508,1.1757361216218813,8.239955731139364,2.68174866569575,9.85275203802598,7.064219609517483,7.1710033723302296,0.10678376281274637,,TRUE
4287,TRUE,FALSE,-0.40038792214446906,1.327554716096521,7.198957864983081,2.631964820771331,9.563371279033785,5.87140314888656,6.931406458262454,1.0600033093758938,,TRUE
4288,TRUE,FALSE,-0.013848777512042951,1.1510969712256633,5.275575023318422,2.844130436175829,12.855617866502635,4.124478052092758,10.011487430326806,5.887009378234048,,TRUE
4289,TRUE,FALSE,-0.19995590606498626,1.058649526862011,4.59993088061561,2.471852362226441,8.793907222074345,3.5412813537535994,6.3220548598479045,2.780773506094305,,TRUE
4290,TRUE,FALSE,-0.40217977361380797,0.6666688888415215,3.3423913467601216,3.151414075828719,10.567886098415032,2.6757224579186003,7.416472022586314,4.740749564667714,,TRUE
4291,TRUE,TRUE,-0.22273310574668836,0.8803730431319216,4.251799990626137,2.4273148395420368,9.382108321389504,3.371426947494215,6.954793481847467,3.583366534353252,,TRUE
4292,TRUE,FALSE,0.0078024799852191495,0.95278841488932,3.7488990791360624,2.877870112634168,11.412138781874654,2.7961106642467426,8.534268669240486,5.7381580049937435,,TRUE
4293,TRUE,FALSE,0.36678005866729024,1.6216534140858767,5.428418906050892,2.25672137122445,10.901438545999762,3.806765491965015,8.644717174775312,4.8379516828102975,,TRUE
4294,TRUE,FALSE,-0.34901254142074994,1.0526808099943339,5.244215350413373,2.662716945473566,9.356956117628474,4.191534540419038,6.694239172154909,2.5027046317358703,,TRUE
4295,TRUE,FALSE,-0.04230120509512537,1.2075965824177457,5.565582948784875,2.4602446799870217,10.869158100420178,4.357986366367129,8.408913420433155,4.050927054066026,,TRUE
4296,TRUE,FALSE,-0.4913867348489631,1.124741898836327,4.943682896478403,3.1303721731783507,8.417578188066813,3.8189409976420765,5.287206014888461,1.468265017246385,,TRUE
4297,TRUE,FALSE,0.23271366725343584,1.5926482066240075,5.914661536476513,2.138797263487358,10.024112262849766,4.322013329852505,7.885314999362407,3.563301669509902,,TRUE
4298,TRUE,FALSE,-0.31787996393546836,1.2186394551146515,5.904763106261353,2.6290405705278883,9.269813950002723,4.686123651146701,6.640773379474835,1.9546497283281337,,TRUE
4299,TRUE,FALSE,-0.4845753167347331,0.9692921014877321,7.589280965886795,2.4629823452682937,11.878425281783915,6.619988864399063,9.415442936515621,2.7954540721165584,,TRUE
4300,TRUE,FALSE,0.1537447561322458,1.272381889234137,4.8470880024248375,3.0495613725058157,13.547878809288248,3.5747061131907003,10.498317436782433,6.923611323591732,,TRUE
4301,TRUE,FALSE,-0.36210016528381683,0.7337237134095078,3.7022423545557475,2.521514639133047,8.85800007783464,2.9685186411462396,6.336485438701594,3.367966797555354,,TRUE
4302,TRUE,FALSE,0.41444002886558745,0.9641678032936937,2.5101189696665336,2.165994668770111,8.534696499747987,1.54595116637284,6.3687018309778765,4.822750664605037,,TRUE
4303,TRUE,FALSE,-0.2088273696556349,0.9268704916251566,5.067380610653843,2.8342439973399816,12.575032918712779,4.140510119028686,9.740788921372797,5.600278802344111,,TRUE
4304,TRUE,FALSE,0.1006376605691095,0.7276448547196488,2.989988939542277,2.5412622784123426,11.547979113684425,2.2623440848226286,9.006716835272083,6.744372750449455,,TRUE
4305,TRUE,FALSE,0.0028869081895954367,0.9415778097820882,3.5828495874827646,2.712340361293529,10.35071417877173,2.6412717777006764,7.6383738174782,4.997102039777523,,TRUE
4306,TRUE,FALSE,-0.608747319068775,1.1744882670858399,7.599208989699993,2.5072569862779086,8.82557387081761,6.424720722614153,6.318316884539701,-0.10640383807445186,,TRUE
4307,TRUE,FALSE,-0.004691549525621536,1.4971331800313967,5.951190316348328,2.3943473653813636,9.473120167022746,4.454057136316932,7.078772801641382,2.62471566532445,,TRUE
4308,TRUE,FALSE,-0.056488508238337426,1.4190094463315233,4.9071260912571395,2.639570484841649,8.626657327198359,3.4881166449256162,5.98708684235671,2.498970197431094,,TRUE
4309,TRUE,FALSE,0.029871347389782237,0.9298925840671645,4.528471480790383,2.1262881834032825,10.668759858972061,3.5985788967232186,8.542471675568779,4.9438927788455604,,TRUE
4310,TRUE,FALSE,0.18512236937204885,1.4056453146295993,4.80645378788936,2.478740776863334,10.199473561083513,3.4008084732597608,7.720732784220179,4.319924310960419,,TRUE
4311,TRUE,FALSE,-0.45055760280378937,0.9069095097683474,4.809362832594866,4.055578599466133,13.705716014663642,3.902453322826519,9.65013741519751,5.74768409237099,,TRUE
4312,TRUE,FALSE,-0.4892041441449871,0.7411657333150533,3.9846571843327823,2.8137576234548334,9.274780824884017,3.243491451017729,6.4610232014291835,3.2175317504114544,,TRUE
4313,TRUE,FALSE,-0.17193136038479195,1.1980210196507781,5.367182887798021,2.5200737891448726,9.506625208660207,4.169161868147244,6.986551419515335,2.817389551368091,,TRUE
4314,TRUE,FALSE,-0.096352637016873,1.1591840215138631,4.548700637459513,2.534922671806372,9.033462928748966,3.3895166159456496,6.498540256942594,3.109023640996944,,TRUE
4315,TRUE,FALSE,-0.23541650045974163,1.1006295234063703,4.367567970687456,2.832518323037353,8.882416940239048,3.2669384472810856,6.049898617201695,2.7829601699206092,,TRUE
4316,TRUE,FALSE,-0.6327309320431407,0.46442677181006603,2.8682236877632574,2.607343749593027,8.552685671787922,2.4037969159531913,5.945341922194895,3.5415450062417033,,TRUE
4317,TRUE,FALSE,-0.18613634213816252,0.9334694149716369,4.508503587680429,1.9966827310924298,8.005775406164716,3.5750341727087918,6.009092675072286,2.434058502363494,,TRUE
4318,TRUE,FALSE,-0.2705473809990982,0.8631490941501699,4.935431559311286,3.05842888369872,13.342600004185913,4.072282465161115,10.284171120487192,6.211888655326077,,TRUE
4319,TRUE,FALSE,-0.1768981116362715,1.1473142038684352,5.13878342164456,2.3469753181283495,8.807661043508027,3.991469217776125,6.460685725379678,2.469216507603553,,TRUE
4320,TRUE,FALSE,-0.5902667348006444,1.0200941750265906,6.4319028297152645,2.93031053156358,10.239134955405818,5.411808654688674,7.308824423842239,1.8970157691535654,,TRUE
4321,TRUE,FALSE,0.34530939360998525,1.3162608366148743,3.4009147895867198,2.473783817539476,9.027791066226545,2.0846539529718457,6.554007248687069,4.469353295715223,,TRUE
4322,TRUE,FALSE,-0.16963693300063948,1.5165965218144266,8.655123447208794,3.0511085392696913,14.69563931952198,7.138526925394368,11.644530780252289,4.506003854857921,,TRUE
4323,TRUE,FALSE,-0.5132954271014092,1.7097041052943585,10.454420131327645,2.224152757472978,8.139959325989945,8.744716026033286,5.915806568516968,-2.8289094575163185,,TRUE
4324,TRUE,FALSE,-0.4646181080112321,0.7365660927151558,4.11920203921753,2.6885001770336325,9.447792800038252,3.3826359465023743,6.75929262300462,3.3766566765022454,,TRUE
4325,TRUE,FALSE,0.1259770756309531,1.4148021712113898,4.623417222537484,2.956521644307405,10.95871368422885,3.2086150513260945,8.002192039921447,4.793576988595352,,TRUE
4326,TRUE,FALSE,-0.004710709511746787,1.4253643367468734,5.714827414278983,2.748033083622098,10.966129060390141,4.28946307753211,8.218095976768044,3.928632899235934,,TRUE
4327,TRUE,FALSE,-0.2808631109606957,2.3052029148822775,10.368914772968987,2.3315389252677847,7.919349610881356,8.063711858086709,5.5878106856135705,-2.4759011724731383,,TRUE
4328,TRUE,FALSE,-0.3241067329594109,0.7862519793421388,4.152066601519512,2.7374086260468666,10.454046445239864,3.365814622177373,7.716637819192998,4.350823197015625,,TRUE
4329,TRUE,FALSE,-0.5547046389114502,0.926123776101895,6.045322633105307,2.984194085227101,11.185936544141475,5.119198857003412,8.201742458914374,3.082543601910962,,TRUE
4330,TRUE,FALSE,-0.17136140743436637,2.41551695745917,9.387738946033215,2.214733503830006,7.251887789094013,6.972221988574045,5.037154285264007,-1.9350677033100379,,TRUE
4331,TRUE,FALSE,0.1786495384378162,1.012386979020337,3.4189446108210477,2.8207369740477533,11.389236577966734,2.4065576318007107,8.568499603918982,6.161941972118271,,TRUE
4332,TRUE,FALSE,-0.17338953646679894,1.101921719867019,4.6976653180613015,2.720245409768003,9.750733713135864,3.5957435981942822,7.030488303367861,3.4347447051735784,,TRUE
4333,TRUE,FALSE,-0.3424261900424162,0.8871717373838796,4.296860805259932,2.761151017954724,9.495546018071117,3.4096890678760525,6.734395000116393,3.3247059322403407,,TRUE
4334,TRUE,FALSE,0.043374711789302835,2.344691246601119,7.521374640502413,2.9991313993556363,10.047186203121006,5.1766833939012935,7.048054803765369,1.871371409864076,,TRUE
4335,TRUE,FALSE,-0.32960368752450436,1.4635295949246805,7.501232512120883,2.9200299733965154,10.763991967110906,6.037702917196203,7.843961993714391,1.806259076518188,,TRUE
4336,TRUE,FALSE,-0.5825975213152778,0.8943919176867806,5.698353592803565,3.437481656116476,12.23046668746633,4.803961675116785,8.792985031349854,3.9890233562330693,,TRUE
4337,TRUE,FALSE,-0.03444265589728941,0.9206835648452649,4.017223598532908,2.489262385314399,10.493685301095146,3.096540033687643,8.004422915780747,4.907882882093104,,TRUE
4338,TRUE,FALSE,-0.037559581381306176,1.819894499560106,7.926238931073517,2.680953382823653,11.246005479931517,6.106344431513411,8.565052097107865,2.4587076655944538,,TRUE
4339,TRUE,FALSE,-0.18917265346277512,0.9836613241813819,5.5972140220434206,2.2639202166675663,10.661806482947167,4.613552697862039,8.3978862662796,3.784333568417562,,TRUE
4340,TRUE,FALSE,-0.37691869356351454,1.264085385184719,6.308580850019836,2.936872608212518,10.054180159009766,5.0444954648351175,7.117307550797248,2.0728120859621306,,TRUE
4341,TRUE,FALSE,-0.1615250151078412,0.7457778770344433,3.8451950695878376,2.2864382678845856,10.030415834500854,3.0994171925533944,7.743977566616268,4.644560374062873,,TRUE
4342,TRUE,FALSE,-0.2236931115015842,1.1155416942499568,5.913572822210935,3.4069460113682744,14.440449423532263,4.798031127960979,11.033503412163988,6.235472284203009,,TRUE
4343,TRUE,FALSE,0.07872785594009331,1.5732704295231974,6.416941792914333,2.213454997652536,9.767569048566306,4.8436713633911355,7.55411405091377,2.710442687522635,,TRUE
4344,TRUE,FALSE,0.2256068848327946,1.7234208533796032,6.259036404952389,2.236602647425581,10.178523736851547,4.535615551572786,7.941921089425966,3.4063055378531804,,TRUE
4345,TRUE,FALSE,0.018125345184811868,1.31177019518981,5.230247495542631,2.271858778529495,9.223962956245465,3.918477300352821,6.95210417771597,3.033626877363149,,TRUE
4346,TRUE,FALSE,0.049653122733240865,1.0652473780784895,4.463343657022442,2.0710574971092024,9.119396235875078,3.398096278943952,7.048338738765875,3.650242459821923,,TRUE
4347,TRUE,FALSE,-0.028375033011164112,1.3128934579963747,6.2971037866665105,2.5541836565270515,11.908042290643323,4.984210328670136,9.353858634116271,4.369648305446136,,TRUE
4348,TRUE,FALSE,0.20048612683862058,1.1605918001905922,3.7251372131230682,2.379691173001753,9.33369047681322,2.564545412932476,6.953999303811468,4.3894538908789915,,TRUE
4349,TRUE,FALSE,-0.17304976201276864,0.8439048239374344,4.159906815409736,3.359652300994144,13.929319806920658,3.316001991472301,10.569667505926514,7.253665514454212,,TRUE
4350,TRUE,FALSE,0.23852860105906634,0.8776559616704515,2.296871002503912,2.7983453712994075,9.296195896528198,1.4192150408334605,6.497850525228791,5.07863548439533,,TRUE
4351,TRUE,FALSE,-0.5486368464949165,1.2839561237589152,7.752432203107406,3.1947961873087634,11.14451046612343,6.468476079348491,7.949714278814667,1.4812381994661754,,TRUE
4352,TRUE,FALSE,-0.15992269375112025,1.1479439366353401,6.369739868071537,2.512222260296711,11.87970166267406,5.221795931436198,9.367479402377349,4.145683470941151,,TRUE
4353,TRUE,FALSE,0.18760981860751355,1.464832647221405,4.835306274461709,2.7092457682823365,10.788530409575047,3.3704736272403037,8.07928464129271,4.708811014052407,,TRUE
4354,TRUE,FALSE,-0.17992955908765934,2.120473044352216,8.412415762237963,2.9583956499705355,9.803966373237245,6.291942717885746,6.845570723266709,0.553628005380963,,TRUE
4355,TRUE,FALSE,0.27161713930177533,1.6923169090835999,4.954148461187264,3.1194460382997438,11.981925786984258,3.2618315521036645,8.862479748684514,5.600648196580849,,TRUE
4356,TRUE,FALSE,-0.6704417767995817,0.9215603168532545,6.687091595755218,2.6249999063779845,9.742572239434121,5.765531278901964,7.1175723330561365,1.3520410541541725,,TRUE
4357,TRUE,FALSE,0.06451439219054787,1.5782791753433794,4.645360909134112,2.542911705927456,7.983349827606132,3.067081733790733,5.4404381216786755,2.3733563878879425,,TRUE
4358,TRUE,FALSE,-0.12079744974118904,1.9141517856539814,7.700369494189776,2.713785887907303,9.67495838953344,5.786217708535794,6.961172501626137,1.1749547930903432,,TRUE
4359,TRUE,FALSE,-0.4730807091489903,1.2364406254261795,7.97309109260452,3.034202022083257,12.191064015723155,6.7366504671783405,9.1568619936398985,2.420211526461558,,TRUE
4360,TRUE,FALSE,-0.36889837140783216,1.160369030082699,5.4182595631756,2.755360373988058,8.896753510302052,4.257890533092901,6.141393136313994,1.8835026032210926,,TRUE
4361,TRUE,FALSE,-0.43041145622783367,1.2485652944661447,6.3348164749377265,3.2431943038573086,10.699671069068499,5.0862511804715815,7.456476765211191,2.370225584739609,,TRUE
4362,TRUE,FALSE,0.19135572081019206,1.5685619502094958,5.208063755009766,2.179753359304406,8.763683921383283,3.63950180480027,6.583930562078876,2.9444287572786063,,TRUE
4363,TRUE,FALSE,-0.33076366201776625,0.8369051423582814,5.277522941852901,1.8698673235435326,8.470632740754729,4.440617799494619,6.600765417211196,2.160147617716577,,TRUE
4364,TRUE,FALSE,-0.04738576188603534,1.1616752289378163,5.046250699530402,3.001468525016202,12.434791637263883,3.884575470592586,9.433323112247681,5.548747641655095,,TRUE
4365,TRUE,FALSE,0.32763415330318646,1.6070948856027034,6.208404076753567,2.366033642561793,12.683790988544207,4.601309191150864,10.317757345982415,5.716448154831551,,TRUE
4366,TRUE,FALSE,-0.6799679670266208,0.7840253197892653,4.824963650777182,2.8857488665298896,8.997381912923009,4.040938330987917,6.11163304639312,2.070694715405203,,TRUE
4367,TRUE,FALSE,-0.23352944075508925,1.4816191390094382,6.715031885822937,3.2166200051704856,11.54225622550166,5.233412746813499,8.325636220331175,3.0922234735176755,,TRUE
4368,TRUE,FALSE,0.1300685188655714,1.5393319576138906,5.056790215867892,2.4740130817658486,9.256199000621113,3.5174582582540013,6.782185918855264,3.2647276606012627,,TRUE
4369,TRUE,FALSE,-0.3811370783988044,0.7735769041686444,4.101748400921265,2.823539834127539,10.226657505844182,3.3281714967526206,7.403117671716643,4.074946174964023,,TRUE
4370,TRUE,FALSE,-0.1226618510873485,0.9499824266996991,3.694462869874389,3.0332635070002993,10.434568867682321,2.74448044317469,7.401305360682022,4.656824917507332,,TRUE
4371,TRUE,FALSE,-0.2214848499822224,1.0395027866861777,4.853615083873341,3.1382656332692926,11.74193647487446,3.814112297187163,8.603670841605169,4.789558544418005,,TRUE
4372,TRUE,FALSE,-0.36249419489034007,1.1385185777450029,6.356502191647051,2.6993015915166656,10.488183126888881,5.217983613902048,7.788881535372216,2.570897921470168,,TRUE
4373,TRUE,FALSE,-0.39002123194029525,1.2540179091718542,6.37410652548264,3.5843356787404983,12.335029280608207,5.1200886163107855,8.75069360186771,3.630604985556924,,TRUE
4374,TRUE,FALSE,0.01641525568546547,1.4560884134162235,5.541471175378187,2.8489532803927693,11.021779410150515,4.085382761961964,8.172826129757745,4.087443367795781,,TRUE
4375,TRUE,FALSE,-0.06779807804737756,1.380555331811667,5.595996732673963,2.2270494167078403,8.435467515666463,4.215441400862296,6.208418098958623,1.992976698096327,,TRUE
4376,TRUE,FALSE,-0.029784990207488773,0.8881197245014022,3.668551339185766,3.17682294675196,12.737395669382995,2.780431614684364,9.560572722631035,6.780141107946671,,TRUE
4377,TRUE,FALSE,-0.9474973798420336,0.6225771970132203,5.286452756000284,2.630343553552674,8.659458554411643,4.663875558987064,6.029115000858969,1.3652394418719052,,TRUE
4378,TRUE,FALSE,-0.336190746601126,1.1491808088596822,6.064659975242952,2.963019099797,11.172407215142252,4.915479166383269,8.209388115345252,3.293908948961983,,TRUE
4379,TRUE,FALSE,-0.41205606257207555,0.9997359061100203,5.099197873407441,3.1197050878642867,10.53844277685646,4.099461967297421,7.418737688992174,3.319275721694753,,TRUE
4380,TRUE,FALSE,-0.20863650663299987,0.75947262108028,3.737110105872552,2.839647113758469,11.341707975522016,2.9776374847922717,8.502060861763548,5.524423376971276,,TRUE
4381,TRUE,FALSE,-0.011239618012514413,1.1963609925759724,4.0486454670152865,2.9675706291327466,9.930411918651668,2.852284474439314,6.962841289518922,4.110556815079608,,TRUE
4382,TRUE,FALSE,-0.3908654980513147,0.7597637331689148,4.877731769590792,2.652602652715795,11.52022141357599,4.117968036421877,8.867618760860196,4.749650724438319,,TRUE
4383,TRUE,FALSE,-0.20388144343469786,1.8215520022030145,7.674336941511688,2.6252252814296684,9.02030621558249,5.852784939308674,6.395080934152822,0.5422959948441477,,TRUE
4384,TRUE,FALSE,-0.2570754863278134,0.9838547608814405,5.29399536797438,2.549496935484018,10.60866155816091,4.310140607092939,8.059164622676892,3.749024015583953,,TRUE
4385,TRUE,FALSE,-0.24064050278613308,0.7916126040487244,4.034503721140433,2.161272220239419,8.659205547018065,3.242891117091708,6.497933326778646,3.2550422096869376,,TRUE
4386,TRUE,FALSE,-0.1890873653882797,0.9415281484388315,4.265667498301421,2.5346604728807525,9.50503858693084,3.3241393498625897,6.970378114050089,3.646238764187499,,TRUE
4387,TRUE,FALSE,-0.5217620916432033,0.5406840544407803,3.775435888779779,2.514344498061902,10.419573013127835,3.234751834338999,7.905228515065932,4.670476680726933,,TRUE
4388,TRUE,FALSE,-0.2582705703779109,0.7623139471974139,4.519401814168985,2.4261781481591873,11.109750180139791,3.7570878669715713,8.683572031980603,4.926484165009032,,TRUE
4389,TRUE,FALSE,-0.44645651787027923,0.9243573536958734,5.4374415102992275,2.436042154141433,9.169505067456754,4.513084156603354,6.733462913315321,2.220378756711967,,TRUE
4390,TRUE,FALSE,-0.5254712122297699,1.0588729428138282,7.0637490390541915,2.8754709143784085,11.342039133130456,6.004876096240364,8.466568218752048,2.4616921225116846,,TRUE
4391,TRUE,FALSE,0.3303801556991574,0.8642536547042549,2.707108893807593,2.8459156132771053,12.404201079148537,1.8428552391033381,9.558285465871432,7.715430226768094,,TRUE
4392,TRUE,FALSE,-0.31746467999486255,0.8779137959994382,4.189479024262642,2.4519501122149685,8.518176165454324,3.3115652282632038,6.066226053239356,2.7546608249761526,,TRUE
4393,TRUE,FALSE,-0.366048252098284,0.543026074403588,3.9522784788896512,1.9730039331185751,9.958228080067695,3.4092524044860633,7.98522414694912,4.575971742463057,,TRUE
4394,TRUE,FALSE,0.07678464615303604,1.6051814804839926,6.91851540810732,1.9799375478406205,9.214831789228048,5.313333927623328,7.234894241387428,1.9215603137641004,,TRUE
4395,TRUE,FALSE,-0.2927638224044354,1.0422891084342885,4.7072757658170055,2.5087365038421345,8.454555478143513,3.664986657382717,5.945818974301378,2.2808323169186613,,TRUE
4396,TRUE,FALSE,-0.1292230486631822,1.3396156179735086,5.441762113293645,3.046464148291785,10.875132703918617,4.102146495320136,7.828668555626832,3.7265220603066957,,TRUE
4397,TRUE,FALSE,-0.4828102891313209,1.2393036225141685,7.665489231925905,2.3052484095191716,8.798285397195109,6.4261856094117364,6.4930369876759375,0.06685137826420107,,TRUE
4398,TRUE,FALSE,-0.1500457347086217,1.4520530433437469,7.0556261521899035,2.9000215477485796,12.128030210704264,5.603573108846157,9.228008662955684,3.6244355541095272,,TRUE
4399,TRUE,FALSE,0.09211732014165526,1.716771384567893,5.758350274612109,2.593665013261743,9.539059128894316,4.0415788900442164,6.945394115632572,2.903815225588356,,TRUE
4400,TRUE,FALSE,-0.06381879932681052,1.7667636752238849,7.807590109012671,3.081714707526455,12.776585992573992,6.040826433788786,9.694871285047537,3.6540448512587504,,TRUE
4401,TRUE,FALSE,-0.3081900062028378,2.1107901412352756,8.765083081378496,2.8519344114609617,8.701723799309393,6.65429294014322,5.849789387848432,-0.8045035522947881,,TRUE
4402,TRUE,FALSE,-0.043049299257876664,2.231313694980268,6.293923979345284,2.9331684974898997,7.925046167742553,4.062610284365016,4.991877670252654,0.9292673858876377,,TRUE
4403,TRUE,FALSE,0.2753357690818498,1.3878907636617688,4.378582171992113,2.2490566906221097,9.344486192133486,2.9906914083303437,7.095429501511376,4.104738093181032,,TRUE
4404,TRUE,FALSE,-0.31435073730012314,0.9785903534605563,5.199595931146328,2.8463945721787667,11.044421605424692,4.221005577685771,8.198027033245925,3.9770214555601537,,TRUE
4405,TRUE,FALSE,-0.05871106655222827,0.876902591193552,3.748990735926611,2.2084476602060015,8.9033251195068015,2.872088144733059,6.6948774593008,3.822789314567741,,TRUE
4406,TRUE,FALSE,-0.054893578857546546,1.0330194249198912,4.345090163894672,2.6289582351772407,10.46728413099039,3.3120707389747808,7.838325895813149,4.526255156838369,,TRUE
4407,TRUE,FALSE,-0.49572573610667,1.2154437221265475,8.569067597784105,2.236700243113118,9.605402039908846,7.353623875657558,7.368701796795728,0.01507792113816997,,TRUE
4408,TRUE,FALSE,-0.5566761720363667,0.7877236316580694,4.066842007726182,2.446269031745381,7.238127919538067,3.279118376068112,4.791858887792685,1.512740511724573,,TRUE
4409,TRUE,FALSE,0.06266001137484357,1.182605863323876,3.6012438334576027,3.199834273821973,10.374158590359093,2.4186379701337266,7.1743243165371196,4.755686346403393,,TRUE
4410,TRUE,FALSE,-0.3703600495078507,0.6532553979676669,3.7079684405039095,2.041719221878669,8.002095197634777,3.0547130425362425,5.960375975756108,2.9056629332198654,,TRUE
4411,TRUE,FALSE,-0.5232994959406484,2.0259121895835275,9.989797160423944,3.3979522679480803,9.92858236652453,7.963884970840416,6.5306300985764505,-1.4332548722639658,,TRUE
4412,TRUE,FALSE,-0.4009125863677476,1.381190954251066,7.134479273057457,3.661589859441175,12.666718757049923,5.7532883188063915,9.005128897608747,3.251840578802356,,TRUE
4413,TRUE,FALSE,-0.31022715439071846,0.7768565868412342,3.4940724906069445,2.921837709885172,9.636452990461727,2.71721590376571,6.714615280576555,3.997399376810845,,TRUE
4414,TRUE,FALSE,-0.6230305264109365,0.93919323656375,6.505078166517653,2.7533621139232483,10.227798791075967,5.565884929953903,7.474436677152719,1.9085517471988158,,TRUE
4415,TRUE,FALSE,0.050502910600181666,1.4197324633735986,5.1791668870712275,2.4673950013727572,9.467279708308524,3.7594344236976287,6.999884706935767,3.240450283238138,,TRUE
4416,TRUE,TRUE,0.037545285482362994,0.6976825080571569,2.7040448645992363,2.6152244177026716,10.523755053861342,2.0063623565420796,7.90853063615867,5.90216827961659,,TRUE
4417,TRUE,FALSE,-0.2000403104135334,0.8895544329326625,4.485359178615454,2.115202917266021,8.731730676596987,3.5958047456827913,6.616527759330966,3.0207230136481744,,TRUE
4418,TRUE,FALSE,0.07364138987678942,1.0146237147975863,3.4115993484004905,3.0822623584735047,11.155901364424885,2.396975633602904,8.07363900595138,5.676663372348475,,TRUE
4419,TRUE,FALSE,-0.27107628867014805,0.9004876170957833,4.6294396822565425,2.1308103767440145,8.353501436568624,3.728952065160759,6.22269105982461,2.4937389946638513,,TRUE
4420,TRUE,FALSE,-0.004630898249060228,1.4116793961146432,5.300751539608044,3.299175491488289,12.330923853480646,3.8890721434934004,9.031748361992356,5.142676218498956,,TRUE
4421,TRUE,FALSE,-0.9517920081662702,0.7818337547390319,7.589841208326332,3.0676718236154366,11.496592912457611,6.8080074535873,8.428921088842175,1.6209136352548752,,TRUE
4422,TRUE,FALSE,-0.05891348022950261,1.0276594937056758,4.2051968310556465,3.0240523573237783,11.666500299183356,3.1775373373499707,8.642447941859578,5.4649106045096065,,TRUE
4423,TRUE,FALSE,-0.16868520642982673,1.6538981412590679,6.043303073097033,2.7559057341041635,8.506892010367356,4.389404931837966,5.750986276263192,1.3615813444252263,,TRUE
4424,TRUE,FALSE,0.15195215932969042,1.5969227828702446,5.0866517714495405,3.1929600411225203,11.839505349363316,3.489728988579296,8.646545308240796,5.1568163196615,,TRUE
4425,TRUE,FALSE,0.39599191415080737,1.0719340673149216,3.023878575029578,2.052070957112818,8.601332797587075,1.9519445077146564,6.549261840474257,4.597317332759601,,TRUE
4426,TRUE,FALSE,0.1975372029392077,0.7984470130723282,2.873079212901305,2.7142722296745765,11.899924882992082,2.0746321998289767,9.185652653317504,7.1110204534885275,,TRUE
4427,TRUE,FALSE,-0.15745083368084972,1.1630298762707965,4.539117929105853,4.444833536705802,14.820268354304083,3.3760880528350565,10.375434817598283,6.999346764763226,,TRUE
4428,TRUE,FALSE,-0.9545611708041939,0.49407768006888025,4.426393651701028,3.057939104523442,10.546855181992788,3.932315971632148,7.488916077469346,3.556600105837198,,TRUE
4429,TRUE,FALSE,-0.21268579287845502,1.1207817036058516,5.237368643900331,2.902350144911748,10.964116721026745,4.1165869402944795,8.061766576114996,3.9451796358205167,,TRUE
4430,TRUE,FALSE,-0.7148229847720547,1.182933163643779,8.696919004888375,3.2613209125919274,11.731541344651758,7.513985841244597,8.4702204320598309,0.9562345908152343,,TRUE
4431,TRUE,FALSE,-0.1318789272856272,1.1117215706614376,4.979127519873077,2.174126790591312,8.534297814321583,3.8674059492116397,6.36017102373027,2.4927650745186307,,TRUE
4432,TRUE,FALSE,-0.21770482820978646,1.0811382265490126,4.205387841725226,3.0060865585429255,9.405422465327057,3.124249615176214,6.399335906784131,3.2750862916079173,,TRUE
4433,TRUE,FALSE,-0.2746783863911034,1.2591563335584277,5.664724257238869,2.1319518109989968,7.287611234301005,4.405567923680441,5.1556594233020085,0.7500914996215675,,TRUE
4434,TRUE,FALSE,-0.1524928607682113,0.8680792014328814,3.3481730091217274,3.061043209825002,10.13657393250541,2.480093807688846,7.0755307226804085,4.595436914991563,,TRUE
4435,TRUE,FALSE,-0.20515971691187035,1.682074603862594,8.189697540525612,2.7917849758240982,11.071458634246673,6.507622936663019,8.279673658422574,1.7720507217595554,,TRUE
4436,TRUE,FALSE,-0.15029846318761564,0.9634791196503824,4.955283213148314,2.4632401398036983,10.900819130640306,3.9918040934979313,8.437578990836608,4.445774897338676,,TRUE
4437,TRUE,FALSE,0.2785905397491925,1.1129467132293542,4.416264014136987,2.7370867802531462,14.350253021334195,3.3033173009076324,11.61316624108105,8.309848940173417,,TRUE
4438,TRUE,FALSE,0.3221348970426161,1.7797726673399294,4.601138132707395,3.3578938577479,11.980339106075443,2.8213654653674656,8.622445248327542,5.801079782960077,,TRUE
4439,TRUE,FALSE,-0.40138216177552977,0.785297663000124,5.094044338387403,2.8388417382509945,12.326833772692114,4.308746675387279,9.487992034441119,5.17924535905384,,TRUE
4440,TRUE,FALSE,0.05752136150996273,1.5487166101208096,5.052498778134009,2.7787830398224633,9.602185913594152,3.503782168013199,6.8234028737716885,3.3196207057584894,,TRUE
4441,TRUE,FALSE,-0.14379844468616362,1.0034579859311503,4.887239944928872,2.5343979300086628,10.690263308723141,3.883781958997722,8.155865378714479,4.272083419716757,,TRUE
4442,TRUE,FALSE,0.1781670895546735,1.232007825420794,4.570062458030041,2.153863972658904,9.54781344976848,3.3380546326092464,7.393949477109576,4.0558948445003296,,TRUE
4443,TRUE,FALSE,0.05399375684053862,0.7020396654058899,2.655198445800714,2.2673874186078256,9.051285373202845,1.953158780394824,6.7838979545950195,4.830739174200195,,TRUE
4444,TRUE,FALSE,0.08485744136164274,1.1589478301507856,4.307661649101364,3.17246435718585,12.835936709314733,3.1487138189505783,9.663472352128883,6.514758533178305,,TRUE
4445,TRUE,FALSE,-0.5048099967993779,0.4781383051324986,3.0274981337224065,3.0730597360933105,11.745328090912908,2.5493598285899077,8.672268354819597,6.122908526229689,,TRUE
4446,TRUE,FALSE,0.07110437967085789,1.1817124810321957,4.912539143497281,2.2197887094704245,9.908001855304121,3.730826662465086,7.688213145833696,3.9573864833686105,,TRUE
4447,TRUE,FALSE,-0.5192791792984248,0.9574835840910803,6.5020628744306235,2.2476060133566484,9.080712610681388,5.544579290339543,6.83310659732474,1.2885273069851966,,TRUE
4448,TRUE,FALSE,0.03321714958286655,1.137302671642118,4.1136642518724855,3.1779308711716214,11.88292220602464,2.9763615802303676,8.704991334853018,5.72862975462265,,TRUE
4449,TRUE,FALSE,-0.15747348075046078,1.1198177635524043,6.286206657377343,2.7120422738148893,13.00612407972506,5.166388893824939,10.29408180591017,5.127692912085232,,TRUE
4450,TRUE,FALSE,-0.05476303327255639,0.792391493334186,3.297010504829776,2.7982124024010693,11.022444489274886,2.50461901149559,8.224232086873815,5.719613075378225,,TRUE
4451,TRUE,FALSE,-0.11728965109030139,1.156561545052349,4.955811297786337,2.806591874153029,10.695153656775311,3.7992497527339877,7.888561782622282,4.089312029888294,,TRUE
4452,TRUE,FALSE,-0.7186911897331606,1.0248487766161967,6.732006542116069,3.434762312902545,10.996584442011637,5.707157765499872,7.561822129109092,1.8546643636092197,,TRUE
4453,TRUE,FALSE,-0.05349318443275796,0.9512254822740774,4.329570931018149,2.1321303557926257,9.1990576716268,3.3783454487440716,7.0669273158341745,3.688581867090103,,TRUE
4454,TRUE,FALSE,-0.2324231604224602,1.4536128983090122,6.845047229929072,3.0130893929639515,11.246039425416383,5.39143433162006,8.23295003245243,2.841515700832371,,TRUE
4455,TRUE,FALSE,-0.5019295703394916,1.1065457704577313,5.645924238887117,4.004260895685825,12.36809427386572,4.539378468429386,8.363833378179894,3.824454909750508,,TRUE
4456,TRUE,FALSE,-0.6660612350006418,1.1121809419722353,8.302100090581979,2.41539408243312,9.26261888372685,7.189919148609743,6.84722480129373,-0.3426943473160131,,TRUE
4457,TRUE,FALSE,-0.11978682469697582,1.0790344981574043,5.971388466239406,2.280508827488539,11.195641821440732,4.892353968082002,8.915132993952193,4.022779025870191,,TRUE
4458,TRUE,FALSE,-0.042201755808640475,1.19184198964609,4.601974488962395,3.0504034351190463,11.291582619001227,3.4101324993163056,8.241179183882181,4.831046684565876,,TRUE
4459,TRUE,FALSE,-0.27905875157874277,0.8234920012357085,4.647568482656483,1.9252966612553624,8.21997306627826,3.824076481420775,6.294676405022898,2.4705999236021228,,TRUE
4460,TRUE,FALSE,-0.1748156390372324,1.1847845346855226,6.6360900383348325,2.286081654766615,10.750858961833506,5.45130550364931,8.46477730706689,3.0134718034175805,,TRUE
4461,TRUE,FALSE,-0.2716650774451239,1.1962475940306638,6.55488861831232,2.814911453472378,11.75510014234334,5.358641024281656,8.940188688870961,3.581547664589305,,TRUE
4462,TRUE,FALSE,-0.0444314138955562,1.1506588703922798,5.4769588461992615,2.2184171183718453,10.100428015153156,4.326299975806982,7.882010896781311,3.555710920974329,,TRUE
4463,TRUE,FALSE,-0.043956923257273836,1.5003171435511475,6.121704364288567,2.618091424579655,10.223128966377018,4.621387220737419,7.605037541797364,2.9836503210599448,,TRUE
4464,TRUE,FALSE,-0.10089513120194167,0.6321725869274352,3.0874798454014307,2.409719667045902,10.63939162809532,2.4553072584739954,8.229671961049418,5.774364702575422,,TRUE
4465,TRUE,FALSE,-0.08981295503754809,0.713053967156137,3.4989875457778794,2.147753389697086,9.633833552203145,2.7859335786217425,7.486080162506059,4.700146583884316,,TRUE
4466,TRUE,FALSE,-0.47138081254897496,0.9271223901003172,5.690301130401994,2.8238491786694926,10.817367692049094,4.763178740301677,7.993518513379602,3.230339773077925,,TRUE
4467,TRUE,FALSE,-0.036166050020793705,1.1916465314386009,4.710542768359954,2.877253847109297,10.969705325938643,3.5188962369213526,8.092451478829346,4.573555241907994,,TRUE
4468,TRUE,FALSE,-0.7225198029478095,0.6414264633086023,4.47064403876065,3.033247409593328,10.264662871540667,3.8292175754520477,7.231415461947339,3.4021978864952915,,TRUE
4469,TRUE,FALSE,0.39452196773168946,0.8680878456392191,3.0956594744505828,2.0053779530884333,10.610221634343004,2.2275716288113636,8.604843681254572,6.3772720524432085,,TRUE
4470,TRUE,FALSE,-0.40521015190593573,0.9899014054288169,5.5040858500955885,3.3471055447470097,12.410295787268145,4.514184444666771,9.063190242521136,4.549005797854365,,TRUE
4471,TRUE,FALSE,-0.07627049185755704,1.0097009590793924,4.483397298992089,3.7433710161461744,15.401161561369344,3.4736963399126966,11.65779054522317,8.184094205310473,,TRUE
4472,TRUE,FALSE,-0.3566036984483008,1.1637444739521332,6.142960839938956,2.976731815635578,10.999901743903422,4.979216365986823,8.023169928267844,3.043953562281021,,TRUE
4473,TRUE,FALSE,-0.2813111829194617,1.0112925336380558,4.209324987630614,2.972386368598091,9.338325829293238,3.1980324539925586,6.365939460695147,3.1679070067025883,,TRUE
4474,TRUE,FALSE,-0.03928153671329771,1.307535600270762,4.919307528739873,3.0533440556934996,11.045018314801467,3.611771928469111,7.991674259107968,4.379902330638856,,TRUE
4475,TRUE,FALSE,-0.015781544771961302,0.8514172407374875,3.5363599631384064,3.2587377123786627,13.323232100714447,2.684942722400919,10.064494388335785,7.379551665934866,,TRUE
4476,TRUE,FALSE,0.10087185389787394,1.77304582610313,5.398086431983276,2.2359725170283404,7.529990430038773,3.625040605880146,5.294017913010433,1.668977307130287,,TRUE
4477,TRUE,FALSE,-0.03071490439865453,1.0530984663406977,3.750598074565574,3.330385132596424,11.502352999385339,2.6974996082248763,8.171967866788915,5.4744682585640385,,TRUE
4478,TRUE,FALSE,-0.02454932046191119,1.2415577584485915,4.767743665149323,2.8253066037473906,10.586439496709326,3.5261859067007313,7.761132892961935,4.234946986261204,,TRUE
4479,TRUE,FALSE,-0.2942703356977779,0.6835478531523914,4.593837355288668,2.102271399801463,10.526778634719157,3.910289502136277,8.424507234917694,4.514217732781417,,TRUE
4480,TRUE,FALSE,-0.2432634849842539,1.6585858790594175,6.917981804356929,2.947864599948822,9.640531866003515,5.259395925297511,6.692667266054693,1.433271340757182,,TRUE
4481,TRUE,FALSE,-0.6516410671463534,1.3183506062450925,8.681521573736644,2.630648051168827,9.028665318584135,7.363170967491552,6.398017267415309,-0.9651537000762431,,TRUE
4482,TRUE,FALSE,0.15605177531977987,1.3764460538548755,4.196003917996619,2.6624954650762627,9.48719859286671,2.8195578641417436,6.824703127790447,4.0051452636487035,,TRUE
4483,TRUE,FALSE,-0.4034563009981844,1.204680006589779,5.8598009443741,2.835010173740198,9.2118516910635,4.655120937784321,6.376841517323303,1.7217205795389825,,TRUE
4484,TRUE,FALSE,0.006078876029718145,0.9983105957970672,3.502588037342872,2.4474843450645034,8.639394872659292,2.504277441545805,6.191910527594788,3.6876330860489834,,TRUE
4485,TRUE,FALSE,-0.2150945291170079,1.1009583851214333,5.036621424621089,2.6096085051491675,9.627851810605538,3.9356630394996555,7.01824330545637,3.082580265956715,,TRUE
4486,TRUE,FALSE,-0.15010810932622162,0.8834861734671354,3.712943807248541,2.728750818021954,9.869414173509918,2.8294576337814057,7.140663355487964,4.311205721706559,,TRUE
4487,TRUE,FALSE,-0.33159629782977357,0.848655962224401,3.487781991699484,2.905982490882616,8.572356329168214,2.639126029475083,5.6663738382855975,3.0272478088105146,,TRUE
4488,TRUE,FALSE,-0.2081442623027412,1.2256453505222051,6.386306216254855,2.6135105754705275,11.05893419406432,5.16066086573265,8.445423618593793,3.284762752861143,,TRUE
4489,TRUE,FALSE,-0.6416732167588969,1.3561622223226775,8.398969284911953,2.841447207456666,9.263578902235167,7.042807062589276,6.422131694778502,-0.6206753678107741,,TRUE
4490,TRUE,FALSE,-0.3136247786466081,1.2973946308189543,5.895888348501756,2.480915466916034,8.239172777606715,4.598493717682802,5.758257310690681,1.1597635930078791,,TRUE
4491,TRUE,FALSE,-0.27300088892206686,0.7941097930341621,5.3420020555608865,2.318079770092516,11.868315867416818,4.547892262526725,9.550236097324301,5.002343834797577,,TRUE
4492,TRUE,FALSE,-0.5225036239298816,0.8757068349997286,5.765885422292982,2.546192441787038,9.942098293712354,4.890178587293253,7.395905851925315,2.5057272646320623,,TRUE
4493,TRUE,FALSE,-0.09788782962872125,1.1817679053798507,5.563212816262854,3.0917404430429256,13.197278007309885,4.381444910883003,10.10553756426696,5.724092653383957,,TRUE
4494,TRUE,FALSE,-0.32756486322235523,0.9790868478437719,5.303658458230726,2.4797925921816804,9.680773919500618,4.324571610386954,7.200981327318938,2.8764097169319838,,TRUE
4495,TRUE,FALSE,0.4911758841514798,1.1927697256308525,3.0258887864951602,2.667396561267306,11.058568629104373,1.8331190608643078,8.391172067837067,6.558053006972759,,TRUE
4496,TRUE,FALSE,0.15046859491316036,1.5810653752909982,5.159418380737729,2.573328157046081,9.760987826457647,3.578353005446731,7.187659669411566,3.6093066639648352,,TRUE
4497,TRUE,FALSE,-0.08177186719355448,1.014631573859522,4.783402920285303,2.6220406908153837,11.390818920471556,3.7687713464257806,8.768778229656172,5.000006883230392,,TRUE
4498,TRUE,FALSE,-0.05098567732409017,1.9427408830792272,7.641486394990446,2.6535328538942875,9.918468888798376,5.698745511911219,7.264936034904089,1.56619052299287,,TRUE
4499,TRUE,FALSE,-0.4402548996402083,0.5751563367937158,3.5165477518344264,3.1262148444607254,12.30691376692241,2.9413914150407106,9.180698922461684,6.239307507420973,,TRUE
4500,TRUE,FALSE,-0.06047885335402623,1.1003028148703793,4.644928033130416,2.283803640143903,9.075277093485653,3.5446252182600366,6.79147345334175,3.246848235081713,,TRUE
4501,TRUE,FALSE,-0.5745674130479238,0.9289350923221045,5.010319043727917,3.5164495082487943,10.67709091808306,4.081383951405813,7.160641409834266,3.0792574584284536,,TRUE
4502,TRUE,FALSE,-0.2581264517254946,1.2001533229144639,4.743003799490963,3.352180324362501,10.233901194853065,3.542850476576499,6.881720870490564,3.3388703939140645,,TRUE
4503,TRUE,TRUE,0.011579500442618518,1.5367804442641042,6.4405749036982725,2.340064452248662,9.921321941015423,4.9037944594341685,7.581257488766761,2.6774630293325927,,TRUE
4504,TRUE,FALSE,-0.11283068356898998,0.7367841643156054,3.5193467919838333,2.838370714208693,12.111255181185873,2.782562627668228,9.27288446697718,6.490321839308952,,TRUE
4505,TRUE,FALSE,-0.2483497859148761,0.5633894183430566,3.1241730939517636,2.447351976823825,10.586828901894537,2.560783675608707,8.139476925070712,5.578693249462004,,TRUE
4506,TRUE,FALSE,-0.49790197981093204,0.7750085789891158,4.7906436319542145,2.821624724887675,10.601090096891193,4.015635052965099,7.779465372003518,3.7638303190384192,,TRUE
4507,TRUE,FALSE,0.04896020138810478,1.2618658369770783,5.086713529507072,2.8953528485594444,12.257128528625245,3.8248476925299935,9.3617756800658,5.536927987535807,,TRUE
4508,TRUE,FALSE,0.4180301978870552,1.281091902345011,3.4496987112910973,2.560378865717753,10.472571215130303,2.1686068089460866,7.91219234941255,5.743585540466463,,TRUE
4509,TRUE,FALSE,-0.043475957557238126,1.133681784201901,4.42234019287147,2.41095391293208,9.004684889305771,3.288658408669569,6.593730976373692,3.305072567704123,,TRUE
4510,TRUE,FALSE,-0.07829714362688552,1.2740443877229144,5.301267811532282,2.6196207618237106,10.079281901539797,4.027223423809368,7.459661139716086,3.432437715906718,,TRUE
4511,TRUE,FALSE,-0.43914896417826144,1.1980924928332113,5.896116592680021,3.1044218279817497,9.847737702366414,4.698024099846809,6.743315874384665,2.045291774537856,,TRUE
4512,TRUE,FALSE,0.3916474746048689,1.4012639892126089,3.5924104864219233,2.0149921479623893,7.642398672987887,2.1911464972093144,5.627406525025497,3.436260027816183,,TRUE
4513,TRUE,FALSE,-0.35739844949110744,1.1260819158008055,5.620008359401813,2.4601440065334965,8.588381597850466,4.493926443601007,6.128237591316969,1.6343111477159624,,TRUE
4514,TRUE,FALSE,-0.15841422583066572,1.2015566502583617,5.1592178746684985,2.6363547232455695,9.661510661226114,3.9576612244101366,7.025155937980545,3.067494713570408,,TRUE
4515,TRUE,FALSE,-0.15295551871294624,1.063495267996287,5.359291526397933,2.8011780640477677,12.113922723035472,4.295796258401646,9.312744658987704,5.016948400586058,,TRUE
4516,TRUE,FALSE,0.18680742406466688,1.5873263962258697,5.929772571867376,2.1941178822191305,9.8800965589292975,4.3424461756415065,7.685978676710167,3.343532501068661,,TRUE
4517,TRUE,FALSE,-0.45450925915318563,0.7212133695274999,4.891815282048105,2.7578631022205022,11.873756043819709,4.170601912520605,9.115892941599206,4.945291029078601,,TRUE
4518,TRUE,FALSE,-0.1440819124213131,0.827778915791828,4.1226290024015055,2.32992248756243,10.046791450379308,3.2948500866096775,7.7168689628168785,4.422018876207201,,TRUE
4519,TRUE,FALSE,-0.5914919364774122,1.2576181770585808,7.185296862346709,3.1065827406608717,9.824198999446894,5.927678685288128,6.717616258786022,0.7899375734978946,,TRUE
4520,TRUE,FALSE,0.15074957160109698,1.080137667600014,4.265573680871915,2.0306720470764157,9.324119574068243,3.185436013271901,7.2934475269918275,4.1080115137199265,,TRUE
4521,TRUE,FALSE,-0.4587609818598881,0.7943650265654311,4.944422801452401,2.346219957174512,9.230534438271558,4.15005777488697,6.8843144810970465,2.7342567062100764,,TRUE
4522,TRUE,FALSE,0.2525918079704163,1.860314887374841,5.634118318824582,3.189055577032645,12.433712406595243,3.773803431449741,9.244656829562597,5.470853398112856,,TRUE
4523,TRUE,FALSE,-0.6862713600262182,0.9850857843755443,7.039737343840664,3.044430245186524,10.953289512594589,6.054651559465119,7.908859267408065,1.8542077079429458,,TRUE
4524,TRUE,FALSE,-0.269224377419341,0.8767390561801841,4.166496743404769,2.1346536898722004,7.750067054172669,3.289757687224585,5.615413364300468,2.325655677075883,,TRUE
4525,TRUE,FALSE,0.39247039136608136,0.8297965328137974,2.129683880845696,2.376272901367027,9.029996222841634,1.2998873480318984,6.653723321474606,5.353835973442708,,TRUE
4526,TRUE,FALSE,-0.048014029003110685,1.1893151554196684,5.87452695366489,2.3649496499911185,11.13385648098377,4.685211798245222,8.768906830992652,4.08369503274743,,TRUE
4527,TRUE,FALSE,-0.17608697750973404,1.3499296840870976,6.14357160572155,3.7265327685508463,14.221359629985573,4.793641921634452,10.494826861434726,5.701184939800274,,TRUE
4528,TRUE,FALSE,-0.3536718919481933,1.4600854987401246,8.484342104969905,2.467919417134323,10.068693204236759,7.02425660622978,7.600773787102436,0.5765171808726555,,TRUE
4529,TRUE,FALSE,-0.11593060292049859,0.9330674491861116,4.264814794253569,3.102474625613484,12.628371636670163,3.3317473450674573,9.52589701105668,6.194149665989222,,TRUE
4530,TRUE,FALSE,-0.1401418303673255,0.938382532523526,3.848355107425437,2.9912728382935567,10.663221450873975,2.909972574901911,7.671948612580418,4.761976037678506,,TRUE
4531,TRUE,FALSE,-0.0731263580077636,1.3081503380135509,6.280063028736198,2.070280148784195,9.237981512784716,4.971912690722647,7.1677013640005205,2.1957886732778737,,TRUE
4532,TRUE,FALSE,-0.5960668206079168,1.0205605890728378,5.443306413094598,4.205390082403945,12.358385668405287,4.42274582402176,8.152995586001342,3.7302497619795822,,TRUE
4533,TRUE,FALSE,-0.21178543719597032,0.867281993939327,4.483862841600515,2.9215329338021787,12.221528619837617,3.616580847661188,9.299995686035437,5.683414838374249,,TRUE
4534,TRUE,FALSE,-0.36196735698928195,1.0427304473744785,5.16311202259866,3.5314760631933995,12.17573911499932,4.120381575224181,8.644263051805922,4.523881476581741,,TRUE
4535,TRUE,FALSE,-0.056620591964700887,1.41812981554406,7.213728951197674,2.8981188527678197,13.93060613822274,5.795599135653614,11.032487285454922,5.236888149801308,,TRUE
4536,TRUE,FALSE,-0.8486908568237763,0.6232962487933094,4.69464602905786,2.4584131050331686,7.924674733618855,4.07134978026455,5.466261628585686,1.3949118483211356,,TRUE
4537,TRUE,FALSE,0.03438016935999912,1.3833542110035693,6.22135583839489,3.0400333631009984,14.150152269347538,4.838001627391321,11.11011890624654,6.2721172788552195,,TRUE
4538,TRUE,FALSE,-0.19348433823703395,0.7927541709080559,3.6726772877944525,2.4012682650306667,9.167601658219638,2.8799231168863964,6.7663333931889715,3.886410276302575,,TRUE
4539,TRUE,FALSE,-0.17099303552354786,1.3115575871093836,5.446695980398374,3.316172157082338,11.60704070707277,4.13513839328899,8.290868549990432,4.155730156701441,,TRUE
4540,TRUE,FALSE,-0.1585383366330723,1.972562363446822,8.79131078749386,2.6978699414461356,10.261044605089024,6.818748424047038,7.563174663642888,0.7444262395958505,,TRUE
4541,TRUE,FALSE,-0.140713704663661,1.2553370983181622,4.808898587182559,3.7413889660001742,12.4510773373912,3.5535614888643963,8.709688371391024,5.156126882526628,,TRUE
4542,TRUE,FALSE,-0.532140535114817,0.9976349197626323,6.131653469562034,2.827363716544368,10.206619929938245,5.134018549799402,7.3792562133938775,2.2452376635944757,,TRUE
4543,TRUE,FALSE,-0.11910004837548974,0.8460510240417899,3.4854646588481057,2.247704302942765,8.220132372675678,2.6394136348063157,5.9724280697329135,3.3330144349265978,,TRUE
4544,TRUE,FALSE,-0.34005105052488727,1.1481012981849006,7.103983273538305,1.9392458444195408,8.540283682275124,5.955881975353405,6.601037837855583,0.645155862502178,,TRUE
4545,TRUE,FALSE,-0.11246646006929144,1.1515729088263023,4.609053365190341,2.7980151155435418,10.007527460829078,3.4574804563640393,7.209512345285535,3.752031888921496,,TRUE
4546,TRUE,FALSE,-0.3445869622041385,0.7271856931890769,4.332200610264255,2.056566267379472,8.680679564779489,3.6050149170751786,6.624113297400017,3.0190983803248383,,TRUE
4547,TRUE,FALSE,-0.031184227538944665,0.8784927554268378,3.745533222586159,3.0508437148308833,12.608176851206313,2.8670404671593213,9.55733313637543,6.690292669216109,,TRUE
4548,TRUE,FALSE,0.27265130016133754,1.5699851366635302,5.167409614924174,2.557545079689215,11.056345476933615,3.5974244782606437,8.4988003972444,4.9013759189837565,,TRUE
4549,TRUE,FALSE,-0.3151586187739673,1.6753986264537526,8.769155747003637,2.287331258524287,8.735686590522814,7.093757120549885,6.448355331998528,-0.6454017885513572,,TRUE
4550,TRUE,FALSE,-0.5060348581697766,1.042718592526241,6.9023362425425585,2.2278068747282784,8.890749778578922,5.859617650016317,6.662942903850643,0.8033252538343261,,TRUE
4551,TRUE,FALSE,0.5336289169322009,1.2518046557761777,3.367733250197584,2.3815057119631384,10.924582377005681,2.115928594421406,8.543076665042543,6.427148070621136,,TRUE
4552,TRUE,FALSE,-0.2107871281106236,0.9862149893606633,5.403140680250203,2.7980329176712355,12.416060186610096,4.41692569088954,9.61802726893886,5.20110157804932,,TRUE
4553,TRUE,FALSE,-0.31903647651925826,1.209465420168078,6.268984165335481,2.6154473114605543,9.853576919755236,5.059518745167403,7.238129608294681,2.178610863127278,,TRUE
4554,TRUE,FALSE,-0.27210720229233376,1.0657360328247558,5.008811767987716,2.97069479502196,10.635757835085787,3.94307573516296,7.665063040063827,3.7219873049008667,,TRUE
4555,TRUE,FALSE,-0.2483329345974357,1.230845645891582,6.0496998383129545,2.5024479462794145,9.595015106556492,4.818854192421373,7.092567160277078,2.2737129678557046,,TRUE
4556,TRUE,FALSE,0.1799986961752844,1.4988041408269357,5.608817200058441,2.292284949068197,10.269929091223519,4.110013059231505,7.977644142155322,3.8676310829238165,,TRUE
4557,TRUE,FALSE,-0.06196649314913903,1.0290368253369961,4.85069609041892,2.3759759036858368,10.526972168983342,3.8216592650819234,8.150996265297504,4.329337000215581,,TRUE
4558,TRUE,FALSE,0.152432575297886,1.80831110278861,6.193079801027887,3.0391344850020063,12.122273330294615,4.384768698239276,9.08313884529261,4.698370147053333,,TRUE
4559,TRUE,FALSE,-0.218010910510658,1.1942036836340184,6.137689913163556,2.573883191303382,10.63737415383973,4.943486229529538,8.063490962536347,3.1200047330068097,,TRUE
4560,TRUE,FALSE,-0.11879143525071005,1.238291630143206,4.781539155255551,3.880339272296784,13.305279847818541,3.5432475251123448,9.424940575521758,5.881693050409413,,TRUE
4561,TRUE,FALSE,-0.03626105092179348,0.9514460765826184,3.404110019038672,3.2129225762931872,11.08591882280624,2.452663942456054,7.872996246513053,5.420332304056999,,TRUE
4562,TRUE,FALSE,-0.4485762615064048,1.087264685899526,6.539986856539221,2.3741083757629116,9.118595232877432,5.452722170639695,6.74448685711452,1.2917646864748251,,TRUE
4563,TRUE,FALSE,0.3761992585855947,1.91841651310833,4.966401428055363,2.8281723379272945,10.665618575210203,3.0479849149470333,7.837446237282909,4.7894613223358755,,TRUE
4564,TRUE,FALSE,0.23873882416827136,1.1912934423669652,4.862053189047588,2.1408158072652665,11.093362664093158,3.6707597466806225,8.952546856827892,5.2817871101472695,,TRUE
4565,TRUE,FALSE,0.030582799332790248,0.7464636538037177,3.125325126648352,2.371099118745047,10.2357150558631,2.3788614728446342,7.864615937118053,5.485754464273419,,TRUE
4566,TRUE,FALSE,-0.07954693880601203,1.287050565695024,5.563429007407732,3.089549747784498,12.33375555382318,4.276378441712708,9.244205806038682,4.967827364325974,,TRUE
4567,TRUE,FALSE,0.025190969324794556,1.3368913678276682,6.073473037416631,1.9114018868446914,8.904987169897025,4.736581669588962,6.993585283052333,2.257003613463371,,TRUE
4568,TRUE,FALSE,0.07591115478312095,1.166014920019181,4.55802228492434,2.0351524076241527,8.582959639165079,3.3920073649051594,6.547807231540926,3.1557998666357663,,TRUE
4569,TRUE,FALSE,0.3006571072067115,1.0542448440960377,2.8071332605615247,2.9826891880330098,10.727617172666626,1.752888416465487,7.744927984633616,5.9920395681681295,,TRUE
4570,TRUE,FALSE,0.20091423550299067,1.023581580350342,3.5805781800302814,2.8311556692320807,12.107386095505138,2.5569965996799393,9.276230426273058,6.719233826593118,,TRUE
4571,TRUE,FALSE,-0.11954983899586899,1.269376588157386,5.5375728434608815,3.039382594496099,11.765069708723388,4.268196255303495,8.72568711422729,4.457490858923794,,TRUE
4572,TRUE,FALSE,-0.36960656199172043,1.2993218964966518,7.07540191980813,2.835189270961316,10.668376255845178,5.776080023311478,7.833186984883863,2.0571069615723845,,TRUE
4573,TRUE,FALSE,-0.7180166668585449,0.9177532926210537,6.544542341786892,3.0060907002249615,10.455016781923447,5.626789049165838,7.448926081698486,1.8221370325326482,,TRUE
4574,TRUE,FALSE,-0.3421555260814666,1.259473836152806,7.440846380676462,2.312313884972716,9.702501498786303,6.181372544523656,7.390187613813587,1.2088150692899307,,TRUE
4575,TRUE,FALSE,0.17135603483364326,1.2084392198456146,4.2495366944554664,2.321768321483982,9.69068849625613,3.0410974746098516,7.368920174772147,4.3278227001622955,,TRUE
4576,TRUE,FALSE,-0.08396992531361452,1.027096754925143,4.160314165347787,3.1122326897920902,11.590953280154391,3.1332174104226436,8.4787205903623,5.345503179939657,,TRUE
4577,TRUE,FALSE,-0.19436382460628748,1.0487361247946823,4.193165384911169,3.6238071306435518,11.929704951558193,3.144429260116487,8.305897820914641,5.161468560798154,,TRUE
4578,TRUE,FALSE,0.40602679466584346,1.056579663605988,3.133629205062304,2.4301171186447403,10.817023169276274,2.077049541456316,8.386906050631534,6.309856509175218,,TRUE
4579,TRUE,FALSE,-0.04113666957377365,1.2703096562909042,5.769750115619948,2.7722248224598176,12.083991869727175,4.499440459329044,9.311767047267358,4.812326587938314,,TRUE
4580,TRUE,FALSE,-0.3887722603205232,0.8181362249574172,4.684835175969673,2.4569808815968757,9.537374213556516,3.866698951012256,7.080393331959641,3.213694380947385,,TRUE
4581,TRUE,FALSE,0.20960436255093617,1.0217910401419381,3.568015826267933,2.8905462953319465,12.447284883532562,2.546224786125995,9.556738588200616,7.010513802074621,,TRUE
4582,TRUE,FALSE,-0.3836255043489094,1.3749442998949428,6.6544752904933935,2.4292231479352666,8.01105444017481,5.279530990598451,5.581831292239544,0.3023003016410932,,TRUE
4583,TRUE,FALSE,-0.3144320182954608,1.1975796364273095,5.392623514540253,2.724954927321687,8.959812700598027,4.195043878112943,6.234857773276341,2.0398138951633973,,TRUE
4584,TRUE,FALSE,-0.2977964462161748,1.3434769632576344,6.76609884756257,3.5775867305890943,13.377252728262597,5.422621884304935,9.799665997673504,4.3770441133685685,,TRUE
4585,TRUE,FALSE,-0.113737592569663,1.11184951416886,5.176405061392302,2.994233489979632,12.441487205086814,4.064555547223442,9.447253715107182,5.38269816788374,,TRUE
4586,TRUE,FALSE,0.01237023676775182,1.100905884128686,4.0655261949871235,2.7325498594947364,10.2166141405308,2.9646203108584377,7.484064281036063,4.519443970177625,,TRUE
4587,TRUE,FALSE,-0.35138219576376417,1.0350607909256002,5.657875216350352,2.7062379855342322,10.409985976888981,4.622814425424751,7.703747991354749,3.080933565929998,,TRUE
4588,TRUE,FALSE,-0.35976063419734683,1.1114927085350859,4.993806723702525,3.3614399810921354,10.539218653299626,3.882314015167439,7.1777786722074906,3.2954646570400516,,TRUE
4589,TRUE,FALSE,-0.07472614505727998,1.4685567052289763,5.656102603840201,2.589949897827159,9.256882878876839,4.187545898611225,6.66693298104968,2.479387082438455,,TRUE
4590,TRUE,FALSE,-0.34992987250557883,0.9026990150802269,4.513453506638817,2.893928142208621,10.197204641576585,3.6107544915585903,7.303276499367964,3.692522007809374,,TRUE
4591,TRUE,FALSE,-0.46561810667446835,1.081670156489368,6.511039120263272,2.562854514933442,9.68420637972306,5.4293689637739035,7.121351864789618,1.6919829010157148,,TRUE
4592,TRUE,FALSE,0.13720408443330137,1.5256776258475577,5.1707749167654775,2.444088757535552,9.501601372038463,3.64509729091792,7.057512614502912,3.412415323584992,,TRUE
4593,TRUE,FALSE,-0.255526891356726,1.3336444089893593,6.400645209736045,2.8938849957275723,10.756997193203903,5.067000800746686,7.8631121974763305,2.7961113967296445,,TRUE
4594,TRUE,FALSE,-0.3419147769947904,0.8037072684047853,3.9447268603557446,3.3179995488938347,11.569208901896014,3.1410195919509594,8.251209353002178,5.110189761051219,,TRUE
4595,TRUE,FALSE,-0.3356368988501945,1.1760909129346242,5.964390195587065,3.129248512306427,11.344881255161104,4.78829928265244,8.215632742854677,3.4273334602022363,,TRUE
4596,TRUE,FALSE,-0.1199434527317985,1.3248928357003376,5.975510825757911,3.1635205784390164,12.65535027471381,4.650617990057573,9.491829696274793,4.84121170621722,,TRUE
4597,TRUE,FALSE,-0.32468714870045806,1.2952208848441606,6.497401509142849,3.2713285124636715,11.860696370291786,5.202180624298688,8.589367857828114,3.387187233529426,,TRUE
4598,TRUE,FALSE,-0.05242492316441525,1.025085475802208,3.6923407573124734,2.5964126891441746,8.874574961737517,2.6672552815102653,6.278162272593343,3.6109069910830773,,TRUE
4599,TRUE,FALSE,-0.003588567746719547,1.1313601423281296,4.3849923380501945,2.399978118831193,9.268655731221099,3.253632195722065,6.868677612389906,3.615045416667841,,TRUE
4600,TRUE,FALSE,-0.013219011014199493,1.7417469354688266,6.961107972651869,2.7675084499978353,10.915442017929225,5.219361037183043,8.14793356793139,2.9285725307483466,,TRUE
4601,TRUE,FALSE,-0.08570836953156222,1.1491654929353232,4.988026318649529,2.851268133057063,11.359561001453068,3.8388608257142054,8.508292868396005,4.6694320426818,,TRUE
4602,TRUE,FALSE,-0.07845194945563977,0.8560431287176355,3.862539599438916,2.316260307611205,9.662586962062646,3.00649647072128,7.34632665445144,4.33983018373016,,TRUE
4603,TRUE,FALSE,-0.35169164611349685,1.4882196394710145,8.648934426062999,2.4808069134856816,10.142634960176382,7.160714786591984,7.661828046690701,0.5011132600987169,,TRUE
4604,TRUE,FALSE,-0.38893594258319386,1.0475126666663255,5.662737743902952,3.2010858522986703,11.728750662284513,4.615225077236627,8.527664809985843,3.912439732749217,,TRUE
4605,TRUE,FALSE,0.46880826000358217,1.89301663916619,5.14381607732449,3.2828475483929322,14.255503322648634,3.2507994381583,10.972655774255703,7.721856336097403,,TRUE
4606,TRUE,FALSE,-0.30498873460776055,1.242053962708687,7.302871787788972,1.9903441290086028,8.62633776352161,6.060817825080285,6.635993634513007,0.5751758094327215,,TRUE
4607,TRUE,FALSE,-0.12399386031911307,1.1322503126594965,5.7421606458535805,2.496438336304383,11.184173172520754,4.609910333194084,8.687734836216372,4.0778245030222875,,TRUE
4608,TRUE,FALSE,-0.3499955272852565,0.7654741677372501,4.715302297629503,2.3728496046916607,10.300257640525203,3.9498281298922526,7.927408035833542,3.9775799059412895,,TRUE
4609,TRUE,FALSE,-0.1981346526895246,1.8433614949674615,9.36668799086701,2.399689280887152,10.001882946824267,7.523326495899549,7.602193665937115,0.07886717003756605,,TRUE
4610,TRUE,FALSE,-0.5163641281239867,0.5930745443160406,3.8500564555271874,2.540904356843888,9.842196702559114,3.256981911211147,7.301292345715226,4.044310434504079,,TRUE
4611,TRUE,FALSE,-0.01324688115708676,1.1971129092658075,4.584635427681714,2.569373040957634,9.710549525435516,3.3875225184159063,7.141176484477882,3.753653966061975,,TRUE
4612,TRUE,FALSE,-0.4533904574539066,0.547273846744678,2.937147029110901,2.7762399103031457,9.46832184840383,2.389873182366223,6.692081938100685,4.302208755734462,,TRUE
4613,TRUE,FALSE,0.013561850177249203,1.245446547176339,6.231066039021601,1.9456521543553678,9.867162875624816,4.985619491845262,7.921510721269448,2.935891229424186,,TRUE
4614,TRUE,FALSE,-0.35949637706684784,1.3173362515427176,5.888615674257023,3.1851316718727296,9.9384044144386,4.571279422714306,6.753272742565869,2.1819933198515633,,TRUE
4615,TRUE,FALSE,-0.5227668442484413,0.9087159257422743,5.537950901270803,3.3356732887663494,12.052293887578987,4.629234975528529,8.716620598812638,4.087385623284108,,TRUE
4616,TRUE,FALSE,0.21347772135428153,1.8367548387658557,5.999276403148938,2.258167501911599,9.130951339038855,4.162521564383082,6.8727838371272565,2.710262272744174,,TRUE
4617,TRUE,FALSE,-0.04225860749144042,0.9330903663649318,3.6367504355147093,2.7599729951022174,10.311977259211305,2.7036600691497776,7.5520042641090885,4.848344194959311,,TRUE
4618,TRUE,FALSE,-0.7738505550745519,0.9729255310177083,6.612514086672284,2.964481388596717,9.293016588577384,5.6395885556545755,6.328535199980667,0.6889466443260917,,TRUE
4619,TRUE,FALSE,-0.07404464722370972,1.549772825965666,5.377974203110766,2.78453325776878,8.973170103884526,3.8282013771450996,6.188636846115745,2.3604354689706457,,TRUE
4620,TRUE,FALSE,-0.4611826818052536,1.173521697370775,6.605013832424063,2.394189502317211,8.496734268862733,5.431492135053288,6.102544766545522,0.671052631492234,,TRUE
4621,TRUE,FALSE,-0.4838865717068506,1.2037364470629068,6.765923219183275,2.5128477285988273,8.705877642686467,5.562186772120368,6.1930299140876395,0.6308431419672713,,TRUE
4622,TRUE,FALSE,-0.30166700748853104,0.9719942021716481,4.4093247689634465,3.2110547660081274,10.773177355367558,3.4373305667917986,7.562122589359431,4.1247920225676324,,TRUE
4623,TRUE,FALSE,-0.0020870561228526594,1.3935332926768043,5.615161610524409,3.0480167097888238,12.256200528725595,4.221628317847605,9.20818381893677,4.986555501089166,,TRUE
4624,TRUE,FALSE,-0.19150333060135857,1.4591676515573127,6.487206698577599,2.4435821703119935,8.970376069436906,5.028039047020286,6.526793899124913,1.4987548521046268,,TRUE
4625,TRUE,FALSE,0.22446570167962657,1.588214509636921,5.33247319331392,2.6120951337944165,10.97722907613021,3.744258683676999,8.365133942335792,4.620875258658793,,TRUE
4626,TRUE,FALSE,-0.42105101531627237,0.8182633924428414,4.825749264377352,2.7236172913205534,10.542839163989907,4.00748587193451,7.819221872669353,3.811736000734843,,TRUE
4627,TRUE,FALSE,0.1676845339610978,1.0631161582349886,3.7091157833762147,2.5702684829101825,10.604559424223783,2.645999625141226,8.0342909413136,5.388291316172374,,TRUE
4628,TRUE,FALSE,0.2057282561660133,0.8785787239465913,3.555127418968733,2.4396691652664444,12.126963558280659,2.676548695022142,9.687294393014215,7.010745697992073,,TRUE
4629,TRUE,FALSE,-0.4873869846964448,0.7934764484762329,5.174162169910968,3.170003619679255,12.696858384605633,4.380685721434735,9.526854764926378,5.146169043491644,,TRUE
4630,TRUE,FALSE,-0.39759206782024853,1.3913247032781113,6.874928702954067,2.9811776077541747,9.89818375085185,5.483603999675956,6.917006143097675,1.433402143421719,,TRUE
4631,TRUE,FALSE,-0.6074837541129957,1.0337175167581054,6.369736883171227,2.269573151823197,7.6179296996469414,5.336019366413122,5.3483565478237445,0.012337181410622122,,TRUE
4632,TRUE,FALSE,-0.051447080406081605,1.2288938338022393,5.128400182145844,2.05783948258138,8.157101273187521,3.899506348343605,6.099261790606141,2.1997554422625356,,TRUE
4633,TRUE,FALSE,0.08937637685864963,1.075644371899388,4.264227916546195,2.2295218565247787,9.664938643164662,3.188583544646807,7.435416786639884,4.246833241993077,,TRUE
4634,TRUE,FALSE,0.21897749356129909,1.239443660256383,3.87955076820504,3.186638724957272,12.41618559383073,2.640107107948657,9.22954686887346,6.589439760924803,,TRUE
4635,TRUE,FALSE,0.3594590120364306,2.257052087475575,7.299112619915153,3.5617603285257093,16.50077113193904,5.042060532439578,12.93901080341333,7.896950270973752,,TRUE
4636,TRUE,FALSE,-0.5489985968414568,0.7858949832286787,5.157192964010517,2.512559396066549,9.5222184616591,4.371297980781838,7.009659065592552,2.6383610848107137,,TRUE
4637,TRUE,FALSE,-0.3480525475165004,0.8139013879582468,4.259216027937389,2.7928904839049107,10.319400893748579,3.445314639979142,7.526510409843668,4.081195769864527,,TRUE
4638,TRUE,FALSE,0.16643105937005695,2.016625251157634,7.7423210407414675,2.257434406020083,10.23625757270886,5.725695789583833,7.978823166688777,2.253127377104944,,TRUE
4639,TRUE,FALSE,-0.10822163984178317,1.0201314286265377,4.569106552914879,2.6231778020653578,10.543937572432062,3.548975124288341,7.920759770366704,4.371784646078363,,TRUE
4640,TRUE,FALSE,-0.6568308189189173,0.8892972017718762,6.4784022613850505,2.4965193333228433,9.429700923137652,5.589105059613174,6.933181589814809,1.3440765302016349,,TRUE
4641,TRUE,FALSE,-0.47846176930939294,0.7573034057535896,5.844774045339296,2.964431598850635,14.179011151278717,5.087470639585707,11.21457955242808,6.127108912842374,,TRUE
4642,TRUE,FALSE,-0.6311298220710776,0.6679951828691851,3.903447171340215,2.666953997149935,8.290759187260793,3.2354519884710298,5.623805190110858,2.388353201639828,,TRUE
4643,TRUE,FALSE,-0.5109006954949435,1.5039636995067778,9.383748461877481,2.947502255198623,11.033461828979712,7.879784762370703,8.08595957378109,0.20617481141038585,,TRUE
4644,TRUE,FALSE,-0.3855530990215949,0.6740971476981189,4.6860081161481695,2.244981732322844,10.613283740214328,4.01191096845005,8.368302007891485,4.3563910394414345,,TRUE
4645,TRUE,FALSE,-0.037318406734330845,1.0558196997953293,4.69683928697895,2.3995113786190236,10.283277952074068,3.6410195871836204,7.883766573455044,4.242746986271424,,TRUE
4646,TRUE,FALSE,-0.17876594516414918,1.1862698509631016,5.345357137245558,2.415584872734117,9.102872747512121,4.159087286282457,6.687287874778004,2.5282005884955474,,TRUE
4647,TRUE,FALSE,-0.36334386110517,1.5478556116545499,8.317454771486242,2.4350440226600254,9.098474561230246,6.769599159831692,6.66343053857022,-0.10616862126147186,,TRUE
4648,TRUE,FALSE,0.1416716607898692,0.7626795475924537,2.554283999724548,2.777246091138797,10.716887391593293,1.7916044521320942,7.939641300454496,6.148036848322402,,TRUE
4649,TRUE,FALSE,-0.17702348369026724,0.9967894697266656,4.210975540397168,2.82498992955086,9.998062776574162,3.2141860706705025,7.1730728470233025,3.9588867763528,,TRUE
4650,TRUE,FALSE,0.15663438943506836,1.8529861512762524,6.953179312097383,2.5549043785999466,11.212729815503662,5.100193160821131,8.657825436903716,3.557632276082585,,TRUE
4651,TRUE,FALSE,0.19291883603626384,1.2404532815586162,4.01699526208702,2.2390333471088386,8.793566554259185,2.776541980528404,6.554533207150346,3.7779912266219418,,TRUE
4652,TRUE,FALSE,-0.1262448975239633,0.8569771971126257,3.4313189871380283,3.557614963991203,12.555190541552971,2.574341790025403,8.997575577561769,6.423233787536366,,TRUE
4653,TRUE,FALSE,-0.15500836941903604,1.1532193096714733,5.212773490336032,2.599190952607227,10.06180405343464,4.059554180664558,7.462613100827413,3.403058920162855,,TRUE
4654,TRUE,FALSE,-0.5437365024707531,1.045657689201838,6.9025210761939695,3.2381129731987186,12.409904516517617,5.856863386992131,9.171791543318898,3.3149281563267667,,TRUE
4655,TRUE,FALSE,-0.49590702559136307,0.9801347131193515,6.095025200391965,2.7766043050515323,10.515599637818626,5.114890487272613,7.738995332767094,2.6241048454944806,,TRUE
4656,TRUE,FALSE,-0.13709410265464292,0.8919860522203601,3.9675966335591513,2.9242129273721567,11.340683497318194,3.075610581338791,8.416470569946037,5.340859988607246,,TRUE
4657,TRUE,FALSE,0.06508182894195244,1.4889680683935551,7.463944745110782,3.0969021768132334,16.568195024750707,5.974976676717226,13.471292847937473,7.496316171220247,,TRUE
4658,TRUE,FALSE,-0.50650253638549525,0.8411822758673978,4.2544842911354674,3.1031925613712703,9.45789046649962,3.4133020152680698,6.35469790512835,2.94139588986028,,TRUE
4659,TRUE,FALSE,-0.24388341935623156,0.9822818476653069,4.851995402240831,2.497917001987441,9.668187024834314,3.8697135545755246,7.170270022846873,3.3005564682713486,,TRUE
4660,TRUE,FALSE,-0.5118947101879321,0.8829566168286909,5.637637960268353,2.0263946982531533,7.754768005778399,4.754681343439662,5.728373307525246,0.9736919640855835,,TRUE
4661,TRUE,FALSE,-0.04104514944132948,1.1217719243399258,4.443291290954459,2.9662495866576934,11.276705221461985,3.3215193666145333,8.310455634804292,4.988936268189759,,TRUE
4662,TRUE,FALSE,-0.5078644728555946,1.2633525542406994,6.891107831857225,2.049784171318768,6.728370221868777,5.627755277616526,4.678586050550009,-0.9491692270665171,,TRUE
4663,TRUE,FALSE,-0.5585983516741195,0.7249675053243851,5.097704948570748,2.8133679388172332,11.315832400117383,4.372737443246363,8.50246446130015,4.129727018053787,,TRUE
4664,TRUE,FALSE,-0.20768466285401024,1.045232502576151,6.517167655779336,2.2006529981103236,11.148110175469897,5.4719351532031855,8.947457177359574,3.4755220241563887,,TRUE
4665,TRUE,FALSE,0.1052823088857408,1.0180931683720436,3.5930299901582523,3.1481926055028664,12.344063274894467,2.574936821786209,9.1958706693916,6.62093384760539,,TRUE
4666,TRUE,FALSE,-0.34511587010190264,1.3686411452074847,6.727466005026729,3.1839867888341065,11.082844988793797,5.3588248598192445,7.89885819995969,2.540033340140446,,TRUE
4667,TRUE,FALSE,-0.566932631030351,0.5664321569784595,3.8518282159757145,2.800513733443026,10.80291609326174,3.285396058997255,8.002402359818714,4.717006300821458,,TRUE
4668,TRUE,FALSE,0.14781963587599417,1.76483863842342,5.945497641146215,2.3193653562851893,9.058361028325336,4.180659002722795,6.738995672040147,2.5583366693173524,,TRUE
4669,TRUE,FALSE,0.28102855161304746,1.5486912071511212,4.674498377606145,2.203425664669439,8.808819958377732,3.1258071704550243,6.605394293708294,3.4795871232532694,,TRUE
4670,TRUE,FALSE,-0.4508376232299736,0.9608419799155726,5.490312879100433,2.887102245739626,10.510200416851987,4.52947089918486,7.62309817111236,3.0936272719275006,,TRUE
4671,TRUE,FALSE,-0.004803617045869708,1.1154981311700898,4.960625365194733,2.487751109685793,11.010025551097433,3.845127234024644,8.52227444141164,4.677147207386995,,TRUE
4672,TRUE,FALSE,-0.6475220698487932,0.6985622137830149,5.122799926083302,3.266872843077926,12.53774039392032,4.424237712300287,9.270867550842393,4.846629838542106,,TRUE
4673,TRUE,FALSE,-0.5708657157473516,1.018830906710273,7.105381758853888,2.063617346007397,8.131874081933505,6.086550852143615,6.0682567359261075,-0.01829411621750765,,TRUE
4674,TRUE,FALSE,-0.2871134427568006,1.234987222399973,5.676513780440235,2.60493396654197,8.985125904210857,4.4415265580402625,6.380191937668887,1.9386653796286248,,TRUE
4675,TRUE,FALSE,0.04222117960876459,1.0340194229387392,4.080568875557417,1.98227101832523,8.160024690651095,3.0465494526186783,6.177753672325865,3.131204219707187,,TRUE
4676,TRUE,FALSE,0.13698571454901998,1.4292101953605083,5.056201401055315,3.14837053689323,12.7733919452072,3.6269912056948064,9.62502140831397,5.998030202619163,,TRUE
4677,TRUE,FALSE,-0.15504012843639703,0.9956436734945489,3.582286746369593,3.4708580601072603,10.694492720340698,2.5866430728750442,7.223634660233437,4.636991587358393,,TRUE
4678,TRUE,FALSE,0.20295914653692695,1.0024623258116905,2.8058946407377197,2.75014191813268,9.42979914978243,1.8034323149260292,6.679657231649749,4.87622491672372,,TRUE
4679,TRUE,FALSE,-0.16080523796845594,1.3139362106894996,5.208206991561176,3.030104137939319,10.226680351412119,3.8942707808716763,7.1965762134728,3.3023054326011234,,TRUE
4680,TRUE,FALSE,-0.0557889253537659,1.2064880088769856,4.865398924661356,2.6247796415771134,10.010585318689067,3.6589109157843707,7.385805677111954,3.726894761327583,,TRUE
4681,TRUE,FALSE,0.15864922786475255,1.6521020966492255,5.420211903208279,3.0565296482319124,11.751910634342698,3.7681098065590533,8.695380986110786,4.927271179551733,,TRUE
4682,TRUE,FALSE,-0.42928098701826345,0.9663081974379389,5.417412583979819,3.018124181347295,11.014860201292608,4.45110438654188,7.996736019945313,3.545631633403433,,TRUE
4683,TRUE,FALSE,0.28639180822708926,1.555840332721213,4.038810859376566,2.6251299962821215,9.074395131802419,2.482970526655353,6.449265135520298,3.9662946088649447,,TRUE
4684,TRUE,FALSE,-0.16527479429136824,1.1379974966375244,5.749975588856601,2.5896505737602795,11.091439917304937,4.6119780922190765,8.501789343544658,3.8898112513255816,,TRUE
4685,TRUE,FALSE,-0.19553092264750488,1.3547498428682694,5.80011846819462,2.5162490257614927,8.859584891655746,4.445368625326351,6.343335865894254,1.897967240567903,,TRUE
4686,TRUE,FALSE,-0.3865973797211662,1.356689194966372,7.213465635029389,2.6151603513466855,9.446367025847794,5.856776440063017,6.831206674501108,0.9744302344380911,,TRUE
4687,TRUE,FALSE,0.1858555522749388,1.355652222994487,5.366099530744811,2.0526983698428025,9.784792299399541,4.010447307750324,7.732093929556738,3.721646621806414,,TRUE
4688,TRUE,FALSE,-0.2755133470638784,1.3091839304606354,6.357823621844571,3.6960776447909183,13.626834122712756,5.0486396913839355,9.930756477921838,4.882116786537902,,TRUE
4689,TRUE,FALSE,-0.13294916173090535,1.4153999726693787,6.579639467684665,2.806592522860557,11.422553233071904,5.164239495015286,8.615960710211347,3.451721215196061,,TRUE
4690,TRUE,FALSE,-0.25317843629656767,1.8986279915596702,10.244579157368628,2.443115858309045,10.233973969317182,8.345951165808959,7.790858111008137,-0.5550930548008219,,TRUE
4691,TRUE,FALSE,-0.5045207349758599,0.8652575446398494,4.851267243379653,2.1271837213041507,7.201189410733851,3.986009698739804,5.0740056894297005,1.0879959906898966,,TRUE
4692,TRUE,FALSE,-0.2341212227049078,1.8167529771607556,9.26858170670886,2.494902302564162,10.071482233278177,7.4518287295481045,7.576579930714015,0.12475120116591043,,TRUE
4693,TRUE,FALSE,-0.2191018425493175,1.1265578747514802,5.899693236427186,2.4351918043671246,10.243641596854237,4.773135361675706,7.808449792487113,3.0353144308114066,,TRUE
4694,TRUE,FALSE,0.07937744848544173,1.1205494935235867,4.189014140904309,2.613108978933126,10.575757716758586,3.068464647380722,7.96264873782546,4.894184090444738,,TRUE
4695,TRUE,FALSE,-0.10048963915599701,1.2676556194451567,5.588040214369447,2.7283378383607775,10.877129201963891,4.32038459492429,8.148791363603113,3.828406768678823,,TRUE
4696,TRUE,FALSE,-0.6301109900091475,0.7373160886407685,4.49227394625941,3.2136711350672154,10.427020512180913,3.754957857618642,7.213349377113698,3.4583915194950556,,TRUE
4697,TRUE,FALSE,-0.3646775766956314,0.726309246510452,5.461718569371275,2.9129142001164143,15.21100742883106,4.735409322860823,12.298093228714645,7.562683905853822,,TRUE
4698,TRUE,FALSE,-0.10380179804063973,1.2552138167178157,5.37938235876784,2.370840557262556,9.15875629818632,4.1241685420500245,6.787915740923765,2.6637471988737405,,TRUE
4699,TRUE,FALSE,-0.1071198653725387,1.3467897669858901,6.053229745493247,2.494492666529392,10.072749061530356,4.7064399785073565,7.578256395000964,2.8718164164936075,,TRUE
4700,TRUE,FALSE,-0.2653412989970113,1.5280365524213155,7.472356601631882,3.1443705944158302,11.79291886093822,5.944320049210566,8.64854826652239,2.704228217311824,,TRUE
4701,TRUE,FALSE,-1.0998495960594445,0.5818850635735832,5.856095494312206,2.244321419577947,7.519645802243636,5.274210430738623,5.275324382665689,0.0011139519270662035,,TRUE
4702,TRUE,FALSE,-0.47234669943530777,1.4798582106265235,7.8279376190436,3.131178120249237,10.327553612759711,6.348079408417076,7.196375492510475,0.8482960840933984,,TRUE
4703,TRUE,FALSE,-0.137183670039609,1.150948884897837,3.933361988041968,2.966940960224669,8.839723347922494,2.7824131031441306,5.872782387697825,3.0903692845536943,,TRUE
4704,TRUE,FALSE,0.2438060378320914,0.9803123819980945,2.8956010399240566,2.508485287784968,9.45517150813119,1.915288657925962,6.946686220346223,5.031397562420261,,TRUE
4705,TRUE,FALSE,-0.08476374945063196,1.186981480425279,5.97496175537813,2.3546780213182705,10.88955889789048,4.787980274952851,8.53488087657221,3.746900601619359,,TRUE
4706,TRUE,FALSE,-0.16082580923245354,1.2706309111654162,6.232402591385242,2.5458378979896064,10.632149356917767,4.961771680219826,8.08631145892816,3.1245397787083338,,TRUE
4707,TRUE,FALSE,-0.07928943131655869,1.0332947272871307,4.376376715061592,2.7244957891192287,10.65961854966987,3.343081987774461,7.935122760550642,4.592040772776181,,TRUE
4708,TRUE,FALSE,0.1565826047012661,1.0528785185834133,3.231131886760382,2.606788911839897,9.355893001194751,2.1782533681769687,6.749104089354854,4.5708507211778855,,TRUE
4709,TRUE,FALSE,-0.3130391431606039,1.1740784755718183,5.833770468020263,2.101588556702672,7.6356978369098005,4.659691992448445,5.5341092802071286,0.8744172877586838,,TRUE
4710,TRUE,FALSE,-0.3148615299579795,0.6379433334456318,2.9761382861921124,2.5442180763592197,8.663287204311693,2.3381949527464805,6.119069127952473,3.7808741752059927,,TRUE
4711,TRUE,FALSE,-0.18960564437958968,0.8729845151797976,3.7194996588928735,3.030809024816536,10.68296657454687,2.846515143713076,7.652157549730333,4.805642406017258,,TRUE
4712,TRUE,FALSE,-0.2959299420613365,0.7908198761139386,3.8940736669862894,1.979770853968528,7.251381803495553,3.1032537908723508,5.271610949527025,2.168357158654674,,TRUE
4713,TRUE,FALSE,-0.4341903011425675,0.9284741740081586,5.592384443227719,2.7334399447248896,10.665231226350619,4.663910269219561,7.931791281625729,3.2678810124061686,,TRUE
4714,TRUE,FALSE,-0.08450767764749674,0.7877524786082468,3.6938049320037307,2.7527021985553928,11.861570382722226,2.9060524533954837,9.108868184166834,6.20281573077135,,TRUE
4715,TRUE,FALSE,-0.38613901503020853,1.0757392624124957,5.882477899889632,2.6824601907022636,9.969847754547503,4.806738637477136,7.28738756384524,2.4806489263681035,,TRUE
4716,TRUE,FALSE,-0.16842123533816666,0.8890803060559586,3.7632602259422594,3.3503297968592944,11.98302338334646,2.8741799198863007,8.632693586487164,5.758513666600864,,TRUE
4717,TRUE,FALSE,0.18386718767827487,1.4197588082947623,4.857283681830016,2.485946055456277,10.221699328760065,3.4375248735352537,7.735753273303788,4.298228399768535,,TRUE
4718,TRUE,FALSE,-0.5327024716453844,0.6516731084807669,3.197293543707275,3.5113572487783515,10.112952885950936,2.545620435226508,6.601595637172585,4.055975201946076,,TRUE
4719,TRUE,FALSE,-0.10106006964594211,0.9691393546879186,3.998123962686999,3.041674342664414,11.342085309078199,3.0289846079990808,8.300410966413784,5.271426358414703,,TRUE
4720,TRUE,FALSE,0.015465706778849382,1.437291912350121,4.749576426152418,2.7426356242342154,9.204383017412356,3.3122845138022967,6.461747393178141,3.149462879375844,,TRUE
4721,TRUE,FALSE,-0.30366365705644954,1.3478786093755224,7.345160798791116,2.8100814448781604,11.30290254850115,5.997282189415594,8.49282110362299,2.4955389142073967,,TRUE
4722,TRUE,FALSE,-0.10118606067372408,1.346459810144822,5.413365934929948,2.8143499908308462,10.226041433886174,4.066906124785127,7.411691443055327,3.3447853182702003,,TRUE
4723,TRUE,FALSE,-0.09390772782952261,1.2869487514851543,5.3858379342435585,2.540438170079169,9.678700460143821,4.098889182758404,7.138262290064652,3.0393731073062487,,TRUE
4724,TRUE,FALSE,-0.09052758578579032,1.422564786276734,5.933910491481159,2.8100289443711723,10.706908697797353,4.511345705204425,7.89687975342618,3.3855340482217553,,TRUE
4725,TRUE,FALSE,-0.04241255532624023,1.0763942372547453,4.181859055352209,3.13034057045148,11.65655127747481,3.105464818097464,8.52621070702333,5.4207458889258655,,TRUE
4726,TRUE,FALSE,-0.6383615559881456,1.1039396051624475,7.01979689980156,2.716846093461708,9.124464129097975,5.915857294639112,6.407618035636267,0.4917607409971545,,TRUE
4727,TRUE,FALSE,0.2988703593966976,0.8627370546634384,2.862041039860016,2.2709233211792976,10.157752429066305,1.9993039851965775,7.8868291078870065,5.887525122690429,,TRUE
4728,TRUE,FALSE,-0.13884351497732322,1.1801997120935026,6.010115656706416,2.6771188539857222,11.865772170870581,4.829915944612914,9.18865331688486,4.358737372271946,,TRUE
4729,TRUE,FALSE,0.024299543959950647,1.04625950379141,3.8979855967588195,2.6414755256600566,10.083250650385308,2.8517260929674095,7.441775124725251,4.590049031757841,,TRUE
4730,TRUE,FALSE,-0.2617955946896406,1.1123000975899267,5.248061828935447,2.6418469869891585,9.593746651736135,4.135761731345521,6.951899664746977,2.816137933401456,,TRUE
4731,TRUE,FALSE,-0.36539090369314253,1.2496647735639719,6.449182136169297,2.2374629991178,8.012715509971384,5.199517362605325,5.775252510853584,0.5757351482482598,,TRUE
4732,TRUE,FALSE,-0.5140088208563915,1.3401311129220934,9.301080626281621,2.495397274757189,10.35844634797928,7.960949513359528,7.863049073222091,-0.09790044013743682,,TRUE
4733,TRUE,FALSE,-0.0270957280205002,0.94809931578857,4.428864016292842,2.782466216555485,12.650301828390036,3.4807647005042717,9.86783561183455,6.387070911330278,,TRUE
4734,TRUE,FALSE,0.21970489215941924,1.4759975097443976,4.410303200574221,2.2309024453244053,8.303860115279639,2.9343056908298237,6.072957669955233,3.1386519791254095,,TRUE
4735,TRUE,FALSE,-0.07821219832174453,0.8954973913264918,4.386043053614545,2.6530410282783996,12.01670515831723,3.490545662288053,9.36366413003883,5.873118467750777,,TRUE
4736,TRUE,FALSE,0.2180502423060147,1.152897268902002,4.081465949501078,2.0381007657130663,8.97323902479919,2.928568680599076,6.9351382590861235,4.006569578487047,,TRUE
4737,TRUE,FALSE,0.07898290819793712,0.8017694295890938,2.994102060225005,2.3162100121842437,9.360453339552977,2.192332630635911,7.044243327368734,4.851910696732823,,TRUE
4738,TRUE,FALSE,0.0509221644151631,1.1748018114537926,4.71177382066201,2.0790739956385575,8.77414866856298,3.5369720092082177,6.695074672924422,3.158102663716204,,TRUE
4739,TRUE,FALSE,-0.7160076308582745,0.9306522957680754,7.163822850183534,3.074693528204589,11.56647585333196,6.233170554415459,8.491782325127371,2.258611770711912,,TRUE
4740,TRUE,FALSE,0.15693136641710573,1.358774615746888,6.32922942822803,2.209392151595672,12.040115336552603,4.970454812481142,9.83072318495693,4.8602683724757885,,TRUE
4741,TRUE,FALSE,-0.21140251140506955,0.8829899598996447,4.29044384622935,3.0910908259578713,12.157583998336678,3.407453886329706,9.066493172378806,5.6590392860491,,TRUE
4742,TRUE,FALSE,-0.03549827664126531,1.057655474904211,5.051424668718834,1.7665167434449567,8.142742691474925,3.993769193814623,6.376225948029969,2.382456754215346,,TRUE
4743,TRUE,FALSE,-0.4720644523574206,0.6669005879182948,4.411793060999053,2.1116783161409254,8.712981795059846,3.7448924730807587,6.601303478918921,2.8564110058381624,,TRUE
4744,TRUE,FALSE,0.3584807448035976,1.6468407543064576,4.283308855549243,2.1171592033449156,7.880749285023641,2.6364681012427855,5.763590081678725,3.1271219804359394,,TRUE
4745,TRUE,FALSE,-5.417174863973914e-4,1.6332853657790947,5.958024520401044,2.3502003302412415,8.568599288298703,4.324739154621949,6.2183989580574615,1.8936598034355123,,TRUE
4746,TRUE,FALSE,-0.328932569293038,0.8128949913486286,4.314319855553485,2.5669017543084514,9.80468259950003,3.5014248642048567,7.237780845191578,3.7363559809867213,,TRUE
4747,TRUE,FALSE,0.26324854399431247,0.6230547741121738,2.1762244952722645,2.324119749520107,10.56241817154136,1.5531697211600908,8.238298422021252,6.685128700861162,,TRUE
4748,TRUE,FALSE,-0.28998309094448693,0.949689661143735,4.5919011807153,2.377076483815032,8.600345979932461,3.6422115195715645,6.22326949611743,2.5810579765458654,,TRUE
4749,TRUE,FALSE,-0.6912612834566685,1.0159104177773288,6.598623745732623,2.5893809301200443,8.425252707036723,5.582713327955294,5.835871776916679,0.2531584489613845,,TRUE
4750,TRUE,FALSE,0.12552338869197788,1.6850695114846448,6.300007219277629,2.4336442626060784,10.315598657669648,4.6149377077929845,7.88195439506357,3.2670166872705853,,TRUE
4751,TRUE,FALSE,-0.315175349775106,0.8953661606628848,4.329003785751763,3.128494724882984,11.03681595981559,3.4336376250888785,7.908321234932606,4.474683609843727,,TRUE
4752,TRUE,FALSE,-0.17470770571507832,0.8889765369685673,3.8221479450990907,2.656238124068216,9.589801282346464,2.9331714081305233,6.933563158278249,4.000391750147726,,TRUE
4753,TRUE,FALSE,0.14324654476607537,1.3216798357547952,4.44041436530954,2.1379749507056003,8.289169708261268,3.1187345295547444,6.151194757555667,3.032460228000923,,TRUE
4754,TRUE,FALSE,0.12409469325780423,1.1089655124781828,3.6242422892004065,2.8950352242419,10.711410811732142,2.5152767767222235,7.816375587490242,5.301098810768019,,TRUE
4755,TRUE,FALSE,-0.20767623430914592,0.987396319255404,4.68906839949214,2.518387410587655,9.716837972245612,3.7016720802367358,7.198450561657957,3.496778481421221,,TRUE
4756,TRUE,FALSE,-0.5965331399857463,1.0840122263656566,6.151269529567121,3.3715728624147365,10.536395760724712,5.0672573032014645,7.164822898309976,2.0975655951085113,,TRUE
4757,TRUE,FALSE,-0.38281195054164696,1.306370859344397,6.151820879833131,3.2557853955328495,10.455380691773616,4.845450020488734,7.1995952962407666,2.3541452757520327,,TRUE
4758,TRUE,FALSE,-0.3880285760650109,1.1947769983940435,6.136210309922558,2.706897262207524,9.431189830368453,4.941433311528515,6.724292568160929,1.7828592566324142,,TRUE
4759,TRUE,FALSE,-0.31840269409903116,0.9027722291273467,4.5146378026912135,2.3828053266886386,8.666679813073097,3.611865573563867,6.283874486384459,2.672008912820592,,TRUE
4760,TRUE,FALSE,-0.3681290665881273,0.675364880978917,4.3611579385380335,2.2458307938089295,10.036076231587332,3.6857930575591165,7.7902454377784025,4.104452380219286,,TRUE
4761,TRUE,FALSE,-0.40081548374911574,0.7661659874231592,3.9470626356132397,2.6380987322484972,9.102700260733194,3.1808966481900804,6.464601528484696,3.2837048802946156,,TRUE
4762,TRUE,FALSE,-0.35008405436490286,0.784952247079766,4.592036446240839,2.4035761924484977,9.907872516182849,3.807084199161073,7.504296323734351,3.6972121245732783,,TRUE
4763,TRUE,FALSE,0.7317805445661504,0.906782230806022,2.1981398416206903,3.059997689024428,15.419903924108246,1.2913576108146683,12.359906235083818,11.06854862426915,,TRUE
4764,TRUE,FALSE,-0.4976878013501175,0.9633015536136982,5.01382777025343,2.6381896733687245,8.34776281482462,4.050526216639732,5.709573141455895,1.6590469248161632,,TRUE
4765,TRUE,FALSE,-0.05579906073686544,0.7206059791448824,3.6081077659028624,2.213737966838497,10.482735515659893,2.88750178675798,8.268997548821396,5.381495762063416,,TRUE
4766,TRUE,FALSE,-0.13913064266192826,0.8209845376489961,3.3063292821163883,2.719636131246983,9.530117551600567,2.485344744467392,6.810481420353584,4.325136675886192,,TRUE
4767,TRUE,FALSE,-0.004570310225766924,1.1602011034377693,3.772505224941895,3.0193963456928974,9.773088698530449,2.612304121504126,6.753692352837552,4.141388231333426,,TRUE
4768,TRUE,FALSE,-0.6720694254051057,1.0989447835350858,6.448411557517185,3.154029745054845,9.450757458365658,5.349466773982099,6.296727713310813,0.9472609393287135,,TRUE
4769,TRUE,FALSE,-0.4786526091808567,1.2385371431262304,6.6809837586463905,2.941439317153756,9.831393677487792,5.44244661552016,6.889954360334036,1.4475077448138762,,TRUE
4770,TRUE,FALSE,-0.40342858070467863,1.2559401547868347,7.118027672833165,3.375436813975747,12.779501180992202,5.86208751804633,9.404064367016456,3.541976848970126,,TRUE
4771,TRUE,FALSE,0.32827785242232066,1.2598021526596868,4.462433009949753,2.338015093386195,11.499684720856143,3.202630857290066,9.161669627469948,5.959038770179882,,TRUE
4772,TRUE,FALSE,-0.08869489933078675,1.465301930211929,5.923699935380368,3.1041752255587634,11.483980666532462,4.458398005168439,8.379805440973698,3.921407435805259,,TRUE
4773,TRUE,FALSE,0.19855544053522356,1.1460652805771903,4.242317699121097,2.489537351395322,11.23942287627481,3.096252418543907,8.749885524879488,5.653633106335581,,TRUE
4774,TRUE,FALSE,0.15792744825534424,1.0619919748927171,4.165107507787946,2.3741917828808647,10.904551241376957,3.1031155328952287,8.530359458496093,5.427243925600864,,TRUE
4775,TRUE,FALSE,0.01291289555233409,1.045427054140085,4.626725972887929,2.1068340752723853,9.445356985558439,3.581298918747844,7.338522910286054,3.75722399153821,,TRUE
4776,TRUE,FALSE,-0.23416663683217734,1.152276451002839,5.732185655530079,2.3738970079059074,9.343899453574176,4.57990920452724,6.9700024456682685,2.3900932411410283,,TRUE
4777,TRUE,FALSE,-0.40686359194220684,0.8608103493776385,5.090026226846163,3.279782509418301,12.910973000555508,4.2292158774685245,9.631190491137207,5.401974613668683,,TRUE
4778,TRUE,FALSE,-0.1460715651202417,1.1018389303234373,4.574722549039337,3.1277270609087435,11.221151342944374,3.4728836187159,8.093424282035631,4.620540663319732,,TRUE
4779,TRUE,FALSE,0.06534514102763685,1.182759863740037,4.633092096032563,2.1783795155196177,9.109340441519437,3.450332232292526,6.93096092599982,3.4806286937072937,,TRUE
4780,TRUE,FALSE,-0.11041883689535388,1.4851258539518792,6.723026946124927,2.9028014386764074,11.766969598717134,5.237901092173048,8.864168160040727,3.626267067867679,,TRUE
4781,TRUE,FALSE,-0.050101118880295926,1.2459162255219034,4.586568822119502,2.676560499420185,9.371681009278642,3.3406525965975984,6.695120509858457,3.3544679132608586,,TRUE
4782,TRUE,FALSE,-0.15053146272644677,1.4570278264939596,7.334570413827607,2.391980041375141,10.358321922941476,5.8775425873336475,7.966341881566335,2.088799294232688,,TRUE
4783,TRUE,FALSE,-0.02629841099115406,1.6128060469903396,5.316493183489744,3.180000794714553,10.210548957841924,3.703687136499404,7.030548163127371,3.3268610266279666,,TRUE
4784,TRUE,FALSE,-0.3472032235118521,1.0470249654983417,5.236122555518021,2.2735743474537697,8.034770608118968,4.18909759001968,5.761196260665199,1.5720986706455191,,TRUE
4785,TRUE,FALSE,0.2378679791480161,1.309382681017583,4.3426471770714645,2.044012962687383,8.599562361905232,3.0332644960538815,6.555549399217849,3.5222849031639676,,TRUE
4786,TRUE,FALSE,-0.40245266054275125,1.0419005821835192,7.323030969622419,2.762823705673988,12.98478592844067,6.2811303874389,10.221962222766683,3.940831835327783,,TRUE
4787,TRUE,FALSE,-0.4784957194860651,0.9823625737834188,7.078763056618545,2.738877605804638,12.230666997541606,6.096400482835126,9.491789391736969,3.395388908901843,,TRUE
4788,TRUE,FALSE,-0.5604116916422284,0.8359328697498078,5.52641724986372,3.1626948365302407,11.938392503322431,4.6904843801139124,8.77569766679219,4.085213286678278,,TRUE
4789,TRUE,FALSE,-0.25840435130310424,0.9321868140072935,4.502572262695766,3.3377617416889924,12.450577176482213,3.570385448688473,9.11281543479322,5.542429986104747,,TRUE
4790,TRUE,FALSE,-0.4195522741591919,1.0492864319174275,6.52760809301077,2.4394271572990527,9.97559093452587,5.478321661093342,7.536163777226818,2.057842116133476,,TRUE
4791,TRUE,FALSE,-0.11483796734695109,1.319633621717942,5.769132091079948,2.545203013020388,9.919871442451537,4.449498469362005,7.374668429431149,2.9251699600691436,,TRUE
4792,TRUE,FALSE,0.2511083054285311,1.2471742735302134,3.796881241322717,2.7666978391249777,10.827209796178337,2.5497069677925035,8.06051195705336,5.510804989260856,,TRUE
4793,TRUE,FALSE,0.08889424690118813,0.8607855763868512,3.2309699696263388,2.9448123764229144,12.080971251628814,2.3701843932394877,9.136158875205899,6.765974481966412,,TRUE
4794,TRUE,FALSE,-0.3226594835332039,1.0127508060230417,4.869595471428672,3.5440023903012645,12.341133782791905,3.8568446654056308,8.797131392490641,4.94028672708501,,TRUE
4795,TRUE,FALSE,0.6618505285645269,1.9869046700151731,4.544064881826035,2.305054024119378,10.218487879627341,2.557160211810862,7.913433855507963,5.356273643697101,,TRUE
4796,TRUE,FALSE,-0.6168227139060327,1.136386525814451,7.314471441547116,2.371192470487937,8.236467313063185,6.178084915732665,5.865274842575248,-0.3128100731574168,,TRUE
4797,TRUE,FALSE,-0.4478274058920894,0.6717724409023849,4.299357067366252,2.9420250501767895,12.03202504390206,3.627584626463867,9.08999999372527,5.462415367261403,,TRUE
4798,TRUE,FALSE,0.010083425017163816,1.469141802962847,5.891192122883038,3.527236021644472,14.287398781915734,4.422050319920191,10.760162760271262,6.338112440351071,,TRUE
4799,TRUE,FALSE,0.04258877325974668,1.2862041173788654,4.962235319857612,2.194802152265204,8.836065096433522,3.6760312024787467,6.641262944168318,2.9652317416895713,,TRUE
4800,TRUE,FALSE,-0.2911283558097586,1.3664491586626535,7.68057285008952,2.725682434959321,11.450908706389221,6.314123691426866,8.7252262714299,2.4111025800030337,,TRUE
4801,TRUE,FALSE,-0.27157153945896645,0.7246857556778639,4.007802024607732,2.4316601277387924,10.249847124707196,3.283116268929868,7.818186996968404,4.535070728038535,,TRUE
4802,TRUE,FALSE,-0.16615866788703454,0.8098494878263154,3.959442513688392,2.6599010244635144,11.013704350654557,3.1495930258620763,8.353803326191041,5.204210300328965,,TRUE
4803,TRUE,FALSE,-0.5386003639526581,0.6924515904595818,4.63281758487081,2.4082968135634575,9.402744350406838,3.940365994411228,6.9944475368433805,3.0540815424321526,,TRUE
4804,TRUE,FALSE,-0.5160303969797747,1.4023960237004518,8.14912924940437,2.54147043057598,8.814880752247996,6.746733225703918,6.273410321672015,-0.47332290403190225,,TRUE
4805,TRUE,FALSE,-0.3893299330201026,1.3156069484085038,6.67040958172121,2.2120232624552596,7.598575646492189,5.354802633312707,5.386552384036929,0.031749750724222814,,TRUE
4806,TRUE,FALSE,-0.03763214647976492,1.4147103977405735,5.823376078453927,2.120464732542687,8.406106980393975,4.408665680713353,6.285642247851288,1.8769765671379348,,TRUE
4807,TRUE,FALSE,0.20433165853942914,1.312732518235502,4.66248184947092,2.8144997165971795,12.262590674403558,3.349749331235418,9.448090957806379,6.098341626570961,,TRUE
4808,TRUE,FALSE,0.15131006476633413,1.7559400661413038,7.10764434792452,2.0633081174488463,9.716127673742832,5.351704281783216,7.652819556293986,2.30111527451077,,TRUE
4809,TRUE,FALSE,0.08388649142965629,1.5928205326594325,6.284362002773825,2.446561816966475,10.497405711690508,4.691541470114393,8.050843894724032,3.3593024246096395,,TRUE
4810,TRUE,FALSE,-0.1455663176172335,1.0214236626484547,4.525045888313591,2.9543320316050767,11.315082578219606,3.5036222256651364,8.360750546614529,4.857128320949393,,TRUE
4811,TRUE,FALSE,0.06420485609702156,1.342585328966458,5.233799812707048,2.381878024550091,9.900988189975717,3.8912144837405895,7.5191101654256265,3.627895681685037,,TRUE
4812,TRUE,FALSE,0.11471112207703839,1.3378460098862712,5.383047118764208,2.3252444858549124,10.493227386834574,4.0452011088779365,8.167982900979663,4.122781792101726,,TRUE
4813,TRUE,FALSE,0.2077843622868225,1.5654389888564382,5.738525334190627,2.374337053457709,10.71386399892918,4.173086345334189,8.33952694547147,4.16644060013728,,TRUE
4814,TRUE,FALSE,0.12535795991464668,0.9560660852803178,3.582113302673348,2.814458598371644,11.953319847798195,2.62604721739303,9.13886124942655,6.512814032033521,,TRUE
4815,TRUE,FALSE,-0.005571114228764518,0.8842214297864273,4.313583506781609,2.381621043198476,11.553945870897687,3.429362076995182,9.17232482769921,5.742962750704028,,TRUE
4816,TRUE,FALSE,0.28505973581344024,1.687379508388669,4.949484431489834,2.5050388559522827,9.771506578398093,3.262104923101165,7.26646772244581,4.004362799344645,,TRUE
4817,TRUE,FALSE,0.016873019686586558,0.8938466294566828,3.0103524260383545,2.8162490603857706,9.646133193628575,2.116505796581672,6.829884133242805,4.713378336661133,,TRUE
4818,TRUE,FALSE,-0.4983813310831776,1.4445882879188874,7.73249384350438,2.8579005145217926,9.29347934576962,6.287905555585493,6.4355788312478275,0.1476732756623349,,TRUE
4819,TRUE,FALSE,-0.01870954562164048,1.0304553748743137,4.4452009190160995,3.8604780474705405,16.34473340722899,3.4147455441417858,12.48425535975845,9.069509815616664,,TRUE
4820,TRUE,TRUE,-0.2696277711705288,1.0764146921702802,6.04845466893076,2.600614947281369,11.159455748764781,4.97203997676048,8.558840801483413,3.586800824722933,,TRUE
4821,TRUE,FALSE,-0.48246931676984195,0.797336510970605,5.619072046708833,2.434829857156983,10.591508177791555,4.821735535738228,8.156678320634573,3.334942784896344,,TRUE
4822,TRUE,FALSE,-0.6496201036718413,1.2137929644965029,9.367077643323178,2.3925665783290504,9.642665680773192,8.153284678826676,7.250099102444141,-0.9031855763825352,,TRUE
4823,TRUE,FALSE,0.0419009662325745,1.2631305257100118,4.56078047786053,3.064341065561299,11.53786353410069,3.2976499521505183,8.473522468539391,5.175872516388873,,TRUE
4824,TRUE,FALSE,-0.004114844784391934,1.38468197440813,5.998406511337003,2.400775747962595,10.357391602035294,4.613724536928873,7.9566158540727,3.3428913171438266,,TRUE
4825,TRUE,FALSE,-0.32048993925636654,1.2195926530485057,6.9294440299799716,2.924738495993008,12.061008432238681,5.709851376931466,9.136269936245673,3.4264185593142074,,TRUE
4826,TRUE,FALSE,-0.3843156102409401,1.2437877073784058,5.8605715529020586,2.9071377577354065,9.327240506199109,4.616783845523653,6.4201027484637025,1.8033189029400498,,TRUE
4827,TRUE,FALSE,0.13750858690288906,1.2217404162784735,4.4155203606234155,1.89977347422007,7.878145378256974,3.193779944344942,5.978371904036904,2.784591959691962,,TRUE
4828,TRUE,FALSE,-0.6794173082336468,0.905081385239611,6.687661846002125,2.3124486183653112,8.661469417912134,5.782580460762514,6.349020799546823,0.5664403387843091,,TRUE
4829,TRUE,FALSE,0.1968543497532955,1.488063883254455,5.676679442221341,2.486855133265346,11.550905729644748,4.1886155589668865,9.064050596379403,4.875435037412516,,TRUE
4830,TRUE,FALSE,0.3187739530280073,1.158045446506143,3.573698596970582,2.906404287195028,12.336447437329833,2.415653150464439,9.430043150134804,7.014389999670365,,TRUE
4831,TRUE,FALSE,-0.1777739231816272,1.016460620558495,5.197039743153716,2.367317535472923,10.13248014104028,4.180579122595221,7.765162605567356,3.5845834829721355,,TRUE
4832,TRUE,FALSE,-0.290269217170169,0.9106723317413421,4.4000649263145,3.4392892495925884,12.430921554955697,3.4893925945731583,8.991632305363108,5.50223971078995,,TRUE
4833,TRUE,FALSE,0.23406448861367038,1.1735335448274016,4.124997825686375,2.1973805722192905,9.7608224285943,2.951464280858973,7.56344185637501,4.611977575516037,,TRUE
4834,TRUE,FALSE,-0.3123653159118651,0.9418628357705394,4.00629306313281,3.3924592655739407,10.558717317484374,3.064430227362271,7.166258051910434,4.101827824548163,,TRUE
4835,TRUE,FALSE,-0.3853789254837063,1.146707634583314,6.846852151952092,3.7399691015886516,15.189319572699112,5.700144517368778,11.44935047111046,5.749205953741682,,TRUE
4836,TRUE,FALSE,-0.5534604743337681,0.8545983400436494,4.954921659163337,2.9015763474499003,9.672615401548658,4.1003233191196875,6.7710390540987575,2.67071573497907,,TRUE
4837,TRUE,FALSE,-0.5969088045057658,0.7624868139173483,5.50866629937701,2.8423578145148265,11.304690481094047,4.7461794854596615,8.46233266657922,3.7161531811195587,,TRUE
4838,TRUE,FALSE,-0.2074353554732421,1.1235510564008593,5.60965523801603,2.712207485783111,11.004700781794215,4.486104181615171,8.292493296011104,3.806389114395933,,TRUE
4839,TRUE,FALSE,-0.15996837333858663,1.5562131441151774,6.273642755365522,3.2311304051681105,11.1002257118664,4.717429611250345,7.86909530669829,3.151665695447945,,TRUE
4840,TRUE,FALSE,-0.6506467469741426,0.7346049050356497,5.192820863241684,3.054715568734275,11.265435973262518,4.458215958206034,8.210720404528242,3.7525044463222086,,TRUE
4841,TRUE,FALSE,-0.3579298516271519,0.6701347254405845,3.7879975035743523,2.2043065140141476,8.711091702958402,3.1178627781337678,6.506785188944255,3.388922410810487,,TRUE
4842,TRUE,FALSE,-0.30143903353702156,1.3857232286746246,7.701130120390768,2.7214512192168394,11.188328512295163,6.315406891716143,8.466877293078323,2.1514704013621797,,TRUE
4843,TRUE,FALSE,-0.14186357029354693,1.9529736445445443,9.141417815643388,2.320298704259923,9.424330510891568,7.188444171098844,7.104031806631646,-0.08441236446719813,,TRUE
4844,TRUE,FALSE,0.3483701536741371,1.646143860513659,4.396767554955398,2.9635939276951624,11.214493184643763,2.750623694441739,8.2508992569486,5.500275562506861,,TRUE
4845,TRUE,FALSE,-0.038195966992040926,1.451963758139111,5.073453299387821,3.155916516635941,10.614147033758323,3.6214895412487103,7.458230517122383,3.8367409758736724,,TRUE
4846,TRUE,FALSE,-0.4874739521835712,0.7825810872167401,4.379180155303934,2.250200147074687,7.733522710618008,3.596599068087194,5.483322563543321,1.8867234954561267,,TRUE
4847,TRUE,FALSE,-0.18140983104531977,1.4307524073066147,7.514806029951339,2.6363453129434906,11.549689145801361,6.084053622644724,8.913343832857871,2.8292902102131468,,TRUE
4848,TRUE,FALSE,-0.05368884879935622,1.7225280697738297,7.280129660570455,2.322915873155097,9.304424525341137,5.557601590796625,6.98150865218604,1.4239070613894151,,TRUE
4849,TRUE,TRUE,-0.2679050483161741,0.5206785051962185,3.3440759202832315,2.627752748489519,12.91044744445845,2.823397415087013,10.282694695968932,7.459297280881918,,TRUE
4850,TRUE,FALSE,-0.5017760711082188,1.0103704434998664,6.155151759215667,3.150625606341581,11.620808687249497,5.144781315715801,8.470183080907915,3.3254017651921144,,TRUE
4851,TRUE,FALSE,-0.25511181822421275,0.8041798759155175,4.995348155116869,1.8471974702610607,8.890623751097005,4.191168279201351,7.043426280835944,2.852258001634593,,TRUE
4852,TRUE,FALSE,-0.6608873415255435,0.5184422540760937,4.0062706535664585,2.8951024481155048,11.552716249832455,3.4878283994903647,8.65761380171695,5.1697854022265854,,TRUE
4853,TRUE,FALSE,-0.19043902410253538,1.227432937873044,6.1070545272107655,3.04134714444795,12.508159226966132,4.879621589337722,9.466812082518182,4.58719049318046,,TRUE
4854,TRUE,FALSE,-0.35811646104059297,0.7536699860524076,4.534070464924338,2.871485743430193,12.074960156894708,3.7804004788719303,9.203474413464516,5.423073934592585,,TRUE
4855,TRUE,FALSE,-0.26386300408189495,1.0802182400977158,5.528984678668749,2.9637081117659143,11.651318179560272,4.448766438571033,8.687610067794358,4.238843629223325,,TRUE
4856,TRUE,FALSE,-0.21357423755760702,1.1821312947152658,5.663827454530977,2.8096061883188947,10.872655750851798,4.481696159815711,8.063049562532903,3.581353402717192,,TRUE
4857,TRUE,FALSE,-0.4895419720069917,1.2419828790409297,8.122261719114814,3.222033772773942,12.914752316887837,6.880278840073884,9.692718544113895,2.8124397040400106,,TRUE
4858,TRUE,FALSE,-0.06373920810337447,0.9947923240265217,4.3887442289954475,2.1327268519944518,8.827983168374328,3.393951904968926,6.695256316379876,3.3013044114109498,,TRUE
4859,TRUE,FALSE,-0.5541012572481976,0.5904717848180352,3.773025874366402,2.647154265922832,9.719116010312263,3.1825540895483666,7.07196174438943,3.8894076548410634,,TRUE
4860,TRUE,FALSE,-0.17607698114329,1.219876495623441,3.8331070190765657,2.9629216239933354,7.807032432842122,2.613230523453125,4.844110808848786,2.230880285395661,,TRUE
4861,TRUE,FALSE,0.12227950561572888,1.2941009032663573,4.666362490992621,2.6106075183428006,10.637932519986323,3.372261587726264,8.027325001643522,4.655063413917258,,TRUE
4862,TRUE,FALSE,0.002189756271597348,2.4182697853701023,8.781094548354096,3.157068685242269,11.488912801039104,6.362824762983994,8.331844115796835,1.9690193528128415,,TRUE
4863,TRUE,FALSE,-0.20583399012934792,1.1182135349492417,5.717989359703453,2.368055885710513,9.85639227164675,4.599775824754211,7.488336385936236,2.8885605611820253,,TRUE
4864,TRUE,FALSE,-0.5124638714519489,0.7897773389881891,5.490564633371361,2.306171690572833,9.603814102777983,4.700787294383171,7.29764241220515,2.5968551178219785,,TRUE
4865,TRUE,FALSE,-0.3549916948262152,0.8916762632174211,5.011211659318434,2.5063469939685254,9.876562214855834,4.119535396101012,7.370215220887308,3.250679824786296,,TRUE
4866,TRUE,FALSE,0.21940291989736374,0.9745345465054798,2.978045986237261,2.570187919085932,9.781028310062567,2.0035114397317813,7.210840390976635,5.207328951244854,,TRUE
4867,TRUE,FALSE,0.061040975700577066,1.0063689721912377,3.2828422138473634,2.7304485445234765,9.467526437315843,2.2764732416561255,6.737077892792367,4.460604651136242,,TRUE
4868,TRUE,FALSE,-0.17435964570368953,1.1827314512655975,4.413164908022395,2.389857018729386,7.490529125103767,3.2304334567567974,5.100672106374381,1.8702386496175833,,TRUE
4869,TRUE,FALSE,-0.05132780778024228,1.0733689510104663,4.574638857540881,2.5981278358286235,10.519059662229324,3.501269906530415,7.9209318264007,4.419661919870285,,TRUE
4870,TRUE,FALSE,0.1175784414948331,1.413058836509389,4.4328556246630075,2.3211320917263722,8.190055901178084,3.0197967881536183,5.8689238094517115,2.8491270212980933,,TRUE
4871,TRUE,FALSE,-0.21320298015301395,1.1275408167457157,4.520836724196996,3.124769429540061,10.123056233322684,3.39329590745128,6.998286803782623,3.604990896331343,,TRUE
4872,TRUE,TRUE,0.12391619912768011,0.817174828246701,3.043438867730954,2.796739118918949,11.790105217121555,2.2262640394842528,8.993366098202607,6.767102058718354,,TRUE
4873,TRUE,FALSE,-0.31068600303544036,1.1227249640911565,6.210563851821366,2.4261363820815083,9.836569064703278,5.087838887730209,7.41043268262177,2.322593794891561,,TRUE
4874,TRUE,FALSE,-0.35996506835882824,0.5202883928638637,2.758738429826625,1.976167910198555,7.310707148488955,2.238450036962761,5.3345392382904,3.096089201327639,,TRUE
4875,TRUE,FALSE,-0.43081499152796715,0.6228855151131572,3.851642251007571,2.272096447205085,9.13195787522265,3.228756735894414,6.859861428017565,3.631104692123151,,TRUE
4876,TRUE,FALSE,-0.4098470455642993,0.6722409855819677,3.8801150186611073,2.7222217958203356,10.429147480674095,3.2078740330791398,7.7069256848537595,4.49905165177462,,TRUE
4877,TRUE,FALSE,-0.16148307447818233,0.7757766332438362,3.9978727754787653,2.251774345572221,9.873836553830586,3.2220961422349292,7.622062208258365,4.399966066023436,,TRUE
4878,TRUE,FALSE,-0.3669703862682622,0.9233497879857746,5.487470609572571,2.365568254880496,9.740207817479236,4.564120821586797,7.37463956259874,2.8105187410119434,,TRUE
4879,TRUE,FALSE,0.07974045276571538,0.6859223435429799,2.587200981077373,2.281634849793883,9.320349487999371,1.9012786375343929,7.038714638205487,5.137436000671094,,TRUE
4880,TRUE,FALSE,0.07970449033111009,1.8245426703767282,6.6458346661513845,2.535159989439073,10.000370736503063,4.821291995774656,7.46521074706399,2.643918751289334,,TRUE
4881,TRUE,FALSE,0.24530144653549446,1.4398297228408168,4.400314358560904,3.172522666687272,12.391114420913949,2.9604846357200874,9.218591754226678,6.25810711850659,,TRUE
4882,TRUE,FALSE,-1.0561468624406256,0.500103699638371,4.116751160453856,3.2418097858404327,9.281182739778512,3.6166474608154853,6.039372953938079,2.4227254931225937,,TRUE
4883,TRUE,FALSE,-0.10843907619256929,1.4769935284151483,6.714300517528707,2.7862009457376575,11.364232907189766,5.237306989113558,8.578031961452108,3.34072497233855,,TRUE
4884,TRUE,FALSE,-0.5173695551624432,1.19819008568857,5.829012954566329,3.015418559582278,8.744322357332656,4.630822868877758,5.7289037977503785,1.09808092887262,,TRUE
4885,TRUE,FALSE,-0.12607654851162894,1.3368604793173775,6.22343473769976,3.0537935745958187,12.532259602236657,4.886574258382383,9.478466027640838,4.5918917692584555,,TRUE
4886,TRUE,FALSE,-0.3699797021587609,1.5239362454477146,6.644017776394257,3.5751860338959682,10.766696954807381,5.120081530946543,7.191510920911413,2.0714293899648704,,TRUE
4887,TRUE,FALSE,-0.7229306469520714,0.8629494937638197,7.167570184873577,2.9023278225418006,11.699525552880118,6.304620691109758,8.797197730338318,2.4925770392285607,,TRUE
4888,TRUE,FALSE,0.0460076438886508,0.840260306216905,2.8219660471289187,2.5584373820963835,8.996914516498146,1.9817057409120138,6.438477134401762,4.456771393489749,,TRUE
4889,TRUE,FALSE,-0.17054830006441407,0.9837767299129292,5.0757201717095155,2.040336339142535,8.876355846386337,4.0919434417965865,6.836019507243803,2.7440760654472163,,TRUE
4890,TRUE,FALSE,-0.4360101708418675,0.7979764023042752,4.336972056845016,2.9678581580873034,10.429966298507088,3.5389956545407406,7.462108140419785,3.9231124858790443,,TRUE
4891,TRUE,FALSE,-0.08391210587601887,1.0680077240010184,4.848569658166127,2.5070493703375774,10.465490015124479,3.780561934165109,7.958440644786901,4.177878710621792,,TRUE
4892,TRUE,FALSE,-0.505871974293059,0.7292600595782293,4.956866312096997,2.8081634800158306,11.509322447998755,4.227606252518767,8.701158967982925,4.473552715464158,,TRUE
4893,TRUE,FALSE,-0.22905977224201837,0.8250780209076858,4.606071893426204,2.479526867168471,11.008423215326397,3.7809938725185184,8.528896348157925,4.747902475639407,,TRUE
4894,TRUE,FALSE,-0.2935101594013529,0.8835847195275637,4.377223733490271,3.3612787322045925,12.416100910522093,3.4936390139627074,9.054822178317501,5.5611831643547935,,TRUE
4895,TRUE,FALSE,-0.30181700498012337,1.0611293308376302,5.93631211126584,2.580512172879393,10.675220635303193,4.87518278042821,8.0947084624238,3.2195256819955897,,TRUE
4896,TRUE,FALSE,0.20317614775440357,1.2999310805670221,4.103506128629155,2.5053086874430512,9.690234411708461,2.8035750480621324,7.18492572426541,4.381350676203278,,TRUE
4897,TRUE,FALSE,-0.3800045078629393,0.7779559554276444,4.802048612595716,2.9116796616716254,12.290831774411773,4.0240926571680715,9.379152112740147,5.355059455572076,,TRUE
4898,TRUE,FALSE,-0.467203328798995,0.8434479231914611,4.150867095831546,2.92966559981627,9.036386101935198,3.307419172640085,6.106720502118929,2.799301329478844,,TRUE
4899,TRUE,FALSE,-0.3843040575199283,0.778894925696342,4.590438554229378,2.389769504712666,9.59025571317272,3.8115436285330357,7.200486208460054,3.3889425799270185,,TRUE
4900,TRUE,FALSE,-0.120181904189949,1.0725810458301313,5.15959488923119,3.0597322347617526,13.051925011706219,4.087013843401059,9.992192776944467,5.905178933543408,,TRUE
4901,TRUE,FALSE,-0.12734611918151867,0.801610066147896,4.111867912809907,2.6987607885838605,12.18806236107204,3.3102578466620107,9.48930157248818,6.17904372582617,,TRUE
4902,TRUE,FALSE,0.12088071550113144,1.2563557178469502,4.421915349167578,2.832389341468609,11.249897950726961,3.165559631320628,8.417508609258352,5.251948977937724,,TRUE
4903,TRUE,FALSE,-0.19661471656882915,0.9181910434067975,4.218400716423943,2.3039293780886414,8.695513949785635,3.3002096730171457,6.391584571696994,3.091374898679848,,TRUE
4904,TRUE,FALSE,-0.015232577877863526,0.9952621700652282,4.083413570792285,2.7779835773610477,11.225355931068677,3.0881514007270567,8.447372353707628,5.359220952980571,,TRUE
4905,TRUE,FALSE,0.10204685255023428,1.2935225989796808,4.529704590117593,2.3748128375631183,9.209660739541212,3.236181991137912,6.834847901978094,3.598665910840182,,TRUE
4906,TRUE,FALSE,0.03052787775674934,1.1592944532028662,5.85386539273902,1.984771159877491,10.332787629967099,4.6945709395361535,8.348016470089608,3.653445530553454,,TRUE
4907,TRUE,FALSE,-0.4565393889998349,1.0343141659192046,5.196851227405932,3.5577248723557893,11.323681200526,4.162537061486727,7.76595632817021,3.603419266683483,,TRUE
4908,TRUE,FALSE,-0.25115917749539335,1.3512285754985014,6.863881194785672,2.7258387781839826,10.771199194838333,5.512652619287171,8.04536041665435,2.5327077973671797,,TRUE
4909,TRUE,FALSE,-0.6472122710518112,0.6567165152605325,4.841244137340933,2.773952915285085,10.705264771906535,4.184527622080401,7.93131185662145,3.7467842345410496,,TRUE
4910,TRUE,FALSE,0.11634491972626586,1.7103559009144114,5.385147875881532,3.3616250642204233,11.890178458687343,3.6747919749671203,8.52855339446692,4.8537614194998,,TRUE
4911,TRUE,FALSE,-0.14515239419378184,1.7654806245341772,7.760106528620675,2.787210992096197,10.595847270610669,5.994625904086497,7.808636278514472,1.8140103744279745,,TRUE
4912,TRUE,FALSE,-0.306531535299712,1.0107910535584899,6.184582146226425,2.376759963668211,10.703094056110169,5.173791092667935,8.326334092441957,3.152542999774022,,TRUE
4913,TRUE,FALSE,-0.37172766111398614,0.5648304276680776,3.231162731510174,3.042201226937957,12.000225631608481,2.6663323038420965,8.958024404670525,6.291692100828428,,TRUE
4914,TRUE,FALSE,-0.526830837066833,1.270601824946374,7.376964775515292,2.7065397040246406,9.278609811735624,6.1063629505689185,6.572070107710983,0.4657071571420648,,TRUE
4915,TRUE,FALSE,-0.169799047081055,1.5875990479209632,7.6124143933684705,2.42969089352701,9.830821910042832,6.024815345447507,7.401131016515823,1.3763156710683155,,TRUE
4916,TRUE,FALSE,-0.0029467591804365322,0.8651568501165564,3.0506104778235765,3.097619260591223,10.890308474414978,2.18545362770702,7.7926892138237545,5.607235586116735,,TRUE
4917,TRUE,FALSE,0.18601510546821248,0.8282698578396592,2.92590628690491,2.4314695815331517,10.345291440228007,2.0976364290652505,7.913821858694854,5.816185429629604,,TRUE
4918,TRUE,FALSE,-0.2293062258994263,1.38124971760938,7.3069087037739875,2.4305283731285052,10.222938438146901,5.925658986164607,7.792410065018396,1.866751078853789,,TRUE
4919,TRUE,FALSE,-0.10083965189108243,1.1783602975150194,5.914811556785584,2.243518405297407,10.181185345431823,4.736451259270565,7.937666940134416,3.201215680863851,,TRUE
4920,TRUE,FALSE,0.2364196210932652,1.1741769919910277,3.846620678755398,2.356355864934261,9.778278723941442,2.67244368676437,7.421922859007181,4.749479172242811,,TRUE
4921,TRUE,FALSE,0.12888493041230722,0.8635818997967897,3.2544642221428437,2.7359287382821607,11.728832001319613,2.3908823223460542,8.992903263037453,6.602020940691399,,TRUE
4922,TRUE,FALSE,-0.2203643520261692,0.7892060366436153,3.9388369443966487,2.070358138779598,8.289342038802545,3.1496309077530333,6.2189839000229465,3.069352992269913,,TRUE
4923,TRUE,FALSE,-0.044922210068610975,1.4888893273631774,6.301484252046344,2.7634373258402163,11.182028370848005,4.812594924683166,8.418591045007789,3.6059961203246225,,TRUE
4924,TRUE,FALSE,-0.013177275825817195,1.3655951749311137,5.241641644920542,2.75515770702899,10.436839326966119,3.8760464699894284,7.6816816199371285,3.8056351499477,,TRUE
4925,TRUE,FALSE,-0.10859536619453264,0.7031555407157194,3.6938001083675926,1.6928010571554621,7.977476613701069,2.990644567651873,6.284675556545607,3.294030988893734,,TRUE
4926,TRUE,FALSE,-0.029402175794990763,1.0953806426626302,4.500628740742327,2.604262548989922,10.390194804672802,3.4052480980796966,7.78593225568288,4.380684157603183,,TRUE
4927,TRUE,FALSE,0.08643164684058165,1.6028561722634607,5.229659618213509,2.505818230776867,8.913847932475537,3.6268034459500482,6.40802970169867,2.7812262557486216,,TRUE
4928,TRUE,FALSE,-0.4102754301435785,1.0674888474725597,6.633241670392404,2.4006628931124725,9.89722168856346,5.565752822919844,7.496558795450988,1.930805972531144,,TRUE
4929,TRUE,FALSE,-0.35399717063602787,0.7575262891753898,3.302985962447961,3.0510707189178032,9.33732069165552,2.545459673272571,6.286249972737718,3.7407902994651465,,TRUE
4930,TRUE,FALSE,-0.19144796125157054,1.566869939399155,7.811710315651413,2.694536815099754,11.093089315841366,6.244840376252258,8.398552500741612,2.1537121244893545,,TRUE
4931,TRUE,FALSE,-0.239018682184232,0.9075643042828069,5.07193557759475,2.9703520547438016,13.070727300851267,4.164371273311943,10.100375246107465,5.936003972795522,,TRUE
4932,TRUE,FALSE,-0.03561506227998244,0.9118522191894676,3.7323061425899082,2.8115709034895464,11.105405358771314,2.8204539234004407,8.293834455281768,5.473380531881327,,TRUE
4933,TRUE,FALSE,-0.5365712999408957,0.7114867199070269,4.768422979932503,2.6472370250863615,10.374587732572898,4.056936260025476,7.727350707486536,3.6704144474610603,,TRUE
4934,TRUE,FALSE,-0.041217152256458514,1.1621924627056042,5.222588319172963,1.8562038866279782,8.00447835238116,4.060395856467359,6.148274465753182,2.0878786092858226,,TRUE
4935,TRUE,FALSE,-0.28507123012939756,0.8864509899497874,4.15341680487393,3.6376717885785705,12.816499832200643,3.2669658149241427,9.178828043622072,5.911862228697929,,TRUE
4936,TRUE,FALSE,-0.00422987639226801,1.65080753596642,6.878856888892174,2.604824553038726,10.808397202936641,5.228049352925754,8.203572649897914,2.9755232969721606,,TRUE
4937,TRUE,FALSE,0.14480713940095527,1.3989248012943605,4.636258050302364,2.7008016680729576,10.345580525586524,3.237333249008003,7.6447788575135665,4.407445608505563,,TRUE
4938,TRUE,FALSE,-0.24668644722473912,0.8850876209445744,5.034970005914756,2.455322354858379,10.914015751890318,4.149882384970182,8.45869339703194,4.308811012061758,,TRUE
4939,TRUE,FALSE,-0.29972406332338486,0.7192846477148687,3.535512834700701,3.176383410278288,11.569538605552829,2.8162281869858328,8.393155195274542,5.576927008288709,,TRUE
4940,TRUE,FALSE,-0.6787183780310958,0.8262270882549573,6.03017345764995,2.4241504563977827,8.97483142819035,5.203946369394993,6.550680971792568,1.346734602397575,,TRUE
4941,TRUE,FALSE,0.09571791078595208,1.8422468540200694,7.052413464480845,2.682325022401395,11.299809029472092,5.210166610460776,8.617484007070697,3.407317396609921,,TRUE
4942,TRUE,FALSE,0.0012870329195813586,1.0025553171646524,3.8074033288891553,2.973705488816358,11.307782498330509,2.804848011724503,8.33407700951415,5.529228997789647,,TRUE
4943,TRUE,FALSE,-0.14687104922989969,1.3401614803002984,7.148548599394538,2.6775853802466365,12.331581708663988,5.80838711909424,9.653996328417351,3.8456092093231113,,TRUE
4944,TRUE,FALSE,-0.3251913025692394,1.383560173659563,8.609270639144867,2.4835680537431952,11.163890930042038,7.225710465485304,8.680322876298844,1.4546124108135396,,TRUE
4945,TRUE,FALSE,-0.004157248995186186,0.9488872588141996,3.9790618059485845,2.393593336562816,9.995648294375888,3.030174547134385,7.602054957813072,4.571880410678688,,TRUE
4946,TRUE,FALSE,-0.12837541807796932,1.3872648742963283,6.000209241765273,2.6368691862489966,10.030968232496463,4.612944367468945,7.394099046247466,2.7811546787785213,,TRUE
4947,TRUE,FALSE,-0.17333257512257944,0.975966092482343,4.816418034028038,2.382269035673091,9.885596260459248,3.8404519415456946,7.503327224786157,3.6628752832404627,,TRUE
4948,TRUE,FALSE,0.26327180473784106,0.9455186695966832,2.731461732641452,2.2942327080021374,8.623825715911222,1.7859430630447686,6.329593007909084,4.543649944864315,,TRUE
4949,TRUE,FALSE,-0.12660032684258474,1.021339627930427,4.67994319488572,1.8620815195071454,7.517739372226624,3.6586035669552928,5.655657852719479,1.997054285764186,,TRUE
4950,TRUE,FALSE,-0.25249316537054123,0.6473173058682652,3.992544816469116,2.1432588135136483,10.269535765466195,3.345227510600851,8.126276951952546,4.781049441351695,,TRUE
4951,TRUE,FALSE,-0.21617244020782447,1.7550694257202775,6.608257854286495,2.2825131509231027,6.923464515910852,4.8531884285662175,4.64095136498775,-0.21223706357846783,,TRUE
4952,TRUE,FALSE,-0.17795347715568502,1.0039287605605804,4.5011931918375305,2.8877874907314673,10.836917692438076,3.49726443127695,7.949130201706609,4.451865770429659,,TRUE
4953,TRUE,FALSE,-0.2980777331807499,0.9842560542152956,4.782428205992775,2.82654366106958,10.193951144816955,3.7981721517774796,7.367407483747375,3.569235331969895,,TRUE
4954,TRUE,FALSE,-0.7109458400670243,0.7012217911817307,4.699917674761098,3.374979166506181,11.110819389240405,3.998695883579367,7.735840222734224,3.7371443391548564,,TRUE
4955,TRUE,FALSE,-1.0574329954234933,0.6317710463736453,5.6360760060753305,3.1619849715011252,9.798049048136976,5.0043049597016855,6.636064076635851,1.6317591169341652,,TRUE
4956,TRUE,FALSE,-0.07056550562302741,1.2550546857047824,5.386310808121716,2.793733692776733,11.172942309813626,4.131256122416934,8.379208617036893,4.247952494619959,,TRUE
4957,TRUE,FALSE,0.021442210097850096,1.3835388384019285,5.038345591801043,2.846933980663705,10.592201356046395,3.654806753399115,7.74526737538269,4.090460621983576,,TRUE
4958,TRUE,FALSE,0.014605993992459779,1.1997075817046428,4.2286698787754204,2.3114709629512507,8.267231967469868,3.0289622970707777,5.955761004518617,2.9267987074478397,,TRUE
4959,TRUE,FALSE,-0.5478636737509799,0.6703012470596802,4.310875952121816,3.0070826231019163,11.181670471109182,3.640574705062136,8.174587848007267,4.534013142945131,,TRUE
4960,TRUE,FALSE,-0.6072729054126631,1.441561983739726,9.176309197744269,2.5919904698123672,8.989444316381178,7.734747214004543,6.39745384656881,-1.3372933674357323,,TRUE
4961,TRUE,FALSE,-0.06920224007703123,0.7499467621804065,3.7308572479492135,2.7000348235145157,12.534107414505018,2.980910485768807,9.834072590990502,6.853162105221695,,TRUE
4962,TRUE,FALSE,-0.21222180384902808,1.2251092432166415,6.271282321682751,2.153645715850339,8.916389647564714,5.04617307846611,6.7627439317143745,1.7165708532482649,,TRUE
4963,TRUE,FALSE,-0.17852804576896397,0.6873676379168545,2.9000302924290966,2.887663286500457,10.191221935058602,2.212662654512242,7.303558648558145,5.090895994045903,,TRUE
4964,TRUE,TRUE,-0.16406273805163704,1.1616405719091198,4.920176097531992,2.9376449247416256,10.559822888791789,3.758535525622872,7.622177964050163,3.863642438427291,,TRUE
4965,TRUE,FALSE,-0.838172213292062,0.8583002289687485,7.066070160300051,2.6686159520027513,9.501916891836995,6.207769931331303,6.833300939834244,0.6255310085029411,,TRUE
4966,TRUE,FALSE,-0.031825173782767585,0.7744326330234051,4.073420192170102,2.898432408820552,14.767849121950338,3.2989875591466964,11.869416713129786,8.570429153983088,,TRUE
4967,TRUE,FALSE,-0.6918158204101814,1.0845090943340745,7.243327505790835,2.625904039597714,8.780757472783066,6.15881841145676,6.154853433185352,-0.003964978271408626,,TRUE
4968,TRUE,FALSE,-0.12388762245808317,1.1716222328827604,5.072355154127666,2.858108580350497,10.931935554604037,3.900732921244906,8.073826974253539,4.173094053008633,,TRUE
4969,TRUE,FALSE,-0.08779236457187019,0.6850166331338366,3.092503186772367,2.426685260186544,10.034477227160767,2.4074865536385306,7.607791966974224,5.200305413335693,,TRUE
4970,TRUE,FALSE,-0.2884506191055223,0.895694748165673,4.760556791427199,3.0254602777804904,12.05082183928692,3.8648620432615255,9.025361561506429,5.160499518244904,,TRUE
4971,TRUE,FALSE,-0.6664090229511288,0.5752592621216782,4.51308556076073,2.080778323303391,8.383357773670651,3.9378262986390515,6.30257945036726,2.364753151728208,,TRUE
4972,TRUE,FALSE,-0.7453255184045889,0.694706214814245,4.976464520356545,2.6368789086235127,8.964357225837876,4.281758305542301,6.327478317214363,2.0457200116720626,,TRUE
4973,TRUE,FALSE,-0.3087037434868126,0.7759723981313172,4.03192409374164,3.5732699642405854,13.635264611966178,3.255951695610323,10.061994647725593,6.80604295211527,,TRUE
4974,TRUE,FALSE,-0.5202187661093126,0.8082457209301457,5.38955895370323,2.8537670731012876,11.310978998977362,4.581313232773084,8.457211925876074,3.8758986931029895,,TRUE
4975,TRUE,FALSE,-0.025240287265953506,0.7403717009095412,3.4919681968825507,2.1028986933139704,9.671127367708689,2.7515964959730095,7.568228674394718,4.816632178421709,,TRUE
4976,TRUE,FALSE,-0.35206818806996015,1.0419718550445003,5.711409019989069,2.222455496743935,8.566808851257116,4.6694371649445685,6.344353354513181,1.6749161895686129,,TRUE
4977,TRUE,FALSE,-0.20552156427733154,1.3891027563135192,6.573446963834589,2.133067975378034,8.218765788603484,5.18434420752107,6.08569781322545,0.9013536057043803,,TRUE
4978,TRUE,FALSE,-0.5207857555909701,0.7294086143303731,4.358833042125412,2.309871868845249,8.199981191410078,3.629424427795039,5.890109322564829,2.2606848947697897,,TRUE
4979,TRUE,FALSE,0.01586811548721998,1.1238061995071202,6.09622662670855,2.5063109546340057,13.813256210734027,4.972420427201429,11.306945256100022,6.3345248288985925,,TRUE
4980,TRUE,FALSE,-0.42227953053200845,0.5845610610663472,4.237816074734599,2.6671095356088377,12.675333752942382,3.653255013668252,10.008224217333545,6.354969203665293,,TRUE
4981,TRUE,FALSE,-0.2828784827673181,0.9798531890848519,6.178071207795824,2.9679946587086175,14.102705930874311,5.198218018710972,11.134711272165694,5.936493253454722,,TRUE
4982,TRUE,FALSE,0.18551046680643152,0.9458367148685837,3.1301062627424496,3.299502755821499,13.14490890676474,2.184269547873866,9.84540615094324,7.661136603069375,,TRUE
4983,TRUE,FALSE,-0.45748664125561994,0.5981408600605055,4.4056061160957345,2.8067417862897095,13.08340339702453,3.807465256035229,10.27666161073482,6.469196354699591,,TRUE
4984,TRUE,FALSE,-0.5876058280703796,0.8173103529499377,5.017687943567256,3.570473993841852,12.180035491247864,4.200377590617318,8.609561497406013,4.409183906788694,,TRUE
4985,TRUE,FALSE,-0.26919064862733444,1.2923630324769628,6.266617293046116,2.899860315271124,10.742805467081208,4.974254260569154,7.842945151810084,2.86869089124093,,TRUE
4986,TRUE,FALSE,-0.15429704508352823,1.2044361632775937,6.246900465646378,2.210795399677346,9.826955658378198,5.042464302368784,7.616160258700852,2.5736959563320676,,TRUE
4987,TRUE,FALSE,-0.7234245950981907,1.8751893342847479,13.966286497537972,3.0359086543754294,10.968448817155792,12.091097163253224,7.932540162780363,-4.158557000472861,,TRUE
4988,TRUE,FALSE,-0.2672703261707014,1.5755748244466392,7.139680213159444,3.035519659795444,10.529281810635505,5.564105388712805,7.493762150840061,1.929656762127256,,TRUE
4989,TRUE,FALSE,-0.24716482092658965,0.9704248522998039,4.777982743472239,2.4794348503707653,9.534393019894253,3.807557891172435,7.054958169523488,3.2474002783510527,,TRUE
4990,TRUE,FALSE,-0.42104121009007894,1.0043221619209377,5.0735908033451675,2.6868212049159315,8.90892461906871,4.06926864142423,6.2221034141527785,2.152834772728548,,TRUE
4991,TRUE,FALSE,-0.38945651548326155,0.5293462365495105,3.1429562341112587,2.8033631156571075,11.275583957673433,2.613609997561748,8.472220842016325,5.858610844454577,,TRUE
4992,TRUE,FALSE,-0.06810238078353012,1.8401893559341083,7.606684099541259,2.4676967762350603,9.529018539606628,5.766494743607151,7.061321763371568,1.2948270197644174,,TRUE
4993,TRUE,FALSE,-0.5271989709257644,1.8688195802118348,10.854012740686436,2.499621624915779,8.569147544161925,8.985193160474601,6.069525919246146,-2.915667241228455,,TRUE
4994,TRUE,FALSE,-0.11391855790268114,1.379332246053917,6.229707168058427,3.4356847115970353,13.84643096666875,4.8503749220045105,10.410746255071714,5.560371333067204,,TRUE
4995,TRUE,FALSE,0.07715594437900614,1.814533514639919,6.883481035258535,2.269088172439797,9.298285975703866,5.068947520618616,7.0291978032640685,1.9602502826454522,,TRUE
4996,TRUE,FALSE,0.1411657896274819,1.134640733904953,4.809837932337277,2.5376856869012947,12.388462937541961,3.6751971984323237,9.850777250640666,6.175580052208343,,TRUE
4997,TRUE,TRUE,-0.46286940929870984,1.0573446445288537,6.299586762545025,2.533335687414042,9.500940594640381,5.242242118016171,6.96760490722634,1.7253627892101688,,TRUE
4998,TRUE,FALSE,0.13702931900209966,1.0303808574900437,3.3409008903602304,2.082314480204851,7.743248673340335,2.310520032870187,5.660934193135484,3.350414160265297,,TRUE
4999,TRUE,FALSE,-0.3842655110857068,0.9034026384101106,5.201486803338521,2.637457571050847,10.34063567488134,4.298084164928411,7.703178103830494,3.405093938902083,,TRUE
5000,TRUE,FALSE,-0.42907772868041744,0.7372422846925791,5.341786891374075,2.1649016721368737,10.21335453301942,4.604544606681496,8.048452860882545,3.443908254201049,,FALSE
