Batch,CageChange,System,AnimalID,AnimalNum,Sex,PhaseLabel,BlockStart,BlockEnd,RecordedCrossings,NominalHours,EligiblePhase,CageID,AnimalKey,CrossingsPerHour,PhaseStatus,BalancedAnimal,BalancedCage,IncludedInFamily,Phase,Reference,OutcomeSex,OutcomeBatch,Group,Condition,CommonCage,IncludedInPrimary,BaselineRate,ChangeFromBaseline
B3,CC4,sys.1,OR413,OR413,Female,A1,2023-05-06T18:30:00Z,2023-05-07T06:30:00Z,297,12,TRUE,B3|sys.1|CC4,B3|OR413,24.75,complete_clock_and_animal_span,TRUE,TRUE,TRUE,Active,A2,Female,B3,CON,CON,TRUE,TRUE,38.166666666666664,-13.416666666666664
B3,CC4,sys.1,OR413,OR413,Female,A2,2023-05-07T18:30:00Z,2023-05-08T06:30:00Z,458,12,TRUE,B3|sys.1|CC4,B3|OR413,38.166666666666664,complete_clock_and_animal_span,TRUE,TRUE,TRUE,Active,A2,Female,B3,CON,CON,TRUE,TRUE,38.166666666666664,0
B3,CC4,sys.1,OR413,OR413,Female,A3,2023-05-08T18:30:00Z,2023-05-09T06:30:00Z,384,12,TRUE,B3|sys.1|CC4,B3|OR413,32,complete_clock_and_animal_span,TRUE,TRUE,TRUE,Active,A2,Female,B3,CON,CON,TRUE,TRUE,38.166666666666664,-6.166666666666664
B3,CC4,sys.1,OR413,OR413,Female,A4,2023-05-09T18:30:00Z,2023-05-10T06:30:00Z,360,12,TRUE,B3|sys.1|CC4,B3|OR413,30,complete_clock_and_animal_span,TRUE,TRUE,TRUE,Active,A2,Female,B3,CON,CON,TRUE,TRUE,38.166666666666664,-8.166666666666664
B3,CC4,sys.1,OR413,OR413,Female,A5,2023-05-10T18:30:00Z,2023-05-11T06:30:00Z,360,12,TRUE,B3|sys.1|CC4,B3|OR413,30,complete_clock_and_animal_span,TRUE,TRUE,TRUE,Active,A2,Female,B3,CON,CON,TRUE,TRUE,38.166666666666664,-8.166666666666664
B3,CC4,sys.1,OR413,OR413,Female,I2,2023-05-07T06:30:00Z,2023-05-07T18:30:00Z,37,12,TRUE,B3|sys.1|CC4,B3|OR413,3.0833333333333335,complete_clock_and_animal_span,TRUE,TRUE,TRUE,Inactive,I2,Female,B3,CON,CON,TRUE,TRUE,3.0833333333333335,0
B3,CC4,sys.1,OR413,OR413,Female,I3,2023-05-08T06:30:00Z,2023-05-08T18:30:00Z,160,12,TRUE,B3|sys.1|CC4,B3|OR413,13.333333333333334,complete_clock_and_animal_span,TRUE,TRUE,TRUE,Inactive,I2,Female,B3,CON,CON,TRUE,TRUE,3.0833333333333335,10.25
B3,CC4,sys.1,OR413,OR413,Female,I4,2023-05-09T06:30:00Z,2023-05-09T18:30:00Z,96,12,TRUE,B3|sys.1|CC4,B3|OR413,8,complete_clock_and_animal_span,TRUE,TRUE,TRUE,Inactive,I2,Female,B3,CON,CON,TRUE,TRUE,3.0833333333333335,4.916666666666666
B3,CC4,sys.1,OR413,OR413,Female,I5,2023-05-10T06:30:00Z,2023-05-10T18:30:00Z,96,12,TRUE,B3|sys.1|CC4,B3|OR413,8,complete_clock_and_animal_span,TRUE,TRUE,TRUE,Inactive,I2,Female,B3,CON,CON,TRUE,TRUE,3.0833333333333335,4.916666666666666
B3,CC4,sys.1,OR414,OR414,Female,A1,2023-05-06T18:30:00Z,2023-05-07T06:30:00Z,400,12,TRUE,B3|sys.1|CC4,B3|OR414,33.333333333333336,complete_clock_and_animal_span,TRUE,TRUE,TRUE,Active,A2,Female,B3,CON,CON,TRUE,TRUE,37,-3.6666666666666643
B3,CC4,sys.1,OR414,OR414,Female,A2,2023-05-07T18:30:00Z,2023-05-08T06:30:00Z,444,12,TRUE,B3|sys.1|CC4,B3|OR414,37,complete_clock_and_animal_span,TRUE,TRUE,TRUE,Active,A2,Female,B3,CON,CON,TRUE,TRUE,37,0
B3,CC4,sys.1,OR414,OR414,Female,A3,2023-05-08T18:30:00Z,2023-05-09T06:30:00Z,389,12,TRUE,B3|sys.1|CC4,B3|OR414,32.416666666666664,complete_clock_and_animal_span,TRUE,TRUE,TRUE,Active,A2,Female,B3,CON,CON,TRUE,TRUE,37,-4.583333333333336
B3,CC4,sys.1,OR414,OR414,Female,A4,2023-05-09T18:30:00Z,2023-05-10T06:30:00Z,290,12,TRUE,B3|sys.1|CC4,B3|OR414,24.166666666666668,complete_clock_and_animal_span,TRUE,TRUE,TRUE,Active,A2,Female,B3,CON,CON,TRUE,TRUE,37,-12.833333333333332
B3,CC4,sys.1,OR414,OR414,Female,A5,2023-05-10T18:30:00Z,2023-05-11T06:30:00Z,274,12,TRUE,B3|sys.1|CC4,B3|OR414,22.833333333333332,complete_clock_and_animal_span,TRUE,TRUE,TRUE,Active,A2,Female,B3,CON,CON,TRUE,TRUE,37,-14.166666666666668
B3,CC4,sys.1,OR414,OR414,Female,I2,2023-05-07T06:30:00Z,2023-05-07T18:30:00Z,26,12,TRUE,B3|sys.1|CC4,B3|OR414,2.1666666666666665,complete_clock_and_animal_span,TRUE,TRUE,TRUE,Inactive,I2,Female,B3,CON,CON,TRUE,TRUE,2.1666666666666665,0
B3,CC4,sys.1,OR414,OR414,Female,I3,2023-05-08T06:30:00Z,2023-05-08T18:30:00Z,134,12,TRUE,B3|sys.1|CC4,B3|OR414,11.166666666666666,complete_clock_and_animal_span,TRUE,TRUE,TRUE,Inactive,I2,Female,B3,CON,CON,TRUE,TRUE,2.1666666666666665,9
B3,CC4,sys.1,OR414,OR414,Female,I4,2023-05-09T06:30:00Z,2023-05-09T18:30:00Z,83,12,TRUE,B3|sys.1|CC4,B3|OR414,6.916666666666667,complete_clock_and_animal_span,TRUE,TRUE,TRUE,Inactive,I2,Female,B3,CON,CON,TRUE,TRUE,2.1666666666666665,4.75
B3,CC4,sys.1,OR414,OR414,Female,I5,2023-05-10T06:30:00Z,2023-05-10T18:30:00Z,42,12,TRUE,B3|sys.1|CC4,B3|OR414,3.5,complete_clock_and_animal_span,TRUE,TRUE,TRUE,Inactive,I2,Female,B3,CON,CON,TRUE,TRUE,2.1666666666666665,1.3333333333333335
B3,CC4,sys.1,OR415,OR415,Female,A1,2023-05-06T18:30:00Z,2023-05-07T06:30:00Z,434,12,TRUE,B3|sys.1|CC4,B3|OR415,36.166666666666664,complete_clock_and_animal_span,TRUE,TRUE,TRUE,Active,A2,Female,B3,CON,CON,TRUE,TRUE,45.916666666666664,-9.75
B3,CC4,sys.1,OR415,OR415,Female,A2,2023-05-07T18:30:00Z,2023-05-08T06:30:00Z,551,12,TRUE,B3|sys.1|CC4,B3|OR415,45.916666666666664,complete_clock_and_animal_span,TRUE,TRUE,TRUE,Active,A2,Female,B3,CON,CON,TRUE,TRUE,45.916666666666664,0
B3,CC4,sys.1,OR415,OR415,Female,A3,2023-05-08T18:30:00Z,2023-05-09T06:30:00Z,466,12,TRUE,B3|sys.1|CC4,B3|OR415,38.833333333333336,complete_clock_and_animal_span,TRUE,TRUE,TRUE,Active,A2,Female,B3,CON,CON,TRUE,TRUE,45.916666666666664,-7.083333333333329
B3,CC4,sys.1,OR415,OR415,Female,A4,2023-05-09T18:30:00Z,2023-05-10T06:30:00Z,458,12,TRUE,B3|sys.1|CC4,B3|OR415,38.166666666666664,complete_clock_and_animal_span,TRUE,TRUE,TRUE,Active,A2,Female,B3,CON,CON,TRUE,TRUE,45.916666666666664,-7.75
B3,CC4,sys.1,OR415,OR415,Female,A5,2023-05-10T18:30:00Z,2023-05-11T06:30:00Z,430,12,TRUE,B3|sys.1|CC4,B3|OR415,35.833333333333336,complete_clock_and_animal_span,TRUE,TRUE,TRUE,Active,A2,Female,B3,CON,CON,TRUE,TRUE,45.916666666666664,-10.083333333333329
B3,CC4,sys.1,OR415,OR415,Female,I2,2023-05-07T06:30:00Z,2023-05-07T18:30:00Z,63,12,TRUE,B3|sys.1|CC4,B3|OR415,5.25,complete_clock_and_animal_span,TRUE,TRUE,TRUE,Inactive,I2,Female,B3,CON,CON,TRUE,TRUE,5.25,0
B3,CC4,sys.1,OR415,OR415,Female,I3,2023-05-08T06:30:00Z,2023-05-08T18:30:00Z,206,12,TRUE,B3|sys.1|CC4,B3|OR415,17.166666666666668,complete_clock_and_animal_span,TRUE,TRUE,TRUE,Inactive,I2,Female,B3,CON,CON,TRUE,TRUE,5.25,11.916666666666668
B3,CC4,sys.1,OR415,OR415,Female,I4,2023-05-09T06:30:00Z,2023-05-09T18:30:00Z,154,12,TRUE,B3|sys.1|CC4,B3|OR415,12.833333333333334,complete_clock_and_animal_span,TRUE,TRUE,TRUE,Inactive,I2,Female,B3,CON,CON,TRUE,TRUE,5.25,7.583333333333334
B3,CC4,sys.1,OR415,OR415,Female,I5,2023-05-10T06:30:00Z,2023-05-10T18:30:00Z,134,12,TRUE,B3|sys.1|CC4,B3|OR415,11.166666666666666,complete_clock_and_animal_span,TRUE,TRUE,TRUE,Inactive,I2,Female,B3,CON,CON,TRUE,TRUE,5.25,5.916666666666666
B3,CC4,sys.1,OR416,OR416,Female,A1,2023-05-06T18:30:00Z,2023-05-07T06:30:00Z,250,12,TRUE,B3|sys.1|CC4,B3|OR416,20.833333333333332,complete_clock_and_animal_span,TRUE,TRUE,TRUE,Active,A2,Female,B3,CON,CON,TRUE,TRUE,22,-1.1666666666666679
B3,CC4,sys.1,OR416,OR416,Female,A2,2023-05-07T18:30:00Z,2023-05-08T06:30:00Z,264,12,TRUE,B3|sys.1|CC4,B3|OR416,22,complete_clock_and_animal_span,TRUE,TRUE,TRUE,Active,A2,Female,B3,CON,CON,TRUE,TRUE,22,0
B3,CC4,sys.1,OR416,OR416,Female,A3,2023-05-08T18:30:00Z,2023-05-09T06:30:00Z,264,12,TRUE,B3|sys.1|CC4,B3|OR416,22,complete_clock_and_animal_span,TRUE,TRUE,TRUE,Active,A2,Female,B3,CON,CON,TRUE,TRUE,22,0
B3,CC4,sys.1,OR416,OR416,Female,A4,2023-05-09T18:30:00Z,2023-05-10T06:30:00Z,221,12,TRUE,B3|sys.1|CC4,B3|OR416,18.416666666666668,complete_clock_and_animal_span,TRUE,TRUE,TRUE,Active,A2,Female,B3,CON,CON,TRUE,TRUE,22,-3.583333333333332
B3,CC4,sys.1,OR416,OR416,Female,A5,2023-05-10T18:30:00Z,2023-05-11T06:30:00Z,248,12,TRUE,B3|sys.1|CC4,B3|OR416,20.666666666666668,complete_clock_and_animal_span,TRUE,TRUE,TRUE,Active,A2,Female,B3,CON,CON,TRUE,TRUE,22,-1.3333333333333321
B3,CC4,sys.1,OR416,OR416,Female,I2,2023-05-07T06:30:00Z,2023-05-07T18:30:00Z,18,12,TRUE,B3|sys.1|CC4,B3|OR416,1.5,complete_clock_and_animal_span,TRUE,TRUE,TRUE,Inactive,I2,Female,B3,CON,CON,TRUE,TRUE,1.5,0
B3,CC4,sys.1,OR416,OR416,Female,I3,2023-05-08T06:30:00Z,2023-05-08T18:30:00Z,70,12,TRUE,B3|sys.1|CC4,B3|OR416,5.833333333333333,complete_clock_and_animal_span,TRUE,TRUE,TRUE,Inactive,I2,Female,B3,CON,CON,TRUE,TRUE,1.5,4.333333333333333
B3,CC4,sys.1,OR416,OR416,Female,I4,2023-05-09T06:30:00Z,2023-05-09T18:30:00Z,88,12,TRUE,B3|sys.1|CC4,B3|OR416,7.333333333333333,complete_clock_and_animal_span,TRUE,TRUE,TRUE,Inactive,I2,Female,B3,CON,CON,TRUE,TRUE,1.5,5.833333333333333
B3,CC4,sys.1,OR416,OR416,Female,I5,2023-05-10T06:30:00Z,2023-05-10T18:30:00Z,47,12,TRUE,B3|sys.1|CC4,B3|OR416,3.9166666666666665,complete_clock_and_animal_span,TRUE,TRUE,TRUE,Inactive,I2,Female,B3,CON,CON,TRUE,TRUE,1.5,2.4166666666666665
B3,CC4,sys.2,1546,1546,Female,A1,2023-05-06T18:30:00Z,2023-05-07T06:30:00Z,330,12,TRUE,B3|sys.2|CC4,B3|1546,27.5,complete_clock_and_animal_span,TRUE,TRUE,TRUE,Active,A2,Female,B3,SUS,SIS,TRUE,TRUE,29.166666666666668,-1.6666666666666679
B3,CC4,sys.2,1546,1546,Female,A2,2023-05-07T18:30:00Z,2023-05-08T06:30:00Z,350,12,TRUE,B3|sys.2|CC4,B3|1546,29.166666666666668,complete_clock_and_animal_span,TRUE,TRUE,TRUE,Active,A2,Female,B3,SUS,SIS,TRUE,TRUE,29.166666666666668,0
B3,CC4,sys.2,1546,1546,Female,A3,2023-05-08T18:30:00Z,2023-05-09T06:30:00Z,348,12,TRUE,B3|sys.2|CC4,B3|1546,29,complete_clock_and_animal_span,TRUE,TRUE,TRUE,Active,A2,Female,B3,SUS,SIS,TRUE,TRUE,29.166666666666668,-0.16666666666666785
B3,CC4,sys.2,1546,1546,Female,A4,2023-05-09T18:30:00Z,2023-05-10T06:30:00Z,288,12,TRUE,B3|sys.2|CC4,B3|1546,24,complete_clock_and_animal_span,TRUE,TRUE,TRUE,Active,A2,Female,B3,SUS,SIS,TRUE,TRUE,29.166666666666668,-5.166666666666668
B3,CC4,sys.2,1546,1546,Female,A5,2023-05-10T18:30:00Z,2023-05-11T06:30:00Z,254,12,TRUE,B3|sys.2|CC4,B3|1546,21.166666666666668,complete_clock_and_animal_span,TRUE,TRUE,TRUE,Active,A2,Female,B3,SUS,SIS,TRUE,TRUE,29.166666666666668,-8
B3,CC4,sys.2,1546,1546,Female,I2,2023-05-07T06:30:00Z,2023-05-07T18:30:00Z,46,12,TRUE,B3|sys.2|CC4,B3|1546,3.8333333333333335,complete_clock_and_animal_span,TRUE,TRUE,TRUE,Inactive,I2,Female,B3,SUS,SIS,TRUE,TRUE,3.8333333333333335,0
B3,CC4,sys.2,1546,1546,Female,I3,2023-05-08T06:30:00Z,2023-05-08T18:30:00Z,182,12,TRUE,B3|sys.2|CC4,B3|1546,15.166666666666666,complete_clock_and_animal_span,TRUE,TRUE,TRUE,Inactive,I2,Female,B3,SUS,SIS,TRUE,TRUE,3.8333333333333335,11.333333333333332
B3,CC4,sys.2,1546,1546,Female,I4,2023-05-09T06:30:00Z,2023-05-09T18:30:00Z,135,12,TRUE,B3|sys.2|CC4,B3|1546,11.25,complete_clock_and_animal_span,TRUE,TRUE,TRUE,Inactive,I2,Female,B3,SUS,SIS,TRUE,TRUE,3.8333333333333335,7.416666666666666
B3,CC4,sys.2,1546,1546,Female,I5,2023-05-10T06:30:00Z,2023-05-10T18:30:00Z,109,12,TRUE,B3|sys.2|CC4,B3|1546,9.083333333333334,complete_clock_and_animal_span,TRUE,TRUE,TRUE,Inactive,I2,Female,B3,SUS,SIS,TRUE,TRUE,3.8333333333333335,5.25
B3,CC4,sys.2,OR419,OR419,Female,A1,2023-05-06T18:30:00Z,2023-05-07T06:30:00Z,295,12,TRUE,B3|sys.2|CC4,B3|OR419,24.583333333333332,complete_clock_and_animal_span,TRUE,TRUE,TRUE,Active,A2,Female,B3,RES,SIS,TRUE,TRUE,26.416666666666668,-1.8333333333333357
B3,CC4,sys.2,OR419,OR419,Female,A2,2023-05-07T18:30:00Z,2023-05-08T06:30:00Z,317,12,TRUE,B3|sys.2|CC4,B3|OR419,26.416666666666668,complete_clock_and_animal_span,TRUE,TRUE,TRUE,Active,A2,Female,B3,RES,SIS,TRUE,TRUE,26.416666666666668,0
B3,CC4,sys.2,OR419,OR419,Female,A3,2023-05-08T18:30:00Z,2023-05-09T06:30:00Z,291,12,TRUE,B3|sys.2|CC4,B3|OR419,24.25,complete_clock_and_animal_span,TRUE,TRUE,TRUE,Active,A2,Female,B3,RES,SIS,TRUE,TRUE,26.416666666666668,-2.166666666666668
B3,CC4,sys.2,OR419,OR419,Female,A4,2023-05-09T18:30:00Z,2023-05-10T06:30:00Z,308,12,TRUE,B3|sys.2|CC4,B3|OR419,25.666666666666668,complete_clock_and_animal_span,TRUE,TRUE,TRUE,Active,A2,Female,B3,RES,SIS,TRUE,TRUE,26.416666666666668,-0.75
B3,CC4,sys.2,OR419,OR419,Female,A5,2023-05-10T18:30:00Z,2023-05-11T06:30:00Z,274,12,TRUE,B3|sys.2|CC4,B3|OR419,22.833333333333332,complete_clock_and_animal_span,TRUE,TRUE,TRUE,Active,A2,Female,B3,RES,SIS,TRUE,TRUE,26.416666666666668,-3.5833333333333357
B3,CC4,sys.2,OR419,OR419,Female,I2,2023-05-07T06:30:00Z,2023-05-07T18:30:00Z,21,12,TRUE,B3|sys.2|CC4,B3|OR419,1.75,complete_clock_and_animal_span,TRUE,TRUE,TRUE,Inactive,I2,Female,B3,RES,SIS,TRUE,TRUE,1.75,0
B3,CC4,sys.2,OR419,OR419,Female,I3,2023-05-08T06:30:00Z,2023-05-08T18:30:00Z,166,12,TRUE,B3|sys.2|CC4,B3|OR419,13.833333333333334,complete_clock_and_animal_span,TRUE,TRUE,TRUE,Inactive,I2,Female,B3,RES,SIS,TRUE,TRUE,1.75,12.083333333333334
B3,CC4,sys.2,OR419,OR419,Female,I4,2023-05-09T06:30:00Z,2023-05-09T18:30:00Z,132,12,TRUE,B3|sys.2|CC4,B3|OR419,11,complete_clock_and_animal_span,TRUE,TRUE,TRUE,Inactive,I2,Female,B3,RES,SIS,TRUE,TRUE,1.75,9.25
B3,CC4,sys.2,OR419,OR419,Female,I5,2023-05-10T06:30:00Z,2023-05-10T18:30:00Z,82,12,TRUE,B3|sys.2|CC4,B3|OR419,6.833333333333333,complete_clock_and_animal_span,TRUE,TRUE,TRUE,Inactive,I2,Female,B3,RES,SIS,TRUE,TRUE,1.75,5.083333333333333
B3,CC4,sys.2,OR420,OR420,Female,A1,2023-05-06T18:30:00Z,2023-05-07T06:30:00Z,300,12,TRUE,B3|sys.2|CC4,B3|OR420,25,complete_clock_and_animal_span,TRUE,TRUE,TRUE,Active,A2,Female,B3,SUS,SIS,TRUE,TRUE,29.083333333333332,-4.083333333333332
B3,CC4,sys.2,OR420,OR420,Female,A2,2023-05-07T18:30:00Z,2023-05-08T06:30:00Z,349,12,TRUE,B3|sys.2|CC4,B3|OR420,29.083333333333332,complete_clock_and_animal_span,TRUE,TRUE,TRUE,Active,A2,Female,B3,SUS,SIS,TRUE,TRUE,29.083333333333332,0
B3,CC4,sys.2,OR420,OR420,Female,A3,2023-05-08T18:30:00Z,2023-05-09T06:30:00Z,300,12,TRUE,B3|sys.2|CC4,B3|OR420,25,complete_clock_and_animal_span,TRUE,TRUE,TRUE,Active,A2,Female,B3,SUS,SIS,TRUE,TRUE,29.083333333333332,-4.083333333333332
B3,CC4,sys.2,OR420,OR420,Female,A4,2023-05-09T18:30:00Z,2023-05-10T06:30:00Z,278,12,TRUE,B3|sys.2|CC4,B3|OR420,23.166666666666668,complete_clock_and_animal_span,TRUE,TRUE,TRUE,Active,A2,Female,B3,SUS,SIS,TRUE,TRUE,29.083333333333332,-5.916666666666664
B3,CC4,sys.2,OR420,OR420,Female,A5,2023-05-10T18:30:00Z,2023-05-11T06:30:00Z,289,12,TRUE,B3|sys.2|CC4,B3|OR420,24.083333333333332,complete_clock_and_animal_span,TRUE,TRUE,TRUE,Active,A2,Female,B3,SUS,SIS,TRUE,TRUE,29.083333333333332,-5
B3,CC4,sys.2,OR420,OR420,Female,I2,2023-05-07T06:30:00Z,2023-05-07T18:30:00Z,25,12,TRUE,B3|sys.2|CC4,B3|OR420,2.0833333333333335,complete_clock_and_animal_span,TRUE,TRUE,TRUE,Inactive,I2,Female,B3,SUS,SIS,TRUE,TRUE,2.0833333333333335,0
B3,CC4,sys.2,OR420,OR420,Female,I3,2023-05-08T06:30:00Z,2023-05-08T18:30:00Z,181,12,TRUE,B3|sys.2|CC4,B3|OR420,15.083333333333334,complete_clock_and_animal_span,TRUE,TRUE,TRUE,Inactive,I2,Female,B3,SUS,SIS,TRUE,TRUE,2.0833333333333335,13
B3,CC4,sys.2,OR420,OR420,Female,I4,2023-05-09T06:30:00Z,2023-05-09T18:30:00Z,104,12,TRUE,B3|sys.2|CC4,B3|OR420,8.666666666666666,complete_clock_and_animal_span,TRUE,TRUE,TRUE,Inactive,I2,Female,B3,SUS,SIS,TRUE,TRUE,2.0833333333333335,6.583333333333332
B3,CC4,sys.2,OR420,OR420,Female,I5,2023-05-10T06:30:00Z,2023-05-10T18:30:00Z,71,12,TRUE,B3|sys.2|CC4,B3|OR420,5.916666666666667,complete_clock_and_animal_span,TRUE,TRUE,TRUE,Inactive,I2,Female,B3,SUS,SIS,TRUE,TRUE,2.0833333333333335,3.8333333333333335
B3,CC4,sys.2,OR430,OR430,Female,A1,2023-05-06T18:30:00Z,2023-05-07T06:30:00Z,351,12,TRUE,B3|sys.2|CC4,B3|OR430,29.25,complete_clock_and_animal_span,TRUE,TRUE,TRUE,Active,A2,Female,B3,RES,SIS,TRUE,TRUE,31,-1.75
B3,CC4,sys.2,OR430,OR430,Female,A2,2023-05-07T18:30:00Z,2023-05-08T06:30:00Z,372,12,TRUE,B3|sys.2|CC4,B3|OR430,31,complete_clock_and_animal_span,TRUE,TRUE,TRUE,Active,A2,Female,B3,RES,SIS,TRUE,TRUE,31,0
B3,CC4,sys.2,OR430,OR430,Female,A3,2023-05-08T18:30:00Z,2023-05-09T06:30:00Z,372,12,TRUE,B3|sys.2|CC4,B3|OR430,31,complete_clock_and_animal_span,TRUE,TRUE,TRUE,Active,A2,Female,B3,RES,SIS,TRUE,TRUE,31,0
B3,CC4,sys.2,OR430,OR430,Female,A4,2023-05-09T18:30:00Z,2023-05-10T06:30:00Z,287,12,TRUE,B3|sys.2|CC4,B3|OR430,23.916666666666668,complete_clock_and_animal_span,TRUE,TRUE,TRUE,Active,A2,Female,B3,RES,SIS,TRUE,TRUE,31,-7.083333333333332
B3,CC4,sys.2,OR430,OR430,Female,A5,2023-05-10T18:30:00Z,2023-05-11T06:30:00Z,246,12,TRUE,B3|sys.2|CC4,B3|OR430,20.5,complete_clock_and_animal_span,TRUE,TRUE,TRUE,Active,A2,Female,B3,RES,SIS,TRUE,TRUE,31,-10.5
B3,CC4,sys.2,OR430,OR430,Female,I2,2023-05-07T06:30:00Z,2023-05-07T18:30:00Z,7,12,TRUE,B3|sys.2|CC4,B3|OR430,0.5833333333333334,complete_clock_and_animal_span,TRUE,TRUE,TRUE,Inactive,I2,Female,B3,RES,SIS,TRUE,TRUE,0.5833333333333334,0
B3,CC4,sys.2,OR430,OR430,Female,I3,2023-05-08T06:30:00Z,2023-05-08T18:30:00Z,136,12,TRUE,B3|sys.2|CC4,B3|OR430,11.333333333333334,complete_clock_and_animal_span,TRUE,TRUE,TRUE,Inactive,I2,Female,B3,RES,SIS,TRUE,TRUE,0.5833333333333334,10.75
B3,CC4,sys.2,OR430,OR430,Female,I4,2023-05-09T06:30:00Z,2023-05-09T18:30:00Z,92,12,TRUE,B3|sys.2|CC4,B3|OR430,7.666666666666667,complete_clock_and_animal_span,TRUE,TRUE,TRUE,Inactive,I2,Female,B3,RES,SIS,TRUE,TRUE,0.5833333333333334,7.083333333333334
B3,CC4,sys.2,OR430,OR430,Female,I5,2023-05-10T06:30:00Z,2023-05-10T18:30:00Z,79,12,TRUE,B3|sys.2|CC4,B3|OR430,6.583333333333333,complete_clock_and_animal_span,TRUE,TRUE,TRUE,Inactive,I2,Female,B3,RES,SIS,TRUE,TRUE,0.5833333333333334,6
B3,CC4,sys.3,1547,1547,Female,A1,2023-05-06T18:30:00Z,2023-05-07T06:30:00Z,458,12,TRUE,B3|sys.3|CC4,B3|1547,38.166666666666664,complete_clock_and_animal_span,TRUE,TRUE,TRUE,Active,A2,Female,B3,SUS,SIS,TRUE,TRUE,47.166666666666664,-9
B3,CC4,sys.3,1547,1547,Female,A2,2023-05-07T18:30:00Z,2023-05-08T06:30:00Z,566,12,TRUE,B3|sys.3|CC4,B3|1547,47.166666666666664,complete_clock_and_animal_span,TRUE,TRUE,TRUE,Active,A2,Female,B3,SUS,SIS,TRUE,TRUE,47.166666666666664,0
B3,CC4,sys.3,1547,1547,Female,A3,2023-05-08T18:30:00Z,2023-05-09T06:30:00Z,472,12,TRUE,B3|sys.3|CC4,B3|1547,39.333333333333336,complete_clock_and_animal_span,TRUE,TRUE,TRUE,Active,A2,Female,B3,SUS,SIS,TRUE,TRUE,47.166666666666664,-7.833333333333329
B3,CC4,sys.3,1547,1547,Female,A4,2023-05-09T18:30:00Z,2023-05-10T06:30:00Z,404,12,TRUE,B3|sys.3|CC4,B3|1547,33.666666666666664,complete_clock_and_animal_span,TRUE,TRUE,TRUE,Active,A2,Female,B3,SUS,SIS,TRUE,TRUE,47.166666666666664,-13.5
B3,CC4,sys.3,1547,1547,Female,A5,2023-05-10T18:30:00Z,2023-05-11T06:30:00Z,472,12,TRUE,B3|sys.3|CC4,B3|1547,39.333333333333336,complete_clock_and_animal_span,TRUE,TRUE,TRUE,Active,A2,Female,B3,SUS,SIS,TRUE,TRUE,47.166666666666664,-7.833333333333329
B3,CC4,sys.3,1547,1547,Female,I2,2023-05-07T06:30:00Z,2023-05-07T18:30:00Z,22,12,TRUE,B3|sys.3|CC4,B3|1547,1.8333333333333333,complete_clock_and_animal_span,TRUE,TRUE,TRUE,Inactive,I2,Female,B3,SUS,SIS,TRUE,TRUE,1.8333333333333333,0
B3,CC4,sys.3,1547,1547,Female,I3,2023-05-08T06:30:00Z,2023-05-08T18:30:00Z,198,12,TRUE,B3|sys.3|CC4,B3|1547,16.5,complete_clock_and_animal_span,TRUE,TRUE,TRUE,Inactive,I2,Female,B3,SUS,SIS,TRUE,TRUE,1.8333333333333333,14.666666666666666
B3,CC4,sys.3,1547,1547,Female,I4,2023-05-09T06:30:00Z,2023-05-09T18:30:00Z,102,12,TRUE,B3|sys.3|CC4,B3|1547,8.5,complete_clock_and_animal_span,TRUE,TRUE,TRUE,Inactive,I2,Female,B3,SUS,SIS,TRUE,TRUE,1.8333333333333333,6.666666666666667
B3,CC4,sys.3,1547,1547,Female,I5,2023-05-10T06:30:00Z,2023-05-10T18:30:00Z,120,12,TRUE,B3|sys.3|CC4,B3|1547,10,complete_clock_and_animal_span,TRUE,TRUE,TRUE,Inactive,I2,Female,B3,SUS,SIS,TRUE,TRUE,1.8333333333333333,8.166666666666666
B3,CC4,sys.3,OR428,OR428,Female,A1,2023-05-06T18:30:00Z,2023-05-07T06:30:00Z,470,12,TRUE,B3|sys.3|CC4,B3|OR428,39.166666666666664,complete_clock_and_animal_span,TRUE,TRUE,TRUE,Active,A2,Female,B3,SUS,SIS,TRUE,TRUE,34.833333333333336,4.333333333333329
B3,CC4,sys.3,OR428,OR428,Female,A2,2023-05-07T18:30:00Z,2023-05-08T06:30:00Z,418,12,TRUE,B3|sys.3|CC4,B3|OR428,34.833333333333336,complete_clock_and_animal_span,TRUE,TRUE,TRUE,Active,A2,Female,B3,SUS,SIS,TRUE,TRUE,34.833333333333336,0
B3,CC4,sys.3,OR428,OR428,Female,A3,2023-05-08T18:30:00Z,2023-05-09T06:30:00Z,306,12,TRUE,B3|sys.3|CC4,B3|OR428,25.5,complete_clock_and_animal_span,TRUE,TRUE,TRUE,Active,A2,Female,B3,SUS,SIS,TRUE,TRUE,34.833333333333336,-9.333333333333336
B3,CC4,sys.3,OR428,OR428,Female,A4,2023-05-09T18:30:00Z,2023-05-10T06:30:00Z,286,12,TRUE,B3|sys.3|CC4,B3|OR428,23.833333333333332,complete_clock_and_animal_span,TRUE,TRUE,TRUE,Active,A2,Female,B3,SUS,SIS,TRUE,TRUE,34.833333333333336,-11.000000000000004
B3,CC4,sys.3,OR428,OR428,Female,A5,2023-05-10T18:30:00Z,2023-05-11T06:30:00Z,324,12,TRUE,B3|sys.3|CC4,B3|OR428,27,complete_clock_and_animal_span,TRUE,TRUE,TRUE,Active,A2,Female,B3,SUS,SIS,TRUE,TRUE,34.833333333333336,-7.833333333333336
B3,CC4,sys.3,OR428,OR428,Female,I2,2023-05-07T06:30:00Z,2023-05-07T18:30:00Z,20,12,TRUE,B3|sys.3|CC4,B3|OR428,1.6666666666666667,complete_clock_and_animal_span,TRUE,TRUE,TRUE,Inactive,I2,Female,B3,SUS,SIS,TRUE,TRUE,1.6666666666666667,0
B3,CC4,sys.3,OR428,OR428,Female,I3,2023-05-08T06:30:00Z,2023-05-08T18:30:00Z,160,12,TRUE,B3|sys.3|CC4,B3|OR428,13.333333333333334,complete_clock_and_animal_span,TRUE,TRUE,TRUE,Inactive,I2,Female,B3,SUS,SIS,TRUE,TRUE,1.6666666666666667,11.666666666666668
B3,CC4,sys.3,OR428,OR428,Female,I4,2023-05-09T06:30:00Z,2023-05-09T18:30:00Z,128,12,TRUE,B3|sys.3|CC4,B3|OR428,10.666666666666666,complete_clock_and_animal_span,TRUE,TRUE,TRUE,Inactive,I2,Female,B3,SUS,SIS,TRUE,TRUE,1.6666666666666667,9
B3,CC4,sys.3,OR428,OR428,Female,I5,2023-05-10T06:30:00Z,2023-05-10T18:30:00Z,102,12,TRUE,B3|sys.3|CC4,B3|OR428,8.5,complete_clock_and_animal_span,TRUE,TRUE,TRUE,Inactive,I2,Female,B3,SUS,SIS,TRUE,TRUE,1.6666666666666667,6.833333333333333
B3,CC4,sys.3,OR433,OR433,Female,A1,2023-05-06T18:30:00Z,2023-05-07T06:30:00Z,178,12,TRUE,B3|sys.3|CC4,B3|OR433,14.833333333333334,complete_clock_and_animal_span,TRUE,TRUE,TRUE,Active,A2,Female,B3,SUS,SIS,TRUE,TRUE,21,-6.166666666666666
B3,CC4,sys.3,OR433,OR433,Female,A2,2023-05-07T18:30:00Z,2023-05-08T06:30:00Z,252,12,TRUE,B3|sys.3|CC4,B3|OR433,21,complete_clock_and_animal_span,TRUE,TRUE,TRUE,Active,A2,Female,B3,SUS,SIS,TRUE,TRUE,21,0
B3,CC4,sys.3,OR433,OR433,Female,A3,2023-05-08T18:30:00Z,2023-05-09T06:30:00Z,182,12,TRUE,B3|sys.3|CC4,B3|OR433,15.166666666666666,complete_clock_and_animal_span,TRUE,TRUE,TRUE,Active,A2,Female,B3,SUS,SIS,TRUE,TRUE,21,-5.833333333333334
B3,CC4,sys.3,OR433,OR433,Female,A4,2023-05-09T18:30:00Z,2023-05-10T06:30:00Z,198,12,TRUE,B3|sys.3|CC4,B3|OR433,16.5,complete_clock_and_animal_span,TRUE,TRUE,TRUE,Active,A2,Female,B3,SUS,SIS,TRUE,TRUE,21,-4.5
B3,CC4,sys.3,OR433,OR433,Female,A5,2023-05-10T18:30:00Z,2023-05-11T06:30:00Z,272,12,TRUE,B3|sys.3|CC4,B3|OR433,22.666666666666668,complete_clock_and_animal_span,TRUE,TRUE,TRUE,Active,A2,Female,B3,SUS,SIS,TRUE,TRUE,21,1.6666666666666679
B3,CC4,sys.3,OR433,OR433,Female,I2,2023-05-07T06:30:00Z,2023-05-07T18:30:00Z,4,12,TRUE,B3|sys.3|CC4,B3|OR433,0.3333333333333333,complete_clock_and_animal_span,TRUE,TRUE,TRUE,Inactive,I2,Female,B3,SUS,SIS,TRUE,TRUE,0.3333333333333333,0
B3,CC4,sys.3,OR433,OR433,Female,I3,2023-05-08T06:30:00Z,2023-05-08T18:30:00Z,78,12,TRUE,B3|sys.3|CC4,B3|OR433,6.5,complete_clock_and_animal_span,TRUE,TRUE,TRUE,Inactive,I2,Female,B3,SUS,SIS,TRUE,TRUE,0.3333333333333333,6.166666666666667
B3,CC4,sys.3,OR433,OR433,Female,I4,2023-05-09T06:30:00Z,2023-05-09T18:30:00Z,22,12,TRUE,B3|sys.3|CC4,B3|OR433,1.8333333333333333,complete_clock_and_animal_span,TRUE,TRUE,TRUE,Inactive,I2,Female,B3,SUS,SIS,TRUE,TRUE,0.3333333333333333,1.5
B3,CC4,sys.3,OR433,OR433,Female,I5,2023-05-10T06:30:00Z,2023-05-10T18:30:00Z,46,12,TRUE,B3|sys.3|CC4,B3|OR433,3.8333333333333335,complete_clock_and_animal_span,TRUE,TRUE,TRUE,Inactive,I2,Female,B3,SUS,SIS,TRUE,TRUE,0.3333333333333333,3.5
B3,CC4,sys.3,OR436,OR436,Female,A1,2023-05-06T18:30:00Z,2023-05-07T06:30:00Z,320,12,TRUE,B3|sys.3|CC4,B3|OR436,26.666666666666668,complete_clock_and_animal_span,TRUE,TRUE,TRUE,Active,A2,Female,B3,SUS,SIS,TRUE,TRUE,39.166666666666664,-12.499999999999996
B3,CC4,sys.3,OR436,OR436,Female,A2,2023-05-07T18:30:00Z,2023-05-08T06:30:00Z,470,12,TRUE,B3|sys.3|CC4,B3|OR436,39.166666666666664,complete_clock_and_animal_span,TRUE,TRUE,TRUE,Active,A2,Female,B3,SUS,SIS,TRUE,TRUE,39.166666666666664,0
B3,CC4,sys.3,OR436,OR436,Female,A3,2023-05-08T18:30:00Z,2023-05-09T06:30:00Z,394,12,TRUE,B3|sys.3|CC4,B3|OR436,32.833333333333336,complete_clock_and_animal_span,TRUE,TRUE,TRUE,Active,A2,Female,B3,SUS,SIS,TRUE,TRUE,39.166666666666664,-6.333333333333329
B3,CC4,sys.3,OR436,OR436,Female,A4,2023-05-09T18:30:00Z,2023-05-10T06:30:00Z,270,12,TRUE,B3|sys.3|CC4,B3|OR436,22.5,complete_clock_and_animal_span,TRUE,TRUE,TRUE,Active,A2,Female,B3,SUS,SIS,TRUE,TRUE,39.166666666666664,-16.666666666666664
B3,CC4,sys.3,OR436,OR436,Female,A5,2023-05-10T18:30:00Z,2023-05-11T06:30:00Z,292,12,TRUE,B3|sys.3|CC4,B3|OR436,24.333333333333332,complete_clock_and_animal_span,TRUE,TRUE,TRUE,Active,A2,Female,B3,SUS,SIS,TRUE,TRUE,39.166666666666664,-14.833333333333332
B3,CC4,sys.3,OR436,OR436,Female,I2,2023-05-07T06:30:00Z,2023-05-07T18:30:00Z,8,12,TRUE,B3|sys.3|CC4,B3|OR436,0.6666666666666666,complete_clock_and_animal_span,TRUE,TRUE,TRUE,Inactive,I2,Female,B3,SUS,SIS,TRUE,TRUE,0.6666666666666666,0
B3,CC4,sys.3,OR436,OR436,Female,I3,2023-05-08T06:30:00Z,2023-05-08T18:30:00Z,210,12,TRUE,B3|sys.3|CC4,B3|OR436,17.5,complete_clock_and_animal_span,TRUE,TRUE,TRUE,Inactive,I2,Female,B3,SUS,SIS,TRUE,TRUE,0.6666666666666666,16.833333333333332
B3,CC4,sys.3,OR436,OR436,Female,I4,2023-05-09T06:30:00Z,2023-05-09T18:30:00Z,76,12,TRUE,B3|sys.3|CC4,B3|OR436,6.333333333333333,complete_clock_and_animal_span,TRUE,TRUE,TRUE,Inactive,I2,Female,B3,SUS,SIS,TRUE,TRUE,0.6666666666666666,5.666666666666666
B3,CC4,sys.3,OR436,OR436,Female,I5,2023-05-10T06:30:00Z,2023-05-10T18:30:00Z,96,12,TRUE,B3|sys.3|CC4,B3|OR436,8,complete_clock_and_animal_span,TRUE,TRUE,TRUE,Inactive,I2,Female,B3,SUS,SIS,TRUE,TRUE,0.6666666666666666,7.333333333333333
B3,CC4,sys.4,1545,1545,Female,A1,2023-05-06T18:30:00Z,2023-05-07T06:30:00Z,432,12,TRUE,B3|sys.4|CC4,B3|1545,36,complete_clock_and_animal_span,TRUE,TRUE,TRUE,Active,A2,Female,B3,SUS,SIS,TRUE,TRUE,28.333333333333332,7.666666666666668
B3,CC4,sys.4,1545,1545,Female,A2,2023-05-07T18:30:00Z,2023-05-08T06:30:00Z,340,12,TRUE,B3|sys.4|CC4,B3|1545,28.333333333333332,complete_clock_and_animal_span,TRUE,TRUE,TRUE,Active,A2,Female,B3,SUS,SIS,TRUE,TRUE,28.333333333333332,0
B3,CC4,sys.4,1545,1545,Female,A3,2023-05-08T18:30:00Z,2023-05-09T06:30:00Z,352,12,TRUE,B3|sys.4|CC4,B3|1545,29.333333333333332,complete_clock_and_animal_span,TRUE,TRUE,TRUE,Active,A2,Female,B3,SUS,SIS,TRUE,TRUE,28.333333333333332,1
B3,CC4,sys.4,1545,1545,Female,A4,2023-05-09T18:30:00Z,2023-05-10T06:30:00Z,298,12,TRUE,B3|sys.4|CC4,B3|1545,24.833333333333332,complete_clock_and_animal_span,TRUE,TRUE,TRUE,Active,A2,Female,B3,SUS,SIS,TRUE,TRUE,28.333333333333332,-3.5
B3,CC4,sys.4,1545,1545,Female,A5,2023-05-10T18:30:00Z,2023-05-11T06:30:00Z,320,12,TRUE,B3|sys.4|CC4,B3|1545,26.666666666666668,complete_clock_and_animal_span,TRUE,TRUE,TRUE,Active,A2,Female,B3,SUS,SIS,TRUE,TRUE,28.333333333333332,-1.6666666666666643
B3,CC4,sys.4,1545,1545,Female,I2,2023-05-07T06:30:00Z,2023-05-07T18:30:00Z,54,12,TRUE,B3|sys.4|CC4,B3|1545,4.5,complete_clock_and_animal_span,TRUE,TRUE,TRUE,Inactive,I2,Female,B3,SUS,SIS,TRUE,TRUE,4.5,0
B3,CC4,sys.4,1545,1545,Female,I3,2023-05-08T06:30:00Z,2023-05-08T18:30:00Z,254,12,TRUE,B3|sys.4|CC4,B3|1545,21.166666666666668,complete_clock_and_animal_span,TRUE,TRUE,TRUE,Inactive,I2,Female,B3,SUS,SIS,TRUE,TRUE,4.5,16.666666666666668
B3,CC4,sys.4,1545,1545,Female,I4,2023-05-09T06:30:00Z,2023-05-09T18:30:00Z,172,12,TRUE,B3|sys.4|CC4,B3|1545,14.333333333333334,complete_clock_and_animal_span,TRUE,TRUE,TRUE,Inactive,I2,Female,B3,SUS,SIS,TRUE,TRUE,4.5,9.833333333333334
B3,CC4,sys.4,1545,1545,Female,I5,2023-05-10T06:30:00Z,2023-05-10T18:30:00Z,144,12,TRUE,B3|sys.4|CC4,B3|1545,12,complete_clock_and_animal_span,TRUE,TRUE,TRUE,Inactive,I2,Female,B3,SUS,SIS,TRUE,TRUE,4.5,7.5
B3,CC4,sys.4,OR429,OR429,Female,A1,2023-05-06T18:30:00Z,2023-05-07T06:30:00Z,380,12,TRUE,B3|sys.4|CC4,B3|OR429,31.666666666666668,complete_clock_and_animal_span,TRUE,TRUE,TRUE,Active,A2,Female,B3,RES,SIS,TRUE,TRUE,28.833333333333332,2.8333333333333357
B3,CC4,sys.4,OR429,OR429,Female,A2,2023-05-07T18:30:00Z,2023-05-08T06:30:00Z,346,12,TRUE,B3|sys.4|CC4,B3|OR429,28.833333333333332,complete_clock_and_animal_span,TRUE,TRUE,TRUE,Active,A2,Female,B3,RES,SIS,TRUE,TRUE,28.833333333333332,0
B3,CC4,sys.4,OR429,OR429,Female,A3,2023-05-08T18:30:00Z,2023-05-09T06:30:00Z,316,12,TRUE,B3|sys.4|CC4,B3|OR429,26.333333333333332,complete_clock_and_animal_span,TRUE,TRUE,TRUE,Active,A2,Female,B3,RES,SIS,TRUE,TRUE,28.833333333333332,-2.5
B3,CC4,sys.4,OR429,OR429,Female,A4,2023-05-09T18:30:00Z,2023-05-10T06:30:00Z,236,12,TRUE,B3|sys.4|CC4,B3|OR429,19.666666666666668,complete_clock_and_animal_span,TRUE,TRUE,TRUE,Active,A2,Female,B3,RES,SIS,TRUE,TRUE,28.833333333333332,-9.166666666666664
B3,CC4,sys.4,OR429,OR429,Female,A5,2023-05-10T18:30:00Z,2023-05-11T06:30:00Z,312,12,TRUE,B3|sys.4|CC4,B3|OR429,26,complete_clock_and_animal_span,TRUE,TRUE,TRUE,Active,A2,Female,B3,RES,SIS,TRUE,TRUE,28.833333333333332,-2.833333333333332
B3,CC4,sys.4,OR429,OR429,Female,I2,2023-05-07T06:30:00Z,2023-05-07T18:30:00Z,2,12,TRUE,B3|sys.4|CC4,B3|OR429,0.16666666666666666,complete_clock_and_animal_span,TRUE,TRUE,TRUE,Inactive,I2,Female,B3,RES,SIS,TRUE,TRUE,0.16666666666666666,0
B3,CC4,sys.4,OR429,OR429,Female,I3,2023-05-08T06:30:00Z,2023-05-08T18:30:00Z,36,12,TRUE,B3|sys.4|CC4,B3|OR429,3,complete_clock_and_animal_span,TRUE,TRUE,TRUE,Inactive,I2,Female,B3,RES,SIS,TRUE,TRUE,0.16666666666666666,2.8333333333333335
B3,CC4,sys.4,OR429,OR429,Female,I4,2023-05-09T06:30:00Z,2023-05-09T18:30:00Z,42,12,TRUE,B3|sys.4|CC4,B3|OR429,3.5,complete_clock_and_animal_span,TRUE,TRUE,TRUE,Inactive,I2,Female,B3,RES,SIS,TRUE,TRUE,0.16666666666666666,3.3333333333333335
B3,CC4,sys.4,OR429,OR429,Female,I5,2023-05-10T06:30:00Z,2023-05-10T18:30:00Z,32,12,TRUE,B3|sys.4|CC4,B3|OR429,2.6666666666666665,complete_clock_and_animal_span,TRUE,TRUE,TRUE,Inactive,I2,Female,B3,RES,SIS,TRUE,TRUE,0.16666666666666666,2.5
B3,CC4,sys.4,OR432,OR432,Female,A1,2023-05-06T18:30:00Z,2023-05-07T06:30:00Z,286,12,TRUE,B3|sys.4|CC4,B3|OR432,23.833333333333332,complete_clock_and_animal_span,TRUE,TRUE,TRUE,Active,A2,Female,B3,SUS,SIS,TRUE,TRUE,19.583333333333332,4.25
B3,CC4,sys.4,OR432,OR432,Female,A2,2023-05-07T18:30:00Z,2023-05-08T06:30:00Z,235,12,TRUE,B3|sys.4|CC4,B3|OR432,19.583333333333332,complete_clock_and_animal_span,TRUE,TRUE,TRUE,Active,A2,Female,B3,SUS,SIS,TRUE,TRUE,19.583333333333332,0
B3,CC4,sys.4,OR432,OR432,Female,A3,2023-05-08T18:30:00Z,2023-05-09T06:30:00Z,250,12,TRUE,B3|sys.4|CC4,B3|OR432,20.833333333333332,complete_clock_and_animal_span,TRUE,TRUE,TRUE,Active,A2,Female,B3,SUS,SIS,TRUE,TRUE,19.583333333333332,1.25
B3,CC4,sys.4,OR432,OR432,Female,A4,2023-05-09T18:30:00Z,2023-05-10T06:30:00Z,187,12,TRUE,B3|sys.4|CC4,B3|OR432,15.583333333333334,complete_clock_and_animal_span,TRUE,TRUE,TRUE,Active,A2,Female,B3,SUS,SIS,TRUE,TRUE,19.583333333333332,-3.9999999999999982
B3,CC4,sys.4,OR432,OR432,Female,A5,2023-05-10T18:30:00Z,2023-05-11T06:30:00Z,250,12,TRUE,B3|sys.4|CC4,B3|OR432,20.833333333333332,complete_clock_and_animal_span,TRUE,TRUE,TRUE,Active,A2,Female,B3,SUS,SIS,TRUE,TRUE,19.583333333333332,1.25
B3,CC4,sys.4,OR432,OR432,Female,I2,2023-05-07T06:30:00Z,2023-05-07T18:30:00Z,18,12,TRUE,B3|sys.4|CC4,B3|OR432,1.5,complete_clock_and_animal_span,TRUE,TRUE,TRUE,Inactive,I2,Female,B3,SUS,SIS,TRUE,TRUE,1.5,0
B3,CC4,sys.4,OR432,OR432,Female,I3,2023-05-08T06:30:00Z,2023-05-08T18:30:00Z,147,12,TRUE,B3|sys.4|CC4,B3|OR432,12.25,complete_clock_and_animal_span,TRUE,TRUE,TRUE,Inactive,I2,Female,B3,SUS,SIS,TRUE,TRUE,1.5,10.75
B3,CC4,sys.4,OR432,OR432,Female,I4,2023-05-09T06:30:00Z,2023-05-09T18:30:00Z,102,12,TRUE,B3|sys.4|CC4,B3|OR432,8.5,complete_clock_and_animal_span,TRUE,TRUE,TRUE,Inactive,I2,Female,B3,SUS,SIS,TRUE,TRUE,1.5,7
B3,CC4,sys.4,OR432,OR432,Female,I5,2023-05-10T06:30:00Z,2023-05-10T18:30:00Z,99,12,TRUE,B3|sys.4|CC4,B3|OR432,8.25,complete_clock_and_animal_span,TRUE,TRUE,TRUE,Inactive,I2,Female,B3,SUS,SIS,TRUE,TRUE,1.5,6.75
B3,CC4,sys.4,OR434,OR434,Female,A1,2023-05-06T18:30:00Z,2023-05-07T06:30:00Z,266,12,TRUE,B3|sys.4|CC4,B3|OR434,22.166666666666668,complete_clock_and_animal_span,TRUE,TRUE,TRUE,Active,A2,Female,B3,RES,SIS,TRUE,TRUE,24.416666666666668,-2.25
B3,CC4,sys.4,OR434,OR434,Female,A2,2023-05-07T18:30:00Z,2023-05-08T06:30:00Z,293,12,TRUE,B3|sys.4|CC4,B3|OR434,24.416666666666668,complete_clock_and_animal_span,TRUE,TRUE,TRUE,Active,A2,Female,B3,RES,SIS,TRUE,TRUE,24.416666666666668,0
B3,CC4,sys.4,OR434,OR434,Female,A3,2023-05-08T18:30:00Z,2023-05-09T06:30:00Z,201,12,TRUE,B3|sys.4|CC4,B3|OR434,16.75,complete_clock_and_animal_span,TRUE,TRUE,TRUE,Active,A2,Female,B3,RES,SIS,TRUE,TRUE,24.416666666666668,-7.666666666666668
B3,CC4,sys.4,OR434,OR434,Female,A4,2023-05-09T18:30:00Z,2023-05-10T06:30:00Z,176,12,TRUE,B3|sys.4|CC4,B3|OR434,14.666666666666666,complete_clock_and_animal_span,TRUE,TRUE,TRUE,Active,A2,Female,B3,RES,SIS,TRUE,TRUE,24.416666666666668,-9.750000000000002
B3,CC4,sys.4,OR434,OR434,Female,A5,2023-05-10T18:30:00Z,2023-05-11T06:30:00Z,205,12,TRUE,B3|sys.4|CC4,B3|OR434,17.083333333333332,complete_clock_and_animal_span,TRUE,TRUE,TRUE,Active,A2,Female,B3,RES,SIS,TRUE,TRUE,24.416666666666668,-7.333333333333336
B3,CC4,sys.4,OR434,OR434,Female,I2,2023-05-07T06:30:00Z,2023-05-07T18:30:00Z,6,12,TRUE,B3|sys.4|CC4,B3|OR434,0.5,complete_clock_and_animal_span,TRUE,TRUE,TRUE,Inactive,I2,Female,B3,RES,SIS,TRUE,TRUE,0.5,0
B3,CC4,sys.4,OR434,OR434,Female,I3,2023-05-08T06:30:00Z,2023-05-08T18:30:00Z,69,12,TRUE,B3|sys.4|CC4,B3|OR434,5.75,complete_clock_and_animal_span,TRUE,TRUE,TRUE,Inactive,I2,Female,B3,RES,SIS,TRUE,TRUE,0.5,5.25
B3,CC4,sys.4,OR434,OR434,Female,I4,2023-05-09T06:30:00Z,2023-05-09T18:30:00Z,59,12,TRUE,B3|sys.4|CC4,B3|OR434,4.916666666666667,complete_clock_and_animal_span,TRUE,TRUE,TRUE,Inactive,I2,Female,B3,RES,SIS,TRUE,TRUE,0.5,4.416666666666667
B3,CC4,sys.4,OR434,OR434,Female,I5,2023-05-10T06:30:00Z,2023-05-10T18:30:00Z,56,12,TRUE,B3|sys.4|CC4,B3|OR434,4.666666666666667,complete_clock_and_animal_span,TRUE,TRUE,TRUE,Inactive,I2,Female,B3,RES,SIS,TRUE,TRUE,0.5,4.166666666666667
B3,CC4,sys.5,OR424,OR424,Female,A1,2023-05-06T18:30:00Z,2023-05-07T06:30:00Z,291,12,TRUE,B3|sys.5|CC4,B3|OR424,24.25,complete_clock_and_animal_span,TRUE,TRUE,TRUE,Active,A2,Female,B3,RES,SIS,TRUE,TRUE,24.833333333333332,-0.5833333333333321
B3,CC4,sys.5,OR424,OR424,Female,A2,2023-05-07T18:30:00Z,2023-05-08T06:30:00Z,298,12,TRUE,B3|sys.5|CC4,B3|OR424,24.833333333333332,complete_clock_and_animal_span,TRUE,TRUE,TRUE,Active,A2,Female,B3,RES,SIS,TRUE,TRUE,24.833333333333332,0
B3,CC4,sys.5,OR424,OR424,Female,A3,2023-05-08T18:30:00Z,2023-05-09T06:30:00Z,280,12,TRUE,B3|sys.5|CC4,B3|OR424,23.333333333333332,complete_clock_and_animal_span,TRUE,TRUE,TRUE,Active,A2,Female,B3,RES,SIS,TRUE,TRUE,24.833333333333332,-1.5
B3,CC4,sys.5,OR424,OR424,Female,A4,2023-05-09T18:30:00Z,2023-05-10T06:30:00Z,298,12,TRUE,B3|sys.5|CC4,B3|OR424,24.833333333333332,complete_clock_and_animal_span,TRUE,TRUE,TRUE,Active,A2,Female,B3,RES,SIS,TRUE,TRUE,24.833333333333332,0
B3,CC4,sys.5,OR424,OR424,Female,A5,2023-05-10T18:30:00Z,2023-05-11T06:30:00Z,230,12,TRUE,B3|sys.5|CC4,B3|OR424,19.166666666666668,complete_clock_and_animal_span,TRUE,TRUE,TRUE,Active,A2,Female,B3,RES,SIS,TRUE,TRUE,24.833333333333332,-5.666666666666664
B3,CC4,sys.5,OR424,OR424,Female,I2,2023-05-07T06:30:00Z,2023-05-07T18:30:00Z,9,12,TRUE,B3|sys.5|CC4,B3|OR424,0.75,complete_clock_and_animal_span,TRUE,TRUE,TRUE,Inactive,I2,Female,B3,RES,SIS,TRUE,TRUE,0.75,0
B3,CC4,sys.5,OR424,OR424,Female,I3,2023-05-08T06:30:00Z,2023-05-08T18:30:00Z,94,12,TRUE,B3|sys.5|CC4,B3|OR424,7.833333333333333,complete_clock_and_animal_span,TRUE,TRUE,TRUE,Inactive,I2,Female,B3,RES,SIS,TRUE,TRUE,0.75,7.083333333333333
B3,CC4,sys.5,OR424,OR424,Female,I4,2023-05-09T06:30:00Z,2023-05-09T18:30:00Z,88,12,TRUE,B3|sys.5|CC4,B3|OR424,7.333333333333333,complete_clock_and_animal_span,TRUE,TRUE,TRUE,Inactive,I2,Female,B3,RES,SIS,TRUE,TRUE,0.75,6.583333333333333
B3,CC4,sys.5,OR424,OR424,Female,I5,2023-05-10T06:30:00Z,2023-05-10T18:30:00Z,92,12,TRUE,B3|sys.5|CC4,B3|OR424,7.666666666666667,complete_clock_and_animal_span,TRUE,TRUE,TRUE,Inactive,I2,Female,B3,RES,SIS,TRUE,TRUE,0.75,6.916666666666667
B3,CC4,sys.5,OR425,OR425,Female,A1,2023-05-06T18:30:00Z,2023-05-07T06:30:00Z,228,12,TRUE,B3|sys.5|CC4,B3|OR425,19,complete_clock_and_animal_span,TRUE,TRUE,TRUE,Active,A2,Female,B3,RES,SIS,TRUE,TRUE,19.5,-0.5
B3,CC4,sys.5,OR425,OR425,Female,A2,2023-05-07T18:30:00Z,2023-05-08T06:30:00Z,234,12,TRUE,B3|sys.5|CC4,B3|OR425,19.5,complete_clock_and_animal_span,TRUE,TRUE,TRUE,Active,A2,Female,B3,RES,SIS,TRUE,TRUE,19.5,0
B3,CC4,sys.5,OR425,OR425,Female,A3,2023-05-08T18:30:00Z,2023-05-09T06:30:00Z,166,12,TRUE,B3|sys.5|CC4,B3|OR425,13.833333333333334,complete_clock_and_animal_span,TRUE,TRUE,TRUE,Active,A2,Female,B3,RES,SIS,TRUE,TRUE,19.5,-5.666666666666666
B3,CC4,sys.5,OR425,OR425,Female,A4,2023-05-09T18:30:00Z,2023-05-10T06:30:00Z,192,12,TRUE,B3|sys.5|CC4,B3|OR425,16,complete_clock_and_animal_span,TRUE,TRUE,TRUE,Active,A2,Female,B3,RES,SIS,TRUE,TRUE,19.5,-3.5
B3,CC4,sys.5,OR425,OR425,Female,A5,2023-05-10T18:30:00Z,2023-05-11T06:30:00Z,222,12,TRUE,B3|sys.5|CC4,B3|OR425,18.5,complete_clock_and_animal_span,TRUE,TRUE,TRUE,Active,A2,Female,B3,RES,SIS,TRUE,TRUE,19.5,-1
B3,CC4,sys.5,OR425,OR425,Female,I2,2023-05-07T06:30:00Z,2023-05-07T18:30:00Z,2,12,TRUE,B3|sys.5|CC4,B3|OR425,0.16666666666666666,complete_clock_and_animal_span,TRUE,TRUE,TRUE,Inactive,I2,Female,B3,RES,SIS,TRUE,TRUE,0.16666666666666666,0
B3,CC4,sys.5,OR425,OR425,Female,I3,2023-05-08T06:30:00Z,2023-05-08T18:30:00Z,46,12,TRUE,B3|sys.5|CC4,B3|OR425,3.8333333333333335,complete_clock_and_animal_span,TRUE,TRUE,TRUE,Inactive,I2,Female,B3,RES,SIS,TRUE,TRUE,0.16666666666666666,3.666666666666667
B3,CC4,sys.5,OR425,OR425,Female,I4,2023-05-09T06:30:00Z,2023-05-09T18:30:00Z,22,12,TRUE,B3|sys.5|CC4,B3|OR425,1.8333333333333333,complete_clock_and_animal_span,TRUE,TRUE,TRUE,Inactive,I2,Female,B3,RES,SIS,TRUE,TRUE,0.16666666666666666,1.6666666666666665
B3,CC4,sys.5,OR425,OR425,Female,I5,2023-05-10T06:30:00Z,2023-05-10T18:30:00Z,34,12,TRUE,B3|sys.5|CC4,B3|OR425,2.8333333333333335,complete_clock_and_animal_span,TRUE,TRUE,TRUE,Inactive,I2,Female,B3,RES,SIS,TRUE,TRUE,0.16666666666666666,2.666666666666667
B3,CC4,sys.5,OR426,OR426,Female,A1,2023-05-06T18:30:00Z,2023-05-07T06:30:00Z,308,12,TRUE,B3|sys.5|CC4,B3|OR426,25.666666666666668,complete_clock_and_animal_span,TRUE,TRUE,TRUE,Active,A2,Female,B3,SUS,SIS,TRUE,TRUE,33.583333333333336,-7.916666666666668
B3,CC4,sys.5,OR426,OR426,Female,A2,2023-05-07T18:30:00Z,2023-05-08T06:30:00Z,403,12,TRUE,B3|sys.5|CC4,B3|OR426,33.583333333333336,complete_clock_and_animal_span,TRUE,TRUE,TRUE,Active,A2,Female,B3,SUS,SIS,TRUE,TRUE,33.583333333333336,0
B3,CC4,sys.5,OR426,OR426,Female,A3,2023-05-08T18:30:00Z,2023-05-09T06:30:00Z,357,12,TRUE,B3|sys.5|CC4,B3|OR426,29.75,complete_clock_and_animal_span,TRUE,TRUE,TRUE,Active,A2,Female,B3,SUS,SIS,TRUE,TRUE,33.583333333333336,-3.8333333333333357
B3,CC4,sys.5,OR426,OR426,Female,A4,2023-05-09T18:30:00Z,2023-05-10T06:30:00Z,351,12,TRUE,B3|sys.5|CC4,B3|OR426,29.25,complete_clock_and_animal_span,TRUE,TRUE,TRUE,Active,A2,Female,B3,SUS,SIS,TRUE,TRUE,33.583333333333336,-4.333333333333336
B3,CC4,sys.5,OR426,OR426,Female,A5,2023-05-10T18:30:00Z,2023-05-11T06:30:00Z,326,12,TRUE,B3|sys.5|CC4,B3|OR426,27.166666666666668,complete_clock_and_animal_span,TRUE,TRUE,TRUE,Active,A2,Female,B3,SUS,SIS,TRUE,TRUE,33.583333333333336,-6.416666666666668
B3,CC4,sys.5,OR426,OR426,Female,I2,2023-05-07T06:30:00Z,2023-05-07T18:30:00Z,95,12,TRUE,B3|sys.5|CC4,B3|OR426,7.916666666666667,complete_clock_and_animal_span,TRUE,TRUE,TRUE,Inactive,I2,Female,B3,SUS,SIS,TRUE,TRUE,7.916666666666667,0
B3,CC4,sys.5,OR426,OR426,Female,I3,2023-05-08T06:30:00Z,2023-05-08T18:30:00Z,247,12,TRUE,B3|sys.5|CC4,B3|OR426,20.583333333333332,complete_clock_and_animal_span,TRUE,TRUE,TRUE,Inactive,I2,Female,B3,SUS,SIS,TRUE,TRUE,7.916666666666667,12.666666666666664
B3,CC4,sys.5,OR426,OR426,Female,I4,2023-05-09T06:30:00Z,2023-05-09T18:30:00Z,127,12,TRUE,B3|sys.5|CC4,B3|OR426,10.583333333333334,complete_clock_and_animal_span,TRUE,TRUE,TRUE,Inactive,I2,Female,B3,SUS,SIS,TRUE,TRUE,7.916666666666667,2.666666666666667
B3,CC4,sys.5,OR426,OR426,Female,I5,2023-05-10T06:30:00Z,2023-05-10T18:30:00Z,162,12,TRUE,B3|sys.5|CC4,B3|OR426,13.5,complete_clock_and_animal_span,TRUE,TRUE,TRUE,Inactive,I2,Female,B3,SUS,SIS,TRUE,TRUE,7.916666666666667,5.583333333333333
B3,CC4,sys.5,OR437,OR437,Female,A1,2023-05-06T18:30:00Z,2023-05-07T06:30:00Z,250,12,TRUE,B3|sys.5|CC4,B3|OR437,20.833333333333332,complete_clock_and_animal_span,TRUE,TRUE,TRUE,Active,A2,Female,B3,RES,SIS,TRUE,TRUE,21.666666666666668,-0.8333333333333357
B3,CC4,sys.5,OR437,OR437,Female,A2,2023-05-07T18:30:00Z,2023-05-08T06:30:00Z,260,12,TRUE,B3|sys.5|CC4,B3|OR437,21.666666666666668,complete_clock_and_animal_span,TRUE,TRUE,TRUE,Active,A2,Female,B3,RES,SIS,TRUE,TRUE,21.666666666666668,0
B3,CC4,sys.5,OR437,OR437,Female,A3,2023-05-08T18:30:00Z,2023-05-09T06:30:00Z,196,12,TRUE,B3|sys.5|CC4,B3|OR437,16.333333333333332,complete_clock_and_animal_span,TRUE,TRUE,TRUE,Active,A2,Female,B3,RES,SIS,TRUE,TRUE,21.666666666666668,-5.333333333333336
B3,CC4,sys.5,OR437,OR437,Female,A4,2023-05-09T18:30:00Z,2023-05-10T06:30:00Z,226,12,TRUE,B3|sys.5|CC4,B3|OR437,18.833333333333332,complete_clock_and_animal_span,TRUE,TRUE,TRUE,Active,A2,Female,B3,RES,SIS,TRUE,TRUE,21.666666666666668,-2.8333333333333357
B3,CC4,sys.5,OR437,OR437,Female,A5,2023-05-10T18:30:00Z,2023-05-11T06:30:00Z,261,12,TRUE,B3|sys.5|CC4,B3|OR437,21.75,complete_clock_and_animal_span,TRUE,TRUE,TRUE,Active,A2,Female,B3,RES,SIS,TRUE,TRUE,21.666666666666668,0.08333333333333215
B3,CC4,sys.5,OR437,OR437,Female,I2,2023-05-07T06:30:00Z,2023-05-07T18:30:00Z,34,12,TRUE,B3|sys.5|CC4,B3|OR437,2.8333333333333335,complete_clock_and_animal_span,TRUE,TRUE,TRUE,Inactive,I2,Female,B3,RES,SIS,TRUE,TRUE,2.8333333333333335,0
B3,CC4,sys.5,OR437,OR437,Female,I3,2023-05-08T06:30:00Z,2023-05-08T18:30:00Z,164,12,TRUE,B3|sys.5|CC4,B3|OR437,13.666666666666666,complete_clock_and_animal_span,TRUE,TRUE,TRUE,Inactive,I2,Female,B3,RES,SIS,TRUE,TRUE,2.8333333333333335,10.833333333333332
B3,CC4,sys.5,OR437,OR437,Female,I4,2023-05-09T06:30:00Z,2023-05-09T18:30:00Z,70,12,TRUE,B3|sys.5|CC4,B3|OR437,5.833333333333333,complete_clock_and_animal_span,TRUE,TRUE,TRUE,Inactive,I2,Female,B3,RES,SIS,TRUE,TRUE,2.8333333333333335,2.9999999999999996
B3,CC4,sys.5,OR437,OR437,Female,I5,2023-05-10T06:30:00Z,2023-05-10T18:30:00Z,77,12,TRUE,B3|sys.5|CC4,B3|OR437,6.416666666666667,complete_clock_and_animal_span,TRUE,TRUE,TRUE,Inactive,I2,Female,B3,RES,SIS,TRUE,TRUE,2.8333333333333335,3.5833333333333335
B4,CC4,sys.1,OR551,OR551,Female,A1,2023-08-06T18:30:00Z,2023-08-07T06:30:00Z,779,12,TRUE,B4|sys.1|CC4,B4|OR551,64.91666666666667,complete_clock_and_animal_span,TRUE,TRUE,TRUE,Active,A2,Female,B4,SUS,SIS,TRUE,TRUE,49.833333333333336,15.083333333333336
B4,CC4,sys.1,OR551,OR551,Female,A2,2023-08-07T18:30:00Z,2023-08-08T06:30:00Z,598,12,TRUE,B4|sys.1|CC4,B4|OR551,49.833333333333336,complete_clock_and_animal_span,TRUE,TRUE,TRUE,Active,A2,Female,B4,SUS,SIS,TRUE,TRUE,49.833333333333336,0
B4,CC4,sys.1,OR551,OR551,Female,A3,2023-08-08T18:30:00Z,2023-08-09T06:30:00Z,360,12,TRUE,B4|sys.1|CC4,B4|OR551,30,complete_clock_and_animal_span,TRUE,TRUE,TRUE,Active,A2,Female,B4,SUS,SIS,TRUE,TRUE,49.833333333333336,-19.833333333333336
B4,CC4,sys.1,OR551,OR551,Female,A4,2023-08-09T18:30:00Z,2023-08-10T06:30:00Z,436,12,TRUE,B4|sys.1|CC4,B4|OR551,36.333333333333336,complete_clock_and_animal_span,TRUE,TRUE,TRUE,Active,A2,Female,B4,SUS,SIS,TRUE,TRUE,49.833333333333336,-13.5
B4,CC4,sys.1,OR551,OR551,Female,A5,2023-08-10T18:30:00Z,2023-08-11T06:30:00Z,328,12,TRUE,B4|sys.1|CC4,B4|OR551,27.333333333333332,complete_clock_and_animal_span,TRUE,TRUE,TRUE,Active,A2,Female,B4,SUS,SIS,TRUE,TRUE,49.833333333333336,-22.500000000000004
B4,CC4,sys.1,OR551,OR551,Female,I2,2023-08-07T06:30:00Z,2023-08-07T18:30:00Z,70,12,TRUE,B4|sys.1|CC4,B4|OR551,5.833333333333333,complete_clock_and_animal_span,TRUE,TRUE,TRUE,Inactive,I2,Female,B4,SUS,SIS,TRUE,TRUE,5.833333333333333,0
B4,CC4,sys.1,OR551,OR551,Female,I3,2023-08-08T06:30:00Z,2023-08-08T18:30:00Z,231,12,TRUE,B4|sys.1|CC4,B4|OR551,19.25,complete_clock_and_animal_span,TRUE,TRUE,TRUE,Inactive,I2,Female,B4,SUS,SIS,TRUE,TRUE,5.833333333333333,13.416666666666668
B4,CC4,sys.1,OR551,OR551,Female,I4,2023-08-09T06:30:00Z,2023-08-09T18:30:00Z,106,12,TRUE,B4|sys.1|CC4,B4|OR551,8.833333333333334,complete_clock_and_animal_span,TRUE,TRUE,TRUE,Inactive,I2,Female,B4,SUS,SIS,TRUE,TRUE,5.833333333333333,3.000000000000001
B4,CC4,sys.1,OR551,OR551,Female,I5,2023-08-10T06:30:00Z,2023-08-10T18:30:00Z,142,12,TRUE,B4|sys.1|CC4,B4|OR551,11.833333333333334,complete_clock_and_animal_span,TRUE,TRUE,TRUE,Inactive,I2,Female,B4,SUS,SIS,TRUE,TRUE,5.833333333333333,6.000000000000001
B4,CC4,sys.1,OR556,OR556,Female,A1,2023-08-06T18:30:00Z,2023-08-07T06:30:00Z,589,12,TRUE,B4|sys.1|CC4,B4|OR556,49.083333333333336,complete_clock_and_animal_span,TRUE,TRUE,TRUE,Active,A2,Female,B4,SUS,SIS,TRUE,TRUE,52,-2.9166666666666643
B4,CC4,sys.1,OR556,OR556,Female,A2,2023-08-07T18:30:00Z,2023-08-08T06:30:00Z,624,12,TRUE,B4|sys.1|CC4,B4|OR556,52,complete_clock_and_animal_span,TRUE,TRUE,TRUE,Active,A2,Female,B4,SUS,SIS,TRUE,TRUE,52,0
B4,CC4,sys.1,OR556,OR556,Female,A3,2023-08-08T18:30:00Z,2023-08-09T06:30:00Z,372,12,TRUE,B4|sys.1|CC4,B4|OR556,31,complete_clock_and_animal_span,TRUE,TRUE,TRUE,Active,A2,Female,B4,SUS,SIS,TRUE,TRUE,52,-21
B4,CC4,sys.1,OR556,OR556,Female,A4,2023-08-09T18:30:00Z,2023-08-10T06:30:00Z,434,12,TRUE,B4|sys.1|CC4,B4|OR556,36.166666666666664,complete_clock_and_animal_span,TRUE,TRUE,TRUE,Active,A2,Female,B4,SUS,SIS,TRUE,TRUE,52,-15.833333333333336
B4,CC4,sys.1,OR556,OR556,Female,A5,2023-08-10T18:30:00Z,2023-08-11T06:30:00Z,394,12,TRUE,B4|sys.1|CC4,B4|OR556,32.833333333333336,complete_clock_and_animal_span,TRUE,TRUE,TRUE,Active,A2,Female,B4,SUS,SIS,TRUE,TRUE,52,-19.166666666666664
B4,CC4,sys.1,OR556,OR556,Female,I2,2023-08-07T06:30:00Z,2023-08-07T18:30:00Z,72,12,TRUE,B4|sys.1|CC4,B4|OR556,6,complete_clock_and_animal_span,TRUE,TRUE,TRUE,Inactive,I2,Female,B4,SUS,SIS,TRUE,TRUE,6,0
B4,CC4,sys.1,OR556,OR556,Female,I3,2023-08-08T06:30:00Z,2023-08-08T18:30:00Z,225,12,TRUE,B4|sys.1|CC4,B4|OR556,18.75,complete_clock_and_animal_span,TRUE,TRUE,TRUE,Inactive,I2,Female,B4,SUS,SIS,TRUE,TRUE,6,12.75
B4,CC4,sys.1,OR556,OR556,Female,I4,2023-08-09T06:30:00Z,2023-08-09T18:30:00Z,134,12,TRUE,B4|sys.1|CC4,B4|OR556,11.166666666666666,complete_clock_and_animal_span,TRUE,TRUE,TRUE,Inactive,I2,Female,B4,SUS,SIS,TRUE,TRUE,6,5.166666666666666
B4,CC4,sys.1,OR556,OR556,Female,I5,2023-08-10T06:30:00Z,2023-08-10T18:30:00Z,162,12,TRUE,B4|sys.1|CC4,B4|OR556,13.5,complete_clock_and_animal_span,TRUE,TRUE,TRUE,Inactive,I2,Female,B4,SUS,SIS,TRUE,TRUE,6,7.5
B4,CC4,sys.1,OR561,OR561,Female,A1,2023-08-06T18:30:00Z,2023-08-07T06:30:00Z,449,12,TRUE,B4|sys.1|CC4,B4|OR561,37.416666666666664,complete_clock_and_animal_span,TRUE,TRUE,TRUE,Active,A2,Female,B4,RES,SIS,TRUE,TRUE,42.166666666666664,-4.75
B4,CC4,sys.1,OR561,OR561,Female,A2,2023-08-07T18:30:00Z,2023-08-08T06:30:00Z,506,12,TRUE,B4|sys.1|CC4,B4|OR561,42.166666666666664,complete_clock_and_animal_span,TRUE,TRUE,TRUE,Active,A2,Female,B4,RES,SIS,TRUE,TRUE,42.166666666666664,0
B4,CC4,sys.1,OR561,OR561,Female,A3,2023-08-08T18:30:00Z,2023-08-09T06:30:00Z,323,12,TRUE,B4|sys.1|CC4,B4|OR561,26.916666666666668,complete_clock_and_animal_span,TRUE,TRUE,TRUE,Active,A2,Female,B4,RES,SIS,TRUE,TRUE,42.166666666666664,-15.249999999999996
B4,CC4,sys.1,OR561,OR561,Female,A4,2023-08-09T18:30:00Z,2023-08-10T06:30:00Z,308,12,TRUE,B4|sys.1|CC4,B4|OR561,25.666666666666668,complete_clock_and_animal_span,TRUE,TRUE,TRUE,Active,A2,Female,B4,RES,SIS,TRUE,TRUE,42.166666666666664,-16.499999999999996
B4,CC4,sys.1,OR561,OR561,Female,A5,2023-08-10T18:30:00Z,2023-08-11T06:30:00Z,378,12,TRUE,B4|sys.1|CC4,B4|OR561,31.5,complete_clock_and_animal_span,TRUE,TRUE,TRUE,Active,A2,Female,B4,RES,SIS,TRUE,TRUE,42.166666666666664,-10.666666666666664
B4,CC4,sys.1,OR561,OR561,Female,I2,2023-08-07T06:30:00Z,2023-08-07T18:30:00Z,90,12,TRUE,B4|sys.1|CC4,B4|OR561,7.5,complete_clock_and_animal_span,TRUE,TRUE,TRUE,Inactive,I2,Female,B4,RES,SIS,TRUE,TRUE,7.5,0
B4,CC4,sys.1,OR561,OR561,Female,I3,2023-08-08T06:30:00Z,2023-08-08T18:30:00Z,187,12,TRUE,B4|sys.1|CC4,B4|OR561,15.583333333333334,complete_clock_and_animal_span,TRUE,TRUE,TRUE,Inactive,I2,Female,B4,RES,SIS,TRUE,TRUE,7.5,8.083333333333334
B4,CC4,sys.1,OR561,OR561,Female,I4,2023-08-09T06:30:00Z,2023-08-09T18:30:00Z,175,12,TRUE,B4|sys.1|CC4,B4|OR561,14.583333333333334,complete_clock_and_animal_span,TRUE,TRUE,TRUE,Inactive,I2,Female,B4,RES,SIS,TRUE,TRUE,7.5,7.083333333333334
B4,CC4,sys.1,OR561,OR561,Female,I5,2023-08-10T06:30:00Z,2023-08-10T18:30:00Z,166,12,TRUE,B4|sys.1|CC4,B4|OR561,13.833333333333334,complete_clock_and_animal_span,TRUE,TRUE,TRUE,Inactive,I2,Female,B4,RES,SIS,TRUE,TRUE,7.5,6.333333333333334
B4,CC4,sys.2,OR530,OR530,Female,A1,2023-08-06T18:30:00Z,2023-08-07T06:30:00Z,324,12,TRUE,B4|sys.2|CC4,B4|OR530,27,complete_clock_and_animal_span,TRUE,TRUE,TRUE,Active,A2,Female,B4,RES,SIS,TRUE,TRUE,32.166666666666664,-5.166666666666664
B4,CC4,sys.2,OR530,OR530,Female,A2,2023-08-07T18:30:00Z,2023-08-08T06:30:00Z,386,12,TRUE,B4|sys.2|CC4,B4|OR530,32.166666666666664,complete_clock_and_animal_span,TRUE,TRUE,TRUE,Active,A2,Female,B4,RES,SIS,TRUE,TRUE,32.166666666666664,0
B4,CC4,sys.2,OR530,OR530,Female,A3,2023-08-08T18:30:00Z,2023-08-09T06:30:00Z,357,12,TRUE,B4|sys.2|CC4,B4|OR530,29.75,complete_clock_and_animal_span,TRUE,TRUE,TRUE,Active,A2,Female,B4,RES,SIS,TRUE,TRUE,32.166666666666664,-2.4166666666666643
B4,CC4,sys.2,OR530,OR530,Female,A4,2023-08-09T18:30:00Z,2023-08-10T06:30:00Z,562,12,TRUE,B4|sys.2|CC4,B4|OR530,46.833333333333336,complete_clock_and_animal_span,TRUE,TRUE,TRUE,Active,A2,Female,B4,RES,SIS,TRUE,TRUE,32.166666666666664,14.666666666666671
B4,CC4,sys.2,OR530,OR530,Female,A5,2023-08-10T18:30:00Z,2023-08-11T06:30:00Z,292,12,TRUE,B4|sys.2|CC4,B4|OR530,24.333333333333332,complete_clock_and_animal_span,TRUE,TRUE,TRUE,Active,A2,Female,B4,RES,SIS,TRUE,TRUE,32.166666666666664,-7.833333333333332
B4,CC4,sys.2,OR530,OR530,Female,I2,2023-08-07T06:30:00Z,2023-08-07T18:30:00Z,6,12,TRUE,B4|sys.2|CC4,B4|OR530,0.5,complete_clock_and_animal_span,TRUE,TRUE,TRUE,Inactive,I2,Female,B4,RES,SIS,TRUE,TRUE,0.5,0
B4,CC4,sys.2,OR530,OR530,Female,I3,2023-08-08T06:30:00Z,2023-08-08T18:30:00Z,160,12,TRUE,B4|sys.2|CC4,B4|OR530,13.333333333333334,complete_clock_and_animal_span,TRUE,TRUE,TRUE,Inactive,I2,Female,B4,RES,SIS,TRUE,TRUE,0.5,12.833333333333334
B4,CC4,sys.2,OR530,OR530,Female,I4,2023-08-09T06:30:00Z,2023-08-09T18:30:00Z,103,12,TRUE,B4|sys.2|CC4,B4|OR530,8.583333333333334,complete_clock_and_animal_span,TRUE,TRUE,TRUE,Inactive,I2,Female,B4,RES,SIS,TRUE,TRUE,0.5,8.083333333333334
B4,CC4,sys.2,OR530,OR530,Female,I5,2023-08-10T06:30:00Z,2023-08-10T18:30:00Z,74,12,TRUE,B4|sys.2|CC4,B4|OR530,6.166666666666667,complete_clock_and_animal_span,TRUE,TRUE,TRUE,Inactive,I2,Female,B4,RES,SIS,TRUE,TRUE,0.5,5.666666666666667
B4,CC4,sys.2,OR554,OR554,Female,A1,2023-08-06T18:30:00Z,2023-08-07T06:30:00Z,426,12,TRUE,B4|sys.2|CC4,B4|OR554,35.5,complete_clock_and_animal_span,TRUE,TRUE,TRUE,Active,A2,Female,B4,RES,SIS,TRUE,TRUE,33,2.5
B4,CC4,sys.2,OR554,OR554,Female,A2,2023-08-07T18:30:00Z,2023-08-08T06:30:00Z,396,12,TRUE,B4|sys.2|CC4,B4|OR554,33,complete_clock_and_animal_span,TRUE,TRUE,TRUE,Active,A2,Female,B4,RES,SIS,TRUE,TRUE,33,0
B4,CC4,sys.2,OR554,OR554,Female,A3,2023-08-08T18:30:00Z,2023-08-09T06:30:00Z,395,12,TRUE,B4|sys.2|CC4,B4|OR554,32.916666666666664,complete_clock_and_animal_span,TRUE,TRUE,TRUE,Active,A2,Female,B4,RES,SIS,TRUE,TRUE,33,-0.0833333333333357
B4,CC4,sys.2,OR554,OR554,Female,A4,2023-08-09T18:30:00Z,2023-08-10T06:30:00Z,353,12,TRUE,B4|sys.2|CC4,B4|OR554,29.416666666666668,complete_clock_and_animal_span,TRUE,TRUE,TRUE,Active,A2,Female,B4,RES,SIS,TRUE,TRUE,33,-3.583333333333332
B4,CC4,sys.2,OR554,OR554,Female,A5,2023-08-10T18:30:00Z,2023-08-11T06:30:00Z,301,12,TRUE,B4|sys.2|CC4,B4|OR554,25.083333333333332,complete_clock_and_animal_span,TRUE,TRUE,TRUE,Active,A2,Female,B4,RES,SIS,TRUE,TRUE,33,-7.916666666666668
B4,CC4,sys.2,OR554,OR554,Female,I2,2023-08-07T06:30:00Z,2023-08-07T18:30:00Z,34,12,TRUE,B4|sys.2|CC4,B4|OR554,2.8333333333333335,complete_clock_and_animal_span,TRUE,TRUE,TRUE,Inactive,I2,Female,B4,RES,SIS,TRUE,TRUE,2.8333333333333335,0
B4,CC4,sys.2,OR554,OR554,Female,I3,2023-08-08T06:30:00Z,2023-08-08T18:30:00Z,149,12,TRUE,B4|sys.2|CC4,B4|OR554,12.416666666666666,complete_clock_and_animal_span,TRUE,TRUE,TRUE,Inactive,I2,Female,B4,RES,SIS,TRUE,TRUE,2.8333333333333335,9.583333333333332
B4,CC4,sys.2,OR554,OR554,Female,I4,2023-08-09T06:30:00Z,2023-08-09T18:30:00Z,124,12,TRUE,B4|sys.2|CC4,B4|OR554,10.333333333333334,complete_clock_and_animal_span,TRUE,TRUE,TRUE,Inactive,I2,Female,B4,RES,SIS,TRUE,TRUE,2.8333333333333335,7.5
B4,CC4,sys.2,OR554,OR554,Female,I5,2023-08-10T06:30:00Z,2023-08-10T18:30:00Z,87,12,TRUE,B4|sys.2|CC4,B4|OR554,7.25,complete_clock_and_animal_span,TRUE,TRUE,TRUE,Inactive,I2,Female,B4,RES,SIS,TRUE,TRUE,2.8333333333333335,4.416666666666666
B4,CC4,sys.2,OR559,OR559,Female,A1,2023-08-06T18:30:00Z,2023-08-07T06:30:00Z,284,12,TRUE,B4|sys.2|CC4,B4|OR559,23.666666666666668,complete_clock_and_animal_span,TRUE,TRUE,TRUE,Active,A2,Female,B4,RES,SIS,TRUE,TRUE,31.666666666666668,-8
B4,CC4,sys.2,OR559,OR559,Female,A2,2023-08-07T18:30:00Z,2023-08-08T06:30:00Z,380,12,TRUE,B4|sys.2|CC4,B4|OR559,31.666666666666668,complete_clock_and_animal_span,TRUE,TRUE,TRUE,Active,A2,Female,B4,RES,SIS,TRUE,TRUE,31.666666666666668,0
B4,CC4,sys.2,OR559,OR559,Female,A3,2023-08-08T18:30:00Z,2023-08-09T06:30:00Z,419,12,TRUE,B4|sys.2|CC4,B4|OR559,34.916666666666664,complete_clock_and_animal_span,TRUE,TRUE,TRUE,Active,A2,Female,B4,RES,SIS,TRUE,TRUE,31.666666666666668,3.2499999999999964
B4,CC4,sys.2,OR559,OR559,Female,A4,2023-08-09T18:30:00Z,2023-08-10T06:30:00Z,319,12,TRUE,B4|sys.2|CC4,B4|OR559,26.583333333333332,complete_clock_and_animal_span,TRUE,TRUE,TRUE,Active,A2,Female,B4,RES,SIS,TRUE,TRUE,31.666666666666668,-5.083333333333336
B4,CC4,sys.2,OR559,OR559,Female,A5,2023-08-10T18:30:00Z,2023-08-11T06:30:00Z,268,12,TRUE,B4|sys.2|CC4,B4|OR559,22.333333333333332,complete_clock_and_animal_span,TRUE,TRUE,TRUE,Active,A2,Female,B4,RES,SIS,TRUE,TRUE,31.666666666666668,-9.333333333333336
B4,CC4,sys.2,OR559,OR559,Female,I2,2023-08-07T06:30:00Z,2023-08-07T18:30:00Z,34,12,TRUE,B4|sys.2|CC4,B4|OR559,2.8333333333333335,complete_clock_and_animal_span,TRUE,TRUE,TRUE,Inactive,I2,Female,B4,RES,SIS,TRUE,TRUE,2.8333333333333335,0
B4,CC4,sys.2,OR559,OR559,Female,I3,2023-08-08T06:30:00Z,2023-08-08T18:30:00Z,178,12,TRUE,B4|sys.2|CC4,B4|OR559,14.833333333333334,complete_clock_and_animal_span,TRUE,TRUE,TRUE,Inactive,I2,Female,B4,RES,SIS,TRUE,TRUE,2.8333333333333335,12
B4,CC4,sys.2,OR559,OR559,Female,I4,2023-08-09T06:30:00Z,2023-08-09T18:30:00Z,123,12,TRUE,B4|sys.2|CC4,B4|OR559,10.25,complete_clock_and_animal_span,TRUE,TRUE,TRUE,Inactive,I2,Female,B4,RES,SIS,TRUE,TRUE,2.8333333333333335,7.416666666666666
B4,CC4,sys.2,OR559,OR559,Female,I5,2023-08-10T06:30:00Z,2023-08-10T18:30:00Z,91,12,TRUE,B4|sys.2|CC4,B4|OR559,7.583333333333333,complete_clock_and_animal_span,TRUE,TRUE,TRUE,Inactive,I2,Female,B4,RES,SIS,TRUE,TRUE,2.8333333333333335,4.75
B4,CC4,sys.2,OR568,OR568,Female,A1,2023-08-06T18:30:00Z,2023-08-07T06:30:00Z,307,12,TRUE,B4|sys.2|CC4,B4|OR568,25.583333333333332,complete_clock_and_animal_span,TRUE,TRUE,TRUE,Active,A2,Female,B4,RES,SIS,TRUE,TRUE,20.5,5.083333333333332
B4,CC4,sys.2,OR568,OR568,Female,A2,2023-08-07T18:30:00Z,2023-08-08T06:30:00Z,246,12,TRUE,B4|sys.2|CC4,B4|OR568,20.5,complete_clock_and_animal_span,TRUE,TRUE,TRUE,Active,A2,Female,B4,RES,SIS,TRUE,TRUE,20.5,0
B4,CC4,sys.2,OR568,OR568,Female,A3,2023-08-08T18:30:00Z,2023-08-09T06:30:00Z,309,12,TRUE,B4|sys.2|CC4,B4|OR568,25.75,complete_clock_and_animal_span,TRUE,TRUE,TRUE,Active,A2,Female,B4,RES,SIS,TRUE,TRUE,20.5,5.25
B4,CC4,sys.2,OR568,OR568,Female,A4,2023-08-09T18:30:00Z,2023-08-10T06:30:00Z,180,12,TRUE,B4|sys.2|CC4,B4|OR568,15,complete_clock_and_animal_span,TRUE,TRUE,TRUE,Active,A2,Female,B4,RES,SIS,TRUE,TRUE,20.5,-5.5
B4,CC4,sys.2,OR568,OR568,Female,A5,2023-08-10T18:30:00Z,2023-08-11T06:30:00Z,198,12,TRUE,B4|sys.2|CC4,B4|OR568,16.5,complete_clock_and_animal_span,TRUE,TRUE,TRUE,Active,A2,Female,B4,RES,SIS,TRUE,TRUE,20.5,-4
B4,CC4,sys.2,OR568,OR568,Female,I2,2023-08-07T06:30:00Z,2023-08-07T18:30:00Z,37,12,TRUE,B4|sys.2|CC4,B4|OR568,3.0833333333333335,complete_clock_and_animal_span,TRUE,TRUE,TRUE,Inactive,I2,Female,B4,RES,SIS,TRUE,TRUE,3.0833333333333335,0
B4,CC4,sys.2,OR568,OR568,Female,I3,2023-08-08T06:30:00Z,2023-08-08T18:30:00Z,120,12,TRUE,B4|sys.2|CC4,B4|OR568,10,complete_clock_and_animal_span,TRUE,TRUE,TRUE,Inactive,I2,Female,B4,RES,SIS,TRUE,TRUE,3.0833333333333335,6.916666666666666
B4,CC4,sys.2,OR568,OR568,Female,I4,2023-08-09T06:30:00Z,2023-08-09T18:30:00Z,117,12,TRUE,B4|sys.2|CC4,B4|OR568,9.75,complete_clock_and_animal_span,TRUE,TRUE,TRUE,Inactive,I2,Female,B4,RES,SIS,TRUE,TRUE,3.0833333333333335,6.666666666666666
B4,CC4,sys.2,OR568,OR568,Female,I5,2023-08-10T06:30:00Z,2023-08-10T18:30:00Z,56,12,TRUE,B4|sys.2|CC4,B4|OR568,4.666666666666667,complete_clock_and_animal_span,TRUE,TRUE,TRUE,Inactive,I2,Female,B4,RES,SIS,TRUE,TRUE,3.0833333333333335,1.5833333333333335
B4,CC4,sys.3,OR531,OR531,Female,A1,2023-08-06T18:30:00Z,2023-08-07T06:30:00Z,438,12,TRUE,B4|sys.3|CC4,B4|OR531,36.5,complete_clock_and_animal_span,TRUE,TRUE,TRUE,Active,A2,Female,B4,RES,SIS,TRUE,TRUE,28.333333333333332,8.166666666666668
B4,CC4,sys.3,OR531,OR531,Female,A2,2023-08-07T18:30:00Z,2023-08-08T06:30:00Z,340,12,TRUE,B4|sys.3|CC4,B4|OR531,28.333333333333332,complete_clock_and_animal_span,TRUE,TRUE,TRUE,Active,A2,Female,B4,RES,SIS,TRUE,TRUE,28.333333333333332,0
B4,CC4,sys.3,OR531,OR531,Female,A3,2023-08-08T18:30:00Z,2023-08-09T06:30:00Z,304,12,TRUE,B4|sys.3|CC4,B4|OR531,25.333333333333332,complete_clock_and_animal_span,TRUE,TRUE,TRUE,Active,A2,Female,B4,RES,SIS,TRUE,TRUE,28.333333333333332,-3
B4,CC4,sys.3,OR531,OR531,Female,A4,2023-08-09T18:30:00Z,2023-08-10T06:30:00Z,306,12,TRUE,B4|sys.3|CC4,B4|OR531,25.5,complete_clock_and_animal_span,TRUE,TRUE,TRUE,Active,A2,Female,B4,RES,SIS,TRUE,TRUE,28.333333333333332,-2.833333333333332
B4,CC4,sys.3,OR531,OR531,Female,A5,2023-08-10T18:30:00Z,2023-08-11T06:30:00Z,292,12,TRUE,B4|sys.3|CC4,B4|OR531,24.333333333333332,complete_clock_and_animal_span,TRUE,TRUE,TRUE,Active,A2,Female,B4,RES,SIS,TRUE,TRUE,28.333333333333332,-4
B4,CC4,sys.3,OR531,OR531,Female,I2,2023-08-07T06:30:00Z,2023-08-07T18:30:00Z,80,12,TRUE,B4|sys.3|CC4,B4|OR531,6.666666666666667,complete_clock_and_animal_span,TRUE,TRUE,TRUE,Inactive,I2,Female,B4,RES,SIS,TRUE,TRUE,6.666666666666667,0
B4,CC4,sys.3,OR531,OR531,Female,I3,2023-08-08T06:30:00Z,2023-08-08T18:30:00Z,168,12,TRUE,B4|sys.3|CC4,B4|OR531,14,complete_clock_and_animal_span,TRUE,TRUE,TRUE,Inactive,I2,Female,B4,RES,SIS,TRUE,TRUE,6.666666666666667,7.333333333333333
B4,CC4,sys.3,OR531,OR531,Female,I4,2023-08-09T06:30:00Z,2023-08-09T18:30:00Z,132,12,TRUE,B4|sys.3|CC4,B4|OR531,11,complete_clock_and_animal_span,TRUE,TRUE,TRUE,Inactive,I2,Female,B4,RES,SIS,TRUE,TRUE,6.666666666666667,4.333333333333333
B4,CC4,sys.3,OR531,OR531,Female,I5,2023-08-10T06:30:00Z,2023-08-10T18:30:00Z,120,12,TRUE,B4|sys.3|CC4,B4|OR531,10,complete_clock_and_animal_span,TRUE,TRUE,TRUE,Inactive,I2,Female,B4,RES,SIS,TRUE,TRUE,6.666666666666667,3.333333333333333
B4,CC4,sys.3,OR552,OR552,Female,A1,2023-08-06T18:30:00Z,2023-08-07T06:30:00Z,314,12,TRUE,B4|sys.3|CC4,B4|OR552,26.166666666666668,complete_clock_and_animal_span,TRUE,TRUE,TRUE,Active,A2,Female,B4,SUS,SIS,TRUE,TRUE,27.666666666666668,-1.5
B4,CC4,sys.3,OR552,OR552,Female,A2,2023-08-07T18:30:00Z,2023-08-08T06:30:00Z,332,12,TRUE,B4|sys.3|CC4,B4|OR552,27.666666666666668,complete_clock_and_animal_span,TRUE,TRUE,TRUE,Active,A2,Female,B4,SUS,SIS,TRUE,TRUE,27.666666666666668,0
B4,CC4,sys.3,OR552,OR552,Female,A3,2023-08-08T18:30:00Z,2023-08-09T06:30:00Z,224,12,TRUE,B4|sys.3|CC4,B4|OR552,18.666666666666668,complete_clock_and_animal_span,TRUE,TRUE,TRUE,Active,A2,Female,B4,SUS,SIS,TRUE,TRUE,27.666666666666668,-9
B4,CC4,sys.3,OR552,OR552,Female,A4,2023-08-09T18:30:00Z,2023-08-10T06:30:00Z,212,12,TRUE,B4|sys.3|CC4,B4|OR552,17.666666666666668,complete_clock_and_animal_span,TRUE,TRUE,TRUE,Active,A2,Female,B4,SUS,SIS,TRUE,TRUE,27.666666666666668,-10
B4,CC4,sys.3,OR552,OR552,Female,A5,2023-08-10T18:30:00Z,2023-08-11T06:30:00Z,202,12,TRUE,B4|sys.3|CC4,B4|OR552,16.833333333333332,complete_clock_and_animal_span,TRUE,TRUE,TRUE,Active,A2,Female,B4,SUS,SIS,TRUE,TRUE,27.666666666666668,-10.833333333333336
B4,CC4,sys.3,OR552,OR552,Female,I2,2023-08-07T06:30:00Z,2023-08-07T18:30:00Z,28,12,TRUE,B4|sys.3|CC4,B4|OR552,2.3333333333333335,complete_clock_and_animal_span,TRUE,TRUE,TRUE,Inactive,I2,Female,B4,SUS,SIS,TRUE,TRUE,2.3333333333333335,0
B4,CC4,sys.3,OR552,OR552,Female,I3,2023-08-08T06:30:00Z,2023-08-08T18:30:00Z,88,12,TRUE,B4|sys.3|CC4,B4|OR552,7.333333333333333,complete_clock_and_animal_span,TRUE,TRUE,TRUE,Inactive,I2,Female,B4,SUS,SIS,TRUE,TRUE,2.3333333333333335,5
B4,CC4,sys.3,OR552,OR552,Female,I4,2023-08-09T06:30:00Z,2023-08-09T18:30:00Z,106,12,TRUE,B4|sys.3|CC4,B4|OR552,8.833333333333334,complete_clock_and_animal_span,TRUE,TRUE,TRUE,Inactive,I2,Female,B4,SUS,SIS,TRUE,TRUE,2.3333333333333335,6.5
B4,CC4,sys.3,OR552,OR552,Female,I5,2023-08-10T06:30:00Z,2023-08-10T18:30:00Z,92,12,TRUE,B4|sys.3|CC4,B4|OR552,7.666666666666667,complete_clock_and_animal_span,TRUE,TRUE,TRUE,Inactive,I2,Female,B4,SUS,SIS,TRUE,TRUE,2.3333333333333335,5.333333333333334
B4,CC4,sys.3,OR553,OR553,Female,A1,2023-08-06T18:30:00Z,2023-08-07T06:30:00Z,412,12,TRUE,B4|sys.3|CC4,B4|OR553,34.333333333333336,complete_clock_and_animal_span,TRUE,TRUE,TRUE,Active,A2,Female,B4,RES,SIS,TRUE,TRUE,19.333333333333332,15.000000000000004
B4,CC4,sys.3,OR553,OR553,Female,A2,2023-08-07T18:30:00Z,2023-08-08T06:30:00Z,232,12,TRUE,B4|sys.3|CC4,B4|OR553,19.333333333333332,complete_clock_and_animal_span,TRUE,TRUE,TRUE,Active,A2,Female,B4,RES,SIS,TRUE,TRUE,19.333333333333332,0
B4,CC4,sys.3,OR553,OR553,Female,A3,2023-08-08T18:30:00Z,2023-08-09T06:30:00Z,191,12,TRUE,B4|sys.3|CC4,B4|OR553,15.916666666666666,complete_clock_and_animal_span,TRUE,TRUE,TRUE,Active,A2,Female,B4,RES,SIS,TRUE,TRUE,19.333333333333332,-3.416666666666666
B4,CC4,sys.3,OR553,OR553,Female,A4,2023-08-09T18:30:00Z,2023-08-10T06:30:00Z,212,12,TRUE,B4|sys.3|CC4,B4|OR553,17.666666666666668,complete_clock_and_animal_span,TRUE,TRUE,TRUE,Active,A2,Female,B4,RES,SIS,TRUE,TRUE,19.333333333333332,-1.6666666666666643
B4,CC4,sys.3,OR553,OR553,Female,A5,2023-08-10T18:30:00Z,2023-08-11T06:30:00Z,166,12,TRUE,B4|sys.3|CC4,B4|OR553,13.833333333333334,complete_clock_and_animal_span,TRUE,TRUE,TRUE,Active,A2,Female,B4,RES,SIS,TRUE,TRUE,19.333333333333332,-5.499999999999998
B4,CC4,sys.3,OR553,OR553,Female,I2,2023-08-07T06:30:00Z,2023-08-07T18:30:00Z,10,12,TRUE,B4|sys.3|CC4,B4|OR553,0.8333333333333334,complete_clock_and_animal_span,TRUE,TRUE,TRUE,Inactive,I2,Female,B4,RES,SIS,TRUE,TRUE,0.8333333333333334,0
B4,CC4,sys.3,OR553,OR553,Female,I3,2023-08-08T06:30:00Z,2023-08-08T18:30:00Z,74,12,TRUE,B4|sys.3|CC4,B4|OR553,6.166666666666667,complete_clock_and_animal_span,TRUE,TRUE,TRUE,Inactive,I2,Female,B4,RES,SIS,TRUE,TRUE,0.8333333333333334,5.333333333333334
B4,CC4,sys.3,OR553,OR553,Female,I4,2023-08-09T06:30:00Z,2023-08-09T18:30:00Z,43,12,TRUE,B4|sys.3|CC4,B4|OR553,3.5833333333333335,complete_clock_and_animal_span,TRUE,TRUE,TRUE,Inactive,I2,Female,B4,RES,SIS,TRUE,TRUE,0.8333333333333334,2.75
B4,CC4,sys.3,OR553,OR553,Female,I5,2023-08-10T06:30:00Z,2023-08-10T18:30:00Z,48,12,TRUE,B4|sys.3|CC4,B4|OR553,4,complete_clock_and_animal_span,TRUE,TRUE,TRUE,Inactive,I2,Female,B4,RES,SIS,TRUE,TRUE,0.8333333333333334,3.1666666666666665
B4,CC4,sys.3,OR560,OR560,Female,A1,2023-08-06T18:30:00Z,2023-08-07T06:30:00Z,412,12,TRUE,B4|sys.3|CC4,B4|OR560,34.333333333333336,complete_clock_and_animal_span,TRUE,TRUE,TRUE,Active,A2,Female,B4,RES,SIS,TRUE,TRUE,33.333333333333336,1
B4,CC4,sys.3,OR560,OR560,Female,A2,2023-08-07T18:30:00Z,2023-08-08T06:30:00Z,400,12,TRUE,B4|sys.3|CC4,B4|OR560,33.333333333333336,complete_clock_and_animal_span,TRUE,TRUE,TRUE,Active,A2,Female,B4,RES,SIS,TRUE,TRUE,33.333333333333336,0
B4,CC4,sys.3,OR560,OR560,Female,A3,2023-08-08T18:30:00Z,2023-08-09T06:30:00Z,278,12,TRUE,B4|sys.3|CC4,B4|OR560,23.166666666666668,complete_clock_and_animal_span,TRUE,TRUE,TRUE,Active,A2,Female,B4,RES,SIS,TRUE,TRUE,33.333333333333336,-10.166666666666668
B4,CC4,sys.3,OR560,OR560,Female,A4,2023-08-09T18:30:00Z,2023-08-10T06:30:00Z,316,12,TRUE,B4|sys.3|CC4,B4|OR560,26.333333333333332,complete_clock_and_animal_span,TRUE,TRUE,TRUE,Active,A2,Female,B4,RES,SIS,TRUE,TRUE,33.333333333333336,-7.0000000000000036
B4,CC4,sys.3,OR560,OR560,Female,A5,2023-08-10T18:30:00Z,2023-08-11T06:30:00Z,302,12,TRUE,B4|sys.3|CC4,B4|OR560,25.166666666666668,complete_clock_and_animal_span,TRUE,TRUE,TRUE,Active,A2,Female,B4,RES,SIS,TRUE,TRUE,33.333333333333336,-8.166666666666668
B4,CC4,sys.3,OR560,OR560,Female,I2,2023-08-07T06:30:00Z,2023-08-07T18:30:00Z,58,12,TRUE,B4|sys.3|CC4,B4|OR560,4.833333333333333,complete_clock_and_animal_span,TRUE,TRUE,TRUE,Inactive,I2,Female,B4,RES,SIS,TRUE,TRUE,4.833333333333333,0
B4,CC4,sys.3,OR560,OR560,Female,I3,2023-08-08T06:30:00Z,2023-08-08T18:30:00Z,116,12,TRUE,B4|sys.3|CC4,B4|OR560,9.666666666666666,complete_clock_and_animal_span,TRUE,TRUE,TRUE,Inactive,I2,Female,B4,RES,SIS,TRUE,TRUE,4.833333333333333,4.833333333333333
B4,CC4,sys.3,OR560,OR560,Female,I4,2023-08-09T06:30:00Z,2023-08-09T18:30:00Z,110,12,TRUE,B4|sys.3|CC4,B4|OR560,9.166666666666666,complete_clock_and_animal_span,TRUE,TRUE,TRUE,Inactive,I2,Female,B4,RES,SIS,TRUE,TRUE,4.833333333333333,4.333333333333333
B4,CC4,sys.3,OR560,OR560,Female,I5,2023-08-10T06:30:00Z,2023-08-10T18:30:00Z,86,12,TRUE,B4|sys.3|CC4,B4|OR560,7.166666666666667,complete_clock_and_animal_span,TRUE,TRUE,TRUE,Inactive,I2,Female,B4,RES,SIS,TRUE,TRUE,4.833333333333333,2.333333333333334
B4,CC4,sys.4,OR537,OR537,Female,A1,2023-08-06T18:30:00Z,2023-08-07T06:30:00Z,326,12,TRUE,B4|sys.4|CC4,B4|OR537,27.166666666666668,complete_clock_and_animal_span,TRUE,TRUE,TRUE,Active,A2,Female,B4,CON,CON,TRUE,TRUE,24.166666666666668,3
B4,CC4,sys.4,OR537,OR537,Female,A2,2023-08-07T18:30:00Z,2023-08-08T06:30:00Z,290,12,TRUE,B4|sys.4|CC4,B4|OR537,24.166666666666668,complete_clock_and_animal_span,TRUE,TRUE,TRUE,Active,A2,Female,B4,CON,CON,TRUE,TRUE,24.166666666666668,0
B4,CC4,sys.4,OR537,OR537,Female,A3,2023-08-08T18:30:00Z,2023-08-09T06:30:00Z,264,12,TRUE,B4|sys.4|CC4,B4|OR537,22,complete_clock_and_animal_span,TRUE,TRUE,TRUE,Active,A2,Female,B4,CON,CON,TRUE,TRUE,24.166666666666668,-2.166666666666668
B4,CC4,sys.4,OR537,OR537,Female,A4,2023-08-09T18:30:00Z,2023-08-10T06:30:00Z,189,12,TRUE,B4|sys.4|CC4,B4|OR537,15.75,complete_clock_and_animal_span,TRUE,TRUE,TRUE,Active,A2,Female,B4,CON,CON,TRUE,TRUE,24.166666666666668,-8.416666666666668
B4,CC4,sys.4,OR537,OR537,Female,A5,2023-08-10T18:30:00Z,2023-08-11T06:30:00Z,235,12,TRUE,B4|sys.4|CC4,B4|OR537,19.583333333333332,complete_clock_and_animal_span,TRUE,TRUE,TRUE,Active,A2,Female,B4,CON,CON,TRUE,TRUE,24.166666666666668,-4.583333333333336
B4,CC4,sys.4,OR537,OR537,Female,I2,2023-08-07T06:30:00Z,2023-08-07T18:30:00Z,4,12,TRUE,B4|sys.4|CC4,B4|OR537,0.3333333333333333,complete_clock_and_animal_span,TRUE,TRUE,TRUE,Inactive,I2,Female,B4,CON,CON,TRUE,TRUE,0.3333333333333333,0
B4,CC4,sys.4,OR537,OR537,Female,I3,2023-08-08T06:30:00Z,2023-08-08T18:30:00Z,92,12,TRUE,B4|sys.4|CC4,B4|OR537,7.666666666666667,complete_clock_and_animal_span,TRUE,TRUE,TRUE,Inactive,I2,Female,B4,CON,CON,TRUE,TRUE,0.3333333333333333,7.333333333333334
B4,CC4,sys.4,OR537,OR537,Female,I4,2023-08-09T06:30:00Z,2023-08-09T18:30:00Z,74,12,TRUE,B4|sys.4|CC4,B4|OR537,6.166666666666667,complete_clock_and_animal_span,TRUE,TRUE,TRUE,Inactive,I2,Female,B4,CON,CON,TRUE,TRUE,0.3333333333333333,5.833333333333334
B4,CC4,sys.4,OR537,OR537,Female,I5,2023-08-10T06:30:00Z,2023-08-10T18:30:00Z,51,12,TRUE,B4|sys.4|CC4,B4|OR537,4.25,complete_clock_and_animal_span,TRUE,TRUE,TRUE,Inactive,I2,Female,B4,CON,CON,TRUE,TRUE,0.3333333333333333,3.9166666666666665
B4,CC4,sys.4,OR538,OR538,Female,A1,2023-08-06T18:30:00Z,2023-08-07T06:30:00Z,261,12,TRUE,B4|sys.4|CC4,B4|OR538,21.75,complete_clock_and_animal_span,TRUE,TRUE,TRUE,Active,A2,Female,B4,CON,CON,TRUE,TRUE,25.583333333333332,-3.833333333333332
B4,CC4,sys.4,OR538,OR538,Female,A2,2023-08-07T18:30:00Z,2023-08-08T06:30:00Z,307,12,TRUE,B4|sys.4|CC4,B4|OR538,25.583333333333332,complete_clock_and_animal_span,TRUE,TRUE,TRUE,Active,A2,Female,B4,CON,CON,TRUE,TRUE,25.583333333333332,0
B4,CC4,sys.4,OR538,OR538,Female,A3,2023-08-08T18:30:00Z,2023-08-09T06:30:00Z,289,12,TRUE,B4|sys.4|CC4,B4|OR538,24.083333333333332,complete_clock_and_animal_span,TRUE,TRUE,TRUE,Active,A2,Female,B4,CON,CON,TRUE,TRUE,25.583333333333332,-1.5
B4,CC4,sys.4,OR538,OR538,Female,A4,2023-08-09T18:30:00Z,2023-08-10T06:30:00Z,217,12,TRUE,B4|sys.4|CC4,B4|OR538,18.083333333333332,complete_clock_and_animal_span,TRUE,TRUE,TRUE,Active,A2,Female,B4,CON,CON,TRUE,TRUE,25.583333333333332,-7.5
B4,CC4,sys.4,OR538,OR538,Female,A5,2023-08-10T18:30:00Z,2023-08-11T06:30:00Z,163,12,TRUE,B4|sys.4|CC4,B4|OR538,13.583333333333334,complete_clock_and_animal_span,TRUE,TRUE,TRUE,Active,A2,Female,B4,CON,CON,TRUE,TRUE,25.583333333333332,-11.999999999999998
B4,CC4,sys.4,OR538,OR538,Female,I2,2023-08-07T06:30:00Z,2023-08-07T18:30:00Z,3,12,TRUE,B4|sys.4|CC4,B4|OR538,0.25,complete_clock_and_animal_span,TRUE,TRUE,TRUE,Inactive,I2,Female,B4,CON,CON,TRUE,TRUE,0.25,0
B4,CC4,sys.4,OR538,OR538,Female,I3,2023-08-08T06:30:00Z,2023-08-08T18:30:00Z,33,12,TRUE,B4|sys.4|CC4,B4|OR538,2.75,complete_clock_and_animal_span,TRUE,TRUE,TRUE,Inactive,I2,Female,B4,CON,CON,TRUE,TRUE,0.25,2.5
B4,CC4,sys.4,OR538,OR538,Female,I4,2023-08-09T06:30:00Z,2023-08-09T18:30:00Z,15,12,TRUE,B4|sys.4|CC4,B4|OR538,1.25,complete_clock_and_animal_span,TRUE,TRUE,TRUE,Inactive,I2,Female,B4,CON,CON,TRUE,TRUE,0.25,1
B4,CC4,sys.4,OR538,OR538,Female,I5,2023-08-10T06:30:00Z,2023-08-10T18:30:00Z,25,12,TRUE,B4|sys.4|CC4,B4|OR538,2.0833333333333335,complete_clock_and_animal_span,TRUE,TRUE,TRUE,Inactive,I2,Female,B4,CON,CON,TRUE,TRUE,0.25,1.8333333333333335
B4,CC4,sys.4,OR539,OR539,Female,A1,2023-08-06T18:30:00Z,2023-08-07T06:30:00Z,232,12,TRUE,B4|sys.4|CC4,B4|OR539,19.333333333333332,complete_clock_and_animal_span,TRUE,TRUE,TRUE,Active,A2,Female,B4,CON,CON,TRUE,TRUE,19.666666666666668,-0.3333333333333357
B4,CC4,sys.4,OR539,OR539,Female,A2,2023-08-07T18:30:00Z,2023-08-08T06:30:00Z,236,12,TRUE,B4|sys.4|CC4,B4|OR539,19.666666666666668,complete_clock_and_animal_span,TRUE,TRUE,TRUE,Active,A2,Female,B4,CON,CON,TRUE,TRUE,19.666666666666668,0
B4,CC4,sys.4,OR539,OR539,Female,A3,2023-08-08T18:30:00Z,2023-08-09T06:30:00Z,140,12,TRUE,B4|sys.4|CC4,B4|OR539,11.666666666666666,complete_clock_and_animal_span,TRUE,TRUE,TRUE,Active,A2,Female,B4,CON,CON,TRUE,TRUE,19.666666666666668,-8.000000000000002
B4,CC4,sys.4,OR539,OR539,Female,A4,2023-08-09T18:30:00Z,2023-08-10T06:30:00Z,91,12,TRUE,B4|sys.4|CC4,B4|OR539,7.583333333333333,complete_clock_and_animal_span,TRUE,TRUE,TRUE,Active,A2,Female,B4,CON,CON,TRUE,TRUE,19.666666666666668,-12.083333333333336
B4,CC4,sys.4,OR539,OR539,Female,A5,2023-08-10T18:30:00Z,2023-08-11T06:30:00Z,115,12,TRUE,B4|sys.4|CC4,B4|OR539,9.583333333333334,complete_clock_and_animal_span,TRUE,TRUE,TRUE,Active,A2,Female,B4,CON,CON,TRUE,TRUE,19.666666666666668,-10.083333333333334
B4,CC4,sys.4,OR539,OR539,Female,I2,2023-08-07T06:30:00Z,2023-08-07T18:30:00Z,0,12,TRUE,B4|sys.4|CC4,B4|OR539,0,complete_clock_and_animal_span,TRUE,TRUE,TRUE,Inactive,I2,Female,B4,CON,CON,TRUE,TRUE,0,0
B4,CC4,sys.4,OR539,OR539,Female,I3,2023-08-08T06:30:00Z,2023-08-08T18:30:00Z,0,12,TRUE,B4|sys.4|CC4,B4|OR539,0,complete_clock_and_animal_span,TRUE,TRUE,TRUE,Inactive,I2,Female,B4,CON,CON,TRUE,TRUE,0,0
B4,CC4,sys.4,OR539,OR539,Female,I4,2023-08-09T06:30:00Z,2023-08-09T18:30:00Z,0,12,TRUE,B4|sys.4|CC4,B4|OR539,0,complete_clock_and_animal_span,TRUE,TRUE,TRUE,Inactive,I2,Female,B4,CON,CON,TRUE,TRUE,0,0
B4,CC4,sys.4,OR539,OR539,Female,I5,2023-08-10T06:30:00Z,2023-08-10T18:30:00Z,1,12,TRUE,B4|sys.4|CC4,B4|OR539,0.08333333333333333,complete_clock_and_animal_span,TRUE,TRUE,TRUE,Inactive,I2,Female,B4,CON,CON,TRUE,TRUE,0,0.08333333333333333
B4,CC4,sys.4,OR540,OR540,Female,A1,2023-08-06T18:30:00Z,2023-08-07T06:30:00Z,218,12,TRUE,B4|sys.4|CC4,B4|OR540,18.166666666666668,complete_clock_and_animal_span,TRUE,TRUE,TRUE,Active,A2,Female,B4,CON,CON,TRUE,TRUE,22.166666666666668,-4
B4,CC4,sys.4,OR540,OR540,Female,A2,2023-08-07T18:30:00Z,2023-08-08T06:30:00Z,266,12,TRUE,B4|sys.4|CC4,B4|OR540,22.166666666666668,complete_clock_and_animal_span,TRUE,TRUE,TRUE,Active,A2,Female,B4,CON,CON,TRUE,TRUE,22.166666666666668,0
B4,CC4,sys.4,OR540,OR540,Female,A3,2023-08-08T18:30:00Z,2023-08-09T06:30:00Z,204,12,TRUE,B4|sys.4|CC4,B4|OR540,17,complete_clock_and_animal_span,TRUE,TRUE,TRUE,Active,A2,Female,B4,CON,CON,TRUE,TRUE,22.166666666666668,-5.166666666666668
B4,CC4,sys.4,OR540,OR540,Female,A4,2023-08-09T18:30:00Z,2023-08-10T06:30:00Z,201,12,TRUE,B4|sys.4|CC4,B4|OR540,16.75,complete_clock_and_animal_span,TRUE,TRUE,TRUE,Active,A2,Female,B4,CON,CON,TRUE,TRUE,22.166666666666668,-5.416666666666668
B4,CC4,sys.4,OR540,OR540,Female,A5,2023-08-10T18:30:00Z,2023-08-11T06:30:00Z,177,12,TRUE,B4|sys.4|CC4,B4|OR540,14.75,complete_clock_and_animal_span,TRUE,TRUE,TRUE,Active,A2,Female,B4,CON,CON,TRUE,TRUE,22.166666666666668,-7.416666666666668
B4,CC4,sys.4,OR540,OR540,Female,I2,2023-08-07T06:30:00Z,2023-08-07T18:30:00Z,0,12,TRUE,B4|sys.4|CC4,B4|OR540,0,complete_clock_and_animal_span,TRUE,TRUE,TRUE,Inactive,I2,Female,B4,CON,CON,TRUE,TRUE,0,0
B4,CC4,sys.4,OR540,OR540,Female,I3,2023-08-08T06:30:00Z,2023-08-08T18:30:00Z,38,12,TRUE,B4|sys.4|CC4,B4|OR540,3.1666666666666665,complete_clock_and_animal_span,TRUE,TRUE,TRUE,Inactive,I2,Female,B4,CON,CON,TRUE,TRUE,0,3.1666666666666665
B4,CC4,sys.4,OR540,OR540,Female,I4,2023-08-09T06:30:00Z,2023-08-09T18:30:00Z,25,12,TRUE,B4|sys.4|CC4,B4|OR540,2.0833333333333335,complete_clock_and_animal_span,TRUE,TRUE,TRUE,Inactive,I2,Female,B4,CON,CON,TRUE,TRUE,0,2.0833333333333335
B4,CC4,sys.4,OR540,OR540,Female,I5,2023-08-10T06:30:00Z,2023-08-10T18:30:00Z,24,12,TRUE,B4|sys.4|CC4,B4|OR540,2,complete_clock_and_animal_span,TRUE,TRUE,TRUE,Inactive,I2,Female,B4,CON,CON,TRUE,TRUE,0,2
B4,CC4,sys.5,OR529,OR529,Female,A1,2023-08-06T18:30:00Z,2023-08-07T06:30:00Z,336,12,TRUE,B4|sys.5|CC4,B4|OR529,28,complete_clock_and_animal_span,TRUE,TRUE,TRUE,Active,A2,Female,B4,SUS,SIS,TRUE,TRUE,33.666666666666664,-5.666666666666664
B4,CC4,sys.5,OR529,OR529,Female,A2,2023-08-07T18:30:00Z,2023-08-08T06:30:00Z,404,12,TRUE,B4|sys.5|CC4,B4|OR529,33.666666666666664,complete_clock_and_animal_span,TRUE,TRUE,TRUE,Active,A2,Female,B4,SUS,SIS,TRUE,TRUE,33.666666666666664,0
B4,CC4,sys.5,OR529,OR529,Female,A3,2023-08-08T18:30:00Z,2023-08-09T06:30:00Z,304,12,TRUE,B4|sys.5|CC4,B4|OR529,25.333333333333332,complete_clock_and_animal_span,TRUE,TRUE,TRUE,Active,A2,Female,B4,SUS,SIS,TRUE,TRUE,33.666666666666664,-8.333333333333332
B4,CC4,sys.5,OR529,OR529,Female,A4,2023-08-09T18:30:00Z,2023-08-10T06:30:00Z,322,12,TRUE,B4|sys.5|CC4,B4|OR529,26.833333333333332,complete_clock_and_animal_span,TRUE,TRUE,TRUE,Active,A2,Female,B4,SUS,SIS,TRUE,TRUE,33.666666666666664,-6.833333333333332
B4,CC4,sys.5,OR529,OR529,Female,A5,2023-08-10T18:30:00Z,2023-08-11T06:30:00Z,218,12,TRUE,B4|sys.5|CC4,B4|OR529,18.166666666666668,complete_clock_and_animal_span,TRUE,TRUE,TRUE,Active,A2,Female,B4,SUS,SIS,TRUE,TRUE,33.666666666666664,-15.499999999999996
B4,CC4,sys.5,OR529,OR529,Female,I2,2023-08-07T06:30:00Z,2023-08-07T18:30:00Z,26,12,TRUE,B4|sys.5|CC4,B4|OR529,2.1666666666666665,complete_clock_and_animal_span,TRUE,TRUE,TRUE,Inactive,I2,Female,B4,SUS,SIS,TRUE,TRUE,2.1666666666666665,0
B4,CC4,sys.5,OR529,OR529,Female,I3,2023-08-08T06:30:00Z,2023-08-08T18:30:00Z,200,12,TRUE,B4|sys.5|CC4,B4|OR529,16.666666666666668,complete_clock_and_animal_span,TRUE,TRUE,TRUE,Inactive,I2,Female,B4,SUS,SIS,TRUE,TRUE,2.1666666666666665,14.500000000000002
B4,CC4,sys.5,OR529,OR529,Female,I4,2023-08-09T06:30:00Z,2023-08-09T18:30:00Z,206,12,TRUE,B4|sys.5|CC4,B4|OR529,17.166666666666668,complete_clock_and_animal_span,TRUE,TRUE,TRUE,Inactive,I2,Female,B4,SUS,SIS,TRUE,TRUE,2.1666666666666665,15.000000000000002
B4,CC4,sys.5,OR529,OR529,Female,I5,2023-08-10T06:30:00Z,2023-08-10T18:30:00Z,178,12,TRUE,B4|sys.5|CC4,B4|OR529,14.833333333333334,complete_clock_and_animal_span,TRUE,TRUE,TRUE,Inactive,I2,Female,B4,SUS,SIS,TRUE,TRUE,2.1666666666666665,12.666666666666668
B4,CC4,sys.5,OR550,OR550,Female,A1,2023-08-06T18:30:00Z,2023-08-07T06:30:00Z,406,12,TRUE,B4|sys.5|CC4,B4|OR550,33.833333333333336,complete_clock_and_animal_span,TRUE,TRUE,TRUE,Active,A2,Female,B4,SUS,SIS,TRUE,TRUE,41.333333333333336,-7.5
B4,CC4,sys.5,OR550,OR550,Female,A2,2023-08-07T18:30:00Z,2023-08-08T06:30:00Z,496,12,TRUE,B4|sys.5|CC4,B4|OR550,41.333333333333336,complete_clock_and_animal_span,TRUE,TRUE,TRUE,Active,A2,Female,B4,SUS,SIS,TRUE,TRUE,41.333333333333336,0
B4,CC4,sys.5,OR550,OR550,Female,A3,2023-08-08T18:30:00Z,2023-08-09T06:30:00Z,308,12,TRUE,B4|sys.5|CC4,B4|OR550,25.666666666666668,complete_clock_and_animal_span,TRUE,TRUE,TRUE,Active,A2,Female,B4,SUS,SIS,TRUE,TRUE,41.333333333333336,-15.666666666666668
B4,CC4,sys.5,OR550,OR550,Female,A4,2023-08-09T18:30:00Z,2023-08-10T06:30:00Z,354,12,TRUE,B4|sys.5|CC4,B4|OR550,29.5,complete_clock_and_animal_span,TRUE,TRUE,TRUE,Active,A2,Female,B4,SUS,SIS,TRUE,TRUE,41.333333333333336,-11.833333333333336
B4,CC4,sys.5,OR550,OR550,Female,A5,2023-08-10T18:30:00Z,2023-08-11T06:30:00Z,296,12,TRUE,B4|sys.5|CC4,B4|OR550,24.666666666666668,complete_clock_and_animal_span,TRUE,TRUE,TRUE,Active,A2,Female,B4,SUS,SIS,TRUE,TRUE,41.333333333333336,-16.666666666666668
B4,CC4,sys.5,OR550,OR550,Female,I2,2023-08-07T06:30:00Z,2023-08-07T18:30:00Z,44,12,TRUE,B4|sys.5|CC4,B4|OR550,3.6666666666666665,complete_clock_and_animal_span,TRUE,TRUE,TRUE,Inactive,I2,Female,B4,SUS,SIS,TRUE,TRUE,3.6666666666666665,0
B4,CC4,sys.5,OR550,OR550,Female,I3,2023-08-08T06:30:00Z,2023-08-08T18:30:00Z,188,12,TRUE,B4|sys.5|CC4,B4|OR550,15.666666666666666,complete_clock_and_animal_span,TRUE,TRUE,TRUE,Inactive,I2,Female,B4,SUS,SIS,TRUE,TRUE,3.6666666666666665,12
B4,CC4,sys.5,OR550,OR550,Female,I4,2023-08-09T06:30:00Z,2023-08-09T18:30:00Z,124,12,TRUE,B4|sys.5|CC4,B4|OR550,10.333333333333334,complete_clock_and_animal_span,TRUE,TRUE,TRUE,Inactive,I2,Female,B4,SUS,SIS,TRUE,TRUE,3.6666666666666665,6.666666666666668
B4,CC4,sys.5,OR550,OR550,Female,I5,2023-08-10T06:30:00Z,2023-08-10T18:30:00Z,150,12,TRUE,B4|sys.5|CC4,B4|OR550,12.5,complete_clock_and_animal_span,TRUE,TRUE,TRUE,Inactive,I2,Female,B4,SUS,SIS,TRUE,TRUE,3.6666666666666665,8.833333333333334
B4,CC4,sys.5,OR555,OR555,Female,A1,2023-08-06T18:30:00Z,2023-08-07T06:30:00Z,304,12,TRUE,B4|sys.5|CC4,B4|OR555,25.333333333333332,complete_clock_and_animal_span,TRUE,TRUE,TRUE,Active,A2,Female,B4,SUS,SIS,TRUE,TRUE,29.666666666666668,-4.333333333333336
B4,CC4,sys.5,OR555,OR555,Female,A2,2023-08-07T18:30:00Z,2023-08-08T06:30:00Z,356,12,TRUE,B4|sys.5|CC4,B4|OR555,29.666666666666668,complete_clock_and_animal_span,TRUE,TRUE,TRUE,Active,A2,Female,B4,SUS,SIS,TRUE,TRUE,29.666666666666668,0
B4,CC4,sys.5,OR555,OR555,Female,A3,2023-08-08T18:30:00Z,2023-08-09T06:30:00Z,350,12,TRUE,B4|sys.5|CC4,B4|OR555,29.166666666666668,complete_clock_and_animal_span,TRUE,TRUE,TRUE,Active,A2,Female,B4,SUS,SIS,TRUE,TRUE,29.666666666666668,-0.5
B4,CC4,sys.5,OR555,OR555,Female,A4,2023-08-09T18:30:00Z,2023-08-10T06:30:00Z,230,12,TRUE,B4|sys.5|CC4,B4|OR555,19.166666666666668,complete_clock_and_animal_span,TRUE,TRUE,TRUE,Active,A2,Female,B4,SUS,SIS,TRUE,TRUE,29.666666666666668,-10.5
B4,CC4,sys.5,OR555,OR555,Female,A5,2023-08-10T18:30:00Z,2023-08-11T06:30:00Z,239,12,TRUE,B4|sys.5|CC4,B4|OR555,19.916666666666668,complete_clock_and_animal_span,TRUE,TRUE,TRUE,Active,A2,Female,B4,SUS,SIS,TRUE,TRUE,29.666666666666668,-9.75
B4,CC4,sys.5,OR555,OR555,Female,I2,2023-08-07T06:30:00Z,2023-08-07T18:30:00Z,14,12,TRUE,B4|sys.5|CC4,B4|OR555,1.1666666666666667,complete_clock_and_animal_span,TRUE,TRUE,TRUE,Inactive,I2,Female,B4,SUS,SIS,TRUE,TRUE,1.1666666666666667,0
B4,CC4,sys.5,OR555,OR555,Female,I3,2023-08-08T06:30:00Z,2023-08-08T18:30:00Z,138,12,TRUE,B4|sys.5|CC4,B4|OR555,11.5,complete_clock_and_animal_span,TRUE,TRUE,TRUE,Inactive,I2,Female,B4,SUS,SIS,TRUE,TRUE,1.1666666666666667,10.333333333333334
B4,CC4,sys.5,OR555,OR555,Female,I4,2023-08-09T06:30:00Z,2023-08-09T18:30:00Z,72,12,TRUE,B4|sys.5|CC4,B4|OR555,6,complete_clock_and_animal_span,TRUE,TRUE,TRUE,Inactive,I2,Female,B4,SUS,SIS,TRUE,TRUE,1.1666666666666667,4.833333333333333
B4,CC4,sys.5,OR555,OR555,Female,I5,2023-08-10T06:30:00Z,2023-08-10T18:30:00Z,89,12,TRUE,B4|sys.5|CC4,B4|OR555,7.416666666666667,complete_clock_and_animal_span,TRUE,TRUE,TRUE,Inactive,I2,Female,B4,SUS,SIS,TRUE,TRUE,1.1666666666666667,6.25
B4,CC4,sys.5,OR562,OR562,Female,A1,2023-08-06T18:30:00Z,2023-08-07T06:30:00Z,436,12,TRUE,B4|sys.5|CC4,B4|OR562,36.333333333333336,complete_clock_and_animal_span,TRUE,TRUE,TRUE,Active,A2,Female,B4,RES,SIS,TRUE,TRUE,38.083333333333336,-1.75
B4,CC4,sys.5,OR562,OR562,Female,A2,2023-08-07T18:30:00Z,2023-08-08T06:30:00Z,457,12,TRUE,B4|sys.5|CC4,B4|OR562,38.083333333333336,complete_clock_and_animal_span,TRUE,TRUE,TRUE,Active,A2,Female,B4,RES,SIS,TRUE,TRUE,38.083333333333336,0
B4,CC4,sys.5,OR562,OR562,Female,A3,2023-08-08T18:30:00Z,2023-08-09T06:30:00Z,428,12,TRUE,B4|sys.5|CC4,B4|OR562,35.666666666666664,complete_clock_and_animal_span,TRUE,TRUE,TRUE,Active,A2,Female,B4,RES,SIS,TRUE,TRUE,38.083333333333336,-2.4166666666666714
B4,CC4,sys.5,OR562,OR562,Female,A4,2023-08-09T18:30:00Z,2023-08-10T06:30:00Z,318,12,TRUE,B4|sys.5|CC4,B4|OR562,26.5,complete_clock_and_animal_span,TRUE,TRUE,TRUE,Active,A2,Female,B4,RES,SIS,TRUE,TRUE,38.083333333333336,-11.583333333333336
B4,CC4,sys.5,OR562,OR562,Female,A5,2023-08-10T18:30:00Z,2023-08-11T06:30:00Z,232,12,TRUE,B4|sys.5|CC4,B4|OR562,19.333333333333332,complete_clock_and_animal_span,TRUE,TRUE,TRUE,Active,A2,Female,B4,RES,SIS,TRUE,TRUE,38.083333333333336,-18.750000000000004
B4,CC4,sys.5,OR562,OR562,Female,I2,2023-08-07T06:30:00Z,2023-08-07T18:30:00Z,48,12,TRUE,B4|sys.5|CC4,B4|OR562,4,complete_clock_and_animal_span,TRUE,TRUE,TRUE,Inactive,I2,Female,B4,RES,SIS,TRUE,TRUE,4,0
B4,CC4,sys.5,OR562,OR562,Female,I3,2023-08-08T06:30:00Z,2023-08-08T18:30:00Z,129,12,TRUE,B4|sys.5|CC4,B4|OR562,10.75,complete_clock_and_animal_span,TRUE,TRUE,TRUE,Inactive,I2,Female,B4,RES,SIS,TRUE,TRUE,4,6.75
B4,CC4,sys.5,OR562,OR562,Female,I4,2023-08-09T06:30:00Z,2023-08-09T18:30:00Z,128,12,TRUE,B4|sys.5|CC4,B4|OR562,10.666666666666666,complete_clock_and_animal_span,TRUE,TRUE,TRUE,Inactive,I2,Female,B4,RES,SIS,TRUE,TRUE,4,6.666666666666666
B4,CC4,sys.5,OR562,OR562,Female,I5,2023-08-10T06:30:00Z,2023-08-10T18:30:00Z,122,12,TRUE,B4|sys.5|CC4,B4|OR562,10.166666666666666,complete_clock_and_animal_span,TRUE,TRUE,TRUE,Inactive,I2,Female,B4,RES,SIS,TRUE,TRUE,4,6.166666666666666
B6,CC4,sys.1,00675,675,Female,A1,2024-04-19T18:30:00Z,2024-04-20T06:30:00Z,278,12,TRUE,B6|sys.1|CC4,B6|675,23.166666666666668,complete_clock_and_animal_span,TRUE,TRUE,TRUE,Active,A2,Female,B6,RES,SIS,TRUE,TRUE,20.916666666666668,2.25
B6,CC4,sys.1,00675,675,Female,A2,2024-04-20T18:30:00Z,2024-04-21T06:30:00Z,251,12,TRUE,B6|sys.1|CC4,B6|675,20.916666666666668,complete_clock_and_animal_span,TRUE,TRUE,TRUE,Active,A2,Female,B6,RES,SIS,TRUE,TRUE,20.916666666666668,0
B6,CC4,sys.1,00675,675,Female,A3,2024-04-21T18:30:00Z,2024-04-22T06:30:00Z,284,12,TRUE,B6|sys.1|CC4,B6|675,23.666666666666668,complete_clock_and_animal_span,TRUE,TRUE,TRUE,Active,A2,Female,B6,RES,SIS,TRUE,TRUE,20.916666666666668,2.75
B6,CC4,sys.1,00675,675,Female,A4,2024-04-22T18:30:00Z,2024-04-23T06:30:00Z,276,12,TRUE,B6|sys.1|CC4,B6|675,23,complete_clock_and_animal_span,TRUE,TRUE,TRUE,Active,A2,Female,B6,RES,SIS,TRUE,TRUE,20.916666666666668,2.083333333333332
B6,CC4,sys.1,00675,675,Female,A5,2024-04-23T18:30:00Z,2024-04-24T06:30:00Z,278,12,TRUE,B6|sys.1|CC4,B6|675,23.166666666666668,complete_clock_and_animal_span,TRUE,TRUE,TRUE,Active,A2,Female,B6,RES,SIS,TRUE,TRUE,20.916666666666668,2.25
B6,CC4,sys.1,00675,675,Female,I2,2024-04-20T06:30:00Z,2024-04-20T18:30:00Z,54,12,TRUE,B6|sys.1|CC4,B6|675,4.5,complete_clock_and_animal_span,TRUE,TRUE,TRUE,Inactive,I2,Female,B6,RES,SIS,TRUE,TRUE,4.5,0
B6,CC4,sys.1,00675,675,Female,I3,2024-04-21T06:30:00Z,2024-04-21T18:30:00Z,225,12,TRUE,B6|sys.1|CC4,B6|675,18.75,complete_clock_and_animal_span,TRUE,TRUE,TRUE,Inactive,I2,Female,B6,RES,SIS,TRUE,TRUE,4.5,14.25
B6,CC4,sys.1,00675,675,Female,I4,2024-04-22T06:30:00Z,2024-04-22T18:30:00Z,198,12,TRUE,B6|sys.1|CC4,B6|675,16.5,complete_clock_and_animal_span,TRUE,TRUE,TRUE,Inactive,I2,Female,B6,RES,SIS,TRUE,TRUE,4.5,12
B6,CC4,sys.1,00675,675,Female,I5,2024-04-23T06:30:00Z,2024-04-23T18:30:00Z,166,12,TRUE,B6|sys.1|CC4,B6|675,13.833333333333334,complete_clock_and_animal_span,TRUE,TRUE,TRUE,Inactive,I2,Female,B6,RES,SIS,TRUE,TRUE,4.5,9.333333333333334
B6,CC4,sys.1,00692,692,Female,A1,2024-04-19T18:30:00Z,2024-04-20T06:30:00Z,138,12,TRUE,B6|sys.1|CC4,B6|692,11.5,complete_clock_and_animal_span,TRUE,TRUE,TRUE,Active,A2,Female,B6,RES,SIS,TRUE,TRUE,10.083333333333334,1.416666666666666
B6,CC4,sys.1,00692,692,Female,A2,2024-04-20T18:30:00Z,2024-04-21T06:30:00Z,121,12,TRUE,B6|sys.1|CC4,B6|692,10.083333333333334,complete_clock_and_animal_span,TRUE,TRUE,TRUE,Active,A2,Female,B6,RES,SIS,TRUE,TRUE,10.083333333333334,0
B6,CC4,sys.1,00692,692,Female,A3,2024-04-21T18:30:00Z,2024-04-22T06:30:00Z,92,12,TRUE,B6|sys.1|CC4,B6|692,7.666666666666667,complete_clock_and_animal_span,TRUE,TRUE,TRUE,Active,A2,Female,B6,RES,SIS,TRUE,TRUE,10.083333333333334,-2.416666666666667
B6,CC4,sys.1,00692,692,Female,A4,2024-04-22T18:30:00Z,2024-04-23T06:30:00Z,36,12,TRUE,B6|sys.1|CC4,B6|692,3,complete_clock_and_animal_span,TRUE,TRUE,TRUE,Active,A2,Female,B6,RES,SIS,TRUE,TRUE,10.083333333333334,-7.083333333333334
B6,CC4,sys.1,00692,692,Female,A5,2024-04-23T18:30:00Z,2024-04-24T06:30:00Z,122,12,TRUE,B6|sys.1|CC4,B6|692,10.166666666666666,complete_clock_and_animal_span,TRUE,TRUE,TRUE,Active,A2,Female,B6,RES,SIS,TRUE,TRUE,10.083333333333334,0.08333333333333215
B6,CC4,sys.1,00692,692,Female,I2,2024-04-20T06:30:00Z,2024-04-20T18:30:00Z,10,12,TRUE,B6|sys.1|CC4,B6|692,0.8333333333333334,complete_clock_and_animal_span,TRUE,TRUE,TRUE,Inactive,I2,Female,B6,RES,SIS,TRUE,TRUE,0.8333333333333334,0
B6,CC4,sys.1,00692,692,Female,I3,2024-04-21T06:30:00Z,2024-04-21T18:30:00Z,47,12,TRUE,B6|sys.1|CC4,B6|692,3.9166666666666665,complete_clock_and_animal_span,TRUE,TRUE,TRUE,Inactive,I2,Female,B6,RES,SIS,TRUE,TRUE,0.8333333333333334,3.083333333333333
B6,CC4,sys.1,00692,692,Female,I4,2024-04-22T06:30:00Z,2024-04-22T18:30:00Z,18,12,TRUE,B6|sys.1|CC4,B6|692,1.5,complete_clock_and_animal_span,TRUE,TRUE,TRUE,Inactive,I2,Female,B6,RES,SIS,TRUE,TRUE,0.8333333333333334,0.6666666666666666
B6,CC4,sys.1,00692,692,Female,I5,2024-04-23T06:30:00Z,2024-04-23T18:30:00Z,42,12,TRUE,B6|sys.1|CC4,B6|692,3.5,complete_clock_and_animal_span,TRUE,TRUE,TRUE,Inactive,I2,Female,B6,RES,SIS,TRUE,TRUE,0.8333333333333334,2.6666666666666665
B6,CC4,sys.1,00696,696,Female,A1,2024-04-19T18:30:00Z,2024-04-20T06:30:00Z,322,12,TRUE,B6|sys.1|CC4,B6|696,26.833333333333332,complete_clock_and_animal_span,TRUE,TRUE,TRUE,Active,A2,Female,B6,RES,SIS,TRUE,TRUE,21.333333333333332,5.5
B6,CC4,sys.1,00696,696,Female,A2,2024-04-20T18:30:00Z,2024-04-21T06:30:00Z,256,12,TRUE,B6|sys.1|CC4,B6|696,21.333333333333332,complete_clock_and_animal_span,TRUE,TRUE,TRUE,Active,A2,Female,B6,RES,SIS,TRUE,TRUE,21.333333333333332,0
B6,CC4,sys.1,00696,696,Female,A3,2024-04-21T18:30:00Z,2024-04-22T06:30:00Z,208,12,TRUE,B6|sys.1|CC4,B6|696,17.333333333333332,complete_clock_and_animal_span,TRUE,TRUE,TRUE,Active,A2,Female,B6,RES,SIS,TRUE,TRUE,21.333333333333332,-4
B6,CC4,sys.1,00696,696,Female,A4,2024-04-22T18:30:00Z,2024-04-23T06:30:00Z,236,12,TRUE,B6|sys.1|CC4,B6|696,19.666666666666668,complete_clock_and_animal_span,TRUE,TRUE,TRUE,Active,A2,Female,B6,RES,SIS,TRUE,TRUE,21.333333333333332,-1.6666666666666643
B6,CC4,sys.1,00696,696,Female,A5,2024-04-23T18:30:00Z,2024-04-24T06:30:00Z,232,12,TRUE,B6|sys.1|CC4,B6|696,19.333333333333332,complete_clock_and_animal_span,TRUE,TRUE,TRUE,Active,A2,Female,B6,RES,SIS,TRUE,TRUE,21.333333333333332,-2
B6,CC4,sys.1,00696,696,Female,I2,2024-04-20T06:30:00Z,2024-04-20T18:30:00Z,4,12,TRUE,B6|sys.1|CC4,B6|696,0.3333333333333333,complete_clock_and_animal_span,TRUE,TRUE,TRUE,Inactive,I2,Female,B6,RES,SIS,TRUE,TRUE,0.3333333333333333,0
B6,CC4,sys.1,00696,696,Female,I3,2024-04-21T06:30:00Z,2024-04-21T18:30:00Z,118,12,TRUE,B6|sys.1|CC4,B6|696,9.833333333333334,complete_clock_and_animal_span,TRUE,TRUE,TRUE,Inactive,I2,Female,B6,RES,SIS,TRUE,TRUE,0.3333333333333333,9.5
B6,CC4,sys.1,00696,696,Female,I4,2024-04-22T06:30:00Z,2024-04-22T18:30:00Z,72,12,TRUE,B6|sys.1|CC4,B6|696,6,complete_clock_and_animal_span,TRUE,TRUE,TRUE,Inactive,I2,Female,B6,RES,SIS,TRUE,TRUE,0.3333333333333333,5.666666666666667
B6,CC4,sys.1,00696,696,Female,I5,2024-04-23T06:30:00Z,2024-04-23T18:30:00Z,98,12,TRUE,B6|sys.1|CC4,B6|696,8.166666666666666,complete_clock_and_animal_span,TRUE,TRUE,TRUE,Inactive,I2,Female,B6,RES,SIS,TRUE,TRUE,0.3333333333333333,7.833333333333333
B6,CC4,sys.1,OR647,OR647,Female,A1,2024-04-19T18:30:00Z,2024-04-20T06:30:00Z,194,12,TRUE,B6|sys.1|CC4,B6|OR647,16.166666666666668,complete_clock_and_animal_span,TRUE,TRUE,TRUE,Active,A2,Female,B6,RES,SIS,TRUE,TRUE,23.166666666666668,-7
B6,CC4,sys.1,OR647,OR647,Female,A2,2024-04-20T18:30:00Z,2024-04-21T06:30:00Z,278,12,TRUE,B6|sys.1|CC4,B6|OR647,23.166666666666668,complete_clock_and_animal_span,TRUE,TRUE,TRUE,Active,A2,Female,B6,RES,SIS,TRUE,TRUE,23.166666666666668,0
B6,CC4,sys.1,OR647,OR647,Female,A3,2024-04-21T18:30:00Z,2024-04-22T06:30:00Z,194,12,TRUE,B6|sys.1|CC4,B6|OR647,16.166666666666668,complete_clock_and_animal_span,TRUE,TRUE,TRUE,Active,A2,Female,B6,RES,SIS,TRUE,TRUE,23.166666666666668,-7
B6,CC4,sys.1,OR647,OR647,Female,A4,2024-04-22T18:30:00Z,2024-04-23T06:30:00Z,196,12,TRUE,B6|sys.1|CC4,B6|OR647,16.333333333333332,complete_clock_and_animal_span,TRUE,TRUE,TRUE,Active,A2,Female,B6,RES,SIS,TRUE,TRUE,23.166666666666668,-6.833333333333336
B6,CC4,sys.1,OR647,OR647,Female,A5,2024-04-23T18:30:00Z,2024-04-24T06:30:00Z,266,12,TRUE,B6|sys.1|CC4,B6|OR647,22.166666666666668,complete_clock_and_animal_span,TRUE,TRUE,TRUE,Active,A2,Female,B6,RES,SIS,TRUE,TRUE,23.166666666666668,-1
B6,CC4,sys.1,OR647,OR647,Female,I2,2024-04-20T06:30:00Z,2024-04-20T18:30:00Z,12,12,TRUE,B6|sys.1|CC4,B6|OR647,1,complete_clock_and_animal_span,TRUE,TRUE,TRUE,Inactive,I2,Female,B6,RES,SIS,TRUE,TRUE,1,0
B6,CC4,sys.1,OR647,OR647,Female,I3,2024-04-21T06:30:00Z,2024-04-21T18:30:00Z,116,12,TRUE,B6|sys.1|CC4,B6|OR647,9.666666666666666,complete_clock_and_animal_span,TRUE,TRUE,TRUE,Inactive,I2,Female,B6,RES,SIS,TRUE,TRUE,1,8.666666666666666
B6,CC4,sys.1,OR647,OR647,Female,I4,2024-04-22T06:30:00Z,2024-04-22T18:30:00Z,86,12,TRUE,B6|sys.1|CC4,B6|OR647,7.166666666666667,complete_clock_and_animal_span,TRUE,TRUE,TRUE,Inactive,I2,Female,B6,RES,SIS,TRUE,TRUE,1,6.166666666666667
B6,CC4,sys.1,OR647,OR647,Female,I5,2024-04-23T06:30:00Z,2024-04-23T18:30:00Z,76,12,TRUE,B6|sys.1|CC4,B6|OR647,6.333333333333333,complete_clock_and_animal_span,TRUE,TRUE,TRUE,Inactive,I2,Female,B6,RES,SIS,TRUE,TRUE,1,5.333333333333333
B6,CC4,sys.2,00676,676,Female,A1,2024-04-19T18:30:00Z,2024-04-20T06:30:00Z,407,12,TRUE,B6|sys.2|CC4,B6|676,33.916666666666664,complete_clock_and_animal_span,TRUE,TRUE,TRUE,Active,A2,Female,B6,RES,SIS,TRUE,TRUE,36,-2.0833333333333357
B6,CC4,sys.2,00676,676,Female,A2,2024-04-20T18:30:00Z,2024-04-21T06:30:00Z,432,12,TRUE,B6|sys.2|CC4,B6|676,36,complete_clock_and_animal_span,TRUE,TRUE,TRUE,Active,A2,Female,B6,RES,SIS,TRUE,TRUE,36,0
B6,CC4,sys.2,00676,676,Female,A3,2024-04-21T18:30:00Z,2024-04-22T06:30:00Z,288,12,TRUE,B6|sys.2|CC4,B6|676,24,complete_clock_and_animal_span,TRUE,TRUE,TRUE,Active,A2,Female,B6,RES,SIS,TRUE,TRUE,36,-12
B6,CC4,sys.2,00676,676,Female,A4,2024-04-22T18:30:00Z,2024-04-23T06:30:00Z,386,12,TRUE,B6|sys.2|CC4,B6|676,32.166666666666664,complete_clock_and_animal_span,TRUE,TRUE,TRUE,Active,A2,Female,B6,RES,SIS,TRUE,TRUE,36,-3.8333333333333357
B6,CC4,sys.2,00676,676,Female,A5,2024-04-23T18:30:00Z,2024-04-24T06:30:00Z,280,12,TRUE,B6|sys.2|CC4,B6|676,23.333333333333332,complete_clock_and_animal_span,TRUE,TRUE,TRUE,Active,A2,Female,B6,RES,SIS,TRUE,TRUE,36,-12.666666666666668
B6,CC4,sys.2,00676,676,Female,I2,2024-04-20T06:30:00Z,2024-04-20T18:30:00Z,99,12,TRUE,B6|sys.2|CC4,B6|676,8.25,complete_clock_and_animal_span,TRUE,TRUE,TRUE,Inactive,I2,Female,B6,RES,SIS,TRUE,TRUE,8.25,0
B6,CC4,sys.2,00676,676,Female,I3,2024-04-21T06:30:00Z,2024-04-21T18:30:00Z,196,12,TRUE,B6|sys.2|CC4,B6|676,16.333333333333332,complete_clock_and_animal_span,TRUE,TRUE,TRUE,Inactive,I2,Female,B6,RES,SIS,TRUE,TRUE,8.25,8.083333333333332
B6,CC4,sys.2,00676,676,Female,I4,2024-04-22T06:30:00Z,2024-04-22T18:30:00Z,194,12,TRUE,B6|sys.2|CC4,B6|676,16.166666666666668,complete_clock_and_animal_span,TRUE,TRUE,TRUE,Inactive,I2,Female,B6,RES,SIS,TRUE,TRUE,8.25,7.916666666666668
B6,CC4,sys.2,00676,676,Female,I5,2024-04-23T06:30:00Z,2024-04-23T18:30:00Z,212,12,TRUE,B6|sys.2|CC4,B6|676,17.666666666666668,complete_clock_and_animal_span,TRUE,TRUE,TRUE,Inactive,I2,Female,B6,RES,SIS,TRUE,TRUE,8.25,9.416666666666668
B6,CC4,sys.2,00693,693,Female,A1,2024-04-19T18:30:00Z,2024-04-20T06:30:00Z,293,12,TRUE,B6|sys.2|CC4,B6|693,24.416666666666668,complete_clock_and_animal_span,TRUE,TRUE,TRUE,Active,A2,Female,B6,RES,SIS,TRUE,TRUE,29.666666666666668,-5.25
B6,CC4,sys.2,00693,693,Female,A2,2024-04-20T18:30:00Z,2024-04-21T06:30:00Z,356,12,TRUE,B6|sys.2|CC4,B6|693,29.666666666666668,complete_clock_and_animal_span,TRUE,TRUE,TRUE,Active,A2,Female,B6,RES,SIS,TRUE,TRUE,29.666666666666668,0
B6,CC4,sys.2,00693,693,Female,A3,2024-04-21T18:30:00Z,2024-04-22T06:30:00Z,185,12,TRUE,B6|sys.2|CC4,B6|693,15.416666666666666,complete_clock_and_animal_span,TRUE,TRUE,TRUE,Active,A2,Female,B6,RES,SIS,TRUE,TRUE,29.666666666666668,-14.250000000000002
B6,CC4,sys.2,00693,693,Female,A4,2024-04-22T18:30:00Z,2024-04-23T06:30:00Z,225,12,TRUE,B6|sys.2|CC4,B6|693,18.75,complete_clock_and_animal_span,TRUE,TRUE,TRUE,Active,A2,Female,B6,RES,SIS,TRUE,TRUE,29.666666666666668,-10.916666666666668
B6,CC4,sys.2,00693,693,Female,A5,2024-04-23T18:30:00Z,2024-04-24T06:30:00Z,198,12,TRUE,B6|sys.2|CC4,B6|693,16.5,complete_clock_and_animal_span,TRUE,TRUE,TRUE,Active,A2,Female,B6,RES,SIS,TRUE,TRUE,29.666666666666668,-13.166666666666668
B6,CC4,sys.2,00693,693,Female,I2,2024-04-20T06:30:00Z,2024-04-20T18:30:00Z,33,12,TRUE,B6|sys.2|CC4,B6|693,2.75,complete_clock_and_animal_span,TRUE,TRUE,TRUE,Inactive,I2,Female,B6,RES,SIS,TRUE,TRUE,2.75,0
B6,CC4,sys.2,00693,693,Female,I3,2024-04-21T06:30:00Z,2024-04-21T18:30:00Z,164,12,TRUE,B6|sys.2|CC4,B6|693,13.666666666666666,complete_clock_and_animal_span,TRUE,TRUE,TRUE,Inactive,I2,Female,B6,RES,SIS,TRUE,TRUE,2.75,10.916666666666666
B6,CC4,sys.2,00693,693,Female,I4,2024-04-22T06:30:00Z,2024-04-22T18:30:00Z,84,12,TRUE,B6|sys.2|CC4,B6|693,7,complete_clock_and_animal_span,TRUE,TRUE,TRUE,Inactive,I2,Female,B6,RES,SIS,TRUE,TRUE,2.75,4.25
B6,CC4,sys.2,00693,693,Female,I5,2024-04-23T06:30:00Z,2024-04-23T18:30:00Z,108,12,TRUE,B6|sys.2|CC4,B6|693,9,complete_clock_and_animal_span,TRUE,TRUE,TRUE,Inactive,I2,Female,B6,RES,SIS,TRUE,TRUE,2.75,6.25
B6,CC4,sys.2,00695,695,Female,A1,2024-04-19T18:30:00Z,2024-04-20T06:30:00Z,220,12,TRUE,B6|sys.2|CC4,B6|695,18.333333333333332,complete_clock_and_animal_span,TRUE,TRUE,TRUE,Active,A2,Female,B6,RES,SIS,TRUE,TRUE,19.5,-1.1666666666666679
B6,CC4,sys.2,00695,695,Female,A2,2024-04-20T18:30:00Z,2024-04-21T06:30:00Z,234,12,TRUE,B6|sys.2|CC4,B6|695,19.5,complete_clock_and_animal_span,TRUE,TRUE,TRUE,Active,A2,Female,B6,RES,SIS,TRUE,TRUE,19.5,0
B6,CC4,sys.2,00695,695,Female,A3,2024-04-21T18:30:00Z,2024-04-22T06:30:00Z,158,12,TRUE,B6|sys.2|CC4,B6|695,13.166666666666666,complete_clock_and_animal_span,TRUE,TRUE,TRUE,Active,A2,Female,B6,RES,SIS,TRUE,TRUE,19.5,-6.333333333333334
B6,CC4,sys.2,00695,695,Female,A4,2024-04-22T18:30:00Z,2024-04-23T06:30:00Z,186,12,TRUE,B6|sys.2|CC4,B6|695,15.5,complete_clock_and_animal_span,TRUE,TRUE,TRUE,Active,A2,Female,B6,RES,SIS,TRUE,TRUE,19.5,-4
B6,CC4,sys.2,00695,695,Female,A5,2024-04-23T18:30:00Z,2024-04-24T06:30:00Z,162,12,TRUE,B6|sys.2|CC4,B6|695,13.5,complete_clock_and_animal_span,TRUE,TRUE,TRUE,Active,A2,Female,B6,RES,SIS,TRUE,TRUE,19.5,-6
B6,CC4,sys.2,00695,695,Female,I2,2024-04-20T06:30:00Z,2024-04-20T18:30:00Z,36,12,TRUE,B6|sys.2|CC4,B6|695,3,complete_clock_and_animal_span,TRUE,TRUE,TRUE,Inactive,I2,Female,B6,RES,SIS,TRUE,TRUE,3,0
B6,CC4,sys.2,00695,695,Female,I3,2024-04-21T06:30:00Z,2024-04-21T18:30:00Z,182,12,TRUE,B6|sys.2|CC4,B6|695,15.166666666666666,complete_clock_and_animal_span,TRUE,TRUE,TRUE,Inactive,I2,Female,B6,RES,SIS,TRUE,TRUE,3,12.166666666666666
B6,CC4,sys.2,00695,695,Female,I4,2024-04-22T06:30:00Z,2024-04-22T18:30:00Z,104,12,TRUE,B6|sys.2|CC4,B6|695,8.666666666666666,complete_clock_and_animal_span,TRUE,TRUE,TRUE,Inactive,I2,Female,B6,RES,SIS,TRUE,TRUE,3,5.666666666666666
B6,CC4,sys.2,00695,695,Female,I5,2024-04-23T06:30:00Z,2024-04-23T18:30:00Z,142,12,TRUE,B6|sys.2|CC4,B6|695,11.833333333333334,complete_clock_and_animal_span,TRUE,TRUE,TRUE,Inactive,I2,Female,B6,RES,SIS,TRUE,TRUE,3,8.833333333333334
B6,CC4,sys.3,OR639,OR639,Female,A1,2024-04-19T18:30:00Z,2024-04-20T06:30:00Z,460,12,TRUE,B6|sys.3|CC4,B6|OR639,38.333333333333336,complete_clock_and_animal_span,TRUE,TRUE,TRUE,Active,A2,Female,B6,CON,CON,TRUE,TRUE,26.833333333333332,11.500000000000004
B6,CC4,sys.3,OR639,OR639,Female,A2,2024-04-20T18:30:00Z,2024-04-21T06:30:00Z,322,12,TRUE,B6|sys.3|CC4,B6|OR639,26.833333333333332,complete_clock_and_animal_span,TRUE,TRUE,TRUE,Active,A2,Female,B6,CON,CON,TRUE,TRUE,26.833333333333332,0
B6,CC4,sys.3,OR639,OR639,Female,A3,2024-04-21T18:30:00Z,2024-04-22T06:30:00Z,366,12,TRUE,B6|sys.3|CC4,B6|OR639,30.5,complete_clock_and_animal_span,TRUE,TRUE,TRUE,Active,A2,Female,B6,CON,CON,TRUE,TRUE,26.833333333333332,3.666666666666668
B6,CC4,sys.3,OR639,OR639,Female,A4,2024-04-22T18:30:00Z,2024-04-23T06:30:00Z,408,12,TRUE,B6|sys.3|CC4,B6|OR639,34,complete_clock_and_animal_span,TRUE,TRUE,TRUE,Active,A2,Female,B6,CON,CON,TRUE,TRUE,26.833333333333332,7.166666666666668
B6,CC4,sys.3,OR639,OR639,Female,A5,2024-04-23T18:30:00Z,2024-04-24T06:30:00Z,469,12,TRUE,B6|sys.3|CC4,B6|OR639,39.083333333333336,complete_clock_and_animal_span,TRUE,TRUE,TRUE,Active,A2,Female,B6,CON,CON,TRUE,TRUE,26.833333333333332,12.250000000000004
B6,CC4,sys.3,OR639,OR639,Female,I2,2024-04-20T06:30:00Z,2024-04-20T18:30:00Z,0,12,TRUE,B6|sys.3|CC4,B6|OR639,0,complete_clock_and_animal_span,TRUE,TRUE,TRUE,Inactive,I2,Female,B6,CON,CON,TRUE,TRUE,0,0
B6,CC4,sys.3,OR639,OR639,Female,I3,2024-04-21T06:30:00Z,2024-04-21T18:30:00Z,18,12,TRUE,B6|sys.3|CC4,B6|OR639,1.5,complete_clock_and_animal_span,TRUE,TRUE,TRUE,Inactive,I2,Female,B6,CON,CON,TRUE,TRUE,0,1.5
B6,CC4,sys.3,OR639,OR639,Female,I4,2024-04-22T06:30:00Z,2024-04-22T18:30:00Z,18,12,TRUE,B6|sys.3|CC4,B6|OR639,1.5,complete_clock_and_animal_span,TRUE,TRUE,TRUE,Inactive,I2,Female,B6,CON,CON,TRUE,TRUE,0,1.5
B6,CC4,sys.3,OR639,OR639,Female,I5,2024-04-23T06:30:00Z,2024-04-23T18:30:00Z,10,12,TRUE,B6|sys.3|CC4,B6|OR639,0.8333333333333334,complete_clock_and_animal_span,TRUE,TRUE,TRUE,Inactive,I2,Female,B6,CON,CON,TRUE,TRUE,0,0.8333333333333334
B6,CC4,sys.3,OR643,OR643,Female,A1,2024-04-19T18:30:00Z,2024-04-20T06:30:00Z,354,12,TRUE,B6|sys.3|CC4,B6|OR643,29.5,complete_clock_and_animal_span,TRUE,TRUE,TRUE,Active,A2,Female,B6,CON,CON,TRUE,TRUE,24.5,5
B6,CC4,sys.3,OR643,OR643,Female,A2,2024-04-20T18:30:00Z,2024-04-21T06:30:00Z,294,12,TRUE,B6|sys.3|CC4,B6|OR643,24.5,complete_clock_and_animal_span,TRUE,TRUE,TRUE,Active,A2,Female,B6,CON,CON,TRUE,TRUE,24.5,0
B6,CC4,sys.3,OR643,OR643,Female,A3,2024-04-21T18:30:00Z,2024-04-22T06:30:00Z,242,12,TRUE,B6|sys.3|CC4,B6|OR643,20.166666666666668,complete_clock_and_animal_span,TRUE,TRUE,TRUE,Active,A2,Female,B6,CON,CON,TRUE,TRUE,24.5,-4.333333333333332
B6,CC4,sys.3,OR643,OR643,Female,A4,2024-04-22T18:30:00Z,2024-04-23T06:30:00Z,260,12,TRUE,B6|sys.3|CC4,B6|OR643,21.666666666666668,complete_clock_and_animal_span,TRUE,TRUE,TRUE,Active,A2,Female,B6,CON,CON,TRUE,TRUE,24.5,-2.833333333333332
B6,CC4,sys.3,OR643,OR643,Female,A5,2024-04-23T18:30:00Z,2024-04-24T06:30:00Z,284,12,TRUE,B6|sys.3|CC4,B6|OR643,23.666666666666668,complete_clock_and_animal_span,TRUE,TRUE,TRUE,Active,A2,Female,B6,CON,CON,TRUE,TRUE,24.5,-0.8333333333333321
B6,CC4,sys.3,OR643,OR643,Female,I2,2024-04-20T06:30:00Z,2024-04-20T18:30:00Z,26,12,TRUE,B6|sys.3|CC4,B6|OR643,2.1666666666666665,complete_clock_and_animal_span,TRUE,TRUE,TRUE,Inactive,I2,Female,B6,CON,CON,TRUE,TRUE,2.1666666666666665,0
B6,CC4,sys.3,OR643,OR643,Female,I3,2024-04-21T06:30:00Z,2024-04-21T18:30:00Z,46,12,TRUE,B6|sys.3|CC4,B6|OR643,3.8333333333333335,complete_clock_and_animal_span,TRUE,TRUE,TRUE,Inactive,I2,Female,B6,CON,CON,TRUE,TRUE,2.1666666666666665,1.666666666666667
B6,CC4,sys.3,OR643,OR643,Female,I4,2024-04-22T06:30:00Z,2024-04-22T18:30:00Z,66,12,TRUE,B6|sys.3|CC4,B6|OR643,5.5,complete_clock_and_animal_span,TRUE,TRUE,TRUE,Inactive,I2,Female,B6,CON,CON,TRUE,TRUE,2.1666666666666665,3.3333333333333335
B6,CC4,sys.3,OR643,OR643,Female,I5,2024-04-23T06:30:00Z,2024-04-23T18:30:00Z,62,12,TRUE,B6|sys.3|CC4,B6|OR643,5.166666666666667,complete_clock_and_animal_span,TRUE,TRUE,TRUE,Inactive,I2,Female,B6,CON,CON,TRUE,TRUE,2.1666666666666665,3.0000000000000004
B6,CC4,sys.3,OR644,OR644,Female,A1,2024-04-19T18:30:00Z,2024-04-20T06:30:00Z,326,12,TRUE,B6|sys.3|CC4,B6|OR644,27.166666666666668,complete_clock_and_animal_span,TRUE,TRUE,TRUE,Active,A2,Female,B6,CON,CON,TRUE,TRUE,24.833333333333332,2.3333333333333357
B6,CC4,sys.3,OR644,OR644,Female,A2,2024-04-20T18:30:00Z,2024-04-21T06:30:00Z,298,12,TRUE,B6|sys.3|CC4,B6|OR644,24.833333333333332,complete_clock_and_animal_span,TRUE,TRUE,TRUE,Active,A2,Female,B6,CON,CON,TRUE,TRUE,24.833333333333332,0
B6,CC4,sys.3,OR644,OR644,Female,A3,2024-04-21T18:30:00Z,2024-04-22T06:30:00Z,298,12,TRUE,B6|sys.3|CC4,B6|OR644,24.833333333333332,complete_clock_and_animal_span,TRUE,TRUE,TRUE,Active,A2,Female,B6,CON,CON,TRUE,TRUE,24.833333333333332,0
B6,CC4,sys.3,OR644,OR644,Female,A4,2024-04-22T18:30:00Z,2024-04-23T06:30:00Z,297,12,TRUE,B6|sys.3|CC4,B6|OR644,24.75,complete_clock_and_animal_span,TRUE,TRUE,TRUE,Active,A2,Female,B6,CON,CON,TRUE,TRUE,24.833333333333332,-0.08333333333333215
B6,CC4,sys.3,OR644,OR644,Female,A5,2024-04-23T18:30:00Z,2024-04-24T06:30:00Z,436,12,TRUE,B6|sys.3|CC4,B6|OR644,36.333333333333336,complete_clock_and_animal_span,TRUE,TRUE,TRUE,Active,A2,Female,B6,CON,CON,TRUE,TRUE,24.833333333333332,11.500000000000004
B6,CC4,sys.3,OR644,OR644,Female,I2,2024-04-20T06:30:00Z,2024-04-20T18:30:00Z,12,12,TRUE,B6|sys.3|CC4,B6|OR644,1,complete_clock_and_animal_span,TRUE,TRUE,TRUE,Inactive,I2,Female,B6,CON,CON,TRUE,TRUE,1,0
B6,CC4,sys.3,OR644,OR644,Female,I3,2024-04-21T06:30:00Z,2024-04-21T18:30:00Z,76,12,TRUE,B6|sys.3|CC4,B6|OR644,6.333333333333333,complete_clock_and_animal_span,TRUE,TRUE,TRUE,Inactive,I2,Female,B6,CON,CON,TRUE,TRUE,1,5.333333333333333
B6,CC4,sys.3,OR644,OR644,Female,I4,2024-04-22T06:30:00Z,2024-04-22T18:30:00Z,18,12,TRUE,B6|sys.3|CC4,B6|OR644,1.5,complete_clock_and_animal_span,TRUE,TRUE,TRUE,Inactive,I2,Female,B6,CON,CON,TRUE,TRUE,1,0.5
B6,CC4,sys.3,OR644,OR644,Female,I5,2024-04-23T06:30:00Z,2024-04-23T18:30:00Z,63,12,TRUE,B6|sys.3|CC4,B6|OR644,5.25,complete_clock_and_animal_span,TRUE,TRUE,TRUE,Inactive,I2,Female,B6,CON,CON,TRUE,TRUE,1,4.25
B6,CC4,sys.3,OR645,OR645,Female,A1,2024-04-19T18:30:00Z,2024-04-20T06:30:00Z,515,12,TRUE,B6|sys.3|CC4,B6|OR645,42.916666666666664,complete_clock_and_animal_span,TRUE,TRUE,TRUE,Active,A2,Female,B6,CON,CON,TRUE,TRUE,27.333333333333332,15.583333333333332
B6,CC4,sys.3,OR645,OR645,Female,A2,2024-04-20T18:30:00Z,2024-04-21T06:30:00Z,328,12,TRUE,B6|sys.3|CC4,B6|OR645,27.333333333333332,complete_clock_and_animal_span,TRUE,TRUE,TRUE,Active,A2,Female,B6,CON,CON,TRUE,TRUE,27.333333333333332,0
B6,CC4,sys.3,OR645,OR645,Female,A3,2024-04-21T18:30:00Z,2024-04-22T06:30:00Z,310,12,TRUE,B6|sys.3|CC4,B6|OR645,25.833333333333332,complete_clock_and_animal_span,TRUE,TRUE,TRUE,Active,A2,Female,B6,CON,CON,TRUE,TRUE,27.333333333333332,-1.5
B6,CC4,sys.3,OR645,OR645,Female,A4,2024-04-22T18:30:00Z,2024-04-23T06:30:00Z,294,12,TRUE,B6|sys.3|CC4,B6|OR645,24.5,complete_clock_and_animal_span,TRUE,TRUE,TRUE,Active,A2,Female,B6,CON,CON,TRUE,TRUE,27.333333333333332,-2.833333333333332
B6,CC4,sys.3,OR645,OR645,Female,A5,2024-04-23T18:30:00Z,2024-04-24T06:30:00Z,414,12,TRUE,B6|sys.3|CC4,B6|OR645,34.5,complete_clock_and_animal_span,TRUE,TRUE,TRUE,Active,A2,Female,B6,CON,CON,TRUE,TRUE,27.333333333333332,7.166666666666668
B6,CC4,sys.3,OR645,OR645,Female,I2,2024-04-20T06:30:00Z,2024-04-20T18:30:00Z,11,12,TRUE,B6|sys.3|CC4,B6|OR645,0.9166666666666666,complete_clock_and_animal_span,TRUE,TRUE,TRUE,Inactive,I2,Female,B6,CON,CON,TRUE,TRUE,0.9166666666666666,0
B6,CC4,sys.3,OR645,OR645,Female,I3,2024-04-21T06:30:00Z,2024-04-21T18:30:00Z,122,12,TRUE,B6|sys.3|CC4,B6|OR645,10.166666666666666,complete_clock_and_animal_span,TRUE,TRUE,TRUE,Inactive,I2,Female,B6,CON,CON,TRUE,TRUE,0.9166666666666666,9.25
B6,CC4,sys.3,OR645,OR645,Female,I4,2024-04-22T06:30:00Z,2024-04-22T18:30:00Z,64,12,TRUE,B6|sys.3|CC4,B6|OR645,5.333333333333333,complete_clock_and_animal_span,TRUE,TRUE,TRUE,Inactive,I2,Female,B6,CON,CON,TRUE,TRUE,0.9166666666666666,4.416666666666666
B6,CC4,sys.3,OR645,OR645,Female,I5,2024-04-23T06:30:00Z,2024-04-23T18:30:00Z,56,12,TRUE,B6|sys.3|CC4,B6|OR645,4.666666666666667,complete_clock_and_animal_span,TRUE,TRUE,TRUE,Inactive,I2,Female,B6,CON,CON,TRUE,TRUE,0.9166666666666666,3.7500000000000004
B6,CC4,sys.4,00654,654,Female,A1,2024-04-19T18:30:00Z,2024-04-20T06:30:00Z,586,12,TRUE,B6|sys.4|CC4,B6|654,48.833333333333336,complete_clock_and_animal_span,TRUE,TRUE,TRUE,Active,A2,Female,B6,RES,SIS,TRUE,TRUE,31.666666666666668,17.166666666666668
B6,CC4,sys.4,00654,654,Female,A2,2024-04-20T18:30:00Z,2024-04-21T06:30:00Z,380,12,TRUE,B6|sys.4|CC4,B6|654,31.666666666666668,complete_clock_and_animal_span,TRUE,TRUE,TRUE,Active,A2,Female,B6,RES,SIS,TRUE,TRUE,31.666666666666668,0
B6,CC4,sys.4,00654,654,Female,A3,2024-04-21T18:30:00Z,2024-04-22T06:30:00Z,333,12,TRUE,B6|sys.4|CC4,B6|654,27.75,complete_clock_and_animal_span,TRUE,TRUE,TRUE,Active,A2,Female,B6,RES,SIS,TRUE,TRUE,31.666666666666668,-3.916666666666668
B6,CC4,sys.4,00654,654,Female,A4,2024-04-22T18:30:00Z,2024-04-23T06:30:00Z,328,12,TRUE,B6|sys.4|CC4,B6|654,27.333333333333332,complete_clock_and_animal_span,TRUE,TRUE,TRUE,Active,A2,Female,B6,RES,SIS,TRUE,TRUE,31.666666666666668,-4.333333333333336
B6,CC4,sys.4,00654,654,Female,A5,2024-04-23T18:30:00Z,2024-04-24T06:30:00Z,316,12,TRUE,B6|sys.4|CC4,B6|654,26.333333333333332,complete_clock_and_animal_span,TRUE,TRUE,TRUE,Active,A2,Female,B6,RES,SIS,TRUE,TRUE,31.666666666666668,-5.333333333333336
B6,CC4,sys.4,00654,654,Female,I2,2024-04-20T06:30:00Z,2024-04-20T18:30:00Z,18,12,TRUE,B6|sys.4|CC4,B6|654,1.5,complete_clock_and_animal_span,TRUE,TRUE,TRUE,Inactive,I2,Female,B6,RES,SIS,TRUE,TRUE,1.5,0
B6,CC4,sys.4,00654,654,Female,I3,2024-04-21T06:30:00Z,2024-04-21T18:30:00Z,86,12,TRUE,B6|sys.4|CC4,B6|654,7.166666666666667,complete_clock_and_animal_span,TRUE,TRUE,TRUE,Inactive,I2,Female,B6,RES,SIS,TRUE,TRUE,1.5,5.666666666666667
B6,CC4,sys.4,00654,654,Female,I4,2024-04-22T06:30:00Z,2024-04-22T18:30:00Z,99,12,TRUE,B6|sys.4|CC4,B6|654,8.25,complete_clock_and_animal_span,TRUE,TRUE,TRUE,Inactive,I2,Female,B6,RES,SIS,TRUE,TRUE,1.5,6.75
B6,CC4,sys.4,00654,654,Female,I5,2024-04-23T06:30:00Z,2024-04-23T18:30:00Z,94,12,TRUE,B6|sys.4|CC4,B6|654,7.833333333333333,complete_clock_and_animal_span,TRUE,TRUE,TRUE,Inactive,I2,Female,B6,RES,SIS,TRUE,TRUE,1.5,6.333333333333333
B6,CC4,sys.4,00656,656,Female,A1,2024-04-19T18:30:00Z,2024-04-20T06:30:00Z,524,12,TRUE,B6|sys.4|CC4,B6|656,43.666666666666664,complete_clock_and_animal_span,TRUE,TRUE,TRUE,Active,A2,Female,B6,SUS,SIS,TRUE,TRUE,40.333333333333336,3.3333333333333286
B6,CC4,sys.4,00656,656,Female,A2,2024-04-20T18:30:00Z,2024-04-21T06:30:00Z,484,12,TRUE,B6|sys.4|CC4,B6|656,40.333333333333336,complete_clock_and_animal_span,TRUE,TRUE,TRUE,Active,A2,Female,B6,SUS,SIS,TRUE,TRUE,40.333333333333336,0
B6,CC4,sys.4,00656,656,Female,A3,2024-04-21T18:30:00Z,2024-04-22T06:30:00Z,385,12,TRUE,B6|sys.4|CC4,B6|656,32.083333333333336,complete_clock_and_animal_span,TRUE,TRUE,TRUE,Active,A2,Female,B6,SUS,SIS,TRUE,TRUE,40.333333333333336,-8.25
B6,CC4,sys.4,00656,656,Female,A4,2024-04-22T18:30:00Z,2024-04-23T06:30:00Z,392,12,TRUE,B6|sys.4|CC4,B6|656,32.666666666666664,complete_clock_and_animal_span,TRUE,TRUE,TRUE,Active,A2,Female,B6,SUS,SIS,TRUE,TRUE,40.333333333333336,-7.666666666666671
B6,CC4,sys.4,00656,656,Female,A5,2024-04-23T18:30:00Z,2024-04-24T06:30:00Z,388,12,TRUE,B6|sys.4|CC4,B6|656,32.333333333333336,complete_clock_and_animal_span,TRUE,TRUE,TRUE,Active,A2,Female,B6,SUS,SIS,TRUE,TRUE,40.333333333333336,-8
B6,CC4,sys.4,00656,656,Female,I2,2024-04-20T06:30:00Z,2024-04-20T18:30:00Z,70,12,TRUE,B6|sys.4|CC4,B6|656,5.833333333333333,complete_clock_and_animal_span,TRUE,TRUE,TRUE,Inactive,I2,Female,B6,SUS,SIS,TRUE,TRUE,5.833333333333333,0
B6,CC4,sys.4,00656,656,Female,I3,2024-04-21T06:30:00Z,2024-04-21T18:30:00Z,228,12,TRUE,B6|sys.4|CC4,B6|656,19,complete_clock_and_animal_span,TRUE,TRUE,TRUE,Inactive,I2,Female,B6,SUS,SIS,TRUE,TRUE,5.833333333333333,13.166666666666668
B6,CC4,sys.4,00656,656,Female,I4,2024-04-22T06:30:00Z,2024-04-22T18:30:00Z,163,12,TRUE,B6|sys.4|CC4,B6|656,13.583333333333334,complete_clock_and_animal_span,TRUE,TRUE,TRUE,Inactive,I2,Female,B6,SUS,SIS,TRUE,TRUE,5.833333333333333,7.750000000000001
B6,CC4,sys.4,00656,656,Female,I5,2024-04-23T06:30:00Z,2024-04-23T18:30:00Z,190,12,TRUE,B6|sys.4|CC4,B6|656,15.833333333333334,complete_clock_and_animal_span,TRUE,TRUE,TRUE,Inactive,I2,Female,B6,SUS,SIS,TRUE,TRUE,5.833333333333333,10
B6,CC4,sys.4,00662,662,Female,A1,2024-04-19T18:30:00Z,2024-04-20T06:30:00Z,381,12,TRUE,B6|sys.4|CC4,B6|662,31.75,complete_clock_and_animal_span,TRUE,TRUE,TRUE,Active,A2,Female,B6,SUS,SIS,TRUE,TRUE,27.5,4.25
B6,CC4,sys.4,00662,662,Female,A2,2024-04-20T18:30:00Z,2024-04-21T06:30:00Z,330,12,TRUE,B6|sys.4|CC4,B6|662,27.5,complete_clock_and_animal_span,TRUE,TRUE,TRUE,Active,A2,Female,B6,SUS,SIS,TRUE,TRUE,27.5,0
B6,CC4,sys.4,00662,662,Female,A3,2024-04-21T18:30:00Z,2024-04-22T06:30:00Z,228,12,TRUE,B6|sys.4|CC4,B6|662,19,complete_clock_and_animal_span,TRUE,TRUE,TRUE,Active,A2,Female,B6,SUS,SIS,TRUE,TRUE,27.5,-8.5
B6,CC4,sys.4,00662,662,Female,A4,2024-04-22T18:30:00Z,2024-04-23T06:30:00Z,208,12,TRUE,B6|sys.4|CC4,B6|662,17.333333333333332,complete_clock_and_animal_span,TRUE,TRUE,TRUE,Active,A2,Female,B6,SUS,SIS,TRUE,TRUE,27.5,-10.166666666666668
B6,CC4,sys.4,00662,662,Female,A5,2024-04-23T18:30:00Z,2024-04-24T06:30:00Z,240,12,TRUE,B6|sys.4|CC4,B6|662,20,complete_clock_and_animal_span,TRUE,TRUE,TRUE,Active,A2,Female,B6,SUS,SIS,TRUE,TRUE,27.5,-7.5
B6,CC4,sys.4,00662,662,Female,I2,2024-04-20T06:30:00Z,2024-04-20T18:30:00Z,17,12,TRUE,B6|sys.4|CC4,B6|662,1.4166666666666667,complete_clock_and_animal_span,TRUE,TRUE,TRUE,Inactive,I2,Female,B6,SUS,SIS,TRUE,TRUE,1.4166666666666667,0
B6,CC4,sys.4,00662,662,Female,I3,2024-04-21T06:30:00Z,2024-04-21T18:30:00Z,114,12,TRUE,B6|sys.4|CC4,B6|662,9.5,complete_clock_and_animal_span,TRUE,TRUE,TRUE,Inactive,I2,Female,B6,SUS,SIS,TRUE,TRUE,1.4166666666666667,8.083333333333334
B6,CC4,sys.4,00662,662,Female,I4,2024-04-22T06:30:00Z,2024-04-22T18:30:00Z,98,12,TRUE,B6|sys.4|CC4,B6|662,8.166666666666666,complete_clock_and_animal_span,TRUE,TRUE,TRUE,Inactive,I2,Female,B6,SUS,SIS,TRUE,TRUE,1.4166666666666667,6.749999999999999
B6,CC4,sys.4,00662,662,Female,I5,2024-04-23T06:30:00Z,2024-04-23T18:30:00Z,34,12,TRUE,B6|sys.4|CC4,B6|662,2.8333333333333335,complete_clock_and_animal_span,TRUE,TRUE,TRUE,Inactive,I2,Female,B6,SUS,SIS,TRUE,TRUE,1.4166666666666667,1.4166666666666667
B6,CC4,sys.4,00691,691,Female,A1,2024-04-19T18:30:00Z,2024-04-20T06:30:00Z,316,12,TRUE,B6|sys.4|CC4,B6|691,26.333333333333332,complete_clock_and_animal_span,TRUE,TRUE,TRUE,Active,A2,Female,B6,RES,SIS,TRUE,TRUE,17.666666666666668,8.666666666666664
B6,CC4,sys.4,00691,691,Female,A2,2024-04-20T18:30:00Z,2024-04-21T06:30:00Z,212,12,TRUE,B6|sys.4|CC4,B6|691,17.666666666666668,complete_clock_and_animal_span,TRUE,TRUE,TRUE,Active,A2,Female,B6,RES,SIS,TRUE,TRUE,17.666666666666668,0
B6,CC4,sys.4,00691,691,Female,A3,2024-04-21T18:30:00Z,2024-04-22T06:30:00Z,193,12,TRUE,B6|sys.4|CC4,B6|691,16.083333333333332,complete_clock_and_animal_span,TRUE,TRUE,TRUE,Active,A2,Female,B6,RES,SIS,TRUE,TRUE,17.666666666666668,-1.5833333333333357
B6,CC4,sys.4,00691,691,Female,A4,2024-04-22T18:30:00Z,2024-04-23T06:30:00Z,209,12,TRUE,B6|sys.4|CC4,B6|691,17.416666666666668,complete_clock_and_animal_span,TRUE,TRUE,TRUE,Active,A2,Female,B6,RES,SIS,TRUE,TRUE,17.666666666666668,-0.25
B6,CC4,sys.4,00691,691,Female,A5,2024-04-23T18:30:00Z,2024-04-24T06:30:00Z,311,12,TRUE,B6|sys.4|CC4,B6|691,25.916666666666668,complete_clock_and_animal_span,TRUE,TRUE,TRUE,Active,A2,Female,B6,RES,SIS,TRUE,TRUE,17.666666666666668,8.25
B6,CC4,sys.4,00691,691,Female,I2,2024-04-20T06:30:00Z,2024-04-20T18:30:00Z,16,12,TRUE,B6|sys.4|CC4,B6|691,1.3333333333333333,complete_clock_and_animal_span,TRUE,TRUE,TRUE,Inactive,I2,Female,B6,RES,SIS,TRUE,TRUE,1.3333333333333333,0
B6,CC4,sys.4,00691,691,Female,I3,2024-04-21T06:30:00Z,2024-04-21T18:30:00Z,76,12,TRUE,B6|sys.4|CC4,B6|691,6.333333333333333,complete_clock_and_animal_span,TRUE,TRUE,TRUE,Inactive,I2,Female,B6,RES,SIS,TRUE,TRUE,1.3333333333333333,5
B6,CC4,sys.4,00691,691,Female,I4,2024-04-22T06:30:00Z,2024-04-22T18:30:00Z,65,12,TRUE,B6|sys.4|CC4,B6|691,5.416666666666667,complete_clock_and_animal_span,TRUE,TRUE,TRUE,Inactive,I2,Female,B6,RES,SIS,TRUE,TRUE,1.3333333333333333,4.083333333333334
B6,CC4,sys.4,00691,691,Female,I5,2024-04-23T06:30:00Z,2024-04-23T18:30:00Z,57,12,TRUE,B6|sys.4|CC4,B6|691,4.75,complete_clock_and_animal_span,TRUE,TRUE,TRUE,Inactive,I2,Female,B6,RES,SIS,TRUE,TRUE,1.3333333333333333,3.416666666666667
B6,CC4,sys.5,00663,663,Female,A1,2024-04-19T18:30:00Z,2024-04-20T06:30:00Z,138,12,TRUE,B6|sys.5|CC4,B6|663,11.5,complete_clock_and_animal_span,TRUE,TRUE,TRUE,Active,A2,Female,B6,SUS,SIS,TRUE,TRUE,13.333333333333334,-1.833333333333334
B6,CC4,sys.5,00663,663,Female,A2,2024-04-20T18:30:00Z,2024-04-21T06:30:00Z,160,12,TRUE,B6|sys.5|CC4,B6|663,13.333333333333334,complete_clock_and_animal_span,TRUE,TRUE,TRUE,Active,A2,Female,B6,SUS,SIS,TRUE,TRUE,13.333333333333334,0
B6,CC4,sys.5,00663,663,Female,A3,2024-04-21T18:30:00Z,2024-04-22T06:30:00Z,152,12,TRUE,B6|sys.5|CC4,B6|663,12.666666666666666,complete_clock_and_animal_span,TRUE,TRUE,TRUE,Active,A2,Female,B6,SUS,SIS,TRUE,TRUE,13.333333333333334,-0.6666666666666679
B6,CC4,sys.5,00663,663,Female,A4,2024-04-22T18:30:00Z,2024-04-23T06:30:00Z,160,12,TRUE,B6|sys.5|CC4,B6|663,13.333333333333334,complete_clock_and_animal_span,TRUE,TRUE,TRUE,Active,A2,Female,B6,SUS,SIS,TRUE,TRUE,13.333333333333334,0
B6,CC4,sys.5,00663,663,Female,A5,2024-04-23T18:30:00Z,2024-04-24T06:30:00Z,204,12,TRUE,B6|sys.5|CC4,B6|663,17,complete_clock_and_animal_span,TRUE,TRUE,TRUE,Active,A2,Female,B6,SUS,SIS,TRUE,TRUE,13.333333333333334,3.666666666666666
B6,CC4,sys.5,00663,663,Female,I2,2024-04-20T06:30:00Z,2024-04-20T18:30:00Z,10,12,TRUE,B6|sys.5|CC4,B6|663,0.8333333333333334,complete_clock_and_animal_span,TRUE,TRUE,TRUE,Inactive,I2,Female,B6,SUS,SIS,TRUE,TRUE,0.8333333333333334,0
B6,CC4,sys.5,00663,663,Female,I3,2024-04-21T06:30:00Z,2024-04-21T18:30:00Z,56,12,TRUE,B6|sys.5|CC4,B6|663,4.666666666666667,complete_clock_and_animal_span,TRUE,TRUE,TRUE,Inactive,I2,Female,B6,SUS,SIS,TRUE,TRUE,0.8333333333333334,3.8333333333333335
B6,CC4,sys.5,00663,663,Female,I4,2024-04-22T06:30:00Z,2024-04-22T18:30:00Z,42,12,TRUE,B6|sys.5|CC4,B6|663,3.5,complete_clock_and_animal_span,TRUE,TRUE,TRUE,Inactive,I2,Female,B6,SUS,SIS,TRUE,TRUE,0.8333333333333334,2.6666666666666665
B6,CC4,sys.5,00663,663,Female,I5,2024-04-23T06:30:00Z,2024-04-23T18:30:00Z,36,12,TRUE,B6|sys.5|CC4,B6|663,3,complete_clock_and_animal_span,TRUE,TRUE,TRUE,Inactive,I2,Female,B6,SUS,SIS,TRUE,TRUE,0.8333333333333334,2.1666666666666665
B6,CC4,sys.5,00690,690,Female,A1,2024-04-19T18:30:00Z,2024-04-20T06:30:00Z,274,12,TRUE,B6|sys.5|CC4,B6|690,22.833333333333332,complete_clock_and_animal_span,TRUE,TRUE,TRUE,Active,A2,Female,B6,RES,SIS,TRUE,TRUE,17.666666666666668,5.166666666666664
B6,CC4,sys.5,00690,690,Female,A2,2024-04-20T18:30:00Z,2024-04-21T06:30:00Z,212,12,TRUE,B6|sys.5|CC4,B6|690,17.666666666666668,complete_clock_and_animal_span,TRUE,TRUE,TRUE,Active,A2,Female,B6,RES,SIS,TRUE,TRUE,17.666666666666668,0
B6,CC4,sys.5,00690,690,Female,A3,2024-04-21T18:30:00Z,2024-04-22T06:30:00Z,126,12,TRUE,B6|sys.5|CC4,B6|690,10.5,complete_clock_and_animal_span,TRUE,TRUE,TRUE,Active,A2,Female,B6,RES,SIS,TRUE,TRUE,17.666666666666668,-7.166666666666668
B6,CC4,sys.5,00690,690,Female,A4,2024-04-22T18:30:00Z,2024-04-23T06:30:00Z,218,12,TRUE,B6|sys.5|CC4,B6|690,18.166666666666668,complete_clock_and_animal_span,TRUE,TRUE,TRUE,Active,A2,Female,B6,RES,SIS,TRUE,TRUE,17.666666666666668,0.5
B6,CC4,sys.5,00690,690,Female,A5,2024-04-23T18:30:00Z,2024-04-24T06:30:00Z,256,12,TRUE,B6|sys.5|CC4,B6|690,21.333333333333332,complete_clock_and_animal_span,TRUE,TRUE,TRUE,Active,A2,Female,B6,RES,SIS,TRUE,TRUE,17.666666666666668,3.6666666666666643
B6,CC4,sys.5,00690,690,Female,I2,2024-04-20T06:30:00Z,2024-04-20T18:30:00Z,4,12,TRUE,B6|sys.5|CC4,B6|690,0.3333333333333333,complete_clock_and_animal_span,TRUE,TRUE,TRUE,Inactive,I2,Female,B6,RES,SIS,TRUE,TRUE,0.3333333333333333,0
B6,CC4,sys.5,00690,690,Female,I3,2024-04-21T06:30:00Z,2024-04-21T18:30:00Z,62,12,TRUE,B6|sys.5|CC4,B6|690,5.166666666666667,complete_clock_and_animal_span,TRUE,TRUE,TRUE,Inactive,I2,Female,B6,RES,SIS,TRUE,TRUE,0.3333333333333333,4.833333333333334
B6,CC4,sys.5,00690,690,Female,I4,2024-04-22T06:30:00Z,2024-04-22T18:30:00Z,26,12,TRUE,B6|sys.5|CC4,B6|690,2.1666666666666665,complete_clock_and_animal_span,TRUE,TRUE,TRUE,Inactive,I2,Female,B6,RES,SIS,TRUE,TRUE,0.3333333333333333,1.8333333333333333
B6,CC4,sys.5,00690,690,Female,I5,2024-04-23T06:30:00Z,2024-04-23T18:30:00Z,40,12,TRUE,B6|sys.5|CC4,B6|690,3.3333333333333335,complete_clock_and_animal_span,TRUE,TRUE,TRUE,Inactive,I2,Female,B6,RES,SIS,TRUE,TRUE,0.3333333333333333,3
B6,CC4,sys.5,00694,694,Female,A1,2024-04-19T18:30:00Z,2024-04-20T06:30:00Z,310,12,TRUE,B6|sys.5|CC4,B6|694,25.833333333333332,complete_clock_and_animal_span,TRUE,TRUE,TRUE,Active,A2,Female,B6,RES,SIS,TRUE,TRUE,23.333333333333332,2.5
B6,CC4,sys.5,00694,694,Female,A2,2024-04-20T18:30:00Z,2024-04-21T06:30:00Z,280,12,TRUE,B6|sys.5|CC4,B6|694,23.333333333333332,complete_clock_and_animal_span,TRUE,TRUE,TRUE,Active,A2,Female,B6,RES,SIS,TRUE,TRUE,23.333333333333332,0
B6,CC4,sys.5,00694,694,Female,A3,2024-04-21T18:30:00Z,2024-04-22T06:30:00Z,191,12,TRUE,B6|sys.5|CC4,B6|694,15.916666666666666,complete_clock_and_animal_span,TRUE,TRUE,TRUE,Active,A2,Female,B6,RES,SIS,TRUE,TRUE,23.333333333333332,-7.416666666666666
B6,CC4,sys.5,00694,694,Female,A4,2024-04-22T18:30:00Z,2024-04-23T06:30:00Z,162,12,TRUE,B6|sys.5|CC4,B6|694,13.5,complete_clock_and_animal_span,TRUE,TRUE,TRUE,Active,A2,Female,B6,RES,SIS,TRUE,TRUE,23.333333333333332,-9.833333333333332
B6,CC4,sys.5,00694,694,Female,A5,2024-04-23T18:30:00Z,2024-04-24T06:30:00Z,208,12,TRUE,B6|sys.5|CC4,B6|694,17.333333333333332,complete_clock_and_animal_span,TRUE,TRUE,TRUE,Active,A2,Female,B6,RES,SIS,TRUE,TRUE,23.333333333333332,-6
B6,CC4,sys.5,00694,694,Female,I2,2024-04-20T06:30:00Z,2024-04-20T18:30:00Z,18,12,TRUE,B6|sys.5|CC4,B6|694,1.5,complete_clock_and_animal_span,TRUE,TRUE,TRUE,Inactive,I2,Female,B6,RES,SIS,TRUE,TRUE,1.5,0
B6,CC4,sys.5,00694,694,Female,I3,2024-04-21T06:30:00Z,2024-04-21T18:30:00Z,151,12,TRUE,B6|sys.5|CC4,B6|694,12.583333333333334,complete_clock_and_animal_span,TRUE,TRUE,TRUE,Inactive,I2,Female,B6,RES,SIS,TRUE,TRUE,1.5,11.083333333333334
B6,CC4,sys.5,00694,694,Female,I4,2024-04-22T06:30:00Z,2024-04-22T18:30:00Z,86,12,TRUE,B6|sys.5|CC4,B6|694,7.166666666666667,complete_clock_and_animal_span,TRUE,TRUE,TRUE,Inactive,I2,Female,B6,RES,SIS,TRUE,TRUE,1.5,5.666666666666667
B6,CC4,sys.5,00694,694,Female,I5,2024-04-23T06:30:00Z,2024-04-23T18:30:00Z,120,12,TRUE,B6|sys.5|CC4,B6|694,10,complete_clock_and_animal_span,TRUE,TRUE,TRUE,Inactive,I2,Female,B6,RES,SIS,TRUE,TRUE,1.5,8.5
B6,CC4,sys.5,OR646,OR646,Female,A1,2024-04-19T18:30:00Z,2024-04-20T06:30:00Z,472,12,TRUE,B6|sys.5|CC4,B6|OR646,39.333333333333336,complete_clock_and_animal_span,TRUE,TRUE,TRUE,Active,A2,Female,B6,RES,SIS,TRUE,TRUE,36.5,2.8333333333333357
B6,CC4,sys.5,OR646,OR646,Female,A2,2024-04-20T18:30:00Z,2024-04-21T06:30:00Z,438,12,TRUE,B6|sys.5|CC4,B6|OR646,36.5,complete_clock_and_animal_span,TRUE,TRUE,TRUE,Active,A2,Female,B6,RES,SIS,TRUE,TRUE,36.5,0
B6,CC4,sys.5,OR646,OR646,Female,A3,2024-04-21T18:30:00Z,2024-04-22T06:30:00Z,390,12,TRUE,B6|sys.5|CC4,B6|OR646,32.5,complete_clock_and_animal_span,TRUE,TRUE,TRUE,Active,A2,Female,B6,RES,SIS,TRUE,TRUE,36.5,-4
B6,CC4,sys.5,OR646,OR646,Female,A4,2024-04-22T18:30:00Z,2024-04-23T06:30:00Z,320,12,TRUE,B6|sys.5|CC4,B6|OR646,26.666666666666668,complete_clock_and_animal_span,TRUE,TRUE,TRUE,Active,A2,Female,B6,RES,SIS,TRUE,TRUE,36.5,-9.833333333333332
B6,CC4,sys.5,OR646,OR646,Female,A5,2024-04-23T18:30:00Z,2024-04-24T06:30:00Z,568,12,TRUE,B6|sys.5|CC4,B6|OR646,47.333333333333336,complete_clock_and_animal_span,TRUE,TRUE,TRUE,Active,A2,Female,B6,RES,SIS,TRUE,TRUE,36.5,10.833333333333336
B6,CC4,sys.5,OR646,OR646,Female,I2,2024-04-20T06:30:00Z,2024-04-20T18:30:00Z,22,12,TRUE,B6|sys.5|CC4,B6|OR646,1.8333333333333333,complete_clock_and_animal_span,TRUE,TRUE,TRUE,Inactive,I2,Female,B6,RES,SIS,TRUE,TRUE,1.8333333333333333,0
B6,CC4,sys.5,OR646,OR646,Female,I3,2024-04-21T06:30:00Z,2024-04-21T18:30:00Z,170,12,TRUE,B6|sys.5|CC4,B6|OR646,14.166666666666666,complete_clock_and_animal_span,TRUE,TRUE,TRUE,Inactive,I2,Female,B6,RES,SIS,TRUE,TRUE,1.8333333333333333,12.333333333333332
B6,CC4,sys.5,OR646,OR646,Female,I4,2024-04-22T06:30:00Z,2024-04-22T18:30:00Z,102,12,TRUE,B6|sys.5|CC4,B6|OR646,8.5,complete_clock_and_animal_span,TRUE,TRUE,TRUE,Inactive,I2,Female,B6,RES,SIS,TRUE,TRUE,1.8333333333333333,6.666666666666667
B6,CC4,sys.5,OR646,OR646,Female,I5,2024-04-23T06:30:00Z,2024-04-23T18:30:00Z,68,12,TRUE,B6|sys.5|CC4,B6|OR646,5.666666666666667,complete_clock_and_animal_span,TRUE,TRUE,TRUE,Inactive,I2,Female,B6,RES,SIS,TRUE,TRUE,1.8333333333333333,3.833333333333334
B1,CC4,sys.1,OQ764,OQ764,Male,A1,2022-11-09T18:30:00Z,2022-11-10T06:30:00Z,424,12,TRUE,B1|sys.1|CC4,B1|OQ764,35.333333333333336,complete_clock_and_animal_span,TRUE,TRUE,TRUE,Active,A2,Male,B1,SUS,SIS,TRUE,TRUE,42.333333333333336,-7
B1,CC4,sys.1,OQ764,OQ764,Male,A2,2022-11-10T18:30:00Z,2022-11-11T06:30:00Z,508,12,TRUE,B1|sys.1|CC4,B1|OQ764,42.333333333333336,complete_clock_and_animal_span,TRUE,TRUE,TRUE,Active,A2,Male,B1,SUS,SIS,TRUE,TRUE,42.333333333333336,0
B1,CC4,sys.1,OQ764,OQ764,Male,A3,2022-11-11T18:30:00Z,2022-11-12T06:30:00Z,505,12,TRUE,B1|sys.1|CC4,B1|OQ764,42.083333333333336,complete_clock_and_animal_span,TRUE,TRUE,TRUE,Active,A2,Male,B1,SUS,SIS,TRUE,TRUE,42.333333333333336,-0.25
B1,CC4,sys.1,OQ764,OQ764,Male,A4,2022-11-12T18:30:00Z,2022-11-13T06:30:00Z,448,12,TRUE,B1|sys.1|CC4,B1|OQ764,37.333333333333336,complete_clock_and_animal_span,TRUE,TRUE,TRUE,Active,A2,Male,B1,SUS,SIS,TRUE,TRUE,42.333333333333336,-5
B1,CC4,sys.1,OQ764,OQ764,Male,A5,2022-11-13T18:30:00Z,2022-11-14T06:30:00Z,406,12,TRUE,B1|sys.1|CC4,B1|OQ764,33.833333333333336,complete_clock_and_animal_span,TRUE,TRUE,TRUE,Active,A2,Male,B1,SUS,SIS,TRUE,TRUE,42.333333333333336,-8.5
B1,CC4,sys.1,OQ764,OQ764,Male,I2,2022-11-10T06:30:00Z,2022-11-10T18:30:00Z,44,12,TRUE,B1|sys.1|CC4,B1|OQ764,3.6666666666666665,complete_clock_and_animal_span,TRUE,TRUE,TRUE,Inactive,I2,Male,B1,SUS,SIS,TRUE,TRUE,3.6666666666666665,0
B1,CC4,sys.1,OQ764,OQ764,Male,I3,2022-11-11T06:30:00Z,2022-11-11T18:30:00Z,160,12,TRUE,B1|sys.1|CC4,B1|OQ764,13.333333333333334,complete_clock_and_animal_span,TRUE,TRUE,TRUE,Inactive,I2,Male,B1,SUS,SIS,TRUE,TRUE,3.6666666666666665,9.666666666666668
B1,CC4,sys.1,OQ764,OQ764,Male,I4,2022-11-12T06:30:00Z,2022-11-12T18:30:00Z,125,12,TRUE,B1|sys.1|CC4,B1|OQ764,10.416666666666666,complete_clock_and_animal_span,TRUE,TRUE,TRUE,Inactive,I2,Male,B1,SUS,SIS,TRUE,TRUE,3.6666666666666665,6.75
B1,CC4,sys.1,OQ764,OQ764,Male,I5,2022-11-13T06:30:00Z,2022-11-13T18:30:00Z,130,12,TRUE,B1|sys.1|CC4,B1|OQ764,10.833333333333334,complete_clock_and_animal_span,TRUE,TRUE,TRUE,Inactive,I2,Male,B1,SUS,SIS,TRUE,TRUE,3.6666666666666665,7.166666666666668
B1,CC4,sys.1,OQ772,OQ772,Male,A1,2022-11-09T18:30:00Z,2022-11-10T06:30:00Z,369,12,TRUE,B1|sys.1|CC4,B1|OQ772,30.75,complete_clock_and_animal_span,TRUE,TRUE,TRUE,Active,A2,Male,B1,RES,SIS,TRUE,TRUE,36.083333333333336,-5.333333333333336
B1,CC4,sys.1,OQ772,OQ772,Male,A2,2022-11-10T18:30:00Z,2022-11-11T06:30:00Z,433,12,TRUE,B1|sys.1|CC4,B1|OQ772,36.083333333333336,complete_clock_and_animal_span,TRUE,TRUE,TRUE,Active,A2,Male,B1,RES,SIS,TRUE,TRUE,36.083333333333336,0
B1,CC4,sys.1,OQ772,OQ772,Male,A3,2022-11-11T18:30:00Z,2022-11-12T06:30:00Z,346,12,TRUE,B1|sys.1|CC4,B1|OQ772,28.833333333333332,complete_clock_and_animal_span,TRUE,TRUE,TRUE,Active,A2,Male,B1,RES,SIS,TRUE,TRUE,36.083333333333336,-7.2500000000000036
B1,CC4,sys.1,OQ772,OQ772,Male,A4,2022-11-12T18:30:00Z,2022-11-13T06:30:00Z,288,12,TRUE,B1|sys.1|CC4,B1|OQ772,24,complete_clock_and_animal_span,TRUE,TRUE,TRUE,Active,A2,Male,B1,RES,SIS,TRUE,TRUE,36.083333333333336,-12.083333333333336
B1,CC4,sys.1,OQ772,OQ772,Male,A5,2022-11-13T18:30:00Z,2022-11-14T06:30:00Z,328,12,TRUE,B1|sys.1|CC4,B1|OQ772,27.333333333333332,complete_clock_and_animal_span,TRUE,TRUE,TRUE,Active,A2,Male,B1,RES,SIS,TRUE,TRUE,36.083333333333336,-8.750000000000004
B1,CC4,sys.1,OQ772,OQ772,Male,I2,2022-11-10T06:30:00Z,2022-11-10T18:30:00Z,95,12,TRUE,B1|sys.1|CC4,B1|OQ772,7.916666666666667,complete_clock_and_animal_span,TRUE,TRUE,TRUE,Inactive,I2,Male,B1,RES,SIS,TRUE,TRUE,7.916666666666667,0
B1,CC4,sys.1,OQ772,OQ772,Male,I3,2022-11-11T06:30:00Z,2022-11-11T18:30:00Z,155,12,TRUE,B1|sys.1|CC4,B1|OQ772,12.916666666666666,complete_clock_and_animal_span,TRUE,TRUE,TRUE,Inactive,I2,Male,B1,RES,SIS,TRUE,TRUE,7.916666666666667,4.999999999999999
B1,CC4,sys.1,OQ772,OQ772,Male,I4,2022-11-12T06:30:00Z,2022-11-12T18:30:00Z,180,12,TRUE,B1|sys.1|CC4,B1|OQ772,15,complete_clock_and_animal_span,TRUE,TRUE,TRUE,Inactive,I2,Male,B1,RES,SIS,TRUE,TRUE,7.916666666666667,7.083333333333333
B1,CC4,sys.1,OQ772,OQ772,Male,I5,2022-11-13T06:30:00Z,2022-11-13T18:30:00Z,168,12,TRUE,B1|sys.1|CC4,B1|OQ772,14,complete_clock_and_animal_span,TRUE,TRUE,TRUE,Inactive,I2,Male,B1,RES,SIS,TRUE,TRUE,7.916666666666667,6.083333333333333
B1,CC4,sys.2,OQ760,OQ760,Male,A1,2022-11-09T18:30:00Z,2022-11-10T06:30:00Z,284,12,TRUE,B1|sys.2|CC4,B1|OQ760,23.666666666666668,complete_clock_and_animal_span,TRUE,TRUE,TRUE,Active,A2,Male,B1,CON,CON,TRUE,TRUE,31.666666666666668,-8
B1,CC4,sys.2,OQ760,OQ760,Male,A2,2022-11-10T18:30:00Z,2022-11-11T06:30:00Z,380,12,TRUE,B1|sys.2|CC4,B1|OQ760,31.666666666666668,complete_clock_and_animal_span,TRUE,TRUE,TRUE,Active,A2,Male,B1,CON,CON,TRUE,TRUE,31.666666666666668,0
B1,CC4,sys.2,OQ760,OQ760,Male,A3,2022-11-11T18:30:00Z,2022-11-12T06:30:00Z,282,12,TRUE,B1|sys.2|CC4,B1|OQ760,23.5,complete_clock_and_animal_span,TRUE,TRUE,TRUE,Active,A2,Male,B1,CON,CON,TRUE,TRUE,31.666666666666668,-8.166666666666668
B1,CC4,sys.2,OQ760,OQ760,Male,A4,2022-11-12T18:30:00Z,2022-11-13T06:30:00Z,242,12,TRUE,B1|sys.2|CC4,B1|OQ760,20.166666666666668,complete_clock_and_animal_span,TRUE,TRUE,TRUE,Active,A2,Male,B1,CON,CON,TRUE,TRUE,31.666666666666668,-11.5
B1,CC4,sys.2,OQ760,OQ760,Male,A5,2022-11-13T18:30:00Z,2022-11-14T06:30:00Z,270,12,TRUE,B1|sys.2|CC4,B1|OQ760,22.5,complete_clock_and_animal_span,TRUE,TRUE,TRUE,Active,A2,Male,B1,CON,CON,TRUE,TRUE,31.666666666666668,-9.166666666666668
B1,CC4,sys.2,OQ760,OQ760,Male,I2,2022-11-10T06:30:00Z,2022-11-10T18:30:00Z,8,12,TRUE,B1|sys.2|CC4,B1|OQ760,0.6666666666666666,complete_clock_and_animal_span,TRUE,TRUE,TRUE,Inactive,I2,Male,B1,CON,CON,TRUE,TRUE,0.6666666666666666,0
B1,CC4,sys.2,OQ760,OQ760,Male,I3,2022-11-11T06:30:00Z,2022-11-11T18:30:00Z,96,12,TRUE,B1|sys.2|CC4,B1|OQ760,8,complete_clock_and_animal_span,TRUE,TRUE,TRUE,Inactive,I2,Male,B1,CON,CON,TRUE,TRUE,0.6666666666666666,7.333333333333333
B1,CC4,sys.2,OQ760,OQ760,Male,I4,2022-11-12T06:30:00Z,2022-11-12T18:30:00Z,68,12,TRUE,B1|sys.2|CC4,B1|OQ760,5.666666666666667,complete_clock_and_animal_span,TRUE,TRUE,TRUE,Inactive,I2,Male,B1,CON,CON,TRUE,TRUE,0.6666666666666666,5
B1,CC4,sys.2,OQ760,OQ760,Male,I5,2022-11-13T06:30:00Z,2022-11-13T18:30:00Z,82,12,TRUE,B1|sys.2|CC4,B1|OQ760,6.833333333333333,complete_clock_and_animal_span,TRUE,TRUE,TRUE,Inactive,I2,Male,B1,CON,CON,TRUE,TRUE,0.6666666666666666,6.166666666666666
B1,CC4,sys.2,OQ761,OQ761,Male,A1,2022-11-09T18:30:00Z,2022-11-10T06:30:00Z,502,12,TRUE,B1|sys.2|CC4,B1|OQ761,41.833333333333336,complete_clock_and_animal_span,TRUE,TRUE,TRUE,Active,A2,Male,B1,CON,CON,TRUE,TRUE,57.833333333333336,-16
B1,CC4,sys.2,OQ761,OQ761,Male,A2,2022-11-10T18:30:00Z,2022-11-11T06:30:00Z,694,12,TRUE,B1|sys.2|CC4,B1|OQ761,57.833333333333336,complete_clock_and_animal_span,TRUE,TRUE,TRUE,Active,A2,Male,B1,CON,CON,TRUE,TRUE,57.833333333333336,0
B1,CC4,sys.2,OQ761,OQ761,Male,A3,2022-11-11T18:30:00Z,2022-11-12T06:30:00Z,406,12,TRUE,B1|sys.2|CC4,B1|OQ761,33.833333333333336,complete_clock_and_animal_span,TRUE,TRUE,TRUE,Active,A2,Male,B1,CON,CON,TRUE,TRUE,57.833333333333336,-24
B1,CC4,sys.2,OQ761,OQ761,Male,A4,2022-11-12T18:30:00Z,2022-11-13T06:30:00Z,462,12,TRUE,B1|sys.2|CC4,B1|OQ761,38.5,complete_clock_and_animal_span,TRUE,TRUE,TRUE,Active,A2,Male,B1,CON,CON,TRUE,TRUE,57.833333333333336,-19.333333333333336
B1,CC4,sys.2,OQ761,OQ761,Male,A5,2022-11-13T18:30:00Z,2022-11-14T06:30:00Z,504,12,TRUE,B1|sys.2|CC4,B1|OQ761,42,complete_clock_and_animal_span,TRUE,TRUE,TRUE,Active,A2,Male,B1,CON,CON,TRUE,TRUE,57.833333333333336,-15.833333333333336
B1,CC4,sys.2,OQ761,OQ761,Male,I2,2022-11-10T06:30:00Z,2022-11-10T18:30:00Z,32,12,TRUE,B1|sys.2|CC4,B1|OQ761,2.6666666666666665,complete_clock_and_animal_span,TRUE,TRUE,TRUE,Inactive,I2,Male,B1,CON,CON,TRUE,TRUE,2.6666666666666665,0
B1,CC4,sys.2,OQ761,OQ761,Male,I3,2022-11-11T06:30:00Z,2022-11-11T18:30:00Z,212,12,TRUE,B1|sys.2|CC4,B1|OQ761,17.666666666666668,complete_clock_and_animal_span,TRUE,TRUE,TRUE,Inactive,I2,Male,B1,CON,CON,TRUE,TRUE,2.6666666666666665,15.000000000000002
B1,CC4,sys.2,OQ761,OQ761,Male,I4,2022-11-12T06:30:00Z,2022-11-12T18:30:00Z,112,12,TRUE,B1|sys.2|CC4,B1|OQ761,9.333333333333334,complete_clock_and_animal_span,TRUE,TRUE,TRUE,Inactive,I2,Male,B1,CON,CON,TRUE,TRUE,2.6666666666666665,6.666666666666668
B1,CC4,sys.2,OQ761,OQ761,Male,I5,2022-11-13T06:30:00Z,2022-11-13T18:30:00Z,106,12,TRUE,B1|sys.2|CC4,B1|OQ761,8.833333333333334,complete_clock_and_animal_span,TRUE,TRUE,TRUE,Inactive,I2,Male,B1,CON,CON,TRUE,TRUE,2.6666666666666665,6.166666666666668
B1,CC4,sys.2,OQ763,OQ763,Male,A1,2022-11-09T18:30:00Z,2022-11-10T06:30:00Z,498,12,TRUE,B1|sys.2|CC4,B1|OQ763,41.5,complete_clock_and_animal_span,TRUE,TRUE,TRUE,Active,A2,Male,B1,CON,CON,TRUE,TRUE,52.166666666666664,-10.666666666666664
B1,CC4,sys.2,OQ763,OQ763,Male,A2,2022-11-10T18:30:00Z,2022-11-11T06:30:00Z,626,12,TRUE,B1|sys.2|CC4,B1|OQ763,52.166666666666664,complete_clock_and_animal_span,TRUE,TRUE,TRUE,Active,A2,Male,B1,CON,CON,TRUE,TRUE,52.166666666666664,0
B1,CC4,sys.2,OQ763,OQ763,Male,A3,2022-11-11T18:30:00Z,2022-11-12T06:30:00Z,502,12,TRUE,B1|sys.2|CC4,B1|OQ763,41.833333333333336,complete_clock_and_animal_span,TRUE,TRUE,TRUE,Active,A2,Male,B1,CON,CON,TRUE,TRUE,52.166666666666664,-10.333333333333329
B1,CC4,sys.2,OQ763,OQ763,Male,A4,2022-11-12T18:30:00Z,2022-11-13T06:30:00Z,485,12,TRUE,B1|sys.2|CC4,B1|OQ763,40.416666666666664,complete_clock_and_animal_span,TRUE,TRUE,TRUE,Active,A2,Male,B1,CON,CON,TRUE,TRUE,52.166666666666664,-11.75
B1,CC4,sys.2,OQ763,OQ763,Male,A5,2022-11-13T18:30:00Z,2022-11-14T06:30:00Z,552,12,TRUE,B1|sys.2|CC4,B1|OQ763,46,complete_clock_and_animal_span,TRUE,TRUE,TRUE,Active,A2,Male,B1,CON,CON,TRUE,TRUE,52.166666666666664,-6.166666666666664
B1,CC4,sys.2,OQ763,OQ763,Male,I2,2022-11-10T06:30:00Z,2022-11-10T18:30:00Z,56,12,TRUE,B1|sys.2|CC4,B1|OQ763,4.666666666666667,complete_clock_and_animal_span,TRUE,TRUE,TRUE,Inactive,I2,Male,B1,CON,CON,TRUE,TRUE,4.666666666666667,0
B1,CC4,sys.2,OQ763,OQ763,Male,I3,2022-11-11T06:30:00Z,2022-11-11T18:30:00Z,214,12,TRUE,B1|sys.2|CC4,B1|OQ763,17.833333333333332,complete_clock_and_animal_span,TRUE,TRUE,TRUE,Inactive,I2,Male,B1,CON,CON,TRUE,TRUE,4.666666666666667,13.166666666666664
B1,CC4,sys.2,OQ763,OQ763,Male,I4,2022-11-12T06:30:00Z,2022-11-12T18:30:00Z,126,12,TRUE,B1|sys.2|CC4,B1|OQ763,10.5,complete_clock_and_animal_span,TRUE,TRUE,TRUE,Inactive,I2,Male,B1,CON,CON,TRUE,TRUE,4.666666666666667,5.833333333333333
B1,CC4,sys.2,OQ763,OQ763,Male,I5,2022-11-13T06:30:00Z,2022-11-13T18:30:00Z,109,12,TRUE,B1|sys.2|CC4,B1|OQ763,9.083333333333334,complete_clock_and_animal_span,TRUE,TRUE,TRUE,Inactive,I2,Male,B1,CON,CON,TRUE,TRUE,4.666666666666667,4.416666666666667
B1,CC4,sys.2,OQ765,OQ765,Male,A1,2022-11-09T18:30:00Z,2022-11-10T06:30:00Z,264,12,TRUE,B1|sys.2|CC4,B1|OQ765,22,complete_clock_and_animal_span,TRUE,TRUE,TRUE,Active,A2,Male,B1,CON,CON,TRUE,TRUE,34.083333333333336,-12.083333333333336
B1,CC4,sys.2,OQ765,OQ765,Male,A2,2022-11-10T18:30:00Z,2022-11-11T06:30:00Z,409,12,TRUE,B1|sys.2|CC4,B1|OQ765,34.083333333333336,complete_clock_and_animal_span,TRUE,TRUE,TRUE,Active,A2,Male,B1,CON,CON,TRUE,TRUE,34.083333333333336,0
B1,CC4,sys.2,OQ765,OQ765,Male,A3,2022-11-11T18:30:00Z,2022-11-12T06:30:00Z,324,12,TRUE,B1|sys.2|CC4,B1|OQ765,27,complete_clock_and_animal_span,TRUE,TRUE,TRUE,Active,A2,Male,B1,CON,CON,TRUE,TRUE,34.083333333333336,-7.083333333333336
B1,CC4,sys.2,OQ765,OQ765,Male,A4,2022-11-12T18:30:00Z,2022-11-13T06:30:00Z,292,12,TRUE,B1|sys.2|CC4,B1|OQ765,24.333333333333332,complete_clock_and_animal_span,TRUE,TRUE,TRUE,Active,A2,Male,B1,CON,CON,TRUE,TRUE,34.083333333333336,-9.750000000000004
B1,CC4,sys.2,OQ765,OQ765,Male,A5,2022-11-13T18:30:00Z,2022-11-14T06:30:00Z,314,12,TRUE,B1|sys.2|CC4,B1|OQ765,26.166666666666668,complete_clock_and_animal_span,TRUE,TRUE,TRUE,Active,A2,Male,B1,CON,CON,TRUE,TRUE,34.083333333333336,-7.916666666666668
B1,CC4,sys.2,OQ765,OQ765,Male,I2,2022-11-10T06:30:00Z,2022-11-10T18:30:00Z,38,12,TRUE,B1|sys.2|CC4,B1|OQ765,3.1666666666666665,complete_clock_and_animal_span,TRUE,TRUE,TRUE,Inactive,I2,Male,B1,CON,CON,TRUE,TRUE,3.1666666666666665,0
B1,CC4,sys.2,OQ765,OQ765,Male,I3,2022-11-11T06:30:00Z,2022-11-11T18:30:00Z,137,12,TRUE,B1|sys.2|CC4,B1|OQ765,11.416666666666666,complete_clock_and_animal_span,TRUE,TRUE,TRUE,Inactive,I2,Male,B1,CON,CON,TRUE,TRUE,3.1666666666666665,8.25
B1,CC4,sys.2,OQ765,OQ765,Male,I4,2022-11-12T06:30:00Z,2022-11-12T18:30:00Z,90,12,TRUE,B1|sys.2|CC4,B1|OQ765,7.5,complete_clock_and_animal_span,TRUE,TRUE,TRUE,Inactive,I2,Male,B1,CON,CON,TRUE,TRUE,3.1666666666666665,4.333333333333334
B1,CC4,sys.2,OQ765,OQ765,Male,I5,2022-11-13T06:30:00Z,2022-11-13T18:30:00Z,106,12,TRUE,B1|sys.2|CC4,B1|OQ765,8.833333333333334,complete_clock_and_animal_span,TRUE,TRUE,TRUE,Inactive,I2,Male,B1,CON,CON,TRUE,TRUE,3.1666666666666665,5.666666666666668
B1,CC4,sys.3,3,3,Male,A1,2022-11-09T18:30:00Z,2022-11-10T06:30:00Z,207,12,TRUE,B1|sys.3|CC4,B1|3,17.25,complete_clock_and_animal_span,TRUE,TRUE,TRUE,Active,A2,Male,B1,RES,SIS,TRUE,TRUE,16.5,0.75
B1,CC4,sys.3,3,3,Male,A2,2022-11-10T18:30:00Z,2022-11-11T06:30:00Z,198,12,TRUE,B1|sys.3|CC4,B1|3,16.5,complete_clock_and_animal_span,TRUE,TRUE,TRUE,Active,A2,Male,B1,RES,SIS,TRUE,TRUE,16.5,0
B1,CC4,sys.3,3,3,Male,A3,2022-11-11T18:30:00Z,2022-11-12T06:30:00Z,140,12,TRUE,B1|sys.3|CC4,B1|3,11.666666666666666,complete_clock_and_animal_span,TRUE,TRUE,TRUE,Active,A2,Male,B1,RES,SIS,TRUE,TRUE,16.5,-4.833333333333334
B1,CC4,sys.3,3,3,Male,A4,2022-11-12T18:30:00Z,2022-11-13T06:30:00Z,152,12,TRUE,B1|sys.3|CC4,B1|3,12.666666666666666,complete_clock_and_animal_span,TRUE,TRUE,TRUE,Active,A2,Male,B1,RES,SIS,TRUE,TRUE,16.5,-3.833333333333334
B1,CC4,sys.3,3,3,Male,A5,2022-11-13T18:30:00Z,2022-11-14T06:30:00Z,186,12,TRUE,B1|sys.3|CC4,B1|3,15.5,complete_clock_and_animal_span,TRUE,TRUE,TRUE,Active,A2,Male,B1,RES,SIS,TRUE,TRUE,16.5,-1
B1,CC4,sys.3,3,3,Male,I2,2022-11-10T06:30:00Z,2022-11-10T18:30:00Z,19,12,TRUE,B1|sys.3|CC4,B1|3,1.5833333333333333,complete_clock_and_animal_span,TRUE,TRUE,TRUE,Inactive,I2,Male,B1,RES,SIS,TRUE,TRUE,1.5833333333333333,0
B1,CC4,sys.3,3,3,Male,I3,2022-11-11T06:30:00Z,2022-11-11T18:30:00Z,88,12,TRUE,B1|sys.3|CC4,B1|3,7.333333333333333,complete_clock_and_animal_span,TRUE,TRUE,TRUE,Inactive,I2,Male,B1,RES,SIS,TRUE,TRUE,1.5833333333333333,5.75
B1,CC4,sys.3,3,3,Male,I4,2022-11-12T06:30:00Z,2022-11-12T18:30:00Z,74,12,TRUE,B1|sys.3|CC4,B1|3,6.166666666666667,complete_clock_and_animal_span,TRUE,TRUE,TRUE,Inactive,I2,Male,B1,RES,SIS,TRUE,TRUE,1.5833333333333333,4.583333333333334
B1,CC4,sys.3,3,3,Male,I5,2022-11-13T06:30:00Z,2022-11-13T18:30:00Z,74,12,TRUE,B1|sys.3|CC4,B1|3,6.166666666666667,complete_clock_and_animal_span,TRUE,TRUE,TRUE,Inactive,I2,Male,B1,RES,SIS,TRUE,TRUE,1.5833333333333333,4.583333333333334
B1,CC4,sys.3,OQ755,OQ755,Male,A1,2022-11-09T18:30:00Z,2022-11-10T06:30:00Z,238,12,TRUE,B1|sys.3|CC4,B1|OQ755,19.833333333333332,complete_clock_and_animal_span,TRUE,TRUE,TRUE,Active,A2,Male,B1,SUS,SIS,TRUE,TRUE,15.166666666666666,4.666666666666666
B1,CC4,sys.3,OQ755,OQ755,Male,A2,2022-11-10T18:30:00Z,2022-11-11T06:30:00Z,182,12,TRUE,B1|sys.3|CC4,B1|OQ755,15.166666666666666,complete_clock_and_animal_span,TRUE,TRUE,TRUE,Active,A2,Male,B1,SUS,SIS,TRUE,TRUE,15.166666666666666,0
B1,CC4,sys.3,OQ755,OQ755,Male,A3,2022-11-11T18:30:00Z,2022-11-12T06:30:00Z,204,12,TRUE,B1|sys.3|CC4,B1|OQ755,17,complete_clock_and_animal_span,TRUE,TRUE,TRUE,Active,A2,Male,B1,SUS,SIS,TRUE,TRUE,15.166666666666666,1.833333333333334
B1,CC4,sys.3,OQ755,OQ755,Male,A4,2022-11-12T18:30:00Z,2022-11-13T06:30:00Z,242,12,TRUE,B1|sys.3|CC4,B1|OQ755,20.166666666666668,complete_clock_and_animal_span,TRUE,TRUE,TRUE,Active,A2,Male,B1,SUS,SIS,TRUE,TRUE,15.166666666666666,5.000000000000002
B1,CC4,sys.3,OQ755,OQ755,Male,A5,2022-11-13T18:30:00Z,2022-11-14T06:30:00Z,160,12,TRUE,B1|sys.3|CC4,B1|OQ755,13.333333333333334,complete_clock_and_animal_span,TRUE,TRUE,TRUE,Active,A2,Male,B1,SUS,SIS,TRUE,TRUE,15.166666666666666,-1.8333333333333321
B1,CC4,sys.3,OQ755,OQ755,Male,I2,2022-11-10T06:30:00Z,2022-11-10T18:30:00Z,42,12,TRUE,B1|sys.3|CC4,B1|OQ755,3.5,complete_clock_and_animal_span,TRUE,TRUE,TRUE,Inactive,I2,Male,B1,SUS,SIS,TRUE,TRUE,3.5,0
B1,CC4,sys.3,OQ755,OQ755,Male,I3,2022-11-11T06:30:00Z,2022-11-11T18:30:00Z,140,12,TRUE,B1|sys.3|CC4,B1|OQ755,11.666666666666666,complete_clock_and_animal_span,TRUE,TRUE,TRUE,Inactive,I2,Male,B1,SUS,SIS,TRUE,TRUE,3.5,8.166666666666666
B1,CC4,sys.3,OQ755,OQ755,Male,I4,2022-11-12T06:30:00Z,2022-11-12T18:30:00Z,90,12,TRUE,B1|sys.3|CC4,B1|OQ755,7.5,complete_clock_and_animal_span,TRUE,TRUE,TRUE,Inactive,I2,Male,B1,SUS,SIS,TRUE,TRUE,3.5,4
B1,CC4,sys.3,OQ755,OQ755,Male,I5,2022-11-13T06:30:00Z,2022-11-13T18:30:00Z,91,12,TRUE,B1|sys.3|CC4,B1|OQ755,7.583333333333333,complete_clock_and_animal_span,TRUE,TRUE,TRUE,Inactive,I2,Male,B1,SUS,SIS,TRUE,TRUE,3.5,4.083333333333333
B1,CC4,sys.3,OQ770,OQ770,Male,A1,2022-11-09T18:30:00Z,2022-11-10T06:30:00Z,317,12,TRUE,B1|sys.3|CC4,B1|OQ770,26.416666666666668,complete_clock_and_animal_span,TRUE,TRUE,TRUE,Active,A2,Male,B1,SUS,SIS,TRUE,TRUE,23.916666666666668,2.5
B1,CC4,sys.3,OQ770,OQ770,Male,A2,2022-11-10T18:30:00Z,2022-11-11T06:30:00Z,287,12,TRUE,B1|sys.3|CC4,B1|OQ770,23.916666666666668,complete_clock_and_animal_span,TRUE,TRUE,TRUE,Active,A2,Male,B1,SUS,SIS,TRUE,TRUE,23.916666666666668,0
B1,CC4,sys.3,OQ770,OQ770,Male,A3,2022-11-11T18:30:00Z,2022-11-12T06:30:00Z,200,12,TRUE,B1|sys.3|CC4,B1|OQ770,16.666666666666668,complete_clock_and_animal_span,TRUE,TRUE,TRUE,Active,A2,Male,B1,SUS,SIS,TRUE,TRUE,23.916666666666668,-7.25
B1,CC4,sys.3,OQ770,OQ770,Male,A4,2022-11-12T18:30:00Z,2022-11-13T06:30:00Z,222,12,TRUE,B1|sys.3|CC4,B1|OQ770,18.5,complete_clock_and_animal_span,TRUE,TRUE,TRUE,Active,A2,Male,B1,SUS,SIS,TRUE,TRUE,23.916666666666668,-5.416666666666668
B1,CC4,sys.3,OQ770,OQ770,Male,A5,2022-11-13T18:30:00Z,2022-11-14T06:30:00Z,221,12,TRUE,B1|sys.3|CC4,B1|OQ770,18.416666666666668,complete_clock_and_animal_span,TRUE,TRUE,TRUE,Active,A2,Male,B1,SUS,SIS,TRUE,TRUE,23.916666666666668,-5.5
B1,CC4,sys.3,OQ770,OQ770,Male,I2,2022-11-10T06:30:00Z,2022-11-10T18:30:00Z,59,12,TRUE,B1|sys.3|CC4,B1|OQ770,4.916666666666667,complete_clock_and_animal_span,TRUE,TRUE,TRUE,Inactive,I2,Male,B1,SUS,SIS,TRUE,TRUE,4.916666666666667,0
B1,CC4,sys.3,OQ770,OQ770,Male,I3,2022-11-11T06:30:00Z,2022-11-11T18:30:00Z,139,12,TRUE,B1|sys.3|CC4,B1|OQ770,11.583333333333334,complete_clock_and_animal_span,TRUE,TRUE,TRUE,Inactive,I2,Male,B1,SUS,SIS,TRUE,TRUE,4.916666666666667,6.666666666666667
B1,CC4,sys.3,OQ770,OQ770,Male,I4,2022-11-12T06:30:00Z,2022-11-12T18:30:00Z,104,12,TRUE,B1|sys.3|CC4,B1|OQ770,8.666666666666666,complete_clock_and_animal_span,TRUE,TRUE,TRUE,Inactive,I2,Male,B1,SUS,SIS,TRUE,TRUE,4.916666666666667,3.749999999999999
B1,CC4,sys.3,OQ770,OQ770,Male,I5,2022-11-13T06:30:00Z,2022-11-13T18:30:00Z,104,12,TRUE,B1|sys.3|CC4,B1|OQ770,8.666666666666666,complete_clock_and_animal_span,TRUE,TRUE,TRUE,Inactive,I2,Male,B1,SUS,SIS,TRUE,TRUE,4.916666666666667,3.749999999999999
B1,CC4,sys.4,OQ762,OQ762,Male,A1,2022-11-09T18:30:00Z,2022-11-10T06:30:00Z,291,12,TRUE,B1|sys.4|CC4,B1|OQ762,24.25,complete_clock_and_animal_span,TRUE,TRUE,TRUE,Active,A2,Male,B1,RES,SIS,TRUE,TRUE,26.166666666666668,-1.9166666666666679
B1,CC4,sys.4,OQ762,OQ762,Male,A2,2022-11-10T18:30:00Z,2022-11-11T06:30:00Z,314,12,TRUE,B1|sys.4|CC4,B1|OQ762,26.166666666666668,complete_clock_and_animal_span,TRUE,TRUE,TRUE,Active,A2,Male,B1,RES,SIS,TRUE,TRUE,26.166666666666668,0
B1,CC4,sys.4,OQ762,OQ762,Male,A3,2022-11-11T18:30:00Z,2022-11-12T06:30:00Z,260,12,TRUE,B1|sys.4|CC4,B1|OQ762,21.666666666666668,complete_clock_and_animal_span,TRUE,TRUE,TRUE,Active,A2,Male,B1,RES,SIS,TRUE,TRUE,26.166666666666668,-4.5
B1,CC4,sys.4,OQ762,OQ762,Male,A4,2022-11-12T18:30:00Z,2022-11-13T06:30:00Z,258,12,TRUE,B1|sys.4|CC4,B1|OQ762,21.5,complete_clock_and_animal_span,TRUE,TRUE,TRUE,Active,A2,Male,B1,RES,SIS,TRUE,TRUE,26.166666666666668,-4.666666666666668
B1,CC4,sys.4,OQ762,OQ762,Male,A5,2022-11-13T18:30:00Z,2022-11-14T06:30:00Z,292,12,TRUE,B1|sys.4|CC4,B1|OQ762,24.333333333333332,complete_clock_and_animal_span,TRUE,TRUE,TRUE,Active,A2,Male,B1,RES,SIS,TRUE,TRUE,26.166666666666668,-1.8333333333333357
B1,CC4,sys.4,OQ762,OQ762,Male,I2,2022-11-10T06:30:00Z,2022-11-10T18:30:00Z,39,12,TRUE,B1|sys.4|CC4,B1|OQ762,3.25,complete_clock_and_animal_span,TRUE,TRUE,TRUE,Inactive,I2,Male,B1,RES,SIS,TRUE,TRUE,3.25,0
B1,CC4,sys.4,OQ762,OQ762,Male,I3,2022-11-11T06:30:00Z,2022-11-11T18:30:00Z,142,12,TRUE,B1|sys.4|CC4,B1|OQ762,11.833333333333334,complete_clock_and_animal_span,TRUE,TRUE,TRUE,Inactive,I2,Male,B1,RES,SIS,TRUE,TRUE,3.25,8.583333333333334
B1,CC4,sys.4,OQ762,OQ762,Male,I4,2022-11-12T06:30:00Z,2022-11-12T18:30:00Z,108,12,TRUE,B1|sys.4|CC4,B1|OQ762,9,complete_clock_and_animal_span,TRUE,TRUE,TRUE,Inactive,I2,Male,B1,RES,SIS,TRUE,TRUE,3.25,5.75
B1,CC4,sys.4,OQ762,OQ762,Male,I5,2022-11-13T06:30:00Z,2022-11-13T18:30:00Z,72,12,TRUE,B1|sys.4|CC4,B1|OQ762,6,complete_clock_and_animal_span,TRUE,TRUE,TRUE,Inactive,I2,Male,B1,RES,SIS,TRUE,TRUE,3.25,2.75
B1,CC4,sys.4,OQ773,OQ773,Male,A1,2022-11-09T18:30:00Z,2022-11-10T06:30:00Z,294,12,TRUE,B1|sys.4|CC4,B1|OQ773,24.5,complete_clock_and_animal_span,TRUE,TRUE,TRUE,Active,A2,Male,B1,RES,SIS,TRUE,TRUE,31.583333333333332,-7.083333333333332
B1,CC4,sys.4,OQ773,OQ773,Male,A2,2022-11-10T18:30:00Z,2022-11-11T06:30:00Z,379,12,TRUE,B1|sys.4|CC4,B1|OQ773,31.583333333333332,complete_clock_and_animal_span,TRUE,TRUE,TRUE,Active,A2,Male,B1,RES,SIS,TRUE,TRUE,31.583333333333332,0
B1,CC4,sys.4,OQ773,OQ773,Male,A3,2022-11-11T18:30:00Z,2022-11-12T06:30:00Z,251,12,TRUE,B1|sys.4|CC4,B1|OQ773,20.916666666666668,complete_clock_and_animal_span,TRUE,TRUE,TRUE,Active,A2,Male,B1,RES,SIS,TRUE,TRUE,31.583333333333332,-10.666666666666664
B1,CC4,sys.4,OQ773,OQ773,Male,A4,2022-11-12T18:30:00Z,2022-11-13T06:30:00Z,282,12,TRUE,B1|sys.4|CC4,B1|OQ773,23.5,complete_clock_and_animal_span,TRUE,TRUE,TRUE,Active,A2,Male,B1,RES,SIS,TRUE,TRUE,31.583333333333332,-8.083333333333332
B1,CC4,sys.4,OQ773,OQ773,Male,A5,2022-11-13T18:30:00Z,2022-11-14T06:30:00Z,262,12,TRUE,B1|sys.4|CC4,B1|OQ773,21.833333333333332,complete_clock_and_animal_span,TRUE,TRUE,TRUE,Active,A2,Male,B1,RES,SIS,TRUE,TRUE,31.583333333333332,-9.75
B1,CC4,sys.4,OQ773,OQ773,Male,I2,2022-11-10T06:30:00Z,2022-11-10T18:30:00Z,26,12,TRUE,B1|sys.4|CC4,B1|OQ773,2.1666666666666665,complete_clock_and_animal_span,TRUE,TRUE,TRUE,Inactive,I2,Male,B1,RES,SIS,TRUE,TRUE,2.1666666666666665,0
B1,CC4,sys.4,OQ773,OQ773,Male,I3,2022-11-11T06:30:00Z,2022-11-11T18:30:00Z,159,12,TRUE,B1|sys.4|CC4,B1|OQ773,13.25,complete_clock_and_animal_span,TRUE,TRUE,TRUE,Inactive,I2,Male,B1,RES,SIS,TRUE,TRUE,2.1666666666666665,11.083333333333334
B1,CC4,sys.4,OQ773,OQ773,Male,I4,2022-11-12T06:30:00Z,2022-11-12T18:30:00Z,135,12,TRUE,B1|sys.4|CC4,B1|OQ773,11.25,complete_clock_and_animal_span,TRUE,TRUE,TRUE,Inactive,I2,Male,B1,RES,SIS,TRUE,TRUE,2.1666666666666665,9.083333333333334
B1,CC4,sys.4,OQ773,OQ773,Male,I5,2022-11-13T06:30:00Z,2022-11-13T18:30:00Z,116,12,TRUE,B1|sys.4|CC4,B1|OQ773,9.666666666666666,complete_clock_and_animal_span,TRUE,TRUE,TRUE,Inactive,I2,Male,B1,RES,SIS,TRUE,TRUE,2.1666666666666665,7.5
B1,CC4,sys.5,4,4,Male,A1,2022-11-09T18:30:00Z,2022-11-10T06:30:00Z,274,12,TRUE,B1|sys.5|CC4,B1|4,22.833333333333332,complete_clock_and_animal_span,TRUE,TRUE,TRUE,Active,A2,Male,B1,SUS,SIS,TRUE,TRUE,24,-1.1666666666666679
B1,CC4,sys.5,4,4,Male,A2,2022-11-10T18:30:00Z,2022-11-11T06:30:00Z,288,12,TRUE,B1|sys.5|CC4,B1|4,24,complete_clock_and_animal_span,TRUE,TRUE,TRUE,Active,A2,Male,B1,SUS,SIS,TRUE,TRUE,24,0
B1,CC4,sys.5,4,4,Male,A3,2022-11-11T18:30:00Z,2022-11-12T06:30:00Z,224,12,TRUE,B1|sys.5|CC4,B1|4,18.666666666666668,complete_clock_and_animal_span,TRUE,TRUE,TRUE,Active,A2,Male,B1,SUS,SIS,TRUE,TRUE,24,-5.333333333333332
B1,CC4,sys.5,4,4,Male,A4,2022-11-12T18:30:00Z,2022-11-13T06:30:00Z,250,12,TRUE,B1|sys.5|CC4,B1|4,20.833333333333332,complete_clock_and_animal_span,TRUE,TRUE,TRUE,Active,A2,Male,B1,SUS,SIS,TRUE,TRUE,24,-3.166666666666668
B1,CC4,sys.5,4,4,Male,A5,2022-11-13T18:30:00Z,2022-11-14T06:30:00Z,242,12,TRUE,B1|sys.5|CC4,B1|4,20.166666666666668,complete_clock_and_animal_span,TRUE,TRUE,TRUE,Active,A2,Male,B1,SUS,SIS,TRUE,TRUE,24,-3.833333333333332
B1,CC4,sys.5,4,4,Male,I2,2022-11-10T06:30:00Z,2022-11-10T18:30:00Z,16,12,TRUE,B1|sys.5|CC4,B1|4,1.3333333333333333,complete_clock_and_animal_span,TRUE,TRUE,TRUE,Inactive,I2,Male,B1,SUS,SIS,TRUE,TRUE,1.3333333333333333,0
B1,CC4,sys.5,4,4,Male,I3,2022-11-11T06:30:00Z,2022-11-11T18:30:00Z,118,12,TRUE,B1|sys.5|CC4,B1|4,9.833333333333334,complete_clock_and_animal_span,TRUE,TRUE,TRUE,Inactive,I2,Male,B1,SUS,SIS,TRUE,TRUE,1.3333333333333333,8.5
B1,CC4,sys.5,4,4,Male,I4,2022-11-12T06:30:00Z,2022-11-12T18:30:00Z,70,12,TRUE,B1|sys.5|CC4,B1|4,5.833333333333333,complete_clock_and_animal_span,TRUE,TRUE,TRUE,Inactive,I2,Male,B1,SUS,SIS,TRUE,TRUE,1.3333333333333333,4.5
B1,CC4,sys.5,4,4,Male,I5,2022-11-13T06:30:00Z,2022-11-13T18:30:00Z,78,12,TRUE,B1|sys.5|CC4,B1|4,6.5,complete_clock_and_animal_span,TRUE,TRUE,TRUE,Inactive,I2,Male,B1,SUS,SIS,TRUE,TRUE,1.3333333333333333,5.166666666666667
B1,CC4,sys.5,OQ754,OQ754,Male,A1,2022-11-09T18:30:00Z,2022-11-10T06:30:00Z,354,12,TRUE,B1|sys.5|CC4,B1|OQ754,29.5,complete_clock_and_animal_span,TRUE,TRUE,TRUE,Active,A2,Male,B1,SUS,SIS,TRUE,TRUE,24.333333333333332,5.166666666666668
B1,CC4,sys.5,OQ754,OQ754,Male,A2,2022-11-10T18:30:00Z,2022-11-11T06:30:00Z,292,12,TRUE,B1|sys.5|CC4,B1|OQ754,24.333333333333332,complete_clock_and_animal_span,TRUE,TRUE,TRUE,Active,A2,Male,B1,SUS,SIS,TRUE,TRUE,24.333333333333332,0
B1,CC4,sys.5,OQ754,OQ754,Male,A3,2022-11-11T18:30:00Z,2022-11-12T06:30:00Z,242,12,TRUE,B1|sys.5|CC4,B1|OQ754,20.166666666666668,complete_clock_and_animal_span,TRUE,TRUE,TRUE,Active,A2,Male,B1,SUS,SIS,TRUE,TRUE,24.333333333333332,-4.166666666666664
B1,CC4,sys.5,OQ754,OQ754,Male,A4,2022-11-12T18:30:00Z,2022-11-13T06:30:00Z,321,12,TRUE,B1|sys.5|CC4,B1|OQ754,26.75,complete_clock_and_animal_span,TRUE,TRUE,TRUE,Active,A2,Male,B1,SUS,SIS,TRUE,TRUE,24.333333333333332,2.416666666666668
B1,CC4,sys.5,OQ754,OQ754,Male,A5,2022-11-13T18:30:00Z,2022-11-14T06:30:00Z,346,12,TRUE,B1|sys.5|CC4,B1|OQ754,28.833333333333332,complete_clock_and_animal_span,TRUE,TRUE,TRUE,Active,A2,Male,B1,SUS,SIS,TRUE,TRUE,24.333333333333332,4.5
B1,CC4,sys.5,OQ754,OQ754,Male,I2,2022-11-10T06:30:00Z,2022-11-10T18:30:00Z,26,12,TRUE,B1|sys.5|CC4,B1|OQ754,2.1666666666666665,complete_clock_and_animal_span,TRUE,TRUE,TRUE,Inactive,I2,Male,B1,SUS,SIS,TRUE,TRUE,2.1666666666666665,0
B1,CC4,sys.5,OQ754,OQ754,Male,I3,2022-11-11T06:30:00Z,2022-11-11T18:30:00Z,176,12,TRUE,B1|sys.5|CC4,B1|OQ754,14.666666666666666,complete_clock_and_animal_span,TRUE,TRUE,TRUE,Inactive,I2,Male,B1,SUS,SIS,TRUE,TRUE,2.1666666666666665,12.5
B1,CC4,sys.5,OQ754,OQ754,Male,I4,2022-11-12T06:30:00Z,2022-11-12T18:30:00Z,114,12,TRUE,B1|sys.5|CC4,B1|OQ754,9.5,complete_clock_and_animal_span,TRUE,TRUE,TRUE,Inactive,I2,Male,B1,SUS,SIS,TRUE,TRUE,2.1666666666666665,7.333333333333334
B1,CC4,sys.5,OQ754,OQ754,Male,I5,2022-11-13T06:30:00Z,2022-11-13T18:30:00Z,141,12,TRUE,B1|sys.5|CC4,B1|OQ754,11.75,complete_clock_and_animal_span,TRUE,TRUE,TRUE,Inactive,I2,Male,B1,SUS,SIS,TRUE,TRUE,2.1666666666666665,9.583333333333334
B1,CC4,sys.5,OQ771,OQ771,Male,A1,2022-11-09T18:30:00Z,2022-11-10T06:30:00Z,292,12,TRUE,B1|sys.5|CC4,B1|OQ771,24.333333333333332,complete_clock_and_animal_span,TRUE,TRUE,TRUE,Active,A2,Male,B1,SUS,SIS,TRUE,TRUE,32,-7.666666666666668
B1,CC4,sys.5,OQ771,OQ771,Male,A2,2022-11-10T18:30:00Z,2022-11-11T06:30:00Z,384,12,TRUE,B1|sys.5|CC4,B1|OQ771,32,complete_clock_and_animal_span,TRUE,TRUE,TRUE,Active,A2,Male,B1,SUS,SIS,TRUE,TRUE,32,0
B1,CC4,sys.5,OQ771,OQ771,Male,A3,2022-11-11T18:30:00Z,2022-11-12T06:30:00Z,306,12,TRUE,B1|sys.5|CC4,B1|OQ771,25.5,complete_clock_and_animal_span,TRUE,TRUE,TRUE,Active,A2,Male,B1,SUS,SIS,TRUE,TRUE,32,-6.5
B1,CC4,sys.5,OQ771,OQ771,Male,A4,2022-11-12T18:30:00Z,2022-11-13T06:30:00Z,347,12,TRUE,B1|sys.5|CC4,B1|OQ771,28.916666666666668,complete_clock_and_animal_span,TRUE,TRUE,TRUE,Active,A2,Male,B1,SUS,SIS,TRUE,TRUE,32,-3.083333333333332
B1,CC4,sys.5,OQ771,OQ771,Male,A5,2022-11-13T18:30:00Z,2022-11-14T06:30:00Z,341,12,TRUE,B1|sys.5|CC4,B1|OQ771,28.416666666666668,complete_clock_and_animal_span,TRUE,TRUE,TRUE,Active,A2,Male,B1,SUS,SIS,TRUE,TRUE,32,-3.583333333333332
B1,CC4,sys.5,OQ771,OQ771,Male,I2,2022-11-10T06:30:00Z,2022-11-10T18:30:00Z,106,12,TRUE,B1|sys.5|CC4,B1|OQ771,8.833333333333334,complete_clock_and_animal_span,TRUE,TRUE,TRUE,Inactive,I2,Male,B1,SUS,SIS,TRUE,TRUE,8.833333333333334,0
B1,CC4,sys.5,OQ771,OQ771,Male,I3,2022-11-11T06:30:00Z,2022-11-11T18:30:00Z,178,12,TRUE,B1|sys.5|CC4,B1|OQ771,14.833333333333334,complete_clock_and_animal_span,TRUE,TRUE,TRUE,Inactive,I2,Male,B1,SUS,SIS,TRUE,TRUE,8.833333333333334,6
B1,CC4,sys.5,OQ771,OQ771,Male,I4,2022-11-12T06:30:00Z,2022-11-12T18:30:00Z,150,12,TRUE,B1|sys.5|CC4,B1|OQ771,12.5,complete_clock_and_animal_span,TRUE,TRUE,TRUE,Inactive,I2,Male,B1,SUS,SIS,TRUE,TRUE,8.833333333333334,3.666666666666666
B1,CC4,sys.5,OQ771,OQ771,Male,I5,2022-11-13T06:30:00Z,2022-11-13T18:30:00Z,159,12,TRUE,B1|sys.5|CC4,B1|OQ771,13.25,complete_clock_and_animal_span,TRUE,TRUE,TRUE,Inactive,I2,Male,B1,SUS,SIS,TRUE,TRUE,8.833333333333334,4.416666666666666
B2,CC4,sys.1,OR126,OR126,Male,A1,2023-02-10T18:30:00Z,2023-02-11T06:30:00Z,274,12,TRUE,B2|sys.1|CC4,B2|OR126,22.833333333333332,complete_clock_and_animal_span,TRUE,TRUE,TRUE,Active,A2,Male,B2,CON,CON,TRUE,TRUE,22.666666666666668,0.1666666666666643
B2,CC4,sys.1,OR126,OR126,Male,A2,2023-02-11T18:30:00Z,2023-02-12T06:30:00Z,272,12,TRUE,B2|sys.1|CC4,B2|OR126,22.666666666666668,complete_clock_and_animal_span,TRUE,TRUE,TRUE,Active,A2,Male,B2,CON,CON,TRUE,TRUE,22.666666666666668,0
B2,CC4,sys.1,OR126,OR126,Male,A3,2023-02-12T18:30:00Z,2023-02-13T06:30:00Z,278,12,TRUE,B2|sys.1|CC4,B2|OR126,23.166666666666668,complete_clock_and_animal_span,TRUE,TRUE,TRUE,Active,A2,Male,B2,CON,CON,TRUE,TRUE,22.666666666666668,0.5
B2,CC4,sys.1,OR126,OR126,Male,A4,2023-02-13T18:30:00Z,2023-02-14T06:30:00Z,341,12,TRUE,B2|sys.1|CC4,B2|OR126,28.416666666666668,complete_clock_and_animal_span,TRUE,TRUE,TRUE,Active,A2,Male,B2,CON,CON,TRUE,TRUE,22.666666666666668,5.75
B2,CC4,sys.1,OR126,OR126,Male,A5,2023-02-14T18:30:00Z,2023-02-15T06:30:00Z,318,12,TRUE,B2|sys.1|CC4,B2|OR126,26.5,complete_clock_and_animal_span,TRUE,TRUE,TRUE,Active,A2,Male,B2,CON,CON,TRUE,TRUE,22.666666666666668,3.833333333333332
B2,CC4,sys.1,OR126,OR126,Male,I2,2023-02-11T06:30:00Z,2023-02-11T18:30:00Z,46,12,TRUE,B2|sys.1|CC4,B2|OR126,3.8333333333333335,complete_clock_and_animal_span,TRUE,TRUE,TRUE,Inactive,I2,Male,B2,CON,CON,TRUE,TRUE,3.8333333333333335,0
B2,CC4,sys.1,OR126,OR126,Male,I3,2023-02-12T06:30:00Z,2023-02-12T18:30:00Z,96,12,TRUE,B2|sys.1|CC4,B2|OR126,8,complete_clock_and_animal_span,TRUE,TRUE,TRUE,Inactive,I2,Male,B2,CON,CON,TRUE,TRUE,3.8333333333333335,4.166666666666666
B2,CC4,sys.1,OR126,OR126,Male,I4,2023-02-13T06:30:00Z,2023-02-13T18:30:00Z,66,12,TRUE,B2|sys.1|CC4,B2|OR126,5.5,complete_clock_and_animal_span,TRUE,TRUE,TRUE,Inactive,I2,Male,B2,CON,CON,TRUE,TRUE,3.8333333333333335,1.6666666666666665
B2,CC4,sys.1,OR126,OR126,Male,I5,2023-02-14T06:30:00Z,2023-02-14T18:30:00Z,63,12,TRUE,B2|sys.1|CC4,B2|OR126,5.25,complete_clock_and_animal_span,TRUE,TRUE,TRUE,Inactive,I2,Male,B2,CON,CON,TRUE,TRUE,3.8333333333333335,1.4166666666666665
B2,CC4,sys.1,OR127,OR127,Male,A1,2023-02-10T18:30:00Z,2023-02-11T06:30:00Z,212,12,TRUE,B2|sys.1|CC4,B2|OR127,17.666666666666668,complete_clock_and_animal_span,TRUE,TRUE,TRUE,Active,A2,Male,B2,CON,CON,TRUE,TRUE,24.083333333333332,-6.416666666666664
B2,CC4,sys.1,OR127,OR127,Male,A2,2023-02-11T18:30:00Z,2023-02-12T06:30:00Z,289,12,TRUE,B2|sys.1|CC4,B2|OR127,24.083333333333332,complete_clock_and_animal_span,TRUE,TRUE,TRUE,Active,A2,Male,B2,CON,CON,TRUE,TRUE,24.083333333333332,0
B2,CC4,sys.1,OR127,OR127,Male,A3,2023-02-12T18:30:00Z,2023-02-13T06:30:00Z,198,12,TRUE,B2|sys.1|CC4,B2|OR127,16.5,complete_clock_and_animal_span,TRUE,TRUE,TRUE,Active,A2,Male,B2,CON,CON,TRUE,TRUE,24.083333333333332,-7.583333333333332
B2,CC4,sys.1,OR127,OR127,Male,A4,2023-02-13T18:30:00Z,2023-02-14T06:30:00Z,208,12,TRUE,B2|sys.1|CC4,B2|OR127,17.333333333333332,complete_clock_and_animal_span,TRUE,TRUE,TRUE,Active,A2,Male,B2,CON,CON,TRUE,TRUE,24.083333333333332,-6.75
B2,CC4,sys.1,OR127,OR127,Male,A5,2023-02-14T18:30:00Z,2023-02-15T06:30:00Z,200,12,TRUE,B2|sys.1|CC4,B2|OR127,16.666666666666668,complete_clock_and_animal_span,TRUE,TRUE,TRUE,Active,A2,Male,B2,CON,CON,TRUE,TRUE,24.083333333333332,-7.416666666666664
B2,CC4,sys.1,OR127,OR127,Male,I2,2023-02-11T06:30:00Z,2023-02-11T18:30:00Z,12,12,TRUE,B2|sys.1|CC4,B2|OR127,1,complete_clock_and_animal_span,TRUE,TRUE,TRUE,Inactive,I2,Male,B2,CON,CON,TRUE,TRUE,1,0
B2,CC4,sys.1,OR127,OR127,Male,I3,2023-02-12T06:30:00Z,2023-02-12T18:30:00Z,55,12,TRUE,B2|sys.1|CC4,B2|OR127,4.583333333333333,complete_clock_and_animal_span,TRUE,TRUE,TRUE,Inactive,I2,Male,B2,CON,CON,TRUE,TRUE,1,3.583333333333333
B2,CC4,sys.1,OR127,OR127,Male,I4,2023-02-13T06:30:00Z,2023-02-13T18:30:00Z,42,12,TRUE,B2|sys.1|CC4,B2|OR127,3.5,complete_clock_and_animal_span,TRUE,TRUE,TRUE,Inactive,I2,Male,B2,CON,CON,TRUE,TRUE,1,2.5
B2,CC4,sys.1,OR127,OR127,Male,I5,2023-02-14T06:30:00Z,2023-02-14T18:30:00Z,46,12,TRUE,B2|sys.1|CC4,B2|OR127,3.8333333333333335,complete_clock_and_animal_span,TRUE,TRUE,TRUE,Inactive,I2,Male,B2,CON,CON,TRUE,TRUE,1,2.8333333333333335
B2,CC4,sys.1,OR128,OR128,Male,A1,2023-02-10T18:30:00Z,2023-02-11T06:30:00Z,252,12,TRUE,B2|sys.1|CC4,B2|OR128,21,complete_clock_and_animal_span,TRUE,TRUE,TRUE,Active,A2,Male,B2,CON,CON,TRUE,TRUE,22.5,-1.5
B2,CC4,sys.1,OR128,OR128,Male,A2,2023-02-11T18:30:00Z,2023-02-12T06:30:00Z,270,12,TRUE,B2|sys.1|CC4,B2|OR128,22.5,complete_clock_and_animal_span,TRUE,TRUE,TRUE,Active,A2,Male,B2,CON,CON,TRUE,TRUE,22.5,0
B2,CC4,sys.1,OR128,OR128,Male,A3,2023-02-12T18:30:00Z,2023-02-13T06:30:00Z,207,12,TRUE,B2|sys.1|CC4,B2|OR128,17.25,complete_clock_and_animal_span,TRUE,TRUE,TRUE,Active,A2,Male,B2,CON,CON,TRUE,TRUE,22.5,-5.25
B2,CC4,sys.1,OR128,OR128,Male,A4,2023-02-13T18:30:00Z,2023-02-14T06:30:00Z,242,12,TRUE,B2|sys.1|CC4,B2|OR128,20.166666666666668,complete_clock_and_animal_span,TRUE,TRUE,TRUE,Active,A2,Male,B2,CON,CON,TRUE,TRUE,22.5,-2.333333333333332
B2,CC4,sys.1,OR128,OR128,Male,A5,2023-02-14T18:30:00Z,2023-02-15T06:30:00Z,265,12,TRUE,B2|sys.1|CC4,B2|OR128,22.083333333333332,complete_clock_and_animal_span,TRUE,TRUE,TRUE,Active,A2,Male,B2,CON,CON,TRUE,TRUE,22.5,-0.41666666666666785
B2,CC4,sys.1,OR128,OR128,Male,I2,2023-02-11T06:30:00Z,2023-02-11T18:30:00Z,18,12,TRUE,B2|sys.1|CC4,B2|OR128,1.5,complete_clock_and_animal_span,TRUE,TRUE,TRUE,Inactive,I2,Male,B2,CON,CON,TRUE,TRUE,1.5,0
B2,CC4,sys.1,OR128,OR128,Male,I3,2023-02-12T06:30:00Z,2023-02-12T18:30:00Z,106,12,TRUE,B2|sys.1|CC4,B2|OR128,8.833333333333334,complete_clock_and_animal_span,TRUE,TRUE,TRUE,Inactive,I2,Male,B2,CON,CON,TRUE,TRUE,1.5,7.333333333333334
B2,CC4,sys.1,OR128,OR128,Male,I4,2023-02-13T06:30:00Z,2023-02-13T18:30:00Z,59,12,TRUE,B2|sys.1|CC4,B2|OR128,4.916666666666667,complete_clock_and_animal_span,TRUE,TRUE,TRUE,Inactive,I2,Male,B2,CON,CON,TRUE,TRUE,1.5,3.416666666666667
B2,CC4,sys.1,OR128,OR128,Male,I5,2023-02-14T06:30:00Z,2023-02-14T18:30:00Z,60,12,TRUE,B2|sys.1|CC4,B2|OR128,5,complete_clock_and_animal_span,TRUE,TRUE,TRUE,Inactive,I2,Male,B2,CON,CON,TRUE,TRUE,1.5,3.5
B2,CC4,sys.1,OR129,OR129,Male,A1,2023-02-10T18:30:00Z,2023-02-11T06:30:00Z,326,12,TRUE,B2|sys.1|CC4,B2|OR129,27.166666666666668,complete_clock_and_animal_span,TRUE,TRUE,TRUE,Active,A2,Male,B2,CON,CON,TRUE,TRUE,24.833333333333332,2.3333333333333357
B2,CC4,sys.1,OR129,OR129,Male,A2,2023-02-11T18:30:00Z,2023-02-12T06:30:00Z,298,12,TRUE,B2|sys.1|CC4,B2|OR129,24.833333333333332,complete_clock_and_animal_span,TRUE,TRUE,TRUE,Active,A2,Male,B2,CON,CON,TRUE,TRUE,24.833333333333332,0
B2,CC4,sys.1,OR129,OR129,Male,A3,2023-02-12T18:30:00Z,2023-02-13T06:30:00Z,232,12,TRUE,B2|sys.1|CC4,B2|OR129,19.333333333333332,complete_clock_and_animal_span,TRUE,TRUE,TRUE,Active,A2,Male,B2,CON,CON,TRUE,TRUE,24.833333333333332,-5.5
B2,CC4,sys.1,OR129,OR129,Male,A4,2023-02-13T18:30:00Z,2023-02-14T06:30:00Z,276,12,TRUE,B2|sys.1|CC4,B2|OR129,23,complete_clock_and_animal_span,TRUE,TRUE,TRUE,Active,A2,Male,B2,CON,CON,TRUE,TRUE,24.833333333333332,-1.8333333333333321
B2,CC4,sys.1,OR129,OR129,Male,A5,2023-02-14T18:30:00Z,2023-02-15T06:30:00Z,302,12,TRUE,B2|sys.1|CC4,B2|OR129,25.166666666666668,complete_clock_and_animal_span,TRUE,TRUE,TRUE,Active,A2,Male,B2,CON,CON,TRUE,TRUE,24.833333333333332,0.3333333333333357
B2,CC4,sys.1,OR129,OR129,Male,I2,2023-02-11T06:30:00Z,2023-02-11T18:30:00Z,0,12,TRUE,B2|sys.1|CC4,B2|OR129,0,complete_clock_and_animal_span,TRUE,TRUE,TRUE,Inactive,I2,Male,B2,CON,CON,TRUE,TRUE,0,0
B2,CC4,sys.1,OR129,OR129,Male,I3,2023-02-12T06:30:00Z,2023-02-12T18:30:00Z,44,12,TRUE,B2|sys.1|CC4,B2|OR129,3.6666666666666665,complete_clock_and_animal_span,TRUE,TRUE,TRUE,Inactive,I2,Male,B2,CON,CON,TRUE,TRUE,0,3.6666666666666665
B2,CC4,sys.1,OR129,OR129,Male,I4,2023-02-13T06:30:00Z,2023-02-13T18:30:00Z,20,12,TRUE,B2|sys.1|CC4,B2|OR129,1.6666666666666667,complete_clock_and_animal_span,TRUE,TRUE,TRUE,Inactive,I2,Male,B2,CON,CON,TRUE,TRUE,0,1.6666666666666667
B2,CC4,sys.1,OR129,OR129,Male,I5,2023-02-14T06:30:00Z,2023-02-14T18:30:00Z,16,12,TRUE,B2|sys.1|CC4,B2|OR129,1.3333333333333333,complete_clock_and_animal_span,TRUE,TRUE,TRUE,Inactive,I2,Male,B2,CON,CON,TRUE,TRUE,0,1.3333333333333333
B2,CC4,sys.2,OR104,OR104,Male,A1,2023-02-10T18:30:00Z,2023-02-11T06:30:00Z,204,12,TRUE,B2|sys.2|CC4,B2|OR104,17,complete_clock_and_animal_span,TRUE,TRUE,TRUE,Active,A2,Male,B2,RES,SIS,TRUE,TRUE,21.583333333333332,-4.583333333333332
B2,CC4,sys.2,OR104,OR104,Male,A2,2023-02-11T18:30:00Z,2023-02-12T06:30:00Z,259,12,TRUE,B2|sys.2|CC4,B2|OR104,21.583333333333332,complete_clock_and_animal_span,TRUE,TRUE,TRUE,Active,A2,Male,B2,RES,SIS,TRUE,TRUE,21.583333333333332,0
B2,CC4,sys.2,OR104,OR104,Male,A3,2023-02-12T18:30:00Z,2023-02-13T06:30:00Z,208,12,TRUE,B2|sys.2|CC4,B2|OR104,17.333333333333332,complete_clock_and_animal_span,TRUE,TRUE,TRUE,Active,A2,Male,B2,RES,SIS,TRUE,TRUE,21.583333333333332,-4.25
B2,CC4,sys.2,OR104,OR104,Male,A4,2023-02-13T18:30:00Z,2023-02-14T06:30:00Z,225,12,TRUE,B2|sys.2|CC4,B2|OR104,18.75,complete_clock_and_animal_span,TRUE,TRUE,TRUE,Active,A2,Male,B2,RES,SIS,TRUE,TRUE,21.583333333333332,-2.833333333333332
B2,CC4,sys.2,OR104,OR104,Male,A5,2023-02-14T18:30:00Z,2023-02-15T06:30:00Z,230,12,TRUE,B2|sys.2|CC4,B2|OR104,19.166666666666668,complete_clock_and_animal_span,TRUE,TRUE,TRUE,Active,A2,Male,B2,RES,SIS,TRUE,TRUE,21.583333333333332,-2.4166666666666643
B2,CC4,sys.2,OR104,OR104,Male,I2,2023-02-11T06:30:00Z,2023-02-11T18:30:00Z,12,12,TRUE,B2|sys.2|CC4,B2|OR104,1,complete_clock_and_animal_span,TRUE,TRUE,TRUE,Inactive,I2,Male,B2,RES,SIS,TRUE,TRUE,1,0
B2,CC4,sys.2,OR104,OR104,Male,I3,2023-02-12T06:30:00Z,2023-02-12T18:30:00Z,119,12,TRUE,B2|sys.2|CC4,B2|OR104,9.916666666666666,complete_clock_and_animal_span,TRUE,TRUE,TRUE,Inactive,I2,Male,B2,RES,SIS,TRUE,TRUE,1,8.916666666666666
B2,CC4,sys.2,OR104,OR104,Male,I4,2023-02-13T06:30:00Z,2023-02-13T18:30:00Z,51,12,TRUE,B2|sys.2|CC4,B2|OR104,4.25,complete_clock_and_animal_span,TRUE,TRUE,TRUE,Inactive,I2,Male,B2,RES,SIS,TRUE,TRUE,1,3.25
B2,CC4,sys.2,OR104,OR104,Male,I5,2023-02-14T06:30:00Z,2023-02-14T18:30:00Z,66,12,TRUE,B2|sys.2|CC4,B2|OR104,5.5,complete_clock_and_animal_span,TRUE,TRUE,TRUE,Inactive,I2,Male,B2,RES,SIS,TRUE,TRUE,1,4.5
B2,CC4,sys.2,OR122,OR122,Male,A1,2023-02-10T18:30:00Z,2023-02-11T06:30:00Z,354,12,TRUE,B2|sys.2|CC4,B2|OR122,29.5,complete_clock_and_animal_span,TRUE,TRUE,TRUE,Active,A2,Male,B2,RES,SIS,TRUE,TRUE,30,-0.5
B2,CC4,sys.2,OR122,OR122,Male,A2,2023-02-11T18:30:00Z,2023-02-12T06:30:00Z,360,12,TRUE,B2|sys.2|CC4,B2|OR122,30,complete_clock_and_animal_span,TRUE,TRUE,TRUE,Active,A2,Male,B2,RES,SIS,TRUE,TRUE,30,0
B2,CC4,sys.2,OR122,OR122,Male,A3,2023-02-12T18:30:00Z,2023-02-13T06:30:00Z,214,12,TRUE,B2|sys.2|CC4,B2|OR122,17.833333333333332,complete_clock_and_animal_span,TRUE,TRUE,TRUE,Active,A2,Male,B2,RES,SIS,TRUE,TRUE,30,-12.166666666666668
B2,CC4,sys.2,OR122,OR122,Male,A4,2023-02-13T18:30:00Z,2023-02-14T06:30:00Z,235,12,TRUE,B2|sys.2|CC4,B2|OR122,19.583333333333332,complete_clock_and_animal_span,TRUE,TRUE,TRUE,Active,A2,Male,B2,RES,SIS,TRUE,TRUE,30,-10.416666666666668
B2,CC4,sys.2,OR122,OR122,Male,A5,2023-02-14T18:30:00Z,2023-02-15T06:30:00Z,282,12,TRUE,B2|sys.2|CC4,B2|OR122,23.5,complete_clock_and_animal_span,TRUE,TRUE,TRUE,Active,A2,Male,B2,RES,SIS,TRUE,TRUE,30,-6.5
B2,CC4,sys.2,OR122,OR122,Male,I2,2023-02-11T06:30:00Z,2023-02-11T18:30:00Z,18,12,TRUE,B2|sys.2|CC4,B2|OR122,1.5,complete_clock_and_animal_span,TRUE,TRUE,TRUE,Inactive,I2,Male,B2,RES,SIS,TRUE,TRUE,1.5,0
B2,CC4,sys.2,OR122,OR122,Male,I3,2023-02-12T06:30:00Z,2023-02-12T18:30:00Z,112,12,TRUE,B2|sys.2|CC4,B2|OR122,9.333333333333334,complete_clock_and_animal_span,TRUE,TRUE,TRUE,Inactive,I2,Male,B2,RES,SIS,TRUE,TRUE,1.5,7.833333333333334
B2,CC4,sys.2,OR122,OR122,Male,I4,2023-02-13T06:30:00Z,2023-02-13T18:30:00Z,46,12,TRUE,B2|sys.2|CC4,B2|OR122,3.8333333333333335,complete_clock_and_animal_span,TRUE,TRUE,TRUE,Inactive,I2,Male,B2,RES,SIS,TRUE,TRUE,1.5,2.3333333333333335
B2,CC4,sys.2,OR122,OR122,Male,I5,2023-02-14T06:30:00Z,2023-02-14T18:30:00Z,43,12,TRUE,B2|sys.2|CC4,B2|OR122,3.5833333333333335,complete_clock_and_animal_span,TRUE,TRUE,TRUE,Inactive,I2,Male,B2,RES,SIS,TRUE,TRUE,1.5,2.0833333333333335
B2,CC4,sys.2,OR131,OR131,Male,A1,2023-02-10T18:30:00Z,2023-02-11T06:30:00Z,405,12,TRUE,B2|sys.2|CC4,B2|OR131,33.75,complete_clock_and_animal_span,TRUE,TRUE,TRUE,Active,A2,Male,B2,RES,SIS,TRUE,TRUE,35,-1.25
B2,CC4,sys.2,OR131,OR131,Male,A2,2023-02-11T18:30:00Z,2023-02-12T06:30:00Z,420,12,TRUE,B2|sys.2|CC4,B2|OR131,35,complete_clock_and_animal_span,TRUE,TRUE,TRUE,Active,A2,Male,B2,RES,SIS,TRUE,TRUE,35,0
B2,CC4,sys.2,OR131,OR131,Male,A3,2023-02-12T18:30:00Z,2023-02-13T06:30:00Z,258,12,TRUE,B2|sys.2|CC4,B2|OR131,21.5,complete_clock_and_animal_span,TRUE,TRUE,TRUE,Active,A2,Male,B2,RES,SIS,TRUE,TRUE,35,-13.5
B2,CC4,sys.2,OR131,OR131,Male,A4,2023-02-13T18:30:00Z,2023-02-14T06:30:00Z,256,12,TRUE,B2|sys.2|CC4,B2|OR131,21.333333333333332,complete_clock_and_animal_span,TRUE,TRUE,TRUE,Active,A2,Male,B2,RES,SIS,TRUE,TRUE,35,-13.666666666666668
B2,CC4,sys.2,OR131,OR131,Male,A5,2023-02-14T18:30:00Z,2023-02-15T06:30:00Z,284,12,TRUE,B2|sys.2|CC4,B2|OR131,23.666666666666668,complete_clock_and_animal_span,TRUE,TRUE,TRUE,Active,A2,Male,B2,RES,SIS,TRUE,TRUE,35,-11.333333333333332
B2,CC4,sys.2,OR131,OR131,Male,I2,2023-02-11T06:30:00Z,2023-02-11T18:30:00Z,19,12,TRUE,B2|sys.2|CC4,B2|OR131,1.5833333333333333,complete_clock_and_animal_span,TRUE,TRUE,TRUE,Inactive,I2,Male,B2,RES,SIS,TRUE,TRUE,1.5833333333333333,0
B2,CC4,sys.2,OR131,OR131,Male,I3,2023-02-12T06:30:00Z,2023-02-12T18:30:00Z,134,12,TRUE,B2|sys.2|CC4,B2|OR131,11.166666666666666,complete_clock_and_animal_span,TRUE,TRUE,TRUE,Inactive,I2,Male,B2,RES,SIS,TRUE,TRUE,1.5833333333333333,9.583333333333332
B2,CC4,sys.2,OR131,OR131,Male,I4,2023-02-13T06:30:00Z,2023-02-13T18:30:00Z,60,12,TRUE,B2|sys.2|CC4,B2|OR131,5,complete_clock_and_animal_span,TRUE,TRUE,TRUE,Inactive,I2,Male,B2,RES,SIS,TRUE,TRUE,1.5833333333333333,3.416666666666667
B2,CC4,sys.2,OR131,OR131,Male,I5,2023-02-14T06:30:00Z,2023-02-14T18:30:00Z,68,12,TRUE,B2|sys.2|CC4,B2|OR131,5.666666666666667,complete_clock_and_animal_span,TRUE,TRUE,TRUE,Inactive,I2,Male,B2,RES,SIS,TRUE,TRUE,1.5833333333333333,4.083333333333334
B2,CC4,sys.2,OR140,OR140,Male,A1,2023-02-10T18:30:00Z,2023-02-11T06:30:00Z,261,12,TRUE,B2|sys.2|CC4,B2|OR140,21.75,complete_clock_and_animal_span,TRUE,TRUE,TRUE,Active,A2,Male,B2,RES,SIS,TRUE,TRUE,20.166666666666668,1.5833333333333321
B2,CC4,sys.2,OR140,OR140,Male,A2,2023-02-11T18:30:00Z,2023-02-12T06:30:00Z,242,12,TRUE,B2|sys.2|CC4,B2|OR140,20.166666666666668,complete_clock_and_animal_span,TRUE,TRUE,TRUE,Active,A2,Male,B2,RES,SIS,TRUE,TRUE,20.166666666666668,0
B2,CC4,sys.2,OR140,OR140,Male,A3,2023-02-12T18:30:00Z,2023-02-13T06:30:00Z,200,12,TRUE,B2|sys.2|CC4,B2|OR140,16.666666666666668,complete_clock_and_animal_span,TRUE,TRUE,TRUE,Active,A2,Male,B2,RES,SIS,TRUE,TRUE,20.166666666666668,-3.5
B2,CC4,sys.2,OR140,OR140,Male,A4,2023-02-13T18:30:00Z,2023-02-14T06:30:00Z,206,12,TRUE,B2|sys.2|CC4,B2|OR140,17.166666666666668,complete_clock_and_animal_span,TRUE,TRUE,TRUE,Active,A2,Male,B2,RES,SIS,TRUE,TRUE,20.166666666666668,-3
B2,CC4,sys.2,OR140,OR140,Male,A5,2023-02-14T18:30:00Z,2023-02-15T06:30:00Z,244,12,TRUE,B2|sys.2|CC4,B2|OR140,20.333333333333332,complete_clock_and_animal_span,TRUE,TRUE,TRUE,Active,A2,Male,B2,RES,SIS,TRUE,TRUE,20.166666666666668,0.1666666666666643
B2,CC4,sys.2,OR140,OR140,Male,I2,2023-02-11T06:30:00Z,2023-02-11T18:30:00Z,41,12,TRUE,B2|sys.2|CC4,B2|OR140,3.4166666666666665,complete_clock_and_animal_span,TRUE,TRUE,TRUE,Inactive,I2,Male,B2,RES,SIS,TRUE,TRUE,3.4166666666666665,0
B2,CC4,sys.2,OR140,OR140,Male,I3,2023-02-12T06:30:00Z,2023-02-12T18:30:00Z,148,12,TRUE,B2|sys.2|CC4,B2|OR140,12.333333333333334,complete_clock_and_animal_span,TRUE,TRUE,TRUE,Inactive,I2,Male,B2,RES,SIS,TRUE,TRUE,3.4166666666666665,8.916666666666668
B2,CC4,sys.2,OR140,OR140,Male,I4,2023-02-13T06:30:00Z,2023-02-13T18:30:00Z,74,12,TRUE,B2|sys.2|CC4,B2|OR140,6.166666666666667,complete_clock_and_animal_span,TRUE,TRUE,TRUE,Inactive,I2,Male,B2,RES,SIS,TRUE,TRUE,3.4166666666666665,2.7500000000000004
B2,CC4,sys.2,OR140,OR140,Male,I5,2023-02-14T06:30:00Z,2023-02-14T18:30:00Z,88,12,TRUE,B2|sys.2|CC4,B2|OR140,7.333333333333333,complete_clock_and_animal_span,TRUE,TRUE,TRUE,Inactive,I2,Male,B2,RES,SIS,TRUE,TRUE,3.4166666666666665,3.9166666666666665
B2,CC4,sys.3,OR111,OR111,Male,A1,2023-02-10T18:30:00Z,2023-02-11T06:30:00Z,226,12,TRUE,B2|sys.3|CC4,B2|OR111,18.833333333333332,complete_clock_and_animal_span,TRUE,TRUE,TRUE,Active,A2,Male,B2,SUS,SIS,TRUE,TRUE,22.833333333333332,-4
B2,CC4,sys.3,OR111,OR111,Male,A2,2023-02-11T18:30:00Z,2023-02-12T06:30:00Z,274,12,TRUE,B2|sys.3|CC4,B2|OR111,22.833333333333332,complete_clock_and_animal_span,TRUE,TRUE,TRUE,Active,A2,Male,B2,SUS,SIS,TRUE,TRUE,22.833333333333332,0
B2,CC4,sys.3,OR111,OR111,Male,A3,2023-02-12T18:30:00Z,2023-02-13T06:30:00Z,216,12,TRUE,B2|sys.3|CC4,B2|OR111,18,complete_clock_and_animal_span,TRUE,TRUE,TRUE,Active,A2,Male,B2,SUS,SIS,TRUE,TRUE,22.833333333333332,-4.833333333333332
B2,CC4,sys.3,OR111,OR111,Male,A4,2023-02-13T18:30:00Z,2023-02-14T06:30:00Z,226,12,TRUE,B2|sys.3|CC4,B2|OR111,18.833333333333332,complete_clock_and_animal_span,TRUE,TRUE,TRUE,Active,A2,Male,B2,SUS,SIS,TRUE,TRUE,22.833333333333332,-4
B2,CC4,sys.3,OR111,OR111,Male,A5,2023-02-14T18:30:00Z,2023-02-15T06:30:00Z,204,12,TRUE,B2|sys.3|CC4,B2|OR111,17,complete_clock_and_animal_span,TRUE,TRUE,TRUE,Active,A2,Male,B2,SUS,SIS,TRUE,TRUE,22.833333333333332,-5.833333333333332
B2,CC4,sys.3,OR111,OR111,Male,I2,2023-02-11T06:30:00Z,2023-02-11T18:30:00Z,24,12,TRUE,B2|sys.3|CC4,B2|OR111,2,complete_clock_and_animal_span,TRUE,TRUE,TRUE,Inactive,I2,Male,B2,SUS,SIS,TRUE,TRUE,2,0
B2,CC4,sys.3,OR111,OR111,Male,I3,2023-02-12T06:30:00Z,2023-02-12T18:30:00Z,98,12,TRUE,B2|sys.3|CC4,B2|OR111,8.166666666666666,complete_clock_and_animal_span,TRUE,TRUE,TRUE,Inactive,I2,Male,B2,SUS,SIS,TRUE,TRUE,2,6.166666666666666
B2,CC4,sys.3,OR111,OR111,Male,I4,2023-02-13T06:30:00Z,2023-02-13T18:30:00Z,48,12,TRUE,B2|sys.3|CC4,B2|OR111,4,complete_clock_and_animal_span,TRUE,TRUE,TRUE,Inactive,I2,Male,B2,SUS,SIS,TRUE,TRUE,2,2
B2,CC4,sys.3,OR111,OR111,Male,I5,2023-02-14T06:30:00Z,2023-02-14T18:30:00Z,62,12,TRUE,B2|sys.3|CC4,B2|OR111,5.166666666666667,complete_clock_and_animal_span,TRUE,TRUE,TRUE,Inactive,I2,Male,B2,SUS,SIS,TRUE,TRUE,2,3.166666666666667
B2,CC4,sys.3,OR112,OR112,Male,A1,2023-02-10T18:30:00Z,2023-02-11T06:30:00Z,264,12,TRUE,B2|sys.3|CC4,B2|OR112,22,complete_clock_and_animal_span,TRUE,TRUE,TRUE,Active,A2,Male,B2,RES,SIS,TRUE,TRUE,27.333333333333332,-5.333333333333332
B2,CC4,sys.3,OR112,OR112,Male,A2,2023-02-11T18:30:00Z,2023-02-12T06:30:00Z,328,12,TRUE,B2|sys.3|CC4,B2|OR112,27.333333333333332,complete_clock_and_animal_span,TRUE,TRUE,TRUE,Active,A2,Male,B2,RES,SIS,TRUE,TRUE,27.333333333333332,0
B2,CC4,sys.3,OR112,OR112,Male,A3,2023-02-12T18:30:00Z,2023-02-13T06:30:00Z,252,12,TRUE,B2|sys.3|CC4,B2|OR112,21,complete_clock_and_animal_span,TRUE,TRUE,TRUE,Active,A2,Male,B2,RES,SIS,TRUE,TRUE,27.333333333333332,-6.333333333333332
B2,CC4,sys.3,OR112,OR112,Male,A4,2023-02-13T18:30:00Z,2023-02-14T06:30:00Z,276,12,TRUE,B2|sys.3|CC4,B2|OR112,23,complete_clock_and_animal_span,TRUE,TRUE,TRUE,Active,A2,Male,B2,RES,SIS,TRUE,TRUE,27.333333333333332,-4.333333333333332
B2,CC4,sys.3,OR112,OR112,Male,A5,2023-02-14T18:30:00Z,2023-02-15T06:30:00Z,268,12,TRUE,B2|sys.3|CC4,B2|OR112,22.333333333333332,complete_clock_and_animal_span,TRUE,TRUE,TRUE,Active,A2,Male,B2,RES,SIS,TRUE,TRUE,27.333333333333332,-5
B2,CC4,sys.3,OR112,OR112,Male,I2,2023-02-11T06:30:00Z,2023-02-11T18:30:00Z,22,12,TRUE,B2|sys.3|CC4,B2|OR112,1.8333333333333333,complete_clock_and_animal_span,TRUE,TRUE,TRUE,Inactive,I2,Male,B2,RES,SIS,TRUE,TRUE,1.8333333333333333,0
B2,CC4,sys.3,OR112,OR112,Male,I3,2023-02-12T06:30:00Z,2023-02-12T18:30:00Z,104,12,TRUE,B2|sys.3|CC4,B2|OR112,8.666666666666666,complete_clock_and_animal_span,TRUE,TRUE,TRUE,Inactive,I2,Male,B2,RES,SIS,TRUE,TRUE,1.8333333333333333,6.833333333333333
B2,CC4,sys.3,OR112,OR112,Male,I4,2023-02-13T06:30:00Z,2023-02-13T18:30:00Z,58,12,TRUE,B2|sys.3|CC4,B2|OR112,4.833333333333333,complete_clock_and_animal_span,TRUE,TRUE,TRUE,Inactive,I2,Male,B2,RES,SIS,TRUE,TRUE,1.8333333333333333,3
B2,CC4,sys.3,OR112,OR112,Male,I5,2023-02-14T06:30:00Z,2023-02-14T18:30:00Z,70,12,TRUE,B2|sys.3|CC4,B2|OR112,5.833333333333333,complete_clock_and_animal_span,TRUE,TRUE,TRUE,Inactive,I2,Male,B2,RES,SIS,TRUE,TRUE,1.8333333333333333,4
B2,CC4,sys.3,OR134,OR134,Male,A1,2023-02-10T18:30:00Z,2023-02-11T06:30:00Z,334,12,TRUE,B2|sys.3|CC4,B2|OR134,27.833333333333332,complete_clock_and_animal_span,TRUE,TRUE,TRUE,Active,A2,Male,B2,RES,SIS,TRUE,TRUE,31.833333333333332,-4
B2,CC4,sys.3,OR134,OR134,Male,A2,2023-02-11T18:30:00Z,2023-02-12T06:30:00Z,382,12,TRUE,B2|sys.3|CC4,B2|OR134,31.833333333333332,complete_clock_and_animal_span,TRUE,TRUE,TRUE,Active,A2,Male,B2,RES,SIS,TRUE,TRUE,31.833333333333332,0
B2,CC4,sys.3,OR134,OR134,Male,A3,2023-02-12T18:30:00Z,2023-02-13T06:30:00Z,242,12,TRUE,B2|sys.3|CC4,B2|OR134,20.166666666666668,complete_clock_and_animal_span,TRUE,TRUE,TRUE,Active,A2,Male,B2,RES,SIS,TRUE,TRUE,31.833333333333332,-11.666666666666664
B2,CC4,sys.3,OR134,OR134,Male,A4,2023-02-13T18:30:00Z,2023-02-14T06:30:00Z,290,12,TRUE,B2|sys.3|CC4,B2|OR134,24.166666666666668,complete_clock_and_animal_span,TRUE,TRUE,TRUE,Active,A2,Male,B2,RES,SIS,TRUE,TRUE,31.833333333333332,-7.666666666666664
B2,CC4,sys.3,OR134,OR134,Male,A5,2023-02-14T18:30:00Z,2023-02-15T06:30:00Z,333,12,TRUE,B2|sys.3|CC4,B2|OR134,27.75,complete_clock_and_animal_span,TRUE,TRUE,TRUE,Active,A2,Male,B2,RES,SIS,TRUE,TRUE,31.833333333333332,-4.083333333333332
B2,CC4,sys.3,OR134,OR134,Male,I2,2023-02-11T06:30:00Z,2023-02-11T18:30:00Z,24,12,TRUE,B2|sys.3|CC4,B2|OR134,2,complete_clock_and_animal_span,TRUE,TRUE,TRUE,Inactive,I2,Male,B2,RES,SIS,TRUE,TRUE,2,0
B2,CC4,sys.3,OR134,OR134,Male,I3,2023-02-12T06:30:00Z,2023-02-12T18:30:00Z,88,12,TRUE,B2|sys.3|CC4,B2|OR134,7.333333333333333,complete_clock_and_animal_span,TRUE,TRUE,TRUE,Inactive,I2,Male,B2,RES,SIS,TRUE,TRUE,2,5.333333333333333
B2,CC4,sys.3,OR134,OR134,Male,I4,2023-02-13T06:30:00Z,2023-02-13T18:30:00Z,63,12,TRUE,B2|sys.3|CC4,B2|OR134,5.25,complete_clock_and_animal_span,TRUE,TRUE,TRUE,Inactive,I2,Male,B2,RES,SIS,TRUE,TRUE,2,3.25
B2,CC4,sys.3,OR134,OR134,Male,I5,2023-02-14T06:30:00Z,2023-02-14T18:30:00Z,53,12,TRUE,B2|sys.3|CC4,B2|OR134,4.416666666666667,complete_clock_and_animal_span,TRUE,TRUE,TRUE,Inactive,I2,Male,B2,RES,SIS,TRUE,TRUE,2,2.416666666666667
B2,CC4,sys.3,OR139,OR139,Male,A1,2023-02-10T18:30:00Z,2023-02-11T06:30:00Z,306,12,TRUE,B2|sys.3|CC4,B2|OR139,25.5,complete_clock_and_animal_span,TRUE,TRUE,TRUE,Active,A2,Male,B2,RES,SIS,TRUE,TRUE,25,0.5
B2,CC4,sys.3,OR139,OR139,Male,A2,2023-02-11T18:30:00Z,2023-02-12T06:30:00Z,300,12,TRUE,B2|sys.3|CC4,B2|OR139,25,complete_clock_and_animal_span,TRUE,TRUE,TRUE,Active,A2,Male,B2,RES,SIS,TRUE,TRUE,25,0
B2,CC4,sys.3,OR139,OR139,Male,A3,2023-02-12T18:30:00Z,2023-02-13T06:30:00Z,236,12,TRUE,B2|sys.3|CC4,B2|OR139,19.666666666666668,complete_clock_and_animal_span,TRUE,TRUE,TRUE,Active,A2,Male,B2,RES,SIS,TRUE,TRUE,25,-5.333333333333332
B2,CC4,sys.3,OR139,OR139,Male,A4,2023-02-13T18:30:00Z,2023-02-14T06:30:00Z,258,12,TRUE,B2|sys.3|CC4,B2|OR139,21.5,complete_clock_and_animal_span,TRUE,TRUE,TRUE,Active,A2,Male,B2,RES,SIS,TRUE,TRUE,25,-3.5
B2,CC4,sys.3,OR139,OR139,Male,A5,2023-02-14T18:30:00Z,2023-02-15T06:30:00Z,285,12,TRUE,B2|sys.3|CC4,B2|OR139,23.75,complete_clock_and_animal_span,TRUE,TRUE,TRUE,Active,A2,Male,B2,RES,SIS,TRUE,TRUE,25,-1.25
B2,CC4,sys.3,OR139,OR139,Male,I2,2023-02-11T06:30:00Z,2023-02-11T18:30:00Z,32,12,TRUE,B2|sys.3|CC4,B2|OR139,2.6666666666666665,complete_clock_and_animal_span,TRUE,TRUE,TRUE,Inactive,I2,Male,B2,RES,SIS,TRUE,TRUE,2.6666666666666665,0
B2,CC4,sys.3,OR139,OR139,Male,I3,2023-02-12T06:30:00Z,2023-02-12T18:30:00Z,164,12,TRUE,B2|sys.3|CC4,B2|OR139,13.666666666666666,complete_clock_and_animal_span,TRUE,TRUE,TRUE,Inactive,I2,Male,B2,RES,SIS,TRUE,TRUE,2.6666666666666665,11
B2,CC4,sys.3,OR139,OR139,Male,I4,2023-02-13T06:30:00Z,2023-02-13T18:30:00Z,78,12,TRUE,B2|sys.3|CC4,B2|OR139,6.5,complete_clock_and_animal_span,TRUE,TRUE,TRUE,Inactive,I2,Male,B2,RES,SIS,TRUE,TRUE,2.6666666666666665,3.8333333333333335
B2,CC4,sys.3,OR139,OR139,Male,I5,2023-02-14T06:30:00Z,2023-02-14T18:30:00Z,69,12,TRUE,B2|sys.3|CC4,B2|OR139,5.75,complete_clock_and_animal_span,TRUE,TRUE,TRUE,Inactive,I2,Male,B2,RES,SIS,TRUE,TRUE,2.6666666666666665,3.0833333333333335
B2,CC4,sys.4,OR105,OR105,Male,A1,2023-02-10T18:30:00Z,2023-02-11T06:30:00Z,287,12,TRUE,B2|sys.4|CC4,B2|OR105,23.916666666666668,complete_clock_and_animal_span,TRUE,TRUE,TRUE,Active,A2,Male,B2,RES,SIS,TRUE,TRUE,37.25,-13.333333333333332
B2,CC4,sys.4,OR105,OR105,Male,A2,2023-02-11T18:30:00Z,2023-02-12T06:30:00Z,447,12,TRUE,B2|sys.4|CC4,B2|OR105,37.25,complete_clock_and_animal_span,TRUE,TRUE,TRUE,Active,A2,Male,B2,RES,SIS,TRUE,TRUE,37.25,0
B2,CC4,sys.4,OR105,OR105,Male,A3,2023-02-12T18:30:00Z,2023-02-13T06:30:00Z,242,12,TRUE,B2|sys.4|CC4,B2|OR105,20.166666666666668,complete_clock_and_animal_span,TRUE,TRUE,TRUE,Active,A2,Male,B2,RES,SIS,TRUE,TRUE,37.25,-17.083333333333332
B2,CC4,sys.4,OR105,OR105,Male,A4,2023-02-13T18:30:00Z,2023-02-14T06:30:00Z,228,12,TRUE,B2|sys.4|CC4,B2|OR105,19,complete_clock_and_animal_span,TRUE,TRUE,TRUE,Active,A2,Male,B2,RES,SIS,TRUE,TRUE,37.25,-18.25
B2,CC4,sys.4,OR105,OR105,Male,A5,2023-02-14T18:30:00Z,2023-02-15T06:30:00Z,261,12,TRUE,B2|sys.4|CC4,B2|OR105,21.75,complete_clock_and_animal_span,TRUE,TRUE,TRUE,Active,A2,Male,B2,RES,SIS,TRUE,TRUE,37.25,-15.5
B2,CC4,sys.4,OR105,OR105,Male,I2,2023-02-11T06:30:00Z,2023-02-11T18:30:00Z,25,12,TRUE,B2|sys.4|CC4,B2|OR105,2.0833333333333335,complete_clock_and_animal_span,TRUE,TRUE,TRUE,Inactive,I2,Male,B2,RES,SIS,TRUE,TRUE,2.0833333333333335,0
B2,CC4,sys.4,OR105,OR105,Male,I3,2023-02-12T06:30:00Z,2023-02-12T18:30:00Z,150,12,TRUE,B2|sys.4|CC4,B2|OR105,12.5,complete_clock_and_animal_span,TRUE,TRUE,TRUE,Inactive,I2,Male,B2,RES,SIS,TRUE,TRUE,2.0833333333333335,10.416666666666666
B2,CC4,sys.4,OR105,OR105,Male,I4,2023-02-13T06:30:00Z,2023-02-13T18:30:00Z,100,12,TRUE,B2|sys.4|CC4,B2|OR105,8.333333333333334,complete_clock_and_animal_span,TRUE,TRUE,TRUE,Inactive,I2,Male,B2,RES,SIS,TRUE,TRUE,2.0833333333333335,6.25
B2,CC4,sys.4,OR105,OR105,Male,I5,2023-02-14T06:30:00Z,2023-02-14T18:30:00Z,78,12,TRUE,B2|sys.4|CC4,B2|OR105,6.5,complete_clock_and_animal_span,TRUE,TRUE,TRUE,Inactive,I2,Male,B2,RES,SIS,TRUE,TRUE,2.0833333333333335,4.416666666666666
B2,CC4,sys.4,OR120,OR120,Male,A1,2023-02-10T18:30:00Z,2023-02-11T06:30:00Z,359,12,TRUE,B2|sys.4|CC4,B2|OR120,29.916666666666668,complete_clock_and_animal_span,TRUE,TRUE,TRUE,Active,A2,Male,B2,RES,SIS,TRUE,TRUE,30.583333333333332,-0.6666666666666643
B2,CC4,sys.4,OR120,OR120,Male,A2,2023-02-11T18:30:00Z,2023-02-12T06:30:00Z,367,12,TRUE,B2|sys.4|CC4,B2|OR120,30.583333333333332,complete_clock_and_animal_span,TRUE,TRUE,TRUE,Active,A2,Male,B2,RES,SIS,TRUE,TRUE,30.583333333333332,0
B2,CC4,sys.4,OR120,OR120,Male,A3,2023-02-12T18:30:00Z,2023-02-13T06:30:00Z,270,12,TRUE,B2|sys.4|CC4,B2|OR120,22.5,complete_clock_and_animal_span,TRUE,TRUE,TRUE,Active,A2,Male,B2,RES,SIS,TRUE,TRUE,30.583333333333332,-8.083333333333332
B2,CC4,sys.4,OR120,OR120,Male,A4,2023-02-13T18:30:00Z,2023-02-14T06:30:00Z,328,12,TRUE,B2|sys.4|CC4,B2|OR120,27.333333333333332,complete_clock_and_animal_span,TRUE,TRUE,TRUE,Active,A2,Male,B2,RES,SIS,TRUE,TRUE,30.583333333333332,-3.25
B2,CC4,sys.4,OR120,OR120,Male,A5,2023-02-14T18:30:00Z,2023-02-15T06:30:00Z,300,12,TRUE,B2|sys.4|CC4,B2|OR120,25,complete_clock_and_animal_span,TRUE,TRUE,TRUE,Active,A2,Male,B2,RES,SIS,TRUE,TRUE,30.583333333333332,-5.583333333333332
B2,CC4,sys.4,OR120,OR120,Male,I2,2023-02-11T06:30:00Z,2023-02-11T18:30:00Z,15,12,TRUE,B2|sys.4|CC4,B2|OR120,1.25,complete_clock_and_animal_span,TRUE,TRUE,TRUE,Inactive,I2,Male,B2,RES,SIS,TRUE,TRUE,1.25,0
B2,CC4,sys.4,OR120,OR120,Male,I3,2023-02-12T06:30:00Z,2023-02-12T18:30:00Z,129,12,TRUE,B2|sys.4|CC4,B2|OR120,10.75,complete_clock_and_animal_span,TRUE,TRUE,TRUE,Inactive,I2,Male,B2,RES,SIS,TRUE,TRUE,1.25,9.5
B2,CC4,sys.4,OR120,OR120,Male,I4,2023-02-13T06:30:00Z,2023-02-13T18:30:00Z,76,12,TRUE,B2|sys.4|CC4,B2|OR120,6.333333333333333,complete_clock_and_animal_span,TRUE,TRUE,TRUE,Inactive,I2,Male,B2,RES,SIS,TRUE,TRUE,1.25,5.083333333333333
B2,CC4,sys.4,OR120,OR120,Male,I5,2023-02-14T06:30:00Z,2023-02-14T18:30:00Z,64,12,TRUE,B2|sys.4|CC4,B2|OR120,5.333333333333333,complete_clock_and_animal_span,TRUE,TRUE,TRUE,Inactive,I2,Male,B2,RES,SIS,TRUE,TRUE,1.25,4.083333333333333
B2,CC4,sys.4,OR130,OR130,Male,A1,2023-02-10T18:30:00Z,2023-02-11T06:30:00Z,350,12,TRUE,B2|sys.4|CC4,B2|OR130,29.166666666666668,complete_clock_and_animal_span,TRUE,TRUE,TRUE,Active,A2,Male,B2,RES,SIS,TRUE,TRUE,31.25,-2.083333333333332
B2,CC4,sys.4,OR130,OR130,Male,A2,2023-02-11T18:30:00Z,2023-02-12T06:30:00Z,375,12,TRUE,B2|sys.4|CC4,B2|OR130,31.25,complete_clock_and_animal_span,TRUE,TRUE,TRUE,Active,A2,Male,B2,RES,SIS,TRUE,TRUE,31.25,0
B2,CC4,sys.4,OR130,OR130,Male,A3,2023-02-12T18:30:00Z,2023-02-13T06:30:00Z,272,12,TRUE,B2|sys.4|CC4,B2|OR130,22.666666666666668,complete_clock_and_animal_span,TRUE,TRUE,TRUE,Active,A2,Male,B2,RES,SIS,TRUE,TRUE,31.25,-8.583333333333332
B2,CC4,sys.4,OR130,OR130,Male,A4,2023-02-13T18:30:00Z,2023-02-14T06:30:00Z,336,12,TRUE,B2|sys.4|CC4,B2|OR130,28,complete_clock_and_animal_span,TRUE,TRUE,TRUE,Active,A2,Male,B2,RES,SIS,TRUE,TRUE,31.25,-3.25
B2,CC4,sys.4,OR130,OR130,Male,A5,2023-02-14T18:30:00Z,2023-02-15T06:30:00Z,341,12,TRUE,B2|sys.4|CC4,B2|OR130,28.416666666666668,complete_clock_and_animal_span,TRUE,TRUE,TRUE,Active,A2,Male,B2,RES,SIS,TRUE,TRUE,31.25,-2.833333333333332
B2,CC4,sys.4,OR130,OR130,Male,I2,2023-02-11T06:30:00Z,2023-02-11T18:30:00Z,22,12,TRUE,B2|sys.4|CC4,B2|OR130,1.8333333333333333,complete_clock_and_animal_span,TRUE,TRUE,TRUE,Inactive,I2,Male,B2,RES,SIS,TRUE,TRUE,1.8333333333333333,0
B2,CC4,sys.4,OR130,OR130,Male,I3,2023-02-12T06:30:00Z,2023-02-12T18:30:00Z,137,12,TRUE,B2|sys.4|CC4,B2|OR130,11.416666666666666,complete_clock_and_animal_span,TRUE,TRUE,TRUE,Inactive,I2,Male,B2,RES,SIS,TRUE,TRUE,1.8333333333333333,9.583333333333332
B2,CC4,sys.4,OR130,OR130,Male,I4,2023-02-13T06:30:00Z,2023-02-13T18:30:00Z,88,12,TRUE,B2|sys.4|CC4,B2|OR130,7.333333333333333,complete_clock_and_animal_span,TRUE,TRUE,TRUE,Inactive,I2,Male,B2,RES,SIS,TRUE,TRUE,1.8333333333333333,5.5
B2,CC4,sys.4,OR130,OR130,Male,I5,2023-02-14T06:30:00Z,2023-02-14T18:30:00Z,63,12,TRUE,B2|sys.4|CC4,B2|OR130,5.25,complete_clock_and_animal_span,TRUE,TRUE,TRUE,Inactive,I2,Male,B2,RES,SIS,TRUE,TRUE,1.8333333333333333,3.416666666666667
B2,CC4,sys.4,OR141,OR141,Male,A1,2023-02-10T18:30:00Z,2023-02-11T06:30:00Z,303,12,TRUE,B2|sys.4|CC4,B2|OR141,25.25,complete_clock_and_animal_span,TRUE,TRUE,TRUE,Active,A2,Male,B2,RES,SIS,TRUE,TRUE,29.333333333333332,-4.083333333333332
B2,CC4,sys.4,OR141,OR141,Male,A2,2023-02-11T18:30:00Z,2023-02-12T06:30:00Z,352,12,TRUE,B2|sys.4|CC4,B2|OR141,29.333333333333332,complete_clock_and_animal_span,TRUE,TRUE,TRUE,Active,A2,Male,B2,RES,SIS,TRUE,TRUE,29.333333333333332,0
B2,CC4,sys.4,OR141,OR141,Male,A3,2023-02-12T18:30:00Z,2023-02-13T06:30:00Z,207,12,TRUE,B2|sys.4|CC4,B2|OR141,17.25,complete_clock_and_animal_span,TRUE,TRUE,TRUE,Active,A2,Male,B2,RES,SIS,TRUE,TRUE,29.333333333333332,-12.083333333333332
B2,CC4,sys.4,OR141,OR141,Male,A4,2023-02-13T18:30:00Z,2023-02-14T06:30:00Z,186,12,TRUE,B2|sys.4|CC4,B2|OR141,15.5,complete_clock_and_animal_span,TRUE,TRUE,TRUE,Active,A2,Male,B2,RES,SIS,TRUE,TRUE,29.333333333333332,-13.833333333333332
B2,CC4,sys.4,OR141,OR141,Male,A5,2023-02-14T18:30:00Z,2023-02-15T06:30:00Z,240,12,TRUE,B2|sys.4|CC4,B2|OR141,20,complete_clock_and_animal_span,TRUE,TRUE,TRUE,Active,A2,Male,B2,RES,SIS,TRUE,TRUE,29.333333333333332,-9.333333333333332
B2,CC4,sys.4,OR141,OR141,Male,I2,2023-02-11T06:30:00Z,2023-02-11T18:30:00Z,30,12,TRUE,B2|sys.4|CC4,B2|OR141,2.5,complete_clock_and_animal_span,TRUE,TRUE,TRUE,Inactive,I2,Male,B2,RES,SIS,TRUE,TRUE,2.5,0
B2,CC4,sys.4,OR141,OR141,Male,I3,2023-02-12T06:30:00Z,2023-02-12T18:30:00Z,129,12,TRUE,B2|sys.4|CC4,B2|OR141,10.75,complete_clock_and_animal_span,TRUE,TRUE,TRUE,Inactive,I2,Male,B2,RES,SIS,TRUE,TRUE,2.5,8.25
B2,CC4,sys.4,OR141,OR141,Male,I4,2023-02-13T06:30:00Z,2023-02-13T18:30:00Z,90,12,TRUE,B2|sys.4|CC4,B2|OR141,7.5,complete_clock_and_animal_span,TRUE,TRUE,TRUE,Inactive,I2,Male,B2,RES,SIS,TRUE,TRUE,2.5,5
B2,CC4,sys.4,OR141,OR141,Male,I5,2023-02-14T06:30:00Z,2023-02-14T18:30:00Z,70,12,TRUE,B2|sys.4|CC4,B2|OR141,5.833333333333333,complete_clock_and_animal_span,TRUE,TRUE,TRUE,Inactive,I2,Male,B2,RES,SIS,TRUE,TRUE,2.5,3.333333333333333
B2,CC4,sys.5,OR106,OR106,Male,A1,2023-02-10T18:30:00Z,2023-02-11T06:30:00Z,268,12,TRUE,B2|sys.5|CC4,B2|OR106,22.333333333333332,complete_clock_and_animal_span,TRUE,TRUE,TRUE,Active,A2,Male,B2,RES,SIS,TRUE,TRUE,24.666666666666668,-2.3333333333333357
B2,CC4,sys.5,OR106,OR106,Male,A2,2023-02-11T18:30:00Z,2023-02-12T06:30:00Z,296,12,TRUE,B2|sys.5|CC4,B2|OR106,24.666666666666668,complete_clock_and_animal_span,TRUE,TRUE,TRUE,Active,A2,Male,B2,RES,SIS,TRUE,TRUE,24.666666666666668,0
B2,CC4,sys.5,OR106,OR106,Male,A3,2023-02-12T18:30:00Z,2023-02-13T06:30:00Z,179,12,TRUE,B2|sys.5|CC4,B2|OR106,14.916666666666666,complete_clock_and_animal_span,TRUE,TRUE,TRUE,Active,A2,Male,B2,RES,SIS,TRUE,TRUE,24.666666666666668,-9.750000000000002
B2,CC4,sys.5,OR106,OR106,Male,A4,2023-02-13T18:30:00Z,2023-02-14T06:30:00Z,198,12,TRUE,B2|sys.5|CC4,B2|OR106,16.5,complete_clock_and_animal_span,TRUE,TRUE,TRUE,Active,A2,Male,B2,RES,SIS,TRUE,TRUE,24.666666666666668,-8.166666666666668
B2,CC4,sys.5,OR106,OR106,Male,A5,2023-02-14T18:30:00Z,2023-02-15T06:30:00Z,178,12,TRUE,B2|sys.5|CC4,B2|OR106,14.833333333333334,complete_clock_and_animal_span,TRUE,TRUE,TRUE,Active,A2,Male,B2,RES,SIS,TRUE,TRUE,24.666666666666668,-9.833333333333334
B2,CC4,sys.5,OR106,OR106,Male,I2,2023-02-11T06:30:00Z,2023-02-11T18:30:00Z,50,12,TRUE,B2|sys.5|CC4,B2|OR106,4.166666666666667,complete_clock_and_animal_span,TRUE,TRUE,TRUE,Inactive,I2,Male,B2,RES,SIS,TRUE,TRUE,4.166666666666667,0
B2,CC4,sys.5,OR106,OR106,Male,I3,2023-02-12T06:30:00Z,2023-02-12T18:30:00Z,134,12,TRUE,B2|sys.5|CC4,B2|OR106,11.166666666666666,complete_clock_and_animal_span,TRUE,TRUE,TRUE,Inactive,I2,Male,B2,RES,SIS,TRUE,TRUE,4.166666666666667,6.999999999999999
B2,CC4,sys.5,OR106,OR106,Male,I4,2023-02-13T06:30:00Z,2023-02-13T18:30:00Z,67,12,TRUE,B2|sys.5|CC4,B2|OR106,5.583333333333333,complete_clock_and_animal_span,TRUE,TRUE,TRUE,Inactive,I2,Male,B2,RES,SIS,TRUE,TRUE,4.166666666666667,1.416666666666666
B2,CC4,sys.5,OR106,OR106,Male,I5,2023-02-14T06:30:00Z,2023-02-14T18:30:00Z,74,12,TRUE,B2|sys.5|CC4,B2|OR106,6.166666666666667,complete_clock_and_animal_span,TRUE,TRUE,TRUE,Inactive,I2,Male,B2,RES,SIS,TRUE,TRUE,4.166666666666667,2
B2,CC4,sys.5,OR113,OR113,Male,A1,2023-02-10T18:30:00Z,2023-02-11T06:30:00Z,306,12,TRUE,B2|sys.5|CC4,B2|OR113,25.5,complete_clock_and_animal_span,TRUE,TRUE,TRUE,Active,A2,Male,B2,SUS,SIS,TRUE,TRUE,25.5,0
B2,CC4,sys.5,OR113,OR113,Male,A2,2023-02-11T18:30:00Z,2023-02-12T06:30:00Z,306,12,TRUE,B2|sys.5|CC4,B2|OR113,25.5,complete_clock_and_animal_span,TRUE,TRUE,TRUE,Active,A2,Male,B2,SUS,SIS,TRUE,TRUE,25.5,0
B2,CC4,sys.5,OR113,OR113,Male,A3,2023-02-12T18:30:00Z,2023-02-13T06:30:00Z,219,12,TRUE,B2|sys.5|CC4,B2|OR113,18.25,complete_clock_and_animal_span,TRUE,TRUE,TRUE,Active,A2,Male,B2,SUS,SIS,TRUE,TRUE,25.5,-7.25
B2,CC4,sys.5,OR113,OR113,Male,A4,2023-02-13T18:30:00Z,2023-02-14T06:30:00Z,240,12,TRUE,B2|sys.5|CC4,B2|OR113,20,complete_clock_and_animal_span,TRUE,TRUE,TRUE,Active,A2,Male,B2,SUS,SIS,TRUE,TRUE,25.5,-5.5
B2,CC4,sys.5,OR113,OR113,Male,A5,2023-02-14T18:30:00Z,2023-02-15T06:30:00Z,292,12,TRUE,B2|sys.5|CC4,B2|OR113,24.333333333333332,complete_clock_and_animal_span,TRUE,TRUE,TRUE,Active,A2,Male,B2,SUS,SIS,TRUE,TRUE,25.5,-1.1666666666666679
B2,CC4,sys.5,OR113,OR113,Male,I2,2023-02-11T06:30:00Z,2023-02-11T18:30:00Z,18,12,TRUE,B2|sys.5|CC4,B2|OR113,1.5,complete_clock_and_animal_span,TRUE,TRUE,TRUE,Inactive,I2,Male,B2,SUS,SIS,TRUE,TRUE,1.5,0
B2,CC4,sys.5,OR113,OR113,Male,I3,2023-02-12T06:30:00Z,2023-02-12T18:30:00Z,114,12,TRUE,B2|sys.5|CC4,B2|OR113,9.5,complete_clock_and_animal_span,TRUE,TRUE,TRUE,Inactive,I2,Male,B2,SUS,SIS,TRUE,TRUE,1.5,8
B2,CC4,sys.5,OR113,OR113,Male,I4,2023-02-13T06:30:00Z,2023-02-13T18:30:00Z,31,12,TRUE,B2|sys.5|CC4,B2|OR113,2.5833333333333335,complete_clock_and_animal_span,TRUE,TRUE,TRUE,Inactive,I2,Male,B2,SUS,SIS,TRUE,TRUE,1.5,1.0833333333333335
B2,CC4,sys.5,OR113,OR113,Male,I5,2023-02-14T06:30:00Z,2023-02-14T18:30:00Z,50,12,TRUE,B2|sys.5|CC4,B2|OR113,4.166666666666667,complete_clock_and_animal_span,TRUE,TRUE,TRUE,Inactive,I2,Male,B2,SUS,SIS,TRUE,TRUE,1.5,2.666666666666667
B2,CC4,sys.5,OR135,OR135,Male,A1,2023-02-10T18:30:00Z,2023-02-11T06:30:00Z,374,12,TRUE,B2|sys.5|CC4,B2|OR135,31.166666666666668,complete_clock_and_animal_span,TRUE,TRUE,TRUE,Active,A2,Male,B2,RES,SIS,TRUE,TRUE,28.5,2.666666666666668
B2,CC4,sys.5,OR135,OR135,Male,A2,2023-02-11T18:30:00Z,2023-02-12T06:30:00Z,342,12,TRUE,B2|sys.5|CC4,B2|OR135,28.5,complete_clock_and_animal_span,TRUE,TRUE,TRUE,Active,A2,Male,B2,RES,SIS,TRUE,TRUE,28.5,0
B2,CC4,sys.5,OR135,OR135,Male,A3,2023-02-12T18:30:00Z,2023-02-13T06:30:00Z,272,12,TRUE,B2|sys.5|CC4,B2|OR135,22.666666666666668,complete_clock_and_animal_span,TRUE,TRUE,TRUE,Active,A2,Male,B2,RES,SIS,TRUE,TRUE,28.5,-5.833333333333332
B2,CC4,sys.5,OR135,OR135,Male,A4,2023-02-13T18:30:00Z,2023-02-14T06:30:00Z,289,12,TRUE,B2|sys.5|CC4,B2|OR135,24.083333333333332,complete_clock_and_animal_span,TRUE,TRUE,TRUE,Active,A2,Male,B2,RES,SIS,TRUE,TRUE,28.5,-4.416666666666668
B2,CC4,sys.5,OR135,OR135,Male,A5,2023-02-14T18:30:00Z,2023-02-15T06:30:00Z,319,12,TRUE,B2|sys.5|CC4,B2|OR135,26.583333333333332,complete_clock_and_animal_span,TRUE,TRUE,TRUE,Active,A2,Male,B2,RES,SIS,TRUE,TRUE,28.5,-1.9166666666666679
B2,CC4,sys.5,OR135,OR135,Male,I2,2023-02-11T06:30:00Z,2023-02-11T18:30:00Z,32,12,TRUE,B2|sys.5|CC4,B2|OR135,2.6666666666666665,complete_clock_and_animal_span,TRUE,TRUE,TRUE,Inactive,I2,Male,B2,RES,SIS,TRUE,TRUE,2.6666666666666665,0
B2,CC4,sys.5,OR135,OR135,Male,I3,2023-02-12T06:30:00Z,2023-02-12T18:30:00Z,112,12,TRUE,B2|sys.5|CC4,B2|OR135,9.333333333333334,complete_clock_and_animal_span,TRUE,TRUE,TRUE,Inactive,I2,Male,B2,RES,SIS,TRUE,TRUE,2.6666666666666665,6.666666666666668
B2,CC4,sys.5,OR135,OR135,Male,I4,2023-02-13T06:30:00Z,2023-02-13T18:30:00Z,65,12,TRUE,B2|sys.5|CC4,B2|OR135,5.416666666666667,complete_clock_and_animal_span,TRUE,TRUE,TRUE,Inactive,I2,Male,B2,RES,SIS,TRUE,TRUE,2.6666666666666665,2.7500000000000004
B2,CC4,sys.5,OR135,OR135,Male,I5,2023-02-14T06:30:00Z,2023-02-14T18:30:00Z,96,12,TRUE,B2|sys.5|CC4,B2|OR135,8,complete_clock_and_animal_span,TRUE,TRUE,TRUE,Inactive,I2,Male,B2,RES,SIS,TRUE,TRUE,2.6666666666666665,5.333333333333334
B2,CC4,sys.5,OR138,OR138,Male,A1,2023-02-10T18:30:00Z,2023-02-11T06:30:00Z,318,12,TRUE,B2|sys.5|CC4,B2|OR138,26.5,complete_clock_and_animal_span,TRUE,TRUE,TRUE,Active,A2,Male,B2,RES,SIS,TRUE,TRUE,32.583333333333336,-6.083333333333336
B2,CC4,sys.5,OR138,OR138,Male,A2,2023-02-11T18:30:00Z,2023-02-12T06:30:00Z,391,12,TRUE,B2|sys.5|CC4,B2|OR138,32.583333333333336,complete_clock_and_animal_span,TRUE,TRUE,TRUE,Active,A2,Male,B2,RES,SIS,TRUE,TRUE,32.583333333333336,0
B2,CC4,sys.5,OR138,OR138,Male,A3,2023-02-12T18:30:00Z,2023-02-13T06:30:00Z,240,12,TRUE,B2|sys.5|CC4,B2|OR138,20,complete_clock_and_animal_span,TRUE,TRUE,TRUE,Active,A2,Male,B2,RES,SIS,TRUE,TRUE,32.583333333333336,-12.583333333333336
B2,CC4,sys.5,OR138,OR138,Male,A4,2023-02-13T18:30:00Z,2023-02-14T06:30:00Z,285,12,TRUE,B2|sys.5|CC4,B2|OR138,23.75,complete_clock_and_animal_span,TRUE,TRUE,TRUE,Active,A2,Male,B2,RES,SIS,TRUE,TRUE,32.583333333333336,-8.833333333333336
B2,CC4,sys.5,OR138,OR138,Male,A5,2023-02-14T18:30:00Z,2023-02-15T06:30:00Z,394,12,TRUE,B2|sys.5|CC4,B2|OR138,32.833333333333336,complete_clock_and_animal_span,TRUE,TRUE,TRUE,Active,A2,Male,B2,RES,SIS,TRUE,TRUE,32.583333333333336,0.25
B2,CC4,sys.5,OR138,OR138,Male,I2,2023-02-11T06:30:00Z,2023-02-11T18:30:00Z,36,12,TRUE,B2|sys.5|CC4,B2|OR138,3,complete_clock_and_animal_span,TRUE,TRUE,TRUE,Inactive,I2,Male,B2,RES,SIS,TRUE,TRUE,3,0
B2,CC4,sys.5,OR138,OR138,Male,I3,2023-02-12T06:30:00Z,2023-02-12T18:30:00Z,137,12,TRUE,B2|sys.5|CC4,B2|OR138,11.416666666666666,complete_clock_and_animal_span,TRUE,TRUE,TRUE,Inactive,I2,Male,B2,RES,SIS,TRUE,TRUE,3,8.416666666666666
B2,CC4,sys.5,OR138,OR138,Male,I4,2023-02-13T06:30:00Z,2023-02-13T18:30:00Z,57,12,TRUE,B2|sys.5|CC4,B2|OR138,4.75,complete_clock_and_animal_span,TRUE,TRUE,TRUE,Inactive,I2,Male,B2,RES,SIS,TRUE,TRUE,3,1.75
B2,CC4,sys.5,OR138,OR138,Male,I5,2023-02-14T06:30:00Z,2023-02-14T18:30:00Z,106,12,TRUE,B2|sys.5|CC4,B2|OR138,8.833333333333334,complete_clock_and_animal_span,TRUE,TRUE,TRUE,Inactive,I2,Male,B2,RES,SIS,TRUE,TRUE,3,5.833333333333334
B5,CC4,sys.1,00314,314,Male,A1,2023-12-02T18:30:00Z,2023-12-03T06:30:00Z,346,12,TRUE,B5|sys.1|CC4,B5|314,28.833333333333332,complete_clock_and_animal_span,FALSE,FALSE,FALSE,Active,A2,Male,B5,RES,SIS,FALSE,FALSE,18.583333333333332,10.25
B5,CC4,sys.1,00314,314,Male,A2,2023-12-03T18:30:00Z,2023-12-04T06:30:00Z,223,12,TRUE,B5|sys.1|CC4,B5|314,18.583333333333332,complete_clock_and_animal_span,FALSE,FALSE,FALSE,Active,A2,Male,B5,RES,SIS,FALSE,FALSE,18.583333333333332,0
B5,CC4,sys.1,00314,314,Male,A3,2023-12-04T18:30:00Z,2023-12-05T06:30:00Z,0,12,FALSE,B5|sys.1|CC4,B5|314,,incomplete_clock_or_animal_span,FALSE,FALSE,FALSE,Active,A2,Male,B5,RES,SIS,FALSE,FALSE,18.583333333333332,
B5,CC4,sys.1,00314,314,Male,A4,2023-12-05T18:30:00Z,2023-12-06T06:30:00Z,0,12,FALSE,B5|sys.1|CC4,B5|314,,incomplete_clock_or_animal_span,FALSE,FALSE,FALSE,Active,A2,Male,B5,RES,SIS,FALSE,FALSE,18.583333333333332,
B5,CC4,sys.1,00314,314,Male,A5,2023-12-06T18:30:00Z,2023-12-07T06:30:00Z,0,12,FALSE,B5|sys.1|CC4,B5|314,,incomplete_clock_or_animal_span,FALSE,FALSE,FALSE,Active,A2,Male,B5,RES,SIS,FALSE,FALSE,18.583333333333332,
B5,CC4,sys.1,00314,314,Male,I2,2023-12-03T06:30:00Z,2023-12-03T18:30:00Z,44,12,TRUE,B5|sys.1|CC4,B5|314,3.6666666666666665,complete_clock_and_animal_span,FALSE,FALSE,FALSE,Inactive,I2,Male,B5,RES,SIS,FALSE,FALSE,3.6666666666666665,0
B5,CC4,sys.1,00314,314,Male,I3,2023-12-04T06:30:00Z,2023-12-04T18:30:00Z,19,12,FALSE,B5|sys.1|CC4,B5|314,,incomplete_clock_or_animal_span,FALSE,FALSE,FALSE,Inactive,I2,Male,B5,RES,SIS,FALSE,FALSE,3.6666666666666665,
B5,CC4,sys.1,00314,314,Male,I4,2023-12-05T06:30:00Z,2023-12-05T18:30:00Z,0,12,FALSE,B5|sys.1|CC4,B5|314,,incomplete_clock_or_animal_span,FALSE,FALSE,FALSE,Inactive,I2,Male,B5,RES,SIS,FALSE,FALSE,3.6666666666666665,
B5,CC4,sys.1,00314,314,Male,I5,2023-12-06T06:30:00Z,2023-12-06T18:30:00Z,0,12,FALSE,B5|sys.1|CC4,B5|314,,incomplete_clock_or_animal_span,FALSE,FALSE,FALSE,Inactive,I2,Male,B5,RES,SIS,FALSE,FALSE,3.6666666666666665,
B5,CC4,sys.1,00318,318,Male,A1,2023-12-02T18:30:00Z,2023-12-03T06:30:00Z,344,12,TRUE,B5|sys.1|CC4,B5|318,28.666666666666668,complete_clock_and_animal_span,FALSE,FALSE,FALSE,Active,A2,Male,B5,RES,SIS,FALSE,FALSE,29.166666666666668,-0.5
B5,CC4,sys.1,00318,318,Male,A2,2023-12-03T18:30:00Z,2023-12-04T06:30:00Z,350,12,TRUE,B5|sys.1|CC4,B5|318,29.166666666666668,complete_clock_and_animal_span,FALSE,FALSE,FALSE,Active,A2,Male,B5,RES,SIS,FALSE,FALSE,29.166666666666668,0
B5,CC4,sys.1,00318,318,Male,A3,2023-12-04T18:30:00Z,2023-12-05T06:30:00Z,0,12,FALSE,B5|sys.1|CC4,B5|318,,incomplete_clock_or_animal_span,FALSE,FALSE,FALSE,Active,A2,Male,B5,RES,SIS,FALSE,FALSE,29.166666666666668,
B5,CC4,sys.1,00318,318,Male,A4,2023-12-05T18:30:00Z,2023-12-06T06:30:00Z,0,12,FALSE,B5|sys.1|CC4,B5|318,,incomplete_clock_or_animal_span,FALSE,FALSE,FALSE,Active,A2,Male,B5,RES,SIS,FALSE,FALSE,29.166666666666668,
B5,CC4,sys.1,00318,318,Male,A5,2023-12-06T18:30:00Z,2023-12-07T06:30:00Z,0,12,FALSE,B5|sys.1|CC4,B5|318,,incomplete_clock_or_animal_span,FALSE,FALSE,FALSE,Active,A2,Male,B5,RES,SIS,FALSE,FALSE,29.166666666666668,
B5,CC4,sys.1,00318,318,Male,I2,2023-12-03T06:30:00Z,2023-12-03T18:30:00Z,22,12,TRUE,B5|sys.1|CC4,B5|318,1.8333333333333333,complete_clock_and_animal_span,FALSE,FALSE,FALSE,Inactive,I2,Male,B5,RES,SIS,FALSE,FALSE,1.8333333333333333,0
B5,CC4,sys.1,00318,318,Male,I3,2023-12-04T06:30:00Z,2023-12-04T18:30:00Z,27,12,FALSE,B5|sys.1|CC4,B5|318,,incomplete_clock_or_animal_span,FALSE,FALSE,FALSE,Inactive,I2,Male,B5,RES,SIS,FALSE,FALSE,1.8333333333333333,
B5,CC4,sys.1,00318,318,Male,I4,2023-12-05T06:30:00Z,2023-12-05T18:30:00Z,0,12,FALSE,B5|sys.1|CC4,B5|318,,incomplete_clock_or_animal_span,FALSE,FALSE,FALSE,Inactive,I2,Male,B5,RES,SIS,FALSE,FALSE,1.8333333333333333,
B5,CC4,sys.1,00318,318,Male,I5,2023-12-06T06:30:00Z,2023-12-06T18:30:00Z,0,12,FALSE,B5|sys.1|CC4,B5|318,,incomplete_clock_or_animal_span,FALSE,FALSE,FALSE,Inactive,I2,Male,B5,RES,SIS,FALSE,FALSE,1.8333333333333333,
B5,CC4,sys.1,OR620,OR620,Male,A1,2023-12-02T18:30:00Z,2023-12-03T06:30:00Z,324,12,TRUE,B5|sys.1|CC4,B5|OR620,27,complete_clock_and_animal_span,FALSE,FALSE,FALSE,Active,A2,Male,B5,SUS,SIS,FALSE,FALSE,21.333333333333332,5.666666666666668
B5,CC4,sys.1,OR620,OR620,Male,A2,2023-12-03T18:30:00Z,2023-12-04T06:30:00Z,256,12,TRUE,B5|sys.1|CC4,B5|OR620,21.333333333333332,complete_clock_and_animal_span,FALSE,FALSE,FALSE,Active,A2,Male,B5,SUS,SIS,FALSE,FALSE,21.333333333333332,0
B5,CC4,sys.1,OR620,OR620,Male,A3,2023-12-04T18:30:00Z,2023-12-05T06:30:00Z,0,12,FALSE,B5|sys.1|CC4,B5|OR620,,incomplete_clock_or_animal_span,FALSE,FALSE,FALSE,Active,A2,Male,B5,SUS,SIS,FALSE,FALSE,21.333333333333332,
B5,CC4,sys.1,OR620,OR620,Male,A4,2023-12-05T18:30:00Z,2023-12-06T06:30:00Z,0,12,FALSE,B5|sys.1|CC4,B5|OR620,,incomplete_clock_or_animal_span,FALSE,FALSE,FALSE,Active,A2,Male,B5,SUS,SIS,FALSE,FALSE,21.333333333333332,
B5,CC4,sys.1,OR620,OR620,Male,A5,2023-12-06T18:30:00Z,2023-12-07T06:30:00Z,0,12,FALSE,B5|sys.1|CC4,B5|OR620,,incomplete_clock_or_animal_span,FALSE,FALSE,FALSE,Active,A2,Male,B5,SUS,SIS,FALSE,FALSE,21.333333333333332,
B5,CC4,sys.1,OR620,OR620,Male,I2,2023-12-03T06:30:00Z,2023-12-03T18:30:00Z,26,12,TRUE,B5|sys.1|CC4,B5|OR620,2.1666666666666665,complete_clock_and_animal_span,FALSE,FALSE,FALSE,Inactive,I2,Male,B5,SUS,SIS,FALSE,FALSE,2.1666666666666665,0
B5,CC4,sys.1,OR620,OR620,Male,I3,2023-12-04T06:30:00Z,2023-12-04T18:30:00Z,7,12,FALSE,B5|sys.1|CC4,B5|OR620,,incomplete_clock_or_animal_span,FALSE,FALSE,FALSE,Inactive,I2,Male,B5,SUS,SIS,FALSE,FALSE,2.1666666666666665,
B5,CC4,sys.1,OR620,OR620,Male,I4,2023-12-05T06:30:00Z,2023-12-05T18:30:00Z,0,12,FALSE,B5|sys.1|CC4,B5|OR620,,incomplete_clock_or_animal_span,FALSE,FALSE,FALSE,Inactive,I2,Male,B5,SUS,SIS,FALSE,FALSE,2.1666666666666665,
B5,CC4,sys.1,OR620,OR620,Male,I5,2023-12-06T06:30:00Z,2023-12-06T18:30:00Z,0,12,FALSE,B5|sys.1|CC4,B5|OR620,,incomplete_clock_or_animal_span,FALSE,FALSE,FALSE,Inactive,I2,Male,B5,SUS,SIS,FALSE,FALSE,2.1666666666666665,
B5,CC4,sys.1,OR630,OR630,Male,A1,2023-12-02T18:30:00Z,2023-12-03T06:30:00Z,283,12,TRUE,B5|sys.1|CC4,B5|OR630,23.583333333333332,complete_clock_and_animal_span,FALSE,FALSE,FALSE,Active,A2,Male,B5,RES,SIS,FALSE,FALSE,19.5,4.083333333333332
B5,CC4,sys.1,OR630,OR630,Male,A2,2023-12-03T18:30:00Z,2023-12-04T06:30:00Z,234,12,TRUE,B5|sys.1|CC4,B5|OR630,19.5,complete_clock_and_animal_span,FALSE,FALSE,FALSE,Active,A2,Male,B5,RES,SIS,FALSE,FALSE,19.5,0
B5,CC4,sys.1,OR630,OR630,Male,A3,2023-12-04T18:30:00Z,2023-12-05T06:30:00Z,0,12,FALSE,B5|sys.1|CC4,B5|OR630,,incomplete_clock_or_animal_span,FALSE,FALSE,FALSE,Active,A2,Male,B5,RES,SIS,FALSE,FALSE,19.5,
B5,CC4,sys.1,OR630,OR630,Male,A4,2023-12-05T18:30:00Z,2023-12-06T06:30:00Z,0,12,FALSE,B5|sys.1|CC4,B5|OR630,,incomplete_clock_or_animal_span,FALSE,FALSE,FALSE,Active,A2,Male,B5,RES,SIS,FALSE,FALSE,19.5,
B5,CC4,sys.1,OR630,OR630,Male,A5,2023-12-06T18:30:00Z,2023-12-07T06:30:00Z,0,12,FALSE,B5|sys.1|CC4,B5|OR630,,incomplete_clock_or_animal_span,FALSE,FALSE,FALSE,Active,A2,Male,B5,RES,SIS,FALSE,FALSE,19.5,
B5,CC4,sys.1,OR630,OR630,Male,I2,2023-12-03T06:30:00Z,2023-12-03T18:30:00Z,12,12,TRUE,B5|sys.1|CC4,B5|OR630,1,complete_clock_and_animal_span,FALSE,FALSE,FALSE,Inactive,I2,Male,B5,RES,SIS,FALSE,FALSE,1,0
B5,CC4,sys.1,OR630,OR630,Male,I3,2023-12-04T06:30:00Z,2023-12-04T18:30:00Z,6,12,FALSE,B5|sys.1|CC4,B5|OR630,,incomplete_clock_or_animal_span,FALSE,FALSE,FALSE,Inactive,I2,Male,B5,RES,SIS,FALSE,FALSE,1,
B5,CC4,sys.1,OR630,OR630,Male,I4,2023-12-05T06:30:00Z,2023-12-05T18:30:00Z,0,12,FALSE,B5|sys.1|CC4,B5|OR630,,incomplete_clock_or_animal_span,FALSE,FALSE,FALSE,Inactive,I2,Male,B5,RES,SIS,FALSE,FALSE,1,
B5,CC4,sys.1,OR630,OR630,Male,I5,2023-12-06T06:30:00Z,2023-12-06T18:30:00Z,0,12,FALSE,B5|sys.1|CC4,B5|OR630,,incomplete_clock_or_animal_span,FALSE,FALSE,FALSE,Inactive,I2,Male,B5,RES,SIS,FALSE,FALSE,1,
B5,CC4,sys.2,13857,13857,Male,A1,2023-12-02T18:30:00Z,2023-12-03T06:30:00Z,378,12,TRUE,B5|sys.2|CC4,B5|13857,31.5,complete_clock_and_animal_span,TRUE,TRUE,TRUE,Active,A2,Male,B5,RES,SIS,TRUE,TRUE,28.583333333333332,2.916666666666668
B5,CC4,sys.2,13857,13857,Male,A2,2023-12-03T18:30:00Z,2023-12-04T06:30:00Z,343,12,TRUE,B5|sys.2|CC4,B5|13857,28.583333333333332,complete_clock_and_animal_span,TRUE,TRUE,TRUE,Active,A2,Male,B5,RES,SIS,TRUE,TRUE,28.583333333333332,0
B5,CC4,sys.2,13857,13857,Male,A3,2023-12-04T18:30:00Z,2023-12-05T06:30:00Z,267,12,TRUE,B5|sys.2|CC4,B5|13857,22.25,complete_clock_and_animal_span,TRUE,TRUE,TRUE,Active,A2,Male,B5,RES,SIS,TRUE,TRUE,28.583333333333332,-6.333333333333332
B5,CC4,sys.2,13857,13857,Male,A4,2023-12-05T18:30:00Z,2023-12-06T06:30:00Z,249,12,TRUE,B5|sys.2|CC4,B5|13857,20.75,complete_clock_and_animal_span,TRUE,TRUE,TRUE,Active,A2,Male,B5,RES,SIS,TRUE,TRUE,28.583333333333332,-7.833333333333332
B5,CC4,sys.2,13857,13857,Male,A5,2023-12-06T18:30:00Z,2023-12-07T06:30:00Z,299,12,TRUE,B5|sys.2|CC4,B5|13857,24.916666666666668,complete_clock_and_animal_span,TRUE,TRUE,TRUE,Active,A2,Male,B5,RES,SIS,TRUE,TRUE,28.583333333333332,-3.6666666666666643
B5,CC4,sys.2,13857,13857,Male,I2,2023-12-03T06:30:00Z,2023-12-03T18:30:00Z,22,12,TRUE,B5|sys.2|CC4,B5|13857,1.8333333333333333,complete_clock_and_animal_span,TRUE,TRUE,TRUE,Inactive,I2,Male,B5,RES,SIS,TRUE,TRUE,1.8333333333333333,0
B5,CC4,sys.2,13857,13857,Male,I3,2023-12-04T06:30:00Z,2023-12-04T18:30:00Z,167,12,TRUE,B5|sys.2|CC4,B5|13857,13.916666666666666,complete_clock_and_animal_span,TRUE,TRUE,TRUE,Inactive,I2,Male,B5,RES,SIS,TRUE,TRUE,1.8333333333333333,12.083333333333332
B5,CC4,sys.2,13857,13857,Male,I4,2023-12-05T06:30:00Z,2023-12-05T18:30:00Z,75,12,TRUE,B5|sys.2|CC4,B5|13857,6.25,complete_clock_and_animal_span,TRUE,TRUE,TRUE,Inactive,I2,Male,B5,RES,SIS,TRUE,TRUE,1.8333333333333333,4.416666666666667
B5,CC4,sys.2,13857,13857,Male,I5,2023-12-06T06:30:00Z,2023-12-06T18:30:00Z,59,12,TRUE,B5|sys.2|CC4,B5|13857,4.916666666666667,complete_clock_and_animal_span,TRUE,TRUE,TRUE,Inactive,I2,Male,B5,RES,SIS,TRUE,TRUE,1.8333333333333333,3.083333333333334
B5,CC4,sys.2,00310,310,Male,A1,2023-12-02T18:30:00Z,2023-12-03T06:30:00Z,326,12,TRUE,B5|sys.2|CC4,B5|310,27.166666666666668,complete_clock_and_animal_span,TRUE,TRUE,TRUE,Active,A2,Male,B5,RES,SIS,TRUE,TRUE,30.666666666666668,-3.5
B5,CC4,sys.2,00310,310,Male,A2,2023-12-03T18:30:00Z,2023-12-04T06:30:00Z,368,12,TRUE,B5|sys.2|CC4,B5|310,30.666666666666668,complete_clock_and_animal_span,TRUE,TRUE,TRUE,Active,A2,Male,B5,RES,SIS,TRUE,TRUE,30.666666666666668,0
B5,CC4,sys.2,00310,310,Male,A3,2023-12-04T18:30:00Z,2023-12-05T06:30:00Z,320,12,TRUE,B5|sys.2|CC4,B5|310,26.666666666666668,complete_clock_and_animal_span,TRUE,TRUE,TRUE,Active,A2,Male,B5,RES,SIS,TRUE,TRUE,30.666666666666668,-4
B5,CC4,sys.2,00310,310,Male,A4,2023-12-05T18:30:00Z,2023-12-06T06:30:00Z,266,12,TRUE,B5|sys.2|CC4,B5|310,22.166666666666668,complete_clock_and_animal_span,TRUE,TRUE,TRUE,Active,A2,Male,B5,RES,SIS,TRUE,TRUE,30.666666666666668,-8.5
B5,CC4,sys.2,00310,310,Male,A5,2023-12-06T18:30:00Z,2023-12-07T06:30:00Z,369,12,TRUE,B5|sys.2|CC4,B5|310,30.75,complete_clock_and_animal_span,TRUE,TRUE,TRUE,Active,A2,Male,B5,RES,SIS,TRUE,TRUE,30.666666666666668,0.08333333333333215
B5,CC4,sys.2,00310,310,Male,I2,2023-12-03T06:30:00Z,2023-12-03T18:30:00Z,38,12,TRUE,B5|sys.2|CC4,B5|310,3.1666666666666665,complete_clock_and_animal_span,TRUE,TRUE,TRUE,Inactive,I2,Male,B5,RES,SIS,TRUE,TRUE,3.1666666666666665,0
B5,CC4,sys.2,00310,310,Male,I3,2023-12-04T06:30:00Z,2023-12-04T18:30:00Z,162,12,TRUE,B5|sys.2|CC4,B5|310,13.5,complete_clock_and_animal_span,TRUE,TRUE,TRUE,Inactive,I2,Male,B5,RES,SIS,TRUE,TRUE,3.1666666666666665,10.333333333333334
B5,CC4,sys.2,00310,310,Male,I4,2023-12-05T06:30:00Z,2023-12-05T18:30:00Z,84,12,TRUE,B5|sys.2|CC4,B5|310,7,complete_clock_and_animal_span,TRUE,TRUE,TRUE,Inactive,I2,Male,B5,RES,SIS,TRUE,TRUE,3.1666666666666665,3.8333333333333335
B5,CC4,sys.2,00310,310,Male,I5,2023-12-06T06:30:00Z,2023-12-06T18:30:00Z,92,12,TRUE,B5|sys.2|CC4,B5|310,7.666666666666667,complete_clock_and_animal_span,TRUE,TRUE,TRUE,Inactive,I2,Male,B5,RES,SIS,TRUE,TRUE,3.1666666666666665,4.5
B5,CC4,sys.2,00319,319,Male,A1,2023-12-02T18:30:00Z,2023-12-03T06:30:00Z,300,12,TRUE,B5|sys.2|CC4,B5|319,25,complete_clock_and_animal_span,TRUE,TRUE,TRUE,Active,A2,Male,B5,SUS,SIS,TRUE,TRUE,31.166666666666668,-6.166666666666668
B5,CC4,sys.2,00319,319,Male,A2,2023-12-03T18:30:00Z,2023-12-04T06:30:00Z,374,12,TRUE,B5|sys.2|CC4,B5|319,31.166666666666668,complete_clock_and_animal_span,TRUE,TRUE,TRUE,Active,A2,Male,B5,SUS,SIS,TRUE,TRUE,31.166666666666668,0
B5,CC4,sys.2,00319,319,Male,A3,2023-12-04T18:30:00Z,2023-12-05T06:30:00Z,298,12,TRUE,B5|sys.2|CC4,B5|319,24.833333333333332,complete_clock_and_animal_span,TRUE,TRUE,TRUE,Active,A2,Male,B5,SUS,SIS,TRUE,TRUE,31.166666666666668,-6.333333333333336
B5,CC4,sys.2,00319,319,Male,A4,2023-12-05T18:30:00Z,2023-12-06T06:30:00Z,334,12,TRUE,B5|sys.2|CC4,B5|319,27.833333333333332,complete_clock_and_animal_span,TRUE,TRUE,TRUE,Active,A2,Male,B5,SUS,SIS,TRUE,TRUE,31.166666666666668,-3.3333333333333357
B5,CC4,sys.2,00319,319,Male,A5,2023-12-06T18:30:00Z,2023-12-07T06:30:00Z,314,12,TRUE,B5|sys.2|CC4,B5|319,26.166666666666668,complete_clock_and_animal_span,TRUE,TRUE,TRUE,Active,A2,Male,B5,SUS,SIS,TRUE,TRUE,31.166666666666668,-5
B5,CC4,sys.2,00319,319,Male,I2,2023-12-03T06:30:00Z,2023-12-03T18:30:00Z,60,12,TRUE,B5|sys.2|CC4,B5|319,5,complete_clock_and_animal_span,TRUE,TRUE,TRUE,Inactive,I2,Male,B5,SUS,SIS,TRUE,TRUE,5,0
B5,CC4,sys.2,00319,319,Male,I3,2023-12-04T06:30:00Z,2023-12-04T18:30:00Z,140,12,TRUE,B5|sys.2|CC4,B5|319,11.666666666666666,complete_clock_and_animal_span,TRUE,TRUE,TRUE,Inactive,I2,Male,B5,SUS,SIS,TRUE,TRUE,5,6.666666666666666
B5,CC4,sys.2,00319,319,Male,I4,2023-12-05T06:30:00Z,2023-12-05T18:30:00Z,152,12,TRUE,B5|sys.2|CC4,B5|319,12.666666666666666,complete_clock_and_animal_span,TRUE,TRUE,TRUE,Inactive,I2,Male,B5,SUS,SIS,TRUE,TRUE,5,7.666666666666666
B5,CC4,sys.2,00319,319,Male,I5,2023-12-06T06:30:00Z,2023-12-06T18:30:00Z,96,12,TRUE,B5|sys.2|CC4,B5|319,8,complete_clock_and_animal_span,TRUE,TRUE,TRUE,Inactive,I2,Male,B5,SUS,SIS,TRUE,TRUE,5,3
B5,CC4,sys.2,OR629,OR629,Male,A1,2023-12-02T18:30:00Z,2023-12-03T06:30:00Z,318,12,TRUE,B5|sys.2|CC4,B5|OR629,26.5,complete_clock_and_animal_span,TRUE,TRUE,TRUE,Active,A2,Male,B5,RES,SIS,TRUE,TRUE,24.166666666666668,2.333333333333332
B5,CC4,sys.2,OR629,OR629,Male,A2,2023-12-03T18:30:00Z,2023-12-04T06:30:00Z,290,12,TRUE,B5|sys.2|CC4,B5|OR629,24.166666666666668,complete_clock_and_animal_span,TRUE,TRUE,TRUE,Active,A2,Male,B5,RES,SIS,TRUE,TRUE,24.166666666666668,0
B5,CC4,sys.2,OR629,OR629,Male,A3,2023-12-04T18:30:00Z,2023-12-05T06:30:00Z,322,12,TRUE,B5|sys.2|CC4,B5|OR629,26.833333333333332,complete_clock_and_animal_span,TRUE,TRUE,TRUE,Active,A2,Male,B5,RES,SIS,TRUE,TRUE,24.166666666666668,2.6666666666666643
B5,CC4,sys.2,OR629,OR629,Male,A4,2023-12-05T18:30:00Z,2023-12-06T06:30:00Z,258,12,TRUE,B5|sys.2|CC4,B5|OR629,21.5,complete_clock_and_animal_span,TRUE,TRUE,TRUE,Active,A2,Male,B5,RES,SIS,TRUE,TRUE,24.166666666666668,-2.666666666666668
B5,CC4,sys.2,OR629,OR629,Male,A5,2023-12-06T18:30:00Z,2023-12-07T06:30:00Z,231,12,TRUE,B5|sys.2|CC4,B5|OR629,19.25,complete_clock_and_animal_span,TRUE,TRUE,TRUE,Active,A2,Male,B5,RES,SIS,TRUE,TRUE,24.166666666666668,-4.916666666666668
B5,CC4,sys.2,OR629,OR629,Male,I2,2023-12-03T06:30:00Z,2023-12-03T18:30:00Z,26,12,TRUE,B5|sys.2|CC4,B5|OR629,2.1666666666666665,complete_clock_and_animal_span,TRUE,TRUE,TRUE,Inactive,I2,Male,B5,RES,SIS,TRUE,TRUE,2.1666666666666665,0
B5,CC4,sys.2,OR629,OR629,Male,I3,2023-12-04T06:30:00Z,2023-12-04T18:30:00Z,140,12,TRUE,B5|sys.2|CC4,B5|OR629,11.666666666666666,complete_clock_and_animal_span,TRUE,TRUE,TRUE,Inactive,I2,Male,B5,RES,SIS,TRUE,TRUE,2.1666666666666665,9.5
B5,CC4,sys.2,OR629,OR629,Male,I4,2023-12-05T06:30:00Z,2023-12-05T18:30:00Z,150,12,TRUE,B5|sys.2|CC4,B5|OR629,12.5,complete_clock_and_animal_span,TRUE,TRUE,TRUE,Inactive,I2,Male,B5,RES,SIS,TRUE,TRUE,2.1666666666666665,10.333333333333334
B5,CC4,sys.2,OR629,OR629,Male,I5,2023-12-06T06:30:00Z,2023-12-06T18:30:00Z,102,12,TRUE,B5|sys.2|CC4,B5|OR629,8.5,complete_clock_and_animal_span,TRUE,TRUE,TRUE,Inactive,I2,Male,B5,RES,SIS,TRUE,TRUE,2.1666666666666665,6.333333333333334
B5,CC4,sys.3,13856,13856,Male,A1,2023-12-02T18:30:00Z,2023-12-03T06:30:00Z,487,12,TRUE,B5|sys.3|CC4,B5|13856,40.583333333333336,complete_clock_and_animal_span,TRUE,TRUE,TRUE,Active,A2,Male,B5,SUS,SIS,TRUE,TRUE,45.5,-4.916666666666664
B5,CC4,sys.3,13856,13856,Male,A2,2023-12-03T18:30:00Z,2023-12-04T06:30:00Z,546,12,TRUE,B5|sys.3|CC4,B5|13856,45.5,complete_clock_and_animal_span,TRUE,TRUE,TRUE,Active,A2,Male,B5,SUS,SIS,TRUE,TRUE,45.5,0
B5,CC4,sys.3,13856,13856,Male,A3,2023-12-04T18:30:00Z,2023-12-05T06:30:00Z,410,12,TRUE,B5|sys.3|CC4,B5|13856,34.166666666666664,complete_clock_and_animal_span,TRUE,TRUE,TRUE,Active,A2,Male,B5,SUS,SIS,TRUE,TRUE,45.5,-11.333333333333336
B5,CC4,sys.3,13856,13856,Male,A4,2023-12-05T18:30:00Z,2023-12-06T06:30:00Z,426,12,TRUE,B5|sys.3|CC4,B5|13856,35.5,complete_clock_and_animal_span,TRUE,TRUE,TRUE,Active,A2,Male,B5,SUS,SIS,TRUE,TRUE,45.5,-10
B5,CC4,sys.3,13856,13856,Male,A5,2023-12-06T18:30:00Z,2023-12-07T06:30:00Z,484,12,TRUE,B5|sys.3|CC4,B5|13856,40.333333333333336,complete_clock_and_animal_span,TRUE,TRUE,TRUE,Active,A2,Male,B5,SUS,SIS,TRUE,TRUE,45.5,-5.166666666666664
B5,CC4,sys.3,13856,13856,Male,I2,2023-12-03T06:30:00Z,2023-12-03T18:30:00Z,43,12,TRUE,B5|sys.3|CC4,B5|13856,3.5833333333333335,complete_clock_and_animal_span,TRUE,TRUE,TRUE,Inactive,I2,Male,B5,SUS,SIS,TRUE,TRUE,3.5833333333333335,0
B5,CC4,sys.3,13856,13856,Male,I3,2023-12-04T06:30:00Z,2023-12-04T18:30:00Z,170,12,TRUE,B5|sys.3|CC4,B5|13856,14.166666666666666,complete_clock_and_animal_span,TRUE,TRUE,TRUE,Inactive,I2,Male,B5,SUS,SIS,TRUE,TRUE,3.5833333333333335,10.583333333333332
B5,CC4,sys.3,13856,13856,Male,I4,2023-12-05T06:30:00Z,2023-12-05T18:30:00Z,118,12,TRUE,B5|sys.3|CC4,B5|13856,9.833333333333334,complete_clock_and_animal_span,TRUE,TRUE,TRUE,Inactive,I2,Male,B5,SUS,SIS,TRUE,TRUE,3.5833333333333335,6.25
B5,CC4,sys.3,13856,13856,Male,I5,2023-12-06T06:30:00Z,2023-12-06T18:30:00Z,92,12,TRUE,B5|sys.3|CC4,B5|13856,7.666666666666667,complete_clock_and_animal_span,TRUE,TRUE,TRUE,Inactive,I2,Male,B5,SUS,SIS,TRUE,TRUE,3.5833333333333335,4.083333333333334
B5,CC4,sys.3,00313,313,Male,A1,2023-12-02T18:30:00Z,2023-12-03T06:30:00Z,454,12,TRUE,B5|sys.3|CC4,B5|313,37.833333333333336,complete_clock_and_animal_span,TRUE,TRUE,TRUE,Active,A2,Male,B5,SUS,SIS,TRUE,TRUE,37.5,0.3333333333333357
B5,CC4,sys.3,00313,313,Male,A2,2023-12-03T18:30:00Z,2023-12-04T06:30:00Z,450,12,TRUE,B5|sys.3|CC4,B5|313,37.5,complete_clock_and_animal_span,TRUE,TRUE,TRUE,Active,A2,Male,B5,SUS,SIS,TRUE,TRUE,37.5,0
B5,CC4,sys.3,00313,313,Male,A3,2023-12-04T18:30:00Z,2023-12-05T06:30:00Z,366,12,TRUE,B5|sys.3|CC4,B5|313,30.5,complete_clock_and_animal_span,TRUE,TRUE,TRUE,Active,A2,Male,B5,SUS,SIS,TRUE,TRUE,37.5,-7
B5,CC4,sys.3,00313,313,Male,A4,2023-12-05T18:30:00Z,2023-12-06T06:30:00Z,452,12,TRUE,B5|sys.3|CC4,B5|313,37.666666666666664,complete_clock_and_animal_span,TRUE,TRUE,TRUE,Active,A2,Male,B5,SUS,SIS,TRUE,TRUE,37.5,0.1666666666666643
B5,CC4,sys.3,00313,313,Male,A5,2023-12-06T18:30:00Z,2023-12-07T06:30:00Z,476,12,TRUE,B5|sys.3|CC4,B5|313,39.666666666666664,complete_clock_and_animal_span,TRUE,TRUE,TRUE,Active,A2,Male,B5,SUS,SIS,TRUE,TRUE,37.5,2.1666666666666643
B5,CC4,sys.3,00313,313,Male,I2,2023-12-03T06:30:00Z,2023-12-03T18:30:00Z,22,12,TRUE,B5|sys.3|CC4,B5|313,1.8333333333333333,complete_clock_and_animal_span,TRUE,TRUE,TRUE,Inactive,I2,Male,B5,SUS,SIS,TRUE,TRUE,1.8333333333333333,0
B5,CC4,sys.3,00313,313,Male,I3,2023-12-04T06:30:00Z,2023-12-04T18:30:00Z,152,12,TRUE,B5|sys.3|CC4,B5|313,12.666666666666666,complete_clock_and_animal_span,TRUE,TRUE,TRUE,Inactive,I2,Male,B5,SUS,SIS,TRUE,TRUE,1.8333333333333333,10.833333333333332
B5,CC4,sys.3,00313,313,Male,I4,2023-12-05T06:30:00Z,2023-12-05T18:30:00Z,106,12,TRUE,B5|sys.3|CC4,B5|313,8.833333333333334,complete_clock_and_animal_span,TRUE,TRUE,TRUE,Inactive,I2,Male,B5,SUS,SIS,TRUE,TRUE,1.8333333333333333,7.000000000000001
B5,CC4,sys.3,00313,313,Male,I5,2023-12-06T06:30:00Z,2023-12-06T18:30:00Z,88,12,TRUE,B5|sys.3|CC4,B5|313,7.333333333333333,complete_clock_and_animal_span,TRUE,TRUE,TRUE,Inactive,I2,Male,B5,SUS,SIS,TRUE,TRUE,1.8333333333333333,5.5
B5,CC4,sys.3,OR628,OR628,Male,A1,2023-12-02T18:30:00Z,2023-12-03T06:30:00Z,340,12,TRUE,B5|sys.3|CC4,B5|OR628,28.333333333333332,complete_clock_and_animal_span,TRUE,TRUE,TRUE,Active,A2,Male,B5,SUS,SIS,TRUE,TRUE,31,-2.666666666666668
B5,CC4,sys.3,OR628,OR628,Male,A2,2023-12-03T18:30:00Z,2023-12-04T06:30:00Z,372,12,TRUE,B5|sys.3|CC4,B5|OR628,31,complete_clock_and_animal_span,TRUE,TRUE,TRUE,Active,A2,Male,B5,SUS,SIS,TRUE,TRUE,31,0
B5,CC4,sys.3,OR628,OR628,Male,A3,2023-12-04T18:30:00Z,2023-12-05T06:30:00Z,280,12,TRUE,B5|sys.3|CC4,B5|OR628,23.333333333333332,complete_clock_and_animal_span,TRUE,TRUE,TRUE,Active,A2,Male,B5,SUS,SIS,TRUE,TRUE,31,-7.666666666666668
B5,CC4,sys.3,OR628,OR628,Male,A4,2023-12-05T18:30:00Z,2023-12-06T06:30:00Z,290,12,TRUE,B5|sys.3|CC4,B5|OR628,24.166666666666668,complete_clock_and_animal_span,TRUE,TRUE,TRUE,Active,A2,Male,B5,SUS,SIS,TRUE,TRUE,31,-6.833333333333332
B5,CC4,sys.3,OR628,OR628,Male,A5,2023-12-06T18:30:00Z,2023-12-07T06:30:00Z,225,12,TRUE,B5|sys.3|CC4,B5|OR628,18.75,complete_clock_and_animal_span,TRUE,TRUE,TRUE,Active,A2,Male,B5,SUS,SIS,TRUE,TRUE,31,-12.25
B5,CC4,sys.3,OR628,OR628,Male,I2,2023-12-03T06:30:00Z,2023-12-03T18:30:00Z,38,12,TRUE,B5|sys.3|CC4,B5|OR628,3.1666666666666665,complete_clock_and_animal_span,TRUE,TRUE,TRUE,Inactive,I2,Male,B5,SUS,SIS,TRUE,TRUE,3.1666666666666665,0
B5,CC4,sys.3,OR628,OR628,Male,I3,2023-12-04T06:30:00Z,2023-12-04T18:30:00Z,148,12,TRUE,B5|sys.3|CC4,B5|OR628,12.333333333333334,complete_clock_and_animal_span,TRUE,TRUE,TRUE,Inactive,I2,Male,B5,SUS,SIS,TRUE,TRUE,3.1666666666666665,9.166666666666668
B5,CC4,sys.3,OR628,OR628,Male,I4,2023-12-05T06:30:00Z,2023-12-05T18:30:00Z,84,12,TRUE,B5|sys.3|CC4,B5|OR628,7,complete_clock_and_animal_span,TRUE,TRUE,TRUE,Inactive,I2,Male,B5,SUS,SIS,TRUE,TRUE,3.1666666666666665,3.8333333333333335
B5,CC4,sys.3,OR628,OR628,Male,I5,2023-12-06T06:30:00Z,2023-12-06T18:30:00Z,78,12,TRUE,B5|sys.3|CC4,B5|OR628,6.5,complete_clock_and_animal_span,TRUE,TRUE,TRUE,Inactive,I2,Male,B5,SUS,SIS,TRUE,TRUE,3.1666666666666665,3.3333333333333335
B5,CC4,sys.4,OR621,OR621,Male,A1,2023-12-02T18:30:00Z,2023-12-03T06:30:00Z,478,12,TRUE,B5|sys.4|CC4,B5|OR621,39.833333333333336,complete_clock_and_animal_span,TRUE,TRUE,TRUE,Active,A2,Male,B5,CON,CON,TRUE,TRUE,37.166666666666664,2.6666666666666714
B5,CC4,sys.4,OR621,OR621,Male,A2,2023-12-03T18:30:00Z,2023-12-04T06:30:00Z,446,12,TRUE,B5|sys.4|CC4,B5|OR621,37.166666666666664,complete_clock_and_animal_span,TRUE,TRUE,TRUE,Active,A2,Male,B5,CON,CON,TRUE,TRUE,37.166666666666664,0
B5,CC4,sys.4,OR621,OR621,Male,A3,2023-12-04T18:30:00Z,2023-12-05T06:30:00Z,388,12,TRUE,B5|sys.4|CC4,B5|OR621,32.333333333333336,complete_clock_and_animal_span,TRUE,TRUE,TRUE,Active,A2,Male,B5,CON,CON,TRUE,TRUE,37.166666666666664,-4.833333333333329
B5,CC4,sys.4,OR621,OR621,Male,A4,2023-12-05T18:30:00Z,2023-12-06T06:30:00Z,300,12,TRUE,B5|sys.4|CC4,B5|OR621,25,complete_clock_and_animal_span,TRUE,TRUE,TRUE,Active,A2,Male,B5,CON,CON,TRUE,TRUE,37.166666666666664,-12.166666666666664
B5,CC4,sys.4,OR621,OR621,Male,A5,2023-12-06T18:30:00Z,2023-12-07T06:30:00Z,374,12,TRUE,B5|sys.4|CC4,B5|OR621,31.166666666666668,complete_clock_and_animal_span,TRUE,TRUE,TRUE,Active,A2,Male,B5,CON,CON,TRUE,TRUE,37.166666666666664,-5.9999999999999964
B5,CC4,sys.4,OR621,OR621,Male,I2,2023-12-03T06:30:00Z,2023-12-03T18:30:00Z,12,12,TRUE,B5|sys.4|CC4,B5|OR621,1,complete_clock_and_animal_span,TRUE,TRUE,TRUE,Inactive,I2,Male,B5,CON,CON,TRUE,TRUE,1,0
B5,CC4,sys.4,OR621,OR621,Male,I3,2023-12-04T06:30:00Z,2023-12-04T18:30:00Z,114,12,TRUE,B5|sys.4|CC4,B5|OR621,9.5,complete_clock_and_animal_span,TRUE,TRUE,TRUE,Inactive,I2,Male,B5,CON,CON,TRUE,TRUE,1,8.5
B5,CC4,sys.4,OR621,OR621,Male,I4,2023-12-05T06:30:00Z,2023-12-05T18:30:00Z,80,12,TRUE,B5|sys.4|CC4,B5|OR621,6.666666666666667,complete_clock_and_animal_span,TRUE,TRUE,TRUE,Inactive,I2,Male,B5,CON,CON,TRUE,TRUE,1,5.666666666666667
B5,CC4,sys.4,OR621,OR621,Male,I5,2023-12-06T06:30:00Z,2023-12-06T18:30:00Z,62,12,TRUE,B5|sys.4|CC4,B5|OR621,5.166666666666667,complete_clock_and_animal_span,TRUE,TRUE,TRUE,Inactive,I2,Male,B5,CON,CON,TRUE,TRUE,1,4.166666666666667
B5,CC4,sys.4,OR622,OR622,Male,A1,2023-12-02T18:30:00Z,2023-12-03T06:30:00Z,428,12,TRUE,B5|sys.4|CC4,B5|OR622,35.666666666666664,complete_clock_and_animal_span,TRUE,TRUE,TRUE,Active,A2,Male,B5,CON,CON,TRUE,TRUE,33.166666666666664,2.5
B5,CC4,sys.4,OR622,OR622,Male,A2,2023-12-03T18:30:00Z,2023-12-04T06:30:00Z,398,12,TRUE,B5|sys.4|CC4,B5|OR622,33.166666666666664,complete_clock_and_animal_span,TRUE,TRUE,TRUE,Active,A2,Male,B5,CON,CON,TRUE,TRUE,33.166666666666664,0
B5,CC4,sys.4,OR622,OR622,Male,A3,2023-12-04T18:30:00Z,2023-12-05T06:30:00Z,262,12,TRUE,B5|sys.4|CC4,B5|OR622,21.833333333333332,complete_clock_and_animal_span,TRUE,TRUE,TRUE,Active,A2,Male,B5,CON,CON,TRUE,TRUE,33.166666666666664,-11.333333333333332
B5,CC4,sys.4,OR622,OR622,Male,A4,2023-12-05T18:30:00Z,2023-12-06T06:30:00Z,279,12,TRUE,B5|sys.4|CC4,B5|OR622,23.25,complete_clock_and_animal_span,TRUE,TRUE,TRUE,Active,A2,Male,B5,CON,CON,TRUE,TRUE,33.166666666666664,-9.916666666666664
B5,CC4,sys.4,OR622,OR622,Male,A5,2023-12-06T18:30:00Z,2023-12-07T06:30:00Z,260,12,TRUE,B5|sys.4|CC4,B5|OR622,21.666666666666668,complete_clock_and_animal_span,TRUE,TRUE,TRUE,Active,A2,Male,B5,CON,CON,TRUE,TRUE,33.166666666666664,-11.499999999999996
B5,CC4,sys.4,OR622,OR622,Male,I2,2023-12-03T06:30:00Z,2023-12-03T18:30:00Z,30,12,TRUE,B5|sys.4|CC4,B5|OR622,2.5,complete_clock_and_animal_span,TRUE,TRUE,TRUE,Inactive,I2,Male,B5,CON,CON,TRUE,TRUE,2.5,0
B5,CC4,sys.4,OR622,OR622,Male,I3,2023-12-04T06:30:00Z,2023-12-04T18:30:00Z,158,12,TRUE,B5|sys.4|CC4,B5|OR622,13.166666666666666,complete_clock_and_animal_span,TRUE,TRUE,TRUE,Inactive,I2,Male,B5,CON,CON,TRUE,TRUE,2.5,10.666666666666666
B5,CC4,sys.4,OR622,OR622,Male,I4,2023-12-05T06:30:00Z,2023-12-05T18:30:00Z,100,12,TRUE,B5|sys.4|CC4,B5|OR622,8.333333333333334,complete_clock_and_animal_span,TRUE,TRUE,TRUE,Inactive,I2,Male,B5,CON,CON,TRUE,TRUE,2.5,5.833333333333334
B5,CC4,sys.4,OR622,OR622,Male,I5,2023-12-06T06:30:00Z,2023-12-06T18:30:00Z,93,12,TRUE,B5|sys.4|CC4,B5|OR622,7.75,complete_clock_and_animal_span,TRUE,TRUE,TRUE,Inactive,I2,Male,B5,CON,CON,TRUE,TRUE,2.5,5.25
B5,CC4,sys.4,OR623,OR623,Male,A1,2023-12-02T18:30:00Z,2023-12-03T06:30:00Z,378,12,TRUE,B5|sys.4|CC4,B5|OR623,31.5,complete_clock_and_animal_span,TRUE,TRUE,TRUE,Active,A2,Male,B5,CON,CON,TRUE,TRUE,28.583333333333332,2.916666666666668
B5,CC4,sys.4,OR623,OR623,Male,A2,2023-12-03T18:30:00Z,2023-12-04T06:30:00Z,343,12,TRUE,B5|sys.4|CC4,B5|OR623,28.583333333333332,complete_clock_and_animal_span,TRUE,TRUE,TRUE,Active,A2,Male,B5,CON,CON,TRUE,TRUE,28.583333333333332,0
B5,CC4,sys.4,OR623,OR623,Male,A3,2023-12-04T18:30:00Z,2023-12-05T06:30:00Z,297,12,TRUE,B5|sys.4|CC4,B5|OR623,24.75,complete_clock_and_animal_span,TRUE,TRUE,TRUE,Active,A2,Male,B5,CON,CON,TRUE,TRUE,28.583333333333332,-3.833333333333332
B5,CC4,sys.4,OR623,OR623,Male,A4,2023-12-05T18:30:00Z,2023-12-06T06:30:00Z,280,12,TRUE,B5|sys.4|CC4,B5|OR623,23.333333333333332,complete_clock_and_animal_span,TRUE,TRUE,TRUE,Active,A2,Male,B5,CON,CON,TRUE,TRUE,28.583333333333332,-5.25
B5,CC4,sys.4,OR623,OR623,Male,A5,2023-12-06T18:30:00Z,2023-12-07T06:30:00Z,340,12,TRUE,B5|sys.4|CC4,B5|OR623,28.333333333333332,complete_clock_and_animal_span,TRUE,TRUE,TRUE,Active,A2,Male,B5,CON,CON,TRUE,TRUE,28.583333333333332,-0.25
B5,CC4,sys.4,OR623,OR623,Male,I2,2023-12-03T06:30:00Z,2023-12-03T18:30:00Z,26,12,TRUE,B5|sys.4|CC4,B5|OR623,2.1666666666666665,complete_clock_and_animal_span,TRUE,TRUE,TRUE,Inactive,I2,Male,B5,CON,CON,TRUE,TRUE,2.1666666666666665,0
B5,CC4,sys.4,OR623,OR623,Male,I3,2023-12-04T06:30:00Z,2023-12-04T18:30:00Z,139,12,TRUE,B5|sys.4|CC4,B5|OR623,11.583333333333334,complete_clock_and_animal_span,TRUE,TRUE,TRUE,Inactive,I2,Male,B5,CON,CON,TRUE,TRUE,2.1666666666666665,9.416666666666668
B5,CC4,sys.4,OR623,OR623,Male,I4,2023-12-05T06:30:00Z,2023-12-05T18:30:00Z,77,12,TRUE,B5|sys.4|CC4,B5|OR623,6.416666666666667,complete_clock_and_animal_span,TRUE,TRUE,TRUE,Inactive,I2,Male,B5,CON,CON,TRUE,TRUE,2.1666666666666665,4.25
B5,CC4,sys.4,OR623,OR623,Male,I5,2023-12-06T06:30:00Z,2023-12-06T18:30:00Z,72,12,TRUE,B5|sys.4|CC4,B5|OR623,6,complete_clock_and_animal_span,TRUE,TRUE,TRUE,Inactive,I2,Male,B5,CON,CON,TRUE,TRUE,2.1666666666666665,3.8333333333333335
B5,CC4,sys.4,OR624,OR624,Male,A1,2023-12-02T18:30:00Z,2023-12-03T06:30:00Z,291,12,TRUE,B5|sys.4|CC4,B5|OR624,24.25,complete_clock_and_animal_span,TRUE,TRUE,TRUE,Active,A2,Male,B5,CON,CON,TRUE,TRUE,16.166666666666668,8.083333333333332
B5,CC4,sys.4,OR624,OR624,Male,A2,2023-12-03T18:30:00Z,2023-12-04T06:30:00Z,194,12,TRUE,B5|sys.4|CC4,B5|OR624,16.166666666666668,complete_clock_and_animal_span,TRUE,TRUE,TRUE,Active,A2,Male,B5,CON,CON,TRUE,TRUE,16.166666666666668,0
B5,CC4,sys.4,OR624,OR624,Male,A3,2023-12-04T18:30:00Z,2023-12-05T06:30:00Z,156,12,TRUE,B5|sys.4|CC4,B5|OR624,13,complete_clock_and_animal_span,TRUE,TRUE,TRUE,Active,A2,Male,B5,CON,CON,TRUE,TRUE,16.166666666666668,-3.166666666666668
B5,CC4,sys.4,OR624,OR624,Male,A4,2023-12-05T18:30:00Z,2023-12-06T06:30:00Z,212,12,TRUE,B5|sys.4|CC4,B5|OR624,17.666666666666668,complete_clock_and_animal_span,TRUE,TRUE,TRUE,Active,A2,Male,B5,CON,CON,TRUE,TRUE,16.166666666666668,1.5
B5,CC4,sys.4,OR624,OR624,Male,A5,2023-12-06T18:30:00Z,2023-12-07T06:30:00Z,169,12,TRUE,B5|sys.4|CC4,B5|OR624,14.083333333333334,complete_clock_and_animal_span,TRUE,TRUE,TRUE,Active,A2,Male,B5,CON,CON,TRUE,TRUE,16.166666666666668,-2.083333333333334
B5,CC4,sys.4,OR624,OR624,Male,I2,2023-12-03T06:30:00Z,2023-12-03T18:30:00Z,17,12,TRUE,B5|sys.4|CC4,B5|OR624,1.4166666666666667,complete_clock_and_animal_span,TRUE,TRUE,TRUE,Inactive,I2,Male,B5,CON,CON,TRUE,TRUE,1.4166666666666667,0
B5,CC4,sys.4,OR624,OR624,Male,I3,2023-12-04T06:30:00Z,2023-12-04T18:30:00Z,100,12,TRUE,B5|sys.4|CC4,B5|OR624,8.333333333333334,complete_clock_and_animal_span,TRUE,TRUE,TRUE,Inactive,I2,Male,B5,CON,CON,TRUE,TRUE,1.4166666666666667,6.916666666666667
B5,CC4,sys.4,OR624,OR624,Male,I4,2023-12-05T06:30:00Z,2023-12-05T18:30:00Z,78,12,TRUE,B5|sys.4|CC4,B5|OR624,6.5,complete_clock_and_animal_span,TRUE,TRUE,TRUE,Inactive,I2,Male,B5,CON,CON,TRUE,TRUE,1.4166666666666667,5.083333333333333
B5,CC4,sys.4,OR624,OR624,Male,I5,2023-12-06T06:30:00Z,2023-12-06T18:30:00Z,58,12,TRUE,B5|sys.4|CC4,B5|OR624,4.833333333333333,complete_clock_and_animal_span,TRUE,TRUE,TRUE,Inactive,I2,Male,B5,CON,CON,TRUE,TRUE,1.4166666666666667,3.416666666666666
B5,CC4,sys.5,00303,303,Male,A1,2023-12-02T18:30:00Z,2023-12-03T06:30:00Z,451,12,TRUE,B5|sys.5|CC4,B5|303,37.583333333333336,complete_clock_and_animal_span,TRUE,TRUE,TRUE,Active,A2,Male,B5,SUS,SIS,TRUE,TRUE,31.5,6.083333333333336
B5,CC4,sys.5,00303,303,Male,A2,2023-12-03T18:30:00Z,2023-12-04T06:30:00Z,378,12,TRUE,B5|sys.5|CC4,B5|303,31.5,complete_clock_and_animal_span,TRUE,TRUE,TRUE,Active,A2,Male,B5,SUS,SIS,TRUE,TRUE,31.5,0
B5,CC4,sys.5,00303,303,Male,A3,2023-12-04T18:30:00Z,2023-12-05T06:30:00Z,286,12,TRUE,B5|sys.5|CC4,B5|303,23.833333333333332,complete_clock_and_animal_span,TRUE,TRUE,TRUE,Active,A2,Male,B5,SUS,SIS,TRUE,TRUE,31.5,-7.666666666666668
B5,CC4,sys.5,00303,303,Male,A4,2023-12-05T18:30:00Z,2023-12-06T06:30:00Z,334,12,TRUE,B5|sys.5|CC4,B5|303,27.833333333333332,complete_clock_and_animal_span,TRUE,TRUE,TRUE,Active,A2,Male,B5,SUS,SIS,TRUE,TRUE,31.5,-3.666666666666668
B5,CC4,sys.5,00303,303,Male,A5,2023-12-06T18:30:00Z,2023-12-07T06:30:00Z,361,12,TRUE,B5|sys.5|CC4,B5|303,30.083333333333332,complete_clock_and_animal_span,TRUE,TRUE,TRUE,Active,A2,Male,B5,SUS,SIS,TRUE,TRUE,31.5,-1.4166666666666679
B5,CC4,sys.5,00303,303,Male,I2,2023-12-03T06:30:00Z,2023-12-03T18:30:00Z,19,12,TRUE,B5|sys.5|CC4,B5|303,1.5833333333333333,complete_clock_and_animal_span,TRUE,TRUE,TRUE,Inactive,I2,Male,B5,SUS,SIS,TRUE,TRUE,1.5833333333333333,0
B5,CC4,sys.5,00303,303,Male,I3,2023-12-04T06:30:00Z,2023-12-04T18:30:00Z,138,12,TRUE,B5|sys.5|CC4,B5|303,11.5,complete_clock_and_animal_span,TRUE,TRUE,TRUE,Inactive,I2,Male,B5,SUS,SIS,TRUE,TRUE,1.5833333333333333,9.916666666666666
B5,CC4,sys.5,00303,303,Male,I4,2023-12-05T06:30:00Z,2023-12-05T18:30:00Z,74,12,TRUE,B5|sys.5|CC4,B5|303,6.166666666666667,complete_clock_and_animal_span,TRUE,TRUE,TRUE,Inactive,I2,Male,B5,SUS,SIS,TRUE,TRUE,1.5833333333333333,4.583333333333334
B5,CC4,sys.5,00303,303,Male,I5,2023-12-06T06:30:00Z,2023-12-06T18:30:00Z,60,12,TRUE,B5|sys.5|CC4,B5|303,5,complete_clock_and_animal_span,TRUE,TRUE,TRUE,Inactive,I2,Male,B5,SUS,SIS,TRUE,TRUE,1.5833333333333333,3.416666666666667
B5,CC4,sys.5,00304,304,Male,A1,2023-12-02T18:30:00Z,2023-12-03T06:30:00Z,500,12,TRUE,B5|sys.5|CC4,B5|304,41.666666666666664,complete_clock_and_animal_span,TRUE,TRUE,TRUE,Active,A2,Male,B5,RES,SIS,TRUE,TRUE,32.5,9.166666666666664
B5,CC4,sys.5,00304,304,Male,A2,2023-12-03T18:30:00Z,2023-12-04T06:30:00Z,390,12,TRUE,B5|sys.5|CC4,B5|304,32.5,complete_clock_and_animal_span,TRUE,TRUE,TRUE,Active,A2,Male,B5,RES,SIS,TRUE,TRUE,32.5,0
B5,CC4,sys.5,00304,304,Male,A3,2023-12-04T18:30:00Z,2023-12-05T06:30:00Z,360,12,TRUE,B5|sys.5|CC4,B5|304,30,complete_clock_and_animal_span,TRUE,TRUE,TRUE,Active,A2,Male,B5,RES,SIS,TRUE,TRUE,32.5,-2.5
B5,CC4,sys.5,00304,304,Male,A4,2023-12-05T18:30:00Z,2023-12-06T06:30:00Z,356,12,TRUE,B5|sys.5|CC4,B5|304,29.666666666666668,complete_clock_and_animal_span,TRUE,TRUE,TRUE,Active,A2,Male,B5,RES,SIS,TRUE,TRUE,32.5,-2.833333333333332
B5,CC4,sys.5,00304,304,Male,A5,2023-12-06T18:30:00Z,2023-12-07T06:30:00Z,374,12,TRUE,B5|sys.5|CC4,B5|304,31.166666666666668,complete_clock_and_animal_span,TRUE,TRUE,TRUE,Active,A2,Male,B5,RES,SIS,TRUE,TRUE,32.5,-1.3333333333333321
B5,CC4,sys.5,00304,304,Male,I2,2023-12-03T06:30:00Z,2023-12-03T18:30:00Z,20,12,TRUE,B5|sys.5|CC4,B5|304,1.6666666666666667,complete_clock_and_animal_span,TRUE,TRUE,TRUE,Inactive,I2,Male,B5,RES,SIS,TRUE,TRUE,1.6666666666666667,0
B5,CC4,sys.5,00304,304,Male,I3,2023-12-04T06:30:00Z,2023-12-04T18:30:00Z,142,12,TRUE,B5|sys.5|CC4,B5|304,11.833333333333334,complete_clock_and_animal_span,TRUE,TRUE,TRUE,Inactive,I2,Male,B5,RES,SIS,TRUE,TRUE,1.6666666666666667,10.166666666666668
B5,CC4,sys.5,00304,304,Male,I4,2023-12-05T06:30:00Z,2023-12-05T18:30:00Z,76,12,TRUE,B5|sys.5|CC4,B5|304,6.333333333333333,complete_clock_and_animal_span,TRUE,TRUE,TRUE,Inactive,I2,Male,B5,RES,SIS,TRUE,TRUE,1.6666666666666667,4.666666666666666
B5,CC4,sys.5,00304,304,Male,I5,2023-12-06T06:30:00Z,2023-12-06T18:30:00Z,82,12,TRUE,B5|sys.5|CC4,B5|304,6.833333333333333,complete_clock_and_animal_span,TRUE,TRUE,TRUE,Inactive,I2,Male,B5,RES,SIS,TRUE,TRUE,1.6666666666666667,5.166666666666666
B5,CC4,sys.5,00317,317,Male,A1,2023-12-02T18:30:00Z,2023-12-03T06:30:00Z,514,12,TRUE,B5|sys.5|CC4,B5|317,42.833333333333336,complete_clock_and_animal_span,TRUE,TRUE,TRUE,Active,A2,Male,B5,SUS,SIS,TRUE,TRUE,35.666666666666664,7.166666666666671
B5,CC4,sys.5,00317,317,Male,A2,2023-12-03T18:30:00Z,2023-12-04T06:30:00Z,428,12,TRUE,B5|sys.5|CC4,B5|317,35.666666666666664,complete_clock_and_animal_span,TRUE,TRUE,TRUE,Active,A2,Male,B5,SUS,SIS,TRUE,TRUE,35.666666666666664,0
B5,CC4,sys.5,00317,317,Male,A3,2023-12-04T18:30:00Z,2023-12-05T06:30:00Z,396,12,TRUE,B5|sys.5|CC4,B5|317,33,complete_clock_and_animal_span,TRUE,TRUE,TRUE,Active,A2,Male,B5,SUS,SIS,TRUE,TRUE,35.666666666666664,-2.6666666666666643
B5,CC4,sys.5,00317,317,Male,A4,2023-12-05T18:30:00Z,2023-12-06T06:30:00Z,379,12,TRUE,B5|sys.5|CC4,B5|317,31.583333333333332,complete_clock_and_animal_span,TRUE,TRUE,TRUE,Active,A2,Male,B5,SUS,SIS,TRUE,TRUE,35.666666666666664,-4.083333333333332
B5,CC4,sys.5,00317,317,Male,A5,2023-12-06T18:30:00Z,2023-12-07T06:30:00Z,408,12,TRUE,B5|sys.5|CC4,B5|317,34,complete_clock_and_animal_span,TRUE,TRUE,TRUE,Active,A2,Male,B5,SUS,SIS,TRUE,TRUE,35.666666666666664,-1.6666666666666643
B5,CC4,sys.5,00317,317,Male,I2,2023-12-03T06:30:00Z,2023-12-03T18:30:00Z,26,12,TRUE,B5|sys.5|CC4,B5|317,2.1666666666666665,complete_clock_and_animal_span,TRUE,TRUE,TRUE,Inactive,I2,Male,B5,SUS,SIS,TRUE,TRUE,2.1666666666666665,0
B5,CC4,sys.5,00317,317,Male,I3,2023-12-04T06:30:00Z,2023-12-04T18:30:00Z,124,12,TRUE,B5|sys.5|CC4,B5|317,10.333333333333334,complete_clock_and_animal_span,TRUE,TRUE,TRUE,Inactive,I2,Male,B5,SUS,SIS,TRUE,TRUE,2.1666666666666665,8.166666666666668
B5,CC4,sys.5,00317,317,Male,I4,2023-12-05T06:30:00Z,2023-12-05T18:30:00Z,113,12,TRUE,B5|sys.5|CC4,B5|317,9.416666666666666,complete_clock_and_animal_span,TRUE,TRUE,TRUE,Inactive,I2,Male,B5,SUS,SIS,TRUE,TRUE,2.1666666666666665,7.25
B5,CC4,sys.5,00317,317,Male,I5,2023-12-06T06:30:00Z,2023-12-06T18:30:00Z,96,12,TRUE,B5|sys.5|CC4,B5|317,8,complete_clock_and_animal_span,TRUE,TRUE,TRUE,Inactive,I2,Male,B5,SUS,SIS,TRUE,TRUE,2.1666666666666665,5.833333333333334
B5,CC4,sys.5,OR625,OR625,Male,A1,2023-12-02T18:30:00Z,2023-12-03T06:30:00Z,390,12,TRUE,B5|sys.5|CC4,B5|OR625,32.5,complete_clock_and_animal_span,TRUE,TRUE,TRUE,Active,A2,Male,B5,SUS,SIS,TRUE,TRUE,23.333333333333332,9.166666666666668
B5,CC4,sys.5,OR625,OR625,Male,A2,2023-12-03T18:30:00Z,2023-12-04T06:30:00Z,280,12,TRUE,B5|sys.5|CC4,B5|OR625,23.333333333333332,complete_clock_and_animal_span,TRUE,TRUE,TRUE,Active,A2,Male,B5,SUS,SIS,TRUE,TRUE,23.333333333333332,0
B5,CC4,sys.5,OR625,OR625,Male,A3,2023-12-04T18:30:00Z,2023-12-05T06:30:00Z,300,12,TRUE,B5|sys.5|CC4,B5|OR625,25,complete_clock_and_animal_span,TRUE,TRUE,TRUE,Active,A2,Male,B5,SUS,SIS,TRUE,TRUE,23.333333333333332,1.6666666666666679
B5,CC4,sys.5,OR625,OR625,Male,A4,2023-12-05T18:30:00Z,2023-12-06T06:30:00Z,230,12,TRUE,B5|sys.5|CC4,B5|OR625,19.166666666666668,complete_clock_and_animal_span,TRUE,TRUE,TRUE,Active,A2,Male,B5,SUS,SIS,TRUE,TRUE,23.333333333333332,-4.166666666666664
B5,CC4,sys.5,OR625,OR625,Male,A5,2023-12-06T18:30:00Z,2023-12-07T06:30:00Z,294,12,TRUE,B5|sys.5|CC4,B5|OR625,24.5,complete_clock_and_animal_span,TRUE,TRUE,TRUE,Active,A2,Male,B5,SUS,SIS,TRUE,TRUE,23.333333333333332,1.1666666666666679
B5,CC4,sys.5,OR625,OR625,Male,I2,2023-12-03T06:30:00Z,2023-12-03T18:30:00Z,10,12,TRUE,B5|sys.5|CC4,B5|OR625,0.8333333333333334,complete_clock_and_animal_span,TRUE,TRUE,TRUE,Inactive,I2,Male,B5,SUS,SIS,TRUE,TRUE,0.8333333333333334,0
B5,CC4,sys.5,OR625,OR625,Male,I3,2023-12-04T06:30:00Z,2023-12-04T18:30:00Z,104,12,TRUE,B5|sys.5|CC4,B5|OR625,8.666666666666666,complete_clock_and_animal_span,TRUE,TRUE,TRUE,Inactive,I2,Male,B5,SUS,SIS,TRUE,TRUE,0.8333333333333334,7.833333333333333
B5,CC4,sys.5,OR625,OR625,Male,I4,2023-12-05T06:30:00Z,2023-12-05T18:30:00Z,64,12,TRUE,B5|sys.5|CC4,B5|OR625,5.333333333333333,complete_clock_and_animal_span,TRUE,TRUE,TRUE,Inactive,I2,Male,B5,SUS,SIS,TRUE,TRUE,0.8333333333333334,4.5
B5,CC4,sys.5,OR625,OR625,Male,I5,2023-12-06T06:30:00Z,2023-12-06T18:30:00Z,42,12,TRUE,B5|sys.5|CC4,B5|OR625,3.5,complete_clock_and_animal_span,TRUE,TRUE,TRUE,Inactive,I2,Male,B5,SUS,SIS,TRUE,TRUE,0.8333333333333334,2.6666666666666665
