source,model_id,construct,estimand,sex,estimate,se,df,statistic,ci_low,ci_high,p_raw,test,L,status,role,n,se_cr2,df_cr2,result_id,n_obs,n_cage_episodes,unit,estimate_standardized
stage29,CC1_POOLED|crossing_rate,crossing_rate,Q1,"",-2.92368650089639,2.56387300985016,73.8824801641501,-1.14033982559349,-8.03245001178513,2.18507700999236,0.257827942499315,KR t,g_RS:sex_c=1,OK,primary,87,,,stage29|crossing_rate|Q1|,87,24,position changes/hour,-0.565531838929241
stage29,CC1_POOLED|crossing_rate,crossing_rate,RS_sexavg_CC1,"",0.795815157378886,1.28193650492508,73.8824801641501,0.620791399824749,-1.75856659806549,3.35019691282326,,KR t,g_RS=1,OK,estimation,87,,,stage29|crossing_rate|RS_sexavg_CC1|,87,24,position changes/hour,0.153935385774863
stage29,TR_POOLED|crossing_rate,crossing_rate,Q2c,"",-1.96846418034696,2.32662138551004,91.3655073648064,-0.846061242540944,-6.58976268009696,2.65283431940304,,KR t,g_RS:sex_c=1; g_RS:c2:sex_c=0.25; g_RS:c3:sex_c=0.25; g_RS:c4:sex_c=0.25,OK,estimation,87,,,stage29|crossing_rate|Q2c|,348,96,position changes/hour,-0.380762153341901
stage29,TR_POOLED|crossing_rate,crossing_rate,DiD_CC1,"",-2.72222050727962,2.42333980502264,113.538905869773,-1.1233342107605,-7.52304712606938,2.07860611151015,,KR t,g_RS:sex_c=1,OK,estimation,87,,,stage29|crossing_rate|DiD_CC1|,348,96,position changes/hour,-0.526562054098731
stage29,TR_POOLED|crossing_rate,crossing_rate,RS_sexavg_TR_CC1,"",-0.128442472608351,1.21166990251132,113.538905869774,-0.106004508605966,-2.52885578200323,2.27197083678653,,KR t,g_RS=1,OK,estimation,87,,,stage29|crossing_rate|RS_sexavg_TR_CC1|,348,96,position changes/hour,-0.0248447662594977
stage29,TR_POOLED|crossing_rate,crossing_rate,DiD_CC2,"",-1.67740102559794,2.59064419047854,150.092493260461,-0.647484139953658,-6.79624303967479,3.44144098847892,,KR t,g_RS:sex_c=1; g_RS:c2:sex_c=1,OK,estimation,87,,,stage29|crossing_rate|DiD_CC2|,348,96,position changes/hour,-0.324461492823308
stage29,TR_POOLED|crossing_rate,crossing_rate,Q2b_component_c2,"",1.04481948168168,2.44207183422537,205.679196816846,0.427841420157527,-3.76988348362683,5.85952244699019,,KR t,g_RS:c2:sex_c=1,OK,estimation,87,,,stage29|crossing_rate|Q2b_component_c2|,348,96,position changes/hour,0.202100561275423
stage29,TR_POOLED|crossing_rate,crossing_rate,Q2a_component_c2,"",1.30829749400816,1.22103591711268,205.679196816846,1.07146520071402,-1.09905398864609,3.71564897666242,,KR t,g_RS:c2=1,OK,estimation,87,,,stage29|crossing_rate|Q2a_component_c2|,348,96,position changes/hour,0.253065397889311
stage29,TR_POOLED|crossing_rate,crossing_rate,RS_sexavg_TR_CC2,"",1.17985502139981,1.29532209523927,150.092493260461,0.910858407909635,-1.37956598563861,3.73927602843824,,KR t,g_RS=1; g_RS:c2=1,OK,estimation,87,,,stage29|crossing_rate|RS_sexavg_TR_CC2|,348,96,position changes/hour,0.228220631629814
stage29,TR_POOLED|crossing_rate,crossing_rate,DiD_CC3,"",-1.35412638241952,2.94463136730205,171.047295790579,-0.459862785357819,-7.16662276673785,4.45837000189881,,KR t,g_RS:sex_c=1; g_RS:c3:sex_c=1,OK,estimation,87,,,stage29|crossing_rate|DiD_CC3|,348,96,position changes/hour,-0.26193012929311
stage29,TR_POOLED|crossing_rate,crossing_rate,Q2b_component_c3,"",1.3680941248601,2.80325145824194,199.979997938514,0.488038317375244,-4.15963020509591,6.8958184548161,,KR t,g_RS:c3:sex_c=1,OK,estimation,87,,,stage29|crossing_rate|Q2b_component_c3|,348,96,position changes/hour,0.264631924805621
stage29,TR_POOLED|crossing_rate,crossing_rate,Q2a_component_c3,"",1.19576749993124,1.40162572912097,199.979997938514,0.853128959526996,-1.56809466504676,3.95962966490924,,KR t,g_RS:c3=1,OK,estimation,87,,,stage29|crossing_rate|Q2a_component_c3|,348,96,position changes/hour,0.231298599545677
stage29,TR_POOLED|crossing_rate,crossing_rate,RS_sexavg_TR_CC3,"",1.06732502732289,1.47231568365102,171.047295790581,0.72492946938944,-1.83892316483628,3.97357321948205,,KR t,g_RS=1; g_RS:c3=1,OK,estimation,87,,,stage29|crossing_rate|RS_sexavg_TR_CC3|,348,96,position changes/hour,0.206453833286179
stage29,TR_POOLED|crossing_rate,crossing_rate,DiD_CC4,"",-2.12010880609075,3.47815202431896,119.412211723018,-0.609550356415453,-9.00695301472831,4.76673540254681,,KR t,g_RS:sex_c=1; g_RS:c4:sex_c=1,OK,estimation,87,,,stage29|crossing_rate|DiD_CC4|,348,96,position changes/hour,-0.410094937152453
stage29,TR_POOLED|crossing_rate,crossing_rate,Q2b_component_c4,"",0.602111701188867,3.34789810284237,117.316516519465,0.179847678362037,-6.02803815203493,7.23226155441267,,KR t,g_RS:c4:sex_c=1,OK,estimation,87,,,stage29|crossing_rate|Q2b_component_c4|,348,96,position changes/hour,0.116467116946278
stage29,TR_POOLED|crossing_rate,crossing_rate,Q2a_component_c4,"",-0.784855945848866,1.67394905142118,117.316516519465,-0.468864894772349,-4.09993087246076,2.53021898076303,,KR t,g_RS:c4=1,OK,estimation,87,,,stage29|crossing_rate|Q2a_component_c4|,348,96,position changes/hour,-0.151815533647117
stage29,TR_POOLED|crossing_rate,crossing_rate,RS_sexavg_TR_CC4,"",-0.913298418457217,1.73907601215948,119.412211723018,-0.525163024543786,-4.35672052277599,2.53012368586156,,KR t,g_RS=1; g_RS:c4=1,OK,estimation,87,,,stage29|crossing_rate|RS_sexavg_TR_CC4|,348,96,position changes/hour,-0.176660299906615
stage29,CC1_BY_SEX|crossing_rate|Female,crossing_rate,RS_by_sex_CC1,Female,-0.707900458827341,2.00175958522404,36.3572368013109,-0.353639100345864,-4.76627243747428,3.3504715198196,0.725651904378276,KR t,g_RS=1,OK,follow-up,46,,,stage29|crossing_rate|RS_by_sex_CC1|Female,46,12,position changes/hour,-0.136929950641677
stage29,CC1_BY_SEX|crossing_rate|Female,crossing_rate,mean_RES_CC1,Female,22.8621563021715,1.26863787933766,19.2887799607341,18.0210260741288,20.2095547640923,25.5147578402506,,KR t,(Intercept)=1; BatchB4=0.333333; BatchB6=0.333333; g_RS=0.5,OK,estimation,46,,,stage29|crossing_rate|mean_RES_CC1|Female,46,12,position changes/hour,4.42225159622645
stage29,CC1_BY_SEX|crossing_rate|Female,crossing_rate,mean_SUS_CC1,Female,23.5700567609988,1.58295729945388,32.19872349648,14.889887913673,20.3464585385765,26.7936549834211,,KR t,(Intercept)=1; BatchB4=0.333333; BatchB6=0.333333; g_RS=-0.5,OK,estimation,46,,,stage29|crossing_rate|mean_SUS_CC1|Female,46,12,position changes/hour,4.55918154686812
stage29,TR_BY_SEX|crossing_rate|Female,crossing_rate,RS_by_sex_TR_CC1,Female,-1.4601624365506,1.94339244027587,57.0547477404177,-0.751347183558727,-5.35165774410636,2.43133287100517,,KR t,g_RS=1,OK,estimation,46,,,stage29|crossing_rate|RS_by_sex_TR_CC1|Female,184,48,position changes/hour,-0.282440797816279
stage29,TR_BY_SEX|crossing_rate|Female,crossing_rate,mean_RES_TR_CC1,Female,22.629799596717,1.41729504303947,64.956954474509,15.9668939137655,19.7992303791672,25.4603688142668,,KR t,(Intercept)=1; BatchB4=0.333333; BatchB6=0.333333; g_RS=0.5,OK,estimation,46,,,stage29|crossing_rate|mean_RES_TR_CC1|Female,184,48,position changes/hour,4.37730658762757
stage29,TR_BY_SEX|crossing_rate|Female,crossing_rate,mean_SUS_TR_CC1,Female,24.0899620332676,1.68886021076234,71.6521196145445,14.2640355191941,20.7230014488546,27.4569226176806,,KR t,(Intercept)=1; BatchB4=0.333333; BatchB6=0.333333; g_RS=-0.5,OK,estimation,46,,,stage29|crossing_rate|mean_SUS_TR_CC1|Female,184,48,position changes/hour,4.65974738544385
stage29,TR_BY_SEX|crossing_rate|Female,crossing_rate,RS_by_sex_TR_CC2,Female,0.405231357326689,2.10321711806437,77.9097069913275,0.192672146801292,-3.78202871386081,4.59249142851419,,KR t,g_RS=1; g_RS:c2=1,OK,estimation,46,,,stage29|crossing_rate|RS_by_sex_TR_CC2|Female,184,48,position changes/hour,0.0783843393026208
stage29,TR_BY_SEX|crossing_rate|Female,crossing_rate,mean_RES_TR_CC2,Female,22.1804948771185,1.48243192678709,77.21409729721,14.962235011486,19.228726402446,25.1322633517909,,KR t,(Intercept)=1; BatchB4=0.333333; BatchB6=0.333333; c2=1; g_RS=0.5; g_RS:c2=0.5,OK,estimation,46,,,stage29|crossing_rate|mean_RES_TR_CC2|Female,184,48,position changes/hour,4.29039709023918
stage29,TR_BY_SEX|crossing_rate|Female,crossing_rate,mean_SUS_TR_CC2,Female,21.7752635197918,1.79010546674858,87.80419737356,12.1642349706595,18.2176944974426,25.3328325421409,,KR t,(Intercept)=1; BatchB4=0.333333; BatchB6=0.333333; c2=1; g_RS=-0.5; g_RS:c2=-0.5,OK,estimation,46,,,stage29|crossing_rate|mean_SUS_TR_CC2|Female,184,48,position changes/hour,4.21201275093655
stage29,TR_BY_SEX|crossing_rate|Female,crossing_rate,RS_by_sex_TR_CC3,Female,0.502155312232691,2.39946306440385,87.0261493608965,0.209278200478344,-4.2670171404286,5.27132776489398,,KR t,g_RS=1; g_RS:c3=1,OK,estimation,46,,,stage29|crossing_rate|RS_by_sex_TR_CC3|Female,184,48,position changes/hour,0.0971324446270051
stage29,TR_BY_SEX|crossing_rate|Female,crossing_rate,mean_RES_TR_CC3,Female,25.2679311088224,1.6445550189457,89.1143575298111,15.364600647427,22.0002930944309,28.5355691232139,,KR t,(Intercept)=1; BatchB4=0.333333; BatchB6=0.333333; c3=1; g_RS=0.5; g_RS:c3=0.5,OK,estimation,46,,,stage29|crossing_rate|mean_RES_TR_CC3|Female,184,48,position changes/hour,4.88760321653108
stage29,TR_BY_SEX|crossing_rate|Female,crossing_rate,mean_SUS_TR_CC3,Female,24.7657757965897,1.99676532394964,96.6108874674632,12.4029476571651,20.8025477741036,28.7290038190759,,KR t,(Intercept)=1; BatchB4=0.333333; BatchB6=0.333333; c3=1; g_RS=-0.5; g_RS:c3=-0.5,OK,estimation,46,,,stage29|crossing_rate|mean_SUS_TR_CC3|Female,184,48,position changes/hour,4.79047077190408
stage29,TR_BY_SEX|crossing_rate|Female,crossing_rate,RS_by_sex_TR_CC4,Female,-1.95809839440063,2.86317186220173,61.9062102858404,-0.683891323552923,-7.68166988631537,3.76547309751411,,KR t,g_RS=1; g_RS:c4=1,OK,estimation,46,,,stage29|crossing_rate|RS_by_sex_TR_CC4|Female,184,48,position changes/hour,-0.378757088166008
stage29,TR_BY_SEX|crossing_rate|Female,crossing_rate,mean_RES_TR_CC4,Female,28.6705758253746,1.88984725836798,68.4488505525689,15.1708428807806,24.8998920517366,32.4412595990126,,KR t,(Intercept)=1; BatchB4=0.333333; BatchB6=0.333333; c4=1; g_RS=0.5; g_RS:c4=0.5,OK,estimation,46,,,stage29|crossing_rate|mean_RES_TR_CC4|Female,184,48,position changes/hour,5.54578046063186
stage29,TR_BY_SEX|crossing_rate|Female,crossing_rate,mean_SUS_TR_CC4,Female,30.6286742197752,2.32180975180917,68.3053006916531,13.1917243417163,25.9959499302367,35.2613985093138,,KR t,(Intercept)=1; BatchB4=0.333333; BatchB6=0.333333; c4=1; g_RS=-0.5; g_RS:c4=-0.5,OK,estimation,46,,,stage29|crossing_rate|mean_SUS_TR_CC4|Female,184,48,position changes/hour,5.92453754879786
stage29,CC1_BY_SEX|crossing_rate|Male,crossing_rate,RS_by_sex_CC1,Male,2.28870677318131,1.46573236057202,36.4612283024419,1.56147659337215,-0.682631103135179,5.26004464949781,0.127050212103081,KR t,g_RS=1,OK,follow-up,41,,,stage29|crossing_rate|RS_by_sex_CC1|Male,41,12,position changes/hour,0.442707024097897
stage29,CC1_BY_SEX|crossing_rate|Male,crossing_rate,mean_RES_CC1,Male,21.6211955037744,0.889108509514052,17.2052920186992,24.317836655946,19.747044088699,23.4953469188498,,KR t,(Intercept)=1; BatchB2=0.333333; BatchB5=0.333333; g_RS=0.5,OK,estimation,41,,,stage29|crossing_rate|mean_RES_CC1|Male,41,12,position changes/hour,4.18221120812689
stage29,CC1_BY_SEX|crossing_rate|Male,crossing_rate,mean_SUS_CC1,Male,19.3324887305931,1.06211006777389,28.4289040034562,18.2019635414177,17.1583326793945,21.5066447817916,,KR t,(Intercept)=1; BatchB2=0.333333; BatchB5=0.333333; g_RS=-0.5,OK,estimation,41,,,stage29|crossing_rate|mean_SUS_CC1|Male,41,12,position changes/hour,3.739504184029
stage29,TR_BY_SEX|crossing_rate|Male,crossing_rate,RS_by_sex_TR_CC1,Male,1.26277705090694,1.2224599013443,61.069526871665,1.03298034521893,-1.18162631682722,3.70718041864111,,KR t,g_RS=1,OK,estimation,41,,,stage29|crossing_rate|RS_by_sex_TR_CC1|Male,164,48,position changes/hour,0.244260329395129
stage29,TR_BY_SEX|crossing_rate|Male,crossing_rate,mean_RES_TR_CC1,Male,20.8480232856251,1.02508310670157,60.0074636168624,20.3378859229357,18.7975570254008,22.8984895458495,,KR t,(Intercept)=1; BatchB2=0.333333; BatchB5=0.333333; g_RS=0.5,OK,estimation,41,,,stage29|crossing_rate|mean_RES_TR_CC1|Male,164,48,position changes/hour,4.03265567055304
stage29,TR_BY_SEX|crossing_rate|Male,crossing_rate,mean_SUS_TR_CC1,Male,19.5852462347182,1.12023028370817,72.4870261933412,17.4832322599665,17.3523642899259,21.8181281795105,,KR t,(Intercept)=1; BatchB2=0.333333; BatchB5=0.333333; g_RS=-0.5,OK,estimation,41,,,stage29|crossing_rate|mean_SUS_TR_CC1|Male,164,48,position changes/hour,3.78839534115792
stage29,TR_BY_SEX|crossing_rate|Male,crossing_rate,RS_by_sex_TR_CC2,Male,1.81114283920321,1.29675826789855,81.072931561233,1.39666959065412,-0.768964166324428,4.39124984473086,,KR t,g_RS=1; g_RS:c2=1,OK,estimation,41,,,stage29|crossing_rate|RS_by_sex_TR_CC2|Male,164,48,position changes/hour,0.35033131633781
stage29,TR_BY_SEX|crossing_rate|Male,crossing_rate,mean_RES_TR_CC2,Male,22.6196046433291,1.03238455440849,69.2253632859703,21.910057203722,20.5601734187602,24.679035867898,,KR t,(Intercept)=1; BatchB2=0.333333; BatchB5=0.333333; c2=1; g_RS=0.5; g_RS:c2=0.5,OK,estimation,41,,,stage29|crossing_rate|mean_RES_TR_CC2|Male,164,48,position changes/hour,4.37533456677804
stage29,TR_BY_SEX|crossing_rate|Male,crossing_rate,mean_SUS_TR_CC2,Male,20.8084618041259,1.16641527805233,86.2661941178686,17.8396684231294,18.4898070442232,23.1271165640286,,KR t,(Intercept)=1; BatchB2=0.333333; BatchB5=0.333333; c2=1; g_RS=-0.5; g_RS:c2=-0.5,OK,estimation,41,,,stage29|crossing_rate|mean_SUS_TR_CC2|Male,164,48,position changes/hour,4.02500325044023
stage29,TR_BY_SEX|crossing_rate|Male,crossing_rate,RS_by_sex_TR_CC3,Male,1.44215200716825,1.48331247689586,91.6444428476032,0.972250978557299,-1.50398690264513,4.38829091698163,,KR t,g_RS=1; g_RS:c3=1,OK,estimation,41,,,stage29|crossing_rate|RS_by_sex_TR_CC3|Male,164,48,position changes/hour,0.278957021000474
stage29,TR_BY_SEX|crossing_rate|Male,crossing_rate,mean_RES_TR_CC3,Male,23.5936215734534,1.11190446369763,78.6812370060221,21.2191086048822,21.3802916761127,25.806951470794,,KR t,(Intercept)=1; BatchB2=0.333333; BatchB5=0.333333; c3=1; g_RS=0.5; g_RS:c3=0.5,OK,estimation,41,,,stage29|crossing_rate|mean_RES_TR_CC3|Male,164,48,position changes/hour,4.56373971400313
stage29,TR_BY_SEX|crossing_rate|Male,crossing_rate,mean_SUS_TR_CC3,Male,22.1514695662851,1.2839122244447,95.0318656249693,17.2531027780079,19.602592557926,24.7003465746442,,KR t,(Intercept)=1; BatchB2=0.333333; BatchB5=0.333333; c3=1; g_RS=-0.5; g_RS:c3=-0.5,OK,estimation,41,,,stage29|crossing_rate|mean_SUS_TR_CC3|Male,164,48,position changes/hour,4.28478269300265
stage29,TR_BY_SEX|crossing_rate|Male,crossing_rate,RS_by_sex_TR_CC4,Male,0.128996588471474,1.75106877706458,56.5248182170632,0.0736673454298687,-3.37809711315458,3.63609029009753,,KR t,g_RS=1; g_RS:c4=1,OK,estimation,41,,,stage29|crossing_rate|RS_by_sex_TR_CC4|Male,164,48,position changes/hour,0.0249519494896271
stage29,TR_BY_SEX|crossing_rate|Male,crossing_rate,mean_RES_TR_CC4,Male,28.0304778655882,1.24272117524779,64.748371542516,22.5557256316961,25.5484094338474,30.512546297329,,KR t,(Intercept)=1; BatchB2=0.333333; BatchB5=0.333333; c4=1; g_RS=0.5; g_RS:c4=0.5,OK,estimation,41,,,stage29|crossing_rate|mean_RES_TR_CC4|Male,164,48,position changes/hour,5.42196562064068
stage29,TR_BY_SEX|crossing_rate|Male,crossing_rate,mean_SUS_TR_CC4,Male,27.9014812771167,1.44695236269702,65.6825875243371,19.2829301063584,25.0122870682488,30.7906754859847,,KR t,(Intercept)=1; BatchB2=0.333333; BatchB5=0.333333; c4=1; g_RS=-0.5; g_RS:c4=-0.5,OK,estimation,41,,,stage29|crossing_rate|mean_SUS_TR_CC4|Male,164,48,position changes/hour,5.39701367115105
stage29,CC1_POOLED|shared_zone_use,shared_zone_use,Q1,"",0.0128072720186787,0.0287334450133622,67.8475197847565,0.44572699210703,-0.0445317581186687,0.070146302156026,0.657213574536945,KR t,g_RS:sex_c=1,OK,primary,85,,,stage29|shared_zone_use|Q1|,85,22,fraction of co-assigned dyadic time,0.210992949236881
stage29,CC1_POOLED|shared_zone_use,shared_zone_use,RS_sexavg_CC1,"",0.0152740827874541,0.0143667225066811,67.8475197847568,1.06315708265062,-0.0133954322812196,0.0439435978561277,,KR t,g_RS=1,OK,estimation,85,,,stage29|shared_zone_use|RS_sexavg_CC1|,85,22,fraction of co-assigned dyadic time,0.25163233587239
stage29,TR_POOLED|shared_zone_use,shared_zone_use,Q2c,"",-0.00783979316017274,0.0119477826318805,80.3405998664741,-0.656171391941269,-0.0316150909918984,0.0159355046715529,,KR t,g_RS:sex_c=1; g_RS:c2:sex_c=0.25; g_RS:c3:sex_c=0.25; g_RS:c4:sex_c=0.25,OK,estimation,87,,,stage29|shared_zone_use|Q2c|,346,94,fraction of co-assigned dyadic time,-0.129156394731017
stage29,TR_POOLED|shared_zone_use,shared_zone_use,DiD_CC1,"",0.011725444910484,0.0224740561690926,271.175721415633,0.521732473313358,-0.032520366462536,0.0559712562835041,,KR t,g_RS:sex_c=1,OK,estimation,87,,,stage29|shared_zone_use|DiD_CC1|,346,94,fraction of co-assigned dyadic time,0.193170426861351
stage29,TR_POOLED|shared_zone_use,shared_zone_use,RS_sexavg_TR_CC1,"",0.0149539951864466,0.0112370280845463,271.175721415633,1.33077848288126,-0.00716891050006339,0.0370769008729567,,KR t,g_RS=1,OK,estimation,87,,,stage29|shared_zone_use|RS_sexavg_TR_CC1|,346,94,fraction of co-assigned dyadic time,0.246359064027127
stage29,TR_POOLED|shared_zone_use,shared_zone_use,DiD_CC2,"",-0.0179065083162987,0.0230431651780085,286.752275148665,-0.777085447158448,-0.0632617092993346,0.0274486926667371,,KR t,g_RS:sex_c=1; g_RS:c2:sex_c=1,OK,estimation,87,,,stage29|shared_zone_use|DiD_CC2|,346,94,fraction of co-assigned dyadic time,-0.295000137006568
stage29,TR_POOLED|shared_zone_use,shared_zone_use,Q2b_component_c2,"",-0.0296319532267828,0.0319855760057269,218.30533320372,-0.926416120237361,-0.0926720119631349,0.0334081055095693,,KR t,g_RS:c2:sex_c=1,OK,estimation,87,,,stage29|shared_zone_use|Q2b_component_c2|,346,94,fraction of co-assigned dyadic time,-0.488170563867921
stage29,TR_POOLED|shared_zone_use,shared_zone_use,Q2a_component_c2,"",-0.011573565389187,0.0159927880028635,218.305333203716,-0.72367403276494,-0.043093594757363,0.0199464639789891,,KR t,g_RS:c2=1,OK,estimation,87,,,stage29|shared_zone_use|Q2a_component_c2|,346,94,fraction of co-assigned dyadic time,-0.190668293067331
stage29,TR_POOLED|shared_zone_use,shared_zone_use,RS_sexavg_TR_CC2,"",0.00338042979725968,0.0115215825890043,286.752275148665,0.293399780034197,-0.0192971706942583,0.0260580302887776,,KR t,g_RS=1; g_RS:c2=1,OK,estimation,87,,,stage29|shared_zone_use|RS_sexavg_TR_CC2|,346,94,fraction of co-assigned dyadic time,0.055690770959797
stage29,TR_POOLED|shared_zone_use,shared_zone_use,DiD_CC3,"",-0.018981595175139,0.0235081440270647,296.305100783477,-0.807447629778246,-0.0652456792422005,0.0272824888919225,,KR t,g_RS:sex_c=1; g_RS:c3:sex_c=1,OK,estimation,87,,,stage29|shared_zone_use|DiD_CC3|,346,94,fraction of co-assigned dyadic time,-0.31271161738285
stage29,TR_POOLED|shared_zone_use,shared_zone_use,Q2b_component_c3,"",-0.030707040085623,0.0323182568464803,223.299454423434,-0.950145307387371,-0.0943948365396192,0.0329807563683732,,KR t,g_RS:c3:sex_c=1,OK,estimation,87,,,stage29|shared_zone_use|Q2b_component_c3|,346,94,fraction of co-assigned dyadic time,-0.505882044244201
stage29,TR_POOLED|shared_zone_use,shared_zone_use,Q2a_component_c3,"",-0.0158032468949356,0.0161591284232401,223.299454423434,-0.977976440375787,-0.0476471451219337,0.0160406513320625,,KR t,g_RS:c3=1,OK,estimation,87,,,stage29|shared_zone_use|Q2a_component_c3|,346,94,fraction of co-assigned dyadic time,-0.260350031218049
stage29,TR_POOLED|shared_zone_use,shared_zone_use,RS_sexavg_TR_CC3,"",-0.000849251708488964,0.0117540720135323,296.305100783477,-0.0722517020068644,-0.0239812937420197,0.0222827903250418,,KR t,g_RS=1; g_RS:c3=1,OK,estimation,87,,,stage29|shared_zone_use|RS_sexavg_TR_CC3|,346,94,fraction of co-assigned dyadic time,-0.013990967190922
stage29,TR_POOLED|shared_zone_use,shared_zone_use,DiD_CC4,"",-0.00619651405973724,0.0246096118618953,311.418462857083,-0.251792433562584,-0.0546186522602712,0.0422256241407968,,KR t,g_RS:sex_c=1; g_RS:c4:sex_c=1,OK,estimation,87,,,stage29|shared_zone_use|DiD_CC4|,346,94,fraction of co-assigned dyadic time,-0.102084251396001
stage29,TR_POOLED|shared_zone_use,shared_zone_use,Q2b_component_c4,"",-0.0179219589702213,0.033105562798866,235.142851396831,-0.541357930662795,-0.0831433562649165,0.047299438324474,,KR t,g_RS:c4:sex_c=1,OK,estimation,87,,,stage29|shared_zone_use|Q2b_component_c4|,346,94,fraction of co-assigned dyadic time,-0.295254678257353
stage29,TR_POOLED|shared_zone_use,shared_zone_use,Q2a_component_c4,"",-0.0239461362281884,0.016552781399433,235.142851396831,-1.44665332371324,-0.056556834875536,0.00866456241915923,,KR t,g_RS:c4=1,OK,estimation,87,,,stage29|shared_zone_use|Q2a_component_c4|,346,94,fraction of co-assigned dyadic time,-0.394499773116778
stage29,TR_POOLED|shared_zone_use,shared_zone_use,RS_sexavg_TR_CC4,"",-0.00899214104174174,0.0123048059309477,311.418462857083,-0.730782841452682,-0.0332032101420087,0.0152189280585253,,KR t,g_RS=1; g_RS:c4=1,OK,estimation,87,,,stage29|shared_zone_use|RS_sexavg_TR_CC4|,346,94,fraction of co-assigned dyadic time,-0.14814070908965
stage29,CC1_BY_SEX|shared_zone_use|Female,shared_zone_use,RS_by_sex_CC1,Female,0.021675130629315,0.0164866702325951,34.82666424147,1.31470638543264,-0.0118005451655183,0.0551508064241483,0.197200830432174,KR t,g_RS=1,OK,follow-up,46,,,stage29|shared_zone_use|RS_by_sex_CC1|Female,46,12,fraction of co-assigned dyadic time,0.357086171817381
stage29,CC1_BY_SEX|shared_zone_use|Female,shared_zone_use,mean_RES_CC1,Female,0.261529405001492,0.0129682680810824,14.815019243903,20.1668721965273,0.233858105811535,0.28920070419145,,KR t,(Intercept)=1; BatchB4=0.333333; BatchB6=0.333333; g_RS=0.5,OK,estimation,46,,,stage29|shared_zone_use|mean_RES_CC1|Female,46,12,fraction of co-assigned dyadic time,4.3085569192997
stage29,CC1_BY_SEX|shared_zone_use|Female,shared_zone_use,mean_SUS_CC1,Female,0.239854274372177,0.0151253322392819,23.7955285046309,15.8577855069691,0.208622921588355,0.271085627156,,KR t,(Intercept)=1; BatchB4=0.333333; BatchB6=0.333333; g_RS=-0.5,OK,estimation,46,,,stage29|shared_zone_use|mean_SUS_CC1|Female,46,12,fraction of co-assigned dyadic time,3.95147074748232
stage29,TR_BY_SEX|shared_zone_use|Female,shared_zone_use,RS_by_sex_TR_CC1,Female,0.0208259443548492,0.0134805009301836,140.39804880092,1.5448939518426,-0.0058250714369609,0.0474769601466594,,KR t,g_RS=1,OK,estimation,46,,,stage29|shared_zone_use|RS_by_sex_TR_CC1|Female,184,48,fraction of co-assigned dyadic time,0.343096282616956
stage29,TR_BY_SEX|shared_zone_use|Female,shared_zone_use,mean_RES_TR_CC1,Female,0.261091434580029,0.0138731953318728,55.2938255301083,18.819848516094,0.233292250220067,0.288890618939991,,KR t,(Intercept)=1; BatchB4=0.333333; BatchB6=0.333333; g_RS=0.5,OK,estimation,46,,,stage29|shared_zone_use|mean_RES_TR_CC1|Female,184,48,fraction of co-assigned dyadic time,4.30134159110427
stage29,TR_BY_SEX|shared_zone_use|Female,shared_zone_use,mean_SUS_TR_CC1,Female,0.240265490225179,0.0152549927179667,76.4202804178146,15.7499577133331,0.20988524105522,0.270645739395139,,KR t,(Intercept)=1; BatchB4=0.333333; BatchB6=0.333333; g_RS=-0.5,OK,estimation,46,,,stage29|shared_zone_use|mean_SUS_TR_CC1|Female,184,48,fraction of co-assigned dyadic time,3.9582453084873
stage29,TR_BY_SEX|shared_zone_use|Female,shared_zone_use,RS_by_sex_TR_CC2,Female,-0.00558230590595776,0.0143597281718842,151.151852550538,-0.388747324401842,-0.033954011129233,0.0227893993173175,,KR t,g_RS=1; g_RS:c2=1,OK,estimation,46,,,stage29|shared_zone_use|RS_by_sex_TR_CC2|Female,184,48,fraction of co-assigned dyadic time,-0.0919655009218741
stage29,TR_BY_SEX|shared_zone_use|Female,shared_zone_use,mean_RES_TR_CC2,Female,0.286477743445615,0.0139755796728976,56.051938263106,20.4984515956195,0.25848186563228,0.31447362125895,,KR t,(Intercept)=1; BatchB4=0.333333; BatchB6=0.333333; c2=1; g_RS=0.5; g_RS:c2=0.5,OK,estimation,46,,,stage29|shared_zone_use|mean_RES_TR_CC2|Female,184,48,fraction of co-assigned dyadic time,4.7195674373248
stage29,TR_BY_SEX|shared_zone_use|Female,shared_zone_use,mean_SUS_TR_CC2,Female,0.292060049351573,0.0155950510601904,78.6568066838478,18.7277392183162,0.261016770662278,0.323103328040868,,KR t,(Intercept)=1; BatchB4=0.333333; BatchB6=0.333333; c2=1; g_RS=-0.5; g_RS:c2=-0.5,OK,estimation,46,,,stage29|shared_zone_use|mean_SUS_TR_CC2|Female,184,48,fraction of co-assigned dyadic time,4.81153293824667
stage29,TR_BY_SEX|shared_zone_use|Female,shared_zone_use,RS_by_sex_TR_CC3,Female,-0.0101700779756183,0.0144331439713436,151.518987757706,-0.70463358474152,-0.0386862792993964,0.0183461233481598,,KR t,g_RS=1; g_RS:c3=1,OK,estimation,46,,,stage29|shared_zone_use|RS_by_sex_TR_CC3|Female,184,48,fraction of co-assigned dyadic time,-0.167546589384157
stage29,TR_BY_SEX|shared_zone_use|Female,shared_zone_use,mean_RES_TR_CC3,Female,0.252156133785523,0.0140176284849752,56.3935495733941,17.9885016966883,0.224079773412658,0.280232494158388,,KR t,(Intercept)=1; BatchB4=0.333333; BatchB6=0.333333; c3=1; g_RS=0.5; g_RS:c3=0.5,OK,estimation,46,,,stage29|shared_zone_use|mean_RES_TR_CC3|Female,184,48,fraction of co-assigned dyadic time,4.15413729465442
stage29,TR_BY_SEX|shared_zone_use|Female,shared_zone_use,mean_SUS_TR_CC3,Female,0.262326211761141,0.0155767465124554,78.6532696599739,16.8408859675146,0.231319348057942,0.29333307546434,,KR t,(Intercept)=1; BatchB4=0.333333; BatchB6=0.333333; c3=1; g_RS=-0.5; g_RS:c3=-0.5,OK,estimation,46,,,stage29|shared_zone_use|mean_SUS_TR_CC3|Female,184,48,fraction of co-assigned dyadic time,4.32168388403857
stage29,TR_BY_SEX|shared_zone_use|Female,shared_zone_use,RS_by_sex_TR_CC4,Female,-0.0122147473568832,0.0152898166860287,161.571011573983,-0.798881216675714,-0.0424083930233258,0.0179788983095594,,KR t,g_RS=1; g_RS:c4=1,OK,estimation,46,,,stage29|shared_zone_use|RS_by_sex_TR_CC4|Female,184,48,fraction of co-assigned dyadic time,-0.201231422683414
stage29,TR_BY_SEX|shared_zone_use|Female,shared_zone_use,mean_RES_TR_CC4,Female,0.247210489524705,0.0141546488795572,57.1482667629596,17.4649679853054,0.218867887688778,0.275553091360632,,KR t,(Intercept)=1; BatchB4=0.333333; BatchB6=0.333333; c4=1; g_RS=0.5; g_RS:c4=0.5,OK,estimation,46,,,stage29|shared_zone_use|mean_RES_TR_CC4|Female,184,48,fraction of co-assigned dyadic time,4.07266045345478
stage29,TR_BY_SEX|shared_zone_use|Female,shared_zone_use,mean_SUS_TR_CC4,Female,0.259425236881589,0.0158785896257514,79.8715006292503,16.3380528747251,0.227825056026368,0.291025417736809,,KR t,(Intercept)=1; BatchB4=0.333333; BatchB6=0.333333; c4=1; g_RS=-0.5; g_RS:c4=-0.5,OK,estimation,46,,,stage29|shared_zone_use|mean_SUS_TR_CC4|Female,184,48,fraction of co-assigned dyadic time,4.2738918761382
stage29,CC1_BY_SEX|shared_zone_use|Male,shared_zone_use,RS_by_sex_CC1,Male,0.00915348165210336,0.0248900545923054,32.3599025729586,0.367756592021823,-0.0415237952511839,0.0598307585553906,0.715449282546574,KR t,g_RS=1,OK,follow-up,39,,,stage29|shared_zone_use|RS_by_sex_CC1|Male,39,10,fraction of co-assigned dyadic time,0.150798709260352
stage29,CC1_BY_SEX|shared_zone_use|Male,shared_zone_use,mean_RES_CC1,Male,0.280379900964866,0.0173616691538397,12.2956313300716,16.1493632023772,0.24265270159334,0.318107100336393,,KR t,(Intercept)=1; BatchB2=0.333333; BatchB5=0.333333; g_RS=0.5,OK,estimation,39,,,stage29|shared_zone_use|mean_RES_CC1|Male,39,10,fraction of co-assigned dyadic time,4.61910874736188
stage29,CC1_BY_SEX|shared_zone_use|Male,shared_zone_use,mean_SUS_CC1,Male,0.271226419312763,0.0211222034640994,20.1395718995569,12.8408203137403,0.227185841735868,0.315266996889658,,KR t,(Intercept)=1; BatchB2=0.333333; BatchB5=0.333333; g_RS=-0.5,OK,estimation,39,,,stage29|shared_zone_use|mean_SUS_CC1|Male,39,10,fraction of co-assigned dyadic time,4.46831003810153
stage29,TR_BY_SEX|shared_zone_use|Male,shared_zone_use,RS_by_sex_TR_CC1,Male,0.00931967055431291,0.0186132169870924,126.654905089326,0.500701762665518,-0.0275134921131638,0.0461528332217896,,KR t,g_RS=1,OK,estimation,41,,,stage29|shared_zone_use|RS_by_sex_TR_CC1|Male,162,46,fraction of co-assigned dyadic time,0.153536582443376
stage29,TR_BY_SEX|shared_zone_use|Male,shared_zone_use,mean_RES_TR_CC1,Male,0.280009817606293,0.0173773267575514,49.8419699250393,16.1135151288223,0.245103687452092,0.314915947760493,,KR t,(Intercept)=1; BatchB2=0.333333; BatchB5=0.333333; g_RS=0.5,OK,estimation,41,,,stage29|shared_zone_use|mean_RES_TR_CC1|Male,162,46,fraction of co-assigned dyadic time,4.61301182217946
stage29,TR_BY_SEX|shared_zone_use|Male,shared_zone_use,mean_SUS_TR_CC1,Male,0.27069014705198,0.0198926708544379,75.8898814684642,13.6075315895347,0.231069529646528,0.310310764457432,,KR t,(Intercept)=1; BatchB2=0.333333; BatchB5=0.333333; g_RS=-0.5,OK,estimation,41,,,stage29|shared_zone_use|mean_SUS_TR_CC1|Male,162,46,fraction of co-assigned dyadic time,4.45947523973608
stage29,TR_BY_SEX|shared_zone_use|Male,shared_zone_use,RS_by_sex_TR_CC2,Male,0.0125441245274415,0.018578110064271,132.207397684203,0.675209937073527,-0.0242046801742265,0.0492929292291095,,KR t,g_RS=1; g_RS:c2=1,OK,estimation,41,,,stage29|shared_zone_use|RS_by_sex_TR_CC2|Male,162,46,fraction of co-assigned dyadic time,0.206657735213204
stage29,TR_BY_SEX|shared_zone_use|Male,shared_zone_use,mean_RES_TR_CC2,Male,0.250250056885025,0.0166153732347773,58.5375960295541,15.0613563324134,0.216997275878158,0.283502837891892,,KR t,(Intercept)=1; BatchB2=0.333333; BatchB5=0.333333; c2=1; g_RS=0.5; g_RS:c2=0.5,OK,estimation,41,,,stage29|shared_zone_use|mean_RES_TR_CC2|Male,162,46,fraction of co-assigned dyadic time,4.12273569827059
stage29,TR_BY_SEX|shared_zone_use|Male,shared_zone_use,mean_SUS_TR_CC2,Male,0.237705932357583,0.0184394143463039,79.8938011945386,12.8911866664155,0.201009579530864,0.274402285184303,,KR t,(Intercept)=1; BatchB2=0.333333; BatchB5=0.333333; c2=1; g_RS=-0.5; g_RS:c2=-0.5,OK,estimation,41,,,stage29|shared_zone_use|mean_SUS_TR_CC2|Male,162,46,fraction of co-assigned dyadic time,3.91607796305738
stage29,TR_BY_SEX|shared_zone_use|Male,shared_zone_use,RS_by_sex_TR_CC3,Male,0.00881902312626539,0.019177131781209,139.474398248541,0.45987185293824,-0.0290964422173569,0.0467344884698877,,KR t,g_RS=1; g_RS:c3=1,OK,estimation,41,,,stage29|shared_zone_use|RS_by_sex_TR_CC3|Male,162,46,fraction of co-assigned dyadic time,0.145288684122988
stage29,TR_BY_SEX|shared_zone_use|Male,shared_zone_use,mean_RES_TR_CC3,Male,0.246707309978968,0.0166471650031081,58.3740660034985,14.8197792196393,0.213388934590249,0.280025685367688,,KR t,(Intercept)=1; BatchB2=0.333333; BatchB5=0.333333; c3=1; g_RS=0.5; g_RS:c3=0.5,OK,estimation,41,,,stage29|shared_zone_use|mean_RES_TR_CC3|Male,162,46,fraction of co-assigned dyadic time,4.0643708398512
stage29,TR_BY_SEX|shared_zone_use|Male,shared_zone_use,mean_SUS_TR_CC3,Male,0.237888286852703,0.0187605327057265,79.5014474866147,12.6802522393242,0.200550042432727,0.275226531272679,,KR t,(Intercept)=1; BatchB2=0.333333; BatchB5=0.333333; c3=1; g_RS=-0.5; g_RS:c3=-0.5,OK,estimation,41,,,stage29|shared_zone_use|mean_SUS_TR_CC3|Male,162,46,fraction of co-assigned dyadic time,3.91908215572822
stage29,TR_BY_SEX|shared_zone_use|Male,shared_zone_use,RS_by_sex_TR_CC4,Male,-0.00630923681987518,0.0199192025669077,145.515735247561,-0.316741435741854,-0.0456775611058211,0.0330590874660707,,KR t,g_RS=1; g_RS:c4=1,OK,estimation,41,,,stage29|shared_zone_use|RS_by_sex_TR_CC4|Male,162,46,fraction of co-assigned dyadic time,-0.103941298515242
stage29,TR_BY_SEX|shared_zone_use|Male,shared_zone_use,mean_RES_TR_CC4,Male,0.246824989923625,0.0168863418072787,58.87687710463,14.6168419862989,0.213034019501332,0.280615960345919,,KR t,(Intercept)=1; BatchB2=0.333333; BatchB5=0.333333; c4=1; g_RS=0.5; g_RS:c4=0.5,OK,estimation,41,,,stage29|shared_zone_use|mean_RES_TR_CC4|Male,162,46,fraction of co-assigned dyadic time,4.06630955393122
stage29,TR_BY_SEX|shared_zone_use|Male,shared_zone_use,mean_SUS_TR_CC4,Male,0.2531342267435,0.0189051774383363,78.7295929975719,13.3896773817203,0.215502402645341,0.290766050841659,,KR t,(Intercept)=1; BatchB2=0.333333; BatchB5=0.333333; c4=1; g_RS=-0.5; g_RS:c4=-0.5,OK,estimation,41,,,stage29|shared_zone_use|mean_SUS_TR_CC4|Male,162,46,fraction of co-assigned dyadic time,4.17025085244646
stage29,CC1_POOLED|occupancy_dispersion,occupancy_dispersion,Q1,"",-0.134105100570609,0.114113259365542,74.8979471013565,-1.17519297333385,-0.361435447428452,0.093225246287235,0.243640005519781,KR t,g_RS:sex_c=1,OK,secondary,87,,,stage29|occupancy_dispersion|Q1|,87,24,bits,-0.587150177629637
stage29,CC1_POOLED|occupancy_dispersion,occupancy_dispersion,RS_sexavg_CC1,"",-0.0225284963326148,0.0570566296827711,74.8979471013565,-0.39484449848985,-0.136193669761537,0.091136677096307,,KR t,g_RS=1,OK,estimation,87,,,stage29|occupancy_dispersion|RS_sexavg_CC1|,87,24,bits,-0.0986361485666147
stage29,TR_POOLED|occupancy_dispersion,occupancy_dispersion,Q2c,"",-0.00614728273693474,0.0750064905660911,79.2054731068377,-0.0819566772227282,-0.155437945832794,0.143143380358924,,KR t,g_RS:sex_c=1; g_RS:c2:sex_c=0.25; g_RS:c3:sex_c=0.25; g_RS:c4:sex_c=0.25,OK,estimation,87,,,stage29|occupancy_dispersion|Q2c|,348,96,bits,-0.0269145478850032
stage29,TR_POOLED|occupancy_dispersion,occupancy_dispersion,DiD_CC1,"",-0.106348809015768,0.110971402825187,256.485272087465,-0.958344278870641,-0.324879931312537,0.112182313281001,,KR t,g_RS:sex_c=1,OK,estimation,87,,,stage29|occupancy_dispersion|DiD_CC1|,348,96,bits,-0.465625258387776
stage29,TR_POOLED|occupancy_dispersion,occupancy_dispersion,RS_sexavg_TR_CC1,"",-0.0524516663927479,0.0554857014125938,256.485272087465,-0.945318614659214,-0.161717227541133,0.0568138947556367,,KR t,g_RS=1,OK,estimation,87,,,stage29|occupancy_dispersion|RS_sexavg_TR_CC1|,348,96,bits,-0.229648276675779
stage29,TR_POOLED|occupancy_dispersion,occupancy_dispersion,DiD_CC2,"",-0.0435849116803643,0.112280754757622,264.975776419719,-0.388177936409941,-0.264660901749578,0.177491078388849,,KR t,g_RS:sex_c=1; g_RS:c2:sex_c=1,OK,estimation,87,,,stage29|occupancy_dispersion|DiD_CC2|,348,96,bits,-0.190827108933294
stage29,TR_POOLED|occupancy_dispersion,occupancy_dispersion,Q2b_component_c2,"",0.0627638973354034,0.135492832365619,248.49056816762,0.463226697970552,-0.204096903177009,0.329624697847815,,KR t,g_RS:c2:sex_c=1,OK,estimation,87,,,stage29|occupancy_dispersion|Q2b_component_c2|,348,96,bits,0.274798149454481
stage29,TR_POOLED|occupancy_dispersion,occupancy_dispersion,Q2a_component_c2,"",0.0958322177661212,0.0677464161828096,248.490568167615,1.4145725067954,-0.0375981824900848,0.229262618022327,,KR t,g_RS:c2=1,OK,estimation,87,,,stage29|occupancy_dispersion|Q2a_component_c2|,348,96,bits,0.419580638205434
stage29,TR_POOLED|occupancy_dispersion,occupancy_dispersion,RS_sexavg_TR_CC2,"",0.0433805513733732,0.0561403773788108,264.975776419724,0.772715706569982,-0.0671574436612335,0.15391854640798,,KR t,g_RS=1; g_RS:c2=1,OK,estimation,87,,,stage29|occupancy_dispersion|RS_sexavg_TR_CC2|,348,96,bits,0.189932361529655
stage29,TR_POOLED|occupancy_dispersion,occupancy_dispersion,DiD_CC3,"",0.0985732618107116,0.112636609113642,265.260691202301,0.875144081363977,-0.12320229732217,0.320348820943594,,KR t,g_RS:sex_c=1; g_RS:c3:sex_c=1,OK,estimation,87,,,stage29|occupancy_dispersion|DiD_CC3|,348,96,bits,0.43158170670189
stage29,TR_POOLED|occupancy_dispersion,occupancy_dispersion,Q2b_component_c3,"",0.204922070826479,0.135792859790803,249.398951093056,1.5090783944176,-0.0625248835169539,0.472369025169912,,KR t,g_RS:c3:sex_c=1,OK,estimation,87,,,stage29|occupancy_dispersion|Q2b_component_c3|,348,96,bits,0.897206965089663
stage29,TR_POOLED|occupancy_dispersion,occupancy_dispersion,Q2a_component_c3,"",0.0861862850460036,0.0678964298954016,249.398951093056,1.26937874611049,-0.047537192125713,0.21990976221772,,KR t,g_RS:c3=1,OK,estimation,87,,,stage29|occupancy_dispersion|Q2a_component_c3|,348,96,bits,0.377348008082328
stage29,TR_POOLED|occupancy_dispersion,occupancy_dispersion,RS_sexavg_TR_CC3,"",0.0337346186532557,0.056318304556821,265.260691202301,0.598999187186467,-0.0771531609131854,0.144622398219697,,KR t,g_RS=1; g_RS:c3=1,OK,estimation,87,,,stage29|occupancy_dispersion|RS_sexavg_TR_CC3|,348,96,bits,0.147699731406549
stage29,TR_POOLED|occupancy_dispersion,occupancy_dispersion,DiD_CC4,"",0.0267713279376814,0.113677036799054,259.33614756467,0.235503393574597,-0.197076215421884,0.250618871297247,,KR t,g_RS:sex_c=1; g_RS:c4:sex_c=1,OK,estimation,87,,,stage29|occupancy_dispersion|DiD_CC4|,348,96,bits,0.117212469079166
stage29,TR_POOLED|occupancy_dispersion,occupancy_dispersion,Q2b_component_c4,"",0.133120136953449,0.136567769382192,248.986857405827,0.974755153105749,-0.135855189114155,0.402095463021053,,KR t,g_RS:c4:sex_c=1,OK,estimation,87,,,stage29|occupancy_dispersion|Q2b_component_c4|,348,96,bits,0.58283772746694
stage29,TR_POOLED|occupancy_dispersion,occupancy_dispersion,Q2a_component_c4,"",0.134711760460661,0.068283884691096,248.986857405827,1.9728192247713,0.000224097426859082,0.269199423494463,,KR t,g_RS:c4=1,OK,estimation,87,,,stage29|occupancy_dispersion|Q2a_component_c4|,348,96,bits,0.589806306745451
stage29,TR_POOLED|occupancy_dispersion,occupancy_dispersion,RS_sexavg_TR_CC4,"",0.0822600940679131,0.0568385183995268,259.33614756467,1.44725964687704,-0.0296636776118696,0.194183865747696,,KR t,g_RS=1; g_RS:c4=1,OK,estimation,87,,,stage29|occupancy_dispersion|RS_sexavg_TR_CC4|,348,96,bits,0.360158030069672
stage29,CC1_BY_SEX|occupancy_dispersion|Female,occupancy_dispersion,RS_by_sex_CC1,Female,-0.0895810466179191,0.0918992980107447,36.9762704522122,-0.974774003251314,-0.27579074530615,0.0966286520703117,0.336006655877766,KR t,g_RS=1,OK,follow-up,46,,,stage29|occupancy_dispersion|RS_by_sex_CC1|Female,46,12,bits,-0.392211237381432
stage29,CC1_BY_SEX|occupancy_dispersion|Female,occupancy_dispersion,mean_RES_CC1,Female,2.07218039049007,0.0551851766132662,20.8930229115437,37.5495833783728,1.95738074273011,2.18698003825002,,KR t,(Intercept)=1; BatchB4=0.333333; BatchB6=0.333333; g_RS=0.5,OK,estimation,46,,,stage29|occupancy_dispersion|mean_RES_CC1|Female,46,12,bits,9.07259365363428
stage29,CC1_BY_SEX|occupancy_dispersion|Female,occupancy_dispersion,mean_SUS_CC1,Female,2.16176143710799,0.0702657173241037,34.3249171204852,30.7655215008589,2.01901409109902,2.30450878311696,,KR t,(Intercept)=1; BatchB4=0.333333; BatchB6=0.333333; g_RS=-0.5,OK,estimation,46,,,stage29|occupancy_dispersion|mean_SUS_CC1|Female,46,12,bits,9.46480489101572
stage29,TR_BY_SEX|occupancy_dispersion|Female,occupancy_dispersion,RS_by_sex_TR_CC1,Female,-0.100875053060783,0.0805689225387155,121.946967947615,-1.25203428173325,-0.260369977070467,0.058619870948901,,KR t,g_RS=1,OK,estimation,46,,,stage29|occupancy_dispersion|RS_by_sex_TR_CC1|Female,184,48,bits,-0.441659601842307
stage29,TR_BY_SEX|occupancy_dispersion|Female,occupancy_dispersion,mean_RES_TR_CC1,Female,2.07012442418737,0.0540324766537519,83.5698800651049,38.3125955423631,1.96266683827588,2.17758201009886,,KR t,(Intercept)=1; BatchB4=0.333333; BatchB6=0.333333; g_RS=0.5,OK,estimation,46,,,stage29|occupancy_dispersion|mean_RES_TR_CC1|Female,184,48,bits,9.06359204985714
stage29,TR_BY_SEX|occupancy_dispersion|Female,occupancy_dispersion,mean_SUS_TR_CC1,Female,2.17099947724816,0.0660239376871833,113.633983742239,32.8820054255806,2.04020204616789,2.30179690832842,,KR t,(Intercept)=1; BatchB4=0.333333; BatchB6=0.333333; g_RS=-0.5,OK,estimation,46,,,stage29|occupancy_dispersion|mean_SUS_TR_CC1|Female,184,48,bits,9.50525165169947
stage29,TR_BY_SEX|occupancy_dispersion|Female,occupancy_dispersion,RS_by_sex_TR_CC2,Female,0.0204901134564233,0.0823105262759779,131.998319067252,0.248936732438355,-0.142328262429054,0.183308489341901,,KR t,g_RS=1; g_RS:c2=1,OK,estimation,46,,,stage29|occupancy_dispersion|RS_by_sex_TR_CC2|Female,184,48,bits,0.0897115300193665
stage29,TR_BY_SEX|occupancy_dispersion|Female,occupancy_dispersion,mean_RES_TR_CC2,Female,2.06335958836655,0.054340747640447,80.6328895855257,37.9707618676697,1.95523108315647,2.17148809357662,,KR t,(Intercept)=1; BatchB4=0.333333; BatchB6=0.333333; c2=1; g_RS=0.5; g_RS:c2=0.5,OK,estimation,46,,,stage29|occupancy_dispersion|mean_RES_TR_CC2|Female,184,48,bits,9.03397367936318
stage29,TR_BY_SEX|occupancy_dispersion|Female,occupancy_dispersion,mean_SUS_TR_CC2,Female,2.04286947491012,0.066932611115238,105.546516235181,30.5212876185707,1.91016248075481,2.17557646906544,,KR t,(Intercept)=1; BatchB4=0.333333; BatchB6=0.333333; c2=1; g_RS=-0.5; g_RS:c2=-0.5,OK,estimation,46,,,stage29|occupancy_dispersion|mean_SUS_TR_CC2|Female,184,48,bits,8.94426214934378
stage29,TR_BY_SEX|occupancy_dispersion|Female,occupancy_dispersion,RS_by_sex_TR_CC3,Female,0.0833864684091317,0.0825160412834795,132.664990905403,1.01054858076216,-0.0798308488349694,0.246603785653233,,KR t,g_RS=1; g_RS:c3=1,OK,estimation,46,,,stage29|occupancy_dispersion|RS_by_sex_TR_CC3|Female,184,48,bits,0.365089616502328
stage29,TR_BY_SEX|occupancy_dispersion|Female,occupancy_dispersion,mean_RES_TR_CC3,Female,2.18844245231164,0.0544776401198058,79.4422226024262,40.1713886192368,2.08001680671862,2.29686809790466,,KR t,(Intercept)=1; BatchB4=0.333333; BatchB6=0.333333; c3=1; g_RS=0.5; g_RS:c3=0.5,OK,estimation,46,,,stage29|occupancy_dispersion|mean_RES_TR_CC3|Female,184,48,bits,9.58162194532242
stage29,TR_BY_SEX|occupancy_dispersion|Female,occupancy_dispersion,mean_SUS_TR_CC3,Female,2.10505598390251,0.0669126976895331,105.935034586609,31.4597386832275,1.9723941134443,2.23771785436071,,KR t,(Intercept)=1; BatchB4=0.333333; BatchB6=0.333333; c3=1; g_RS=-0.5; g_RS:c3=-0.5,OK,estimation,46,,,stage29|occupancy_dispersion|mean_SUS_TR_CC3|Female,184,48,bits,9.2165323288201
stage29,TR_BY_SEX|occupancy_dispersion|Female,occupancy_dispersion,RS_by_sex_TR_CC4,Female,0.0953760851907144,0.0839014747108184,134.563399271678,1.13676291768941,-0.0705600823366329,0.261312252718062,,KR t,g_RS=1; g_RS:c4=1,OK,estimation,46,,,stage29|occupancy_dispersion|RS_by_sex_TR_CC4|Female,184,48,bits,0.41758356037966
stage29,TR_BY_SEX|occupancy_dispersion|Female,occupancy_dispersion,mean_RES_TR_CC4,Female,2.23015837596998,0.0547986793943868,75.9548172221734,40.6973014791013,2.12101629722215,2.3393004547178,,KR t,(Intercept)=1; BatchB4=0.333333; BatchB6=0.333333; c4=1; g_RS=0.5; g_RS:c4=0.5,OK,estimation,46,,,stage29|occupancy_dispersion|mean_RES_TR_CC4|Female,184,48,bits,9.76426609443949
stage29,TR_BY_SEX|occupancy_dispersion|Female,occupancy_dispersion,mean_SUS_TR_CC4,Female,2.13478229077926,0.0675505563514773,99.0746880307768,31.6027343975025,2.00074858174504,2.26881599981348,,KR t,(Intercept)=1; BatchB4=0.333333; BatchB6=0.333333; c4=1; g_RS=-0.5; g_RS:c4=-0.5,OK,estimation,46,,,stage29|occupancy_dispersion|mean_SUS_TR_CC4|Female,184,48,bits,9.34668253405981
stage29,CC1_BY_SEX|occupancy_dispersion|Male,occupancy_dispersion,RS_by_sex_CC1,Male,0.0515755409431726,0.0584184723337659,34.9888152657679,0.882863568367602,-0.0670216181228714,0.170172700009217,0.383335798280263,KR t,g_RS=1,OK,follow-up,41,,,stage29|occupancy_dispersion|RS_by_sex_CC1|Male,41,12,bits,0.225812350889547
stage29,CC1_BY_SEX|occupancy_dispersion|Male,occupancy_dispersion,mean_RES_CC1,Male,2.10111507088222,0.0395767517967646,16.2077821703597,53.0896290244311,2.01730343519768,2.18492670656676,,KR t,(Intercept)=1; BatchB2=0.333333; BatchB5=0.333333; g_RS=0.5,OK,estimation,41,,,stage29|occupancy_dispersion|mean_RES_CC1|Male,41,12,bits,9.19927789352986
stage29,CC1_BY_SEX|occupancy_dispersion|Male,occupancy_dispersion,mean_SUS_CC1,Male,2.04953952993905,0.0450896101225971,26.0537522505697,45.4548070911774,1.95686581456657,2.14221324531153,,KR t,(Intercept)=1; BatchB2=0.333333; BatchB5=0.333333; g_RS=-0.5,OK,estimation,41,,,stage29|occupancy_dispersion|mean_SUS_CC1|Male,41,12,bits,8.97346554264033
stage29,TR_BY_SEX|occupancy_dispersion|Male,occupancy_dispersion,RS_by_sex_TR_CC1,Male,-0.00103196026776286,0.0741125488953083,134.592748192212,-0.0139242312286495,-0.147607786746114,0.145543866210589,,KR t,g_RS=1,OK,estimation,41,,,stage29|occupancy_dispersion|RS_by_sex_TR_CC1|Male,164,48,bits,-0.00451821483258695
stage29,TR_BY_SEX|occupancy_dispersion|Male,occupancy_dispersion,mean_RES_TR_CC1,Male,2.06775225917846,0.0480960568385397,64.6749518082399,42.9921368839027,1.9716886480705,2.16381587028642,,KR t,(Intercept)=1; BatchB2=0.333333; BatchB5=0.333333; g_RS=0.5,OK,estimation,41,,,stage29|occupancy_dispersion|mean_RES_TR_CC1|Male,164,48,bits,9.05320603843459
stage29,TR_BY_SEX|occupancy_dispersion|Male,occupancy_dispersion,mean_SUS_TR_CC1,Male,2.06878421944622,0.057806051637874,105.555333995105,35.7883674949142,1.95417252570581,2.18339591318663,,KR t,(Intercept)=1; BatchB2=0.333333; BatchB5=0.333333; g_RS=-0.5,OK,estimation,41,,,stage29|occupancy_dispersion|mean_SUS_TR_CC1|Male,164,48,bits,9.05772425326716
stage29,TR_BY_SEX|occupancy_dispersion|Male,occupancy_dispersion,RS_by_sex_TR_CC2,Male,0.0643249884034764,0.0747650245561445,134.704601350015,0.860362031382358,-0.0835401557017595,0.212190132508712,,KR t,g_RS=1; g_RS:c2=1,OK,estimation,41,,,stage29|occupancy_dispersion|RS_by_sex_TR_CC2|Male,164,48,bits,0.281633049051998
stage29,TR_BY_SEX|occupancy_dispersion|Male,occupancy_dispersion,mean_RES_TR_CC2,Male,2.13316526129491,0.047966273073543,70.1536019199819,44.4721910752644,2.03750322856376,2.22882729402607,,KR t,(Intercept)=1; BatchB2=0.333333; BatchB5=0.333333; c2=1; g_RS=0.5; g_RS:c2=0.5,OK,estimation,41,,,stage29|occupancy_dispersion|mean_RES_TR_CC2|Male,164,48,bits,9.33960272020539
stage29,TR_BY_SEX|occupancy_dispersion|Male,occupancy_dispersion,mean_SUS_TR_CC2,Male,2.06884027289144,0.0580808720616434,99.0971015799343,35.6199932861838,1.95359661892709,2.18408392685578,,KR t,(Intercept)=1; BatchB2=0.333333; BatchB5=0.333333; c2=1; g_RS=-0.5; g_RS:c2=-0.5,OK,estimation,41,,,stage29|occupancy_dispersion|mean_SUS_TR_CC2|Male,164,48,bits,9.05796967115342
stage29,TR_BY_SEX|occupancy_dispersion|Male,occupancy_dispersion,RS_by_sex_TR_CC3,Male,-0.0147379610488663,0.075005787355593,132.486747177714,-0.196490985142193,-0.163101779714667,0.133625857616934,,KR t,g_RS=1; g_RS:c3=1,OK,estimation,41,,,stage29|occupancy_dispersion|RS_by_sex_TR_CC3|Male,164,48,bits,-0.064526974819905
stage29,TR_BY_SEX|occupancy_dispersion|Male,occupancy_dispersion,mean_RES_TR_CC3,Male,2.18709654654708,0.0479466054900659,69.8909306337244,45.6152531382066,2.09146743346341,2.28272565963075,,KR t,(Intercept)=1; BatchB2=0.333333; BatchB5=0.333333; c3=1; g_RS=0.5; g_RS:c3=0.5,OK,estimation,41,,,stage29|occupancy_dispersion|mean_RES_TR_CC3|Male,164,48,bits,9.5757291880345
stage29,TR_BY_SEX|occupancy_dispersion|Male,occupancy_dispersion,mean_SUS_TR_CC3,Male,2.20183450759595,0.0582922499301156,92.1836236856706,37.7723369785116,2.08606414021336,2.31760487497853,,KR t,(Intercept)=1; BatchB2=0.333333; BatchB5=0.333333; c3=1; g_RS=-0.5; g_RS:c3=-0.5,OK,estimation,41,,,stage29|occupancy_dispersion|mean_SUS_TR_CC3|Male,164,48,bits,9.64025616285442
stage29,TR_BY_SEX|occupancy_dispersion|Male,occupancy_dispersion,RS_by_sex_TR_CC4,Male,0.0722583505607013,0.0754148919336476,126.745863469181,0.958144322798691,-0.0769769889138319,0.221493690035235,,KR t,g_RS=1; g_RS:c4=1,OK,estimation,41,,,stage29|occupancy_dispersion|RS_by_sex_TR_CC4|Male,164,48,bits,0.316367559372598
stage29,TR_BY_SEX|occupancy_dispersion|Male,occupancy_dispersion,mean_RES_TR_CC4,Male,2.23815585523005,0.0481997381574447,64.3582549900575,46.435021035158,2.1418761309139,2.3344355795462,,KR t,(Intercept)=1; BatchB2=0.333333; BatchB5=0.333333; c4=1; g_RS=0.5; g_RS:c4=0.5,OK,estimation,41,,,stage29|occupancy_dispersion|mean_RES_TR_CC4|Male,164,48,bits,9.79928132762719
stage29,TR_BY_SEX|occupancy_dispersion|Male,occupancy_dispersion,mean_SUS_TR_CC4,Male,2.16589750466935,0.058294442227014,90.1285757229164,37.154442549339,2.05008767125387,2.28170733808483,,KR t,(Intercept)=1; BatchB2=0.333333; BatchB5=0.333333; c4=1; g_RS=-0.5; g_RS:c4=-0.5,OK,estimation,41,,,stage29|occupancy_dispersion|mean_SUS_TR_CC4|Male,164,48,bits,9.4829137682546
stage29,CC1_POOLED|fragmentation,fragmentation,Q1,"",0.00952453417004272,0.0346054870091518,68.00865740138,0.275231906648903,-0.0595294808451492,0.0785785491852346,0.783972558581942,KR t,g_RS:sex_c=1,OK,secondary,87,,,stage29|fragmentation|Q1|,87,24,proportion of bouts,0.122897215097325
stage29,CC1_POOLED|fragmentation,fragmentation,RS_sexavg_CC1,"",0.00202550691675945,0.0173027435045759,68.00865740138,0.117062760378074,-0.0325015005908365,0.0365525144243554,,KR t,g_RS=1,OK,estimation,87,,,stage29|fragmentation|RS_sexavg_CC1|,87,24,proportion of bouts,0.0261355731194768
stage29,TR_POOLED|fragmentation,fragmentation,Q2c,"",-0.00140360457217408,0.0259748603639151,79.6011540009066,-0.0540370401422446,-0.0530992004601644,0.0502919913158163,,KR t,g_RS:sex_c=1; g_RS:c2:sex_c=0.25; g_RS:c3:sex_c=0.25; g_RS:c4:sex_c=0.25,OK,estimation,87,,,stage29|fragmentation|Q2c|,348,96,proportion of bouts,-0.0181110267377301
stage29,TR_POOLED|fragmentation,fragmentation,DiD_CC1,"",0.0165469601013119,0.0350048487717406,206.388374929783,0.472704801817919,-0.0524659655346334,0.0855598857372571,,KR t,g_RS:sex_c=1,OK,estimation,87,,,stage29|fragmentation|DiD_CC1|,348,96,proportion of bouts,0.213509162597573
stage29,TR_POOLED|fragmentation,fragmentation,RS_sexavg_TR_CC1,"",0.00391293885961189,0.0175024243858703,206.388374929783,0.223565534313681,-0.0305935239583607,0.0384194016775845,,KR t,g_RS=1,OK,estimation,87,,,stage29|fragmentation|RS_sexavg_TR_CC1|,348,96,proportion of bouts,0.0504895336724115
stage29,TR_POOLED|fragmentation,fragmentation,DiD_CC2,"",0.00485709234860359,0.035953893344498,220.000570328565,0.135092250012108,-0.0660010407067522,0.0757152254039594,,KR t,g_RS:sex_c=1; g_RS:c2:sex_c=1,OK,estimation,87,,,stage29|fragmentation|DiD_CC2|,348,96,proportion of bouts,0.0626721593368205
stage29,TR_POOLED|fragmentation,fragmentation,Q2b_component_c2,"",-0.0116898677527083,0.039888508372917,218.253974583138,-0.293063547110358,-0.0903058416714602,0.0669261061660436,,KR t,g_RS:c2:sex_c=1,OK,estimation,87,,,stage29|fragmentation|Q2b_component_c2|,348,96,proportion of bouts,-0.150837003260752
stage29,TR_POOLED|fragmentation,fragmentation,Q2a_component_c2,"",0.0118446137000392,0.0199442541864585,218.253974583138,0.593886017963075,-0.0274633732593367,0.0511526006594152,,KR t,g_RS:c2=1,OK,estimation,87,,,stage29|fragmentation|Q2a_component_c2|,348,96,proportion of bouts,0.152833725161796
stage29,TR_POOLED|fragmentation,fragmentation,RS_sexavg_TR_CC2,"",0.0157575525596511,0.017976946672249,220.000570328565,0.876542209694377,-0.0196715139680268,0.051186619087329,,KR t,g_RS=1; g_RS:c2=1,OK,estimation,87,,,stage29|fragmentation|RS_sexavg_TR_CC2|,348,96,proportion of bouts,0.203323258834208
stage29,TR_POOLED|fragmentation,fragmentation,DiD_CC3,"",0.0197586268026164,0.0364150967904133,227.912583666498,0.542594378269456,-0.0519946713988933,0.091511925004126,,KR t,g_RS:sex_c=1; g_RS:c3:sex_c=1,OK,estimation,87,,,stage29|fragmentation|DiD_CC3|,348,96,proportion of bouts,0.254950023259566
stage29,TR_POOLED|fragmentation,fragmentation,Q2b_component_c3,"",0.00321166670130449,0.0403135493313421,224.020367081544,0.079667177774584,-0.0762306162613337,0.0826539496639427,,KR t,g_RS:c3:sex_c=1,OK,estimation,87,,,stage29|fragmentation|Q2b_component_c3|,348,96,proportion of bouts,0.0414408606619934
stage29,TR_POOLED|fragmentation,fragmentation,Q2a_component_c3,"",0.0097860675043168,0.0201567746656711,224.020367081544,0.485497688327261,-0.0299350739770023,0.0495072089856359,,KR t,g_RS:c3=1,OK,estimation,87,,,stage29|fragmentation|Q2a_component_c3|,348,96,proportion of bouts,0.126271838765378
stage29,TR_POOLED|fragmentation,fragmentation,RS_sexavg_TR_CC3,"",0.0136990063639287,0.0182075483952067,227.912583666498,0.752380609765954,-0.0221776427368262,0.0495756554646835,,KR t,g_RS=1; g_RS:c3=1,OK,estimation,87,,,stage29|fragmentation|RS_sexavg_TR_CC3|,348,96,proportion of bouts,0.17676137243779
stage29,TR_POOLED|fragmentation,fragmentation,DiD_CC4,"",-0.0467770975412281,0.0375461778780845,244.300463598505,-1.24585510922356,-0.120732627027264,0.0271784319448078,,KR t,g_RS:sex_c=1; g_RS:c4:sex_c=1,OK,estimation,87,,,stage29|fragmentation|DiD_CC4|,348,96,proportion of bouts,-0.603575452144879
stage29,TR_POOLED|fragmentation,fragmentation,Q2b_component_c4,"",-0.06332405764254,0.0413106209549696,235.122440361951,-1.53287595728871,-0.144710308288871,0.0180621930037914,,KR t,g_RS:c4:sex_c=1,OK,estimation,87,,,stage29|fragmentation|Q2b_component_c4|,348,96,proportion of bouts,-0.817084614742452
stage29,TR_POOLED|fragmentation,fragmentation,Q2a_component_c4,"",0.0162220997442743,0.0206553104774848,235.122440361951,0.785371866569478,-0.0244710255788913,0.05691522506744,,KR t,g_RS:c4=1,OK,estimation,87,,,stage29|fragmentation|Q2a_component_c4|,348,96,proportion of bouts,0.209317416055152
stage29,TR_POOLED|fragmentation,fragmentation,RS_sexavg_TR_CC4,"",0.0201350386038862,0.0187730889390422,244.300463598509,1.07254797914538,-0.0168427261391317,0.0571128033469041,,KR t,g_RS=1; g_RS:c4=1,OK,estimation,87,,,stage29|fragmentation|RS_sexavg_TR_CC4|,348,96,proportion of bouts,0.259806949727564
stage29,CC1_BY_SEX|fragmentation|Female,fragmentation,RS_by_sex_CC1,Female,0.000663962894065826,0.0214429190685081,36.7189727597082,0.0309642027722311,-0.0427947451602459,0.0441226709483776,0.975465785094765,KR t,g_RS=1,OK,follow-up,46,,,stage29|fragmentation|RS_by_sex_CC1|Female,46,12,proportion of bouts,0.00856726314923646
stage29,CC1_BY_SEX|fragmentation|Female,fragmentation,mean_RES_CC1,Female,0.450287526622298,0.0131496480114491,20.2422126208764,34.2433140590716,0.422878867355624,0.477696185888971,,KR t,(Intercept)=1; BatchB4=0.333333; BatchB6=0.333333; g_RS=0.5,OK,estimation,46,,,stage29|fragmentation|mean_RES_CC1|Female,46,12,proportion of bouts,5.8101616338361
stage29,CC1_BY_SEX|fragmentation|Female,fragmentation,mean_SUS_CC1,Female,0.449623563728232,0.0166087165838993,33.5153631773845,27.0715417086534,0.415852603757614,0.48339452369885,,KR t,(Intercept)=1; BatchB4=0.333333; BatchB6=0.333333; g_RS=-0.5,OK,estimation,46,,,stage29|fragmentation|mean_SUS_CC1|Female,46,12,proportion of bouts,5.80159437068686
stage29,TR_BY_SEX|fragmentation|Female,fragmentation,RS_by_sex_TR_CC1,Female,0.0114233883482399,0.0223769746048662,105.975342026882,0.510497444357635,-0.0329412594030649,0.0557880360995447,,KR t,g_RS=1,OK,estimation,46,,,stage29|fragmentation|RS_by_sex_TR_CC1|Female,184,48,proportion of bouts,0.147398559332128
stage29,TR_BY_SEX|fragmentation|Female,fragmentation,mean_RES_TR_CC1,Female,0.453729908601161,0.0173915395251789,76.3163013967079,26.0891169493228,0.41909397720571,0.488365839996612,,KR t,(Intercept)=1; BatchB4=0.333333; BatchB6=0.333333; g_RS=0.5,OK,estimation,46,,,stage29|fragmentation|mean_RES_TR_CC1|Female,184,48,proportion of bouts,5.85457946582143
stage29,TR_BY_SEX|fragmentation|Female,fragmentation,mean_SUS_TR_CC1,Female,0.442306520252921,0.0203439588281618,103.450751513588,21.7414183733327,0.401961165412447,0.482651875093395,,KR t,(Intercept)=1; BatchB4=0.333333; BatchB6=0.333333; g_RS=-0.5,OK,estimation,46,,,stage29|fragmentation|mean_SUS_TR_CC1|Female,184,48,proportion of bouts,5.7071809064893
stage29,TR_BY_SEX|fragmentation|Female,fragmentation,RS_by_sex_TR_CC2,Female,0.0172445588528479,0.0232167041146626,117.435623909633,0.742765155970483,-0.0287331250105788,0.0632222427162747,,KR t,g_RS=1; g_RS:c2=1,OK,estimation,46,,,stage29|fragmentation|RS_by_sex_TR_CC2|Female,184,48,proportion of bouts,0.222510436810941
stage29,TR_BY_SEX|fragmentation|Female,fragmentation,mean_RES_TR_CC2,Female,0.462351707015197,0.0175197439335168,76.2274526911819,26.3903233271965,0.427459796597047,0.497243617433347,,KR t,(Intercept)=1; BatchB4=0.333333; BatchB6=0.333333; c2=1; g_RS=0.5; g_RS:c2=0.5,OK,estimation,46,,,stage29|fragmentation|mean_RES_TR_CC2|Female,184,48,proportion of bouts,5.96582847761545
stage29,TR_BY_SEX|fragmentation|Female,fragmentation,mean_SUS_TR_CC2,Female,0.445107148162349,0.0207425180264091,102.704774268185,21.4586844083078,0.403967850435645,0.486246445889053,,KR t,(Intercept)=1; BatchB4=0.333333; BatchB6=0.333333; c2=1; g_RS=-0.5; g_RS:c2=-0.5,OK,estimation,46,,,stage29|fragmentation|mean_SUS_TR_CC2|Female,184,48,proportion of bouts,5.7433180408045
stage29,TR_BY_SEX|fragmentation|Female,fragmentation,RS_by_sex_TR_CC3,Female,0.0221483344153149,0.0232962959346548,118.340080534513,0.950723431632224,-0.0239833005989218,0.0682799694295515,,KR t,g_RS=1; g_RS:c3=1,OK,estimation,46,,,stage29|fragmentation|RS_by_sex_TR_CC3|Female,184,48,proportion of bouts,0.285784960197612
stage29,TR_BY_SEX|fragmentation|Female,fragmentation,mean_RES_TR_CC3,Female,0.453111173971728,0.0175737523977215,76.2368412380622,25.7834049164409,0.418111771057436,0.48811057688602,,KR t,(Intercept)=1; BatchB4=0.333333; BatchB6=0.333333; c3=1; g_RS=0.5; g_RS:c3=0.5,OK,estimation,46,,,stage29|fragmentation|mean_RES_TR_CC3|Female,184,48,proportion of bouts,5.84659579318359
stage29,TR_BY_SEX|fragmentation|Female,fragmentation,mean_SUS_TR_CC3,Female,0.430962839556413,0.020724972782949,102.910103831478,20.7943742107579,0.389859317399629,0.472066361713196,,KR t,(Intercept)=1; BatchB4=0.333333; BatchB6=0.333333; c3=1; g_RS=-0.5; g_RS:c3=-0.5,OK,estimation,46,,,stage29|fragmentation|mean_SUS_TR_CC3|Female,184,48,proportion of bouts,5.56081083298597
stage29,TR_BY_SEX|fragmentation|Female,fragmentation,RS_by_sex_TR_CC4,Female,-0.000544828050684969,0.0240750601060602,127.890107647346,-0.022630392127155,-0.0481818382976116,0.0470921821962417,,KR t,g_RS=1; g_RS:c4=1,OK,estimation,46,,,stage29|fragmentation|RS_by_sex_TR_CC4|Female,184,48,proportion of bouts,-0.00703003936367702
stage29,TR_BY_SEX|fragmentation|Female,fragmentation,mean_RES_TR_CC4,Female,0.395811614590579,0.017732003689192,75.6139799642043,22.321877523172,0.360492352588216,0.431130876592941,,KR t,(Intercept)=1; BatchB4=0.333333; BatchB6=0.333333; c4=1; g_RS=0.5; g_RS:c4=0.5,OK,estimation,46,,,stage29|fragmentation|mean_RES_TR_CC4|Female,184,48,proportion of bouts,5.10724663987844
stage29,TR_BY_SEX|fragmentation|Female,fragmentation,mean_SUS_TR_CC4,Female,0.396356442641263,0.0210544384760242,101.140365033266,18.8253152936193,0.35459080297501,0.438122082307517,,KR t,(Intercept)=1; BatchB4=0.333333; BatchB6=0.333333; c4=1; g_RS=-0.5; g_RS:c4=-0.5,OK,estimation,46,,,stage29|fragmentation|mean_SUS_TR_CC4|Female,184,48,proportion of bouts,5.1142766792421
stage29,CC1_BY_SEX|fragmentation|Male,fragmentation,RS_by_sex_CC1,Male,-0.000696048158262848,0.0280206863308165,31.3730673085379,-0.0248405106871829,-0.0578170837173313,0.0564249874008056,0.980339509218099,KR t,g_RS=1,OK,follow-up,41,,,stage29|fragmentation|RS_by_sex_CC1|Male,41,12,proportion of bouts,-0.0089812665582303
stage29,CC1_BY_SEX|fragmentation|Male,fragmentation,mean_RES_CC1,Male,0.429672384760085,0.0263457544294055,13.2878432094348,16.3089801019519,0.372880920553167,0.486463848967003,,KR t,(Intercept)=1; BatchB2=0.333333; BatchB5=0.333333; g_RS=0.5,OK,estimation,41,,,stage29|fragmentation|mean_RES_CC1|Male,41,12,proportion of bouts,5.54415980335594
stage29,CC1_BY_SEX|fragmentation|Male,fragmentation,mean_SUS_CC1,Male,0.430368432918348,0.027738418138536,17.2306243274086,15.5152478691801,0.371905098506671,0.488831767330024,,KR t,(Intercept)=1; BatchB2=0.333333; BatchB5=0.333333; g_RS=-0.5,OK,estimation,41,,,stage29|fragmentation|mean_SUS_CC1|Male,41,12,proportion of bouts,5.55314106991417
stage29,TR_BY_SEX|fragmentation|Male,fragmentation,RS_by_sex_TR_CC1,Male,-0.00450393964769882,0.0273381254801579,100.468296846811,-0.164749395527056,-0.0587389063144309,0.0497310270190333,,KR t,g_RS=1,OK,estimation,41,,,stage29|fragmentation|RS_by_sex_TR_CC1|Male,164,48,proportion of bouts,-0.058115350292888
stage29,TR_BY_SEX|fragmentation|Male,fragmentation,mean_RES_TR_CC1,Male,0.423262733080222,0.0232722712425811,68.9768488097305,18.1874269454964,0.376835544268931,0.469689921891512,,KR t,(Intercept)=1; BatchB2=0.333333; BatchB5=0.333333; g_RS=0.5,OK,estimation,41,,,stage29|fragmentation|mean_RES_TR_CC1|Male,164,48,proportion of bouts,5.46145462038996
stage29,TR_BY_SEX|fragmentation|Male,fragmentation,mean_SUS_TR_CC1,Male,0.427766672727921,0.0254213400173251,91.4650505667424,16.8270701873461,0.377273762396279,0.478259583059562,,KR t,(Intercept)=1; BatchB2=0.333333; BatchB5=0.333333; g_RS=-0.5,OK,estimation,41,,,stage29|fragmentation|mean_SUS_TR_CC1|Male,164,48,proportion of bouts,5.51956997068285
stage29,TR_BY_SEX|fragmentation|Male,fragmentation,RS_by_sex_TR_CC2,Male,0.0146712680175821,0.0277926168227626,103.454603214634,0.527883650220589,-0.040445953913369,0.0697884899485332,,KR t,g_RS=1; g_RS:c2=1,OK,estimation,41,,,stage29|fragmentation|RS_by_sex_TR_CC2|Male,164,48,proportion of bouts,0.189306684097834
stage29,TR_BY_SEX|fragmentation|Male,fragmentation,mean_RES_TR_CC2,Male,0.445640038120082,0.0228497260484445,70.3615440483678,19.5030801321323,0.400071813044442,0.491208263195722,,KR t,(Intercept)=1; BatchB2=0.333333; BatchB5=0.333333; c2=1; g_RS=0.5; g_RS:c2=0.5,OK,estimation,41,,,stage29|fragmentation|mean_RES_TR_CC2|Male,164,48,proportion of bouts,5.75019404025912
stage29,TR_BY_SEX|fragmentation|Male,fragmentation,mean_SUS_TR_CC2,Male,0.4309687701025,0.0256985739359497,91.9529021096491,16.7701434008219,0.379928835723701,0.482008704481298,,KR t,(Intercept)=1; BatchB2=0.333333; BatchB5=0.333333; c2=1; g_RS=-0.5; g_RS:c2=-0.5,OK,estimation,41,,,stage29|fragmentation|mean_SUS_TR_CC2|Male,164,48,proportion of bouts,5.56088735616129
stage29,TR_BY_SEX|fragmentation|Male,fragmentation,RS_by_sex_TR_CC3,Male,0.00568711123880975,0.0284728361614695,110.004233236292,0.19973813660705,-0.050739342802209,0.0621135652798285,,KR t,g_RS=1; g_RS:c3=1,OK,estimation,41,,,stage29|fragmentation|RS_by_sex_TR_CC3|Male,164,48,proportion of bouts,0.073382080500771
stage29,TR_BY_SEX|fragmentation|Male,fragmentation,mean_RES_TR_CC3,Male,0.455899931781685,0.0228889026417762,70.1074870989841,19.9179462168531,0.410250685372588,0.501549178190781,,KR t,(Intercept)=1; BatchB2=0.333333; BatchB5=0.333333; c3=1; g_RS=0.5; g_RS:c3=0.5,OK,estimation,41,,,stage29|fragmentation|mean_RES_TR_CC3|Male,164,48,proportion of bouts,5.88257976492497
stage29,TR_BY_SEX|fragmentation|Male,fragmentation,mean_SUS_TR_CC3,Male,0.450212820542875,0.0260889169856467,91.3473186988084,17.2568612484208,0.398393046262111,0.502032594823639,,KR t,(Intercept)=1; BatchB2=0.333333; BatchB5=0.333333; c3=1; g_RS=-0.5; g_RS:c3=-0.5,OK,estimation,41,,,stage29|fragmentation|mean_SUS_TR_CC3|Male,164,48,proportion of bouts,5.80919768442419
stage29,TR_BY_SEX|fragmentation|Male,fragmentation,RS_by_sex_TR_CC4,Male,0.0411176945200677,0.0293193613699273,117.038426474885,1.40240757638882,-0.016947565104688,0.0991829541448234,,KR t,g_RS=1; g_RS:c4=1,OK,estimation,41,,,stage29|fragmentation|RS_by_sex_TR_CC4|Male,164,48,proportion of bouts,0.530550897033132
stage29,TR_BY_SEX|fragmentation|Male,fragmentation,mean_RES_TR_CC4,Male,0.463506602232184,0.0231843569243194,70.3694550869965,19.9922130143703,0.417271128111635,0.509742076352734,,KR t,(Intercept)=1; BatchB2=0.333333; BatchB5=0.333333; c4=1; g_RS=0.5; g_RS:c4=0.5,OK,estimation,41,,,stage29|fragmentation|mean_RES_TR_CC4|Male,164,48,proportion of bouts,5.98073035138302
stage29,TR_BY_SEX|fragmentation|Male,fragmentation,mean_SUS_TR_CC4,Male,0.422388907712116,0.0262619495137081,90.4852386319762,16.0836844001867,0.370218772753993,0.47455904267024,,KR t,(Intercept)=1; BatchB2=0.333333; BatchB5=0.333333; c4=1; g_RS=-0.5; g_RS:c4=-0.5,OK,estimation,41,,,stage29|fragmentation|mean_SUS_TR_CC4|Male,164,48,proportion of bouts,5.45017945434988
stage29,S3|TR|crossing_rate,crossing_rate,Sex_by_CC_c2,"",-2.61095322671201,2.98531022039678,11.2237724394215,-0.874600304140245,-9.16562909280468,3.94372263938066,,KR t,c2:sex_c=1,OK,estimation (S3),87,,,stage29|crossing_rate|Sex_by_CC_c2|,348,96,position changes/hour,-0.505039503793572
stage29,S3|TR|crossing_rate,crossing_rate,Sex_by_CC_c3,"",-0.729057966566103,3.05189258389016,12.2533071425645,-0.238887164775896,-7.3633467990413,5.9052308659091,,KR t,c3:sex_c=1,OK,estimation (S3),87,,,stage29|crossing_rate|Sex_by_CC_c3|,348,96,position changes/hour,-0.1410224702244
stage29,S3|TR|crossing_rate,crossing_rate,Sex_by_CC_c4,"",-1.08738404400642,3.15951691032811,14.009317391607,-0.344161488882014,-7.86345105286705,5.6886829648542,,KR t,c4:sex_c=1,OK,estimation (S3),87,,,stage29|crossing_rate|Sex_by_CC_c4|,348,96,position changes/hour,-0.210333870557163
stage29,S3|TR|shared_zone_use,shared_zone_use,Sex_by_CC_c2,"",0.0700316183625629,0.0313348436120872,12.0483227253794,2.2349439247097,0.00178921639125219,0.138274020333874,,KR t,c2:sex_c=1,OK,estimation (S3),87,,,stage29|shared_zone_use|Sex_by_CC_c2|,346,94,fraction of co-assigned dyadic time,1.1537334161872
stage29,S3|TR|shared_zone_use,shared_zone_use,Sex_by_CC_c3,"",0.0396970658749672,0.031342347911999,12.0595856487361,1.26656324492428,-0.0285546405016792,0.107948772251614,,KR t,c3:sex_c=1,OK,estimation (S3),87,,,stage29|shared_zone_use|Sex_by_CC_c3|,346,94,fraction of co-assigned dyadic time,0.65398790568315
stage29,S3|TR|shared_zone_use,shared_zone_use,Sex_by_CC_c4,"",0.0285140971018292,0.0313404978738879,12.0542437047242,0.909816341034786,-0.0397369170533405,0.0967651112569988,,KR t,c4:sex_c=1,OK,estimation (S3),87,,,stage29|shared_zone_use|Sex_by_CC_c4|,346,94,fraction of co-assigned dyadic time,0.469754482731947
stage29,S3|TR|occupancy_dispersion,occupancy_dispersion,Sex_by_CC_c2,"",-0.0961582114325778,0.0856218816989414,11.4701474834656,-1.12305650757225,-0.283672544179283,0.091356121314127,,KR t,c2:sex_c=1,OK,estimation (S3),87,,,stage29|occupancy_dispersion|Sex_by_CC_c2|,348,96,bits,-0.421007930965752
stage29,S3|TR|occupancy_dispersion,occupancy_dispersion,Sex_by_CC_c3,"",-0.0963868812982088,0.0856283899033756,11.4739754317627,-1.12564164066349,-0.283908177166212,0.0911344145697946,,KR t,c3:sex_c=1,OK,estimation (S3),87,,,stage29|occupancy_dispersion|Sex_by_CC_c3|,348,96,bits,-0.422009112514049
stage29,S3|TR|occupancy_dispersion,occupancy_dispersion,Sex_by_CC_c4,"",-0.0706597763340664,0.0856222557295296,11.4687655009087,-0.825250114377647,-0.25817756123062,0.116858008562487,,KR t,c4:sex_c=1,OK,estimation (S3),87,,,stage29|occupancy_dispersion|Sex_by_CC_c4|,348,96,bits,-0.309368547872445
stage29,S3|TR|fragmentation,fragmentation,Sex_by_CC_c2,"",-0.00818262904771483,0.0326277346119011,11.714804291871,-0.250787532295613,-0.0794647785779371,0.0630995204825075,,KR t,c2:sex_c=1,OK,estimation (S3),87,,,stage29|fragmentation|Sex_by_CC_c2|,348,96,proportion of bouts,-0.105582310293095
stage29,S3|TR|fragmentation,fragmentation,Sex_by_CC_c3,"",-0.0345796850914823,0.0326402688740067,11.7320225647094,-1.0594178995572,-0.105877303600615,0.0367179334176501,,KR t,c3:sex_c=1,OK,estimation (S3),87,,,stage29|fragmentation|Sex_by_CC_c3|,348,96,proportion of bouts,-0.446189485051385
stage29,S3|TR|fragmentation,fragmentation,Sex_by_CC_c4,"",-0.0693214047393728,0.0326361184551921,11.7221271247279,-2.12407014132357,-0.140616799185046,0.00197398970630047,,KR t,c4:sex_c=1,OK,estimation (S3),87,,,stage29|fragmentation|Sex_by_CC_c4|,348,96,proportion of bouts,-0.894469738572552
stage29_exposure,EXPOSURE_CC1|crossing_rate,crossing_rate,SC_sexavg_CC1,"",-0.639377190919115,3.01960504320707,3.99972519333835,-0.211741993330374,-9.02337200783395,7.74461762599572,,KR t,g_SIS=1,,,111,,,stage29_exposure|crossing_rate|SC_sexavg_CC1|,111,30,position changes/hour,
stage29_exposure,EXPOSURE_CC1|crossing_rate,crossing_rate,DiD_SC_CC1,"",-1.27357820382686,6.03921008641415,3.99972519333835,-0.210884898124659,-18.0415678376566,15.4944114300028,,KR t,g_SIS:sex_c=1,,,111,,,stage29_exposure|crossing_rate|DiD_SC_CC1|,111,30,position changes/hour,
stage29_exposure,EXPOSURE_CC1_BY_SEX|crossing_rate|Female,crossing_rate,SC_by_sex_CC1,Female,-1.2776565228609,5.45261130246322,1.99999701304853,-0.234320117827529,-24.7383830043422,22.1830699586204,,KR t,g_SIS=1,,,58,,,stage29_exposure|crossing_rate|SC_by_sex_CC1|Female,58,15,position changes/hour,
stage29_exposure,EXPOSURE_CC1_BY_SEX|crossing_rate|Male,crossing_rate,SC_by_sex_CC1,Male,0.0201224138223359,2.56062118612515,1.99915505133066,0.00785841104938527,-11.0018048703376,11.0420496979823,,KR t,g_SIS=1,,,53,,,stage29_exposure|crossing_rate|SC_by_sex_CC1|Male,53,15,position changes/hour,
stage29_exposure,EXPOSURE_TR|crossing_rate,crossing_rate,SC_sexavg_TR_CC1,"",-0.753729133184213,2.77182798131921,4.95423353358804,-0.271924931223721,-7.89878303070022,6.3913247643318,,KR t,g_SIS=1,,,111,,,stage29_exposure|crossing_rate|SC_sexavg_TR_CC1|,444,120,position changes/hour,
stage29_exposure,EXPOSURE_TR|crossing_rate,crossing_rate,DiD_SC_TR_CC1,"",-0.925499681312366,5.54365596263844,4.95423353358814,-0.166947532016739,-15.2156074763443,13.3646081137196,,KR t,g_SIS:sex_c=1,,,111,,,stage29_exposure|crossing_rate|DiD_SC_TR_CC1|,444,120,position changes/hour,
stage29_exposure,EXPOSURE_TR|crossing_rate,crossing_rate,SC_sexavg_TR_CC2,"",1.20916394750551,2.79687126758801,5.13682921061665,0.432327351465225,-5.92320125743074,8.34152915244177,,KR t,g_SIS=1; g_SIS:c2=1,,,111,,,stage29_exposure|crossing_rate|SC_sexavg_TR_CC2|,444,120,position changes/hour,
stage29_exposure,EXPOSURE_TR|crossing_rate,crossing_rate,DiD_SC_TR_CC2,"",-5.08235303914067,5.59374253517603,5.13682921061676,-0.908578292114894,-19.3470834490131,9.18237737073176,,KR t,g_SIS:sex_c=1; g_SIS:c2:sex_c=1,,,111,,,stage29_exposure|crossing_rate|DiD_SC_TR_CC2|,444,120,position changes/hour,
stage29_exposure,EXPOSURE_TR|crossing_rate,crossing_rate,SC_sexavg_TR_CC3,"",-2.11369017592555,2.87500477446745,5.73297503201697,-0.735195362003208,-9.2287686705638,5.00138831871271,,KR t,g_SIS=1; g_SIS:c3=1,,,111,,,stage29_exposure|crossing_rate|SC_sexavg_TR_CC3|,444,120,position changes/hour,
stage29_exposure,EXPOSURE_TR|crossing_rate,crossing_rate,DiD_SC_TR_CC3,"",0.238030506816611,5.75000954893491,5.7329750320171,0.0413965411345624,-13.9921264824598,14.468187496093,,KR t,g_SIS:sex_c=1; g_SIS:c3:sex_c=1,,,111,,,stage29_exposure|crossing_rate|DiD_SC_TR_CC3|,444,120,position changes/hour,
stage29_exposure,EXPOSURE_TR|crossing_rate,crossing_rate,SC_sexavg_TR_CC4,"",0.0474930080775937,3.00070120791094,6.78309469683031,0.0158273032824411,-7.09429392435177,7.18927994050696,,KR t,g_SIS=1; g_SIS:c4=1,,,111,,,stage29_exposure|crossing_rate|SC_sexavg_TR_CC4|,444,120,position changes/hour,
stage29_exposure,EXPOSURE_TR|crossing_rate,crossing_rate,DiD_SC_TR_CC4,"",2.22490241962227,6.00140241582188,6.78309469683048,0.370730416903325,-12.0586714452364,16.5084762844809,,KR t,g_SIS:sex_c=1; g_SIS:c4:sex_c=1,,,111,,,stage29_exposure|crossing_rate|DiD_SC_TR_CC4|,444,120,position changes/hour,
stage29_exposure,EXPOSURE_TR_BY_SEX|crossing_rate|Female,crossing_rate,SC_by_sex_TR_CC1,Female,-1.21363919617739,4.88547535219162,2.32841740401025,-0.248417832183506,-19.6335954332259,17.2063170408711,,KR t,g_SIS=1,,,58,,,stage29_exposure|crossing_rate|SC_by_sex_TR_CC1|Female,232,60,position changes/hour,
stage29_exposure,EXPOSURE_TR_BY_SEX|crossing_rate|Female,crossing_rate,SC_by_sex_TR_CC2,Female,-1.33059558177561,4.92226699364579,2.39950253149408,-0.270321700040508,-19.4646236398916,16.8034324763404,,KR t,g_SIS=1; g_SIS:c2=1,,,58,,,stage29_exposure|crossing_rate|SC_by_sex_TR_CC2|Female,232,60,position changes/hour,
stage29_exposure,EXPOSURE_TR_BY_SEX|crossing_rate|Female,crossing_rate,SC_by_sex_TR_CC3,Female,-1.99164159496747,5.03111580134766,2.61819192080998,-0.39586478896669,-19.408381738116,15.4250985481811,,KR t,g_SIS=1; g_SIS:c3=1,,,58,,,stage29_exposure|crossing_rate|SC_by_sex_TR_CC3|Female,232,60,position changes/hour,
stage29_exposure,EXPOSURE_TR_BY_SEX|crossing_rate|Female,crossing_rate,SC_by_sex_TR_CC4,Female,1.15271162272037,5.20751064792956,2.99934732032069,0.221355595917729,-15.421951758245,17.7273750036858,,KR t,g_SIS=1; g_SIS:c4=1,,,58,,,stage29_exposure|crossing_rate|SC_by_sex_TR_CC4|Female,232,60,position changes/hour,
stage29_exposure,EXPOSURE_TR_BY_SEX|crossing_rate|Male,crossing_rate,SC_by_sex_TR_CC1,Male,-0.249285961058894,2.49358992196399,3.39349680357767,-0.0999707124508079,-7.68899441300207,7.19042249088428,,KR t,g_SIS=1,,,53,,,stage29_exposure|crossing_rate|SC_by_sex_TR_CC1|Male,212,60,position changes/hour,
stage29_exposure,EXPOSURE_TR_BY_SEX|crossing_rate|Male,crossing_rate,SC_by_sex_TR_CC2,Male,3.73188254983899,2.53378728303388,3.62184895159107,1.47284761227886,-3.60239978720077,11.0661648868787,,KR t,g_SIS=1; g_SIS:c2=1,,,53,,,stage29_exposure|crossing_rate|SC_by_sex_TR_CC2|Male,212,60,position changes/hour,
stage29_exposure,EXPOSURE_TR_BY_SEX|crossing_rate|Male,crossing_rate,SC_by_sex_TR_CC3,Male,-2.20770182659788,2.6641365105627,4.42043970471614,-0.82867443835736,-9.33516411773888,4.91976046454312,,KR t,g_SIS=1; g_SIS:c3=1,,,53,,,stage29_exposure|crossing_rate|SC_by_sex_TR_CC3|Male,212,60,position changes/hour,
stage29_exposure,EXPOSURE_TR_BY_SEX|crossing_rate|Male,crossing_rate,SC_by_sex_TR_CC4,Male,-1.04579513768402,2.86823686836109,5.87729216704976,-0.364612542715688,-8.09979082165763,6.0082005462896,,KR t,g_SIS=1; g_SIS:c4=1,,,53,,,stage29_exposure|crossing_rate|SC_by_sex_TR_CC4|Male,212,60,position changes/hour,
stage29_exposure,EXPOSURE_CC1|shared_zone_use,shared_zone_use,SC_sexavg_CC1,"",-0.0165100629555539,0.0149164271530985,3.94703932536302,-1.1068376351856,-0.0581447821438452,0.0251246562327374,,KR t,g_SIS=1,,,109,,,stage29_exposure|shared_zone_use|SC_sexavg_CC1|,109,28,fraction of co-assigned dyadic time,
stage29_exposure,EXPOSURE_CC1|shared_zone_use,shared_zone_use,DiD_SC_CC1,"",-0.0529022272482869,0.0298328543061971,3.94703932536302,-1.77328748718817,-0.13617166562487,0.0303672111282957,,KR t,g_SIS:sex_c=1,,,109,,,stage29_exposure|shared_zone_use|DiD_SC_CC1|,109,28,fraction of co-assigned dyadic time,
stage29_exposure,EXPOSURE_CC1_BY_SEX|shared_zone_use|Female,shared_zone_use,SC_by_sex_CC1,Female,-0.042981455920625,0.0182302645001702,1.99984138431882,-2.35769787762671,-0.1214259153387,0.0354630034974504,,KR t,g_SIS=1,,,58,,,stage29_exposure|shared_zone_use|SC_by_sex_CC1|Female,58,15,fraction of co-assigned dyadic time,
stage29_exposure,EXPOSURE_CC1_BY_SEX|shared_zone_use|Male,shared_zone_use,SC_by_sex_CC1,Male,0.00924644852460725,0.0277205000605736,1.96242458604351,0.33355994676872,-0.11224068652024,0.130733583569455,,KR t,g_SIS=1,,,51,,,stage29_exposure|shared_zone_use|SC_by_sex_CC1|Male,51,13,fraction of co-assigned dyadic time,
stage29_exposure,EXPOSURE_TR|shared_zone_use,shared_zone_use,SC_sexavg_TR_CC1,"",-0.0177137522147471,0.0228051117498965,19.6052409517912,-0.776744810944745,-0.0653458618220038,0.0299183573925095,,KR t,g_SIS=1,,,111,,,stage29_exposure|shared_zone_use|SC_sexavg_TR_CC1|,442,118,fraction of co-assigned dyadic time,
stage29_exposure,EXPOSURE_TR|shared_zone_use,shared_zone_use,DiD_SC_TR_CC1,"",-0.0509648507926995,0.0456102234997932,19.6052409517905,-1.1173997161608,-0.146229070007213,0.0442993684218143,,KR t,g_SIS:sex_c=1,,,111,,,stage29_exposure|shared_zone_use|DiD_SC_TR_CC1|,442,118,fraction of co-assigned dyadic time,
stage29_exposure,EXPOSURE_TR|shared_zone_use,shared_zone_use,SC_sexavg_TR_CC2,"",0.0422110325810883,0.0226177046659032,19.0269828623733,1.86628277292535,-0.00512382395082201,0.0895458891129986,,KR t,g_SIS=1; g_SIS:c2=1,,,111,,,stage29_exposure|shared_zone_use|SC_sexavg_TR_CC2|,442,118,fraction of co-assigned dyadic time,
stage29_exposure,EXPOSURE_TR|shared_zone_use,shared_zone_use,DiD_SC_TR_CC2,"",0.0263105817594713,0.0452354093318063,19.0269828623732,0.581636866961466,-0.0683591313043493,0.120980294823292,,KR t,g_SIS:sex_c=1; g_SIS:c2:sex_c=1,,,111,,,stage29_exposure|shared_zone_use|DiD_SC_TR_CC2|,442,118,fraction of co-assigned dyadic time,
stage29_exposure,EXPOSURE_TR|shared_zone_use,shared_zone_use,SC_sexavg_TR_CC3,"",0.0098135840593181,0.0226177045952169,19.0269828754218,0.433889478837451,-0.0375212723224646,0.0571484404411008,,KR t,g_SIS=1; g_SIS:c3=1,,,111,,,stage29_exposure|shared_zone_use|SC_sexavg_TR_CC3|,442,118,fraction of co-assigned dyadic time,
stage29_exposure,EXPOSURE_TR|shared_zone_use,shared_zone_use,DiD_SC_TR_CC3,"",0.0406390353129563,0.0452354091904339,19.0269828754217,0.898389912687038,-0.0540306774506091,0.135308748076522,,KR t,g_SIS:sex_c=1; g_SIS:c3:sex_c=1,,,111,,,stage29_exposure|shared_zone_use|DiD_SC_TR_CC3|,442,118,fraction of co-assigned dyadic time,
stage29_exposure,EXPOSURE_TR|shared_zone_use,shared_zone_use,SC_sexavg_TR_CC4,"",-0.0091225008447017,0.0226177045228168,19.0269828884572,-0.403334513257034,-0.056457357072772,0.0382123553833686,,KR t,g_SIS=1; g_SIS:c4=1,,,111,,,stage29_exposure|shared_zone_use|SC_sexavg_TR_CC4|,442,118,fraction of co-assigned dyadic time,
stage29_exposure,EXPOSURE_TR|shared_zone_use,shared_zone_use,DiD_SC_TR_CC4,"",-0.0154304861725194,0.0452354090456335,19.0269828884572,-0.341115212575025,-0.11010019862866,0.0792392262836211,,KR t,g_SIS:sex_c=1; g_SIS:c4:sex_c=1,,,111,,,stage29_exposure|shared_zone_use|DiD_SC_TR_CC4|,442,118,fraction of co-assigned dyadic time,
stage29_exposure,EXPOSURE_TR_BY_SEX|shared_zone_use|Female,shared_zone_use,SC_by_sex_TR_CC1,Female,-0.0432012962520818,0.0338316413625845,6.44411503196125,-1.2769494624597,-0.124620847126809,0.0382182546226456,,KR t,g_SIS=1,,,58,,,stage29_exposure|shared_zone_use|SC_by_sex_TR_CC1|Female,232,60,fraction of co-assigned dyadic time,
stage29_exposure,EXPOSURE_TR_BY_SEX|shared_zone_use|Female,shared_zone_use,SC_by_sex_TR_CC2,Female,0.0553647556616424,0.0338316417175757,6.44411503153828,1.63647854052794,-0.0260547960686022,0.136784307391887,,KR t,g_SIS=1; g_SIS:c2=1,,,58,,,stage29_exposure|shared_zone_use|SC_by_sex_TR_CC2|Female,232,60,fraction of co-assigned dyadic time,
stage29_exposure,EXPOSURE_TR_BY_SEX|shared_zone_use|Female,shared_zone_use,SC_by_sex_TR_CC3,Female,0.0301310946523395,0.0338316413625842,6.44411503196138,0.890618765120355,-0.0512884562223868,0.111550645527066,,KR t,g_SIS=1; g_SIS:c3=1,,,58,,,stage29_exposure|shared_zone_use|SC_by_sex_TR_CC3|Female,232,60,fraction of co-assigned dyadic time,
stage29_exposure,EXPOSURE_TR_BY_SEX|shared_zone_use|Female,shared_zone_use,SC_by_sex_TR_CC4,Female,-0.016841441884243,0.0338316410199983,6.44411503238451,-0.497801507006053,-0.0982609919333062,0.0645781081648203,,KR t,g_SIS=1; g_SIS:c4=1,,,58,,,stage29_exposure|shared_zone_use|SC_by_sex_TR_CC4|Female,232,60,fraction of co-assigned dyadic time,
stage29_exposure,EXPOSURE_TR_BY_SEX|shared_zone_use|Male,shared_zone_use,SC_by_sex_TR_CC1,Male,0.00819598995965439,0.0314143014176283,12.2245270031163,0.260899959247707,-0.0601107240966992,0.076502704016008,,KR t,g_SIS=1,,,53,,,stage29_exposure|shared_zone_use|SC_by_sex_TR_CC1|Male,210,58,fraction of co-assigned dyadic time,
stage29_exposure,EXPOSURE_TR_BY_SEX|shared_zone_use|Male,shared_zone_use,SC_by_sex_TR_CC2,Male,0.0291474394166641,0.0307722248246602,11.4176180860424,0.947199612076992,-0.038280746812601,0.0965756256459293,,KR t,g_SIS=1; g_SIS:c2=1,,,53,,,stage29_exposure|shared_zone_use|SC_by_sex_TR_CC2|Male,210,58,fraction of co-assigned dyadic time,
stage29_exposure,EXPOSURE_TR_BY_SEX|shared_zone_use|Male,shared_zone_use,SC_by_sex_TR_CC3,Male,-0.0104107670998441,0.0307722248246602,11.4176180860423,-0.338317010198792,-0.0778389533291092,0.057017419129421,,KR t,g_SIS=1; g_SIS:c3=1,,,53,,,stage29_exposure|shared_zone_use|SC_by_sex_TR_CC3|Male,210,58,fraction of co-assigned dyadic time,
stage29_exposure,EXPOSURE_TR_BY_SEX|shared_zone_use|Male,shared_zone_use,SC_by_sex_TR_CC4,Male,-0.00130881934061969,0.0307722248246602,11.4176180860424,-0.0425324898695927,-0.0687370055698847,0.0661193668886454,,KR t,g_SIS=1; g_SIS:c4=1,,,53,,,stage29_exposure|shared_zone_use|SC_by_sex_TR_CC4|Male,210,58,fraction of co-assigned dyadic time,
stage29_exposure,EXPOSURE_CC1|occupancy_dispersion,occupancy_dispersion,SC_sexavg_CC1,"",0.0165832325303653,0.0542431326582135,3.9908044657145,0.305720405841167,-0.134156802877926,0.167323267938657,,KR t,g_SIS=1,,,111,,,stage29_exposure|occupancy_dispersion|SC_sexavg_CC1|,111,30,bits,
stage29_exposure,EXPOSURE_CC1|occupancy_dispersion,occupancy_dispersion,DiD_SC_CC1,"",-0.174254780996484,0.108486265316427,3.99080446571449,-1.60623817667819,-0.475734851813067,0.127225289820099,,KR t,g_SIS:sex_c=1,,,111,,,stage29_exposure|occupancy_dispersion|DiD_SC_CC1|,111,30,bits,
stage29_exposure,EXPOSURE_CC1_BY_SEX|occupancy_dispersion|Female,occupancy_dispersion,SC_by_sex_CC1,Female,-0.0706623644387823,0.09590069864788,1.99986033615127,-0.73682846355723,-0.483317383171896,0.341992654294331,,KR t,g_SIS=1,,,58,,,stage29_exposure|occupancy_dispersion|SC_by_sex_CC1|Female,58,15,bits,
stage29_exposure,EXPOSURE_CC1_BY_SEX|occupancy_dispersion|Male,occupancy_dispersion,SC_by_sex_CC1,Male,0.103703294285987,0.0606882826334469,1.98773295889443,1.70878610805891,-0.158967666616517,0.36637425518849,,KR t,g_SIS=1,,,53,,,stage29_exposure|occupancy_dispersion|SC_by_sex_CC1|Male,53,15,bits,
stage29_exposure,EXPOSURE_TR|occupancy_dispersion,occupancy_dispersion,SC_sexavg_TR_CC1,"",0.0120807930759927,0.079438795206388,14.4021422430458,0.152076740899782,-0.157853235122935,0.18201482127492,,KR t,g_SIS=1,,,111,,,stage29_exposure|occupancy_dispersion|SC_sexavg_TR_CC1|,444,120,bits,
stage29_exposure,EXPOSURE_TR|occupancy_dispersion,occupancy_dispersion,DiD_SC_TR_CC1,"",-0.161617386581233,0.158877590412776,14.4021422430462,-1.01724469864717,-0.501485442979086,0.17825066981662,,KR t,g_SIS:sex_c=1,,,111,,,stage29_exposure|occupancy_dispersion|DiD_SC_TR_CC1|,444,120,bits,
stage29_exposure,EXPOSURE_TR|occupancy_dispersion,occupancy_dispersion,SC_sexavg_TR_CC2,"",-0.10472039171908,0.0793933529261239,14.3738673923163,-1.31900704353075,-0.27458761545699,0.0651468320188307,,KR t,g_SIS=1; g_SIS:c2=1,,,111,,,stage29_exposure|occupancy_dispersion|SC_sexavg_TR_CC2|,444,120,bits,
stage29_exposure,EXPOSURE_TR|occupancy_dispersion,occupancy_dispersion,DiD_SC_TR_CC2,"",-0.169132337465624,0.158786705852248,14.3738673923164,-1.06515426816022,-0.508866784941445,0.170602110010197,,KR t,g_SIS:sex_c=1; g_SIS:c2:sex_c=1,,,111,,,stage29_exposure|occupancy_dispersion|DiD_SC_TR_CC2|,444,120,bits,
stage29_exposure,EXPOSURE_TR|occupancy_dispersion,occupancy_dispersion,SC_sexavg_TR_CC3,"",-0.0748195872444777,0.079393353288756,14.3738676149366,-0.942391071105872,-0.244686811518362,0.0950476370294063,,KR t,g_SIS=1; g_SIS:c3=1,,,111,,,stage29_exposure|occupancy_dispersion|SC_sexavg_TR_CC3|,444,120,bits,
stage29_exposure,EXPOSURE_TR|occupancy_dispersion,occupancy_dispersion,DiD_SC_TR_CC3,"",-0.20882009511117,0.158786706577512,14.3738676149366,-1.31509809361298,-0.548554543658938,0.130914353436599,,KR t,g_SIS:sex_c=1; g_SIS:c3:sex_c=1,,,111,,,stage29_exposure|occupancy_dispersion|DiD_SC_TR_CC3|,444,120,bits,
stage29_exposure,EXPOSURE_TR|occupancy_dispersion,occupancy_dispersion,SC_sexavg_TR_CC4,"",0.0224028180754993,0.079393353617432,14.3738678449997,0.282174981339753,-0.147464406653686,0.192270042804685,,KR t,g_SIS=1; g_SIS:c4=1,,,111,,,stage29_exposure|occupancy_dispersion|SC_sexavg_TR_CC4|,444,120,bits,
stage29_exposure,EXPOSURE_TR|occupancy_dispersion,occupancy_dispersion,DiD_SC_TR_CC4,"",-0.0541668293494787,0.158786707234864,14.3738678449998,-0.341129495615521,-0.39390127880785,0.285567620108893,,KR t,g_SIS:sex_c=1; g_SIS:c4:sex_c=1,,,111,,,stage29_exposure|occupancy_dispersion|DiD_SC_TR_CC4|,444,120,bits,
stage29_exposure,EXPOSURE_TR_BY_SEX|occupancy_dispersion|Female,occupancy_dispersion,SC_by_sex_TR_CC1,Female,-0.0686183517466983,0.125962354177225,6.82321000916301,-0.544752852508255,-0.368043612069446,0.230806908576049,,KR t,g_SIS=1,,,58,,,stage29_exposure|occupancy_dispersion|SC_by_sex_TR_CC1|Female,232,60,bits,
stage29_exposure,EXPOSURE_TR_BY_SEX|occupancy_dispersion|Female,occupancy_dispersion,SC_by_sex_TR_CC2,Female,-0.189041419978961,0.125962351941326,6.82320964449309,-1.5007771533753,-0.48846667832779,0.110383838369868,,KR t,g_SIS=1; g_SIS:c2=1,,,58,,,stage29_exposure|occupancy_dispersion|SC_by_sex_TR_CC2|Female,232,60,bits,
stage29_exposure,EXPOSURE_TR_BY_SEX|occupancy_dispersion|Female,occupancy_dispersion,SC_by_sex_TR_CC3,Female,-0.179548283902681,0.125962354177225,6.82321000916298,-1.42541225968247,-0.47897354422543,0.119876976420067,,KR t,g_SIS=1; g_SIS:c3=1,,,58,,,stage29_exposure|occupancy_dispersion|SC_by_sex_TR_CC3|Female,232,60,bits,
stage29_exposure,EXPOSURE_TR_BY_SEX|occupancy_dispersion|Female,occupancy_dispersion,SC_by_sex_TR_CC4,Female,-0.00447611094491265,0.125962356101981,6.82321040359439,-0.0355353066061159,-0.303901372229294,0.294949150339468,,KR t,g_SIS=1; g_SIS:c4=1,,,58,,,stage29_exposure|occupancy_dispersion|SC_by_sex_TR_CC4|Female,232,60,bits,
stage29_exposure,EXPOSURE_TR_BY_SEX|occupancy_dispersion|Male,occupancy_dispersion,SC_by_sex_TR_CC1,Male,0.0926437592560832,0.0968553984266423,7.90568313082816,0.956516216556076,-0.131169852608635,0.316457371120802,,KR t,g_SIS=1,,,53,,,stage29_exposure|occupancy_dispersion|SC_by_sex_TR_CC1|Male,212,60,bits,
stage29_exposure,EXPOSURE_TR_BY_SEX|occupancy_dispersion|Male,occupancy_dispersion,SC_by_sex_TR_CC2,Male,-0.0196367600873503,0.096741512938673,7.87777646395145,-0.202981734426653,-0.243326992193773,0.204053472019072,,KR t,g_SIS=1; g_SIS:c2=1,,,53,,,stage29_exposure|occupancy_dispersion|SC_by_sex_TR_CC2|Male,212,60,bits,
stage29_exposure,EXPOSURE_TR_BY_SEX|occupancy_dispersion|Male,occupancy_dispersion,SC_by_sex_TR_CC3,Male,0.029822113921106,0.096741512938673,7.87777646395147,0.308265945148191,-0.193868118185316,0.253512346027528,,KR t,g_SIS=1; g_SIS:c3=1,,,53,,,stage29_exposure|occupancy_dispersion|SC_by_sex_TR_CC3|Male,212,60,bits,
stage29_exposure,EXPOSURE_TR_BY_SEX|occupancy_dispersion|Male,occupancy_dispersion,SC_by_sex_TR_CC4,Male,0.0499383258662587,0.096741512938673,7.87777646395147,0.516203689081397,-0.173751906240164,0.273628557972681,,KR t,g_SIS=1; g_SIS:c4=1,,,53,,,stage29_exposure|occupancy_dispersion|SC_by_sex_TR_CC4|Male,212,60,bits,
stage29_exposure,EXPOSURE_CC1|fragmentation,fragmentation,SC_sexavg_CC1,"",-0.00521753680838944,0.0319869160765589,3.99861857060674,-0.163114718402411,-0.094039554961407,0.0836044813446281,,KR t,g_SIS=1,,,111,,,stage29_exposure|fragmentation|SC_sexavg_CC1|,111,30,proportion of bouts,
stage29_exposure,EXPOSURE_CC1|fragmentation,fragmentation,DiD_SC_CC1,"",0.046875545400178,0.0639738321531177,3.99861857060672,0.732729990099453,-0.130768490905857,0.224519581706213,,KR t,g_SIS:sex_c=1,,,111,,,stage29_exposure|fragmentation|DiD_SC_CC1|,111,30,proportion of bouts,
stage29_exposure,EXPOSURE_CC1_BY_SEX|fragmentation|Female,fragmentation,SC_by_sex_CC1,Female,0.018007035233607,0.0298138130908661,1.99995413953742,0.60398296516871,-0.110274267923445,0.146288338390659,,KR t,g_SIS=1,,,58,,,stage29_exposure|fragmentation|SC_by_sex_CC1|Female,58,15,proportion of bouts,
stage29_exposure,EXPOSURE_CC1_BY_SEX|fragmentation|Male,fragmentation,SC_by_sex_CC1,Male,-0.0270718442550248,0.0581015899472095,1.99894527590434,-0.465939818163703,-0.277189255130293,0.223045566620243,,KR t,g_SIS=1,,,53,,,stage29_exposure|fragmentation|SC_by_sex_CC1|Male,53,15,proportion of bouts,
stage29_exposure,EXPOSURE_TR|fragmentation,fragmentation,SC_sexavg_TR_CC1,"",-0.00752384202448665,0.0241986758996121,19.3055866792777,-0.310919574926299,-0.0581180454045981,0.0430703613556248,,KR t,g_SIS=1,,,111,,,stage29_exposure|fragmentation|SC_sexavg_TR_CC1|,444,120,proportion of bouts,
stage29_exposure,EXPOSURE_TR|fragmentation,fragmentation,DiD_SC_TR_CC1,"",0.0496858297772544,0.048397351799224,19.3055866792783,1.02662290249631,-0.051502576982968,0.150874236537477,,KR t,g_SIS:sex_c=1,,,111,,,stage29_exposure|fragmentation|DiD_SC_TR_CC1|,444,120,proportion of bouts,
stage29_exposure,EXPOSURE_TR|fragmentation,fragmentation,SC_sexavg_TR_CC2,"",-0.014238300369968,0.0241528608537304,19.179189061774,-0.589507820882796,-0.0647588710782215,0.0362822703382855,,KR t,g_SIS=1; g_SIS:c2=1,,,111,,,stage29_exposure|fragmentation|SC_sexavg_TR_CC2|,444,120,proportion of bouts,
stage29_exposure,EXPOSURE_TR|fragmentation,fragmentation,DiD_SC_TR_CC2,"",0.127467370224196,0.0483057217074608,19.1791890617741,2.6387633952793,0.0264262288076893,0.228508511640703,,KR t,g_SIS:sex_c=1; g_SIS:c2:sex_c=1,,,111,,,stage29_exposure|fragmentation|DiD_SC_TR_CC2|,444,120,proportion of bouts,
stage29_exposure,EXPOSURE_TR|fragmentation,fragmentation,SC_sexavg_TR_CC3,"",-0.0199032294203623,0.0241528620645046,19.1791913514909,-0.824052626442661,-0.0704238022570093,0.0306173434162847,,KR t,g_SIS=1; g_SIS:c3=1,,,111,,,stage29_exposure|fragmentation|SC_sexavg_TR_CC3|,444,120,proportion of bouts,
stage29_exposure,EXPOSURE_TR|fragmentation,fragmentation,DiD_SC_TR_CC3,"",0.0188263058550736,0.0483057241290092,19.179191351491,0.389732401170398,-0.0822148398182204,0.119867451528368,,KR t,g_SIS:sex_c=1; g_SIS:c3:sex_c=1,,,111,,,stage29_exposure|fragmentation|DiD_SC_TR_CC3|,444,120,proportion of bouts,
stage29_exposure,EXPOSURE_TR|fragmentation,fragmentation,SC_sexavg_TR_CC4,"",-0.0342194064313851,0.0241528638115419,19.1791953525792,-1.4167846388068,-0.0847399822160339,0.0163011693532637,,KR t,g_SIS=1; g_SIS:c4=1,,,111,,,stage29_exposure|fragmentation|SC_sexavg_TR_CC4|,444,120,proportion of bouts,
stage29_exposure,EXPOSURE_TR|fragmentation,fragmentation,DiD_SC_TR_CC4,"",0.00069187503781426,0.0483057276230839,19.1791953525793,0.0143228364804432,-0.100349276531483,0.101733026607112,,KR t,g_SIS:sex_c=1; g_SIS:c4:sex_c=1,,,111,,,stage29_exposure|fragmentation|DiD_SC_TR_CC4|,444,120,proportion of bouts,
stage29_exposure,EXPOSURE_TR_BY_SEX|fragmentation|Female,fragmentation,SC_by_sex_TR_CC1,Female,0.0174088817515746,0.0324976120170834,7.75447078770627,0.535697261153313,-0.0579457810470627,0.0927635445502119,,KR t,g_SIS=1,,,58,,,stage29_exposure|fragmentation|SC_by_sex_TR_CC1|Female,232,60,proportion of bouts,
stage29_exposure,EXPOSURE_TR_BY_SEX|fragmentation|Female,fragmentation,SC_by_sex_TR_CC2,Female,0.0498265225792338,0.0324976094603601,7.75446943342516,1.53323654898404,-0.0255281366641688,0.125181181822636,,KR t,g_SIS=1; g_SIS:c2=1,,,58,,,stage29_exposure|fragmentation|SC_by_sex_TR_CC2|Female,232,60,proportion of bouts,
stage29_exposure,EXPOSURE_TR_BY_SEX|fragmentation|Female,fragmentation,SC_by_sex_TR_CC3,Female,-0.0102465520989616,0.0324976120170834,7.75447078770631,-0.315301693354428,-0.0856012148975987,0.0651081106996754,,KR t,g_SIS=1; g_SIS:c3=1,,,58,,,stage29_exposure|fragmentation|SC_by_sex_TR_CC3|Female,232,60,proportion of bouts,
stage29_exposure,EXPOSURE_TR_BY_SEX|fragmentation|Female,fragmentation,SC_by_sex_TR_CC4,Female,-0.0337975172799204,0.0324976148902222,7.75447264666377,-1.03999993212084,-0.109152183483099,0.0415571489232579,,KR t,g_SIS=1; g_SIS:c4=1,,,58,,,stage29_exposure|fragmentation|SC_by_sex_TR_CC4|Female,232,60,proportion of bouts,
stage29_exposure,EXPOSURE_TR_BY_SEX|fragmentation|Male,fragmentation,SC_by_sex_TR_CC1,Male,-0.0315869871793125,0.0369059543185179,10.3290585521943,-0.855877805155776,-0.113464861149277,0.0502908867906524,,KR t,g_SIS=1,,,53,,,stage29_exposure|fragmentation|SC_by_sex_TR_CC1|Male,212,60,proportion of bouts,
stage29_exposure,EXPOSURE_TR_BY_SEX|fragmentation|Male,fragmentation,SC_by_sex_TR_CC2,Male,-0.0784295446439858,0.0367500712087042,10.1848390004915,-2.13413313401716,-0.16011281757066,0.0032537282826888,,KR t,g_SIS=1; g_SIS:c2=1,,,53,,,stage29_exposure|fragmentation|SC_by_sex_TR_CC2|Male,212,60,proportion of bouts,
stage29_exposure,EXPOSURE_TR_BY_SEX|fragmentation|Male,fragmentation,SC_by_sex_TR_CC3,Male,-0.0296306480938213,0.0367500712087042,10.1848390004915,-0.806274576327987,-0.111313921020496,0.0520526248328533,,KR t,g_SIS=1; g_SIS:c3=1,,,53,,,stage29_exposure|fragmentation|SC_by_sex_TR_CC3|Male,212,60,proportion of bouts,
stage29_exposure,EXPOSURE_TR_BY_SEX|fragmentation|Male,fragmentation,SC_by_sex_TR_CC4,Male,-0.034727157477343,0.0367500712087042,10.1848390004915,-0.9449548350567,-0.116410430404018,0.0469561154493316,,KR t,g_SIS=1; g_SIS:c4=1,,,53,,,stage29_exposure|fragmentation|SC_by_sex_TR_CC4|Male,212,60,proportion of bouts,
stage29_exposure,EXPOSURE_CC1|light_phase_crossing_rate,light_phase_crossing_rate,SC_sexavg_CC1,"",0.878437753514285,0.446808754754755,3.99669904919515,1.96602627895338,-0.362506407367685,2.11938191439626,,KR t,g_SIS=1,,,111,,,stage29_exposure|light_phase_crossing_rate|SC_sexavg_CC1|,111,30,position changes/hour,
stage29_exposure,EXPOSURE_CC1|light_phase_crossing_rate,light_phase_crossing_rate,DiD_SC_CC1,"",-0.967933193175906,0.893617509509509,3.99669904919515,-1.08316274342832,-3.44982151493985,1.51395512858803,,KR t,g_SIS:sex_c=1,,,111,,,stage29_exposure|light_phase_crossing_rate|DiD_SC_CC1|,111,30,position changes/hour,
stage29_exposure,EXPOSURE_CC1_BY_SEX|light_phase_crossing_rate|Female,light_phase_crossing_rate,SC_by_sex_CC1,Female,0.395957724314286,0.831586255135769,1.99997860483661,0.476147509496342,-3.18210582679962,3.97402127542819,,KR t,g_SIS=1,,,58,,,stage29_exposure|light_phase_crossing_rate|SC_by_sex_CC1|Female,58,15,position changes/hour,
stage29_exposure,EXPOSURE_CC1_BY_SEX|light_phase_crossing_rate|Male,light_phase_crossing_rate,SC_by_sex_CC1,Male,1.370980041062,0.42375382249571,1.98363670248285,3.23532194467905,-0.46677467571334,3.20873475783734,,KR t,g_SIS=1,,,53,,,stage29_exposure|light_phase_crossing_rate|SC_by_sex_CC1|Male,53,15,position changes/hour,
stage29_exposure,EXPOSURE_TR|light_phase_crossing_rate,light_phase_crossing_rate,SC_sexavg_TR_CC1,"",0.875789486014347,0.524368040315374,6.67782154941918,1.67018090097104,-0.376374565772303,2.127953537801,,KR t,g_SIS=1,,,111,,,stage29_exposure|light_phase_crossing_rate|SC_sexavg_TR_CC1|,444,120,position changes/hour,
stage29_exposure,EXPOSURE_TR|light_phase_crossing_rate,light_phase_crossing_rate,DiD_SC_TR_CC1,"",-0.935570281161086,1.04873608063075,6.67782154941925,-0.892093157125289,-3.43989838473438,1.56875782241221,,KR t,g_SIS:sex_c=1,,,111,,,stage29_exposure|light_phase_crossing_rate|DiD_SC_TR_CC1|,444,120,position changes/hour,
stage29_exposure,EXPOSURE_TR|light_phase_crossing_rate,light_phase_crossing_rate,SC_sexavg_TR_CC2,"",1.4003372010313,0.523978950111393,6.65969122926143,2.67250659732343,0.148372839126039,2.65230156293656,,KR t,g_SIS=1; g_SIS:c2=1,,,111,,,stage29_exposure|light_phase_crossing_rate|SC_sexavg_TR_CC2|,444,120,position changes/hour,
stage29_exposure,EXPOSURE_TR|light_phase_crossing_rate,light_phase_crossing_rate,DiD_SC_TR_CC2,"",-0.202383588922119,1.04795790022279,6.6596912292615,-0.193121869570423,-2.70631231273264,2.3015451348884,,KR t,g_SIS:sex_c=1; g_SIS:c2:sex_c=1,,,111,,,stage29_exposure|light_phase_crossing_rate|DiD_SC_TR_CC2|,444,120,position changes/hour,
stage29_exposure,EXPOSURE_TR|light_phase_crossing_rate,light_phase_crossing_rate,SC_sexavg_TR_CC3,"",0.587133821202334,0.523978966748681,6.65969187043387,1.12052936942399,-0.664830554575527,1.83909819698019,,KR t,g_SIS=1; g_SIS:c3=1,,,111,,,stage29_exposure|light_phase_crossing_rate|SC_sexavg_TR_CC3|,444,120,position changes/hour,
stage29_exposure,EXPOSURE_TR|light_phase_crossing_rate,light_phase_crossing_rate,DiD_SC_TR_CC3,"",0.191340216656881,1.04795793349736,6.65969187043395,0.18258387149026,-2.31258853489884,2.6952689682126,,KR t,g_SIS:sex_c=1; g_SIS:c3:sex_c=1,,,111,,,stage29_exposure|light_phase_crossing_rate|DiD_SC_TR_CC3|,444,120,position changes/hour,
stage29_exposure,EXPOSURE_TR|light_phase_crossing_rate,light_phase_crossing_rate,SC_sexavg_TR_CC4,"",1.00612443526871,0.523978991163381,6.65969295106675,1.92016178556097,-0.245839955226767,2.25808882576419,,KR t,g_SIS=1; g_SIS:c4=1,,,111,,,stage29_exposure|light_phase_crossing_rate|SC_sexavg_TR_CC4|,444,120,position changes/hour,
stage29_exposure,EXPOSURE_TR|light_phase_crossing_rate,light_phase_crossing_rate,DiD_SC_TR_CC4,"",0.515516664761881,1.04795798232676,6.65969295106683,0.49192493731217,-1.98841211622907,3.01944544575283,,KR t,g_SIS:sex_c=1; g_SIS:c4:sex_c=1,,,111,,,stage29_exposure|light_phase_crossing_rate|DiD_SC_TR_CC4|,444,120,position changes/hour,
stage29_exposure,EXPOSURE_TR_BY_SEX|light_phase_crossing_rate|Female,light_phase_crossing_rate,SC_by_sex_TR_CC1,Female,0.408151857736839,0.988388363883052,2.76512807864878,0.412946846251148,-2.89402786240748,3.71033157788115,,KR t,g_SIS=1,,,58,,,stage29_exposure|light_phase_crossing_rate|SC_by_sex_TR_CC1|Female,232,60,position changes/hour,
stage29_exposure,EXPOSURE_TR_BY_SEX|light_phase_crossing_rate|Female,light_phase_crossing_rate,SC_by_sex_TR_CC2,Female,1.30122941343746,0.988388333588524,2.7651278272618,1.31651636226129,-2.00095039403288,4.60340922090779,,KR t,g_SIS=1; g_SIS:c2=1,,,58,,,stage29_exposure|light_phase_crossing_rate|SC_by_sex_TR_CC2|Female,232,60,position changes/hour,
stage29_exposure,EXPOSURE_TR_BY_SEX|light_phase_crossing_rate|Female,light_phase_crossing_rate,SC_by_sex_TR_CC3,Female,0.685288023818105,0.988388363883059,2.76512807864874,0.693338821924035,-2.61689169632626,3.98746774396247,,KR t,g_SIS=1; g_SIS:c3=1,,,58,,,stage29_exposure|light_phase_crossing_rate|SC_by_sex_TR_CC3|Female,232,60,position changes/hour,
stage29_exposure,EXPOSURE_TR_BY_SEX|light_phase_crossing_rate|Female,light_phase_crossing_rate,SC_by_sex_TR_CC4,Female,1.25965304759946,0.988388399233563,2.76512844612872,1.27445146925666,-2.04252651504155,4.56183261024046,,KR t,g_SIS=1; g_SIS:c4=1,,,58,,,stage29_exposure|light_phase_crossing_rate|SC_by_sex_TR_CC4|Female,232,60,position changes/hour,
stage29_exposure,EXPOSURE_TR_BY_SEX|light_phase_crossing_rate|Male,light_phase_crossing_rate,SC_by_sex_TR_CC1,Male,1.35784173601128,0.479349372939619,6.15668941335207,2.83267656674773,0.192114240895354,2.5235692311272,,KR t,g_SIS=1,,,53,,,stage29_exposure|light_phase_crossing_rate|SC_by_sex_TR_CC1|Male,212,60,position changes/hour,
stage29_exposure,EXPOSURE_TR_BY_SEX|light_phase_crossing_rate|Male,light_phase_crossing_rate,SC_by_sex_TR_CC2,Male,1.49896117009794,0.477230947565651,6.06988685762086,3.14095550119732,0.334470489266187,2.66345185092969,,KR t,g_SIS=1; g_SIS:c2=1,,,53,,,stage29_exposure|light_phase_crossing_rate|SC_by_sex_TR_CC2|Male,212,60,position changes/hour,
stage29_exposure,EXPOSURE_TR_BY_SEX|light_phase_crossing_rate|Male,light_phase_crossing_rate,SC_by_sex_TR_CC3,Male,0.486623842415903,0.477230947565651,6.06988685762087,1.01968207405275,-0.677866838415848,1.65111452324765,,KR t,g_SIS=1; g_SIS:c3=1,,,53,,,stage29_exposure|light_phase_crossing_rate|SC_by_sex_TR_CC3|Male,212,60,position changes/hour,
stage29_exposure,EXPOSURE_TR_BY_SEX|light_phase_crossing_rate|Male,light_phase_crossing_rate,SC_by_sex_TR_CC4,Male,0.757571276058236,0.477230947565651,6.06988685762087,1.58743115869287,-0.406919404773514,1.92206195688999,,KR t,g_SIS=1; g_SIS:c4=1,,,53,,,stage29_exposure|light_phase_crossing_rate|SC_by_sex_TR_CC4|Male,212,60,position changes/hour,
stage29_exposure,LIGHT_CC1_POOLED,light_phase_crossing_rate,RS_sexavg_CC1_light,"",-0.111876014422309,0.338461941306264,72.390890132181,-0.33054237646494,-0.78652532451704,0.562773295672421,,KR t,g_RS=1,,,87,,,stage29_exposure|light_phase_crossing_rate|RS_sexavg_CC1_light|,87,24,position changes/hour,
stage29_exposure,LIGHT_CC1_POOLED,light_phase_crossing_rate,Q1_light,"",-1.66981180048944,0.676923882612528,72.3908901321813,-2.46676449654125,-3.0191104206789,-0.320513180299977,,KR t,g_RS:sex_c=1,,,87,,,stage29_exposure|light_phase_crossing_rate|Q1_light|,87,24,position changes/hour,
stage29_exposure,LIGHT_CC1_BY_SEX|Female,light_phase_crossing_rate,RS_by_sex_CC1_light,Female,-0.949072481717416,0.474560481747478,35.8791441680044,-1.99989783856978,-1.91163832853626,0.0134933651014312,,KR t,g_RS=1,,,46,,,stage29_exposure|light_phase_crossing_rate|RS_by_sex_CC1_light|Female,46,12,position changes/hour,
stage29_exposure,LIGHT_TR_BY_SEX|Female,light_phase_crossing_rate,RS_by_sex_TR_CC1_light,Female,-0.968179315338322,0.605079520207231,57.5453025529634,-1.60008607630074,-2.17958136861085,0.243222737934209,,KR t,g_RS=1,,,46,,,stage29_exposure|light_phase_crossing_rate|RS_by_sex_TR_CC1_light|Female,184,48,position changes/hour,
stage29_exposure,LIGHT_TR_BY_SEX|Female,light_phase_crossing_rate,RS_by_sex_TR_CC2_light,Female,-0.833720589180493,0.612139541875104,59.8971326553517,-1.36197800035371,-2.05822523505316,0.390784056692179,,KR t,g_RS=1; g_RS:c2=1,,,46,,,stage29_exposure|light_phase_crossing_rate|RS_by_sex_TR_CC2_light|Female,184,48,position changes/hour,
stage29_exposure,LIGHT_TR_BY_SEX|Female,light_phase_crossing_rate,RS_by_sex_TR_CC3_light,Female,-1.29314314151646,0.612860754290898,60.130628135584,-2.11001134019859,-2.51899240029239,-0.0672938827405207,,KR t,g_RS=1; g_RS:c3=1,,,46,,,stage29_exposure|light_phase_crossing_rate|RS_by_sex_TR_CC3_light|Female,184,48,position changes/hour,
stage29_exposure,LIGHT_TR_BY_SEX|Female,light_phase_crossing_rate,RS_by_sex_TR_CC4_light,Female,-0.900362620074449,0.619249375816551,62.2508273458142,-1.4539580583141,-2.13812527622177,0.337400036072877,,KR t,g_RS=1; g_RS:c4=1,,,46,,,stage29_exposure|light_phase_crossing_rate|RS_by_sex_TR_CC4_light|Female,184,48,position changes/hour,
stage29_exposure,LIGHT_CC1_BY_SEX|Male,light_phase_crossing_rate,RS_by_sex_CC1_light,Male,0.729766828348462,0.482683254886242,35.7429650767531,1.5118958881647,-0.249404677977981,1.7089383346749,,KR t,g_RS=1,,,41,,,stage29_exposure|light_phase_crossing_rate|RS_by_sex_CC1_light|Male,41,12,position changes/hour,
stage29_exposure,LIGHT_TR_BY_SEX|Male,light_phase_crossing_rate,RS_by_sex_TR_CC1_light,Male,0.483972837655539,0.458134128611469,84.6094746002134,1.05639987818062,-0.426981246134233,1.39492692144531,,KR t,g_RS=1,,,41,,,stage29_exposure|light_phase_crossing_rate|RS_by_sex_TR_CC1_light|Male,164,48,position changes/hour,
stage29_exposure,LIGHT_TR_BY_SEX|Male,light_phase_crossing_rate,RS_by_sex_TR_CC2_light,Male,0.552419512385093,0.464245458288336,87.5267628689929,1.18992981519271,-0.370240310491508,1.47507933526169,,KR t,g_RS=1; g_RS:c2=1,,,41,,,stage29_exposure|light_phase_crossing_rate|RS_by_sex_TR_CC2_light|Male,164,48,position changes/hour,
stage29_exposure,LIGHT_TR_BY_SEX|Male,light_phase_crossing_rate,RS_by_sex_TR_CC3_light,Male,0.114764007413141,0.471341962856838,91.554899449819,0.243483535218354,-0.821422457110332,1.05095047193661,,KR t,g_RS=1; g_RS:c3=1,,,41,,,stage29_exposure|light_phase_crossing_rate|RS_by_sex_TR_CC3_light|Male,164,48,position changes/hour,
stage29_exposure,LIGHT_TR_BY_SEX|Male,light_phase_crossing_rate,RS_by_sex_TR_CC4_light,Male,-0.2311057179044,0.480464158801148,96.0139212683948,-0.481005114889431,-1.18481777063029,0.722606334821485,,KR t,g_RS=1; g_RS:c4=1,,,41,,,stage29_exposure|light_phase_crossing_rate|RS_by_sex_TR_CC4_light|Male,164,48,position changes/hour,
stage29_continuous,CONTINUOUS|ALL_RFID|crossing_rate,crossing_rate,ALL_RFID|slope_sexavg,,-0.0116444226887629,0.0107738450592416,103,-1.08080472892772,-0.0330118032961015,0.00972295791857569,,OLS t (CR2 SE in robustness),,,,111,0.00703767444431981,12.4576505236503,stage29_continuous|crossing_rate|ALL_RFID|slope_sexavg|pooled,111,30,position changes/hour,
stage29_continuous,CONTINUOUS|ALL_RFID|crossing_rate,crossing_rate,ALL_RFID|slope_DiD_F_minus_M,,-0.047979160408049,0.0215476901184833,103,-2.22664982391283,-0.0907139216227262,-0.00524439919337181,,OLS t (CR2 SE in robustness),,,,111,0.0140753488886396,12.4576505236502,stage29_continuous|crossing_rate|ALL_RFID|slope_DiD_F_minus_M|pooled,111,30,position changes/hour,
stage29_continuous,CONTINUOUS|ALL_RFID|crossing_rate,crossing_rate,ALL_RFID|slope_Female,,-0.0356340028927874,0.0111782693762546,54,-3.1877924653062,-0.0580450836430272,-0.0132229221425477,,OLS t (CR2 SE in robustness),,,,58,,,stage29_continuous|crossing_rate|ALL_RFID|slope_Female|pooled,111,30,position changes/hour,
stage29_continuous,CONTINUOUS|ALL_RFID|crossing_rate,crossing_rate,ALL_RFID|slope_Male,,0.0123451575152616,0.0178136827773946,49,0.693015457248823,-0.0234527782762663,0.0481430933067894,,OLS t (CR2 SE in robustness),,,,53,,,stage29_continuous|crossing_rate|ALL_RFID|slope_Male|pooled,111,30,position changes/hour,
stage29_continuous,CONTINUOUS|ALL_RFID|shared_zone_use,shared_zone_use,ALL_RFID|slope_sexavg,,0.52903395909553,0.869344172404924,101,0.608543745835471,-1.1955110279429,2.25357894613396,,OLS t (CR2 SE in robustness),,,,109,0.72091156888823,17.2626144123951,stage29_continuous|shared_zone_use|ALL_RFID|slope_sexavg|pooled,109,28,fraction of co-assigned dyadic time,
stage29_continuous,CONTINUOUS|ALL_RFID|shared_zone_use,shared_zone_use,ALL_RFID|slope_DiD_F_minus_M,,1.61433053149133,1.73868834480985,101,0.928476075836282,-1.83475944258553,5.06342050556819,,OLS t (CR2 SE in robustness),,,,109,1.44182313777645,17.2626144123951,stage29_continuous|shared_zone_use|ALL_RFID|slope_DiD_F_minus_M|pooled,109,28,fraction of co-assigned dyadic time,
stage29_continuous,CONTINUOUS|ALL_RFID|shared_zone_use,shared_zone_use,ALL_RFID|slope_Female,,1.33619922484119,1.38336381849305,54,0.965905864371068,-1.43727824288426,4.10967669256663,,OLS t (CR2 SE in robustness),,,,58,,,stage29_continuous|shared_zone_use|ALL_RFID|slope_Female|pooled,109,28,fraction of co-assigned dyadic time,
stage29_continuous,CONTINUOUS|ALL_RFID|shared_zone_use,shared_zone_use,ALL_RFID|slope_Male,,-0.278131306650126,1.06225193014244,47,-0.261831773384333,-2.41510655030531,1.85884393700506,,OLS t (CR2 SE in robustness),,,,51,,,stage29_continuous|shared_zone_use|ALL_RFID|slope_Male|pooled,109,28,fraction of co-assigned dyadic time,
stage29_continuous,CONTINUOUS|SIS_ONLY|crossing_rate,crossing_rate,SIS_ONLY|slope_sexavg,,-0.005804099058684,0.0135438428921827,79,-0.428541522881518,-0.0327624439907529,0.0211542458733849,,OLS t (CR2 SE in robustness),,,,87,0.00952595204341294,9.38645720876748,stage29_continuous|crossing_rate|SIS_ONLY|slope_sexavg|pooled,87,24,position changes/hour,
stage29_continuous,CONTINUOUS|SIS_ONLY|crossing_rate,crossing_rate,SIS_ONLY|slope_DiD_F_minus_M,,-0.0511467831916369,0.0270876857843654,79,-1.88819316640029,-0.105063473055775,0.00276990667250086,,OLS t (CR2 SE in robustness),,,,87,0.019051904086826,9.38645720876747,stage29_continuous|crossing_rate|SIS_ONLY|slope_DiD_F_minus_M|pooled,87,24,position changes/hour,
stage29_continuous,CONTINUOUS|SIS_ONLY|crossing_rate,crossing_rate,SIS_ONLY|slope_Female,,-0.0313774906545026,0.0144572278889707,42,-2.17036702301969,-0.0605533577307108,-0.00220162357829428,,OLS t (CR2 SE in robustness),,,,46,,,stage29_continuous|crossing_rate|SIS_ONLY|slope_Female|pooled,87,24,position changes/hour,
stage29_continuous,CONTINUOUS|SIS_ONLY|crossing_rate,crossing_rate,SIS_ONLY|slope_Male,,0.0197692925371345,0.0223557426236886,37,0.88430489068999,-0.0255277446724019,0.065066329746671,,OLS t (CR2 SE in robustness),,,,41,,,stage29_continuous|crossing_rate|SIS_ONLY|slope_Male|pooled,87,24,position changes/hour,
stage29_continuous,CONTINUOUS|SIS_ONLY|shared_zone_use,shared_zone_use,SIS_ONLY|slope_sexavg,,0.894604896038767,1.07121779847591,77,0.835128857372963,-1.23846225359466,3.02767204567219,,OLS t (CR2 SE in robustness),,,,85,0.872417288036106,12.2626661762093,stage29_continuous|shared_zone_use|SIS_ONLY|slope_sexavg|pooled,85,22,fraction of co-assigned dyadic time,
stage29_continuous,CONTINUOUS|SIS_ONLY|shared_zone_use,shared_zone_use,SIS_ONLY|slope_DiD_F_minus_M,,2.36958459204553,2.14243559695182,77,1.10602372151438,-1.89654970722132,6.63571889131239,,OLS t (CR2 SE in robustness),,,,85,1.74483457607221,12.2626661762093,stage29_continuous|shared_zone_use|SIS_ONLY|slope_DiD_F_minus_M|pooled,85,22,fraction of co-assigned dyadic time,
stage29_continuous,CONTINUOUS|SIS_ONLY|shared_zone_use,shared_zone_use,SIS_ONLY|slope_Female,,2.07939719206154,1.62708184652499,42,1.27799175960483,-1.20418691139859,5.36298129552168,,OLS t (CR2 SE in robustness),,,,46,,,stage29_continuous|shared_zone_use|SIS_ONLY|slope_Female|pooled,85,22,fraction of co-assigned dyadic time,
stage29_continuous,CONTINUOUS|SIS_ONLY|shared_zone_use,shared_zone_use,SIS_ONLY|slope_Male,,-0.290187399984007,1.39284252044317,35,-0.208341858986094,-3.11780804353989,2.53743324357187,,OLS t (CR2 SE in robustness),,,,39,,,stage29_continuous|shared_zone_use|SIS_ONLY|slope_Male|pooled,85,22,fraction of co-assigned dyadic time,
stage29_lag_block,LAG|Movement_rmssd|10min,Movement_rmssd,Q1|10min,"",-0.208177215488696,0.473747357100424,74.8979471013561,-0.439426652979865,-1.15195142377449,0.735596992797098,,KR t,g_RS:sex_c=1,,,87,,,stage29_lag_block|Movement_rmssd|Q1|10min|,87,24,,
stage29_lag_block,LAG|Movement_rmssd|10min,Movement_rmssd,RS_sexavg_CC1|10min,"",0.238727524519239,0.236873678550212,74.8979471013561,1.00782630632653,-0.233159579623659,0.710614628662136,,KR t,g_RS=1,,,87,,,stage29_lag_block|Movement_rmssd|RS_sexavg_CC1|10min|,87,24,,
stage29_lag_block,LAG|Movement_rmssd|10min|Female,Movement_rmssd,RS_by_sex_CC1|10min,Female,0.134638916774868,0.359103067117234,36.9762704522118,0.374931124525633,-0.592988773244063,0.8622666067938,,KR t,g_RS=1,,,46,,,stage29_lag_block|Movement_rmssd|RS_by_sex_CC1|10min|Female,46,12,,
stage29_lag_block,LAG|Movement_rmssd|10min|Male,Movement_rmssd,RS_by_sex_CC1|10min,Male,0.342816132263587,0.296677321659741,36.4612283024419,1.15551849513042,-0.258609193808694,0.944241458335869,,KR t,g_RS=1,,,41,,,stage29_lag_block|Movement_rmssd|RS_by_sex_CC1|10min|Male,41,12,,
stage29_lag_block,LAG|Movement_acf1|10min,Movement_acf1,Q1|10min,"",-0.0549295493504249,0.0524214090895377,74.8979471013568,-1.04784572380729,-0.159360683623152,0.0495015849223026,,KR t,g_RS:sex_c=1,,,87,,,stage29_lag_block|Movement_acf1|Q1|10min|,87,24,,
stage29_lag_block,LAG|Movement_acf1|10min,Movement_acf1,RS_sexavg_CC1|10min,"",-0.0286081418905593,0.0262107045447688,74.8979471013565,-1.09146787114003,-0.080823709026923,0.0236074252458045,,KR t,g_RS=1,,,87,,,stage29_lag_block|Movement_acf1|RS_sexavg_CC1|10min|,87,24,,
stage29_lag_block,LAG|Movement_acf1|10min|Female,Movement_acf1,RS_by_sex_CC1|10min,Female,-0.0556523526083189,0.0301454168099166,36.7088771266096,-1.84612981002179,-0.11674912408743,0.00544441887079227,,KR t,g_RS=1,,,46,,,stage29_lag_block|Movement_acf1|RS_by_sex_CC1|10min|Female,46,12,,
stage29_lag_block,LAG|Movement_acf1|10min|Male,Movement_acf1,RS_by_sex_CC1|10min,Male,-0.00114336721534656,0.0454640046718341,36.4612283024418,-0.0251488451930171,-0.093308159863938,0.0910214254332449,,KR t,g_RS=1,,,41,,,stage29_lag_block|Movement_acf1|RS_by_sex_CC1|10min|Male,41,12,,
stage29_lag_block,LAG|Proximity_rmssd|10min,Proximity_rmssd,Q1|10min,"",0.00838020381231516,0.00933662472331831,63.8173787035555,0.897562455454113,-0.0102728762827541,0.0270332839073844,,KR t,g_RS:sex_c=1,,,85,,,stage29_lag_block|Proximity_rmssd|Q1|10min|,85,22,,
stage29_lag_block,LAG|Proximity_rmssd|10min,Proximity_rmssd,RS_sexavg_CC1|10min,"",0.00178052296015817,0.00466831236165915,63.8173787035555,0.381406131856472,-0.00754601708737645,0.0111070630076928,,KR t,g_RS=1,,,85,,,stage29_lag_block|Proximity_rmssd|RS_sexavg_CC1|10min|,85,22,,
stage29_lag_block,LAG|Proximity_rmssd|10min|Female,Proximity_rmssd,RS_by_sex_CC1|10min,Female,0.0060097059072576,0.0062418944685302,34.0183096575125,0.962801588132701,-0.00667509837543088,0.0186945101899461,,KR t,g_RS=1,,,46,,,stage29_lag_block|Proximity_rmssd|RS_by_sex_CC1|10min|Female,46,12,,
stage29_lag_block,LAG|Proximity_rmssd|10min|Male,Proximity_rmssd,RS_by_sex_CC1|10min,Male,-0.00208389072620137,0.00684467432119783,29.3259718441453,-0.304454328783417,-0.016076065683527,0.0119082842311242,,KR t,g_RS=1,,,39,,,stage29_lag_block|Proximity_rmssd|RS_by_sex_CC1|10min|Male,39,10,,
stage29_lag_block,LAG|Proximity_acf1|10min,Proximity_acf1,Q1|10min,"",-0.040787801526523,0.0532522352792346,67.1179057699133,-0.765935952033697,-0.147076275811939,0.065500672758893,,KR t,g_RS:sex_c=1,,,85,,,stage29_lag_block|Proximity_acf1|Q1|10min|,85,22,,
stage29_lag_block,LAG|Proximity_acf1|10min,Proximity_acf1,RS_sexavg_CC1|10min,"",0.00507673631687987,0.0266261176396173,67.1179057699133,0.190667538752481,-0.0480675008258281,0.0582209734595879,,KR t,g_RS=1,,,85,,,stage29_lag_block|Proximity_acf1|RS_sexavg_CC1|10min|,85,22,,
stage29_lag_block,LAG|Proximity_acf1|10min|Female,Proximity_acf1,RS_by_sex_CC1|10min,Female,-0.0174056229731665,0.0310052600529438,36.1379388291177,-0.561376454944905,-0.0802788718876472,0.0454676259413142,,KR t,g_RS=1,,,46,,,stage29_lag_block|Proximity_acf1|RS_by_sex_CC1|10min|Female,46,12,,
stage29_lag_block,LAG|Proximity_acf1|10min|Male,Proximity_acf1,RS_by_sex_CC1|10min,Male,0.0193493227376942,0.045425703799993,30.645535800245,0.425955375901016,-0.0733404634638952,0.112039108939284,,KR t,g_RS=1,,,39,,,stage29_lag_block|Proximity_acf1|RS_by_sex_CC1|10min|Male,39,10,,
stage29_lag_block,LAG|Movement_rmssd|5min,Movement_rmssd,Q1|5min,"",0.00873020938751577,0.279747651726441,74.8979471013565,0.0312074447582954,-0.548568136599807,0.566028555374838,,KR t,g_RS:sex_c=1,,,87,,,stage29_lag_block|Movement_rmssd|Q1|5min|,87,24,,
stage29_lag_block,LAG|Movement_rmssd|5min,Movement_rmssd,RS_sexavg_CC1|5min,"",0.102447631485446,0.13987382586322,74.8979471013565,0.732428893348691,-0.176201541508215,0.381096804479107,,KR t,g_RS=1,,,87,,,stage29_lag_block|Movement_rmssd|RS_sexavg_CC1|5min|,87,24,,
stage29_lag_block,LAG|Movement_rmssd|5min|Female,Movement_rmssd,RS_by_sex_CC1|5min,Female,0.106812736179204,0.219374103306633,36.9762704522122,0.486897653684789,-0.337691047429163,0.551316519787572,,KR t,g_RS=1,,,46,,,stage29_lag_block|Movement_rmssd|RS_by_sex_CC1|5min|Female,46,12,,
stage29_lag_block,LAG|Movement_rmssd|5min|Male,Movement_rmssd,RS_by_sex_CC1|5min,Male,0.0980825267916887,0.161037946587433,36.4612283024419,0.609064688603916,-0.228374173688562,0.42453922727194,,KR t,g_RS=1,,,41,,,stage29_lag_block|Movement_rmssd|RS_by_sex_CC1|5min|Male,41,12,,
stage29_lag_block,LAG|Movement_acf1|5min,Movement_acf1,Q1|5min,"",-0.065012119130311,0.0494894940072939,74.8979471013565,-1.31365495716584,-0.163602448606909,0.0335782103462871,,KR t,g_RS:sex_c=1,,,87,,,stage29_lag_block|Movement_acf1|Q1|5min|,87,24,,
stage29_lag_block,LAG|Movement_acf1|5min,Movement_acf1,RS_sexavg_CC1|5min,"",-0.0230154252870997,0.024744747003647,74.8979471013565,-0.930113582640696,-0.0723105900253988,0.0262797394511994,,KR t,g_RS=1,,,87,,,stage29_lag_block|Movement_acf1|RS_sexavg_CC1|5min|,87,24,,
stage29_lag_block,LAG|Movement_acf1|5min|Female,Movement_acf1,RS_by_sex_CC1|5min,Female,-0.0555214848522552,0.0320957635133646,36.9762704522122,-1.72986957699686,-0.12055508774543,0.00951211804092001,,KR t,g_RS=1,,,46,,,stage29_lag_block|Movement_acf1|RS_by_sex_CC1|5min|Female,46,12,,
stage29_lag_block,LAG|Movement_acf1|5min|Male,Movement_acf1,RS_by_sex_CC1|5min,Male,0.00948417811537185,0.0390432627107096,36.3909403595489,0.242914589019998,-0.0696697026874259,0.0886380589181696,,KR t,g_RS=1,,,41,,,stage29_lag_block|Movement_acf1|RS_by_sex_CC1|5min|Male,41,12,,
stage29_lag_block,LAG|Proximity_rmssd|5min,Proximity_rmssd,Q1|5min,"",0.00846313921259142,0.00585816935058745,62.2572890684848,1.44467302088881,-0.00324621186581951,0.0201724902910023,,KR t,g_RS:sex_c=1,,,85,,,stage29_lag_block|Proximity_rmssd|Q1|5min|,85,22,,
stage29_lag_block,LAG|Proximity_rmssd|5min,Proximity_rmssd,RS_sexavg_CC1|5min,"",0.000627001806415093,0.00292908467529372,62.2572890684848,0.214060662603487,-0.00522767373279037,0.00648167734562056,,KR t,g_RS=1,,,85,,,stage29_lag_block|Proximity_rmssd|RS_sexavg_CC1|5min|,85,22,,
stage29_lag_block,LAG|Proximity_rmssd|5min|Female,Proximity_rmssd,RS_by_sex_CC1|5min,Female,0.00484938568302992,0.00359058340713864,33.3819649937096,1.35058432938463,-0.00245253711783762,0.0121513084838975,,KR t,g_RS=1,,,46,,,stage29_lag_block|Proximity_rmssd|RS_by_sex_CC1|5min|Female,46,12,,
stage29_lag_block,LAG|Proximity_rmssd|5min|Male,Proximity_rmssd,RS_by_sex_CC1|5min,Male,-0.00357516412059568,0.00473158891522051,28.7113440602994,-0.755594829697725,-0.0132565778311258,0.00610624958993442,,KR t,g_RS=1,,,39,,,stage29_lag_block|Proximity_rmssd|RS_by_sex_CC1|5min|Male,39,10,,
stage29_lag_block,LAG|Proximity_acf1|5min,Proximity_acf1,Q1|5min,"",-0.0301875806888919,0.0333804432188942,66.8595675410275,-0.904349306896109,-0.0968177967678223,0.0364426353900384,,KR t,g_RS:sex_c=1,,,85,,,stage29_lag_block|Proximity_acf1|Q1|5min|,85,22,,
stage29_lag_block,LAG|Proximity_acf1|5min,Proximity_acf1,RS_sexavg_CC1|5min,"",0.0160639816548267,0.0166902216094471,66.8595675410275,0.962478631543997,-0.0172511263846385,0.0493790896942919,,KR t,g_RS=1,,,85,,,stage29_lag_block|Proximity_acf1|RS_sexavg_CC1|5min|,85,22,,
stage29_lag_block,LAG|Proximity_acf1|5min|Female,Proximity_acf1,RS_by_sex_CC1|5min,Female,0.00186658814221766,0.0196209352811537,36.9762704522121,0.0951324753621993,-0.0378900642563428,0.0416232405407781,,KR t,g_RS=1,,,46,,,stage29_lag_block|Proximity_acf1|RS_by_sex_CC1|5min|Female,46,12,,
stage29_lag_block,LAG|Proximity_acf1|5min|Male,Proximity_acf1,RS_by_sex_CC1|5min,Male,0.0254555595138957,0.0274064675291706,30.0819211715961,0.928815779954185,-0.0305095231915297,0.081420642219321,,KR t,g_RS=1,,,39,,,stage29_lag_block|Proximity_acf1|RS_by_sex_CC1|5min|Male,39,10,,
stage29_cumulative,CUM1h|crossing_rate,crossing_rate,Q1|1h,"",-9.32799313630998,6.52039144177932,68.9027356558383,-1.43058790558815,-22.3361457372897,3.68015946466971,,KR t,g_RS:sex_c=1,,,87,,,stage29_cumulative|crossing_rate|Q1|1h|,87,24,position changes/hour,
stage29_cumulative,CUM1h|crossing_rate,crossing_rate,RS_sexavg_CC1|1h,"",-0.924103182051199,3.26019572088966,68.9027356558383,-0.283450216233958,-7.42817948254104,5.57997311843864,,KR t,g_RS=1,,,87,,,stage29_cumulative|crossing_rate|RS_sexavg_CC1|1h|,87,24,position changes/hour,
stage29_cumulative,CUM1h|crossing_rate|Female,crossing_rate,RS_by_sex_CC1|1h,Female,-5.43879276474361,5.06503164386598,35.1609090657243,-1.07379245524167,-15.7196717840705,4.84208625458332,,KR t,g_RS=1,,,46,,,stage29_cumulative|crossing_rate|RS_by_sex_CC1|1h|Female,46,12,position changes/hour,
stage29_cumulative,CUM1h|crossing_rate|Male,crossing_rate,RS_by_sex_CC1|1h,Male,2.64145694562057,3.53332829229606,31.040652053306,0.747583221004374,-4.56443112127409,9.84734501251523,,KR t,g_RS=1,,,41,,,stage29_cumulative|crossing_rate|RS_by_sex_CC1|1h|Male,41,12,position changes/hour,
stage29_cumulative,CUM3h|crossing_rate,crossing_rate,Q1|3h,"",-6.58686482757811,4.58287612879878,71.276088545835,-1.43727751797311,-15.7242469384023,2.55051728324604,,KR t,g_RS:sex_c=1,,,87,,,stage29_cumulative|crossing_rate|Q1|3h|,87,24,position changes/hour,
stage29_cumulative,CUM3h|crossing_rate,crossing_rate,RS_sexavg_CC1|3h,"",-0.138673595030573,2.29143806439939,71.276088545835,-0.0605181511056554,-4.70736465044265,4.4300174603815,,KR t,g_RS=1,,,87,,,stage29_cumulative|crossing_rate|RS_sexavg_CC1|3h|,87,24,position changes/hour,
stage29_cumulative,CUM3h|crossing_rate|Female,crossing_rate,RS_by_sex_CC1|3h,Female,-3.59113832547806,3.07501866990752,35.0384657043574,-1.1678427713696,-9.83351313275843,2.65123648180231,,KR t,g_RS=1,,,46,,,stage29_cumulative|crossing_rate|RS_by_sex_CC1|3h|Female,46,12,position changes/hour,
stage29_cumulative,CUM3h|crossing_rate|Male,crossing_rate,RS_by_sex_CC1|3h,Male,3.5971225848054,3.3933141112113,36.4612283024417,1.06006177645645,-3.2818159008991,10.4760610705099,,KR t,g_RS=1,,,41,,,stage29_cumulative|crossing_rate|RS_by_sex_CC1|3h|Male,41,12,position changes/hour,
stage29_cumulative,CUM3h|fragmentation,fragmentation,Q1|3h,"",0.0258316593564243,0.0468942084256126,68.8261257654671,0.550849672564589,-0.0677239432033805,0.119387261916229,,KR t,g_RS:sex_c=1,,,87,,,stage29_cumulative|fragmentation|Q1|3h|,87,24,proportion of bouts,
stage29_cumulative,CUM3h|fragmentation,fragmentation,RS_sexavg_CC1|3h,"",0.0211691370086222,0.0234471042128063,68.8261257654671,0.902846544139982,-0.0256086642712802,0.0679469382885246,,KR t,g_RS=1,,,87,,,stage29_cumulative|fragmentation|RS_sexavg_CC1|3h|,87,24,proportion of bouts,
stage29_cumulative,CUM3h|fragmentation|Female,fragmentation,RS_by_sex_CC1|3h,Female,0.0284578984442173,0.0273922883846631,35.8590473847919,1.03890182684229,-0.0271038205911615,0.0840196174795961,,KR t,g_RS=1,,,46,,,stage29_cumulative|fragmentation|RS_by_sex_CC1|3h|Female,46,12,proportion of bouts,
stage29_cumulative,CUM3h|fragmentation|Male,fragmentation,RS_by_sex_CC1|3h,Male,0.00970076495275828,0.0400785723995567,32.4026970154981,0.242043675010379,-0.071896843348073,0.0912983732535896,,KR t,g_RS=1,,,41,,,stage29_cumulative|fragmentation|RS_by_sex_CC1|3h|Male,41,12,proportion of bouts,
stage29_cumulative,CUM6h|crossing_rate,crossing_rate,Q1|6h,"",-4.81295575064793,3.72704554010331,71.3067430623145,-1.2913595229412,-12.2439195342124,2.61800803291653,,KR t,g_RS:sex_c=1,,,87,,,stage29_cumulative|crossing_rate|Q1|6h|,87,24,position changes/hour,
stage29_cumulative,CUM6h|crossing_rate,crossing_rate,RS_sexavg_CC1|6h,"",0.163252966712014,1.86352277005165,71.3067430623145,0.087604492596293,-3.55222892507022,3.87873485849424,,KR t,g_RS=1,,,87,,,stage29_cumulative|crossing_rate|RS_sexavg_CC1|6h|,87,24,position changes/hour,
stage29_cumulative,CUM6h|crossing_rate|Female,crossing_rate,RS_by_sex_CC1|6h,Female,-2.23023240052678,2.9495163914552,35.5907749821058,-0.756134940286416,-8.21451803135467,3.7540532303011,,KR t,g_RS=1,,,46,,,stage29_cumulative|crossing_rate|RS_by_sex_CC1|6h|Female,46,12,position changes/hour,
stage29_cumulative,CUM6h|crossing_rate|Male,crossing_rate,RS_by_sex_CC1|6h,Male,2.56915287575768,2.01114433353874,34.4947066839389,1.27745822759379,-1.51582618958432,6.65413194109969,,KR t,g_RS=1,,,41,,,stage29_cumulative|crossing_rate|RS_by_sex_CC1|6h|Male,41,12,position changes/hour,
stage29_cumulative,CUM6h|shared_zone_use,shared_zone_use,Q1|6h,"",-0.00181249311674193,0.0237826022563965,65.4529501165482,-0.0762108829471949,-0.0493033992473558,0.0456784130138719,,KR t,g_RS:sex_c=1,,,85,,,stage29_cumulative|shared_zone_use|Q1|6h|,85,22,fraction of co-assigned dyadic time,
stage29_cumulative,CUM6h|shared_zone_use,shared_zone_use,RS_sexavg_CC1|6h,"",0.00599047171248439,0.0118913011281982,65.4529501165482,0.503769238361897,-0.0177549813528225,0.0297359247777913,,KR t,g_RS=1,,,85,,,stage29_cumulative|shared_zone_use|RS_sexavg_CC1|6h|,85,22,fraction of co-assigned dyadic time,
stage29_cumulative,CUM6h|shared_zone_use|Female,shared_zone_use,RS_by_sex_CC1|6h,Female,0.00410942982248457,0.0140894099904599,33.9194053798344,0.291667985051689,-0.0245262024525095,0.0327450620974787,,KR t,g_RS=1,,,46,,,stage29_cumulative|shared_zone_use|RS_by_sex_CC1|6h|Female,46,12,fraction of co-assigned dyadic time,
stage29_cumulative,CUM6h|shared_zone_use|Male,shared_zone_use,RS_by_sex_CC1|6h,Male,0.00831001507181401,0.0198583551362125,31.9524917855473,0.418464420381946,-0.0321424895214803,0.0487625196651083,,KR t,g_RS=1,,,39,,,stage29_cumulative|shared_zone_use|RS_by_sex_CC1|6h|Male,39,10,fraction of co-assigned dyadic time,
stage29_cumulative,CUM6h|occupancy_dispersion,occupancy_dispersion,Q1|6h,"",-0.28373889876443,0.12189346376372,74.8979471013565,-2.32776139099988,-0.526568553715797,-0.0409092438130635,,KR t,g_RS:sex_c=1,,,87,,,stage29_cumulative|occupancy_dispersion|Q1|6h|,87,24,bits,
stage29_cumulative,CUM6h|occupancy_dispersion,occupancy_dispersion,RS_sexavg_CC1|6h,"",0.0275410006750373,0.06094673188186,74.8979471013565,0.451886423187107,-0.0938738268006462,0.148955828150721,,KR t,g_RS=1,,,87,,,stage29_cumulative|occupancy_dispersion|RS_sexavg_CC1|6h|,87,24,bits,
stage29_cumulative,CUM6h|occupancy_dispersion|Female,occupancy_dispersion,RS_by_sex_CC1|6h,Female,-0.114328448707178,0.0943653415598019,36.9762704522121,-1.21155126254405,-0.305534934489129,0.0768780370747723,,KR t,g_RS=1,,,46,,,stage29_cumulative|occupancy_dispersion|RS_by_sex_CC1|6h|Female,46,12,bits,
stage29_cumulative,CUM6h|occupancy_dispersion|Male,occupancy_dispersion,RS_by_sex_CC1|6h,Male,0.181261535355974,0.0680197597024738,33.8900424983108,2.66483645559514,0.0430122301531643,0.319510840558783,,KR t,g_RS=1,,,41,,,stage29_cumulative|occupancy_dispersion|RS_by_sex_CC1|6h|Male,41,12,bits,
stage29_cumulative,CUM6h|fragmentation,fragmentation,Q1|6h,"",-0.0265875390501207,0.040885616557816,68.1252607200455,-0.650290769432902,-0.108170800486992,0.0549957223867508,,KR t,g_RS:sex_c=1,,,87,,,stage29_cumulative|fragmentation|Q1|6h|,87,24,proportion of bouts,
stage29_cumulative,CUM6h|fragmentation,fragmentation,RS_sexavg_CC1|6h,"",0.0217323017102446,0.020442808278908,68.1252607200455,1.06307809640161,-0.0190593290081911,0.0625239324286804,,KR t,g_RS=1,,,87,,,stage29_cumulative|fragmentation|RS_sexavg_CC1|6h|,87,24,proportion of bouts,
stage29_cumulative,CUM6h|fragmentation|Female,fragmentation,RS_by_sex_CC1|6h,Female,0.00320915110082357,0.0225116193120099,36.2491128901976,0.142555320270163,-0.0424356370682041,0.0488539392698513,,KR t,g_RS=1,,,46,,,stage29_cumulative|fragmentation|RS_by_sex_CC1|6h|Female,46,12,proportion of bouts,
stage29_cumulative,CUM6h|fragmentation|Male,fragmentation,RS_by_sex_CC1|6h,Male,0.0369651276494599,0.0363671973179972,31.9667922460838,1.01644147406341,-0.0371154473182614,0.111045702617181,,KR t,g_RS=1,,,41,,,stage29_cumulative|fragmentation|RS_by_sex_CC1|6h|Male,41,12,proportion of bouts,
stage09,stage09_association,Movement_mean,spearman_rho_vs_CombZ,,-0.408164162616001,,,,-0.56060323819898,-0.22601554433677,8.7135675970413e-06,Spearman; 5000-sample percentile bootstrap CI,,,,111,,,stage09|Movement_mean|spearman_rho_vs_CombZ|pooled,,,,
stage09,stage09_association,Movement_rmssd,spearman_rho_vs_CombZ,,-0.237382578900929,,,,-0.41703444738882,-0.0370064267627892,0.0121198129145568,Spearman; 5000-sample percentile bootstrap CI,,,,111,,,stage09|Movement_rmssd|spearman_rho_vs_CombZ|pooled,,,,
stage09,stage09_association,Entropy_acf1,spearman_rho_vs_CombZ,,-0.188329238329238,,,,-0.364542875597052,-0.000103916325971702,0.0477641182269714,Spearman; 5000-sample percentile bootstrap CI,,,,111,,,stage09|Entropy_acf1|spearman_rho_vs_CombZ|pooled,,,,
stage09,stage09_mean_only,mean_only,LOAO_R2,,-0.0182644628099176,,,,-0.0550416581692325,-0.00131846799796821,,LOAO R2 vs full-sample mean; interval = 2.5-97.5% of repeated grouped 5-fold CV (not a CI),,,,111,,,stage09|mean_only|LOAO_R2|pooled,,,,
stage09,stage09_movement_mean,movement_mean,LOAO_R2,,0.172701014089574,,,,0.124921115306606,0.193117271957878,0.000999000999000999,LOAO R2 vs full-sample mean; interval = 2.5-97.5% of repeated grouped 5-fold CV (not a CI),,,,111,,,stage09|movement_mean|LOAO_R2|pooled,,,,
stage09,stage09_primary_behavior_family,primary_behavior_family,LOAO_R2,,0.160577790160953,,,,0.107135181787604,0.193952340345338,0.000999000999000999,LOAO R2 vs full-sample mean; interval = 2.5-97.5% of repeated grouped 5-fold CV (not a CI),,,,111,,,stage09|primary_behavior_family|LOAO_R2|pooled,,,,
stage09,stage09_movement_mean_sex,movement_mean_sex,LOAO_R2,,0.166389759648081,,,,0.109793310542679,0.197305913597302,,LOAO R2 vs full-sample mean; interval = 2.5-97.5% of repeated grouped 5-fold CV (not a CI),,,,111,,,stage09|movement_mean_sex|LOAO_R2|pooled,,,,
stage09,stage09_primary_behavior_family_sex,primary_behavior_family_sex,LOAO_R2,,0.151625051984598,,,,0.0815062850438031,0.19482225918421,,LOAO R2 vs full-sample mean; interval = 2.5-97.5% of repeated grouped 5-fold CV (not a CI),,,,111,,,stage09|primary_behavior_family_sex|LOAO_R2|pooled,,,,
stage09,stage09_mean_only,mean_only,repeated_CV_mean_R2,,-0.0212908554763508,,,,-0.0550416581692325,-0.00131846799796821,,100 x repeated grouped 5-fold CV; interval = quantiles across repeats,,,,111,,,stage09|mean_only|repeated_CV_mean_R2|pooled,,,,
stage09,stage09_movement_mean,movement_mean,repeated_CV_mean_R2,,0.168409628557899,,,,0.124921115306606,0.193117271957878,,100 x repeated grouped 5-fold CV; interval = quantiles across repeats,,,,111,,,stage09|movement_mean|repeated_CV_mean_R2|pooled,,,,
stage09,stage09_primary_behavior_family,primary_behavior_family,repeated_CV_mean_R2,,0.155284207738646,,,,0.107135181787604,0.193952340345338,,100 x repeated grouped 5-fold CV; interval = quantiles across repeats,,,,111,,,stage09|primary_behavior_family|repeated_CV_mean_R2|pooled,,,,
stage09,stage09_movement_mean_sex,movement_mean_sex,repeated_CV_mean_R2,,0.160881173185741,,,,0.109793310542679,0.197305913597302,,100 x repeated grouped 5-fold CV; interval = quantiles across repeats,,,,111,,,stage09|movement_mean_sex|repeated_CV_mean_R2|pooled,,,,
stage09,stage09_primary_behavior_family_sex,primary_behavior_family_sex,repeated_CV_mean_R2,,0.144375430708729,,,,0.0815062850438031,0.19482225918421,,100 x repeated grouped 5-fold CV; interval = quantiles across repeats,,,,111,,,stage09|primary_behavior_family_sex|repeated_CV_mean_R2|pooled,,,,
stage09,stage09_feature_x_sex,Movement_mean,feature_x_Sex_interaction,,-0.00681735021918911,0.110543918063135,,,-0.225957775061612,0.212323074623234,0.950939911223811,"lm(CombZ ~ feature * Sex), as registered",,,,111,,,stage09|Movement_mean|feature_x_Sex_interaction|pooled,,,,
stage09,stage09_feature_x_sex,Movement_rmssd,feature_x_Sex_interaction,,0.0741181839337346,0.109346971001915,,,-0.142649432959545,0.290885800827014,0.499345350204944,"lm(CombZ ~ feature * Sex), as registered",,,,111,,,stage09|Movement_rmssd|feature_x_Sex_interaction|pooled,,,,
stage09,stage09_feature_x_sex,Entropy_acf1,feature_x_Sex_interaction,,1.00178377156689,1.12168065534524,,,-1.22181730623729,3.22538484937107,0.373802774488835,"lm(CombZ ~ feature * Sex), as registered",,,,111,,,stage09|Entropy_acf1|feature_x_Sex_interaction|pooled,,,,
